<?xml version="1.0" encoding="UTF-8"?>
<osm generator="VMB">
  <MetaInfo format_version="1" map_version="63" validation_version=""/>
  <node id="5" lat="-3.61770179016" lon="62.09519129047">
    <tag k="local_x" v="-487.4342"/>
    <tag k="local_y" v="79.8539"/>
    <tag k="ele" v="1.5005"/>
  </node>
  <node id="8" lat="-3.61768272248" lon="62.09543527227">
    <tag k="local_x" v="-460.3376"/>
    <tag k="local_y" v="81.9888"/>
    <tag k="ele" v="1.5454"/>
  </node>
  <node id="14" lat="-3.61770796005" lon="62.09543679584">
    <tag k="local_x" v="-460.1656"/>
    <tag k="local_y" v="79.199"/>
    <tag k="ele" v="1.5356"/>
  </node>
  <node id="20" lat="-3.6177017913" lon="62.09551321154">
    <tag k="local_x" v="-451.6789"/>
    <tag k="local_y" v="79.8894"/>
    <tag k="ele" v="1.5531"/>
  </node>
  <node id="77" lat="-3.61767642174" lon="62.09551177633">
    <tag k="local_x" v="-451.8411"/>
    <tag k="local_y" v="82.6938"/>
    <tag k="ele" v="1.5629"/>
  </node>
  <node id="79" lat="-3.61767058192" lon="62.09558063421">
    <tag k="local_x" v="-444.1938"/>
    <tag k="local_y" v="83.347"/>
    <tag k="ele" v="1.5472"/>
  </node>
  <node id="80" lat="-3.61766419291" lon="62.09566384774">
    <tag k="local_x" v="-434.9521"/>
    <tag k="local_y" v="84.0625"/>
    <tag k="ele" v="1.5787"/>
  </node>
  <node id="83" lat="-3.61769603769" lon="62.0955814463">
    <tag k="local_x" v="-444.1008"/>
    <tag k="local_y" v="80.533"/>
    <tag k="ele" v="1.5296"/>
  </node>
  <node id="104" lat="-3.6176895795" lon="62.09566603562">
    <tag k="local_x" v="-434.7063"/>
    <tag k="local_y" v="81.2563"/>
    <tag k="ele" v="1.5792"/>
  </node>
  <node id="164" lat="-3.61755616392" lon="62.0969700333">
    <tag k="local_x" v="-289.8879"/>
    <tag k="local_y" v="96.1493"/>
    <tag k="ele" v="1.7781"/>
  </node>
  <node id="170" lat="-3.61758148536" lon="62.09697219337">
    <tag k="local_x" v="-289.6452"/>
    <tag k="local_y" v="93.3503"/>
    <tag k="ele" v="1.7848"/>
  </node>
  <node id="172" lat="-3.61772711274" lon="62.09519278964">
    <tag k="local_x" v="-487.2649"/>
    <tag k="local_y" v="77.0547"/>
    <tag k="ele" v="1.4971"/>
  </node>
  <node id="182" lat="-3.61752520305" lon="62.09735606179">
    <tag k="local_x" v="-247.0157"/>
    <tag k="local_y" v="99.6146"/>
    <tag k="ele" v="1.8585"/>
  </node>
  <node id="188" lat="-3.61755042938" lon="62.09735810312">
    <tag k="local_x" v="-246.7862"/>
    <tag k="local_y" v="96.8261"/>
    <tag k="ele" v="1.874"/>
  </node>
  <node id="266" lat="-3.61781246269" lon="62.09787446671">
    <tag k="local_x" v="-189.4057"/>
    <tag k="local_y" v="67.9158"/>
    <tag k="ele" v="1.8596"/>
  </node>
  <node id="272" lat="-3.6178136036" lon="62.09784932253">
    <tag k="local_x" v="-192.1983"/>
    <tag k="local_y" v="67.7869"/>
    <tag k="ele" v="1.8984"/>
  </node>
  <node id="302" lat="-3.6187939504" lon="62.09787584494">
    <tag k="local_x" v="-189.1448"/>
    <tag k="local_y" v="-40.5857"/>
    <tag k="ele" v="1.8418"/>
  </node>
  <node id="312" lat="-3.61879535794" lon="62.09785048348">
    <tag k="local_x" v="-191.9615"/>
    <tag k="local_y" v="-40.7441"/>
    <tag k="ele" v="1.8089"/>
  </node>
  <node id="314" lat="-3.61880557767" lon="62.0978765114">
    <tag k="local_x" v="-189.0695"/>
    <tag k="local_y" v="-41.871"/>
    <tag k="ele" v="1.8336"/>
  </node>
  <node id="318" lat="-3.61890471909" lon="62.09788738405">
    <tag k="local_x" v="-187.851"/>
    <tag k="local_y" v="-52.8297"/>
    <tag k="ele" v="1.8326"/>
  </node>
  <node id="319" lat="-3.61880712296" lon="62.0978514091">
    <tag k="local_x" v="-191.8574"/>
    <tag k="local_y" v="-42.0446"/>
    <tag k="ele" v="1.8011"/>
  </node>
  <node id="322" lat="-3.61890711185" lon="62.09786216207">
    <tag k="local_x" v="-190.6521"/>
    <tag k="local_y" v="-53.097"/>
    <tag k="ele" v="1.7849"/>
  </node>
  <node id="382" lat="-3.6191368989" lon="62.09760072876">
    <tag k="local_x" v="-219.6638"/>
    <tag k="local_y" v="-78.5284"/>
    <tag k="ele" v="1.7937"/>
  </node>
  <node id="387" lat="-3.61916270748" lon="62.09760245979">
    <tag k="local_x" v="-219.4687"/>
    <tag k="local_y" v="-81.3813"/>
    <tag k="ele" v="1.7889"/>
  </node>
  <node id="396" lat="-3.6191806223" lon="62.0973765711">
    <tag k="local_x" v="-244.5558"/>
    <tag k="local_y" v="-83.3867"/>
    <tag k="ele" v="1.7823"/>
  </node>
  <node id="398" lat="-3.61919011343" lon="62.09726094455">
    <tag k="local_x" v="-257.3972"/>
    <tag k="local_y" v="-84.4487"/>
    <tag k="ele" v="1.7784"/>
  </node>
  <node id="402" lat="-3.61915537861" lon="62.09737526538">
    <tag k="local_x" v="-244.7036"/>
    <tag k="local_y" v="-80.5962"/>
    <tag k="ele" v="1.7908"/>
  </node>
  <node id="404" lat="-3.61916428459" lon="62.09725975285">
    <tag k="local_x" v="-257.5324"/>
    <tag k="local_y" v="-81.5935"/>
    <tag k="ele" v="1.7841"/>
  </node>
  <node id="461" lat="-3.61895381495" lon="62.0965545468">
    <tag k="local_x" v="-335.8816"/>
    <tag k="local_y" v="-58.4044"/>
    <tag k="ele" v="1.7458"/>
  </node>
  <node id="467" lat="-3.61895516396" lon="62.09652949872">
    <tag k="local_x" v="-338.6635"/>
    <tag k="local_y" v="-58.5563"/>
    <tag k="ele" v="1.7432"/>
  </node>
  <node id="474" lat="-3.61886190331" lon="62.09652229561">
    <tag k="local_x" v="-339.4738"/>
    <tag k="local_y" v="-48.2473"/>
    <tag k="ele" v="1.7541"/>
  </node>
  <node id="476" lat="-3.61878445425" lon="62.09651638324">
    <tag k="local_x" v="-340.139"/>
    <tag k="local_y" v="-39.6861"/>
    <tag k="ele" v="1.753"/>
  </node>
  <node id="479" lat="-3.61886032827" lon="62.09654745826">
    <tag k="local_x" v="-336.6792"/>
    <tag k="local_y" v="-48.0704"/>
    <tag k="ele" v="1.7598"/>
  </node>
  <node id="481" lat="-3.6187832464" lon="62.09654146899">
    <tag k="local_x" v="-337.3529"/>
    <tag k="local_y" v="-39.5498"/>
    <tag k="ele" v="1.7592"/>
  </node>
  <node id="502" lat="-3.61821668694" lon="62.09648064194">
    <tag k="local_x" v="-344.1712"/>
    <tag k="local_y" v="23.0756"/>
    <tag k="ele" v="1.7616"/>
  </node>
  <node id="507" lat="-3.61821511561" lon="62.0965059009">
    <tag k="local_x" v="-341.3659"/>
    <tag k="local_y" v="23.2521"/>
    <tag k="ele" v="1.7688"/>
  </node>
  <node id="511" lat="-3.61809538236" lon="62.09647066833">
    <tag k="local_x" v="-345.2923"/>
    <tag k="local_y" v="36.4845"/>
    <tag k="ele" v="1.7513"/>
  </node>
  <node id="513" lat="-3.61794949657" lon="62.09645881393">
    <tag k="local_x" v="-346.625"/>
    <tag k="local_y" v="52.6106"/>
    <tag k="ele" v="1.7388"/>
  </node>
  <node id="514" lat="-3.61787670706" lon="62.09645293835">
    <tag k="local_x" v="-347.2856"/>
    <tag k="local_y" v="60.6567"/>
    <tag k="ele" v="1.7454"/>
  </node>
  <node id="517" lat="-3.61809340752" lon="62.09649586106">
    <tag k="local_x" v="-342.4944"/>
    <tag k="local_y" v="36.7056"/>
    <tag k="ele" v="1.7689"/>
  </node>
  <node id="519" lat="-3.61794849508" lon="62.0964840237">
    <tag k="local_x" v="-343.8251"/>
    <tag k="local_y" v="52.7241"/>
    <tag k="ele" v="1.7615"/>
  </node>
  <node id="520" lat="-3.6178754161" lon="62.0964781529">
    <tag k="local_x" v="-344.4852"/>
    <tag k="local_y" v="60.8022"/>
    <tag k="ele" v="1.7611"/>
  </node>
  <node id="522" lat="-3.61778384253" lon="62.09644022562">
    <tag k="local_x" v="-348.7078"/>
    <tag k="local_y" v="70.9213"/>
    <tag k="ele" v="1.7293"/>
  </node>
  <node id="524" lat="-3.61773093872" lon="62.09642736707">
    <tag k="local_x" v="-350.1418"/>
    <tag k="local_y" v="76.7683"/>
    <tag k="ele" v="1.7511"/>
  </node>
  <node id="525" lat="-3.61777907576" lon="62.09646503396">
    <tag k="local_x" v="-345.9529"/>
    <tag k="local_y" v="71.451"/>
    <tag k="ele" v="1.7505"/>
  </node>
  <node id="527" lat="-3.61774279766" lon="62.09645617628">
    <tag k="local_x" v="-346.9407"/>
    <tag k="local_y" v="75.4605"/>
    <tag k="ele" v="1.754"/>
  </node>
  <node id="529" lat="-3.61769848591" lon="62.09641289735">
    <tag k="local_x" v="-351.7525"/>
    <tag k="local_y" v="80.3543"/>
    <tag k="ele" v="1.7633"/>
  </node>
  <node id="531" lat="-3.61768723254" lon="62.09640348729">
    <tag k="local_x" v="-352.7989"/>
    <tag k="local_y" v="81.5973"/>
    <tag k="ele" v="1.7664"/>
  </node>
  <node id="533" lat="-3.61768024681" lon="62.09639390643">
    <tag k="local_x" v="-353.8638"/>
    <tag k="local_y" v="82.3685"/>
    <tag k="ele" v="1.7599"/>
  </node>
  <node id="535" lat="-3.6176753791" lon="62.09638379857">
    <tag k="local_x" v="-354.987"/>
    <tag k="local_y" v="82.9055"/>
    <tag k="ele" v="1.7516"/>
  </node>
  <node id="536" lat="-3.61767348321" lon="62.09637124784">
    <tag k="local_x" v="-356.3812"/>
    <tag k="local_y" v="83.1137"/>
    <tag k="ele" v="1.7497"/>
  </node>
  <node id="538" lat="-3.61767622104" lon="62.09634105925">
    <tag k="local_x" v="-359.7339"/>
    <tag k="local_y" v="82.8077"/>
    <tag k="ele" v="1.7501"/>
  </node>
  <node id="539" lat="-3.61767944428" lon="62.09632407825">
    <tag k="local_x" v="-361.6196"/>
    <tag k="local_y" v="82.4495"/>
    <tag k="ele" v="1.749"/>
  </node>
  <node id="546" lat="-3.61768306293" lon="62.09643567246">
    <tag k="local_x" v="-349.2246"/>
    <tag k="local_y" v="82.0618"/>
    <tag k="ele" v="1.7632"/>
  </node>
  <node id="548" lat="-3.61766807344" lon="62.09642336248">
    <tag k="local_x" v="-350.5935"/>
    <tag k="local_y" v="83.7175"/>
    <tag k="ele" v="1.7497"/>
  </node>
  <node id="552" lat="-3.61765665457" lon="62.096410371">
    <tag k="local_x" v="-352.0377"/>
    <tag k="local_y" v="84.9784"/>
    <tag k="ele" v="1.74"/>
  </node>
  <node id="553" lat="-3.61764966101" lon="62.09639566809">
    <tag k="local_x" v="-353.6715"/>
    <tag k="local_y" v="85.7499"/>
    <tag k="ele" v="1.7357"/>
  </node>
  <node id="554" lat="-3.61764602982" lon="62.09638009391">
    <tag k="local_x" v="-355.4017"/>
    <tag k="local_y" v="86.1496"/>
    <tag k="ele" v="1.7348"/>
  </node>
  <node id="557" lat="-3.61764814179" lon="62.09632738831">
    <tag k="local_x" v="-361.2554"/>
    <tag k="local_y" v="85.9103"/>
    <tag k="ele" v="1.731"/>
  </node>
  <node id="607" lat="-3.61777764156" lon="62.09514194205">
    <tag k="local_x" v="-492.9069"/>
    <tag k="local_y" v="71.4632"/>
    <tag k="ele" v="1.4701"/>
  </node>
  <node id="609" lat="-3.61779288469" lon="62.0949495511">
    <tag k="local_x" v="-514.2738"/>
    <tag k="local_y" v="69.7568"/>
    <tag k="ele" v="1.4336"/>
  </node>
  <node id="612" lat="-3.61775195441" lon="62.09514041984">
    <tag k="local_x" v="-493.0788"/>
    <tag k="local_y" v="74.3027"/>
    <tag k="ele" v="1.4761"/>
  </node>
  <node id="614" lat="-3.61776738639" lon="62.09494780902">
    <tag k="local_x" v="-514.4701"/>
    <tag k="local_y" v="72.5754"/>
    <tag k="ele" v="1.4413"/>
  </node>
  <node id="705" lat="-3.61696169915" lon="62.09788774625">
    <tag k="local_x" v="-188.0242"/>
    <tag k="local_y" v="161.9676"/>
    <tag k="ele" v="1.8925"/>
  </node>
  <node id="706" lat="-3.61696196078" lon="62.09795774421">
    <tag k="local_x" v="-180.2496"/>
    <tag k="local_y" v="161.9464"/>
    <tag k="ele" v="1.8956"/>
  </node>
  <node id="722" lat="-3.61693383396" lon="62.0978982106">
    <tag k="local_x" v="-186.865"/>
    <tag k="local_y" v="165.0492"/>
    <tag k="ele" v="1.9064"/>
  </node>
  <node id="723" lat="-3.61693579454" lon="62.09795656812">
    <tag k="local_x" v="-180.3831"/>
    <tag k="local_y" v="164.8389"/>
    <tag k="ele" v="1.9143"/>
  </node>
  <node id="728" lat="-3.61694201502" lon="62.09820916005">
    <tag k="local_x" v="-152.3274"/>
    <tag k="local_y" v="164.1791"/>
    <tag k="ele" v="1.9469"/>
  </node>
  <node id="730" lat="-3.61692439057" lon="62.09842452829">
    <tag k="local_x" v="-128.4087"/>
    <tag k="local_y" v="166.1512"/>
    <tag k="ele" v="1.9517"/>
  </node>
  <node id="741" lat="-3.61691644954" lon="62.09820719645">
    <tag k="local_x" v="-152.5483"/>
    <tag k="local_y" v="167.0051"/>
    <tag k="ele" v="1.985"/>
  </node>
  <node id="743" lat="-3.61689870674" lon="62.09842271426">
    <tag k="local_x" v="-128.613"/>
    <tag k="local_y" v="168.9903"/>
    <tag k="ele" v="1.978"/>
  </node>
  <node id="748" lat="-3.61690801655" lon="62.09847787911">
    <tag k="local_x" v="-122.4849"/>
    <tag k="local_y" v="167.9672"/>
    <tag k="ele" v="1.9974"/>
  </node>
  <node id="749" lat="-3.61690056957" lon="62.0985844531">
    <tag k="local_x" v="-110.6487"/>
    <tag k="local_y" v="168.8022"/>
    <tag k="ele" v="1.9972"/>
  </node>
  <node id="750" lat="-3.61690487644" lon="62.09865626577">
    <tag k="local_x" v="-102.6721"/>
    <tag k="local_y" v="168.334"/>
    <tag k="ele" v="1.9689"/>
  </node>
  <node id="751" lat="-3.61689989976" lon="62.09873553077">
    <tag k="local_x" v="-93.8688"/>
    <tag k="local_y" v="168.8929"/>
    <tag k="ele" v="1.9652"/>
  </node>
  <node id="757" lat="-3.61688251403" lon="62.09847555981">
    <tag k="local_x" v="-122.7453"/>
    <tag k="local_y" v="170.7862"/>
    <tag k="ele" v="2.0325"/>
  </node>
  <node id="758" lat="-3.61687527756" lon="62.09858278364">
    <tag k="local_x" v="-110.8369"/>
    <tag k="local_y" v="171.598"/>
    <tag k="ele" v="2.048"/>
  </node>
  <node id="759" lat="-3.61687926931" lon="62.09865426889">
    <tag k="local_x" v="-102.8967"/>
    <tag k="local_y" v="171.1646"/>
    <tag k="ele" v="1.9926"/>
  </node>
  <node id="760" lat="-3.61687441016" lon="62.09873437109">
    <tag k="local_x" v="-94.0004"/>
    <tag k="local_y" v="171.7106"/>
    <tag k="ele" v="1.9772"/>
  </node>
  <node id="762" lat="-3.61688473124" lon="62.09891289393">
    <tag k="local_x" v="-74.171"/>
    <tag k="local_y" v="170.5893"/>
    <tag k="ele" v="1.9739"/>
  </node>
  <node id="764" lat="-3.61686899747" lon="62.09910857157">
    <tag k="local_x" v="-52.4391"/>
    <tag k="local_y" v="172.3502"/>
    <tag k="ele" v="2.0141"/>
  </node>
  <node id="767" lat="-3.61685975609" lon="62.09891148524">
    <tag k="local_x" v="-74.3302"/>
    <tag k="local_y" v="173.3501"/>
    <tag k="ele" v="1.995"/>
  </node>
  <node id="769" lat="-3.61684364687" lon="62.09910711373">
    <tag k="local_x" v="-52.6038"/>
    <tag k="local_y" v="175.1525"/>
    <tag k="ele" v="2.0214"/>
  </node>
  <node id="1031" lat="-3.61771134301" lon="62.0964203962">
    <tag k="local_x" v="-350.9182"/>
    <tag k="local_y" v="78.9338"/>
    <tag k="ele" v="1.7572"/>
  </node>
  <node id="1032" lat="-3.61772261872" lon="62.09645124707">
    <tag k="local_x" v="-347.4904"/>
    <tag k="local_y" v="77.6907"/>
    <tag k="ele" v="1.7594"/>
  </node>
  <node id="1036" lat="-3.61770044465" lon="62.09644488288">
    <tag k="local_x" v="-348.1997"/>
    <tag k="local_y" v="80.1413"/>
    <tag k="ele" v="1.7653"/>
  </node>
  <node id="1047" lat="-3.61775361623" lon="62.0964333229">
    <tag k="local_x" v="-349.4778"/>
    <tag k="local_y" v="74.262"/>
    <tag k="ele" v="1.7402"/>
  </node>
  <node id="1093" lat="-3.6169623748" lon="62.09790035401">
    <tag k="local_x" v="-186.6238"/>
    <tag k="local_y" v="161.8943"/>
    <tag k="ele" v="1.8941"/>
  </node>
  <node id="1094" lat="-3.61696289241" lon="62.09791232629">
    <tag k="local_x" v="-185.294"/>
    <tag k="local_y" v="161.8384"/>
    <tag k="ele" v="1.8949"/>
  </node>
  <node id="1095" lat="-3.61696235297" lon="62.09794827759">
    <tag k="local_x" v="-181.301"/>
    <tag k="local_y" v="161.902"/>
    <tag k="ele" v="1.8953"/>
  </node>
  <node id="1099" lat="-3.61693561739" lon="62.09791774362">
    <tag k="local_x" v="-184.6953"/>
    <tag k="local_y" v="164.8542"/>
    <tag k="ele" v="1.9104"/>
  </node>
  <node id="1100" lat="-3.61693481359" lon="62.09790814313">
    <tag k="local_x" v="-185.7617"/>
    <tag k="local_y" v="164.942"/>
    <tag k="ele" v="1.9084"/>
  </node>
  <node id="1101" lat="-3.6169363755" lon="62.09793684368">
    <tag k="local_x" v="-182.5738"/>
    <tag k="local_y" v="164.7725"/>
    <tag k="ele" v="1.9124"/>
  </node>
  <node id="1146" lat="-3.61693600081" lon="62.09792758671">
    <tag k="local_x" v="-183.602"/>
    <tag k="local_y" v="164.8129"/>
    <tag k="ele" v="1.9114"/>
  </node>
  <node id="1147" lat="-3.61693631985" lon="62.09794725353">
    <tag k="local_x" v="-181.4176"/>
    <tag k="local_y" v="164.7798"/>
    <tag k="ele" v="1.9134"/>
  </node>
  <node id="1148" lat="-3.61696323548" lon="62.09792615524">
    <tag k="local_x" v="-183.758"/>
    <tag k="local_y" v="161.802"/>
    <tag k="ele" v="1.8951"/>
  </node>
  <node id="1149" lat="-3.61696304344" lon="62.0979367651">
    <tag k="local_x" v="-182.5796"/>
    <tag k="local_y" v="161.8244"/>
    <tag k="ele" v="1.8952"/>
  </node>
  <node id="1283" lat="-3.61764511395" lon="62.0963651851">
    <tag k="local_x" v="-357.0577"/>
    <tag k="local_y" v="86.2492"/>
    <tag k="ele" v="1.7327"/>
  </node>
  <node id="1284" lat="-3.61765152415" lon="62.09631123187">
    <tag k="local_x" v="-363.0495"/>
    <tag k="local_y" v="85.5346"/>
    <tag k="ele" v="1.7291"/>
  </node>
  <node id="1390" lat="-3.61781188374" lon="62.0943347749">
    <tag k="local_x" v="-582.554"/>
    <tag k="local_y" v="67.5884"/>
    <tag k="ele" v="1.3163"/>
  </node>
  <node id="1393" lat="-3.61784010998" lon="62.09432269306">
    <tag k="local_x" v="-583.8928"/>
    <tag k="local_y" v="64.4667"/>
    <tag k="ele" v="1.3163"/>
  </node>
  <node id="1472" lat="-3.6180865207" lon="62.09425028754">
    <tag k="local_x" v="-591.9076"/>
    <tag k="local_y" v="37.2184"/>
    <tag k="ele" v="1.3469"/>
  </node>
  <node id="1475" lat="-3.61808880747" lon="62.09422500088">
    <tag k="local_x" v="-594.7159"/>
    <tag k="local_y" v="36.9628"/>
    <tag k="ele" v="1.3469"/>
  </node>
  <node id="1486" lat="-3.61850672759" lon="62.0942515566">
    <tag k="local_x" v="-591.7203"/>
    <tag k="local_y" v="-9.2346"/>
    <tag k="ele" v="1.3469"/>
  </node>
  <node id="1488" lat="-3.61850444082" lon="62.09427684327">
    <tag k="local_x" v="-588.912"/>
    <tag k="local_y" v="-8.979"/>
    <tag k="ele" v="1.3469"/>
  </node>
  <node id="1697" lat="-3.61831465033" lon="62.09423435087">
    <tag k="local_x" v="-593.6525"/>
    <tag k="local_y" v="11.9973"/>
    <tag k="ele" v="1.3244"/>
  </node>
  <node id="1698" lat="-3.61831236447" lon="62.09425963844">
    <tag k="local_x" v="-590.8441"/>
    <tag k="local_y" v="12.2528"/>
    <tag k="ele" v="1.3244"/>
  </node>
  <node id="1733" lat="-3.61784088504" lon="62.09431079333">
    <tag k="local_x" v="-585.2144"/>
    <tag k="local_y" v="64.3797"/>
    <tag k="ele" v="1.3163"/>
  </node>
  <node id="1737" lat="-3.61784591719" lon="62.09429902083">
    <tag k="local_x" v="-586.5214"/>
    <tag k="local_y" v="63.8221"/>
    <tag k="ele" v="1.3163"/>
  </node>
  <node id="1741" lat="-3.61785489507" lon="62.09428989322">
    <tag k="local_x" v="-587.5342"/>
    <tag k="local_y" v="62.8286"/>
    <tag k="ele" v="1.3163"/>
  </node>
  <node id="1745" lat="-3.61786657702" lon="62.09428465332">
    <tag k="local_x" v="-588.1149"/>
    <tag k="local_y" v="61.5366"/>
    <tag k="ele" v="1.3163"/>
  </node>
  <node id="1749" lat="-3.61787935359" lon="62.09428400499">
    <tag k="local_x" v="-588.1855"/>
    <tag k="local_y" v="60.1241"/>
    <tag k="ele" v="1.3163"/>
  </node>
  <node id="1752" lat="-3.61781155609" lon="62.09431924338">
    <tag k="local_x" v="-584.2791"/>
    <tag k="local_y" v="67.6229"/>
    <tag k="ele" v="1.3163"/>
  </node>
  <node id="1754" lat="-3.61781230577" lon="62.09430638481">
    <tag k="local_x" v="-585.7072"/>
    <tag k="local_y" v="67.5386"/>
    <tag k="ele" v="1.3163"/>
  </node>
  <node id="1757" lat="-3.61782062018" lon="62.09428421367">
    <tag k="local_x" v="-588.1688"/>
    <tag k="local_y" v="66.617"/>
    <tag k="ele" v="1.3163"/>
  </node>
  <node id="1759" lat="-3.61782741967" lon="62.09427493606">
    <tag k="local_x" v="-589.1985"/>
    <tag k="local_y" v="65.8643"/>
    <tag k="ele" v="1.3163"/>
  </node>
  <node id="1761" lat="-3.61783659793" lon="62.09426718488">
    <tag k="local_x" v="-590.0584"/>
    <tag k="local_y" v="64.8488"/>
    <tag k="ele" v="1.3163"/>
  </node>
  <node id="1763" lat="-3.61784666583" lon="62.09426076173">
    <tag k="local_x" v="-590.7707"/>
    <tag k="local_y" v="63.7351"/>
    <tag k="ele" v="1.3163"/>
  </node>
  <node id="1765" lat="-3.6178560973" lon="62.09425654055">
    <tag k="local_x" v="-591.2385"/>
    <tag k="local_y" v="62.692"/>
    <tag k="ele" v="1.3163"/>
  </node>
  <node id="1767" lat="-3.61786763337" lon="62.09425466718">
    <tag k="local_x" v="-591.4453"/>
    <tag k="local_y" v="61.4165"/>
    <tag k="ele" v="1.3163"/>
  </node>
  <node id="1769" lat="-3.61788162683" lon="62.09425514308">
    <tag k="local_x" v="-591.3909"/>
    <tag k="local_y" v="59.8696"/>
    <tag k="ele" v="1.3163"/>
  </node>
  <node id="1775" lat="-3.61778168235" lon="62.09452333891">
    <tag k="local_x" v="-561.6138"/>
    <tag k="local_y" v="70.948"/>
    <tag k="ele" v="1.3619"/>
  </node>
  <node id="1778" lat="-3.61775625254" lon="62.09452134108">
    <tag k="local_x" v="-561.8385"/>
    <tag k="local_y" v="73.759"/>
    <tag k="ele" v="1.3619"/>
  </node>
  <node id="1817" lat="-3.61771148487" lon="62.09507413967">
    <tag k="local_x" v="-500.4449"/>
    <tag k="local_y" v="78.7692"/>
    <tag k="ele" v="1.4794"/>
  </node>
  <node id="1818" lat="-3.61773671931" lon="62.09507615212">
    <tag k="local_x" v="-500.2186"/>
    <tag k="local_y" v="75.9798"/>
    <tag k="ele" v="1.4759"/>
  </node>
  <node id="1966" lat="-3.61783926688" lon="62.09438675254">
    <tag k="local_x" v="-576.7779"/>
    <tag k="local_y" v="64.567"/>
    <tag k="ele" v="1.4467"/>
  </node>
  <node id="1967" lat="-3.61781384064" lon="62.09438470699">
    <tag k="local_x" v="-577.0079"/>
    <tag k="local_y" v="67.3776"/>
    <tag k="ele" v="1.4467"/>
  </node>
  <node id="1976" lat="-3.61784034843" lon="62.09436926947">
    <tag k="local_x" v="-578.7196"/>
    <tag k="local_y" v="64.4455"/>
    <tag k="ele" v="1.4467"/>
  </node>
  <node id="1980" lat="-3.61784068463" lon="62.09435182405">
    <tag k="local_x" v="-580.6572"/>
    <tag k="local_y" v="64.4064"/>
    <tag k="ele" v="1.4467"/>
  </node>
  <node id="1984" lat="-3.61781428726" lon="62.09436641694">
    <tag k="local_x" v="-579.0393"/>
    <tag k="local_y" v="67.3262"/>
    <tag k="ele" v="1.4467"/>
  </node>
  <node id="1988" lat="-3.61781339901" lon="62.09434840642">
    <tag k="local_x" v="-581.0398"/>
    <tag k="local_y" v="67.4224"/>
    <tag k="ele" v="1.4467"/>
  </node>
  <node id="2402" lat="-3.61783683105" lon="62.09441675445">
    <tag k="local_x" v="-573.4459"/>
    <tag k="local_y" v="64.8396"/>
    <tag k="ele" v="1.4685"/>
  </node>
  <node id="2403" lat="-3.61781140481" lon="62.0944147098">
    <tag k="local_x" v="-573.6758"/>
    <tag k="local_y" v="67.6502"/>
    <tag k="ele" v="1.4685"/>
  </node>
  <node id="2410" lat="-3.61781575658" lon="62.09429448243">
    <tag k="local_x" v="-587.0288"/>
    <tag k="local_y" v="67.1558"/>
    <tag k="ele" v="1.3163"/>
  </node>
  <node id="2423" lat="-3.61792075448" lon="62.09420906689">
    <tag k="local_x" v="-596.5042"/>
    <tag k="local_y" v="55.539"/>
    <tag k="ele" v="1.3244"/>
  </node>
  <node id="2424" lat="-3.61791846772" lon="62.09423435444">
    <tag k="local_x" v="-593.6958"/>
    <tag k="local_y" v="55.7946"/>
    <tag k="ele" v="1.3244"/>
  </node>
  <node id="4058" lat="-3.61796212245" lon="62.0942998319">
    <tag k="local_x" v="-586.4185"/>
    <tag k="local_y" v="50.9759"/>
    <tag k="ele" v="1.5265"/>
  </node>
  <node id="4059" lat="-3.61796422286" lon="62.09427452832">
    <tag k="local_x" v="-589.2287"/>
    <tag k="local_y" v="50.7409"/>
    <tag k="ele" v="1.5265"/>
  </node>
  <node id="4092" lat="-3.61759563882" lon="62.09697617419">
    <tag k="local_x" v="-289.2015"/>
    <tag k="local_y" v="91.7861"/>
    <tag k="ele" v="1.8205"/>
  </node>
  <node id="4093" lat="-3.61763914527" lon="62.09648346217">
    <tag k="local_x" v="-343.9215"/>
    <tag k="local_y" v="86.9221"/>
    <tag k="ele" v="1.7572"/>
  </node>
  <node id="4095" lat="-3.61762287408" lon="62.09697805777">
    <tag k="local_x" v="-288.9893"/>
    <tag k="local_y" v="88.7755"/>
    <tag k="ele" v="1.8205"/>
  </node>
  <node id="4096" lat="-3.61766457778" lon="62.09648543755">
    <tag k="local_x" v="-343.6993"/>
    <tag k="local_y" v="84.1108"/>
    <tag k="ele" v="1.7572"/>
  </node>
  <node id="4131" lat="-3.61919328156" lon="62.09721868363">
    <tag k="local_x" v="-262.0907"/>
    <tag k="local_y" v="-84.8036"/>
    <tag k="ele" v="1.769"/>
  </node>
  <node id="4132" lat="-3.61916772067" lon="62.09721678489">
    <tag k="local_x" v="-262.3044"/>
    <tag k="local_y" v="-81.9781"/>
    <tag k="ele" v="1.7726"/>
  </node>
  <node id="4343" lat="-3.61767423157" lon="62.0963561384">
    <tag k="local_x" v="-358.0593"/>
    <tag k="local_y" v="83.0293"/>
    <tag k="ele" v="1.7532"/>
  </node>
  <node id="4344" lat="-3.61764481008" lon="62.09635349892">
    <tag k="local_x" v="-358.3557"/>
    <tag k="local_y" v="86.2815"/>
    <tag k="ele" v="1.7319"/>
  </node>
  <node id="4827" lat="-3.61788813841" lon="62.09428622462">
    <tag k="local_x" v="-587.938"/>
    <tag k="local_y" v="59.1532"/>
    <tag k="ele" v="1.3818"/>
  </node>
  <node id="4828" lat="-3.61789567218" lon="62.09425866118">
    <tag k="local_x" v="-590.9986"/>
    <tag k="local_y" v="58.3173"/>
    <tag k="ele" v="1.3818"/>
  </node>
  <node id="4868" lat="-3.61790514673" lon="62.09429109931">
    <tag k="local_x" v="-587.3947"/>
    <tag k="local_y" v="57.2735"/>
    <tag k="ele" v="1.3818"/>
  </node>
  <node id="4872" lat="-3.61792265065" lon="62.09429496692">
    <tag k="local_x" v="-586.9632"/>
    <tag k="local_y" v="55.3389"/>
    <tag k="ele" v="1.3818"/>
  </node>
  <node id="4876" lat="-3.61794035703" lon="62.09429775481">
    <tag k="local_x" v="-586.6516"/>
    <tag k="local_y" v="53.3818"/>
    <tag k="ele" v="1.3818"/>
  </node>
  <node id="4882" lat="-3.61791152516" lon="62.09426424739">
    <tag k="local_x" v="-590.3764"/>
    <tag k="local_y" v="56.5654"/>
    <tag k="ele" v="1.3818"/>
  </node>
  <node id="4886" lat="-3.61792749331" lon="62.09426832">
    <tag k="local_x" v="-589.9223"/>
    <tag k="local_y" v="54.8006"/>
    <tag k="ele" v="1.3818"/>
  </node>
  <node id="4890" lat="-3.61794375072" lon="62.0942712795">
    <tag k="local_x" v="-589.5918"/>
    <tag k="local_y" v="53.0037"/>
    <tag k="ele" v="1.3818"/>
  </node>
  <node id="7015" lat="-3.61816225498" lon="62.09790337572">
    <tag k="local_x" v="-186.1564"/>
    <tag k="local_y" v="29.2501"/>
    <tag k="ele" v="1.858"/>
  </node>
  <node id="7016" lat="-3.61816423822" lon="62.09787840175">
    <tag k="local_x" v="-188.93"/>
    <tag k="local_y" v="29.0281"/>
    <tag k="ele" v="1.891"/>
  </node>
  <node id="8036" lat="-3.6180284461" lon="62.09789137949">
    <tag k="local_x" v="-187.5035"/>
    <tag k="local_y" v="44.0411"/>
    <tag k="ele" v="1.8594"/>
  </node>
  <node id="8037" lat="-3.61803051609" lon="62.09786631361">
    <tag k="local_x" v="-190.2873"/>
    <tag k="local_y" v="43.8095"/>
    <tag k="ele" v="1.895"/>
  </node>
  <node id="9780" lat="-3.61754788732" lon="62.09707086396">
    <tag k="local_x" v="-278.6897"/>
    <tag k="local_y" v="97.0754"/>
    <tag k="ele" v="1.7888"/>
  </node>
  <node id="9781" lat="-3.61757331268" lon="62.09707292039">
    <tag k="local_x" v="-278.4585"/>
    <tag k="local_y" v="94.2649"/>
    <tag k="ele" v="1.7986"/>
  </node>
  <node id="9881" lat="-3.6168399663" lon="62.09915357967">
    <tag k="local_x" v="-47.4433"/>
    <tag k="local_y" v="175.5645"/>
    <tag k="ele" v="2.0207"/>
  </node>
  <node id="9882" lat="-3.61686521793" lon="62.09915557421">
    <tag k="local_x" v="-47.219"/>
    <tag k="local_y" v="172.7732"/>
    <tag k="ele" v="2.0105"/>
  </node>
  <node id="9905" lat="-3.61692400107" lon="62.09810935571">
    <tag k="local_x" v="-163.4145"/>
    <tag k="local_y" v="166.1595"/>
    <tag k="ele" v="1.9497"/>
  </node>
  <node id="9906" lat="-3.61694977465" lon="62.0981113542">
    <tag k="local_x" v="-163.1897"/>
    <tag k="local_y" v="163.3105"/>
    <tag k="ele" v="1.9213"/>
  </node>
  <node id="10160" lat="-3.61776700921" lon="62.09787085626">
    <tag k="local_x" v="-189.8117"/>
    <tag k="local_y" v="72.9402"/>
    <tag k="ele" v="1.8619"/>
  </node>
  <node id="10161" lat="-3.61776903481" lon="62.09784572291">
    <tag k="local_x" v="-192.603"/>
    <tag k="local_y" v="72.7135"/>
    <tag k="ele" v="1.8993"/>
  </node>
  <node id="10167" lat="-3.61785081024" lon="62.09787764663">
    <tag k="local_x" v="-189.0483"/>
    <tag k="local_y" v="63.6769"/>
    <tag k="ele" v="1.8636"/>
  </node>
  <node id="10168" lat="-3.61785289918" lon="62.09785253212">
    <tag k="local_x" v="-191.8375"/>
    <tag k="local_y" v="63.4432"/>
    <tag k="ele" v="1.8973"/>
  </node>
  <node id="10332" lat="-3.61831659358" lon="62.09791557582">
    <tag k="local_x" v="-184.7844"/>
    <tag k="local_y" v="12.1896"/>
    <tag k="ele" v="1.8353"/>
  </node>
  <node id="10333" lat="-3.61831871525" lon="62.09789063593">
    <tag k="local_x" v="-187.5542"/>
    <tag k="local_y" v="11.9523"/>
    <tag k="ele" v="1.8775"/>
  </node>
  <node id="10339" lat="-3.61845586315" lon="62.09792729744">
    <tag k="local_x" v="-183.4672"/>
    <tag k="local_y" v="-3.2051"/>
    <tag k="ele" v="1.8289"/>
  </node>
  <node id="10340" lat="-3.61845798214" lon="62.09790238636">
    <tag k="local_x" v="-186.2338"/>
    <tag k="local_y" v="-3.4421"/>
    <tag k="ele" v="1.8761"/>
  </node>
  <node id="10718" lat="-3.61879206141" lon="62.09785026165">
    <tag k="local_x" v="-191.9865"/>
    <tag k="local_y" v="-40.3797"/>
    <tag k="ele" v="1.8428"/>
  </node>
  <node id="10741" lat="-3.61849235325" lon="62.09792832105">
    <tag k="local_x" v="-183.3495"/>
    <tag k="local_y" v="-7.2389"/>
    <tag k="ele" v="1.8516"/>
  </node>
  <node id="10743" lat="-3.61850480995" lon="62.09792891016">
    <tag k="local_x" v="-183.2827"/>
    <tag k="local_y" v="-8.6159"/>
    <tag k="ele" v="1.8516"/>
  </node>
  <node id="10746" lat="-3.61851568521" lon="62.0979283691">
    <tag k="local_x" v="-183.3416"/>
    <tag k="local_y" v="-9.8182"/>
    <tag k="ele" v="1.8516"/>
  </node>
  <node id="10749" lat="-3.61852972746" lon="62.09792696238">
    <tag k="local_x" v="-183.4963"/>
    <tag k="local_y" v="-11.3707"/>
    <tag k="ele" v="1.8516"/>
  </node>
  <node id="10752" lat="-3.61854362752" lon="62.09792448258">
    <tag k="local_x" v="-183.7702"/>
    <tag k="local_y" v="-12.9076"/>
    <tag k="ele" v="1.8516"/>
  </node>
  <node id="10755" lat="-3.61856368381" lon="62.09791891301">
    <tag k="local_x" v="-184.3866"/>
    <tag k="local_y" v="-15.1254"/>
    <tag k="ele" v="1.8516"/>
  </node>
  <node id="10766" lat="-3.61849350698" lon="62.0979033443">
    <tag k="local_x" v="-186.1235"/>
    <tag k="local_y" v="-7.3692"/>
    <tag k="ele" v="1.8516"/>
  </node>
  <node id="10769" lat="-3.61850582303" lon="62.09790348788">
    <tag k="local_x" v="-186.1062"/>
    <tag k="local_y" v="-8.7307"/>
    <tag k="ele" v="1.8516"/>
  </node>
  <node id="10772" lat="-3.61851794455" lon="62.09790269349">
    <tag k="local_x" v="-186.1931"/>
    <tag k="local_y" v="-10.0708"/>
    <tag k="ele" v="1.8516"/>
  </node>
  <node id="10775" lat="-3.61852996022" lon="62.09790097364">
    <tag k="local_x" v="-186.3828"/>
    <tag k="local_y" v="-11.3993"/>
    <tag k="ele" v="1.8516"/>
  </node>
  <node id="10778" lat="-3.61854179949" lon="62.09789834013">
    <tag k="local_x" v="-186.674"/>
    <tag k="local_y" v="-12.7084"/>
    <tag k="ele" v="1.8516"/>
  </node>
  <node id="10781" lat="-3.61855339092" lon="62.09789481011">
    <tag k="local_x" v="-187.0648"/>
    <tag k="local_y" v="-13.9902"/>
    <tag k="ele" v="1.8516"/>
  </node>
  <node id="10784" lat="-3.61856466758" lon="62.09789040616">
    <tag k="local_x" v="-187.5527"/>
    <tag k="local_y" v="-15.2373"/>
    <tag k="ele" v="1.8516"/>
  </node>
  <node id="10823" lat="-3.61870791755" lon="62.09787065311">
    <tag k="local_x" v="-189.7309"/>
    <tag k="local_y" v="-31.0755"/>
    <tag k="ele" v="1.8592"/>
  </node>
  <node id="10824" lat="-3.61871053025" lon="62.09784374097">
    <tag k="local_x" v="-192.7197"/>
    <tag k="local_y" v="-31.3673"/>
    <tag k="ele" v="1.8597"/>
  </node>
  <node id="10926" lat="-3.61841378203" lon="62.09439170394">
    <tag k="local_x" v="-576.1646"/>
    <tag k="local_y" v="1.0559"/>
    <tag k="ele" v="2.9548"/>
  </node>
  <node id="10927" lat="-3.61756748465" lon="62.09628305779">
    <tag k="local_x" v="-366.188"/>
    <tag k="local_y" v="94.8219"/>
    <tag k="ele" v="0.9723"/>
  </node>
  <node id="11380" lat="-3.61793222381" lon="62.09512472627">
    <tag k="local_x" v="-494.802"/>
    <tag k="local_y" v="54.3725"/>
    <tag k="ele" v="1.4548"/>
  </node>
  <node id="11381" lat="-3.61793427198" lon="62.09510053106">
    <tag k="local_x" v="-497.4891"/>
    <tag k="local_y" v="54.1434"/>
    <tag k="ele" v="1.4548"/>
  </node>
  <node id="11518" lat="-3.61773333572" lon="62.09559437429">
    <tag k="local_x" v="-442.6608"/>
    <tag k="local_y" v="76.4112"/>
    <tag k="ele" v="1.4923"/>
  </node>
  <node id="11519" lat="-3.61773875709" lon="62.09559368105">
    <tag k="local_x" v="-442.7372"/>
    <tag k="local_y" v="75.8118"/>
    <tag k="ele" v="1.4923"/>
  </node>
  <node id="11520" lat="-3.61774368324" lon="62.09559347449">
    <tag k="local_x" v="-442.7596"/>
    <tag k="local_y" v="75.2672"/>
    <tag k="ele" v="1.4923"/>
  </node>
  <node id="11521" lat="-3.61787401249" lon="62.09563836434">
    <tag k="local_x" v="-437.7594"/>
    <tag k="local_y" v="60.8645"/>
    <tag k="ele" v="1.4548"/>
  </node>
  <node id="11522" lat="-3.61787606068" lon="62.09561416913">
    <tag k="local_x" v="-440.4465"/>
    <tag k="local_y" v="60.6354"/>
    <tag k="ele" v="1.4548"/>
  </node>
  <node id="11523" lat="-3.61788379548" lon="62.09557321105">
    <tag k="local_x" v="-444.9948"/>
    <tag k="local_y" v="59.7758"/>
    <tag k="ele" v="1.61"/>
  </node>
  <node id="11524" lat="-3.61788175275" lon="62.09559743507">
    <tag k="local_x" v="-442.3045"/>
    <tag k="local_y" v="60.0043"/>
    <tag k="ele" v="1.61"/>
  </node>
  <node id="11750" lat="-3.61775985107" lon="62.09537136852">
    <tag k="local_x" v="-467.4268"/>
    <tag k="local_y" v="73.4553"/>
    <tag k="ele" v="1.4962"/>
  </node>
  <node id="11751" lat="-3.61773014206" lon="62.09538150436">
    <tag k="local_x" v="-466.3043"/>
    <tag k="local_y" v="76.7407"/>
    <tag k="ele" v="1.5076"/>
  </node>
  <node id="11760" lat="-3.61775547865" lon="62.09534640269">
    <tag k="local_x" v="-470.2002"/>
    <tag k="local_y" v="73.9359"/>
    <tag k="ele" v="1.522"/>
  </node>
  <node id="11761" lat="-3.61775185364" lon="62.09534153452">
    <tag k="local_x" v="-470.7413"/>
    <tag k="local_y" v="74.3361"/>
    <tag k="ele" v="1.5234"/>
  </node>
  <node id="11764" lat="-3.61775957315" lon="62.09535941042">
    <tag k="local_x" v="-468.755"/>
    <tag k="local_y" v="73.4847"/>
    <tag k="ele" v="1.5003"/>
  </node>
  <node id="11765" lat="-3.61775825364" lon="62.09535246286">
    <tag k="local_x" v="-469.5268"/>
    <tag k="local_y" v="73.6298"/>
    <tag k="ele" v="1.5003"/>
  </node>
  <node id="11766" lat="-3.61772719461" lon="62.09537847492">
    <tag k="local_x" v="-466.6411"/>
    <tag k="local_y" v="77.0662"/>
    <tag k="ele" v="1.5003"/>
  </node>
  <node id="11771" lat="-3.61768560545" lon="62.09539828414">
    <tag k="local_x" v="-464.4455"/>
    <tag k="local_y" v="81.666"/>
    <tag k="ele" v="1.5289"/>
  </node>
  <node id="11772" lat="-3.61771072104" lon="62.09539994918">
    <tag k="local_x" v="-464.2578"/>
    <tag k="local_y" v="78.8897"/>
    <tag k="ele" v="1.5231"/>
  </node>
  <node id="11785" lat="-3.61774679245" lon="62.09533696848">
    <tag k="local_x" v="-471.249"/>
    <tag k="local_y" v="74.8951"/>
    <tag k="ele" v="1.5234"/>
  </node>
  <node id="11786" lat="-3.61774076878" lon="62.09533329565">
    <tag k="local_x" v="-471.6576"/>
    <tag k="local_y" v="75.5606"/>
    <tag k="ele" v="1.5234"/>
  </node>
  <node id="11787" lat="-3.61773353142" lon="62.09533079536">
    <tag k="local_x" v="-471.9361"/>
    <tag k="local_y" v="76.3604"/>
    <tag k="ele" v="1.5234"/>
  </node>
  <node id="11788" lat="-3.61772642041" lon="62.09532979943">
    <tag k="local_x" v="-472.0475"/>
    <tag k="local_y" v="77.1464"/>
    <tag k="ele" v="1.5234"/>
  </node>
  <node id="11789" lat="-3.61771974517" lon="62.09532947563">
    <tag k="local_x" v="-472.0842"/>
    <tag k="local_y" v="77.8843"/>
    <tag k="ele" v="1.5234"/>
  </node>
  <node id="11793" lat="-3.61772308779" lon="62.09537756154">
    <tag k="local_x" v="-466.743"/>
    <tag k="local_y" v="77.5201"/>
    <tag k="ele" v="1.5234"/>
  </node>
  <node id="11917" lat="-3.61783453819" lon="62.09444499335">
    <tag k="local_x" v="-570.3097"/>
    <tag k="local_y" v="65.0962"/>
    <tag k="ele" v="1.4739"/>
  </node>
  <node id="11918" lat="-3.61780911195" lon="62.09444294779">
    <tag k="local_x" v="-570.5397"/>
    <tag k="local_y" v="67.9068"/>
    <tag k="ele" v="1.4739"/>
  </node>
  <node id="12360" lat="-3.61781828839" lon="62.09464643465">
    <tag k="local_x" v="-547.9377"/>
    <tag k="local_y" v="66.9149"/>
    <tag k="ele" v="1.4739"/>
  </node>
  <node id="12365" lat="-3.61778917405" lon="62.09465239232">
    <tag k="local_x" v="-547.2792"/>
    <tag k="local_y" v="70.1341"/>
    <tag k="ele" v="1.4739"/>
  </node>
  <node id="12378" lat="-3.61782006258" lon="62.09462325711">
    <tag k="local_x" v="-550.5118"/>
    <tag k="local_y" v="66.7162"/>
    <tag k="ele" v="1.4767"/>
  </node>
  <node id="12379" lat="-3.61779463724" lon="62.09462121245">
    <tag k="local_x" v="-550.7417"/>
    <tag k="local_y" v="69.5267"/>
    <tag k="ele" v="1.4767"/>
  </node>
  <node id="12509" lat="-3.61711484497" lon="62.09636900019">
    <tag k="local_x" v="-356.6923"/>
    <tag k="local_y" v="144.8699"/>
    <tag k="ele" v="0.0182"/>
  </node>
  <node id="12512" lat="-3.61711038149" lon="62.09640039423">
    <tag k="local_x" v="-353.2059"/>
    <tag k="local_y" v="145.3668"/>
    <tag k="ele" v="0.0182"/>
  </node>
  <node id="13135" lat="-3.61694777064" lon="62.09761976246">
    <tag k="local_x" v="-217.7903"/>
    <tag k="local_y" v="163.4778"/>
    <tag k="ele" v="0.141"/>
  </node>
  <node id="13138" lat="-3.61697239336" lon="62.09761157378">
    <tag k="local_x" v="-218.6971"/>
    <tag k="local_y" v="160.7549"/>
    <tag k="ele" v="0.141"/>
  </node>
  <node id="13503" lat="-3.61712369475" lon="62.09516847467">
    <tag k="local_x" v="-490.032"/>
    <tag k="local_y" v="143.7588"/>
    <tag k="ele" v="-0.1174"/>
  </node>
  <node id="13506" lat="-3.6171444072" lon="62.0951840535">
    <tag k="local_x" v="-488.2994"/>
    <tag k="local_y" v="141.4708"/>
    <tag k="ele" v="-0.1174"/>
  </node>
  <node id="14851" lat="-3.6169062743" lon="62.09781057126">
    <tag k="local_x" v="-196.602"/>
    <tag k="local_y" v="168.0862"/>
    <tag k="ele" v="0.1406"/>
  </node>
  <node id="14852" lat="-3.61692111661" lon="62.09788026579">
    <tag k="local_x" v="-188.8595"/>
    <tag k="local_y" v="166.4531"/>
    <tag k="ele" v="0.2497"/>
  </node>
  <node id="14854" lat="-3.61688087714" lon="62.09781593002">
    <tag k="local_x" v="-196.0096"/>
    <tag k="local_y" v="170.8944"/>
    <tag k="ele" v="0.1406"/>
  </node>
  <node id="14855" lat="-3.61689571945" lon="62.09788562454">
    <tag k="local_x" v="-188.2671"/>
    <tag k="local_y" v="169.2613"/>
    <tag k="ele" v="0.2497"/>
  </node>
  <node id="15106" lat="-3.61754741214" lon="62.09739206263">
    <tag k="local_x" v="-243.0147"/>
    <tag k="local_y" v="97.1634"/>
    <tag k="ele" v="1.8487"/>
  </node>
  <node id="15107" lat="-3.61751939701" lon="62.09770802426">
    <tag k="local_x" v="-207.9244"/>
    <tag k="local_y" v="100.2953"/>
    <tag k="ele" v="1.8368"/>
  </node>
  <node id="15109" lat="-3.61752235042" lon="62.09739000403">
    <tag k="local_x" v="-243.2461"/>
    <tag k="local_y" v="99.9337"/>
    <tag k="ele" v="1.8487"/>
  </node>
  <node id="15110" lat="-3.61749433529" lon="62.09770596474">
    <tag k="local_x" v="-208.1559"/>
    <tag k="local_y" v="103.0656"/>
    <tag k="ele" v="1.8368"/>
  </node>
  <node id="15635" lat="-3.61679395452" lon="62.09939672998">
    <tag k="local_x" v="-20.442"/>
    <tag k="local_y" v="180.6778"/>
    <tag k="ele" v="2.0368"/>
  </node>
  <node id="15636" lat="-3.61682587759" lon="62.09939704691">
    <tag k="local_x" v="-20.4033"/>
    <tag k="local_y" v="177.1488"/>
    <tag k="ele" v="2.0368"/>
  </node>
  <node id="15719" lat="-3.61776065799" lon="62.09559824569">
    <tag k="local_x" v="-442.2278"/>
    <tag k="local_y" v="73.3912"/>
    <tag k="ele" v="1.4923"/>
  </node>
  <node id="15721" lat="-3.61777202179" lon="62.09559416397">
    <tag k="local_x" v="-442.6799"/>
    <tag k="local_y" v="72.1345"/>
    <tag k="ele" v="1.4923"/>
  </node>
  <node id="15723" lat="-3.61778457975" lon="62.09559108944">
    <tag k="local_x" v="-443.02"/>
    <tag k="local_y" v="70.7459"/>
    <tag k="ele" v="1.4923"/>
  </node>
  <node id="15740" lat="-3.61775178653" lon="62.0955727252">
    <tag k="local_x" v="-445.0633"/>
    <tag k="local_y" v="74.3691"/>
    <tag k="ele" v="1.4923"/>
  </node>
  <node id="15742" lat="-3.61776390509" lon="62.09556897405">
    <tag k="local_x" v="-445.4786"/>
    <tag k="local_y" v="73.029"/>
    <tag k="ele" v="1.4923"/>
  </node>
  <node id="15744" lat="-3.61778015866" lon="62.09556719146">
    <tag k="local_x" v="-445.6748"/>
    <tag k="local_y" v="71.232"/>
    <tag k="ele" v="1.4923"/>
  </node>
  <node id="15849" lat="-3.61779364954" lon="62.09509996739">
    <tag k="local_x" v="-497.5672"/>
    <tag k="local_y" v="69.6889"/>
    <tag k="ele" v="1.4923"/>
  </node>
  <node id="15853" lat="-3.61779900257" lon="62.09509516774">
    <tag k="local_x" v="-498.0997"/>
    <tag k="local_y" v="69.0966"/>
    <tag k="ele" v="1.4923"/>
  </node>
  <node id="15855" lat="-3.61780565389" lon="62.09509057119">
    <tag k="local_x" v="-498.6095"/>
    <tag k="local_y" v="68.3608"/>
    <tag k="ele" v="1.4923"/>
  </node>
  <node id="15857" lat="-3.61781501066" lon="62.09508672913">
    <tag k="local_x" v="-499.0352"/>
    <tag k="local_y" v="67.326"/>
    <tag k="ele" v="1.4923"/>
  </node>
  <node id="15859" lat="-3.61782473781" lon="62.09508419582">
    <tag k="local_x" v="-499.3155"/>
    <tag k="local_y" v="66.2504"/>
    <tag k="ele" v="1.4923"/>
  </node>
  <node id="15873" lat="-3.61777098038" lon="62.09507977353">
    <tag k="local_x" v="-499.8126"/>
    <tag k="local_y" v="72.1927"/>
    <tag k="ele" v="1.4923"/>
  </node>
  <node id="15875" lat="-3.61777908911" lon="62.09507260324">
    <tag k="local_x" v="-500.6081"/>
    <tag k="local_y" v="71.2955"/>
    <tag k="ele" v="1.4923"/>
  </node>
  <node id="15877" lat="-3.61778806652" lon="62.09506660614">
    <tag k="local_x" v="-501.2732"/>
    <tag k="local_y" v="70.3024"/>
    <tag k="ele" v="1.4923"/>
  </node>
  <node id="15879" lat="-3.61779774875" lon="62.0950625801">
    <tag k="local_x" v="-501.7193"/>
    <tag k="local_y" v="69.2316"/>
    <tag k="ele" v="1.4923"/>
  </node>
  <node id="15881" lat="-3.61780784287" lon="62.0950597484">
    <tag k="local_x" v="-502.0327"/>
    <tag k="local_y" v="68.1154"/>
    <tag k="ele" v="1.4923"/>
  </node>
  <node id="15883" lat="-3.61781820055" lon="62.09505815082">
    <tag k="local_x" v="-502.209"/>
    <tag k="local_y" v="66.9702"/>
    <tag k="ele" v="1.4923"/>
  </node>
  <node id="15885" lat="-3.61782830258" lon="62.09505780587">
    <tag k="local_x" v="-502.2462"/>
    <tag k="local_y" v="65.8534"/>
    <tag k="ele" v="1.4923"/>
  </node>
  <node id="16252" lat="-3.61858027905" lon="62.09791232946">
    <tag k="local_x" v="-185.116"/>
    <tag k="local_y" v="-16.9607"/>
    <tag k="ele" v="1.8516"/>
  </node>
  <node id="16253" lat="-3.61856887186" lon="62.09788837982">
    <tag k="local_x" v="-187.7773"/>
    <tag k="local_y" v="-15.7023"/>
    <tag k="ele" v="1.8516"/>
  </node>
  <node id="16259" lat="-3.61865103759" lon="62.09787995054">
    <tag k="local_x" v="-188.7045"/>
    <tag k="local_y" v="-24.7865"/>
    <tag k="ele" v="1.8516"/>
  </node>
  <node id="16262" lat="-3.61866219973" lon="62.09787590774">
    <tag k="local_x" v="-189.1523"/>
    <tag k="local_y" v="-26.0209"/>
    <tag k="ele" v="1.8516"/>
  </node>
  <node id="16265" lat="-3.61867348873" lon="62.09787298846">
    <tag k="local_x" v="-189.4753"/>
    <tag k="local_y" v="-27.2692"/>
    <tag k="ele" v="1.8516"/>
  </node>
  <node id="16268" lat="-3.6186849977" lon="62.09787113946">
    <tag k="local_x" v="-189.6794"/>
    <tag k="local_y" v="-28.5417"/>
    <tag k="ele" v="1.8516"/>
  </node>
  <node id="16271" lat="-3.61869662536" lon="62.09787037527">
    <tag k="local_x" v="-189.763"/>
    <tag k="local_y" v="-29.8272"/>
    <tag k="ele" v="1.8516"/>
  </node>
  <node id="16274" lat="-3.61864104817" lon="62.09785538186">
    <tag k="local_x" v="-191.4344"/>
    <tag k="local_y" v="-23.6849"/>
    <tag k="ele" v="1.8516"/>
  </node>
  <node id="16277" lat="-3.61865413897" lon="62.09785052594">
    <tag k="local_x" v="-191.9723"/>
    <tag k="local_y" v="-25.1326"/>
    <tag k="ele" v="1.8516"/>
  </node>
  <node id="16280" lat="-3.61866783613" lon="62.09784685428">
    <tag k="local_x" v="-192.3786"/>
    <tag k="local_y" v="-26.6472"/>
    <tag k="ele" v="1.8516"/>
  </node>
  <node id="16283" lat="-3.61868182494" lon="62.09784447794">
    <tag k="local_x" v="-192.641"/>
    <tag k="local_y" v="-28.1939"/>
    <tag k="ele" v="1.8516"/>
  </node>
  <node id="16286" lat="-3.61869598061" lon="62.09784342133">
    <tag k="local_x" v="-192.7568"/>
    <tag k="local_y" v="-29.7589"/>
    <tag k="ele" v="1.8516"/>
  </node>
  <node id="16452" lat="-3.61860051932" lon="62.09787177854">
    <tag k="local_x" v="-189.6177"/>
    <tag k="local_y" v="-19.2027"/>
    <tag k="ele" v="1.8516"/>
  </node>
  <node id="16455" lat="-3.61861157393" lon="62.09786875775">
    <tag k="local_x" v="-189.952"/>
    <tag k="local_y" v="-20.4251"/>
    <tag k="ele" v="1.8516"/>
  </node>
  <node id="16458" lat="-3.61862286663" lon="62.09786683064">
    <tag k="local_x" v="-190.1648"/>
    <tag k="local_y" v="-21.6737"/>
    <tag k="ele" v="1.8516"/>
  </node>
  <node id="16461" lat="-3.61863428799" lon="62.09786601623">
    <tag k="local_x" v="-190.254"/>
    <tag k="local_y" v="-22.9364"/>
    <tag k="ele" v="1.8516"/>
  </node>
  <node id="16465" lat="-3.61858763164" lon="62.09784813919">
    <tag k="local_x" v="-192.2447"/>
    <tag k="local_y" v="-17.7806"/>
    <tag k="ele" v="1.8516"/>
  </node>
  <node id="16468" lat="-3.61860104685" lon="62.09784385377">
    <tag k="local_x" v="-192.7192"/>
    <tag k="local_y" v="-19.2641"/>
    <tag k="ele" v="1.8516"/>
  </node>
  <node id="16471" lat="-3.61861482522" lon="62.09784089781">
    <tag k="local_x" v="-193.046"/>
    <tag k="local_y" v="-20.7876"/>
    <tag k="ele" v="1.8516"/>
  </node>
  <node id="16474" lat="-3.61862883471" lon="62.09783929934">
    <tag k="local_x" v="-193.222"/>
    <tag k="local_y" v="-22.3365"/>
    <tag k="ele" v="1.8516"/>
  </node>
  <node id="16477" lat="-3.61864271893" lon="62.09783906862">
    <tag k="local_x" v="-193.2461"/>
    <tag k="local_y" v="-23.8714"/>
    <tag k="ele" v="1.8516"/>
  </node>
  <node id="19125" lat="-3.61787118081" lon="62.0995748652">
    <tag k="local_x" v="-0.5387"/>
    <tag k="local_y" v="61.6121"/>
    <tag k="ele" v="1.9586"/>
  </node>
  <node id="19129" lat="-3.61787307137" lon="62.09954942406">
    <tag k="local_x" v="-3.3642"/>
    <tag k="local_y" v="61.4003"/>
    <tag k="ele" v="1.9412"/>
  </node>
  <node id="19406" lat="-3.61842471017" lon="62.09962133128">
    <tag k="local_x" v="4.6829"/>
    <tag k="local_y" v="0.4256"/>
    <tag k="ele" v="1.8893"/>
  </node>
  <node id="19409" lat="-3.61842720512" lon="62.09959602007">
    <tag k="local_x" v="1.8719"/>
    <tag k="local_y" v="0.147"/>
    <tag k="ele" v="1.8706"/>
  </node>
  <node id="20527" lat="-3.61740772649" lon="62.09919547038">
    <tag k="local_x" v="-42.7283"/>
    <tag k="local_y" v="112.8043"/>
    <tag k="ele" v="1.985"/>
  </node>
  <node id="20530" lat="-3.61743425947" lon="62.09918250532">
    <tag k="local_x" v="-44.1654"/>
    <tag k="local_y" v="109.8697"/>
    <tag k="ele" v="1.985"/>
  </node>
  <node id="20535" lat="-3.61744383328" lon="62.09922122784">
    <tag k="local_x" v="-39.8635"/>
    <tag k="local_y" v="108.8156"/>
    <tag k="ele" v="1.9962"/>
  </node>
  <node id="20537" lat="-3.61744380876" lon="62.09921023824">
    <tag k="local_x" v="-41.0841"/>
    <tag k="local_y" v="108.8171"/>
    <tag k="ele" v="1.9962"/>
  </node>
  <node id="20539" lat="-3.6174429906" lon="62.0992007458">
    <tag k="local_x" v="-42.1385"/>
    <tag k="local_y" v="108.9065"/>
    <tag k="ele" v="1.9962"/>
  </node>
  <node id="20541" lat="-3.61743921031" lon="62.09919163354">
    <tag k="local_x" v="-43.151"/>
    <tag k="local_y" v="109.3234"/>
    <tag k="ele" v="1.9962"/>
  </node>
  <node id="20544" lat="-3.61741671173" lon="62.09922362433">
    <tag k="local_x" v="-39.6003"/>
    <tag k="local_y" v="111.8141"/>
    <tag k="ele" v="1.9962"/>
  </node>
  <node id="20547" lat="-3.61741487057" lon="62.09921239883">
    <tag k="local_x" v="-40.8473"/>
    <tag k="local_y" v="112.0164"/>
    <tag k="ele" v="1.9962"/>
  </node>
  <node id="20550" lat="-3.6174112478" lon="62.09920250311">
    <tag k="local_x" v="-41.9468"/>
    <tag k="local_y" v="112.4158"/>
    <tag k="ele" v="1.9962"/>
  </node>
  <node id="20554" lat="-3.61742338712" lon="62.09916056472">
    <tag k="local_x" v="-46.6035"/>
    <tag k="local_y" v="111.0692"/>
    <tag k="ele" v="1.9832"/>
  </node>
  <node id="20556" lat="-3.61742071534" lon="62.09915094267">
    <tag k="local_x" v="-47.6725"/>
    <tag k="local_y" v="111.3635"/>
    <tag k="ele" v="1.9832"/>
  </node>
  <node id="20557" lat="-3.61741855763" lon="62.09913976611">
    <tag k="local_x" v="-48.9141"/>
    <tag k="local_y" v="111.6008"/>
    <tag k="ele" v="1.9832"/>
  </node>
  <node id="20558" lat="-3.61739633526" lon="62.09917388684">
    <tag k="local_x" v="-45.1268"/>
    <tag k="local_y" v="114.0612"/>
    <tag k="ele" v="1.9832"/>
  </node>
  <node id="20559" lat="-3.61739273754" lon="62.09916643373">
    <tag k="local_x" v="-45.955"/>
    <tag k="local_y" v="114.4581"/>
    <tag k="ele" v="1.9832"/>
  </node>
  <node id="20560" lat="-3.61739130314" lon="62.09915762436">
    <tag k="local_x" v="-46.9336"/>
    <tag k="local_y" v="114.6157"/>
    <tag k="ele" v="1.9832"/>
  </node>
  <node id="20561" lat="-3.61739088269" lon="62.09914873026">
    <tag k="local_x" v="-47.9215"/>
    <tag k="local_y" v="114.6612"/>
    <tag k="ele" v="1.9832"/>
  </node>
  <node id="20589" lat="-3.61744291433" lon="62.09885020349">
    <tag k="local_x" v="-81.0727"/>
    <tag k="local_y" v="108.8763"/>
    <tag k="ele" v="1.9962"/>
  </node>
  <node id="20590" lat="-3.61741687005" lon="62.09884253126">
    <tag k="local_x" v="-81.9277"/>
    <tag k="local_y" v="111.7546"/>
    <tag k="ele" v="1.9962"/>
  </node>
  <node id="20616" lat="-3.61744654378" lon="62.09883867278">
    <tag k="local_x" v="-82.353"/>
    <tag k="local_y" v="108.4738"/>
    <tag k="ele" v="1.9962"/>
  </node>
  <node id="20620" lat="-3.61745102757" lon="62.09883027803">
    <tag k="local_x" v="-83.2849"/>
    <tag k="local_y" v="107.9772"/>
    <tag k="ele" v="1.9962"/>
  </node>
  <node id="20622" lat="-3.61745601471" lon="62.09882228793">
    <tag k="local_x" v="-84.1718"/>
    <tag k="local_y" v="107.425"/>
    <tag k="ele" v="1.9962"/>
  </node>
  <node id="20624" lat="-3.6174191918" lon="62.09883132776">
    <tag k="local_x" v="-83.1718"/>
    <tag k="local_y" v="111.4967"/>
    <tag k="ele" v="1.9962"/>
  </node>
  <node id="20626" lat="-3.6174226275" lon="62.09882143948">
    <tag k="local_x" v="-84.2697"/>
    <tag k="local_y" v="111.1158"/>
    <tag k="ele" v="1.9962"/>
  </node>
  <node id="20628" lat="-3.61742765416" lon="62.09881225459">
    <tag k="local_x" v="-85.2893"/>
    <tag k="local_y" v="110.5591"/>
    <tag k="ele" v="1.9962"/>
  </node>
  <node id="20630" lat="-3.61743333524" lon="62.09880439346">
    <tag k="local_x" v="-86.1618"/>
    <tag k="local_y" v="109.9302"/>
    <tag k="ele" v="1.9962"/>
  </node>
  <node id="20939" lat="-3.61770085343" lon="62.09786451933">
    <tag k="local_x" v="-190.5228"/>
    <tag k="local_y" v="80.2529"/>
    <tag k="ele" v="1.8671"/>
  </node>
  <node id="20940" lat="-3.61770297861" lon="62.09783946151">
    <tag k="local_x" v="-193.3057"/>
    <tag k="local_y" v="80.0152"/>
    <tag k="ele" v="1.8986"/>
  </node>
  <node id="20987" lat="-3.61792331407" lon="62.09788365766">
    <tag k="local_x" v="-188.3727"/>
    <tag k="local_y" v="55.6624"/>
    <tag k="ele" v="1.8666"/>
  </node>
  <node id="20988" lat="-3.61792540382" lon="62.09785845401">
    <tag k="local_x" v="-191.1718"/>
    <tag k="local_y" v="55.4286"/>
    <tag k="ele" v="1.8964"/>
  </node>
  <node id="20994" lat="-3.61770357668" lon="62.09782963544">
    <tag k="local_x" v="-194.397"/>
    <tag k="local_y" v="79.948"/>
    <tag k="ele" v="1.8671"/>
  </node>
  <node id="20996" lat="-3.61776968814" lon="62.09783507387">
    <tag k="local_x" v="-193.7857"/>
    <tag k="local_y" v="72.6401"/>
    <tag k="ele" v="1.8619"/>
  </node>
  <node id="20997" lat="-3.61781514162" lon="62.09783868432">
    <tag k="local_x" v="-193.3797"/>
    <tag k="local_y" v="67.6157"/>
    <tag k="ele" v="1.8596"/>
  </node>
  <node id="20998" lat="-3.61785348918" lon="62.09784186423">
    <tag k="local_x" v="-193.0223"/>
    <tag k="local_y" v="63.3768"/>
    <tag k="ele" v="1.8636"/>
  </node>
  <node id="20999" lat="-3.61788752603" lon="62.09784468647">
    <tag k="local_x" v="-192.7051"/>
    <tag k="local_y" v="59.6144"/>
    <tag k="ele" v="1.8656"/>
  </node>
  <node id="21000" lat="-3.617925993" lon="62.09784787526">
    <tag k="local_x" v="-192.3467"/>
    <tag k="local_y" v="55.3623"/>
    <tag k="ele" v="1.8666"/>
  </node>
  <node id="21001" lat="-3.61770570186" lon="62.09780457762">
    <tag k="local_x" v="-197.1799"/>
    <tag k="local_y" v="79.7103"/>
    <tag k="ele" v="1.8986"/>
  </node>
  <node id="21003" lat="-3.61777171374" lon="62.09780994052">
    <tag k="local_x" v="-196.577"/>
    <tag k="local_y" v="72.4134"/>
    <tag k="ele" v="1.8993"/>
  </node>
  <node id="21004" lat="-3.61781628253" lon="62.09781354014">
    <tag k="local_x" v="-196.1723"/>
    <tag k="local_y" v="67.4868"/>
    <tag k="ele" v="1.8984"/>
  </node>
  <node id="21005" lat="-3.61785557811" lon="62.09781674972">
    <tag k="local_x" v="-195.8115"/>
    <tag k="local_y" v="63.1431"/>
    <tag k="ele" v="1.8973"/>
  </node>
  <node id="21006" lat="-3.61788961493" lon="62.09781952964">
    <tag k="local_x" v="-195.499"/>
    <tag k="local_y" v="59.3807"/>
    <tag k="ele" v="1.8967"/>
  </node>
  <node id="21007" lat="-3.61792808275" lon="62.09782267162">
    <tag k="local_x" v="-195.1458"/>
    <tag k="local_y" v="55.1285"/>
    <tag k="ele" v="1.8964"/>
  </node>
  <node id="21055" lat="-3.61799500847" lon="62.0978472713">
    <tag k="local_x" v="-192.4062"/>
    <tag k="local_y" v="47.7327"/>
    <tag k="ele" v="1.8868"/>
  </node>
  <node id="21058" lat="-3.61797694727" lon="62.0978669059">
    <tag k="local_x" v="-190.2274"/>
    <tag k="local_y" v="49.7315"/>
    <tag k="ele" v="1.8868"/>
  </node>
  <node id="21061" lat="-3.61794770344" lon="62.09785194857">
    <tag k="local_x" v="-191.8919"/>
    <tag k="local_y" v="52.9627"/>
    <tag k="ele" v="1.8817"/>
  </node>
  <node id="21067" lat="-3.61796332169" lon="62.09785801045">
    <tag k="local_x" v="-191.2169"/>
    <tag k="local_y" v="51.2368"/>
    <tag k="ele" v="1.8817"/>
  </node>
  <node id="21069" lat="-3.61795679412" lon="62.09782619148">
    <tag k="local_x" v="-194.7517"/>
    <tag k="local_y" v="51.9549"/>
    <tag k="ele" v="1.8817"/>
  </node>
  <node id="21072" lat="-3.61797080576" lon="62.09783036873">
    <tag k="local_x" v="-194.2862"/>
    <tag k="local_y" v="50.4064"/>
    <tag k="ele" v="1.8817"/>
  </node>
  <node id="21075" lat="-3.61798386105" lon="62.09783796284">
    <tag k="local_x" v="-193.4413"/>
    <tag k="local_y" v="48.964"/>
    <tag k="ele" v="1.8817"/>
  </node>
  <node id="21082" lat="-3.61799058658" lon="62.09787687815">
    <tag k="local_x" v="-189.1183"/>
    <tag k="local_y" v="48.2248"/>
    <tag k="ele" v="1.8837"/>
  </node>
  <node id="21085" lat="-3.61800386241" lon="62.09788430008">
    <tag k="local_x" v="-188.2925"/>
    <tag k="local_y" v="46.758"/>
    <tag k="ele" v="1.8837"/>
  </node>
  <node id="21094" lat="-3.61800845812" lon="62.0978566378">
    <tag k="local_x" v="-191.3644"/>
    <tag k="local_y" v="46.2469"/>
    <tag k="ele" v="1.8837"/>
  </node>
  <node id="21115" lat="-3.6182865418" lon="62.0979131476">
    <tag k="local_x" v="-185.0574"/>
    <tag k="local_y" v="15.5115"/>
    <tag k="ele" v="1.851"/>
  </node>
  <node id="21116" lat="-3.61828852506" lon="62.09788818714">
    <tag k="local_x" v="-187.8295"/>
    <tag k="local_y" v="15.2895"/>
    <tag k="ele" v="1.8835"/>
  </node>
  <node id="21125" lat="-3.61828944794" lon="62.09787661858">
    <tag k="local_x" v="-189.1143"/>
    <tag k="local_y" v="15.1862"/>
    <tag k="ele" v="1.851"/>
  </node>
  <node id="21126" lat="-3.61830771653" lon="62.09787805547">
    <tag k="local_x" v="-188.9527"/>
    <tag k="local_y" v="13.1668"/>
    <tag k="ele" v="1.8481"/>
  </node>
  <node id="21127" lat="-3.61831949972" lon="62.0978790468">
    <tag k="local_x" v="-188.8413"/>
    <tag k="local_y" v="11.8643"/>
    <tag k="ele" v="1.8353"/>
  </node>
  <node id="21128" lat="-3.61845876929" lon="62.09789076841">
    <tag k="local_x" v="-187.5241"/>
    <tag k="local_y" v="-3.5304"/>
    <tag k="ele" v="1.8289"/>
  </node>
  <node id="21129" lat="-3.6182914312" lon="62.09785165812">
    <tag k="local_x" v="-191.8864"/>
    <tag k="local_y" v="14.9642"/>
    <tag k="ele" v="1.8835"/>
  </node>
  <node id="21130" lat="-3.61830889283" lon="62.09785303278">
    <tag k="local_x" v="-191.7318"/>
    <tag k="local_y" v="13.034"/>
    <tag k="ele" v="1.8804"/>
  </node>
  <node id="21131" lat="-3.61832162139" lon="62.09785410691">
    <tag k="local_x" v="-191.6111"/>
    <tag k="local_y" v="11.627"/>
    <tag k="ele" v="1.8775"/>
  </node>
  <node id="21132" lat="-3.61846088828" lon="62.09786585733">
    <tag k="local_x" v="-190.2907"/>
    <tag k="local_y" v="-3.7674"/>
    <tag k="ele" v="1.8761"/>
  </node>
  <node id="21136" lat="-3.61818868807" lon="62.09790545458">
    <tag k="local_x" v="-185.9226"/>
    <tag k="local_y" v="26.3282"/>
    <tag k="ele" v="1.8573"/>
  </node>
  <node id="21137" lat="-3.61819067222" lon="62.09788048332">
    <tag k="local_x" v="-188.6959"/>
    <tag k="local_y" v="26.1061"/>
    <tag k="ele" v="1.8903"/>
  </node>
  <node id="21173" lat="-3.61823652945" lon="62.09786536797">
    <tag k="local_x" v="-190.3697"/>
    <tag k="local_y" v="21.035"/>
    <tag k="ele" v="1.8786"/>
  </node>
  <node id="21176" lat="-3.61825508746" lon="62.09788578747">
    <tag k="local_x" v="-188.0997"/>
    <tag k="local_y" v="18.9857"/>
    <tag k="ele" v="1.8786"/>
  </node>
  <node id="21182" lat="-3.61822659995" lon="62.09790081452">
    <tag k="local_x" v="-186.4338"/>
    <tag k="local_y" v="22.1366"/>
    <tag k="ele" v="1.8737"/>
  </node>
  <node id="21183" lat="-3.61823554904" lon="62.09789723939">
    <tag k="local_x" v="-186.8299"/>
    <tag k="local_y" v="21.1469"/>
    <tag k="ele" v="1.8737"/>
  </node>
  <node id="21184" lat="-3.61824363472" lon="62.09789231821">
    <tag k="local_x" v="-187.3756"/>
    <tag k="local_y" v="20.2525"/>
    <tag k="ele" v="1.8737"/>
  </node>
  <node id="21186" lat="-3.61821385542" lon="62.09787649977">
    <tag k="local_x" v="-189.1358"/>
    <tag k="local_y" v="23.5428"/>
    <tag k="ele" v="1.8737"/>
  </node>
  <node id="21188" lat="-3.61822538039" lon="62.09787164541">
    <tag k="local_x" v="-189.6737"/>
    <tag k="local_y" v="22.2682"/>
    <tag k="ele" v="1.8737"/>
  </node>
  <node id="21194" lat="-3.61826707732" lon="62.09788087143">
    <tag k="local_x" v="-188.6444"/>
    <tag k="local_y" v="17.6597"/>
    <tag k="ele" v="1.8837"/>
  </node>
  <node id="21196" lat="-3.61827693999" lon="62.09787814803">
    <tag k="local_x" v="-188.9458"/>
    <tag k="local_y" v="16.5691"/>
    <tag k="ele" v="1.8837"/>
  </node>
  <node id="21197" lat="-3.61824703478" lon="62.09785853025">
    <tag k="local_x" v="-191.128"/>
    <tag k="local_y" v="19.8729"/>
    <tag k="ele" v="1.8837"/>
  </node>
  <node id="21198" lat="-3.61825445586" lon="62.09785478738">
    <tag k="local_x" v="-191.5429"/>
    <tag k="local_y" v="19.0521"/>
    <tag k="ele" v="1.8837"/>
  </node>
  <node id="21199" lat="-3.61826330705" lon="62.09785190832">
    <tag k="local_x" v="-191.8617"/>
    <tag k="local_y" v="18.0733"/>
    <tag k="ele" v="1.8837"/>
  </node>
  <node id="21200" lat="-3.61827145645" lon="62.09785101252">
    <tag k="local_x" v="-191.9603"/>
    <tag k="local_y" v="17.1723"/>
    <tag k="ele" v="1.8837"/>
  </node>
  <node id="21208" lat="-3.61849014267" lon="62.09789321333">
    <tag k="local_x" v="-187.2491"/>
    <tag k="local_y" v="-6.9984"/>
    <tag k="ele" v="1.8519"/>
  </node>
  <node id="21210" lat="-3.61850840913" lon="62.09789341675">
    <tag k="local_x" v="-187.2245"/>
    <tag k="local_y" v="-9.0177"/>
    <tag k="ele" v="1.8519"/>
  </node>
  <node id="21212" lat="-3.61852689933" lon="62.09789213347">
    <tag k="local_x" v="-187.365"/>
    <tag k="local_y" v="-11.0619"/>
    <tag k="ele" v="1.8519"/>
  </node>
  <node id="21214" lat="-3.61854523699" lon="62.09788936207">
    <tag k="local_x" v="-187.6708"/>
    <tag k="local_y" v="-13.0894"/>
    <tag k="ele" v="1.8519"/>
  </node>
  <node id="21216" lat="-3.61856329999" lon="62.09788511888">
    <tag k="local_x" v="-188.1401"/>
    <tag k="local_y" v="-15.0867"/>
    <tag k="ele" v="1.8519"/>
  </node>
  <node id="21218" lat="-3.61858071668" lon="62.0978795213">
    <tag k="local_x" v="-188.7599"/>
    <tag k="local_y" v="-17.0127"/>
    <tag k="ele" v="1.8519"/>
  </node>
  <node id="21219" lat="-3.61849073645" lon="62.09786821642">
    <tag k="local_x" v="-190.0254"/>
    <tag k="local_y" v="-7.0668"/>
    <tag k="ele" v="1.8519"/>
  </node>
  <node id="21221" lat="-3.61850746482" lon="62.09786813145">
    <tag k="local_x" v="-190.033"/>
    <tag k="local_y" v="-8.9161"/>
    <tag k="ele" v="1.8519"/>
  </node>
  <node id="21223" lat="-3.6185238644" lon="62.09786670979">
    <tag k="local_x" v="-190.1891"/>
    <tag k="local_y" v="-10.7292"/>
    <tag k="ele" v="1.8519"/>
  </node>
  <node id="21225" lat="-3.61854008356" lon="62.0978639729">
    <tag k="local_x" v="-190.4913"/>
    <tag k="local_y" v="-12.5225"/>
    <tag k="ele" v="1.8519"/>
  </node>
  <node id="21227" lat="-3.61855601376" lon="62.09785994069">
    <tag k="local_x" v="-190.9374"/>
    <tag k="local_y" v="-14.284"/>
    <tag k="ele" v="1.8519"/>
  </node>
  <node id="21229" lat="-3.61857180512" lon="62.0978545482">
    <tag k="local_x" v="-191.5346"/>
    <tag k="local_y" v="-16.0303"/>
    <tag k="ele" v="1.8519"/>
  </node>
  <node id="21739" lat="-3.61860712838" lon="62.09790004289">
    <tag k="local_x" v="-186.4777"/>
    <tag k="local_y" v="-19.9302"/>
    <tag k="ele" v="1.8516"/>
  </node>
  <node id="21740" lat="-3.61859601416" lon="62.09787597051">
    <tag k="local_x" v="-189.1526"/>
    <tag k="local_y" v="-18.7042"/>
    <tag k="ele" v="1.8516"/>
  </node>
  <node id="21994" lat="-3.61816205723" lon="62.09786567302">
    <tag k="local_x" v="-190.344"/>
    <tag k="local_y" v="29.2678"/>
    <tag k="ele" v="1.8353"/>
  </node>
  <node id="21998" lat="-3.6181641789" lon="62.09784073313">
    <tag k="local_x" v="-193.1138"/>
    <tag k="local_y" v="29.0305"/>
    <tag k="ele" v="1.8775"/>
  </node>
  <node id="22003" lat="-3.61815646553" lon="62.09786520226">
    <tag k="local_x" v="-190.3969"/>
    <tag k="local_y" v="29.8859"/>
    <tag k="ele" v="1.8417"/>
  </node>
  <node id="22004" lat="-3.6181585863" lon="62.09784026148">
    <tag k="local_x" v="-193.1668"/>
    <tag k="local_y" v="29.6487"/>
    <tag k="ele" v="1.879"/>
  </node>
  <node id="22011" lat="-3.6182295315" lon="62.09784624704">
    <tag k="local_x" v="-192.4942"/>
    <tag k="local_y" v="21.8065"/>
    <tag k="ele" v="1.8768"/>
  </node>
  <node id="22040" lat="-3.61847946493" lon="62.09782613277">
    <tag k="local_x" v="-194.7008"/>
    <tag k="local_y" v="-5.8254"/>
    <tag k="ele" v="1.8284"/>
  </node>
  <node id="22043" lat="-3.6184772935" lon="62.09785287521">
    <tag k="local_x" v="-191.7308"/>
    <tag k="local_y" v="-5.5824"/>
    <tag k="ele" v="1.8284"/>
  </node>
  <node id="22047" lat="-3.61855011012" lon="62.09785869685">
    <tag k="local_x" v="-191.0762"/>
    <tag k="local_y" v="-13.6315"/>
    <tag k="ele" v="1.8189"/>
  </node>
  <node id="22048" lat="-3.61855226798" lon="62.09783195353">
    <tag k="local_x" v="-194.0463"/>
    <tag k="local_y" v="-13.873"/>
    <tag k="ele" v="1.8189"/>
  </node>
  <node id="22055" lat="-3.61857916764" lon="62.09786100901">
    <tag k="local_x" v="-190.8162"/>
    <tag k="local_y" v="-16.8435"/>
    <tag k="ele" v="1.8185"/>
  </node>
  <node id="22058" lat="-3.61861788952" lon="62.09786402468">
    <tag k="local_x" v="-190.477"/>
    <tag k="local_y" v="-21.1238"/>
    <tag k="ele" v="1.8185"/>
  </node>
  <node id="22061" lat="-3.61865661855" lon="62.09786694581">
    <tag k="local_x" v="-190.1483"/>
    <tag k="local_y" v="-25.4049"/>
    <tag k="ele" v="1.8185"/>
  </node>
  <node id="22066" lat="-3.61858128387" lon="62.09783424141">
    <tag k="local_x" v="-193.789"/>
    <tag k="local_y" v="-17.0804"/>
    <tag k="ele" v="1.8185"/>
  </node>
  <node id="22068" lat="-3.61860705651" lon="62.09783621829">
    <tag k="local_x" v="-193.5666"/>
    <tag k="local_y" v="-19.9293"/>
    <tag k="ele" v="1.8185"/>
  </node>
  <node id="22073" lat="-3.61867150196" lon="62.09784097409">
    <tag k="local_x" v="-193.0313"/>
    <tag k="local_y" v="-27.0531"/>
    <tag k="ele" v="1.8185"/>
  </node>
  <node id="22338" lat="-3.61732657762" lon="62.09774129725">
    <tag k="local_x" v="-204.25"/>
    <tag k="local_y" v="121.6148"/>
    <tag k="ele" v="1.8872"/>
  </node>
  <node id="22339" lat="-3.61732441858" lon="62.09776686649">
    <tag k="local_x" v="-201.4103"/>
    <tag k="local_y" v="121.8563"/>
    <tag k="ele" v="1.8872"/>
  </node>
  <node id="22354" lat="-3.61749029864" lon="62.09772277999">
    <tag k="local_x" v="-206.2887"/>
    <tag k="local_y" v="103.5137"/>
    <tag k="ele" v="1.8364"/>
  </node>
  <node id="22358" lat="-3.61748404583" lon="62.09773603565">
    <tag k="local_x" v="-204.8171"/>
    <tag k="local_y" v="104.2064"/>
    <tag k="ele" v="1.8364"/>
  </node>
  <node id="22362" lat="-3.61747485063" lon="62.09774679937">
    <tag k="local_x" v="-203.6226"/>
    <tag k="local_y" v="105.2241"/>
    <tag k="ele" v="1.8364"/>
  </node>
  <node id="22366" lat="-3.61746341541" lon="62.09775547291">
    <tag k="local_x" v="-202.6605"/>
    <tag k="local_y" v="106.4892"/>
    <tag k="ele" v="1.8364"/>
  </node>
  <node id="22370" lat="-3.61745008115" lon="62.0977602021">
    <tag k="local_x" v="-202.1367"/>
    <tag k="local_y" v="107.9638"/>
    <tag k="ele" v="1.8364"/>
  </node>
  <node id="22374" lat="-3.61743537418" lon="62.09776176434">
    <tag k="local_x" v="-201.9648"/>
    <tag k="local_y" v="109.5898"/>
    <tag k="ele" v="1.8364"/>
  </node>
  <node id="22375" lat="-3.61751791617" lon="62.09772338471">
    <tag k="local_x" v="-206.2185"/>
    <tag k="local_y" v="100.4607"/>
    <tag k="ele" v="1.8364"/>
  </node>
  <node id="22378" lat="-3.61751418418" lon="62.09773820809">
    <tag k="local_x" v="-204.5725"/>
    <tag k="local_y" v="100.8749"/>
    <tag k="ele" v="1.8364"/>
  </node>
  <node id="22380" lat="-3.61751001733" lon="62.0977478252">
    <tag k="local_x" v="-203.5048"/>
    <tag k="local_y" v="101.3366"/>
    <tag k="ele" v="1.8364"/>
  </node>
  <node id="22384" lat="-3.61749808768" lon="62.0977650426">
    <tag k="local_x" v="-201.5938"/>
    <tag k="local_y" v="102.6573"/>
    <tag k="ele" v="1.8364"/>
  </node>
  <node id="22388" lat="-3.61748207292" lon="62.09777860594">
    <tag k="local_x" v="-200.0891"/>
    <tag k="local_y" v="104.4292"/>
    <tag k="ele" v="1.8364"/>
  </node>
  <node id="22392" lat="-3.61746306121" lon="62.09778758227">
    <tag k="local_x" v="-199.0942"/>
    <tag k="local_y" v="106.5319"/>
    <tag k="ele" v="1.8364"/>
  </node>
  <node id="22396" lat="-3.6174423464" lon="62.0977913536">
    <tag k="local_x" v="-198.6776"/>
    <tag k="local_y" v="108.8223"/>
    <tag k="ele" v="1.8364"/>
  </node>
  <node id="22405" lat="-3.61738199984" lon="62.09778410337">
    <tag k="local_x" v="-199.4895"/>
    <tag k="local_y" v="115.4927"/>
    <tag k="ele" v="1.9683"/>
  </node>
  <node id="22408" lat="-3.61738753258" lon="62.09775904129">
    <tag k="local_x" v="-202.2725"/>
    <tag k="local_y" v="114.8783"/>
    <tag k="ele" v="1.9683"/>
  </node>
  <node id="22413" lat="-3.61741904377" lon="62.0977617922">
    <tag k="local_x" v="-201.9635"/>
    <tag k="local_y" v="111.3951"/>
    <tag k="ele" v="1.7923"/>
  </node>
  <node id="22417" lat="-3.61740244094" lon="62.09776077322">
    <tag k="local_x" v="-202.0785"/>
    <tag k="local_y" v="113.2304"/>
    <tag k="ele" v="1.7923"/>
  </node>
  <node id="22420" lat="-3.61742062554" lon="62.09779043872">
    <tag k="local_x" v="-198.7816"/>
    <tag k="local_y" v="111.2234"/>
    <tag k="ele" v="1.7923"/>
  </node>
  <node id="22424" lat="-3.61740224573" lon="62.09778814391">
    <tag k="local_x" v="-199.0385"/>
    <tag k="local_y" v="113.255"/>
    <tag k="ele" v="1.7923"/>
  </node>
  <node id="22609" lat="-3.61706007488" lon="62.0995429184">
    <tag k="local_x" v="-4.1759"/>
    <tag k="local_y" v="151.2748"/>
    <tag k="ele" v="2.1251"/>
  </node>
  <node id="22610" lat="-3.61706218123" lon="62.09951797675">
    <tag k="local_x" v="-6.9459"/>
    <tag k="local_y" v="151.0392"/>
    <tag k="ele" v="2.1251"/>
  </node>
  <node id="22819" lat="-3.61678079766" lon="62.09951961847">
    <tag k="local_x" v="-6.7944"/>
    <tag k="local_y" v="182.1458"/>
    <tag k="ele" v="2.1269"/>
  </node>
  <node id="22820" lat="-3.61678300444" lon="62.0994919757">
    <tag k="local_x" v="-9.8644"/>
    <tag k="local_y" v="181.8988"/>
    <tag k="ele" v="2.1269"/>
  </node>
  <node id="22900" lat="-3.61727484581" lon="62.09955306491">
    <tag k="local_x" v="-3.0254"/>
    <tag k="local_y" v="127.5334"/>
    <tag k="ele" v="2.1269"/>
  </node>
  <node id="22901" lat="-3.61727696437" lon="62.09952767307">
    <tag k="local_x" v="-5.8454"/>
    <tag k="local_y" v="127.2964"/>
    <tag k="ele" v="2.1269"/>
  </node>
  <node id="22977" lat="-3.61695038003" lon="62.09953149863">
    <tag k="local_x" v="-5.4563"/>
    <tag k="local_y" v="163.4001"/>
    <tag k="ele" v="2.126"/>
  </node>
  <node id="22978" lat="-3.61695345289" lon="62.09950334631">
    <tag k="local_x" v="-8.5828"/>
    <tag k="local_y" v="163.0573"/>
    <tag k="ele" v="2.126"/>
  </node>
  <node id="23559" lat="-3.61684988575" lon="62.0995537355">
    <tag k="local_x" v="-2.9975"/>
    <tag k="local_y" v="174.512"/>
    <tag k="ele" v="2.0627"/>
  </node>
  <node id="23560" lat="-3.61676589905" lon="62.0995322137">
    <tag k="local_x" v="-5.3971"/>
    <tag k="local_y" v="183.7942"/>
    <tag k="ele" v="2.0627"/>
  </node>
  <node id="23727" lat="-3.6171772775" lon="62.099553145">
    <tag k="local_x" v="-3.0272"/>
    <tag k="local_y" v="138.3194"/>
    <tag k="ele" v="2.1269"/>
  </node>
  <node id="23728" lat="-3.61717947341" lon="62.09952821136">
    <tag k="local_x" v="-5.7963"/>
    <tag k="local_y" v="138.0739"/>
    <tag k="ele" v="2.1269"/>
  </node>
  <node id="23737" lat="-3.61706117448" lon="62.09950168329">
    <tag k="local_x" v="-8.7557"/>
    <tag k="local_y" v="151.1487"/>
    <tag k="ele" v="2.1251"/>
  </node>
  <node id="23740" lat="-3.61706328083" lon="62.09947674164">
    <tag k="local_x" v="-11.5257"/>
    <tag k="local_y" v="150.9131"/>
    <tag k="ele" v="2.1251"/>
  </node>
  <node id="23752" lat="-3.61726680882" lon="62.09955239218">
    <tag k="local_x" v="-3.101"/>
    <tag k="local_y" v="128.4218"/>
    <tag k="ele" v="2.1277"/>
  </node>
  <node id="23753" lat="-3.61726892738" lon="62.09952700034">
    <tag k="local_x" v="-5.921"/>
    <tag k="local_y" v="128.1848"/>
    <tag k="ele" v="2.1277"/>
  </node>
  <node id="23776" lat="-3.61714485122" lon="62.09950898444">
    <tag k="local_x" v="-7.9356"/>
    <tag k="local_y" v="141.8992"/>
    <tag k="ele" v="2.126"/>
  </node>
  <node id="23777" lat="-3.61714704713" lon="62.0994840508">
    <tag k="local_x" v="-10.7047"/>
    <tag k="local_y" v="141.6537"/>
    <tag k="ele" v="2.126"/>
  </node>
  <node id="23875" lat="-3.61758095561" lon="62.09952452252">
    <tag k="local_x" v="-6.162"/>
    <tag k="local_y" v="93.6904"/>
    <tag k="ele" v="2.012"/>
  </node>
  <node id="23876" lat="-3.61774847319" lon="62.09953860424">
    <tag k="local_x" v="-4.5796"/>
    <tag k="local_y" v="75.1732"/>
    <tag k="ele" v="1.9923"/>
  </node>
  <node id="23878" lat="-3.61757878566" lon="62.09955009089">
    <tag k="local_x" v="-3.3224"/>
    <tag k="local_y" v="93.9331"/>
    <tag k="ele" v="2.012"/>
  </node>
  <node id="23879" lat="-3.61774630325" lon="62.09956417351">
    <tag k="local_x" v="-1.7399"/>
    <tag k="local_y" v="75.4159"/>
    <tag k="ele" v="1.9923"/>
  </node>
  <node id="23903" lat="-3.61745277839" lon="62.09914739786">
    <tag k="local_x" v="-48.0627"/>
    <tag k="local_y" v="107.8186"/>
    <tag k="ele" v="1.9962"/>
  </node>
  <node id="23904" lat="-3.61742758189" lon="62.09914534654">
    <tag k="local_x" v="-48.2933"/>
    <tag k="local_y" v="110.6038"/>
    <tag k="ele" v="1.9962"/>
  </node>
  <node id="23924" lat="-3.61751419197" lon="62.0983904607">
    <tag k="local_x" v="-132.1278"/>
    <tag k="local_y" v="100.946"/>
    <tag k="ele" v="1.9614"/>
  </node>
  <node id="23925" lat="-3.61748884346" lon="62.09838836904">
    <tag k="local_x" v="-132.3629"/>
    <tag k="local_y" v="103.748"/>
    <tag k="ele" v="1.9792"/>
  </node>
  <node id="23952" lat="-3.61753774105" lon="62.09810948278">
    <tag k="local_x" v="-163.333"/>
    <tag k="local_y" v="98.3117"/>
    <tag k="ele" v="1.934"/>
  </node>
  <node id="23953" lat="-3.61751225058" lon="62.09810745519">
    <tag k="local_x" v="-163.561"/>
    <tag k="local_y" v="101.1294"/>
    <tag k="ele" v="1.9474"/>
  </node>
  <node id="24027" lat="-3.61744122858" lon="62.09924895836">
    <tag k="local_x" v="-36.7838"/>
    <tag k="local_y" v="109.1066"/>
    <tag k="ele" v="1.9962"/>
  </node>
  <node id="24029" lat="-3.61741416699" lon="62.09924707454">
    <tag k="local_x" v="-36.996"/>
    <tag k="local_y" v="112.098"/>
    <tag k="ele" v="1.9962"/>
  </node>
  <node id="24151" lat="-3.61741785817" lon="62.09912684413">
    <tag k="local_x" v="-50.3494"/>
    <tag k="local_y" v="111.6767"/>
    <tag k="ele" v="1.9962"/>
  </node>
  <node id="24153" lat="-3.61739266166" lon="62.09912479282">
    <tag k="local_x" v="-50.58"/>
    <tag k="local_y" v="114.4619"/>
    <tag k="ele" v="1.9962"/>
  </node>
  <node id="24194" lat="-3.61740642851" lon="62.09926182444">
    <tag k="local_x" v="-35.3586"/>
    <tag k="local_y" v="112.9551"/>
    <tag k="ele" v="1.9962"/>
  </node>
  <node id="24195" lat="-3.61738123737" lon="62.09925971099">
    <tag k="local_x" v="-35.5961"/>
    <tag k="local_y" v="115.7397"/>
    <tag k="ele" v="1.9962"/>
  </node>
  <node id="24263" lat="-3.617483882" lon="62.09876673609">
    <tag k="local_x" v="-90.3388"/>
    <tag k="local_y" v="104.3382"/>
    <tag k="ele" v="1.9804"/>
  </node>
  <node id="24264" lat="-3.61745875686" lon="62.09876458657">
    <tag k="local_x" v="-90.5803"/>
    <tag k="local_y" v="107.1155"/>
    <tag k="ele" v="1.982"/>
  </node>
  <node id="24284" lat="-3.61747378027" lon="62.09889621668">
    <tag k="local_x" v="-75.9587"/>
    <tag k="local_y" v="105.4692"/>
    <tag k="ele" v="1.9941"/>
  </node>
  <node id="24285" lat="-3.61744857202" lon="62.09889417978">
    <tag k="local_x" v="-76.1877"/>
    <tag k="local_y" v="108.2557"/>
    <tag k="ele" v="1.9948"/>
  </node>
  <node id="24291" lat="-3.61743383774" lon="62.09893548959">
    <tag k="local_x" v="-71.6011"/>
    <tag k="local_y" v="109.8891"/>
    <tag k="ele" v="1.9962"/>
  </node>
  <node id="24292" lat="-3.61740864301" lon="62.09893340587">
    <tag k="local_x" v="-71.8353"/>
    <tag k="local_y" v="112.6741"/>
    <tag k="ele" v="1.9962"/>
  </node>
  <node id="24311" lat="-3.61748777139" lon="62.09871924621">
    <tag k="local_x" v="-95.613"/>
    <tag k="local_y" v="103.903"/>
    <tag k="ele" v="1.9962"/>
  </node>
  <node id="24323" lat="-3.61747745317" lon="62.09865067888">
    <tag k="local_x" v="-103.2298"/>
    <tag k="local_y" v="105.0361"/>
    <tag k="ele" v="1.985"/>
  </node>
  <node id="24328" lat="-3.61746122848" lon="62.09859617448">
    <tag k="local_x" v="-109.2853"/>
    <tag k="local_y" v="106.8237"/>
    <tag k="ele" v="1.9962"/>
  </node>
  <node id="24329" lat="-3.61746267665" lon="62.09871765308">
    <tag k="local_x" v="-95.7927"/>
    <tag k="local_y" v="106.677"/>
    <tag k="ele" v="1.9962"/>
  </node>
  <node id="24338" lat="-3.61745026602" lon="62.0986625723">
    <tag k="local_x" v="-101.9118"/>
    <tag k="local_y" v="108.0429"/>
    <tag k="ele" v="1.985"/>
  </node>
  <node id="24344" lat="-3.61743603197" lon="62.09859412318">
    <tag k="local_x" v="-109.5159"/>
    <tag k="local_y" v="109.6089"/>
    <tag k="ele" v="1.9962"/>
  </node>
  <node id="24389" lat="-3.61747463575" lon="62.0984342917">
    <tag k="local_x" v="-127.2639"/>
    <tag k="local_y" v="105.3237"/>
    <tag k="ele" v="1.9962"/>
  </node>
  <node id="24391" lat="-3.61744944103" lon="62.09843220799">
    <tag k="local_x" v="-127.4981"/>
    <tag k="local_y" v="108.1087"/>
    <tag k="ele" v="1.9962"/>
  </node>
  <node id="24483" lat="-3.61750920504" lon="62.09845034491">
    <tag k="local_x" v="-125.4771"/>
    <tag k="local_y" v="101.5039"/>
    <tag k="ele" v="1.9614"/>
  </node>
  <node id="24484" lat="-3.61748385653" lon="62.09844825325">
    <tag k="local_x" v="-125.7122"/>
    <tag k="local_y" v="104.3059"/>
    <tag k="ele" v="1.9802"/>
  </node>
  <node id="24549" lat="-3.61749755914" lon="62.0985969579">
    <tag k="local_x" v="-109.1943"/>
    <tag k="local_y" v="102.8075"/>
    <tag k="ele" v="1.9614"/>
  </node>
  <node id="24550" lat="-3.61750254608" lon="62.09853707368">
    <tag k="local_x" v="-115.845"/>
    <tag k="local_y" v="102.2496"/>
    <tag k="ele" v="1.9614"/>
  </node>
  <node id="24551" lat="-3.61747221062" lon="62.09859486623">
    <tag k="local_x" v="-109.4294"/>
    <tag k="local_y" v="105.6095"/>
    <tag k="ele" v="1.9802"/>
  </node>
  <node id="24552" lat="-3.61747719756" lon="62.09853498202">
    <tag k="local_x" v="-116.0801"/>
    <tag k="local_y" v="105.0516"/>
    <tag k="ele" v="1.9792"/>
  </node>
  <node id="24608" lat="-3.61747053457" lon="62.09863854546">
    <tag k="local_x" v="-104.5782"/>
    <tag k="local_y" v="105.7996"/>
    <tag k="ele" v="1.9841"/>
  </node>
  <node id="24609" lat="-3.61744224179" lon="62.09864748683">
    <tag k="local_x" v="-103.5882"/>
    <tag k="local_y" v="108.9283"/>
    <tag k="ele" v="1.9841"/>
  </node>
  <node id="24618" lat="-3.61746510725" lon="62.09862330617">
    <tag k="local_x" v="-106.2714"/>
    <tag k="local_y" v="106.3979"/>
    <tag k="ele" v="1.9841"/>
  </node>
  <node id="24622" lat="-3.61746233087" lon="62.0986094841">
    <tag k="local_x" v="-107.8069"/>
    <tag k="local_y" v="106.7033"/>
    <tag k="ele" v="1.9841"/>
  </node>
  <node id="24628" lat="-3.61743556164" lon="62.09862954234">
    <tag k="local_x" v="-105.582"/>
    <tag k="local_y" v="109.6648"/>
    <tag k="ele" v="1.9841"/>
  </node>
  <node id="24632" lat="-3.61743508981" lon="62.09861086334">
    <tag k="local_x" v="-107.6567"/>
    <tag k="local_y" v="109.7149"/>
    <tag k="ele" v="1.9841"/>
  </node>
  <node id="24827" lat="-3.61823547565" lon="62.09960574492">
    <tag k="local_x" v="2.931"/>
    <tag k="local_y" v="21.3434"/>
    <tag k="ele" v="1.9012"/>
  </node>
  <node id="24828" lat="-3.61823756902" lon="62.09958049083">
    <tag k="local_x" v="0.1263"/>
    <tag k="local_y" v="21.1092"/>
    <tag k="ele" v="1.8835"/>
  </node>
  <node id="24860" lat="-3.61753865452" lon="62.0995253935">
    <tag k="local_x" v="-6.0699"/>
    <tag k="local_y" v="98.3668"/>
    <tag k="ele" v="1.9439"/>
  </node>
  <node id="24861" lat="-3.61754571439" lon="62.09952225422">
    <tag k="local_x" v="-6.4178"/>
    <tag k="local_y" v="97.586"/>
    <tag k="ele" v="1.9403"/>
  </node>
  <node id="24880" lat="-3.61752670214" lon="62.09950075742">
    <tag k="local_x" v="-8.8075"/>
    <tag k="local_y" v="99.6854"/>
    <tag k="ele" v="1.9439"/>
  </node>
  <node id="24882" lat="-3.61753411758" lon="62.09949678678">
    <tag k="local_x" v="-9.2477"/>
    <tag k="local_y" v="98.8652"/>
    <tag k="ele" v="1.9403"/>
  </node>
  <node id="24899" lat="-3.61774755765" lon="62.09952578782">
    <tag k="local_x" v="-6.0032"/>
    <tag k="local_y" v="75.273"/>
    <tag k="ele" v="1.9923"/>
  </node>
  <node id="24901" lat="-3.61774972759" lon="62.09950021855">
    <tag k="local_x" v="-8.8429"/>
    <tag k="local_y" v="75.0303"/>
    <tag k="ele" v="1.9923"/>
  </node>
  <node id="25036" lat="-3.61759039389" lon="62.09951257552">
    <tag k="local_x" v="-7.4879"/>
    <tag k="local_y" v="92.6457"/>
    <tag k="ele" v="2.0022"/>
  </node>
  <node id="25037" lat="-3.61759256383" lon="62.09948700715">
    <tag k="local_x" v="-10.3275"/>
    <tag k="local_y" v="92.403"/>
    <tag k="ele" v="2.0022"/>
  </node>
  <node id="25043" lat="-3.61755383883" lon="62.09951900046">
    <tag k="local_x" v="-6.7783"/>
    <tag k="local_y" v="96.6875"/>
    <tag k="ele" v="1.9402"/>
  </node>
  <node id="25045" lat="-3.6175611255" lon="62.09951652812">
    <tag k="local_x" v="-7.0521"/>
    <tag k="local_y" v="95.8817"/>
    <tag k="ele" v="1.9402"/>
  </node>
  <node id="25047" lat="-3.61756832696" lon="62.09951478154">
    <tag k="local_x" v="-7.2453"/>
    <tag k="local_y" v="95.0854"/>
    <tag k="ele" v="1.9402"/>
  </node>
  <node id="25049" lat="-3.61757566293" lon="62.09951367588">
    <tag k="local_x" v="-7.3673"/>
    <tag k="local_y" v="94.2743"/>
    <tag k="ele" v="1.9402"/>
  </node>
  <node id="25051" lat="-3.61758318094" lon="62.09951277531">
    <tag k="local_x" v="-7.4665"/>
    <tag k="local_y" v="93.4431"/>
    <tag k="ele" v="1.9402"/>
  </node>
  <node id="25053" lat="-3.61754480337" lon="62.09949219707">
    <tag k="local_x" v="-9.7563"/>
    <tag k="local_y" v="97.6834"/>
    <tag k="ele" v="1.9402"/>
  </node>
  <node id="25055" lat="-3.61755383102" lon="62.09948937908">
    <tag k="local_x" v="-10.0683"/>
    <tag k="local_y" v="96.6851"/>
    <tag k="ele" v="1.9402"/>
  </node>
  <node id="25057" lat="-3.6175633515" lon="62.09948729439">
    <tag k="local_x" v="-10.2988"/>
    <tag k="local_y" v="95.6324"/>
    <tag k="ele" v="1.9402"/>
  </node>
  <node id="25059" lat="-3.61757306865" lon="62.099486506">
    <tag k="local_x" v="-10.3853"/>
    <tag k="local_y" v="94.5581"/>
    <tag k="ele" v="1.9402"/>
  </node>
  <node id="25061" lat="-3.61758284908" lon="62.09948657377">
    <tag k="local_x" v="-10.3767"/>
    <tag k="local_y" v="93.4769"/>
    <tag k="ele" v="1.9402"/>
  </node>
  <node id="25077" lat="-3.61748773401" lon="62.09953750569">
    <tag k="local_x" v="-4.7302"/>
    <tag k="local_y" v="103.9973"/>
    <tag k="ele" v="1.9985"/>
  </node>
  <node id="25078" lat="-3.61749020388" lon="62.09950880653">
    <tag k="local_x" v="-7.9175"/>
    <tag k="local_y" v="103.7211"/>
    <tag k="ele" v="1.9967"/>
  </node>
  <node id="25160" lat="-3.61782148697" lon="62.09952529888">
    <tag k="local_x" v="-6.0494"/>
    <tag k="local_y" v="67.1002"/>
    <tag k="ele" v="1.9823"/>
  </node>
  <node id="25168" lat="-3.61776226535" lon="62.09952858688">
    <tag k="local_x" v="-5.6907"/>
    <tag k="local_y" v="73.6474"/>
    <tag k="ele" v="1.9918"/>
  </node>
  <node id="25172" lat="-3.61778103473" lon="62.09953421082">
    <tag k="local_x" v="-5.064"/>
    <tag k="local_y" v="71.5731"/>
    <tag k="ele" v="1.9918"/>
  </node>
  <node id="25176" lat="-3.61779474521" lon="62.09954117767">
    <tag k="local_x" v="-4.2887"/>
    <tag k="local_y" v="70.0582"/>
    <tag k="ele" v="1.9918"/>
  </node>
  <node id="25179" lat="-3.61776222196" lon="62.09950138387">
    <tag k="local_x" v="-8.7121"/>
    <tag k="local_y" v="73.6492"/>
    <tag k="ele" v="1.9918"/>
  </node>
  <node id="25183" lat="-3.61778133233" lon="62.09950514916">
    <tag k="local_x" v="-8.2918"/>
    <tag k="local_y" v="71.537"/>
    <tag k="ele" v="1.9918"/>
  </node>
  <node id="25187" lat="-3.61779985696" lon="62.09951207704">
    <tag k="local_x" v="-7.5203"/>
    <tag k="local_y" v="69.4899"/>
    <tag k="ele" v="1.9918"/>
  </node>
  <node id="25195" lat="-3.6178596449" lon="62.09957237993">
    <tag k="local_x" v="-0.816"/>
    <tag k="local_y" v="62.8871"/>
    <tag k="ele" v="1.9739"/>
  </node>
  <node id="25202" lat="-3.61781567674" lon="62.09955607845">
    <tag k="local_x" v="-2.6314"/>
    <tag k="local_y" v="67.7459"/>
    <tag k="ele" v="1.9653"/>
  </node>
  <node id="25206" lat="-3.61783239567" lon="62.09956466385">
    <tag k="local_x" v="-1.676"/>
    <tag k="local_y" v="65.8986"/>
    <tag k="ele" v="1.9653"/>
  </node>
  <node id="25210" lat="-3.61784729841" lon="62.09956892489">
    <tag k="local_x" v="-1.2011"/>
    <tag k="local_y" v="64.2516"/>
    <tag k="ele" v="1.9653"/>
  </node>
  <node id="25214" lat="-3.61783656496" lon="62.09953567219">
    <tag k="local_x" v="-4.8956"/>
    <tag k="local_y" v="65.4345"/>
    <tag k="ele" v="1.9653"/>
  </node>
  <node id="25218" lat="-3.61785521243" lon="62.09954423498">
    <tag k="local_x" v="-3.9425"/>
    <tag k="local_y" v="63.374"/>
    <tag k="ele" v="1.9653"/>
  </node>
  <node id="25240" lat="-3.6177160565" lon="62.09952313948">
    <tag k="local_x" v="-6.3008"/>
    <tag k="local_y" v="78.7551"/>
    <tag k="ele" v="1.9973"/>
  </node>
  <node id="25241" lat="-3.61771822554" lon="62.09949757021">
    <tag k="local_x" v="-9.1405"/>
    <tag k="local_y" v="78.5125"/>
    <tag k="ele" v="1.9973"/>
  </node>
  <node id="25328" lat="-3.61814778558" lon="62.09956697612">
    <tag k="local_x" v="-1.3846"/>
    <tag k="local_y" v="31.0331"/>
    <tag k="ele" v="1.9402"/>
  </node>
  <node id="25330" lat="-3.61815821168" lon="62.09956412434">
    <tag k="local_x" v="-1.7002"/>
    <tag k="local_y" v="29.8802"/>
    <tag k="ele" v="1.9402"/>
  </node>
  <node id="25332" lat="-3.61816810766" lon="62.09956304856">
    <tag k="local_x" v="-1.8186"/>
    <tag k="local_y" v="28.7861"/>
    <tag k="ele" v="1.9402"/>
  </node>
  <node id="25334" lat="-3.61817791032" lon="62.09956273456">
    <tag k="local_x" v="-1.8524"/>
    <tag k="local_y" v="27.7024"/>
    <tag k="ele" v="2.0022"/>
  </node>
  <node id="25352" lat="-3.61814358025" lon="62.09953800893">
    <tag k="local_x" v="-4.6024"/>
    <tag k="local_y" v="31.4948"/>
    <tag k="ele" v="1.9402"/>
  </node>
  <node id="25354" lat="-3.61815382862" lon="62.09953654115">
    <tag k="local_x" v="-4.7643"/>
    <tag k="local_y" v="30.3617"/>
    <tag k="ele" v="1.9402"/>
  </node>
  <node id="25356" lat="-3.61816114188" lon="62.09953623681">
    <tag k="local_x" v="-4.7973"/>
    <tag k="local_y" v="29.5532"/>
    <tag k="ele" v="1.9402"/>
  </node>
  <node id="25358" lat="-3.61817036551" lon="62.0995367328">
    <tag k="local_x" v="-4.7412"/>
    <tag k="local_y" v="28.5336"/>
    <tag k="ele" v="1.9402"/>
  </node>
  <node id="25360" lat="-3.61818008026" lon="62.09953716618">
    <tag k="local_x" v="-4.692"/>
    <tag k="local_y" v="27.4597"/>
    <tag k="ele" v="2.0022"/>
  </node>
  <node id="25383" lat="-3.61832323289" lon="62.0996129727">
    <tag k="local_x" v="3.7434"/>
    <tag k="local_y" v="11.6428"/>
    <tag k="ele" v="1.8953"/>
  </node>
  <node id="25384" lat="-3.61832533074" lon="62.09958767719">
    <tag k="local_x" v="0.9341"/>
    <tag k="local_y" v="11.4081"/>
    <tag k="ele" v="1.8771"/>
  </node>
  <node id="25390" lat="-3.61823728304" lon="62.09956765667">
    <tag k="local_x" v="-1.2992"/>
    <tag k="local_y" v="21.1394"/>
    <tag k="ele" v="1.9012"/>
  </node>
  <node id="25391" lat="-3.61832504029" lon="62.09957488445">
    <tag k="local_x" v="-0.4868"/>
    <tag k="local_y" v="11.4388"/>
    <tag k="ele" v="1.8953"/>
  </node>
  <node id="25392" lat="-3.61823937641" lon="62.09954240258">
    <tag k="local_x" v="-4.1039"/>
    <tag k="local_y" v="20.9052"/>
    <tag k="ele" v="1.8835"/>
  </node>
  <node id="25393" lat="-3.61832713813" lon="62.09954958894">
    <tag k="local_x" v="-3.2961"/>
    <tag k="local_y" v="11.2041"/>
    <tag k="ele" v="1.8771"/>
  </node>
  <node id="25402" lat="-3.61817466159" lon="62.099600492">
    <tag k="local_x" v="2.3409"/>
    <tag k="local_y" v="28.0657"/>
    <tag k="ele" v="1.9468"/>
  </node>
  <node id="25403" lat="-3.61817689959" lon="62.09957513153">
    <tag k="local_x" v="-0.4756"/>
    <tag k="local_y" v="27.8155"/>
    <tag k="ele" v="1.9379"/>
  </node>
  <node id="25414" lat="-3.61745462552" lon="62.09950227182">
    <tag k="local_x" v="-8.6472"/>
    <tag k="local_y" v="107.6535"/>
    <tag k="ele" v="1.921"/>
  </node>
  <node id="25417" lat="-3.61745632594" lon="62.09947574776">
    <tag k="local_x" v="-11.593"/>
    <tag k="local_y" v="107.4626"/>
    <tag k="ele" v="1.9049"/>
  </node>
  <node id="25672" lat="-3.61844472532" lon="62.09958898187">
    <tag k="local_x" v="1.0921"/>
    <tag k="local_y" v="-1.7906"/>
    <tag k="ele" v="1.9157"/>
  </node>
  <node id="25673" lat="-3.61844610137" lon="62.09956374739">
    <tag k="local_x" v="-1.7105"/>
    <tag k="local_y" v="-1.9455"/>
    <tag k="ele" v="1.9157"/>
  </node>
  <node id="25707" lat="-3.61840621114" lon="62.09958199448">
    <tag k="local_x" v="0.3118"/>
    <tag k="local_y" v="2.4663"/>
    <tag k="ele" v="1.9127"/>
  </node>
  <node id="25708" lat="-3.61840758719" lon="62.09955676001">
    <tag k="local_x" v="-2.4908"/>
    <tag k="local_y" v="2.3114"/>
    <tag k="ele" v="1.9127"/>
  </node>
  <node id="25730" lat="-3.61839815293" lon="62.09958091122">
    <tag k="local_x" v="0.1906"/>
    <tag k="local_y" v="3.357"/>
    <tag k="ele" v="1.8813"/>
  </node>
  <node id="25732" lat="-3.618401492" lon="62.09955574773">
    <tag k="local_x" v="-2.6039"/>
    <tag k="local_y" v="2.9851"/>
    <tag k="ele" v="1.8813"/>
  </node>
  <node id="25885" lat="-3.61861100236" lon="62.09917890955">
    <tag k="local_x" v="-44.4357"/>
    <tag k="local_y" v="-20.2174"/>
    <tag k="ele" v="2.0367"/>
  </node>
  <node id="25887" lat="-3.61858592723" lon="62.09917701748">
    <tag k="local_x" v="-44.6486"/>
    <tag k="local_y" v="-17.4456"/>
    <tag k="ele" v="2.0367"/>
  </node>
  <node id="25895" lat="-3.61868936585" lon="62.0982099338">
    <tag k="local_x" v="-152.0496"/>
    <tag k="local_y" v="-28.9872"/>
    <tag k="ele" v="2.0367"/>
  </node>
  <node id="25897" lat="-3.61866429073" lon="62.09820804175">
    <tag k="local_x" v="-152.2625"/>
    <tag k="local_y" v="-26.2154"/>
    <tag k="ele" v="2.0367"/>
  </node>
  <node id="25919" lat="-3.61863511835" lon="62.09844050681">
    <tag k="local_x" v="-126.4462"/>
    <tag k="local_y" v="-22.9648"/>
    <tag k="ele" v="1.9962"/>
  </node>
  <node id="25934" lat="-3.61861006556" lon="62.09843833743">
    <tag k="local_x" v="-126.6899"/>
    <tag k="local_y" v="-20.1955"/>
    <tag k="ele" v="1.9962"/>
  </node>
  <node id="25955" lat="-3.61867043595" lon="62.09844499793">
    <tag k="local_x" v="-125.9435"/>
    <tag k="local_y" v="-26.8686"/>
    <tag k="ele" v="2.094"/>
  </node>
  <node id="25956" lat="-3.61864537155" lon="62.09844297622">
    <tag k="local_x" v="-126.1708"/>
    <tag k="local_y" v="-24.098"/>
    <tag k="ele" v="2.094"/>
  </node>
  <node id="26015" lat="-3.61863953006" lon="62.09881684109">
    <tag k="local_x" v="-84.6469"/>
    <tag k="local_y" v="-23.411"/>
    <tag k="ele" v="1.9962"/>
  </node>
  <node id="26029" lat="-3.61862067275" lon="62.0987303247">
    <tag k="local_x" v="-94.2582"/>
    <tag k="local_y" v="-21.3359"/>
    <tag k="ele" v="1.9841"/>
  </node>
  <node id="26040" lat="-3.61861433265" lon="62.09881479069">
    <tag k="local_x" v="-84.8774"/>
    <tag k="local_y" v="-20.6257"/>
    <tag k="ele" v="1.9962"/>
  </node>
  <node id="26050" lat="-3.61859667533" lon="62.09874420475">
    <tag k="local_x" v="-92.7192"/>
    <tag k="local_y" v="-18.6815"/>
    <tag k="ele" v="1.9841"/>
  </node>
  <node id="26053" lat="-3.61859165784" lon="62.09873083686">
    <tag k="local_x" v="-94.2045"/>
    <tag k="local_y" v="-18.1283"/>
    <tag k="ele" v="1.9841"/>
  </node>
  <node id="26126" lat="-3.61865548726" lon="62.09862858442">
    <tag k="local_x" v="-105.5545"/>
    <tag k="local_y" v="-25.1958"/>
    <tag k="ele" v="2.1011"/>
  </node>
  <node id="26127" lat="-3.61863042286" lon="62.0986265627">
    <tag k="local_x" v="-105.7818"/>
    <tag k="local_y" v="-22.4252"/>
    <tag k="ele" v="2.1011"/>
  </node>
  <node id="26133" lat="-3.61861501858" lon="62.09868265152">
    <tag k="local_x" v="-99.5538"/>
    <tag k="local_y" v="-20.7161"/>
    <tag k="ele" v="2.1083"/>
  </node>
  <node id="26134" lat="-3.61862069762" lon="62.09861290235">
    <tag k="local_x" v="-107.3001"/>
    <tag k="local_y" v="-21.3516"/>
    <tag k="ele" v="2.1011"/>
  </node>
  <node id="26135" lat="-3.61858950277" lon="62.09868060684">
    <tag k="local_x" v="-99.7837"/>
    <tag k="local_y" v="-17.8956"/>
    <tag k="ele" v="2.1083"/>
  </node>
  <node id="26136" lat="-3.61859518181" lon="62.09861085767">
    <tag k="local_x" v="-107.53"/>
    <tag k="local_y" v="-18.5311"/>
    <tag k="ele" v="2.1011"/>
  </node>
  <node id="26147" lat="-3.61859006855" lon="62.09872454861">
    <tag k="local_x" v="-94.9031"/>
    <tag k="local_y" v="-17.9533"/>
    <tag k="ele" v="1.9841"/>
  </node>
  <node id="26153" lat="-3.61861663944" lon="62.09871786518">
    <tag k="local_x" v="-95.6425"/>
    <tag k="local_y" v="-20.8914"/>
    <tag k="ele" v="1.9841"/>
  </node>
  <node id="26154" lat="-3.61861485636" lon="62.09870593105">
    <tag k="local_x" v="-96.9682"/>
    <tag k="local_y" v="-20.6956"/>
    <tag k="ele" v="1.9841"/>
  </node>
  <node id="26156" lat="-3.61861463191" lon="62.09869583568">
    <tag k="local_x" v="-98.0895"/>
    <tag k="local_y" v="-20.6719"/>
    <tag k="ele" v="1.9841"/>
  </node>
  <node id="26158" lat="-3.61858841558" lon="62.09871518933">
    <tag k="local_x" v="-95.9428"/>
    <tag k="local_y" v="-17.7716"/>
    <tag k="ele" v="1.9841"/>
  </node>
  <node id="26160" lat="-3.61858811215" lon="62.09870572519">
    <tag k="local_x" v="-96.994"/>
    <tag k="local_y" v="-17.7391"/>
    <tag k="ele" v="1.9841"/>
  </node>
  <node id="26171" lat="-3.61859614739" lon="62.0989358963">
    <tag k="local_x" v="-71.4284"/>
    <tag k="local_y" v="-18.602"/>
    <tag k="ele" v="1.9962"/>
  </node>
  <node id="26186" lat="-3.61857019175" lon="62.09893366208">
    <tag k="local_x" v="-71.6794"/>
    <tag k="local_y" v="-15.7329"/>
    <tag k="ele" v="1.9962"/>
  </node>
  <node id="26205" lat="-3.61857469323" lon="62.09917795323">
    <tag k="local_x" v="-44.5459"/>
    <tag k="local_y" v="-16.2036"/>
    <tag k="ele" v="2.1083"/>
  </node>
  <node id="26206" lat="-3.61858037231" lon="62.09910820406">
    <tag k="local_x" v="-52.2922"/>
    <tag k="local_y" v="-16.8391"/>
    <tag k="ele" v="2.1011"/>
  </node>
  <node id="26207" lat="-3.61854962883" lon="62.0991759315">
    <tag k="local_x" v="-44.7732"/>
    <tag k="local_y" v="-13.433"/>
    <tag k="ele" v="2.1083"/>
  </node>
  <node id="26208" lat="-3.61855530791" lon="62.09910618233">
    <tag k="local_x" v="-52.5195"/>
    <tag k="local_y" v="-14.0685"/>
    <tag k="ele" v="2.1011"/>
  </node>
  <node id="26222" lat="-3.61857996012" lon="62.09922825581">
    <tag k="local_x" v="-38.9583"/>
    <tag k="local_y" v="-16.7803"/>
    <tag k="ele" v="1.9841"/>
  </node>
  <node id="26225" lat="-3.61857620106" lon="62.09921866633">
    <tag k="local_x" v="-40.0238"/>
    <tag k="local_y" v="-16.3658"/>
    <tag k="ele" v="1.9841"/>
  </node>
  <node id="26228" lat="-3.61857419702" lon="62.09921102076">
    <tag k="local_x" v="-40.8732"/>
    <tag k="local_y" v="-16.1451"/>
    <tag k="ele" v="1.9841"/>
  </node>
  <node id="26231" lat="-3.61857292828" lon="62.09920052577">
    <tag k="local_x" v="-42.039"/>
    <tag k="local_y" v="-16.006"/>
    <tag k="ele" v="1.9841"/>
  </node>
  <node id="26242" lat="-3.61855856866" lon="62.09924471637">
    <tag k="local_x" v="-37.1324"/>
    <tag k="local_y" v="-14.4137"/>
    <tag k="ele" v="1.9841"/>
  </node>
  <node id="26244" lat="-3.61855275713" lon="62.09923062538">
    <tag k="local_x" v="-38.6981"/>
    <tag k="local_y" v="-13.7728"/>
    <tag k="ele" v="1.9841"/>
  </node>
  <node id="26246" lat="-3.61855012122" lon="62.09922159391">
    <tag k="local_x" v="-39.7015"/>
    <tag k="local_y" v="-13.4824"/>
    <tag k="ele" v="1.9841"/>
  </node>
  <node id="26249" lat="-3.61854809021" lon="62.09921049104">
    <tag k="local_x" v="-40.9349"/>
    <tag k="local_y" v="-13.2591"/>
    <tag k="ele" v="1.9841"/>
  </node>
  <node id="26251" lat="-3.61854778679" lon="62.09920102689">
    <tag k="local_x" v="-41.9861"/>
    <tag k="local_y" v="-13.2266"/>
    <tag k="ele" v="1.9841"/>
  </node>
  <node id="26377" lat="-3.61860136927" lon="62.0989238328">
    <tag k="local_x" v="-72.7677"/>
    <tag k="local_y" v="-19.1806"/>
    <tag k="ele" v="1.9962"/>
  </node>
  <node id="26382" lat="-3.61857374023" lon="62.09891713181">
    <tag k="local_x" v="-73.515"/>
    <tag k="local_y" v="-16.127"/>
    <tag k="ele" v="1.9962"/>
  </node>
  <node id="26384" lat="-3.61857838826" lon="62.09890743048">
    <tag k="local_x" v="-74.592"/>
    <tag k="local_y" v="-16.6419"/>
    <tag k="ele" v="1.9962"/>
  </node>
  <node id="26407" lat="-3.61858331041" lon="62.0994675314">
    <tag k="local_x" v="-12.382"/>
    <tag k="local_y" v="-17.1243"/>
    <tag k="ele" v="1.934"/>
  </node>
  <node id="26408" lat="-3.61855647561" lon="62.09946538626">
    <tag k="local_x" v="-12.6232"/>
    <tag k="local_y" v="-14.158"/>
    <tag k="ele" v="1.934"/>
  </node>
  <node id="26414" lat="-3.61856382039" lon="62.09931340135">
    <tag k="local_x" v="-29.5031"/>
    <tag k="local_y" v="-14.9867"/>
    <tag k="ele" v="1.9133"/>
  </node>
  <node id="26415" lat="-3.61853850355" lon="62.09931132674">
    <tag k="local_x" v="-29.7363"/>
    <tag k="local_y" v="-12.1882"/>
    <tag k="ele" v="1.936"/>
  </node>
  <node id="26421" lat="-3.61860376991" lon="62.09881849976">
    <tag k="local_x" v="-84.4666"/>
    <tag k="local_y" v="-19.4576"/>
    <tag k="ele" v="1.9133"/>
  </node>
  <node id="26425" lat="-3.61857845307" lon="62.09881642516">
    <tag k="local_x" v="-84.6998"/>
    <tag k="local_y" v="-16.6591"/>
    <tag k="ele" v="1.936"/>
  </node>
  <node id="26432" lat="-3.61864773275" lon="62.09841783261">
    <tag k="local_x" v="-128.9632"/>
    <tag k="local_y" v="-24.3618"/>
    <tag k="ele" v="1.9852"/>
  </node>
  <node id="26433" lat="-3.61862796364" lon="62.09840026118">
    <tag k="local_x" v="-130.917"/>
    <tag k="local_y" v="-22.1783"/>
    <tag k="ele" v="1.9852"/>
  </node>
  <node id="26441" lat="-3.61863732157" lon="62.09843200896">
    <tag k="local_x" v="-127.3898"/>
    <tag k="local_y" v="-23.2093"/>
    <tag k="ele" v="1.9962"/>
  </node>
  <node id="26444" lat="-3.61864218487" lon="62.09842410811">
    <tag k="local_x" v="-128.2668"/>
    <tag k="local_y" v="-23.7478"/>
    <tag k="ele" v="1.9962"/>
  </node>
  <node id="26447" lat="-3.61861328412" lon="62.09842298513">
    <tag k="local_x" v="-128.3947"/>
    <tag k="local_y" v="-20.553"/>
    <tag k="ele" v="1.9962"/>
  </node>
  <node id="26450" lat="-3.61862017435" lon="62.098409411">
    <tag k="local_x" v="-129.9016"/>
    <tag k="local_y" v="-21.3162"/>
    <tag k="ele" v="1.9962"/>
  </node>
  <node id="26529" lat="-3.61860737666" lon="62.09877514539">
    <tag k="local_x" v="-89.2815"/>
    <tag k="local_y" v="-19.8611"/>
    <tag k="ele" v="1.9246"/>
  </node>
  <node id="26538" lat="-3.61858200374" lon="62.09877307536">
    <tag k="local_x" v="-89.5142"/>
    <tag k="local_y" v="-17.0564"/>
    <tag k="ele" v="1.9246"/>
  </node>
  <node id="26555" lat="-3.61865060623" lon="62.09868853253">
    <tag k="local_x" v="-98.8967"/>
    <tag k="local_y" v="-24.6496"/>
    <tag k="ele" v="2.1047"/>
  </node>
  <node id="26556" lat="-3.61862554183" lon="62.09868651081">
    <tag k="local_x" v="-99.124"/>
    <tag k="local_y" v="-21.879"/>
    <tag k="ele" v="2.1047"/>
  </node>
  <node id="26565" lat="-3.61856536864" lon="62.09929485268">
    <tag k="local_x" v="-31.5631"/>
    <tag k="local_y" v="-15.1599"/>
    <tag k="ele" v="1.9131"/>
  </node>
  <node id="26566" lat="-3.61854002646" lon="62.09929276639">
    <tag k="local_x" v="-31.7976"/>
    <tag k="local_y" v="-12.3586"/>
    <tag k="ele" v="1.936"/>
  </node>
  <node id="26614" lat="-3.61871906868" lon="62.09790270253">
    <tag k="local_x" v="-186.17"/>
    <tag k="local_y" v="-32.3047"/>
    <tag k="ele" v="1.7679"/>
  </node>
  <node id="26616" lat="-3.61873772176" lon="62.09788877552">
    <tag k="local_x" v="-187.7148"/>
    <tag k="local_y" v="-34.3683"/>
    <tag k="ele" v="1.7679"/>
  </node>
  <node id="26618" lat="-3.61875913857" lon="62.09787961581">
    <tag k="local_x" v="-188.7298"/>
    <tag k="local_y" v="-36.7369"/>
    <tag k="ele" v="1.7679"/>
  </node>
  <node id="26620" lat="-3.61878286999" lon="62.09787567403">
    <tag k="local_x" v="-189.165"/>
    <tag k="local_y" v="-39.3608"/>
    <tag k="ele" v="1.7679"/>
  </node>
  <node id="26627" lat="-3.61870154591" lon="62.09788449144">
    <tag k="local_x" v="-188.1946"/>
    <tag k="local_y" v="-30.3696"/>
    <tag k="ele" v="1.7679"/>
  </node>
  <node id="26629" lat="-3.61872496973" lon="62.09786691601">
    <tag k="local_x" v="-190.1441"/>
    <tag k="local_y" v="-32.961"/>
    <tag k="ele" v="1.7679"/>
  </node>
  <node id="26631" lat="-3.61875189935" lon="62.09785532172">
    <tag k="local_x" v="-191.4289"/>
    <tag k="local_y" v="-35.9393"/>
    <tag k="ele" v="1.7679"/>
  </node>
  <node id="26633" lat="-3.6187800668" lon="62.09785042568">
    <tag k="local_x" v="-191.9696"/>
    <tag k="local_y" v="-39.0537"/>
    <tag k="ele" v="1.7679"/>
  </node>
  <node id="26684" lat="-3.61925643496" lon="62.09704937927">
    <tag k="local_x" v="-280.8881"/>
    <tag k="local_y" v="-91.8038"/>
    <tag k="ele" v="1.7798"/>
  </node>
  <node id="26685" lat="-3.61926504666" lon="62.09694538066">
    <tag k="local_x" v="-292.4381"/>
    <tag k="local_y" v="-92.7673"/>
    <tag k="ele" v="1.7773"/>
  </node>
  <node id="26686" lat="-3.61926962739" lon="62.09688920348">
    <tag k="local_x" v="-298.6771"/>
    <tag k="local_y" v="-93.2799"/>
    <tag k="ele" v="1.7703"/>
  </node>
  <node id="26689" lat="-3.61923955427" lon="62.09694413732">
    <tag k="local_x" v="-292.579"/>
    <tag k="local_y" v="-89.9493"/>
    <tag k="ele" v="1.7801"/>
  </node>
  <node id="26690" lat="-3.6192444375" lon="62.09688742864">
    <tag k="local_x" v="-298.877"/>
    <tag k="local_y" v="-90.4954"/>
    <tag k="ele" v="1.7698"/>
  </node>
  <node id="26692" lat="-3.61928383227" lon="62.09670758133">
    <tag k="local_x" v="-318.848"/>
    <tag k="local_y" v="-94.8703"/>
    <tag k="ele" v="1.7574"/>
  </node>
  <node id="26694" lat="-3.6192914996" lon="62.09660725888">
    <tag k="local_x" v="-329.9898"/>
    <tag k="local_y" v="-95.729"/>
    <tag k="ele" v="1.7673"/>
  </node>
  <node id="26696" lat="-3.61925854082" lon="62.09670645304">
    <tag k="local_x" v="-318.9761"/>
    <tag k="local_y" v="-92.0745"/>
    <tag k="ele" v="1.7717"/>
  </node>
  <node id="26698" lat="-3.61926644465" lon="62.09660473122">
    <tag k="local_x" v="-330.2733"/>
    <tag k="local_y" v="-92.9595"/>
    <tag k="ele" v="1.7715"/>
  </node>
  <node id="26707" lat="-3.61925642335" lon="62.09704952064">
    <tag k="local_x" v="-280.8724"/>
    <tag k="local_y" v="-91.8025"/>
    <tag k="ele" v="1.7697"/>
  </node>
  <node id="26708" lat="-3.61923126942" lon="62.09704752066">
    <tag k="local_x" v="-281.0973"/>
    <tag k="local_y" v="-89.022"/>
    <tag k="ele" v="1.7837"/>
  </node>
  <node id="27340" lat="-3.61762110007" lon="62.09699966601">
    <tag k="local_x" v="-286.5895"/>
    <tag k="local_y" v="88.974"/>
    <tag k="ele" v="2.0206"/>
  </node>
  <node id="27341" lat="-3.61759403859" lon="62.0969978732">
    <tag k="local_x" v="-286.7916"/>
    <tag k="local_y" v="91.9654"/>
    <tag k="ele" v="2.0206"/>
  </node>
  <node id="27482" lat="-3.61777174694" lon="62.09522198587">
    <tag k="local_x" v="-484.0172"/>
    <tag k="local_y" v="72.1237"/>
    <tag k="ele" v="1.4788"/>
  </node>
  <node id="27483" lat="-3.61774619607" lon="62.0952201511">
    <tag k="local_x" v="-484.2238"/>
    <tag k="local_y" v="74.9481"/>
    <tag k="ele" v="1.4866"/>
  </node>
  <node id="27562" lat="-3.61776560219" lon="62.09530248462">
    <tag k="local_x" v="-475.077"/>
    <tag k="local_y" v="72.8119"/>
    <tag k="ele" v="1.494"/>
  </node>
  <node id="27563" lat="-3.61774018495" lon="62.09530039672">
    <tag k="local_x" v="-475.3117"/>
    <tag k="local_y" v="75.6215"/>
    <tag k="ele" v="1.505"/>
  </node>
  <node id="28059" lat="-3.6177116255" lon="62.09533115022">
    <tag k="local_x" v="-471.8991"/>
    <tag k="local_y" v="78.7821"/>
    <tag k="ele" v="1.5234"/>
  </node>
  <node id="28060" lat="-3.61770416011" lon="62.09533489405">
    <tag k="local_x" v="-471.4841"/>
    <tag k="local_y" v="79.6078"/>
    <tag k="ele" v="1.5234"/>
  </node>
  <node id="28061" lat="-3.6176977647" lon="62.09533939852">
    <tag k="local_x" v="-470.9845"/>
    <tag k="local_y" v="80.3153"/>
    <tag k="ele" v="1.5234"/>
  </node>
  <node id="28062" lat="-3.61769333002" lon="62.09534621223">
    <tag k="local_x" v="-470.2282"/>
    <tag k="local_y" v="80.8063"/>
    <tag k="ele" v="1.5234"/>
  </node>
  <node id="28063" lat="-3.61769015441" lon="62.09535472454">
    <tag k="local_x" v="-469.2831"/>
    <tag k="local_y" v="81.1583"/>
    <tag k="ele" v="1.5234"/>
  </node>
  <node id="28065" lat="-3.6176877119" lon="62.09536543116">
    <tag k="local_x" v="-468.0942"/>
    <tag k="local_y" v="81.4295"/>
    <tag k="ele" v="1.5234"/>
  </node>
  <node id="28067" lat="-3.61771901849" lon="62.09537797703">
    <tag k="local_x" v="-466.6973"/>
    <tag k="local_y" v="77.97"/>
    <tag k="ele" v="1.5234"/>
  </node>
  <node id="28068" lat="-3.61771614171" lon="62.09538047654">
    <tag k="local_x" v="-466.42"/>
    <tag k="local_y" v="78.2883"/>
    <tag k="ele" v="1.5234"/>
  </node>
  <node id="28071" lat="-3.61771438567" lon="62.09538475582">
    <tag k="local_x" v="-465.9449"/>
    <tag k="local_y" v="78.4829"/>
    <tag k="ele" v="1.5234"/>
  </node>
  <node id="28078" lat="-3.61821150651" lon="62.09431764611">
    <tag k="local_x" v="-584.4124"/>
    <tag k="local_y" v="23.4089"/>
    <tag k="ele" v="1.5322"/>
  </node>
  <node id="28079" lat="-3.61821360692" lon="62.09429234252">
    <tag k="local_x" v="-587.2226"/>
    <tag k="local_y" v="23.1739"/>
    <tag k="ele" v="1.5322"/>
  </node>
  <node id="28158" lat="-3.6177729109" lon="62.09433315516">
    <tag k="local_x" v="-582.7382"/>
    <tag k="local_y" v="71.8966"/>
    <tag k="ele" v="1.3263"/>
  </node>
  <node id="28159" lat="-3.61779828554" lon="62.09433516385">
    <tag k="local_x" v="-582.5123"/>
    <tag k="local_y" v="69.0917"/>
    <tag k="ele" v="1.3263"/>
  </node>
  <node id="28280" lat="-3.61775276862" lon="62.09456521114">
    <tag k="local_x" v="-556.9663"/>
    <tag k="local_y" v="74.149"/>
    <tag k="ele" v="1.3677"/>
  </node>
  <node id="28281" lat="-3.61777819844" lon="62.09456721167">
    <tag k="local_x" v="-556.7413"/>
    <tag k="local_y" v="71.338"/>
    <tag k="ele" v="1.3677"/>
  </node>
  <node id="28645" lat="-3.61770299948" lon="62.09517672169">
    <tag k="local_x" v="-489.0522"/>
    <tag k="local_y" v="79.7186"/>
    <tag k="ele" v="1.5005"/>
  </node>
  <node id="28646" lat="-3.6177023888" lon="62.09518386743">
    <tag k="local_x" v="-488.2586"/>
    <tag k="local_y" v="79.7869"/>
    <tag k="ele" v="1.5005"/>
  </node>
  <node id="28647" lat="-3.61772823123" lon="62.09517876475">
    <tag k="local_x" v="-488.8225"/>
    <tag k="local_y" v="76.9295"/>
    <tag k="ele" v="1.5005"/>
  </node>
  <node id="28648" lat="-3.61772767303" lon="62.09518591495">
    <tag k="local_x" v="-488.0284"/>
    <tag k="local_y" v="76.992"/>
    <tag k="ele" v="1.5005"/>
  </node>
  <node id="28652" lat="-3.61771785806" lon="62.09499686574">
    <tag k="local_x" v="-509.0269"/>
    <tag k="local_y" v="78.0561"/>
    <tag k="ele" v="1.4348"/>
  </node>
  <node id="28653" lat="-3.61774312875" lon="62.09499893667">
    <tag k="local_x" v="-508.7941"/>
    <tag k="local_y" v="75.2627"/>
    <tag k="ele" v="1.433"/>
  </node>
  <node id="28700" lat="-3.61758553627" lon="62.09661033699">
    <tag k="local_x" v="-329.8356"/>
    <tag k="local_y" v="92.8625"/>
    <tag k="ele" v="1.7366"/>
  </node>
  <node id="28701" lat="-3.61761064883" lon="62.09661258189">
    <tag k="local_x" v="-329.5835"/>
    <tag k="local_y" v="90.0866"/>
    <tag k="ele" v="1.7508"/>
  </node>
  <node id="29931" lat="-3.61905685069" lon="62.09714642001">
    <tag k="local_x" v="-270.1319"/>
    <tag k="local_y" v="-69.7294"/>
    <tag k="ele" v="1.7466"/>
  </node>
  <node id="29932" lat="-3.61905468606" lon="62.09717180203">
    <tag k="local_x" v="-267.313"/>
    <tag k="local_y" v="-69.4873"/>
    <tag k="ele" v="1.7466"/>
  </node>
  <node id="30020" lat="-3.61851463366" lon="62.09712466604">
    <tag k="local_x" v="-272.6077"/>
    <tag k="local_y" v="-9.7907"/>
    <tag k="ele" v="1.7262"/>
  </node>
  <node id="30021" lat="-3.61851246732" lon="62.09715014438">
    <tag k="local_x" v="-269.7781"/>
    <tag k="local_y" v="-9.5484"/>
    <tag k="ele" v="1.7262"/>
  </node>
  <node id="30537" lat="-3.61806360139" lon="62.09708669566">
    <tag k="local_x" v="-276.8746"/>
    <tag k="local_y" v="40.0659"/>
    <tag k="ele" v="1.7282"/>
  </node>
  <node id="30546" lat="-3.61806129118" lon="62.09711213902">
    <tag k="local_x" v="-274.0489"/>
    <tag k="local_y" v="40.3241"/>
    <tag k="ele" v="1.7282"/>
  </node>
  <node id="30869" lat="-3.61873713159" lon="62.09714222851">
    <tag k="local_x" v="-270.6326"/>
    <tag k="local_y" v="-34.3855"/>
    <tag k="ele" v="1.7406"/>
  </node>
  <node id="30870" lat="-3.61873496159" lon="62.09716767085">
    <tag k="local_x" v="-267.807"/>
    <tag k="local_y" v="-34.1428"/>
    <tag k="ele" v="1.7406"/>
  </node>
  <node id="30876" lat="-3.61885486424" lon="62.09715155029">
    <tag k="local_x" v="-269.5843"/>
    <tag k="local_y" v="-47.3996"/>
    <tag k="ele" v="1.7436"/>
  </node>
  <node id="30877" lat="-3.61885269334" lon="62.09717698903">
    <tag k="local_x" v="-266.7591"/>
    <tag k="local_y" v="-47.1568"/>
    <tag k="ele" v="1.7436"/>
  </node>
  <node id="31035" lat="-3.61836653367" lon="62.09711213848">
    <tag k="local_x" v="-274.0154"/>
    <tag k="local_y" v="6.5801"/>
    <tag k="ele" v="1.7269"/>
  </node>
  <node id="31036" lat="-3.61836425693" lon="62.09713758632">
    <tag k="local_x" v="-271.1892"/>
    <tag k="local_y" v="6.8346"/>
    <tag k="ele" v="1.7269"/>
  </node>
  <node id="31444" lat="-3.61818435182" lon="62.09709701654">
    <tag k="local_x" v="-275.715"/>
    <tag k="local_y" v="26.7183"/>
    <tag k="ele" v="1.8626"/>
  </node>
  <node id="31445" lat="-3.61818216555" lon="62.09712246429">
    <tag k="local_x" v="-272.8888"/>
    <tag k="local_y" v="26.9628"/>
    <tag k="ele" v="1.8626"/>
  </node>
  <node id="31729" lat="-3.61804361478" lon="62.09958890696">
    <tag k="local_x" v="1.0398"/>
    <tag k="local_y" v="42.5514"/>
    <tag k="ele" v="2.0022"/>
  </node>
  <node id="31730" lat="-3.61804578472" lon="62.09956333768">
    <tag k="local_x" v="-1.7999"/>
    <tag k="local_y" v="42.3087"/>
    <tag k="ele" v="2.0022"/>
  </node>
  <node id="31790" lat="-3.61813996742" lon="62.09956985775">
    <tag k="local_x" v="-1.0654"/>
    <tag k="local_y" v="31.8977"/>
    <tag k="ele" v="1.9402"/>
  </node>
  <node id="31791" lat="-3.61813234436" lon="62.09954158449">
    <tag k="local_x" v="-4.2065"/>
    <tag k="local_y" v="32.7373"/>
    <tag k="ele" v="1.9402"/>
  </node>
  <node id="31800" lat="-3.61806221655" lon="62.09958882107">
    <tag k="local_x" v="1.0323"/>
    <tag k="local_y" v="40.495"/>
    <tag k="ele" v="2.0022"/>
  </node>
  <node id="31804" lat="-3.61808026267" lon="62.09958758689">
    <tag k="local_x" v="0.8972"/>
    <tag k="local_y" v="38.4999"/>
    <tag k="ele" v="2.0022"/>
  </node>
  <node id="31808" lat="-3.61809488905" lon="62.09958503617">
    <tag k="local_x" v="0.6155"/>
    <tag k="local_y" v="36.8827"/>
    <tag k="ele" v="2.0022"/>
  </node>
  <node id="31810" lat="-3.61810817922" lon="62.09958143247">
    <tag k="local_x" v="0.2167"/>
    <tag k="local_y" v="35.4131"/>
    <tag k="ele" v="2.0022"/>
  </node>
  <node id="31814" lat="-3.61806133118" lon="62.09956180435">
    <tag k="local_x" v="-1.9685"/>
    <tag k="local_y" v="40.5899"/>
    <tag k="ele" v="2.0022"/>
  </node>
  <node id="31818" lat="-3.6180768374" lon="62.09955984249">
    <tag k="local_x" v="-2.1847"/>
    <tag k="local_y" v="38.8755"/>
    <tag k="ele" v="2.0022"/>
  </node>
  <node id="31822" lat="-3.61808890101" lon="62.09955719707">
    <tag k="local_x" v="-2.4772"/>
    <tag k="local_y" v="37.5416"/>
    <tag k="ele" v="2.0022"/>
  </node>
  <node id="31824" lat="-3.61810082" lon="62.09955376399">
    <tag k="local_x" v="-2.8572"/>
    <tag k="local_y" v="36.2236"/>
    <tag k="ele" v="2.0022"/>
  </node>
  <node id="31828" lat="-3.61799569549" lon="62.09954727903">
    <tag k="local_x" v="-3.589"/>
    <tag k="local_y" v="47.8442"/>
    <tag k="ele" v="1.921"/>
  </node>
  <node id="31838" lat="-3.61799776183" lon="62.09952213121">
    <tag k="local_x" v="-6.3819"/>
    <tag k="local_y" v="47.613"/>
    <tag k="ele" v="1.9049"/>
  </node>
  <node id="31851" lat="-3.61803032308" lon="62.09955012685">
    <tag k="local_x" v="-3.2689"/>
    <tag k="local_y" v="44.0165"/>
    <tag k="ele" v="1.9128"/>
  </node>
  <node id="31852" lat="-3.61803242647" lon="62.09952494569">
    <tag k="local_x" v="-6.0655"/>
    <tag k="local_y" v="43.7812"/>
    <tag k="ele" v="1.9128"/>
  </node>
  <node id="31953" lat="-3.61705271167" lon="62.09683125638">
    <tag k="local_x" v="-305.357"/>
    <tag k="local_y" v="151.7897"/>
    <tag k="ele" v="1.9087"/>
  </node>
  <node id="31954" lat="-3.61706913902" lon="62.09660871541">
    <tag k="local_x" v="-330.0725"/>
    <tag k="local_y" v="149.9491"/>
    <tag k="ele" v="1.8909"/>
  </node>
  <node id="31956" lat="-3.6170788804" lon="62.0968331185">
    <tag k="local_x" v="-305.1473"/>
    <tag k="local_y" v="148.897"/>
    <tag k="ele" v="1.9087"/>
  </node>
  <node id="31957" lat="-3.61709530775" lon="62.09661057753">
    <tag k="local_x" v="-329.8628"/>
    <tag k="local_y" v="147.0564"/>
    <tag k="ele" v="1.8909"/>
  </node>
  <node id="32262" lat="-3.6170410274" lon="62.09682967074">
    <tag k="local_x" v="-305.5344"/>
    <tag k="local_y" v="153.0812"/>
    <tag k="ele" v="1.9087"/>
  </node>
  <node id="32263" lat="-3.61705745475" lon="62.09660712977">
    <tag k="local_x" v="-330.2499"/>
    <tag k="local_y" v="151.2406"/>
    <tag k="ele" v="1.8909"/>
  </node>
  <node id="32264" lat="-3.61701485866" lon="62.09682780862">
    <tag k="local_x" v="-305.7441"/>
    <tag k="local_y" v="155.9739"/>
    <tag k="ele" v="1.9087"/>
  </node>
  <node id="32265" lat="-3.61703128602" lon="62.09660526766">
    <tag k="local_x" v="-330.4596"/>
    <tag k="local_y" v="154.1333"/>
    <tag k="ele" v="1.8909"/>
  </node>
  <node id="32281" lat="-3.61701973285" lon="62.09702818723">
    <tag k="local_x" v="-283.4878"/>
    <tag k="local_y" v="155.4572"/>
    <tag k="ele" v="-0.6867"/>
  </node>
  <node id="32287" lat="-3.61703252838" lon="62.09700394628">
    <tag k="local_x" v="-286.1788"/>
    <tag k="local_y" v="154.04"/>
    <tag k="ele" v="-0.6867"/>
  </node>
  <node id="32293" lat="-3.61704387316" lon="62.09697900001">
    <tag k="local_x" v="-288.9483"/>
    <tag k="local_y" v="152.7831"/>
    <tag k="ele" v="-0.6867"/>
  </node>
  <node id="32299" lat="-3.61705372747" lon="62.09695343577">
    <tag k="local_x" v="-291.7866"/>
    <tag k="local_y" v="151.6909"/>
    <tag k="ele" v="-0.6867"/>
  </node>
  <node id="32305" lat="-3.61706205704" lon="62.09692734093">
    <tag k="local_x" v="-294.684"/>
    <tag k="local_y" v="150.7672"/>
    <tag k="ele" v="-0.6867"/>
  </node>
  <node id="32311" lat="-3.61706883389" lon="62.09690080556">
    <tag k="local_x" v="-297.6305"/>
    <tag k="local_y" v="150.0151"/>
    <tag k="ele" v="-0.6867"/>
  </node>
  <node id="32317" lat="-3.61707403461" lon="62.09687392062">
    <tag k="local_x" v="-300.616"/>
    <tag k="local_y" v="149.4372"/>
    <tag k="ele" v="-0.6867"/>
  </node>
  <node id="32323" lat="-3.6170776412" lon="62.09684677886">
    <tag k="local_x" v="-303.6302"/>
    <tag k="local_y" v="149.0355"/>
    <tag k="ele" v="-0.6867"/>
  </node>
  <node id="32335" lat="-3.61699669105" lon="62.09701524867">
    <tag k="local_x" v="-284.9274"/>
    <tag k="local_y" v="158.003"/>
    <tag k="ele" v="-0.6867"/>
  </node>
  <node id="32341" lat="-3.61700879143" lon="62.09699238864">
    <tag k="local_x" v="-287.4651"/>
    <tag k="local_y" v="156.6628"/>
    <tag k="ele" v="-0.6867"/>
  </node>
  <node id="32347" lat="-3.61701952342" lon="62.09696886101">
    <tag k="local_x" v="-290.0771"/>
    <tag k="local_y" v="155.4738"/>
    <tag k="ele" v="-0.6867"/>
  </node>
  <node id="32353" lat="-3.61702885" lon="62.09694474595">
    <tag k="local_x" v="-292.7545"/>
    <tag k="local_y" v="154.4401"/>
    <tag k="ele" v="-0.6867"/>
  </node>
  <node id="32359" lat="-3.61703673869" lon="62.09692012722">
    <tag k="local_x" v="-295.488"/>
    <tag k="local_y" v="153.5653"/>
    <tag k="ele" v="-0.6867"/>
  </node>
  <node id="32365" lat="-3.61704316335" lon="62.09689508858">
    <tag k="local_x" v="-298.2683"/>
    <tag k="local_y" v="152.8523"/>
    <tag k="ele" v="-0.6867"/>
  </node>
  <node id="32371" lat="-3.61704810054" lon="62.09686971827">
    <tag k="local_x" v="-301.0856"/>
    <tag k="local_y" v="152.3037"/>
    <tag k="ele" v="-0.6867"/>
  </node>
  <node id="32377" lat="-3.61705153407" lon="62.09684410097">
    <tag k="local_x" v="-303.9305"/>
    <tag k="local_y" v="151.9213"/>
    <tag k="ele" v="-0.6867"/>
  </node>
  <node id="32450" lat="-3.61701099577" lon="62.09704296873">
    <tag k="local_x" v="-281.847"/>
    <tag k="local_y" v="156.4247"/>
    <tag k="ele" v="-0.6867"/>
  </node>
  <node id="32451" lat="-3.61698839553" lon="62.09702924643">
    <tag k="local_x" v="-283.3736"/>
    <tag k="local_y" v="158.9216"/>
    <tag k="ele" v="-0.6867"/>
  </node>
  <node id="32457" lat="-3.61701354333" lon="62.09703869047">
    <tag k="local_x" v="-282.3219"/>
    <tag k="local_y" v="156.1426"/>
    <tag k="ele" v="-0.6867"/>
  </node>
  <node id="32461" lat="-3.61702171259" lon="62.09702146329">
    <tag k="local_x" v="-284.2344"/>
    <tag k="local_y" v="155.2376"/>
    <tag k="ele" v="-0.6867"/>
  </node>
  <node id="32465" lat="-3.61702731884" lon="62.09700300068">
    <tag k="local_x" v="-286.2844"/>
    <tag k="local_y" v="154.6158"/>
    <tag k="ele" v="-0.6867"/>
  </node>
  <node id="32473" lat="-3.61699711021" lon="62.09701196829">
    <tag k="local_x" v="-285.2917"/>
    <tag k="local_y" v="157.9563"/>
    <tag k="ele" v="-0.6867"/>
  </node>
  <node id="32477" lat="-3.61700166184" lon="62.09699724675">
    <tag k="local_x" v="-286.9263"/>
    <tag k="local_y" v="157.4515"/>
    <tag k="ele" v="-0.6867"/>
  </node>
  <node id="32484" lat="-3.61708888623" lon="62.0966975743">
    <tag k="local_x" v="-320.2009"/>
    <tag k="local_y" v="147.7759"/>
    <tag k="ele" v="1.8998"/>
  </node>
  <node id="32485" lat="-3.61706272107" lon="62.09669566176">
    <tag k="local_x" v="-320.4162"/>
    <tag k="local_y" v="150.6682"/>
    <tag k="ele" v="1.8998"/>
  </node>
  <node id="32491" lat="-3.61701954147" lon="62.09712457563">
    <tag k="local_x" v="-272.7821"/>
    <tag k="local_y" v="155.489"/>
    <tag k="ele" v="1.9087"/>
  </node>
  <node id="32493" lat="-3.61699337274" lon="62.0971227135">
    <tag k="local_x" v="-272.9918"/>
    <tag k="local_y" v="158.3817"/>
    <tag k="ele" v="1.9087"/>
  </node>
  <node id="32498" lat="-3.6170219557" lon="62.09709187091">
    <tag k="local_x" v="-276.4143"/>
    <tag k="local_y" v="155.2185"/>
    <tag k="ele" v="1.9043"/>
  </node>
  <node id="32499" lat="-3.61699579054" lon="62.09708995746">
    <tag k="local_x" v="-276.6297"/>
    <tag k="local_y" v="158.1108"/>
    <tag k="ele" v="1.9043"/>
  </node>
  <node id="32505" lat="-3.61703003683" lon="62.09698369819">
    <tag k="local_x" v="-288.428"/>
    <tag k="local_y" v="154.3132"/>
    <tag k="ele" v="0.611"/>
  </node>
  <node id="32506" lat="-3.61700390882" lon="62.09698185224">
    <tag k="local_x" v="-288.6359"/>
    <tag k="local_y" v="157.2014"/>
    <tag k="ele" v="0.611"/>
  </node>
  <node id="32526" lat="-3.61707088902" lon="62.09693965431">
    <tag k="local_x" v="-293.3154"/>
    <tag k="local_y" v="149.7922"/>
    <tag k="ele" v="1.8998"/>
  </node>
  <node id="32527" lat="-3.61704472476" lon="62.09693774086">
    <tag k="local_x" v="-293.5308"/>
    <tag k="local_y" v="152.6844"/>
    <tag k="ele" v="1.8998"/>
  </node>
  <node id="32841" lat="-3.61777764335" lon="62.09514192314">
    <tag k="local_x" v="-492.909"/>
    <tag k="local_y" v="71.463"/>
    <tag k="ele" v="1.4518"/>
  </node>
  <node id="32842" lat="-3.61775199641" lon="62.0951398958">
    <tag k="local_x" v="-493.137"/>
    <tag k="local_y" v="74.298"/>
    <tag k="ele" v="1.4587"/>
  </node>
  <node id="32855" lat="-3.6177851091" lon="62.0951123403">
    <tag k="local_x" v="-496.1939"/>
    <tag k="local_y" v="70.6344"/>
    <tag k="ele" v="1.3153"/>
  </node>
  <node id="32857" lat="-3.61778880596" lon="62.09510584875">
    <tag k="local_x" v="-496.9145"/>
    <tag k="local_y" v="70.225"/>
    <tag k="ele" v="1.3153"/>
  </node>
  <node id="32859" lat="-3.61775743495" lon="62.09510124489">
    <tag k="local_x" v="-497.4293"/>
    <tag k="local_y" v="73.6925"/>
    <tag k="ele" v="1.3153"/>
  </node>
  <node id="32862" lat="-3.61776235983" lon="62.09509073118">
    <tag k="local_x" v="-498.5965"/>
    <tag k="local_y" v="73.1469"/>
    <tag k="ele" v="1.3153"/>
  </node>
  <node id="32960" lat="-3.61775369017" lon="62.09560204125">
    <tag k="local_x" v="-441.807"/>
    <tag k="local_y" v="74.1619"/>
    <tag k="ele" v="1.4923"/>
  </node>
  <node id="32961" lat="-3.61774366468" lon="62.09557582864">
    <tag k="local_x" v="-444.7195"/>
    <tag k="local_y" v="75.2673"/>
    <tag k="ele" v="1.4923"/>
  </node>
  <node id="32967" lat="-3.61773869581" lon="62.09562825256">
    <tag k="local_x" v="-438.8974"/>
    <tag k="local_y" v="75.8224"/>
    <tag k="ele" v="1.6645"/>
  </node>
  <node id="32968" lat="-3.61771317273" lon="62.09562617376">
    <tag k="local_x" v="-439.1311"/>
    <tag k="local_y" v="78.6437"/>
    <tag k="ele" v="1.6649"/>
  </node>
  <node id="32974" lat="-3.61774016975" lon="62.09562050093">
    <tag k="local_x" v="-439.7582"/>
    <tag k="local_y" v="75.6586"/>
    <tag k="ele" v="1.6544"/>
  </node>
  <node id="32976" lat="-3.6177421984" lon="62.09561474841">
    <tag k="local_x" v="-440.3969"/>
    <tag k="local_y" v="75.4337"/>
    <tag k="ele" v="1.6544"/>
  </node>
  <node id="32978" lat="-3.61774507772" lon="62.09560935249">
    <tag k="local_x" v="-440.9959"/>
    <tag k="local_y" v="75.1148"/>
    <tag k="ele" v="1.6544"/>
  </node>
  <node id="32980" lat="-3.61774952101" lon="62.09560481395">
    <tag k="local_x" v="-441.4995"/>
    <tag k="local_y" v="74.6231"/>
    <tag k="ele" v="1.6544"/>
  </node>
  <node id="32982" lat="-3.61771502347" lon="62.09560986577">
    <tag k="local_x" v="-440.9422"/>
    <tag k="local_y" v="78.4373"/>
    <tag k="ele" v="1.6544"/>
  </node>
  <node id="32983" lat="-3.61771548807" lon="62.09560498994">
    <tag k="local_x" v="-441.4837"/>
    <tag k="local_y" v="78.3854"/>
    <tag k="ele" v="1.6544"/>
  </node>
  <node id="32984" lat="-3.61771691641" lon="62.09559956575">
    <tag k="local_x" v="-442.086"/>
    <tag k="local_y" v="78.2269"/>
    <tag k="ele" v="1.6544"/>
  </node>
  <node id="32985" lat="-3.61771954708" lon="62.09559428622">
    <tag k="local_x" v="-442.6721"/>
    <tag k="local_y" v="77.9355"/>
    <tag k="ele" v="1.6544"/>
  </node>
  <node id="32986" lat="-3.61772324551" lon="62.09558936577">
    <tag k="local_x" v="-443.2182"/>
    <tag k="local_y" v="77.5261"/>
    <tag k="ele" v="1.6544"/>
  </node>
  <node id="32987" lat="-3.61772874391" lon="62.09558428867">
    <tag k="local_x" v="-443.7815"/>
    <tag k="local_y" v="76.9177"/>
    <tag k="ele" v="1.6544"/>
  </node>
  <node id="32989" lat="-3.61773716282" lon="62.09557882243">
    <tag k="local_x" v="-444.3877"/>
    <tag k="local_y" v="75.9864"/>
    <tag k="ele" v="1.6544"/>
  </node>
  <node id="32993" lat="-3.61775927452" lon="62.09537827114">
    <tag k="local_x" v="-466.6602"/>
    <tag k="local_y" v="73.5198"/>
    <tag k="ele" v="1.5005"/>
  </node>
  <node id="32994" lat="-3.61773087945" lon="62.09538618272">
    <tag k="local_x" v="-465.7846"/>
    <tag k="local_y" v="76.6597"/>
    <tag k="ele" v="1.5128"/>
  </node>
  <node id="33007" lat="-3.61776704471" lon="62.09560494063">
    <tag k="local_x" v="-441.4835"/>
    <tag k="local_y" v="72.6859"/>
    <tag k="ele" v="1.4127"/>
  </node>
  <node id="33008" lat="-3.6177649674" lon="62.0956289603">
    <tag k="local_x" v="-438.8159"/>
    <tag k="local_y" v="72.9182"/>
    <tag k="ele" v="1.4127"/>
  </node>
  <node id="33083" lat="-3.6177433241" lon="62.09557085907">
    <tag k="local_x" v="-445.2715"/>
    <tag k="local_y" v="75.3044"/>
    <tag k="ele" v="1.5826"/>
  </node>
  <node id="33084" lat="-3.61771801633" lon="62.09556878276">
    <tag k="local_x" v="-445.5049"/>
    <tag k="local_y" v="78.1019"/>
    <tag k="ele" v="1.5888"/>
  </node>
  <node id="33091" lat="-3.61776208078" lon="62.09560355092">
    <tag k="local_x" v="-441.6384"/>
    <tag k="local_y" v="73.2345"/>
    <tag k="ele" v="1.4127"/>
  </node>
  <node id="33093" lat="-3.6177582367" lon="62.09560123544">
    <tag k="local_x" v="-441.896"/>
    <tag k="local_y" v="73.6592"/>
    <tag k="ele" v="1.4127"/>
  </node>
  <node id="33095" lat="-3.61775348264" lon="62.09559714088">
    <tag k="local_x" v="-442.3513"/>
    <tag k="local_y" v="74.1843"/>
    <tag k="ele" v="1.4127"/>
  </node>
  <node id="33097" lat="-3.61774924139" lon="62.09559205363">
    <tag k="local_x" v="-442.9168"/>
    <tag k="local_y" v="74.6526"/>
    <tag k="ele" v="1.4127"/>
  </node>
  <node id="33099" lat="-3.61774637769" lon="62.09558594313">
    <tag k="local_x" v="-443.5958"/>
    <tag k="local_y" v="74.9685"/>
    <tag k="ele" v="1.4127"/>
  </node>
  <node id="33101" lat="-3.61774438143" lon="62.09557886569">
    <tag k="local_x" v="-444.3821"/>
    <tag k="local_y" v="75.1884"/>
    <tag k="ele" v="1.4127"/>
  </node>
  <node id="33103" lat="-3.61776117123" lon="62.0956293206">
    <tag k="local_x" v="-438.7763"/>
    <tag k="local_y" v="73.3379"/>
    <tag k="ele" v="1.4127"/>
  </node>
  <node id="33104" lat="-3.61775556401" lon="62.09562869952">
    <tag k="local_x" v="-438.8459"/>
    <tag k="local_y" v="73.9577"/>
    <tag k="ele" v="1.4127"/>
  </node>
  <node id="33105" lat="-3.61774959312" lon="62.09562716134">
    <tag k="local_x" v="-439.0174"/>
    <tag k="local_y" v="74.6176"/>
    <tag k="ele" v="1.4127"/>
  </node>
  <node id="33106" lat="-3.61774273849" lon="62.09562383326">
    <tag k="local_x" v="-439.3878"/>
    <tag k="local_y" v="75.375"/>
    <tag k="ele" v="1.4127"/>
  </node>
  <node id="33108" lat="-3.61773556954" lon="62.09561919009">
    <tag k="local_x" v="-439.9043"/>
    <tag k="local_y" v="76.167"/>
    <tag k="ele" v="1.4127"/>
  </node>
  <node id="33109" lat="-3.61772972297" lon="62.0956135138">
    <tag k="local_x" v="-440.5354"/>
    <tag k="local_y" v="76.8127"/>
    <tag k="ele" v="1.4127"/>
  </node>
  <node id="33110" lat="-3.61772510014" lon="62.09560767155">
    <tag k="local_x" v="-441.1848"/>
    <tag k="local_y" v="77.3231"/>
    <tag k="ele" v="1.4127"/>
  </node>
  <node id="33112" lat="-3.61771982508" lon="62.09559910549">
    <tag k="local_x" v="-442.1368"/>
    <tag k="local_y" v="77.9053"/>
    <tag k="ele" v="1.4127"/>
  </node>
  <node id="33113" lat="-3.61771746565" lon="62.09558978025">
    <tag k="local_x" v="-443.1728"/>
    <tag k="local_y" v="78.1651"/>
    <tag k="ele" v="1.4127"/>
  </node>
  <node id="33115" lat="-3.61771645755" lon="62.09558035464">
    <tag k="local_x" v="-444.2198"/>
    <tag k="local_y" v="78.2755"/>
    <tag k="ele" v="1.4127"/>
  </node>
  <node id="33119" lat="-3.61779951395" lon="62.09559063076">
    <tag k="local_x" v="-443.0693"/>
    <tag k="local_y" v="69.0949"/>
    <tag k="ele" v="1.5512"/>
  </node>
  <node id="33120" lat="-3.61780151245" lon="62.09556650674">
    <tag k="local_x" v="-445.7485"/>
    <tag k="local_y" v="68.8713"/>
    <tag k="ele" v="1.5512"/>
  </node>
  <node id="33139" lat="-3.61769293245" lon="62.09530057413">
    <tag k="local_x" v="-475.2972"/>
    <tag k="local_y" v="80.8452"/>
    <tag k="ele" v="1.5065"/>
  </node>
  <node id="33140" lat="-3.61771827998" lon="62.09530260088">
    <tag k="local_x" v="-475.0693"/>
    <tag k="local_y" v="78.0433"/>
    <tag k="ele" v="1.5039"/>
  </node>
  <node id="33146" lat="-3.61775699985" lon="62.09540573572">
    <tag k="local_x" v="-463.61"/>
    <tag k="local_y" v="73.7743"/>
    <tag k="ele" v="1.5416"/>
  </node>
  <node id="33147" lat="-3.61773169207" lon="62.09540365851">
    <tag k="local_x" v="-463.8435"/>
    <tag k="local_y" v="76.5718"/>
    <tag k="ele" v="1.5508"/>
  </node>
  <node id="33172" lat="-3.61781491431" lon="62.09508987684">
    <tag k="local_x" v="-498.6856"/>
    <tag k="local_y" v="67.337"/>
    <tag k="ele" v="1.4058"/>
  </node>
  <node id="33173" lat="-3.61780639746" lon="62.0951149653">
    <tag k="local_x" v="-495.9"/>
    <tag k="local_y" v="68.2813"/>
    <tag k="ele" v="1.4058"/>
  </node>
  <node id="33186" lat="-3.6177847779" lon="62.0950480857">
    <tag k="local_x" v="-503.3306"/>
    <tag k="local_y" v="70.6639"/>
    <tag k="ele" v="1.4553"/>
  </node>
  <node id="33187" lat="-3.61775768513" lon="62.09504575188">
    <tag k="local_x" v="-503.5928"/>
    <tag k="local_y" v="73.6587"/>
    <tag k="ele" v="1.4553"/>
  </node>
  <node id="33205" lat="-3.61780796676" lon="62.0950877121">
    <tag k="local_x" v="-498.9268"/>
    <tag k="local_y" v="68.1048"/>
    <tag k="ele" v="1.4058"/>
  </node>
  <node id="33207" lat="-3.61780225849" lon="62.09508555153">
    <tag k="local_x" v="-499.1674"/>
    <tag k="local_y" v="68.7356"/>
    <tag k="ele" v="1.4058"/>
  </node>
  <node id="33209" lat="-3.61779582025" lon="62.0950816162">
    <tag k="local_x" v="-499.6052"/>
    <tag k="local_y" v="69.4469"/>
    <tag k="ele" v="1.4058"/>
  </node>
  <node id="33211" lat="-3.61779116226" lon="62.09507680488">
    <tag k="local_x" v="-500.1401"/>
    <tag k="local_y" v="69.9613"/>
    <tag k="ele" v="1.4058"/>
  </node>
  <node id="33213" lat="-3.61778790673" lon="62.09507144385">
    <tag k="local_x" v="-500.7359"/>
    <tag k="local_y" v="70.3206"/>
    <tag k="ele" v="1.4058"/>
  </node>
  <node id="33215" lat="-3.61778575085" lon="62.09506486897">
    <tag k="local_x" v="-501.4664"/>
    <tag k="local_y" v="70.5582"/>
    <tag k="ele" v="1.4058"/>
  </node>
  <node id="33216" lat="-3.61778494489" lon="62.09505585822">
    <tag k="local_x" v="-502.4673"/>
    <tag k="local_y" v="70.6463"/>
    <tag k="ele" v="1.4058"/>
  </node>
  <node id="33218" lat="-3.6177969881" lon="62.09511417423">
    <tag k="local_x" v="-495.9889"/>
    <tag k="local_y" v="69.3214"/>
    <tag k="ele" v="1.4058"/>
  </node>
  <node id="33219" lat="-3.61779020305" lon="62.09511259095">
    <tag k="local_x" v="-496.1655"/>
    <tag k="local_y" v="70.0713"/>
    <tag k="ele" v="1.4058"/>
  </node>
  <node id="33220" lat="-3.61778353556" lon="62.09510916274">
    <tag k="local_x" v="-496.547"/>
    <tag k="local_y" v="70.808"/>
    <tag k="ele" v="1.4058"/>
  </node>
  <node id="33222" lat="-3.61777606351" lon="62.09510444785">
    <tag k="local_x" v="-497.0715"/>
    <tag k="local_y" v="71.6335"/>
    <tag k="ele" v="1.4058"/>
  </node>
  <node id="33223" lat="-3.61777036734" lon="62.09509900731">
    <tag k="local_x" v="-497.6764"/>
    <tag k="local_y" v="72.2626"/>
    <tag k="ele" v="1.4058"/>
  </node>
  <node id="33224" lat="-3.61776505676" lon="62.09509291004">
    <tag k="local_x" v="-498.3542"/>
    <tag k="local_y" v="72.849"/>
    <tag k="ele" v="1.4058"/>
  </node>
  <node id="33226" lat="-3.61776051081" lon="62.09508616196">
    <tag k="local_x" v="-499.1042"/>
    <tag k="local_y" v="73.3508"/>
    <tag k="ele" v="1.4058"/>
  </node>
  <node id="33227" lat="-3.61775742793" lon="62.09507616759">
    <tag k="local_x" v="-500.2146"/>
    <tag k="local_y" v="73.6905"/>
    <tag k="ele" v="1.4058"/>
  </node>
  <node id="33228" lat="-3.61775645999" lon="62.09506529418">
    <tag k="local_x" v="-501.4224"/>
    <tag k="local_y" v="73.7963"/>
    <tag k="ele" v="1.4058"/>
  </node>
  <node id="33229" lat="-3.61775714009" lon="62.09505521054">
    <tag k="local_x" v="-502.5423"/>
    <tag k="local_y" v="73.72"/>
    <tag k="ele" v="1.4058"/>
  </node>
  <node id="33233" lat="-3.61780774219" lon="62.09477497747">
    <tag k="local_x" v="-533.6618"/>
    <tag k="local_y" v="68.095"/>
    <tag k="ele" v="1.5416"/>
  </node>
  <node id="33251" lat="-3.61773634779" lon="62.09476752593">
    <tag k="local_x" v="-534.4973"/>
    <tag k="local_y" v="75.9867"/>
    <tag k="ele" v="1.5289"/>
  </node>
  <node id="33252" lat="-3.61778243441" lon="62.09477290028">
    <tag k="local_x" v="-533.8953"/>
    <tag k="local_y" v="70.8925"/>
    <tag k="ele" v="1.5508"/>
  </node>
  <node id="33260" lat="-3.61776146338" lon="62.09476919096">
    <tag k="local_x" v="-534.3096"/>
    <tag k="local_y" v="73.2104"/>
    <tag k="ele" v="1.5231"/>
  </node>
  <node id="33264" lat="-3.61773419901" lon="62.09479873222">
    <tag k="local_x" v="-531.0315"/>
    <tag k="local_y" v="76.2277"/>
    <tag k="ele" v="1.4125"/>
  </node>
  <node id="33265" lat="-3.61775957463" lon="62.09480081205">
    <tag k="local_x" v="-530.7977"/>
    <tag k="local_y" v="73.4227"/>
    <tag k="ele" v="1.4116"/>
  </node>
  <node id="33271" lat="-3.61780518861" lon="62.09480483904">
    <tag k="local_x" v="-530.3454"/>
    <tag k="local_y" v="68.3806"/>
    <tag k="ele" v="1.4478"/>
  </node>
  <node id="33272" lat="-3.61777976227" lon="62.09480269354">
    <tag k="local_x" v="-530.5865"/>
    <tag k="local_y" v="71.1912"/>
    <tag k="ele" v="1.4535"/>
  </node>
  <node id="33284" lat="-3.61775399407" lon="62.09544202801">
    <tag k="local_x" v="-459.5794"/>
    <tag k="local_y" v="74.1106"/>
    <tag k="ele" v="1.5621"/>
  </node>
  <node id="33285" lat="-3.61772868629" lon="62.0954399517">
    <tag k="local_x" v="-459.8128"/>
    <tag k="local_y" v="76.9081"/>
    <tag k="ele" v="1.5698"/>
  </node>
  <node id="33291" lat="-3.61774593007" lon="62.09464204706">
    <tag k="local_x" v="-548.433"/>
    <tag k="local_y" v="74.9135"/>
    <tag k="ele" v="1.3733"/>
  </node>
  <node id="33292" lat="-3.61777334859" lon="62.09464989786">
    <tag k="local_x" v="-547.558"/>
    <tag k="local_y" v="71.8833"/>
    <tag k="ele" v="1.3733"/>
  </node>
  <node id="33483" lat="-3.61869890124" lon="62.09805242942">
    <tag k="local_x" v="-169.5423"/>
    <tag k="local_y" v="-30.0587"/>
    <tag k="ele" v="2.0511"/>
  </node>
  <node id="33484" lat="-3.61867383683" lon="62.09805040772">
    <tag k="local_x" v="-169.7696"/>
    <tag k="local_y" v="-27.2881"/>
    <tag k="ele" v="2.0511"/>
  </node>
  <node id="33490" lat="-3.61870505175" lon="62.09791949435">
    <tag k="local_x" v="-184.3065"/>
    <tag k="local_y" v="-30.7533"/>
    <tag k="ele" v="1.7679"/>
  </node>
  <node id="33491" lat="-3.61868464046" lon="62.09790472995">
    <tag k="local_x" v="-185.9486"/>
    <tag k="local_y" v="-28.4985"/>
    <tag k="ele" v="1.7679"/>
  </node>
  <node id="33497" lat="-3.61867359613" lon="62.09801045778">
    <tag k="local_x" v="-174.2068"/>
    <tag k="local_y" v="-27.2659"/>
    <tag k="ele" v="1.8028"/>
  </node>
  <node id="33500" lat="-3.61869920557" lon="62.09800842828">
    <tag k="local_x" v="-174.4294"/>
    <tag k="local_y" v="-30.0972"/>
    <tag k="ele" v="1.8028"/>
  </node>
  <node id="33661" lat="-3.61718365299" lon="62.09951227292">
    <tag k="local_x" v="-7.5661"/>
    <tag k="local_y" v="137.6101"/>
    <tag k="ele" v="2.1256"/>
  </node>
  <node id="33662" lat="-3.6171858489" lon="62.09948733928">
    <tag k="local_x" v="-10.3352"/>
    <tag k="local_y" v="137.3646"/>
    <tag k="ele" v="2.1256"/>
  </node>
  <node id="33668" lat="-3.61717140024" lon="62.0995112037">
    <tag k="local_x" v="-7.6862"/>
    <tag k="local_y" v="138.9645"/>
    <tag k="ele" v="2.1254"/>
  </node>
  <node id="33669" lat="-3.61717359706" lon="62.09948627006">
    <tag k="local_x" v="-10.4553"/>
    <tag k="local_y" v="138.7189"/>
    <tag k="ele" v="2.1254"/>
  </node>
  <node id="33685" lat="-3.61722794634" lon="62.0994999782">
    <tag k="local_x" v="-8.9268"/>
    <tag k="local_y" v="132.7122"/>
    <tag k="ele" v="2.0751"/>
  </node>
  <node id="33696" lat="-3.61720078609" lon="62.09951982882">
    <tag k="local_x" v="-6.725"/>
    <tag k="local_y" v="135.7169"/>
    <tag k="ele" v="2.1256"/>
  </node>
  <node id="33698" lat="-3.61720836296" lon="62.09952534676">
    <tag k="local_x" v="-6.1113"/>
    <tag k="local_y" v="134.8799"/>
    <tag k="ele" v="2.1256"/>
  </node>
  <node id="33701" lat="-3.61720506081" lon="62.09949043101">
    <tag k="local_x" v="-9.9897"/>
    <tag k="local_y" v="135.2411"/>
    <tag k="ele" v="2.1256"/>
  </node>
  <node id="33704" lat="-3.61721664233" lon="62.09949419743">
    <tag k="local_x" v="-9.5701"/>
    <tag k="local_y" v="133.9612"/>
    <tag k="ele" v="2.1256"/>
  </node>
  <node id="33709" lat="-3.61722441625" lon="62.09953770166">
    <tag k="local_x" v="-4.7373"/>
    <tag k="local_y" v="133.1066"/>
    <tag k="ele" v="1.7388"/>
  </node>
  <node id="33710" lat="-3.61723444184" lon="62.09954415535">
    <tag k="local_x" v="-4.0194"/>
    <tag k="local_y" v="131.999"/>
    <tag k="ele" v="1.7388"/>
  </node>
  <node id="33711" lat="-3.61724446086" lon="62.09954854275">
    <tag k="local_x" v="-3.531"/>
    <tag k="local_y" v="130.8919"/>
    <tag k="ele" v="1.7388"/>
  </node>
  <node id="33712" lat="-3.61725537877" lon="62.09955084766">
    <tag k="local_x" v="-3.2738"/>
    <tag k="local_y" v="129.6852"/>
    <tag k="ele" v="1.7388"/>
  </node>
  <node id="33714" lat="-3.61724551552" lon="62.09951304648">
    <tag k="local_x" v="-7.4734"/>
    <tag k="local_y" v="130.7714"/>
    <tag k="ele" v="1.7388"/>
  </node>
  <node id="33715" lat="-3.6172531659" lon="62.09951971949">
    <tag k="local_x" v="-6.7314"/>
    <tag k="local_y" v="129.9264"/>
    <tag k="ele" v="1.7388"/>
  </node>
  <node id="33716" lat="-3.61725989743" lon="62.09952387515">
    <tag k="local_x" v="-6.2691"/>
    <tag k="local_y" v="129.1827"/>
    <tag k="ele" v="1.7388"/>
  </node>
  <node id="33729" lat="-3.61719283509" lon="62.09951558073">
    <tag k="local_x" v="-7.1977"/>
    <tag k="local_y" v="136.5954"/>
    <tag k="ele" v="2.1256"/>
  </node>
  <node id="33730" lat="-3.6171943881" lon="62.09948818258">
    <tag k="local_x" v="-10.2406"/>
    <tag k="local_y" v="136.4207"/>
    <tag k="ele" v="2.1256"/>
  </node>
  <node id="33913" lat="-3.61936669168" lon="62.09655162307">
    <tag k="local_x" v="-336.1609"/>
    <tag k="local_y" v="-104.0475"/>
    <tag k="ele" v="1.7487"/>
  </node>
  <node id="33914" lat="-3.61936509388" lon="62.09658296933">
    <tag k="local_x" v="-332.6795"/>
    <tag k="local_y" v="-103.8674"/>
    <tag k="ele" v="1.7528"/>
  </node>
  <node id="34039" lat="-3.61671199687" lon="62.09742898932">
    <tag k="local_x" v="-239.0051"/>
    <tag k="local_y" v="189.5211"/>
    <tag k="ele" v="1.8768"/>
  </node>
  <node id="34042" lat="-3.61671000191" lon="62.09748660975">
    <tag k="local_x" v="-232.6055"/>
    <tag k="local_y" v="189.748"/>
    <tag k="ele" v="1.8768"/>
  </node>
  <node id="34081" lat="-3.61683280294" lon="62.09757838017">
    <tag k="local_x" v="-222.3992"/>
    <tag k="local_y" v="176.1827"/>
    <tag k="ele" v="0.0092"/>
  </node>
  <node id="34082" lat="-3.61685834374" lon="62.09757374514">
    <tag k="local_x" v="-222.9112"/>
    <tag k="local_y" v="173.3587"/>
    <tag k="ele" v="0.0092"/>
  </node>
  <node id="34420" lat="-3.61866286647" lon="62.09814506751">
    <tag k="local_x" v="-159.2571"/>
    <tag k="local_y" v="-26.0649"/>
    <tag k="ele" v="2.0654"/>
  </node>
  <node id="34422" lat="-3.61863780207" lon="62.09814304581">
    <tag k="local_x" v="-159.4844"/>
    <tag k="local_y" v="-23.2943"/>
    <tag k="ele" v="2.0654"/>
  </node>
  <node id="35086" lat="-3.61685244607" lon="62.09733568813">
    <tag k="local_x" v="-249.3525"/>
    <tag k="local_y" v="173.9844"/>
    <tag k="ele" v="1.855"/>
  </node>
  <node id="35089" lat="-3.61682682995" lon="62.09733373811">
    <tag k="local_x" v="-249.5719"/>
    <tag k="local_y" v="176.816"/>
    <tag k="ele" v="1.855"/>
  </node>
  <node id="35099" lat="-3.6168335362" lon="62.09724644937">
    <tag k="local_x" v="-259.2662"/>
    <tag k="local_y" v="176.065"/>
    <tag k="ele" v="1.85"/>
  </node>
  <node id="35100" lat="-3.61685915232" lon="62.09724839938">
    <tag k="local_x" v="-259.0468"/>
    <tag k="local_y" v="173.2334"/>
    <tag k="ele" v="1.85"/>
  </node>
  <node id="35333" lat="-3.61679537996" lon="62.09718665382">
    <tag k="local_x" v="-265.9118"/>
    <tag k="local_y" v="180.2765"/>
    <tag k="ele" v="1.8513"/>
  </node>
  <node id="35334" lat="-3.61683503341" lon="62.09718951459">
    <tag k="local_x" v="-265.5897"/>
    <tag k="local_y" v="175.8932"/>
    <tag k="ele" v="1.8513"/>
  </node>
  <node id="35340" lat="-3.61763763903" lon="62.0968290423">
    <tag k="local_x" v="-305.5386"/>
    <tag k="local_y" v="87.1268"/>
    <tag k="ele" v="1.7889"/>
  </node>
  <node id="35341" lat="-3.61761220651" lon="62.09682706691">
    <tag k="local_x" v="-305.7608"/>
    <tag k="local_y" v="89.9381"/>
    <tag k="ele" v="1.7889"/>
  </node>
  <node id="35347" lat="-3.61761327245" lon="62.09713701604">
    <tag k="local_x" v="-271.3351"/>
    <tag k="local_y" v="89.8545"/>
    <tag k="ele" v="1.8205"/>
  </node>
  <node id="35349" lat="-3.61758352945" lon="62.09713489726">
    <tag k="local_x" v="-271.5737"/>
    <tag k="local_y" v="93.1423"/>
    <tag k="ele" v="1.8205"/>
  </node>
  <node id="35618" lat="-3.61725584271" lon="62.09641012875">
    <tag k="local_x" v="-352.1087"/>
    <tag k="local_y" v="129.2874"/>
    <tag k="ele" v="0.083"/>
  </node>
  <node id="35619" lat="-3.61725780342" lon="62.09638436344">
    <tag k="local_x" v="-354.9702"/>
    <tag k="local_y" v="129.0678"/>
    <tag k="ele" v="0.083"/>
  </node>
  <node id="35635" lat="-3.61745016008" lon="62.09872959413">
    <tag k="local_x" v="-94.4678"/>
    <tag k="local_y" v="108.062"/>
    <tag k="ele" v="1.9962"/>
  </node>
  <node id="35637" lat="-3.61742496894" lon="62.0987274807">
    <tag k="local_x" v="-94.7053"/>
    <tag k="local_y" v="110.8466"/>
    <tag k="ele" v="1.9962"/>
  </node>
  <node id="35726" lat="-3.61719162877" lon="62.09773000713">
    <tag k="local_x" v="-205.5188"/>
    <tag k="local_y" v="136.5319"/>
    <tag k="ele" v="1.907"/>
  </node>
  <node id="35727" lat="-3.61718946883" lon="62.09775557636">
    <tag k="local_x" v="-202.6791"/>
    <tag k="local_y" v="136.7735"/>
    <tag k="ele" v="1.907"/>
  </node>
  <node id="36290" lat="-3.61771935004" lon="62.09786693557">
    <tag k="local_x" v="-190.2524"/>
    <tag k="local_y" v="78.2084"/>
    <tag k="ele" v="1.8645"/>
  </node>
  <node id="36291" lat="-3.61772141369" lon="62.0978418544">
    <tag k="local_x" v="-193.0379"/>
    <tag k="local_y" v="77.9775"/>
    <tag k="ele" v="1.899"/>
  </node>
  <node id="36297" lat="-3.61785333243" lon="62.09787785571">
    <tag k="local_x" v="-189.0248"/>
    <tag k="local_y" v="63.3981"/>
    <tag k="ele" v="1.8646"/>
  </node>
  <node id="36298" lat="-3.61785541775" lon="62.0978527376">
    <tag k="local_x" v="-191.8144"/>
    <tag k="local_y" v="63.1648"/>
    <tag k="ele" v="1.897"/>
  </node>
  <node id="36441" lat="-3.61731928449" lon="62.0963176122">
    <tag k="local_x" v="-362.3774"/>
    <tag k="local_y" v="122.2638"/>
    <tag k="ele" v="0.1408"/>
  </node>
  <node id="36443" lat="-3.61731738621" lon="62.09634338375">
    <tag k="local_x" v="-359.5152"/>
    <tag k="local_y" v="122.4765"/>
    <tag k="ele" v="0.1408"/>
  </node>
  <node id="36866" lat="-3.61744917497" lon="62.09632717845">
    <tag k="local_x" v="-361.3006"/>
    <tag k="local_y" v="107.9057"/>
    <tag k="ele" v="0.1101"/>
  </node>
  <node id="36867" lat="-3.61744728442" lon="62.09635434733">
    <tag k="local_x" v="-358.2832"/>
    <tag k="local_y" v="108.1177"/>
    <tag k="ele" v="0.1101"/>
  </node>
  <node id="37110" lat="-3.6170569959" lon="62.09712654813">
    <tag k="local_x" v="-272.5589"/>
    <tag k="local_y" v="151.3487"/>
    <tag k="ele" v="1.9087"/>
  </node>
  <node id="37113" lat="-3.61703082716" lon="62.09712468601">
    <tag k="local_x" v="-272.7686"/>
    <tag k="local_y" v="154.2414"/>
    <tag k="ele" v="1.9087"/>
  </node>
  <node id="37882" lat="-3.61922157903" lon="62.09439849078">
    <tag k="local_x" v="-575.3217"/>
    <tag k="local_y" v="-88.2439"/>
    <tag k="ele" v="1.5252"/>
  </node>
  <node id="37883" lat="-3.6192235754" lon="62.09437317916">
    <tag k="local_x" v="-578.1328"/>
    <tag k="local_y" v="-88.4674"/>
    <tag k="ele" v="1.5252"/>
  </node>
  <node id="37921" lat="-3.6171914782" lon="62.09504776219">
    <tag k="local_x" v="-503.4319"/>
    <tag k="local_y" v="136.2521"/>
    <tag k="ele" v="2.6469"/>
  </node>
  <node id="37924" lat="-3.6172111982" lon="62.09504967477">
    <tag k="local_x" v="-503.2173"/>
    <tag k="local_y" v="134.0723"/>
    <tag k="ele" v="2.6469"/>
  </node>
  <node id="37928" lat="-3.6171798729" lon="62.09504645289">
    <tag k="local_x" v="-503.5786"/>
    <tag k="local_y" v="137.5349"/>
    <tag k="ele" v="2.6469"/>
  </node>
  <node id="37929" lat="-3.61719780689" lon="62.09484654783">
    <tag k="local_x" v="-525.7798"/>
    <tag k="local_y" v="135.5302"/>
    <tag k="ele" v="2.9298"/>
  </node>
  <node id="37930" lat="-3.61715687957" lon="62.0950449001">
    <tag k="local_x" v="-503.7536"/>
    <tag k="local_y" v="140.0766"/>
    <tag k="ele" v="2.6469"/>
  </node>
  <node id="37931" lat="-3.61717481356" lon="62.09484499504">
    <tag k="local_x" v="-525.9548"/>
    <tag k="local_y" v="138.0719"/>
    <tag k="ele" v="2.9298"/>
  </node>
  <node id="38050" lat="-3.61719026038" lon="62.09531045511">
    <tag k="local_x" v="-474.2551"/>
    <tag k="local_y" v="136.4158"/>
    <tag k="ele" v="2.2996"/>
  </node>
  <node id="38052" lat="-3.61716465768" lon="62.09530834848">
    <tag k="local_x" v="-474.4919"/>
    <tag k="local_y" v="139.2459"/>
    <tag k="ele" v="2.2996"/>
  </node>
  <node id="38064" lat="-3.61715872916" lon="62.0953084606">
    <tag k="local_x" v="-474.4801"/>
    <tag k="local_y" v="139.9013"/>
    <tag k="ele" v="2.2996"/>
  </node>
  <node id="38066" lat="-3.61713312646" lon="62.09530635397">
    <tag k="local_x" v="-474.7169"/>
    <tag k="local_y" v="142.7314"/>
    <tag k="ele" v="2.2996"/>
  </node>
  <node id="38193" lat="-3.61693285135" lon="62.09788982395">
    <tag k="local_x" v="-187.7966"/>
    <tag k="local_y" v="165.1569"/>
    <tag k="ele" v="1.9067"/>
  </node>
  <node id="38194" lat="-3.61696161041" lon="62.09788674335">
    <tag k="local_x" v="-188.1356"/>
    <tag k="local_y" v="161.9773"/>
    <tag k="ele" v="1.8926"/>
  </node>
  <node id="38379" lat="-3.61699282943" lon="62.0977907159">
    <tag k="local_x" v="-198.7978"/>
    <tag k="local_y" v="158.5155"/>
    <tag k="ele" v="1.9943"/>
  </node>
  <node id="38382" lat="-3.61697147991" lon="62.09777305064">
    <tag k="local_x" v="-200.7622"/>
    <tag k="local_y" v="160.8737"/>
    <tag k="ele" v="1.9943"/>
  </node>
  <node id="38393" lat="-3.61695029332" lon="62.09780986148">
    <tag k="local_x" v="-196.676"/>
    <tag k="local_y" v="163.2199"/>
    <tag k="ele" v="1.9571"/>
  </node>
  <node id="38394" lat="-3.61694627754" lon="62.09781767865">
    <tag k="local_x" v="-195.8082"/>
    <tag k="local_y" v="163.6647"/>
    <tag k="ele" v="1.9571"/>
  </node>
  <node id="38395" lat="-3.61694260159" lon="62.09782611671">
    <tag k="local_x" v="-194.8714"/>
    <tag k="local_y" v="164.072"/>
    <tag k="ele" v="1.9571"/>
  </node>
  <node id="38396" lat="-3.61693946591" lon="62.09783478203">
    <tag k="local_x" v="-193.9093"/>
    <tag k="local_y" v="164.4196"/>
    <tag k="ele" v="1.9571"/>
  </node>
  <node id="38397" lat="-3.61693688403" lon="62.09784363948">
    <tag k="local_x" v="-192.9258"/>
    <tag k="local_y" v="164.706"/>
    <tag k="ele" v="1.9571"/>
  </node>
  <node id="38398" lat="-3.61693486857" lon="62.09785265482">
    <tag k="local_x" v="-191.9247"/>
    <tag k="local_y" v="164.9298"/>
    <tag k="ele" v="1.9571"/>
  </node>
  <node id="38399" lat="-3.61693342764" lon="62.09786179115">
    <tag k="local_x" v="-190.9101"/>
    <tag k="local_y" v="165.0901"/>
    <tag k="ele" v="1.9571"/>
  </node>
  <node id="38400" lat="-3.61693257025" lon="62.09787101243">
    <tag k="local_x" v="-189.886"/>
    <tag k="local_y" v="165.1859"/>
    <tag k="ele" v="1.9571"/>
  </node>
  <node id="38401" lat="-3.61693229772" lon="62.09787982617">
    <tag k="local_x" v="-188.9071"/>
    <tag k="local_y" v="165.217"/>
    <tag k="ele" v="1.9571"/>
  </node>
  <node id="38402" lat="-3.61697420803" lon="62.09782188085">
    <tag k="local_x" v="-195.3384"/>
    <tag k="local_y" v="160.5775"/>
    <tag k="ele" v="1.9571"/>
  </node>
  <node id="38404" lat="-3.61696794704" lon="62.0978369246">
    <tag k="local_x" v="-193.6682"/>
    <tag k="local_y" v="161.2713"/>
    <tag k="ele" v="1.9571"/>
  </node>
  <node id="38406" lat="-3.61696447328" lon="62.09785035038">
    <tag k="local_x" v="-192.1774"/>
    <tag k="local_y" v="161.6568"/>
    <tag k="ele" v="1.9571"/>
  </node>
  <node id="38408" lat="-3.61696280711" lon="62.09786130832">
    <tag k="local_x" v="-190.9605"/>
    <tag k="local_y" v="161.8422"/>
    <tag k="ele" v="1.9571"/>
  </node>
  <node id="38410" lat="-3.6169620401" lon="62.09787497092">
    <tag k="local_x" v="-189.4431"/>
    <tag k="local_y" v="161.9285"/>
    <tag k="ele" v="1.9571"/>
  </node>
  <node id="38425" lat="-3.61690732678" lon="62.09775936401">
    <tag k="local_x" v="-202.2894"/>
    <tag k="local_y" v="167.9642"/>
    <tag k="ele" v="2.0262"/>
  </node>
  <node id="38426" lat="-3.61693816278" lon="62.09775087028">
    <tag k="local_x" v="-203.2294"/>
    <tag k="local_y" v="164.5544"/>
    <tag k="ele" v="2.0262"/>
  </node>
  <node id="38432" lat="-3.61690039359" lon="62.09773442861">
    <tag k="local_x" v="-205.0597"/>
    <tag k="local_y" v="168.7279"/>
    <tag k="ele" v="2.0205"/>
  </node>
  <node id="38433" lat="-3.61693123049" lon="62.09772593578">
    <tag k="local_x" v="-205.9996"/>
    <tag k="local_y" v="165.318"/>
    <tag k="ele" v="2.0205"/>
  </node>
  <node id="38470" lat="-3.61691149784" lon="62.0977747963">
    <tag k="local_x" v="-200.5749"/>
    <tag k="local_y" v="167.5048"/>
    <tag k="ele" v="2.0269"/>
  </node>
  <node id="38471" lat="-3.61691484658" lon="62.09778746264">
    <tag k="local_x" v="-199.1677"/>
    <tag k="local_y" v="167.136"/>
    <tag k="ele" v="2.0269"/>
  </node>
  <node id="38472" lat="-3.61691793021" lon="62.09780005001">
    <tag k="local_x" v="-197.7693"/>
    <tag k="local_y" v="166.7965"/>
    <tag k="ele" v="2.0269"/>
  </node>
  <node id="38473" lat="-3.61692078322" lon="62.09781269434">
    <tag k="local_x" v="-196.3646"/>
    <tag k="local_y" v="166.4825"/>
    <tag k="ele" v="2.0269"/>
  </node>
  <node id="38474" lat="-3.61692340562" lon="62.09782539201">
    <tag k="local_x" v="-194.954"/>
    <tag k="local_y" v="166.194"/>
    <tag k="ele" v="2.0269"/>
  </node>
  <node id="38475" lat="-3.61692579558" lon="62.09783813853">
    <tag k="local_x" v="-193.538"/>
    <tag k="local_y" v="165.9312"/>
    <tag k="ele" v="2.0269"/>
  </node>
  <node id="38476" lat="-3.61692795221" lon="62.0978509294">
    <tag k="local_x" v="-192.1171"/>
    <tag k="local_y" v="165.6942"/>
    <tag k="ele" v="2.0269"/>
  </node>
  <node id="38477" lat="-3.61692987459" lon="62.09786376101">
    <tag k="local_x" v="-190.6917"/>
    <tag k="local_y" v="165.4831"/>
    <tag k="ele" v="2.0269"/>
  </node>
  <node id="38478" lat="-3.61693157733" lon="62.09787675941">
    <tag k="local_x" v="-189.2478"/>
    <tag k="local_y" v="165.2963"/>
    <tag k="ele" v="2.0269"/>
  </node>
  <node id="38479" lat="-3.6169425554" lon="62.09776714507">
    <tag k="local_x" v="-201.4213"/>
    <tag k="local_y" v="164.0706"/>
    <tag k="ele" v="2.0269"/>
  </node>
  <node id="38480" lat="-3.61694559967" lon="62.09778018175">
    <tag k="local_x" v="-199.973"/>
    <tag k="local_y" v="163.7355"/>
    <tag k="ele" v="2.0269"/>
  </node>
  <node id="38481" lat="-3.61694843608" lon="62.09779340952">
    <tag k="local_x" v="-198.5035"/>
    <tag k="local_y" v="163.4234"/>
    <tag k="ele" v="2.0269"/>
  </node>
  <node id="38482" lat="-3.6169510301" lon="62.09780668254">
    <tag k="local_x" v="-197.029"/>
    <tag k="local_y" v="163.1381"/>
    <tag k="ele" v="2.0269"/>
  </node>
  <node id="38483" lat="-3.61695337993" lon="62.09781999812">
    <tag k="local_x" v="-195.5498"/>
    <tag k="local_y" v="162.8798"/>
    <tag k="ele" v="2.0269"/>
  </node>
  <node id="38484" lat="-3.61695548465" lon="62.09783334995">
    <tag k="local_x" v="-194.0666"/>
    <tag k="local_y" v="162.6486"/>
    <tag k="ele" v="2.0269"/>
  </node>
  <node id="38485" lat="-3.61695734426" lon="62.09784673444">
    <tag k="local_x" v="-192.5798"/>
    <tag k="local_y" v="162.4445"/>
    <tag k="ele" v="2.0269"/>
  </node>
  <node id="38486" lat="-3.61695895786" lon="62.09786014708">
    <tag k="local_x" v="-191.0899"/>
    <tag k="local_y" v="162.2676"/>
    <tag k="ele" v="2.0269"/>
  </node>
  <node id="38487" lat="-3.61696031083" lon="62.09787345284">
    <tag k="local_x" v="-189.6119"/>
    <tag k="local_y" v="162.1195"/>
    <tag k="ele" v="2.0269"/>
  </node>
  <node id="38525" lat="-3.61742473314" lon="62.09639775009">
    <tag k="local_x" v="-353.465"/>
    <tag k="local_y" v="110.6155"/>
    <tag k="ele" v="1.8128"/>
  </node>
  <node id="38528" lat="-3.6174224094" lon="62.09642321505">
    <tag k="local_x" v="-350.6369"/>
    <tag k="local_y" v="110.8752"/>
    <tag k="ele" v="1.8128"/>
  </node>
  <node id="38652" lat="-3.6176030602" lon="62.09647587108">
    <tag k="local_x" v="-344.7686"/>
    <tag k="local_y" v="90.9104"/>
    <tag k="ele" v="1.7522"/>
  </node>
  <node id="38653" lat="-3.6176324649" lon="62.09647800729">
    <tag k="local_x" v="-344.5281"/>
    <tag k="local_y" v="87.66"/>
    <tag k="ele" v="1.7636"/>
  </node>
  <node id="38678" lat="-3.61747960501" lon="62.09642838491">
    <tag k="local_x" v="-350.0564"/>
    <tag k="local_y" v="104.5529"/>
    <tag k="ele" v="1.8118"/>
  </node>
  <node id="38679" lat="-3.61748192875" lon="62.09640291995">
    <tag k="local_x" v="-352.8845"/>
    <tag k="local_y" v="104.2932"/>
    <tag k="ele" v="1.8118"/>
  </node>
  <node id="38686" lat="-3.61758016405" lon="62.09641770895">
    <tag k="local_x" v="-351.2311"/>
    <tag k="local_y" v="93.4351"/>
    <tag k="ele" v="1.8108"/>
  </node>
  <node id="38867" lat="-3.61759132564" lon="62.09654070396">
    <tag k="local_x" v="-337.569"/>
    <tag k="local_y" v="92.2148"/>
    <tag k="ele" v="1.7231"/>
  </node>
  <node id="38869" lat="-3.6176165133" lon="62.09654206735">
    <tag k="local_x" v="-337.4148"/>
    <tag k="local_y" v="89.4305"/>
    <tag k="ele" v="1.7407"/>
  </node>
  <node id="38871" lat="-3.61759333127" lon="62.09653001938">
    <tag k="local_x" v="-338.7555"/>
    <tag k="local_y" v="91.9919"/>
    <tag k="ele" v="0.7491"/>
  </node>
  <node id="38874" lat="-3.61761972722" lon="62.09653114027">
    <tag k="local_x" v="-338.6281"/>
    <tag k="local_y" v="89.074"/>
    <tag k="ele" v="0.7491"/>
  </node>
  <node id="38904" lat="-3.61760125479" lon="62.09649500341">
    <tag k="local_x" v="-342.6438"/>
    <tag k="local_y" v="91.1121"/>
    <tag k="ele" v="1.7579"/>
  </node>
  <node id="38905" lat="-3.61759884071" lon="62.09650702631">
    <tag k="local_x" v="-341.3087"/>
    <tag k="local_y" v="91.3803"/>
    <tag k="ele" v="1.7579"/>
  </node>
  <node id="38906" lat="-3.61759605782" lon="62.09651929176">
    <tag k="local_x" v="-339.9467"/>
    <tag k="local_y" v="91.6893"/>
    <tag k="ele" v="1.7579"/>
  </node>
  <node id="38907" lat="-3.61762979455" lon="62.09649427647">
    <tag k="local_x" v="-342.7214"/>
    <tag k="local_y" v="87.957"/>
    <tag k="ele" v="1.7579"/>
  </node>
  <node id="38908" lat="-3.61762697876" lon="62.09650531209">
    <tag k="local_x" v="-341.496"/>
    <tag k="local_y" v="88.2695"/>
    <tag k="ele" v="1.7579"/>
  </node>
  <node id="38909" lat="-3.61762428929" lon="62.09651601806">
    <tag k="local_x" v="-340.3072"/>
    <tag k="local_y" v="88.568"/>
    <tag k="ele" v="1.7579"/>
  </node>
  <node id="38938" lat="-3.61679115085" lon="62.09724353277">
    <tag k="local_x" v="-259.5948"/>
    <tag k="local_y" v="180.7503"/>
    <tag k="ele" v="1.8507"/>
  </node>
  <node id="38939" lat="-3.61683099158" lon="62.09724642397">
    <tag k="local_x" v="-259.2693"/>
    <tag k="local_y" v="176.3463"/>
    <tag k="ele" v="1.8507"/>
  </node>
  <node id="38978" lat="-3.61679006122" lon="62.09726113558">
    <tag k="local_x" v="-257.6398"/>
    <tag k="local_y" v="180.8727"/>
    <tag k="ele" v="1.8507"/>
  </node>
  <node id="38979" lat="-3.61679005851" lon="62.09727834928">
    <tag k="local_x" v="-255.7279"/>
    <tag k="local_y" v="180.8749"/>
    <tag k="ele" v="1.8507"/>
  </node>
  <node id="38980" lat="-3.61679041511" lon="62.09729575258">
    <tag k="local_x" v="-253.7949"/>
    <tag k="local_y" v="180.8374"/>
    <tag k="ele" v="1.8507"/>
  </node>
  <node id="38981" lat="-3.61679113985" lon="62.09731313122">
    <tag k="local_x" v="-251.8646"/>
    <tag k="local_y" v="180.7592"/>
    <tag k="ele" v="1.8507"/>
  </node>
  <node id="38982" lat="-3.61679223091" lon="62.09733047528">
    <tag k="local_x" v="-249.9381"/>
    <tag k="local_y" v="180.6405"/>
    <tag k="ele" v="1.8507"/>
  </node>
  <node id="38983" lat="-3.61679368829" lon="62.09734777846">
    <tag k="local_x" v="-248.0161"/>
    <tag k="local_y" v="180.4813"/>
    <tag k="ele" v="1.8507"/>
  </node>
  <node id="38984" lat="-3.61679550925" lon="62.09736503267">
    <tag k="local_x" v="-246.0995"/>
    <tag k="local_y" v="180.2819"/>
    <tag k="ele" v="1.8507"/>
  </node>
  <node id="38985" lat="-3.61679769471" lon="62.09738223069">
    <tag k="local_x" v="-244.1891"/>
    <tag k="local_y" v="180.0422"/>
    <tag k="ele" v="1.8507"/>
  </node>
  <node id="38986" lat="-3.61680024103" lon="62.09739936353">
    <tag k="local_x" v="-242.2859"/>
    <tag k="local_y" v="179.7626"/>
    <tag k="ele" v="1.8507"/>
  </node>
  <node id="38987" lat="-3.61680314641" lon="62.09741642579">
    <tag k="local_x" v="-240.3905"/>
    <tag k="local_y" v="179.4433"/>
    <tag k="ele" v="1.8507"/>
  </node>
  <node id="38988" lat="-3.61680638988" lon="62.09743327433">
    <tag k="local_x" v="-238.5188"/>
    <tag k="local_y" v="179.0866"/>
    <tag k="ele" v="1.8507"/>
  </node>
  <node id="38989" lat="-3.61682997485" lon="62.09726275093">
    <tag k="local_x" v="-257.456"/>
    <tag k="local_y" v="176.4605"/>
    <tag k="ele" v="1.8507"/>
  </node>
  <node id="38990" lat="-3.61682858948" lon="62.09727950501">
    <tag k="local_x" v="-255.5953"/>
    <tag k="local_y" v="176.6155"/>
    <tag k="ele" v="1.8507"/>
  </node>
  <node id="38991" lat="-3.61682756305" lon="62.09729608858">
    <tag k="local_x" v="-253.7535"/>
    <tag k="local_y" v="176.7308"/>
    <tag k="ele" v="1.8507"/>
  </node>
  <node id="38992" lat="-3.61682688855" lon="62.0973127051">
    <tag k="local_x" v="-251.908"/>
    <tag k="local_y" v="176.8072"/>
    <tag k="ele" v="1.8507"/>
  </node>
  <node id="38993" lat="-3.61682656504" lon="62.09732934739">
    <tag k="local_x" v="-250.0596"/>
    <tag k="local_y" v="176.8448"/>
    <tag k="ele" v="1.8507"/>
  </node>
  <node id="38994" lat="-3.61682659434" lon="62.09734600644">
    <tag k="local_x" v="-248.2093"/>
    <tag k="local_y" v="176.8434"/>
    <tag k="ele" v="1.8507"/>
  </node>
  <node id="38995" lat="-3.61682697644" lon="62.09736267685">
    <tag k="local_x" v="-246.3577"/>
    <tag k="local_y" v="176.803"/>
    <tag k="ele" v="1.8507"/>
  </node>
  <node id="38996" lat="-3.61682771223" lon="62.0973793487">
    <tag k="local_x" v="-244.5059"/>
    <tag k="local_y" v="176.7235"/>
    <tag k="ele" v="1.8507"/>
  </node>
  <node id="38997" lat="-3.61682880262" lon="62.09739601751">
    <tag k="local_x" v="-242.6544"/>
    <tag k="local_y" v="176.6048"/>
    <tag k="ele" v="1.8507"/>
  </node>
  <node id="38998" lat="-3.61683024578" lon="62.09741267335">
    <tag k="local_x" v="-240.8043"/>
    <tag k="local_y" v="176.4471"/>
    <tag k="ele" v="1.8507"/>
  </node>
  <node id="38999" lat="-3.61683206536" lon="62.09742944408">
    <tag k="local_x" v="-238.9414"/>
    <tag k="local_y" v="176.2478"/>
    <tag k="ele" v="1.8507"/>
  </node>
  <node id="39005" lat="-3.61682171144" lon="62.09740311653">
    <tag k="local_x" v="-241.8667"/>
    <tag k="local_y" v="177.3895"/>
    <tag k="ele" v="1.858"/>
  </node>
  <node id="39006" lat="-3.61682097173" lon="62.09742056595">
    <tag k="local_x" v="-239.9287"/>
    <tag k="local_y" v="177.4732"/>
    <tag k="ele" v="1.858"/>
  </node>
  <node id="39007" lat="-3.61682063834" lon="62.09743817702">
    <tag k="local_x" v="-237.9727"/>
    <tag k="local_y" v="177.512"/>
    <tag k="ele" v="1.858"/>
  </node>
  <node id="39008" lat="-3.61682071834" lon="62.09745579128">
    <tag k="local_x" v="-236.0163"/>
    <tag k="local_y" v="177.5051"/>
    <tag k="ele" v="1.858"/>
  </node>
  <node id="39009" lat="-3.61682121083" lon="62.09747339884">
    <tag k="local_x" v="-234.0606"/>
    <tag k="local_y" v="177.4526"/>
    <tag k="ele" v="1.858"/>
  </node>
  <node id="39010" lat="-3.61682211489" lon="62.09749099158">
    <tag k="local_x" v="-232.1065"/>
    <tag k="local_y" v="177.3546"/>
    <tag k="ele" v="1.858"/>
  </node>
  <node id="39011" lat="-3.61682343231" lon="62.0975085578">
    <tag k="local_x" v="-230.1553"/>
    <tag k="local_y" v="177.2109"/>
    <tag k="ele" v="1.858"/>
  </node>
  <node id="39012" lat="-3.61682516038" lon="62.09752609031">
    <tag k="local_x" v="-228.2078"/>
    <tag k="local_y" v="177.0218"/>
    <tag k="ele" v="1.858"/>
  </node>
  <node id="39013" lat="-3.61682729999" lon="62.09754357739">
    <tag k="local_x" v="-226.2653"/>
    <tag k="local_y" v="176.7872"/>
    <tag k="ele" v="1.858"/>
  </node>
  <node id="39014" lat="-3.61682982475" lon="62.09756086151">
    <tag k="local_x" v="-224.3453"/>
    <tag k="local_y" v="176.51"/>
    <tag k="ele" v="1.858"/>
  </node>
  <node id="39015" lat="-3.61684738004" lon="62.09740417336">
    <tag k="local_x" v="-241.7465"/>
    <tag k="local_y" v="174.552"/>
    <tag k="ele" v="1.858"/>
  </node>
  <node id="39016" lat="-3.61684668165" lon="62.09742132471">
    <tag k="local_x" v="-239.8416"/>
    <tag k="local_y" v="174.6311"/>
    <tag k="ele" v="1.858"/>
  </node>
  <node id="39017" lat="-3.61684638927" lon="62.09743833882">
    <tag k="local_x" v="-237.9519"/>
    <tag k="local_y" v="174.6653"/>
    <tag k="ele" v="1.858"/>
  </node>
  <node id="39018" lat="-3.61684649581" lon="62.09745535523">
    <tag k="local_x" v="-236.0619"/>
    <tag k="local_y" v="174.6554"/>
    <tag k="ele" v="1.858"/>
  </node>
  <node id="39019" lat="-3.61684700036" lon="62.09747236314">
    <tag k="local_x" v="-234.1728"/>
    <tag k="local_y" v="174.6015"/>
    <tag k="ele" v="1.858"/>
  </node>
  <node id="39020" lat="-3.61684790473" lon="62.09748935535">
    <tag k="local_x" v="-232.2854"/>
    <tag k="local_y" v="174.5034"/>
    <tag k="ele" v="1.858"/>
  </node>
  <node id="39021" lat="-3.61684920617" lon="62.09750632106">
    <tag k="local_x" v="-230.4009"/>
    <tag k="local_y" v="174.3614"/>
    <tag k="ele" v="1.858"/>
  </node>
  <node id="39022" lat="-3.6168509047" lon="62.09752325127">
    <tag k="local_x" v="-228.5203"/>
    <tag k="local_y" v="174.1755"/>
    <tag k="ele" v="1.858"/>
  </node>
  <node id="39023" lat="-3.61685300029" lon="62.09754013786">
    <tag k="local_x" v="-226.6445"/>
    <tag k="local_y" v="173.9457"/>
    <tag k="ele" v="1.858"/>
  </node>
  <node id="39024" lat="-3.61685551299" lon="62.09755711948">
    <tag k="local_x" v="-224.7581"/>
    <tag k="local_y" v="173.6698"/>
    <tag k="ele" v="1.858"/>
  </node>
  <node id="39028" lat="-3.61672238001" lon="62.09748730428">
    <tag k="local_x" v="-232.527"/>
    <tag k="local_y" v="188.3797"/>
    <tag k="ele" v="1.8561"/>
  </node>
  <node id="39029" lat="-3.61672564147" lon="62.09742975553">
    <tag k="local_x" v="-238.9185"/>
    <tag k="local_y" v="188.0128"/>
    <tag k="ele" v="1.8561"/>
  </node>
  <node id="39035" lat="-3.61673367945" lon="62.09748850136">
    <tag k="local_x" v="-232.3928"/>
    <tag k="local_y" v="187.1307"/>
    <tag k="ele" v="1.8561"/>
  </node>
  <node id="39036" lat="-3.61674904568" lon="62.09749039579">
    <tag k="local_x" v="-232.1807"/>
    <tag k="local_y" v="185.4322"/>
    <tag k="ele" v="1.8561"/>
  </node>
  <node id="39037" lat="-3.61676245856" lon="62.09749373721">
    <tag k="local_x" v="-231.8081"/>
    <tag k="local_y" v="183.9498"/>
    <tag k="ele" v="1.8561"/>
  </node>
  <node id="39038" lat="-3.6167755359" lon="62.09749895708">
    <tag k="local_x" v="-231.2269"/>
    <tag k="local_y" v="182.5047"/>
    <tag k="ele" v="1.8561"/>
  </node>
  <node id="39039" lat="-3.61678800992" lon="62.09750602415">
    <tag k="local_x" v="-230.4406"/>
    <tag k="local_y" v="181.1265"/>
    <tag k="ele" v="1.8561"/>
  </node>
  <node id="39040" lat="-3.61679961732" lon="62.09751486846">
    <tag k="local_x" v="-229.457"/>
    <tag k="local_y" v="179.8443"/>
    <tag k="ele" v="1.8561"/>
  </node>
  <node id="39041" lat="-3.61681009927" lon="62.09752538132">
    <tag k="local_x" v="-228.2882"/>
    <tag k="local_y" v="178.6867"/>
    <tag k="ele" v="1.8561"/>
  </node>
  <node id="39042" lat="-3.61681921411" lon="62.09753741982">
    <tag k="local_x" v="-226.9501"/>
    <tag k="local_y" v="177.6804"/>
    <tag k="ele" v="1.8561"/>
  </node>
  <node id="39043" lat="-3.61682703212" lon="62.09755161413">
    <tag k="local_x" v="-225.3727"/>
    <tag k="local_y" v="176.8177"/>
    <tag k="ele" v="1.8561"/>
  </node>
  <node id="39044" lat="-3.61674836939" lon="62.0974327465">
    <tag k="local_x" v="-238.5838"/>
    <tag k="local_y" v="185.5006"/>
    <tag k="ele" v="1.8561"/>
  </node>
  <node id="39045" lat="-3.61676616839" lon="62.09743950849">
    <tag k="local_x" v="-237.8308"/>
    <tag k="local_y" v="183.5337"/>
    <tag k="ele" v="1.8561"/>
  </node>
  <node id="39046" lat="-3.61678446867" lon="62.09744913668">
    <tag k="local_x" v="-236.7594"/>
    <tag k="local_y" v="181.5117"/>
    <tag k="ele" v="1.8561"/>
  </node>
  <node id="39047" lat="-3.61680108954" lon="62.09746097057">
    <tag k="local_x" v="-235.4432"/>
    <tag k="local_y" v="179.6756"/>
    <tag k="ele" v="1.8561"/>
  </node>
  <node id="39048" lat="-3.61681577019" lon="62.09747473763">
    <tag k="local_x" v="-233.9125"/>
    <tag k="local_y" v="178.0542"/>
    <tag k="ele" v="1.8561"/>
  </node>
  <node id="39049" lat="-3.61682829324" lon="62.09749013734">
    <tag k="local_x" v="-232.2007"/>
    <tag k="local_y" v="176.6715"/>
    <tag k="ele" v="1.8561"/>
  </node>
  <node id="39050" lat="-3.61683848558" lon="62.09750684756">
    <tag k="local_x" v="-230.3436"/>
    <tag k="local_y" v="175.5466"/>
    <tag k="ele" v="1.8561"/>
  </node>
  <node id="39051" lat="-3.61684622385" lon="62.09752452808">
    <tag k="local_x" v="-228.379"/>
    <tag k="local_y" v="174.6931"/>
    <tag k="ele" v="1.8561"/>
  </node>
  <node id="39052" lat="-3.61685113782" lon="62.09754201872">
    <tag k="local_x" v="-226.4358"/>
    <tag k="local_y" v="174.1518"/>
    <tag k="ele" v="1.8561"/>
  </node>
  <node id="39058" lat="-3.61683470203" lon="62.09758870975">
    <tag k="local_x" v="-221.2517"/>
    <tag k="local_y" v="175.9739"/>
    <tag k="ele" v="0.0092"/>
  </node>
  <node id="39059" lat="-3.61686023555" lon="62.09758403692">
    <tag k="local_x" v="-221.7679"/>
    <tag k="local_y" v="173.1507"/>
    <tag k="ele" v="0.0092"/>
  </node>
  <node id="39065" lat="-3.61683783609" lon="62.09760560792">
    <tag k="local_x" v="-219.3745"/>
    <tag k="local_y" v="175.6293"/>
    <tag k="ele" v="0.0092"/>
  </node>
  <node id="39066" lat="-3.61684101715" lon="62.09762246823">
    <tag k="local_x" v="-217.5015"/>
    <tag k="local_y" v="175.2795"/>
    <tag k="ele" v="0.0092"/>
  </node>
  <node id="39067" lat="-3.61684425431" lon="62.09763933839">
    <tag k="local_x" v="-215.6274"/>
    <tag k="local_y" v="174.9235"/>
    <tag k="ele" v="0.0092"/>
  </node>
  <node id="39068" lat="-3.61684754392" lon="62.09765619859">
    <tag k="local_x" v="-213.7544"/>
    <tag k="local_y" v="174.5617"/>
    <tag k="ele" v="0.0092"/>
  </node>
  <node id="39069" lat="-3.61685088599" lon="62.09767304794">
    <tag k="local_x" v="-211.8826"/>
    <tag k="local_y" v="174.1941"/>
    <tag k="ele" v="0.0092"/>
  </node>
  <node id="39070" lat="-3.61685428051" lon="62.09768988734">
    <tag k="local_x" v="-210.0119"/>
    <tag k="local_y" v="173.8207"/>
    <tag k="ele" v="0.0092"/>
  </node>
  <node id="39071" lat="-3.6168577284" lon="62.09770671587">
    <tag k="local_x" v="-208.1424"/>
    <tag k="local_y" v="173.4414"/>
    <tag k="ele" v="0.0092"/>
  </node>
  <node id="39072" lat="-3.61686122329" lon="62.09772351465">
    <tag k="local_x" v="-206.2762"/>
    <tag k="local_y" v="173.0569"/>
    <tag k="ele" v="0.0092"/>
  </node>
  <node id="39073" lat="-3.61686335143" lon="62.09760083877">
    <tag k="local_x" v="-219.9014"/>
    <tag k="local_y" v="172.8081"/>
    <tag k="ele" v="0.0092"/>
  </node>
  <node id="39074" lat="-3.61686652522" lon="62.09761766037">
    <tag k="local_x" v="-218.0327"/>
    <tag k="local_y" v="172.4591"/>
    <tag k="ele" v="0.0092"/>
  </node>
  <node id="39075" lat="-3.61686974692" lon="62.09763445132">
    <tag k="local_x" v="-216.1674"/>
    <tag k="local_y" v="172.1048"/>
    <tag k="ele" v="0.0092"/>
  </node>
  <node id="39076" lat="-3.61687302107" lon="62.09765123321">
    <tag k="local_x" v="-214.3031"/>
    <tag k="local_y" v="171.7447"/>
    <tag k="ele" v="0.0092"/>
  </node>
  <node id="39077" lat="-3.61687634859" lon="62.09766800424">
    <tag k="local_x" v="-212.44"/>
    <tag k="local_y" v="171.3787"/>
    <tag k="ele" v="0.0092"/>
  </node>
  <node id="39078" lat="-3.61687972675" lon="62.09768476442">
    <tag k="local_x" v="-210.5781"/>
    <tag k="local_y" v="171.0071"/>
    <tag k="ele" v="0.0092"/>
  </node>
  <node id="39079" lat="-3.61688315827" lon="62.09770151464">
    <tag k="local_x" v="-208.7173"/>
    <tag k="local_y" v="170.6296"/>
    <tag k="ele" v="0.0092"/>
  </node>
  <node id="39080" lat="-3.61688664589" lon="62.09771827471">
    <tag k="local_x" v="-206.8554"/>
    <tag k="local_y" v="170.2459"/>
    <tag k="ele" v="0.0092"/>
  </node>
  <node id="39110" lat="-3.61691751422" lon="62.09798869969">
    <tag k="local_x" v="-176.8163"/>
    <tag k="local_y" v="166.8633"/>
    <tag k="ele" v="0.3927"/>
  </node>
  <node id="39111" lat="-3.61691960411" lon="62.09800078926">
    <tag k="local_x" v="-175.4733"/>
    <tag k="local_y" v="166.6336"/>
    <tag k="ele" v="0.3927"/>
  </node>
  <node id="39112" lat="-3.61692135105" lon="62.09801276302">
    <tag k="local_x" v="-174.1432"/>
    <tag k="local_y" v="166.4418"/>
    <tag k="ele" v="0.3927"/>
  </node>
  <node id="39113" lat="-3.61692278414" lon="62.0980247776">
    <tag k="local_x" v="-172.8086"/>
    <tag k="local_y" v="166.2847"/>
    <tag k="ele" v="0.3927"/>
  </node>
  <node id="39114" lat="-3.61692390247" lon="62.09803682581">
    <tag k="local_x" v="-171.4703"/>
    <tag k="local_y" v="166.1624"/>
    <tag k="ele" v="0.3927"/>
  </node>
  <node id="39115" lat="-3.61692470512" lon="62.09804889865">
    <tag k="local_x" v="-170.1293"/>
    <tag k="local_y" v="166.075"/>
    <tag k="ele" v="0.3927"/>
  </node>
  <node id="39116" lat="-3.61692519119" lon="62.0980609889">
    <tag k="local_x" v="-168.7864"/>
    <tag k="local_y" v="166.0226"/>
    <tag k="ele" v="0.3927"/>
  </node>
  <node id="39117" lat="-3.61692536066" lon="62.09807308757">
    <tag k="local_x" v="-167.4426"/>
    <tag k="local_y" v="166.0052"/>
    <tag k="ele" v="0.3927"/>
  </node>
  <node id="39118" lat="-3.61692521443" lon="62.09808518655">
    <tag k="local_x" v="-166.0988"/>
    <tag k="local_y" v="166.0227"/>
    <tag k="ele" v="0.3927"/>
  </node>
  <node id="39119" lat="-3.61692474271" lon="62.09809744521">
    <tag k="local_x" v="-164.7373"/>
    <tag k="local_y" v="166.0762"/>
    <tag k="ele" v="0.3927"/>
  </node>
  <node id="39120" lat="-3.61694310233" lon="62.09798433383">
    <tag k="local_x" v="-177.2984"/>
    <tag k="local_y" v="164.0341"/>
    <tag k="ele" v="0.3927"/>
  </node>
  <node id="39121" lat="-3.61694523507" lon="62.09799675738">
    <tag k="local_x" v="-175.9183"/>
    <tag k="local_y" v="163.7997"/>
    <tag k="ele" v="0.3927"/>
  </node>
  <node id="39122" lat="-3.61694706771" lon="62.09800939822">
    <tag k="local_x" v="-174.5141"/>
    <tag k="local_y" v="163.5985"/>
    <tag k="ele" v="0.3927"/>
  </node>
  <node id="39123" lat="-3.6169485675" lon="62.09802208259">
    <tag k="local_x" v="-173.1051"/>
    <tag k="local_y" v="163.4341"/>
    <tag k="ele" v="0.3927"/>
  </node>
  <node id="39124" lat="-3.61694973625" lon="62.09803480061">
    <tag k="local_x" v="-171.6924"/>
    <tag k="local_y" v="163.3063"/>
    <tag k="ele" v="0.3927"/>
  </node>
  <node id="39125" lat="-3.61695057033" lon="62.09804754507">
    <tag k="local_x" v="-170.2768"/>
    <tag k="local_y" v="163.2155"/>
    <tag k="ele" v="0.3927"/>
  </node>
  <node id="39126" lat="-3.61695107154" lon="62.09806030696">
    <tag k="local_x" v="-168.8593"/>
    <tag k="local_y" v="163.1615"/>
    <tag k="ele" v="0.3927"/>
  </node>
  <node id="39127" lat="-3.61695123806" lon="62.09807307639">
    <tag k="local_x" v="-167.441"/>
    <tag k="local_y" v="163.1445"/>
    <tag k="ele" v="0.3927"/>
  </node>
  <node id="39128" lat="-3.61695107079" lon="62.09808584615">
    <tag k="local_x" v="-166.0227"/>
    <tag k="local_y" v="163.1644"/>
    <tag k="ele" v="0.3927"/>
  </node>
  <node id="39129" lat="-3.61695057589" lon="62.09809843976">
    <tag k="local_x" v="-164.624"/>
    <tag k="local_y" v="163.2205"/>
    <tag k="ele" v="0.3927"/>
  </node>
  <node id="39205" lat="-3.61722770136" lon="62.09486263254">
    <tag k="local_x" v="-523.99"/>
    <tag k="local_y" v="132.2272"/>
    <tag k="ele" v="2.7177"/>
  </node>
  <node id="39206" lat="-3.61720797329" lon="62.0948607956">
    <tag k="local_x" v="-524.1962"/>
    <tag k="local_y" v="134.4079"/>
    <tag k="ele" v="2.7177"/>
  </node>
  <node id="39317" lat="-3.61715003485" lon="62.0951761681">
    <tag k="local_x" v="-489.1746"/>
    <tag k="local_y" v="140.8478"/>
    <tag k="ele" v="-0.1174"/>
  </node>
  <node id="39318" lat="-3.6171546523" lon="62.09516849079">
    <tag k="local_x" v="-490.0268"/>
    <tag k="local_y" v="140.3365"/>
    <tag k="ele" v="-0.1174"/>
  </node>
  <node id="39319" lat="-3.61715900777" lon="62.09516026722">
    <tag k="local_x" v="-490.9397"/>
    <tag k="local_y" v="139.8541"/>
    <tag k="ele" v="-0.1174"/>
  </node>
  <node id="39320" lat="-3.61716288993" lon="62.09515182444">
    <tag k="local_x" v="-491.877"/>
    <tag k="local_y" v="139.424"/>
    <tag k="ele" v="-0.1174"/>
  </node>
  <node id="39321" lat="-3.61716628885" lon="62.09514319037">
    <tag k="local_x" v="-492.8356"/>
    <tag k="local_y" v="139.0473"/>
    <tag k="ele" v="-0.1174"/>
  </node>
  <node id="39322" lat="-3.6171691937" lon="62.09513439203">
    <tag k="local_x" v="-493.8125"/>
    <tag k="local_y" v="138.7252"/>
    <tag k="ele" v="-0.1174"/>
  </node>
  <node id="39323" lat="-3.61717159909" lon="62.09512545822">
    <tag k="local_x" v="-494.8045"/>
    <tag k="local_y" v="138.4583"/>
    <tag k="ele" v="-0.1174"/>
  </node>
  <node id="39324" lat="-3.61717349599" lon="62.09511641508">
    <tag k="local_x" v="-495.8087"/>
    <tag k="local_y" v="138.2476"/>
    <tag k="ele" v="-0.1174"/>
  </node>
  <node id="39325" lat="-3.61717483228" lon="62.09510760209">
    <tag k="local_x" v="-496.7874"/>
    <tag k="local_y" v="138.0989"/>
    <tag k="ele" v="-0.1174"/>
  </node>
  <node id="39326" lat="-3.61712808582" lon="62.09516236868">
    <tag k="local_x" v="-490.7097"/>
    <tag k="local_y" v="143.2727"/>
    <tag k="ele" v="-0.1174"/>
  </node>
  <node id="39327" lat="-3.6171326869" lon="62.0951555197">
    <tag k="local_x" v="-491.4699"/>
    <tag k="local_y" v="142.7633"/>
    <tag k="ele" v="-0.1174"/>
  </node>
  <node id="39328" lat="-3.61713672269" lon="62.0951487289">
    <tag k="local_x" v="-492.2237"/>
    <tag k="local_y" v="142.3164"/>
    <tag k="ele" v="-0.1174"/>
  </node>
  <node id="39329" lat="-3.61714037651" lon="62.0951417134">
    <tag k="local_x" v="-493.0025"/>
    <tag k="local_y" v="141.9117"/>
    <tag k="ele" v="-0.1174"/>
  </node>
  <node id="39330" lat="-3.61714363573" lon="62.0951344957">
    <tag k="local_x" v="-493.8038"/>
    <tag k="local_y" v="141.5506"/>
    <tag k="ele" v="-0.1174"/>
  </node>
  <node id="39331" lat="-3.61714649042" lon="62.09512709744">
    <tag k="local_x" v="-494.6252"/>
    <tag k="local_y" v="141.2342"/>
    <tag k="ele" v="-0.1174"/>
  </node>
  <node id="39332" lat="-3.61714892794" lon="62.09511954023">
    <tag k="local_x" v="-495.4643"/>
    <tag k="local_y" v="140.9639"/>
    <tag k="ele" v="-0.1174"/>
  </node>
  <node id="39333" lat="-3.61715094198" lon="62.0951118493">
    <tag k="local_x" v="-496.3183"/>
    <tag k="local_y" v="140.7404"/>
    <tag k="ele" v="-0.1174"/>
  </node>
  <node id="39365" lat="-3.61939574014" lon="62.09441119006">
    <tag k="local_x" v="-573.892"/>
    <tag k="local_y" v="-107.4957"/>
    <tag k="ele" v="1.5217"/>
  </node>
  <node id="39366" lat="-3.61939760443" lon="62.09438586866">
    <tag k="local_x" v="-576.7042"/>
    <tag k="local_y" v="-107.7046"/>
    <tag k="ele" v="1.5217"/>
  </node>
  <node id="39884" lat="-3.6191570007" lon="62.09766608846">
    <tag k="local_x" v="-212.4022"/>
    <tag k="local_y" v="-80.7434"/>
    <tag k="ele" v="1.7823"/>
  </node>
  <node id="39888" lat="-3.61913175701" lon="62.09766478273">
    <tag k="local_x" v="-212.55"/>
    <tag k="local_y" v="-77.9529"/>
    <tag k="ele" v="1.7908"/>
  </node>
  <node id="40106" lat="-3.61915572681" lon="62.09768214561">
    <tag k="local_x" v="-210.6189"/>
    <tag k="local_y" v="-80.6008"/>
    <tag k="ele" v="1.7832"/>
  </node>
  <node id="40107" lat="-3.61913049869" lon="62.09768013849">
    <tag k="local_x" v="-210.8446"/>
    <tag k="local_y" v="-77.8121"/>
    <tag k="ele" v="1.7912"/>
  </node>
  <node id="40118" lat="-3.619112188" lon="62.09779503819">
    <tag k="local_x" v="-198.0849"/>
    <tag k="local_y" v="-75.7752"/>
    <tag k="ele" v="1.8169"/>
  </node>
  <node id="40120" lat="-3.61912739043" lon="62.09777240643">
    <tag k="local_x" v="-200.5969"/>
    <tag k="local_y" v="-77.4583"/>
    <tag k="ele" v="1.8169"/>
  </node>
  <node id="40122" lat="-3.61913958249" lon="62.09774803728">
    <tag k="local_x" v="-203.3022"/>
    <tag k="local_y" v="-78.8088"/>
    <tag k="ele" v="1.8169"/>
  </node>
  <node id="40124" lat="-3.61914856736" lon="62.09772232348">
    <tag k="local_x" v="-206.1572"/>
    <tag k="local_y" v="-79.8049"/>
    <tag k="ele" v="1.8169"/>
  </node>
  <node id="40126" lat="-3.61915356362" lon="62.09770174381">
    <tag k="local_x" v="-208.4424"/>
    <tag k="local_y" v="-80.3595"/>
    <tag k="ele" v="1.8169"/>
  </node>
  <node id="40132" lat="-3.6190920783" lon="62.09777972608">
    <tag k="local_x" v="-199.7878"/>
    <tag k="local_y" v="-73.5538"/>
    <tag k="ele" v="1.8169"/>
  </node>
  <node id="40134" lat="-3.61910549232" lon="62.09775976112">
    <tag k="local_x" v="-202.0038"/>
    <tag k="local_y" v="-75.0389"/>
    <tag k="ele" v="1.8169"/>
  </node>
  <node id="40136" lat="-3.61911625076" lon="62.09773826279">
    <tag k="local_x" v="-204.3904"/>
    <tag k="local_y" v="-76.2306"/>
    <tag k="ele" v="1.8169"/>
  </node>
  <node id="40138" lat="-3.6191241803" lon="62.0977155779">
    <tag k="local_x" v="-206.9091"/>
    <tag k="local_y" v="-77.1097"/>
    <tag k="ele" v="1.8169"/>
  </node>
  <node id="40140" lat="-3.61912885125" lon="62.09769715488">
    <tag k="local_x" v="-208.9548"/>
    <tag k="local_y" v="-77.6281"/>
    <tag k="ele" v="1.8169"/>
  </node>
  <node id="40165" lat="-3.61909812358" lon="62.0978113835">
    <tag k="local_x" v="-196.271"/>
    <tag k="local_y" v="-74.2186"/>
    <tag k="ele" v="1.8169"/>
  </node>
  <node id="40166" lat="-3.6190799752" lon="62.09779444432">
    <tag k="local_x" v="-198.1544"/>
    <tag k="local_y" v="-72.2142"/>
    <tag k="ele" v="1.8169"/>
  </node>
  <node id="40173" lat="-3.61893195298" lon="62.09788880397">
    <tag k="local_x" v="-187.6903"/>
    <tag k="local_y" v="-55.8402"/>
    <tag k="ele" v="1.8088"/>
  </node>
  <node id="40175" lat="-3.61895942229" lon="62.09788681944">
    <tag k="local_x" v="-187.9077"/>
    <tag k="local_y" v="-58.8771"/>
    <tag k="ele" v="1.8088"/>
  </node>
  <node id="40177" lat="-3.61898642687" lon="62.09788144196">
    <tag k="local_x" v="-188.502"/>
    <tag k="local_y" v="-61.863"/>
    <tag k="ele" v="1.8088"/>
  </node>
  <node id="40179" lat="-3.61901254527" lon="62.09787275479">
    <tag k="local_x" v="-189.464"/>
    <tag k="local_y" v="-64.7513"/>
    <tag k="ele" v="1.8088"/>
  </node>
  <node id="40181" lat="-3.61903737056" lon="62.09786089337">
    <tag k="local_x" v="-190.7787"/>
    <tag k="local_y" v="-67.497"/>
    <tag k="ele" v="1.8088"/>
  </node>
  <node id="40183" lat="-3.61906051487" lon="62.09784604445">
    <tag k="local_x" v="-192.4254"/>
    <tag k="local_y" v="-70.0572"/>
    <tag k="ele" v="1.8088"/>
  </node>
  <node id="40185" lat="-3.61908132649" lon="62.09782870659">
    <tag k="local_x" v="-194.3488"/>
    <tag k="local_y" v="-72.3598"/>
    <tag k="ele" v="1.8088"/>
  </node>
  <node id="40187" lat="-3.61893171059" lon="62.09786347835">
    <tag k="local_x" v="-190.5032"/>
    <tag k="local_y" v="-55.8162"/>
    <tag k="ele" v="1.8088"/>
  </node>
  <node id="40189" lat="-3.61895601139" lon="62.09786174455">
    <tag k="local_x" v="-190.6931"/>
    <tag k="local_y" v="-58.5028"/>
    <tag k="ele" v="1.8088"/>
  </node>
  <node id="40191" lat="-3.61897990756" lon="62.09785700759">
    <tag k="local_x" v="-191.2166"/>
    <tag k="local_y" v="-61.145"/>
    <tag k="ele" v="1.8088"/>
  </node>
  <node id="40193" lat="-3.61900302376" lon="62.09784934168">
    <tag k="local_x" v="-192.0655"/>
    <tag k="local_y" v="-63.7013"/>
    <tag k="ele" v="1.8088"/>
  </node>
  <node id="40195" lat="-3.619025001" lon="62.09783886511">
    <tag k="local_x" v="-193.2267"/>
    <tag k="local_y" v="-66.132"/>
    <tag k="ele" v="1.8088"/>
  </node>
  <node id="40197" lat="-3.6190454957" lon="62.09782574118">
    <tag k="local_x" v="-194.6821"/>
    <tag k="local_y" v="-68.3991"/>
    <tag k="ele" v="1.8088"/>
  </node>
  <node id="40199" lat="-3.61906447795" lon="62.09780990961">
    <tag k="local_x" v="-196.4384"/>
    <tag k="local_y" v="-70.4993"/>
    <tag k="ele" v="1.8088"/>
  </node>
  <node id="40420" lat="-3.61869531283" lon="62.09795737076">
    <tag k="local_x" v="-180.1007"/>
    <tag k="local_y" v="-29.6725"/>
    <tag k="ele" v="1.6561"/>
  </node>
  <node id="40421" lat="-3.61866979463" lon="62.09795927323">
    <tag k="local_x" v="-179.8922"/>
    <tag k="local_y" v="-26.8513"/>
    <tag k="ele" v="1.6561"/>
  </node>
  <node id="40428" lat="-3.61869561089" lon="62.09794241841">
    <tag k="local_x" v="-181.7614"/>
    <tag k="local_y" v="-29.7071"/>
    <tag k="ele" v="1.6489"/>
  </node>
  <node id="40430" lat="-3.61869895037" lon="62.09793040358">
    <tag k="local_x" v="-183.0955"/>
    <tag k="local_y" v="-30.0776"/>
    <tag k="ele" v="1.6489"/>
  </node>
  <node id="40433" lat="-3.61867043502" lon="62.09793838185">
    <tag k="local_x" v="-182.2125"/>
    <tag k="local_y" v="-26.9244"/>
    <tag k="ele" v="1.6489"/>
  </node>
  <node id="40435" lat="-3.6186755708" lon="62.09792072277">
    <tag k="local_x" v="-184.1733"/>
    <tag k="local_y" v="-27.4941"/>
    <tag k="ele" v="1.6489"/>
  </node>
  <node id="40440" lat="-3.6186704194" lon="62.09805229823">
    <tag k="local_x" v="-169.56"/>
    <tag k="local_y" v="-26.9101"/>
    <tag k="ele" v="2.0583"/>
  </node>
  <node id="40441" lat="-3.618645355" lon="62.09805027653">
    <tag k="local_x" v="-169.7873"/>
    <tag k="local_y" v="-24.1395"/>
    <tag k="ele" v="2.0583"/>
  </node>
  <node id="40447" lat="-3.61867538122" lon="62.09799358712">
    <tag k="local_x" v="-176.0804"/>
    <tag k="local_y" v="-27.4651"/>
    <tag k="ele" v="2.0544"/>
  </node>
  <node id="40449" lat="-3.61867833037" lon="62.0979774896">
    <tag k="local_x" v="-177.868"/>
    <tag k="local_y" v="-27.7929"/>
    <tag k="ele" v="2.0544"/>
  </node>
  <node id="40451" lat="-3.61868279718" lon="62.09796206765">
    <tag k="local_x" v="-179.5804"/>
    <tag k="local_y" v="-28.2884"/>
    <tag k="ele" v="2.0544"/>
  </node>
  <node id="40453" lat="-3.6186887824" lon="62.09794716459">
    <tag k="local_x" v="-181.235"/>
    <tag k="local_y" v="-28.9517"/>
    <tag k="ele" v="2.0544"/>
  </node>
  <node id="40455" lat="-3.61869622648" lon="62.09793292905">
    <tag k="local_x" v="-182.8153"/>
    <tag k="local_y" v="-29.7762"/>
    <tag k="ele" v="2.0544"/>
  </node>
  <node id="40457" lat="-3.6186505384" lon="62.09798970958">
    <tag k="local_x" v="-176.5138"/>
    <tag k="local_y" v="-24.7192"/>
    <tag k="ele" v="2.0544"/>
  </node>
  <node id="40459" lat="-3.61865382855" lon="62.09797177233">
    <tag k="local_x" v="-178.5057"/>
    <tag k="local_y" v="-25.0849"/>
    <tag k="ele" v="2.0544"/>
  </node>
  <node id="40461" lat="-3.6186589705" lon="62.09795394758">
    <tag k="local_x" v="-180.4849"/>
    <tag k="local_y" v="-25.6553"/>
    <tag k="ele" v="2.0544"/>
  </node>
  <node id="40463" lat="-3.61866586793" lon="62.09793671893">
    <tag k="local_x" v="-182.3977"/>
    <tag k="local_y" v="-26.4197"/>
    <tag k="ele" v="2.0544"/>
  </node>
  <node id="40465" lat="-3.61867445317" lon="62.0979202566">
    <tag k="local_x" v="-184.2252"/>
    <tag k="local_y" v="-27.3706"/>
    <tag k="ele" v="2.0544"/>
  </node>
  <node id="40473" lat="-3.61865911087" lon="62.09840541278">
    <tag k="local_x" v="-130.3414"/>
    <tag k="local_y" v="-25.621"/>
    <tag k="ele" v="1.9729"/>
  </node>
  <node id="40474" lat="-3.61863938351" lon="62.09838708052">
    <tag k="local_x" v="-132.3797"/>
    <tag k="local_y" v="-23.4422"/>
    <tag k="ele" v="1.9741"/>
  </node>
  <node id="40508" lat="-3.61863269294" lon="62.09875308529">
    <tag k="local_x" v="-91.7289"/>
    <tag k="local_y" v="-22.6622"/>
    <tag k="ele" v="1.9908"/>
  </node>
  <node id="40509" lat="-3.61860708402" lon="62.09876470616">
    <tag k="local_x" v="-90.441"/>
    <tag k="local_y" v="-19.8299"/>
    <tag k="ele" v="1.9852"/>
  </node>
  <node id="40529" lat="-3.61858341327" lon="62.09923677779">
    <tag k="local_x" v="-38.0114"/>
    <tag k="local_y" v="-17.1611"/>
    <tag k="ele" v="1.9846"/>
  </node>
  <node id="40590" lat="-3.61863838059" lon="62.09883342842">
    <tag k="local_x" v="-82.8047"/>
    <tag k="local_y" v="-23.2821"/>
    <tag k="ele" v="2.002"/>
  </node>
  <node id="40591" lat="-3.61861317266" lon="62.09883170756">
    <tag k="local_x" v="-82.9986"/>
    <tag k="local_y" v="-20.4956"/>
    <tag k="ele" v="2.002"/>
  </node>
  <node id="40634" lat="-3.61860987339" lon="62.09891307156">
    <tag k="local_x" v="-73.962"/>
    <tag k="local_y" v="-20.1219"/>
    <tag k="ele" v="1.9849"/>
  </node>
  <node id="40635" lat="-3.61858655347" lon="62.09889698829">
    <tag k="local_x" v="-75.7509"/>
    <tag k="local_y" v="-17.5457"/>
    <tag k="ele" v="1.9907"/>
  </node>
  <node id="40659" lat="-3.61859294596" lon="62.09932589011">
    <tag k="local_x" v="-28.1128"/>
    <tag k="local_y" v="-18.2051"/>
    <tag k="ele" v="1.953"/>
  </node>
  <node id="40660" lat="-3.61856780109" lon="62.09932391527">
    <tag k="local_x" v="-28.3349"/>
    <tag k="local_y" v="-15.4256"/>
    <tag k="ele" v="1.953"/>
  </node>
  <node id="40736" lat="-3.61847620632" lon="62.09962133986">
    <tag k="local_x" v="4.6895"/>
    <tag k="local_y" v="-5.2672"/>
    <tag k="ele" v="1.8774"/>
  </node>
  <node id="40738" lat="-3.61849565403" lon="62.09961868895">
    <tag k="local_x" v="4.3972"/>
    <tag k="local_y" v="-7.4174"/>
    <tag k="ele" v="1.8774"/>
  </node>
  <node id="40740" lat="-3.61851474808" lon="62.09961151684">
    <tag k="local_x" v="3.6027"/>
    <tag k="local_y" v="-9.529"/>
    <tag k="ele" v="1.8774"/>
  </node>
  <node id="40742" lat="-3.61853177012" lon="62.09960021149">
    <tag k="local_x" v="2.3489"/>
    <tag k="local_y" v="-11.412"/>
    <tag k="ele" v="1.8774"/>
  </node>
  <node id="40744" lat="-3.61847395308" lon="62.09959600543">
    <tag k="local_x" v="1.8754"/>
    <tag k="local_y" v="-5.0209"/>
    <tag k="ele" v="1.8774"/>
  </node>
  <node id="40746" lat="-3.61848898852" lon="62.09959363888">
    <tag k="local_x" v="1.6142"/>
    <tag k="local_y" v="-6.6833"/>
    <tag k="ele" v="1.8774"/>
  </node>
  <node id="40748" lat="-3.61850235283" lon="62.09958818309">
    <tag k="local_x" v="1.0097"/>
    <tag k="local_y" v="-8.1613"/>
    <tag k="ele" v="1.8774"/>
  </node>
  <node id="40755" lat="-3.61858464193" lon="62.09945116538">
    <tag k="local_x" v="-14.1996"/>
    <tag k="local_y" v="-17.2733"/>
    <tag k="ele" v="1.9226"/>
  </node>
  <node id="40756" lat="-3.61855779717" lon="62.09944901755">
    <tag k="local_x" v="-14.4411"/>
    <tag k="local_y" v="-14.3059"/>
    <tag k="ele" v="1.9226"/>
  </node>
  <node id="40784" lat="-3.61851568921" lon="62.09957829762">
    <tag k="local_x" v="-0.0868"/>
    <tag k="local_y" v="-9.6367"/>
    <tag k="ele" v="1.8774"/>
  </node>
  <node id="40791" lat="-3.61855226851" lon="62.09957805082">
    <tag k="local_x" v="-0.1102"/>
    <tag k="local_y" v="-13.6805"/>
    <tag k="ele" v="1.8774"/>
  </node>
  <node id="40792" lat="-3.61855979807" lon="62.09956696282">
    <tag k="local_x" v="-1.3409"/>
    <tag k="local_y" v="-14.5141"/>
    <tag k="ele" v="1.8774"/>
  </node>
  <node id="40793" lat="-3.61856625324" lon="62.09955522312">
    <tag k="local_x" v="-2.6441"/>
    <tag k="local_y" v="-15.229"/>
    <tag k="ele" v="1.8774"/>
  </node>
  <node id="40794" lat="-3.61857157713" lon="62.09954293623">
    <tag k="local_x" v="-4.0082"/>
    <tag k="local_y" v="-15.8189"/>
    <tag k="ele" v="1.8774"/>
  </node>
  <node id="40795" lat="-3.61857572463" lon="62.09953020844">
    <tag k="local_x" v="-5.4214"/>
    <tag k="local_y" v="-16.2788"/>
    <tag k="ele" v="1.8774"/>
  </node>
  <node id="40796" lat="-3.61857853453" lon="62.09951776647">
    <tag k="local_x" v="-6.803"/>
    <tag k="local_y" v="-16.5908"/>
    <tag k="ele" v="1.8774"/>
  </node>
  <node id="40798" lat="-3.61853061753" lon="62.09956194068">
    <tag k="local_x" v="-1.9019"/>
    <tag k="local_y" v="-11.2888"/>
    <tag k="ele" v="1.8774"/>
  </node>
  <node id="40799" lat="-3.61853674798" lon="62.09955294827">
    <tag k="local_x" v="-2.9"/>
    <tag k="local_y" v="-11.9675"/>
    <tag k="ele" v="1.8774"/>
  </node>
  <node id="40800" lat="-3.61854200859" lon="62.0995434237">
    <tag k="local_x" v="-3.9573"/>
    <tag k="local_y" v="-12.5501"/>
    <tag k="ele" v="1.8774"/>
  </node>
  <node id="40801" lat="-3.61854635151" lon="62.09953345078">
    <tag k="local_x" v="-5.0645"/>
    <tag k="local_y" v="-13.0313"/>
    <tag k="ele" v="1.8774"/>
  </node>
  <node id="40802" lat="-3.61854974063" lon="62.09952311595">
    <tag k="local_x" v="-6.212"/>
    <tag k="local_y" v="-13.4071"/>
    <tag k="ele" v="1.8774"/>
  </node>
  <node id="40803" lat="-3.61855226771" lon="62.09951189603">
    <tag k="local_x" v="-7.4579"/>
    <tag k="local_y" v="-13.6877"/>
    <tag k="ele" v="1.8774"/>
  </node>
  <node id="40834" lat="-3.61858744469" lon="62.09924554318">
    <tag k="local_x" v="-37.0374"/>
    <tag k="local_y" v="-17.6058"/>
    <tag k="ele" v="1.9942"/>
  </node>
  <node id="40835" lat="-3.61856430345" lon="62.0992553348">
    <tag k="local_x" v="-35.9524"/>
    <tag k="local_y" v="-15.0465"/>
    <tag k="ele" v="1.9942"/>
  </node>
  <node id="40841" lat="-3.61859740896" lon="62.09929029049">
    <tag k="local_x" v="-32.0663"/>
    <tag k="local_y" v="-18.7024"/>
    <tag k="ele" v="1.9593"/>
  </node>
  <node id="40842" lat="-3.6185970021" lon="62.09928142067">
    <tag k="local_x" v="-33.0515"/>
    <tag k="local_y" v="-18.6584"/>
    <tag k="ele" v="1.9593"/>
  </node>
  <node id="40843" lat="-3.61859576618" lon="62.09927207899">
    <tag k="local_x" v="-34.0892"/>
    <tag k="local_y" v="-18.5228"/>
    <tag k="ele" v="1.9593"/>
  </node>
  <node id="40844" lat="-3.61859372079" lon="62.09926288037">
    <tag k="local_x" v="-35.1111"/>
    <tag k="local_y" v="-18.2977"/>
    <tag k="ele" v="1.9593"/>
  </node>
  <node id="40845" lat="-3.61859105739" lon="62.09925440713">
    <tag k="local_x" v="-36.0525"/>
    <tag k="local_y" v="-18.0042"/>
    <tag k="ele" v="1.9593"/>
  </node>
  <node id="40846" lat="-3.61857220925" lon="62.09929137328">
    <tag k="local_x" v="-31.9488"/>
    <tag k="local_y" v="-15.9165"/>
    <tag k="ele" v="1.9593"/>
  </node>
  <node id="40847" lat="-3.61857189303" lon="62.0992835892">
    <tag k="local_x" v="-32.8134"/>
    <tag k="local_y" v="-15.8824"/>
    <tag k="ele" v="1.9593"/>
  </node>
  <node id="40848" lat="-3.61857095866" lon="62.09927640175">
    <tag k="local_x" v="-33.6118"/>
    <tag k="local_y" v="-15.7799"/>
    <tag k="ele" v="1.9593"/>
  </node>
  <node id="40849" lat="-3.61856940296" lon="62.09926932116">
    <tag k="local_x" v="-34.3984"/>
    <tag k="local_y" v="-15.6087"/>
    <tag k="ele" v="1.9593"/>
  </node>
  <node id="40850" lat="-3.61856706172" lon="62.0992618866">
    <tag k="local_x" v="-35.2244"/>
    <tag k="local_y" v="-15.3507"/>
    <tag k="ele" v="1.9593"/>
  </node>
  <node id="40857" lat="-3.6185589734" lon="62.0995681773">
    <tag k="local_x" v="-1.2061"/>
    <tag k="local_y" v="-14.4228"/>
    <tag k="ele" v="1.8774"/>
  </node>
  <node id="40858" lat="-3.61853663417" lon="62.09955311494">
    <tag k="local_x" v="-2.8815"/>
    <tag k="local_y" v="-11.9549"/>
    <tag k="ele" v="1.8774"/>
  </node>
  <node id="40866" lat="-3.61850227435" lon="62.09959929615">
    <tag k="local_x" v="2.244"/>
    <tag k="local_y" v="-8.1514"/>
    <tag k="ele" v="1.9195"/>
  </node>
  <node id="40868" lat="-3.61852083082" lon="62.09959731687">
    <tag k="local_x" v="2.0262"/>
    <tag k="local_y" v="-10.203"/>
    <tag k="ele" v="1.9195"/>
  </node>
  <node id="40870" lat="-3.61853889148" lon="62.09958798855">
    <tag k="local_x" v="0.9921"/>
    <tag k="local_y" v="-12.2006"/>
    <tag k="ele" v="1.9195"/>
  </node>
  <node id="40871" lat="-3.61854893365" lon="62.09958020054">
    <tag k="local_x" v="0.1282"/>
    <tag k="local_y" v="-13.3116"/>
    <tag k="ele" v="1.9195"/>
  </node>
  <node id="40872" lat="-3.61849939719" lon="62.09957238852">
    <tag k="local_x" v="-0.7449"/>
    <tag k="local_y" v="-7.8363"/>
    <tag k="ele" v="1.9195"/>
  </node>
  <node id="40874" lat="-3.61851661524" lon="62.09956986946">
    <tag k="local_x" v="-1.0228"/>
    <tag k="local_y" v="-9.74"/>
    <tag k="ele" v="1.9195"/>
  </node>
  <node id="40876" lat="-3.61852768128" lon="62.09956287544">
    <tag k="local_x" v="-1.7984"/>
    <tag k="local_y" v="-10.9641"/>
    <tag k="ele" v="1.9195"/>
  </node>
  <node id="41029" lat="-3.61903810669" lon="62.09429519621">
    <tag k="local_x" v="-586.8147"/>
    <tag k="local_y" v="-67.9728"/>
    <tag k="ele" v="1.3679"/>
  </node>
  <node id="41030" lat="-3.619036009" lon="62.09432049802">
    <tag k="local_x" v="-584.0047"/>
    <tag k="local_y" v="-67.7381"/>
    <tag k="ele" v="1.3679"/>
  </node>
  <node id="41099" lat="-3.61683028506" lon="62.09922308777">
    <tag k="local_x" v="-39.7242"/>
    <tag k="local_y" v="176.6424"/>
    <tag k="ele" v="2.0203"/>
  </node>
  <node id="41100" lat="-3.61685940057" lon="62.09922548636">
    <tag k="local_x" v="-39.4546"/>
    <tag k="local_y" v="173.424"/>
    <tag k="ele" v="2.0069"/>
  </node>
  <node id="41113" lat="-3.61684432843" lon="62.0993117552">
    <tag k="local_x" v="-29.8745"/>
    <tag k="local_y" v="175.0997"/>
    <tag k="ele" v="2.121"/>
  </node>
  <node id="41116" lat="-3.6168153835" lon="62.09929898537">
    <tag k="local_x" v="-31.296"/>
    <tag k="local_y" v="178.2981"/>
    <tag k="ele" v="2.121"/>
  </node>
  <node id="41136" lat="-3.61680305587" lon="62.09933170258">
    <tag k="local_x" v="-27.6635"/>
    <tag k="local_y" v="179.6645"/>
    <tag k="ele" v="2.3285"/>
  </node>
  <node id="41137" lat="-3.61679923362" lon="62.09934584177">
    <tag k="local_x" v="-26.0935"/>
    <tag k="local_y" v="180.0886"/>
    <tag k="ele" v="2.3285"/>
  </node>
  <node id="41139" lat="-3.61679653423" lon="62.09935934691">
    <tag k="local_x" v="-24.5938"/>
    <tag k="local_y" v="180.3885"/>
    <tag k="ele" v="2.3285"/>
  </node>
  <node id="41143" lat="-3.61683344331" lon="62.09934054728">
    <tag k="local_x" v="-26.6778"/>
    <tag k="local_y" v="176.3062"/>
    <tag k="ele" v="2.3285"/>
  </node>
  <node id="41144" lat="-3.61683002819" lon="62.0993529304">
    <tag k="local_x" v="-25.3028"/>
    <tag k="local_y" v="176.6851"/>
    <tag k="ele" v="2.3285"/>
  </node>
  <node id="41146" lat="-3.61682800537" lon="62.09936365461">
    <tag k="local_x" v="-24.1119"/>
    <tag k="local_y" v="176.9099"/>
    <tag k="ele" v="2.3285"/>
  </node>
  <node id="41153" lat="-3.61682553836" lon="62.09926449213">
    <tag k="local_x" v="-35.126"/>
    <tag k="local_y" v="177.1717"/>
    <tag k="ele" v="2.0126"/>
  </node>
  <node id="41155" lat="-3.61682105586" lon="62.09928326154">
    <tag k="local_x" v="-33.0418"/>
    <tag k="local_y" v="177.6693"/>
    <tag k="ele" v="2.0126"/>
  </node>
  <node id="41158" lat="-3.61685431995" lon="62.09926948314">
    <tag k="local_x" v="-34.5685"/>
    <tag k="local_y" v="173.9905"/>
    <tag k="ele" v="2.0126"/>
  </node>
  <node id="41160" lat="-3.61685065987" lon="62.0992920476">
    <tag k="local_x" v="-32.0627"/>
    <tag k="local_y" v="174.3976"/>
    <tag k="ele" v="2.0126"/>
  </node>
  <node id="41197" lat="-3.61697526491" lon="62.09953582184">
    <tag k="local_x" v="-4.9734"/>
    <tag k="local_y" v="160.6496"/>
    <tag k="ele" v="2.1256"/>
  </node>
  <node id="41198" lat="-3.61697892905" lon="62.09950825776">
    <tag k="local_x" v="-8.0345"/>
    <tag k="local_y" v="160.2415"/>
    <tag k="ele" v="2.1256"/>
  </node>
  <node id="41245" lat="-3.61695369688" lon="62.09949401399">
    <tag k="local_x" v="-9.6193"/>
    <tag k="local_y" v="163.0293"/>
    <tag k="ele" v="2.126"/>
  </node>
  <node id="41246" lat="-3.61697556611" lon="62.09949584351">
    <tag k="local_x" v="-9.4137"/>
    <tag k="local_y" v="160.6119"/>
    <tag k="ele" v="2.1256"/>
  </node>
  <node id="41247" lat="-3.61695590819" lon="62.09946547086">
    <tag k="local_x" v="-12.7893"/>
    <tag k="local_y" v="162.7817"/>
    <tag k="ele" v="2.126"/>
  </node>
  <node id="41248" lat="-3.61697777832" lon="62.09946730038">
    <tag k="local_x" v="-12.5837"/>
    <tag k="local_y" v="160.3642"/>
    <tag k="ele" v="2.1256"/>
  </node>
  <node id="41252" lat="-3.6170359155" lon="62.0994995699">
    <tag k="local_x" v="-8.9932"/>
    <tag k="local_y" v="153.9408"/>
    <tag k="ele" v="2.1254"/>
  </node>
  <node id="41253" lat="-3.61703802185" lon="62.09947462825">
    <tag k="local_x" v="-11.7632"/>
    <tag k="local_y" v="153.7052"/>
    <tag k="ele" v="2.1254"/>
  </node>
  <node id="41376" lat="-3.61679486927" lon="62.09937606346">
    <tag k="local_x" v="-22.7373"/>
    <tag k="local_y" v="180.5744"/>
    <tag k="ele" v="2.3285"/>
  </node>
  <node id="41377" lat="-3.6168266231" lon="62.09937811461">
    <tag k="local_x" v="-22.506"/>
    <tag k="local_y" v="177.0643"/>
    <tag k="ele" v="2.3285"/>
  </node>
  <node id="41394" lat="-3.61680469297" lon="62.09913815377">
    <tag k="local_x" v="-49.1605"/>
    <tag k="local_y" v="179.4622"/>
    <tag k="ele" v="2.3285"/>
  </node>
  <node id="41396" lat="-3.6168364468" lon="62.09914020492">
    <tag k="local_x" v="-48.9292"/>
    <tag k="local_y" v="175.9521"/>
    <tag k="ele" v="2.3285"/>
  </node>
  <node id="41404" lat="-3.61679431301" lon="62.0994115322">
    <tag k="local_x" v="-18.7979"/>
    <tag k="local_y" v="180.6398"/>
    <tag k="ele" v="2.0368"/>
  </node>
  <node id="41405" lat="-3.61679629553" lon="62.09942482474">
    <tag k="local_x" v="-17.3213"/>
    <tag k="local_y" v="180.4221"/>
    <tag k="ele" v="2.0368"/>
  </node>
  <node id="41406" lat="-3.61680003351" lon="62.09943868907">
    <tag k="local_x" v="-15.781"/>
    <tag k="local_y" v="180.0104"/>
    <tag k="ele" v="2.0368"/>
  </node>
  <node id="41407" lat="-3.61680537478" lon="62.09945200621">
    <tag k="local_x" v="-14.3013"/>
    <tag k="local_y" v="179.4214"/>
    <tag k="ele" v="2.0368"/>
  </node>
  <node id="41408" lat="-3.61681224044" lon="62.09946459166">
    <tag k="local_x" v="-12.9027"/>
    <tag k="local_y" v="178.6638"/>
    <tag k="ele" v="2.0368"/>
  </node>
  <node id="41409" lat="-3.61682053264" lon="62.09947627536">
    <tag k="local_x" v="-11.6041"/>
    <tag k="local_y" v="177.7484"/>
    <tag k="ele" v="2.0368"/>
  </node>
  <node id="41410" lat="-3.61683013362" lon="62.09948689716">
    <tag k="local_x" v="-10.4233"/>
    <tag k="local_y" v="176.6882"/>
    <tag k="ele" v="2.0368"/>
  </node>
  <node id="41411" lat="-3.61684090754" lon="62.09949631314">
    <tag k="local_x" v="-9.3763"/>
    <tag k="local_y" v="175.4982"/>
    <tag k="ele" v="2.0368"/>
  </node>
  <node id="41412" lat="-3.61685270322" lon="62.0995043965">
    <tag k="local_x" v="-8.4772"/>
    <tag k="local_y" v="174.1951"/>
    <tag k="ele" v="2.0368"/>
  </node>
  <node id="41413" lat="-3.61686535502" lon="62.09951103937">
    <tag k="local_x" v="-7.738"/>
    <tag k="local_y" v="172.7972"/>
    <tag k="ele" v="2.0368"/>
  </node>
  <node id="41414" lat="-3.61687868734" lon="62.09951615188">
    <tag k="local_x" v="-7.1687"/>
    <tag k="local_y" v="171.3239"/>
    <tag k="ele" v="2.0368"/>
  </node>
  <node id="41415" lat="-3.61689169042" lon="62.09951947662">
    <tag k="local_x" v="-6.798"/>
    <tag k="local_y" v="169.8868"/>
    <tag k="ele" v="2.0368"/>
  </node>
  <node id="41416" lat="-3.61682594838" lon="62.09940726576">
    <tag k="local_x" v="-19.2683"/>
    <tag k="local_y" v="177.1421"/>
    <tag k="ele" v="2.0368"/>
  </node>
  <node id="41417" lat="-3.61682734204" lon="62.09941877079">
    <tag k="local_x" v="-17.9903"/>
    <tag k="local_y" v="176.9893"/>
    <tag k="ele" v="2.0368"/>
  </node>
  <node id="41418" lat="-3.61682987887" lon="62.09942913936">
    <tag k="local_x" v="-16.8384"/>
    <tag k="local_y" v="176.71"/>
    <tag k="ele" v="2.0368"/>
  </node>
  <node id="41419" lat="-3.61683362659" lon="62.09943915561">
    <tag k="local_x" v="-15.7255"/>
    <tag k="local_y" v="176.2968"/>
    <tag k="ele" v="2.0368"/>
  </node>
  <node id="41420" lat="-3.61683853712" lon="62.09944868001">
    <tag k="local_x" v="-14.6671"/>
    <tag k="local_y" v="175.755"/>
    <tag k="ele" v="2.0368"/>
  </node>
  <node id="41421" lat="-3.61684454608" lon="62.0994575785">
    <tag k="local_x" v="-13.6781"/>
    <tag k="local_y" v="175.0917"/>
    <tag k="ele" v="2.0368"/>
  </node>
  <node id="41422" lat="-3.61685157287" lon="62.09946572779">
    <tag k="local_x" v="-12.7722"/>
    <tag k="local_y" v="174.3158"/>
    <tag k="ele" v="2.0368"/>
  </node>
  <node id="41423" lat="-3.61685952508" lon="62.09947301004">
    <tag k="local_x" v="-11.9625"/>
    <tag k="local_y" v="173.4375"/>
    <tag k="ele" v="2.0368"/>
  </node>
  <node id="41424" lat="-3.61686829407" lon="62.09947932451">
    <tag k="local_x" v="-11.2602"/>
    <tag k="local_y" v="172.4688"/>
    <tag k="ele" v="2.0368"/>
  </node>
  <node id="41425" lat="-3.61687776125" lon="62.09948457858">
    <tag k="local_x" v="-10.6756"/>
    <tag k="local_y" v="171.4228"/>
    <tag k="ele" v="2.0368"/>
  </node>
  <node id="41426" lat="-3.616887799" lon="62.09948869676">
    <tag k="local_x" v="-10.2171"/>
    <tag k="local_y" v="170.3136"/>
    <tag k="ele" v="2.0368"/>
  </node>
  <node id="41427" lat="-3.6168990913" lon="62.09949181251">
    <tag k="local_x" v="-9.8698"/>
    <tag k="local_y" v="169.0656"/>
    <tag k="ele" v="2.0368"/>
  </node>
  <node id="41431" lat="-3.61679485694" lon="62.09941272012">
    <tag k="local_x" v="-18.6659"/>
    <tag k="local_y" v="180.5798"/>
    <tag k="ele" v="2.0368"/>
  </node>
  <node id="41432" lat="-3.61679806713" lon="62.09942616091">
    <tag k="local_x" v="-17.1727"/>
    <tag k="local_y" v="180.2264"/>
    <tag k="ele" v="2.0368"/>
  </node>
  <node id="41433" lat="-3.61680395267" lon="62.09944010325">
    <tag k="local_x" v="-15.6235"/>
    <tag k="local_y" v="179.5773"/>
    <tag k="ele" v="2.0368"/>
  </node>
  <node id="41434" lat="-3.61681210117" lon="62.09945282338">
    <tag k="local_x" v="-14.2098"/>
    <tag k="local_y" v="178.6779"/>
    <tag k="ele" v="2.0368"/>
  </node>
  <node id="41435" lat="-3.61682226712" lon="62.09946396052">
    <tag k="local_x" v="-12.9717"/>
    <tag k="local_y" v="177.5553"/>
    <tag k="ele" v="2.0368"/>
  </node>
  <node id="41436" lat="-3.61683414808" lon="62.09947320345">
    <tag k="local_x" v="-11.9438"/>
    <tag k="local_y" v="176.2429"/>
    <tag k="ele" v="2.0368"/>
  </node>
  <node id="41437" lat="-3.61684739464" lon="62.099480295">
    <tag k="local_x" v="-11.1547"/>
    <tag k="local_y" v="174.7793"/>
    <tag k="ele" v="2.0368"/>
  </node>
  <node id="41438" lat="-3.61686045125" lon="62.0994846893">
    <tag k="local_x" v="-10.6652"/>
    <tag k="local_y" v="173.3364"/>
    <tag k="ele" v="2.0368"/>
  </node>
  <node id="41440" lat="-3.61682977871" lon="62.09941666878">
    <tag k="local_x" v="-18.2235"/>
    <tag k="local_y" v="176.7197"/>
    <tag k="ele" v="2.0368"/>
  </node>
  <node id="41442" lat="-3.61683946252" lon="62.09943416374">
    <tag k="local_x" v="-16.2793"/>
    <tag k="local_y" v="175.6511"/>
    <tag k="ele" v="2.0368"/>
  </node>
  <node id="41444" lat="-3.61685294741" lon="62.09944804815">
    <tag k="local_x" v="-14.7357"/>
    <tag k="local_y" v="174.1619"/>
    <tag k="ele" v="2.0368"/>
  </node>
  <node id="41446" lat="-3.61687207635" lon="62.09945684005">
    <tag k="local_x" v="-13.7571"/>
    <tag k="local_y" v="172.0482"/>
    <tag k="ele" v="2.0368"/>
  </node>
  <node id="41628" lat="-3.61736781617" lon="62.09951127543">
    <tag k="local_x" v="-7.6567"/>
    <tag k="local_y" v="117.2511"/>
    <tag k="ele" v="2.0725"/>
  </node>
  <node id="41629" lat="-3.61734259438" lon="62.09949201222">
    <tag k="local_x" v="-9.799"/>
    <tag k="local_y" v="120.0372"/>
    <tag k="ele" v="2.0725"/>
  </node>
  <node id="41635" lat="-3.61737585842" lon="62.09949996996">
    <tag k="local_x" v="-8.9115"/>
    <tag k="local_y" v="116.3608"/>
    <tag k="ele" v="2.0725"/>
  </node>
  <node id="41636" lat="-3.61738298532" lon="62.09948876352">
    <tag k="local_x" v="-10.1554"/>
    <tag k="local_y" v="115.5717"/>
    <tag k="ele" v="2.0725"/>
  </node>
  <node id="41637" lat="-3.61738982949" lon="62.09947705047">
    <tag k="local_x" v="-11.4556"/>
    <tag k="local_y" v="114.8138"/>
    <tag k="ele" v="2.0725"/>
  </node>
  <node id="41638" lat="-3.6173962175" lon="62.09946509298">
    <tag k="local_x" v="-12.783"/>
    <tag k="local_y" v="114.1063"/>
    <tag k="ele" v="2.0725"/>
  </node>
  <node id="41639" lat="-3.61740214124" lon="62.09945290815">
    <tag k="local_x" v="-14.1357"/>
    <tag k="local_y" v="113.4501"/>
    <tag k="ele" v="2.0725"/>
  </node>
  <node id="41648" lat="-3.6173497678" lon="62.09948300529">
    <tag k="local_x" v="-10.7986"/>
    <tag k="local_y" v="119.2432"/>
    <tag k="ele" v="2.0725"/>
  </node>
  <node id="41649" lat="-3.61735699651" lon="62.09947229664">
    <tag k="local_x" v="-11.9872"/>
    <tag k="local_y" v="118.4429"/>
    <tag k="ele" v="2.0725"/>
  </node>
  <node id="41650" lat="-3.61736346304" lon="62.0994619696">
    <tag k="local_x" v="-13.1335"/>
    <tag k="local_y" v="117.7269"/>
    <tag k="ele" v="2.0725"/>
  </node>
  <node id="41651" lat="-3.61736962789" lon="62.09945119538">
    <tag k="local_x" v="-14.3295"/>
    <tag k="local_y" v="117.0442"/>
    <tag k="ele" v="2.0725"/>
  </node>
  <node id="41652" lat="-3.61737538003" lon="62.09944018927">
    <tag k="local_x" v="-15.5513"/>
    <tag k="local_y" v="116.4071"/>
    <tag k="ele" v="2.0725"/>
  </node>
  <node id="41664" lat="-3.6172904662" lon="62.09955311071">
    <tag k="local_x" v="-3.0186"/>
    <tag k="local_y" v="125.8066"/>
    <tag k="ele" v="2.1269"/>
  </node>
  <node id="41665" lat="-3.61730419007" lon="62.09955172864">
    <tag k="local_x" v="-3.1706"/>
    <tag k="local_y" v="124.2893"/>
    <tag k="ele" v="2.1269"/>
  </node>
  <node id="41666" lat="-3.61731855576" lon="62.09954808787">
    <tag k="local_x" v="-3.5734"/>
    <tag k="local_y" v="122.7008"/>
    <tag k="ele" v="2.1269"/>
  </node>
  <node id="41667" lat="-3.6173322988" lon="62.09954233911">
    <tag k="local_x" v="-4.2104"/>
    <tag k="local_y" v="121.1809"/>
    <tag k="ele" v="2.1269"/>
  </node>
  <node id="41668" lat="-3.61734510631" lon="62.09953458799">
    <tag k="local_x" v="-5.0699"/>
    <tag k="local_y" v="119.7642"/>
    <tag k="ele" v="2.1269"/>
  </node>
  <node id="41669" lat="-3.61735585394" lon="62.09952578281">
    <tag k="local_x" v="-6.0467"/>
    <tag k="local_y" v="118.5751"/>
    <tag k="ele" v="2.1269"/>
  </node>
  <node id="41670" lat="-3.6172864903" lon="62.09952652473">
    <tag k="local_x" v="-5.9719"/>
    <tag k="local_y" v="126.2432"/>
    <tag k="ele" v="2.1269"/>
  </node>
  <node id="41671" lat="-3.61729741092" lon="62.09952428469">
    <tag k="local_x" v="-6.2195"/>
    <tag k="local_y" v="125.0357"/>
    <tag k="ele" v="2.1269"/>
  </node>
  <node id="41672" lat="-3.61730788868" lon="62.09952062435">
    <tag k="local_x" v="-6.6249"/>
    <tag k="local_y" v="123.877"/>
    <tag k="ele" v="2.1269"/>
  </node>
  <node id="41673" lat="-3.61731745462" lon="62.09951513811">
    <tag k="local_x" v="-7.2332"/>
    <tag k="local_y" v="122.8189"/>
    <tag k="ele" v="2.1269"/>
  </node>
  <node id="41674" lat="-3.617325853" lon="62.09950901017">
    <tag k="local_x" v="-7.9129"/>
    <tag k="local_y" v="121.8898"/>
    <tag k="ele" v="2.1269"/>
  </node>
  <node id="41675" lat="-3.61733434458" lon="62.09950110035">
    <tag k="local_x" v="-8.7905"/>
    <tag k="local_y" v="120.9502"/>
    <tag k="ele" v="2.1269"/>
  </node>
  <node id="41697" lat="-3.61739691171" lon="62.09946366614">
    <tag k="local_x" v="-12.9414"/>
    <tag k="local_y" v="114.0294"/>
    <tag k="ele" v="2.0725"/>
  </node>
  <node id="41698" lat="-3.61737012537" lon="62.09945024322">
    <tag k="local_x" v="-14.4352"/>
    <tag k="local_y" v="116.9891"/>
    <tag k="ele" v="2.0725"/>
  </node>
  <node id="41704" lat="-3.61730396294" lon="62.09952168703">
    <tag k="local_x" v="-6.5073"/>
    <tag k="local_y" v="124.3111"/>
    <tag k="ele" v="2.1273"/>
  </node>
  <node id="41705" lat="-3.61731741021" lon="62.09952050691">
    <tag k="local_x" v="-6.6369"/>
    <tag k="local_y" v="122.8244"/>
    <tag k="ele" v="2.1273"/>
  </node>
  <node id="41706" lat="-3.61733144262" lon="62.09951738237">
    <tag k="local_x" v="-6.9824"/>
    <tag k="local_y" v="121.2728"/>
    <tag k="ele" v="2.1273"/>
  </node>
  <node id="41707" lat="-3.61734497839" lon="62.09951242071">
    <tag k="local_x" v="-7.532"/>
    <tag k="local_y" v="119.7759"/>
    <tag k="ele" v="2.1273"/>
  </node>
  <node id="41708" lat="-3.61735777698" lon="62.0995056996">
    <tag k="local_x" v="-8.2771"/>
    <tag k="local_y" v="118.3603"/>
    <tag k="ele" v="2.1273"/>
  </node>
  <node id="41709" lat="-3.61736960601" lon="62.09949732551">
    <tag k="local_x" v="-9.2059"/>
    <tag k="local_y" v="117.0517"/>
    <tag k="ele" v="2.1273"/>
  </node>
  <node id="41710" lat="-3.61738025216" lon="62.09948743551">
    <tag k="local_x" v="-10.3032"/>
    <tag k="local_y" v="115.8737"/>
    <tag k="ele" v="2.1273"/>
  </node>
  <node id="41711" lat="-3.61738893209" lon="62.09947699554">
    <tag k="local_x" v="-11.4618"/>
    <tag k="local_y" v="114.913"/>
    <tag k="ele" v="2.1273"/>
  </node>
  <node id="41712" lat="-3.61730116561" lon="62.09949681324">
    <tag k="local_x" v="-9.2703"/>
    <tag k="local_y" v="124.6176"/>
    <tag k="ele" v="2.1273"/>
  </node>
  <node id="41713" lat="-3.61731284037" lon="62.0994951946">
    <tag k="local_x" v="-9.4488"/>
    <tag k="local_y" v="123.3268"/>
    <tag k="ele" v="2.1273"/>
  </node>
  <node id="41714" lat="-3.61732333783" lon="62.09949223831">
    <tag k="local_x" v="-9.776"/>
    <tag k="local_y" v="122.166"/>
    <tag k="ele" v="2.1273"/>
  </node>
  <node id="41715" lat="-3.61733330839" lon="62.09948794282">
    <tag k="local_x" v="-10.252"/>
    <tag k="local_y" v="121.0633"/>
    <tag k="ele" v="2.1273"/>
  </node>
  <node id="41716" lat="-3.61734257937" lon="62.09948239474">
    <tag k="local_x" v="-10.8672"/>
    <tag k="local_y" v="120.0378"/>
    <tag k="ele" v="2.1273"/>
  </node>
  <node id="41717" lat="-3.61735099618" lon="62.09947570227">
    <tag k="local_x" v="-11.6096"/>
    <tag k="local_y" v="119.1066"/>
    <tag k="ele" v="2.1273"/>
  </node>
  <node id="41718" lat="-3.61735841694" lon="62.09946799339">
    <tag k="local_x" v="-12.465"/>
    <tag k="local_y" v="118.2854"/>
    <tag k="ele" v="2.1273"/>
  </node>
  <node id="41719" lat="-3.61736530595" lon="62.09945861129">
    <tag k="local_x" v="-13.5063"/>
    <tag k="local_y" v="117.5228"/>
    <tag k="ele" v="2.1273"/>
  </node>
  <node id="41723" lat="-3.61727810974" lon="62.09951966426">
    <tag k="local_x" v="-6.7348"/>
    <tag k="local_y" v="127.1689"/>
    <tag k="ele" v="2.1265"/>
  </node>
  <node id="41724" lat="-3.6172800889" lon="62.09949508197">
    <tag k="local_x" v="-9.4649"/>
    <tag k="local_y" v="126.9474"/>
    <tag k="ele" v="2.1265"/>
  </node>
  <node id="41730" lat="-3.61753255231" lon="62.0995282266">
    <tag k="local_x" v="-5.7559"/>
    <tag k="local_y" v="99.0417"/>
    <tag k="ele" v="1.9337"/>
  </node>
  <node id="41801" lat="-3.61739689242" lon="62.09952510486">
    <tag k="local_x" v="-6.1175"/>
    <tag k="local_y" v="114.0383"/>
    <tag k="ele" v="2.0615"/>
  </node>
  <node id="41804" lat="-3.61741467627" lon="62.09955117662">
    <tag k="local_x" v="-3.2198"/>
    <tag k="local_y" v="112.0752"/>
    <tag k="ele" v="2.0615"/>
  </node>
  <node id="41808" lat="-3.61735167514" lon="62.09955884403">
    <tag k="local_x" v="-2.3751"/>
    <tag k="local_y" v="119.0407"/>
    <tag k="ele" v="2.1178"/>
  </node>
  <node id="41809" lat="-3.61737455475" lon="62.09955973169">
    <tag k="local_x" v="-2.274"/>
    <tag k="local_y" v="116.5115"/>
    <tag k="ele" v="2.1178"/>
  </node>
  <node id="41810" lat="-3.61739301071" lon="62.09955856014">
    <tag k="local_x" v="-2.4021"/>
    <tag k="local_y" v="114.4711"/>
    <tag k="ele" v="2.1178"/>
  </node>
  <node id="41811" lat="-3.61740558991" lon="62.09955498505">
    <tag k="local_x" v="-2.7978"/>
    <tag k="local_y" v="113.0801"/>
    <tag k="ele" v="2.1178"/>
  </node>
  <node id="41812" lat="-3.61735395191" lon="62.09953244274">
    <tag k="local_x" v="-5.3072"/>
    <tag k="local_y" v="118.7861"/>
    <tag k="ele" v="2.1178"/>
  </node>
  <node id="41813" lat="-3.61736683113" lon="62.09953220494">
    <tag k="local_x" v="-5.3322"/>
    <tag k="local_y" v="117.3623"/>
    <tag k="ele" v="2.1178"/>
  </node>
  <node id="41814" lat="-3.61737786983" lon="62.09953136573">
    <tag k="local_x" v="-5.4242"/>
    <tag k="local_y" v="116.1419"/>
    <tag k="ele" v="2.1178"/>
  </node>
  <node id="41815" lat="-3.61738848317" lon="62.09952849756">
    <tag k="local_x" v="-5.7416"/>
    <tag k="local_y" v="114.9683"/>
    <tag k="ele" v="2.1178"/>
  </node>
  <node id="41820" lat="-3.61742725544" lon="62.09954484558">
    <tag k="local_x" v="-3.9216"/>
    <tag k="local_y" v="110.6839"/>
    <tag k="ele" v="2.0615"/>
  </node>
  <node id="41822" lat="-3.6174415021" lon="62.09953977608">
    <tag k="local_x" v="-4.4831"/>
    <tag k="local_y" v="109.1084"/>
    <tag k="ele" v="2.0615"/>
  </node>
  <node id="41824" lat="-3.61745638766" lon="62.09953678394">
    <tag k="local_x" v="-4.8138"/>
    <tag k="local_y" v="107.4625"/>
    <tag k="ele" v="2.0615"/>
  </node>
  <node id="41826" lat="-3.61747212659" lon="62.099535959">
    <tag k="local_x" v="-4.9037"/>
    <tag k="local_y" v="105.7225"/>
    <tag k="ele" v="2.0615"/>
  </node>
  <node id="41828" lat="-3.61741537399" lon="62.09951605345">
    <tag k="local_x" v="-7.1208"/>
    <tag k="local_y" v="111.9942"/>
    <tag k="ele" v="2.0615"/>
  </node>
  <node id="41830" lat="-3.61743408322" lon="62.09951033579">
    <tag k="local_x" v="-7.7538"/>
    <tag k="local_y" v="109.9253"/>
    <tag k="ele" v="2.0615"/>
  </node>
  <node id="41832" lat="-3.61745336869" lon="62.09950735912">
    <tag k="local_x" v="-8.0823"/>
    <tag k="local_y" v="107.793"/>
    <tag k="ele" v="2.0615"/>
  </node>
  <node id="41834" lat="-3.61747230595" lon="62.09950715495">
    <tag k="local_x" v="-8.1029"/>
    <tag k="local_y" v="105.6995"/>
    <tag k="ele" v="2.0615"/>
  </node>
  <node id="41857" lat="-3.6174992704" lon="62.0995377419">
    <tag k="local_x" v="-4.7027"/>
    <tag k="local_y" v="102.722"/>
    <tag k="ele" v="1.9976"/>
  </node>
  <node id="41858" lat="-3.6175089775" lon="62.09953684278">
    <tag k="local_x" v="-4.8015"/>
    <tag k="local_y" v="101.6488"/>
    <tag k="ele" v="1.9976"/>
  </node>
  <node id="41859" lat="-3.61751826642" lon="62.09953386787">
    <tag k="local_x" v="-5.1309"/>
    <tag k="local_y" v="100.6216"/>
    <tag k="ele" v="1.9976"/>
  </node>
  <node id="41860" lat="-3.61749820088" lon="62.09950838898">
    <tag k="local_x" v="-7.963"/>
    <tag k="local_y" v="102.837"/>
    <tag k="ele" v="1.9976"/>
  </node>
  <node id="41861" lat="-3.61750650498" lon="62.09950750024">
    <tag k="local_x" v="-8.0608"/>
    <tag k="local_y" v="101.9189"/>
    <tag k="ele" v="1.9976"/>
  </node>
  <node id="41862" lat="-3.6175167107" lon="62.09950498271">
    <tag k="local_x" v="-8.3393"/>
    <tag k="local_y" v="100.7904"/>
    <tag k="ele" v="1.9976"/>
  </node>
  <node id="41916" lat="-3.61743180703" lon="62.09917785475">
    <tag k="local_x" v="-44.6822"/>
    <tag k="local_y" v="110.1403"/>
    <tag k="ele" v="1.9841"/>
  </node>
  <node id="41917" lat="-3.61740520064" lon="62.09919068484">
    <tag k="local_x" v="-43.2601"/>
    <tag k="local_y" v="113.083"/>
    <tag k="ele" v="1.9841"/>
  </node>
  <node id="41952" lat="-3.61743733628" lon="62.09928629234">
    <tag k="local_x" v="-32.6376"/>
    <tag k="local_y" v="109.541"/>
    <tag k="ele" v="1.9962"/>
  </node>
  <node id="41953" lat="-3.61741156032" lon="62.09928371398">
    <tag k="local_x" v="-32.9268"/>
    <tag k="local_y" v="112.3902"/>
    <tag k="ele" v="1.9962"/>
  </node>
  <node id="41959" lat="-3.61740574778" lon="62.09944470604">
    <tag k="local_x" v="-15.0463"/>
    <tag k="local_y" v="113.0505"/>
    <tag k="ele" v="2.0725"/>
  </node>
  <node id="41960" lat="-3.61737890503" lon="62.09943276605">
    <tag k="local_x" v="-16.3754"/>
    <tag k="local_y" v="116.0166"/>
    <tag k="ele" v="2.0725"/>
  </node>
  <node id="41966" lat="-3.617410901" lon="62.09943270655">
    <tag k="local_x" v="-16.3785"/>
    <tag k="local_y" v="112.4795"/>
    <tag k="ele" v="2.0725"/>
  </node>
  <node id="41967" lat="-3.61741501322" lon="62.09942088995">
    <tag k="local_x" v="-17.6905"/>
    <tag k="local_y" v="112.0236"/>
    <tag k="ele" v="2.0725"/>
  </node>
  <node id="41968" lat="-3.61741870527" lon="62.0994086218">
    <tag k="local_x" v="-19.0527"/>
    <tag k="local_y" v="111.6141"/>
    <tag k="ele" v="2.0725"/>
  </node>
  <node id="41969" lat="-3.61742185533" lon="62.09939622003">
    <tag k="local_x" v="-20.4298"/>
    <tag k="local_y" v="111.2645"/>
    <tag k="ele" v="2.0725"/>
  </node>
  <node id="41970" lat="-3.61742445892" lon="62.09938370985">
    <tag k="local_x" v="-21.819"/>
    <tag k="local_y" v="110.9753"/>
    <tag k="ele" v="2.0725"/>
  </node>
  <node id="41971" lat="-3.61742646386" lon="62.09937138754">
    <tag k="local_x" v="-23.1874"/>
    <tag k="local_y" v="110.7523"/>
    <tag k="ele" v="2.0725"/>
  </node>
  <node id="41972" lat="-3.61738340039" lon="62.09942235541">
    <tag k="local_x" v="-17.5312"/>
    <tag k="local_y" v="115.5185"/>
    <tag k="ele" v="2.0725"/>
  </node>
  <node id="41973" lat="-3.61738795216" lon="62.0994113667">
    <tag k="local_x" v="-18.7512"/>
    <tag k="local_y" v="115.0141"/>
    <tag k="ele" v="2.0725"/>
  </node>
  <node id="41974" lat="-3.61739192419" lon="62.0994004785">
    <tag k="local_x" v="-19.9601"/>
    <tag k="local_y" v="114.5738"/>
    <tag k="ele" v="2.0725"/>
  </node>
  <node id="41975" lat="-3.61739542204" lon="62.0993894134">
    <tag k="local_x" v="-21.1887"/>
    <tag k="local_y" v="114.1859"/>
    <tag k="ele" v="2.0725"/>
  </node>
  <node id="41976" lat="-3.6173984376" lon="62.09937819391">
    <tag k="local_x" v="-22.4345"/>
    <tag k="local_y" v="113.8513"/>
    <tag k="ele" v="2.0725"/>
  </node>
  <node id="41977" lat="-3.61740101493" lon="62.09936656521">
    <tag k="local_x" v="-23.7258"/>
    <tag k="local_y" v="113.5651"/>
    <tag k="ele" v="2.0725"/>
  </node>
  <node id="41983" lat="-3.6174400297" lon="62.09886389879">
    <tag k="local_x" v="-79.5519"/>
    <tag k="local_y" v="109.1967"/>
    <tag k="ele" v="1.9962"/>
  </node>
  <node id="41984" lat="-3.61741530612" lon="62.09886167865">
    <tag k="local_x" v="-79.8012"/>
    <tag k="local_y" v="111.9296"/>
    <tag k="ele" v="1.9962"/>
  </node>
  <node id="41993" lat="-3.61748654736" lon="62.09833279748">
    <tag k="local_x" v="-138.5354"/>
    <tag k="local_y" v="103.9957"/>
    <tag k="ele" v="1.9962"/>
  </node>
  <node id="41994" lat="-3.61749010552" lon="62.0983214406">
    <tag k="local_x" v="-139.7964"/>
    <tag k="local_y" v="103.6011"/>
    <tag k="ele" v="1.9962"/>
  </node>
  <node id="41995" lat="-3.61749458911" lon="62.09831285408">
    <tag k="local_x" v="-140.7496"/>
    <tag k="local_y" v="103.1045"/>
    <tag k="ele" v="1.9962"/>
  </node>
  <node id="42003" lat="-3.61745899123" lon="62.09832482244">
    <tag k="local_x" v="-139.4242"/>
    <tag k="local_y" v="107.0411"/>
    <tag k="ele" v="1.9962"/>
  </node>
  <node id="42004" lat="-3.61746131297" lon="62.09831361895">
    <tag k="local_x" v="-140.6683"/>
    <tag k="local_y" v="106.7832"/>
    <tag k="ele" v="1.9962"/>
  </node>
  <node id="42005" lat="-3.61746474866" lon="62.09830373066">
    <tag k="local_x" v="-141.7662"/>
    <tag k="local_y" v="106.4023"/>
    <tag k="ele" v="1.9962"/>
  </node>
  <node id="42006" lat="-3.61746977531" lon="62.09829454577">
    <tag k="local_x" v="-142.7858"/>
    <tag k="local_y" v="105.8456"/>
    <tag k="ele" v="1.9962"/>
  </node>
  <node id="42016" lat="-3.6174823285" lon="62.09835830033">
    <tag k="local_x" v="-135.7033"/>
    <tag k="local_y" v="104.4649"/>
    <tag k="ele" v="1.9962"/>
  </node>
  <node id="42017" lat="-3.61745653726" lon="62.09835581926">
    <tag k="local_x" v="-135.9817"/>
    <tag k="local_y" v="107.3158"/>
    <tag k="ele" v="1.9962"/>
  </node>
  <node id="42023" lat="-3.61752904641" lon="62.0982202933">
    <tag k="local_x" v="-151.0264"/>
    <tag k="local_y" v="99.2851"/>
    <tag k="ele" v="1.9409"/>
  </node>
  <node id="42024" lat="-3.61750360485" lon="62.09821831969">
    <tag k="local_x" v="-151.2484"/>
    <tag k="local_y" v="102.0974"/>
    <tag k="ele" v="1.9554"/>
  </node>
  <node id="42087" lat="-3.61753480505" lon="62.09796926947">
    <tag k="local_x" v="-178.9066"/>
    <tag k="local_y" v="98.6208"/>
    <tag k="ele" v="1.6978"/>
  </node>
  <node id="42088" lat="-3.61753319193" lon="62.09794093359">
    <tag k="local_x" v="-182.054"/>
    <tag k="local_y" v="98.796"/>
    <tag k="ele" v="1.7565"/>
  </node>
  <node id="42092" lat="-3.61750411994" lon="62.09796309193">
    <tag k="local_x" v="-179.5961"/>
    <tag k="local_y" v="102.0123"/>
    <tag k="ele" v="1.6978"/>
  </node>
  <node id="42093" lat="-3.61750250683" lon="62.09793475605">
    <tag k="local_x" v="-182.7435"/>
    <tag k="local_y" v="102.1875"/>
    <tag k="ele" v="1.7565"/>
  </node>
  <node id="42097" lat="-3.61753430168" lon="62.09791628644">
    <tag k="local_x" v="-184.7914"/>
    <tag k="local_y" v="98.6706"/>
    <tag k="ele" v="1.8134"/>
  </node>
  <node id="42098" lat="-3.61750340065" lon="62.09791490705">
    <tag k="local_x" v="-184.948"/>
    <tag k="local_y" v="102.0865"/>
    <tag k="ele" v="1.8134"/>
  </node>
  <node id="42111" lat="-3.61753809586" lon="62.09787586167">
    <tag k="local_x" v="-189.2809"/>
    <tag k="local_y" v="98.2467"/>
    <tag k="ele" v="2.0045"/>
  </node>
  <node id="42112" lat="-3.6175065459" lon="62.09787323415">
    <tag k="local_x" v="-189.5762"/>
    <tag k="local_y" v="101.7342"/>
    <tag k="ele" v="2.0045"/>
  </node>
  <node id="42141" lat="-3.61758515909" lon="62.09780203992">
    <tag k="local_x" v="-197.475"/>
    <tag k="local_y" v="93.0358"/>
    <tag k="ele" v="1.7418"/>
  </node>
  <node id="42142" lat="-3.61761715654" lon="62.09780438158">
    <tag k="local_x" v="-197.2114"/>
    <tag k="local_y" v="89.4988"/>
    <tag k="ele" v="1.7448"/>
  </node>
  <node id="42144" lat="-3.61758283674" lon="62.09783346697">
    <tag k="local_x" v="-193.9847"/>
    <tag k="local_y" v="93.296"/>
    <tag k="ele" v="1.7418"/>
  </node>
  <node id="42145" lat="-3.61761483509" lon="62.09783580864">
    <tag k="local_x" v="-193.7211"/>
    <tag k="local_y" v="89.7589"/>
    <tag k="ele" v="1.7448"/>
  </node>
  <node id="42148" lat="-3.61753964196" lon="62.09786606168">
    <tag k="local_x" v="-190.3692"/>
    <tag k="local_y" v="98.0747"/>
    <tag k="ele" v="2.0264"/>
  </node>
  <node id="42149" lat="-3.61754200198" lon="62.09785877285">
    <tag k="local_x" v="-191.1785"/>
    <tag k="local_y" v="97.813"/>
    <tag k="ele" v="2.0264"/>
  </node>
  <node id="42151" lat="-3.61754831043" lon="62.0978477842">
    <tag k="local_x" v="-192.3983"/>
    <tag k="local_y" v="97.1144"/>
    <tag k="ele" v="2.0264"/>
  </node>
  <node id="42153" lat="-3.61755810689" lon="62.09783945892">
    <tag k="local_x" v="-193.3219"/>
    <tag k="local_y" v="96.0305"/>
    <tag k="ele" v="2.0264"/>
  </node>
  <node id="42155" lat="-3.61756999905" lon="62.09783452857">
    <tag k="local_x" v="-193.8682"/>
    <tag k="local_y" v="94.7153"/>
    <tag k="ele" v="2.0264"/>
  </node>
  <node id="42157" lat="-3.61750912227" lon="62.09785613944">
    <tag k="local_x" v="-191.4746"/>
    <tag k="local_y" v="101.4475"/>
    <tag k="ele" v="2.0264"/>
  </node>
  <node id="42159" lat="-3.617517546" lon="62.09783645586">
    <tag k="local_x" v="-193.6599"/>
    <tag k="local_y" v="100.5141"/>
    <tag k="ele" v="2.0264"/>
  </node>
  <node id="42161" lat="-3.61753232331" lon="62.09781927616">
    <tag k="local_x" v="-195.5664"/>
    <tag k="local_y" v="98.8786"/>
    <tag k="ele" v="2.0264"/>
  </node>
  <node id="42163" lat="-3.61755168586" lon="62.09780744178">
    <tag k="local_x" v="-196.8787"/>
    <tag k="local_y" v="96.7368"/>
    <tag k="ele" v="2.0264"/>
  </node>
  <node id="42165" lat="-3.61757253765" lon="62.09780224507">
    <tag k="local_x" v="-197.4536"/>
    <tag k="local_y" v="94.4311"/>
    <tag k="ele" v="2.0264"/>
  </node>
  <node id="42169" lat="-3.61762347051" lon="62.09783698676">
    <tag k="local_x" v="-193.5893"/>
    <tag k="local_y" v="88.8044"/>
    <tag k="ele" v="1.762"/>
  </node>
  <node id="42170" lat="-3.61763422289" lon="62.09784020656">
    <tag k="local_x" v="-193.2305"/>
    <tag k="local_y" v="87.6161"/>
    <tag k="ele" v="1.9306"/>
  </node>
  <node id="42172" lat="-3.61764472306" lon="62.09784541908">
    <tag k="local_x" v="-192.6504"/>
    <tag k="local_y" v="86.4559"/>
    <tag k="ele" v="1.8846"/>
  </node>
  <node id="42173" lat="-3.61765868816" lon="62.09785371096">
    <tag k="local_x" v="-191.7279"/>
    <tag k="local_y" v="84.913"/>
    <tag k="ele" v="1.7617"/>
  </node>
  <node id="42174" lat="-3.61767396365" lon="62.09785985062">
    <tag k="local_x" v="-191.0443"/>
    <tag k="local_y" v="83.225"/>
    <tag k="ele" v="1.8902"/>
  </node>
  <node id="42175" lat="-3.61768979166" lon="62.09786309152">
    <tag k="local_x" v="-190.6826"/>
    <tag k="local_y" v="81.4756"/>
    <tag k="ele" v="1.7756"/>
  </node>
  <node id="42176" lat="-3.61762776802" lon="62.09780601332">
    <tag k="local_x" v="-197.029"/>
    <tag k="local_y" v="88.3259"/>
    <tag k="ele" v="1.762"/>
  </node>
  <node id="42177" lat="-3.61763839049" lon="62.09780958709">
    <tag k="local_x" v="-196.6309"/>
    <tag k="local_y" v="87.152"/>
    <tag k="ele" v="1.9306"/>
  </node>
  <node id="42178" lat="-3.61765398957" lon="62.09781819337">
    <tag k="local_x" v="-195.6733"/>
    <tag k="local_y" v="85.4285"/>
    <tag k="ele" v="1.8846"/>
  </node>
  <node id="42179" lat="-3.61766657658" lon="62.09782607696">
    <tag k="local_x" v="-194.7963"/>
    <tag k="local_y" v="84.0379"/>
    <tag k="ele" v="1.7617"/>
  </node>
  <node id="42180" lat="-3.61768053051" lon="62.09783315878">
    <tag k="local_x" v="-194.0082"/>
    <tag k="local_y" v="82.4961"/>
    <tag k="ele" v="1.8902"/>
  </node>
  <node id="42181" lat="-3.61769227346" lon="62.09783733557">
    <tag k="local_x" v="-193.543"/>
    <tag k="local_y" v="81.1984"/>
    <tag k="ele" v="1.7756"/>
  </node>
  <node id="42197" lat="-3.61768867036" lon="62.0978299437">
    <tag k="local_x" v="-194.3644"/>
    <tag k="local_y" v="81.5959"/>
    <tag k="ele" v="1.806"/>
  </node>
  <node id="42198" lat="-3.61763686249" lon="62.09783570943">
    <tag k="local_x" v="-193.7297"/>
    <tag k="local_y" v="87.3238"/>
    <tag k="ele" v="1.7754"/>
  </node>
  <node id="42199" lat="-3.61765428704" lon="62.09783435788">
    <tag k="local_x" v="-193.8779"/>
    <tag k="local_y" v="85.3974"/>
    <tag k="ele" v="1.7907"/>
  </node>
  <node id="42200" lat="-3.61767263549" lon="62.09783153246">
    <tag k="local_x" v="-194.1897"/>
    <tag k="local_y" v="83.3687"/>
    <tag k="ele" v="1.7984"/>
  </node>
  <node id="42201" lat="-3.61769141259" lon="62.09780319892">
    <tag k="local_x" v="-197.3346"/>
    <tag k="local_y" v="81.2898"/>
    <tag k="ele" v="1.8217"/>
  </node>
  <node id="42202" lat="-3.61767411828" lon="62.09780271093">
    <tag k="local_x" v="-197.3907"/>
    <tag k="local_y" v="83.2016"/>
    <tag k="ele" v="1.7833"/>
  </node>
  <node id="42203" lat="-3.61765521561" lon="62.09780311857">
    <tag k="local_x" v="-197.3475"/>
    <tag k="local_y" v="85.2913"/>
    <tag k="ele" v="1.7641"/>
  </node>
  <node id="42204" lat="-3.61763837268" lon="62.09780353048">
    <tag k="local_x" v="-197.3036"/>
    <tag k="local_y" v="87.1533"/>
    <tag k="ele" v="1.7545"/>
  </node>
  <node id="42214" lat="-3.61749236193" lon="62.09773539809">
    <tag k="local_x" v="-204.887"/>
    <tag k="local_y" v="103.287"/>
    <tag k="ele" v="1.8361"/>
  </node>
  <node id="42216" lat="-3.61749438722" lon="62.09775526311">
    <tag k="local_x" v="-202.6804"/>
    <tag k="local_y" v="103.0653"/>
    <tag k="ele" v="1.8361"/>
  </node>
  <node id="42218" lat="-3.61750075801" lon="62.09777500138">
    <tag k="local_x" v="-200.4874"/>
    <tag k="local_y" v="102.3632"/>
    <tag k="ele" v="1.8361"/>
  </node>
  <node id="42220" lat="-3.61751120316" lon="62.09779306008">
    <tag k="local_x" v="-198.4805"/>
    <tag k="local_y" v="101.2105"/>
    <tag k="ele" v="1.8361"/>
  </node>
  <node id="42222" lat="-3.61752529491" lon="62.09780861132">
    <tag k="local_x" v="-196.7517"/>
    <tag k="local_y" v="99.6544"/>
    <tag k="ele" v="1.8361"/>
  </node>
  <node id="42224" lat="-3.61754243911" lon="62.0978209336">
    <tag k="local_x" v="-195.3812"/>
    <tag k="local_y" v="97.7605"/>
    <tag k="ele" v="1.8361"/>
  </node>
  <node id="42226" lat="-3.61756189705" lon="62.09782944153">
    <tag k="local_x" v="-194.4341"/>
    <tag k="local_y" v="95.6104"/>
    <tag k="ele" v="1.8361"/>
  </node>
  <node id="42228" lat="-3.61751834711" lon="62.09773371305">
    <tag k="local_x" v="-205.0713"/>
    <tag k="local_y" v="100.4142"/>
    <tag k="ele" v="1.8361"/>
  </node>
  <node id="42230" lat="-3.61751985348" lon="62.09774935326">
    <tag k="local_x" v="-203.334"/>
    <tag k="local_y" v="100.2494"/>
    <tag k="ele" v="1.8361"/>
  </node>
  <node id="42232" lat="-3.6175253186" lon="62.09776347968">
    <tag k="local_x" v="-201.7644"/>
    <tag k="local_y" v="99.6468"/>
    <tag k="ele" v="1.8361"/>
  </node>
  <node id="42234" lat="-3.61753358458" lon="62.09777606104">
    <tag k="local_x" v="-200.3661"/>
    <tag k="local_y" v="98.7344"/>
    <tag k="ele" v="1.8361"/>
  </node>
  <node id="42236" lat="-3.61754424562" lon="62.09778655932">
    <tag k="local_x" v="-199.1989"/>
    <tag k="local_y" v="97.557"/>
    <tag k="ele" v="1.8361"/>
  </node>
  <node id="42238" lat="-3.61755679563" lon="62.09779453748">
    <tag k="local_x" v="-198.3114"/>
    <tag k="local_y" v="96.1705"/>
    <tag k="ele" v="1.8361"/>
  </node>
  <node id="42240" lat="-3.61757065084" lon="62.09779967735">
    <tag k="local_x" v="-197.739"/>
    <tag k="local_y" v="94.6394"/>
    <tag k="ele" v="1.8361"/>
  </node>
  <node id="42245" lat="-3.61909364899" lon="62.09714989853">
    <tag k="local_x" v="-269.7415"/>
    <tag k="local_y" v="-73.797"/>
    <tag k="ele" v="1.7587"/>
  </node>
  <node id="42246" lat="-3.61909122834" lon="62.09717525739">
    <tag k="local_x" v="-266.9252"/>
    <tag k="local_y" v="-73.5266"/>
    <tag k="ele" v="1.7587"/>
  </node>
  <node id="42320" lat="-3.61917580438" lon="62.09656748003">
    <tag k="local_x" v="-334.4207"/>
    <tag k="local_y" v="-82.9435"/>
    <tag k="ele" v="1.7761"/>
  </node>
  <node id="42321" lat="-3.61917811943" lon="62.09653605203">
    <tag k="local_x" v="-337.9111"/>
    <tag k="local_y" v="-83.2029"/>
    <tag k="ele" v="1.7761"/>
  </node>
  <node id="42364" lat="-3.617649923" lon="62.0970731975">
    <tag k="local_x" v="-278.4193"/>
    <tag k="local_y" v="85.7958"/>
    <tag k="ele" v="1.8922"/>
  </node>
  <node id="42365" lat="-3.61766196474" lon="62.0970432518">
    <tag k="local_x" v="-281.744"/>
    <tag k="local_y" v="84.4613"/>
    <tag k="ele" v="1.8922"/>
  </node>
  <node id="42480" lat="-3.61764899233" lon="62.09703803183">
    <tag k="local_x" v="-282.3252"/>
    <tag k="local_y" v="85.8948"/>
    <tag k="ele" v="1.8922"/>
  </node>
  <node id="42482" lat="-3.61763970693" lon="62.09703275149">
    <tag k="local_x" v="-282.9127"/>
    <tag k="local_y" v="86.9207"/>
    <tag k="ele" v="1.8922"/>
  </node>
  <node id="42484" lat="-3.61763120349" lon="62.09702604693">
    <tag k="local_x" v="-283.6583"/>
    <tag k="local_y" v="87.86"/>
    <tag k="ele" v="1.8922"/>
  </node>
  <node id="42486" lat="-3.6176258679" lon="62.0970184515">
    <tag k="local_x" v="-284.5025"/>
    <tag k="local_y" v="88.449"/>
    <tag k="ele" v="1.8922"/>
  </node>
  <node id="42487" lat="-3.61762258815" lon="62.09701056862">
    <tag k="local_x" v="-285.3784"/>
    <tag k="local_y" v="88.8107"/>
    <tag k="ele" v="1.8922"/>
  </node>
  <node id="42488" lat="-3.61762118915" lon="62.09700371207">
    <tag k="local_x" v="-286.1401"/>
    <tag k="local_y" v="88.9646"/>
    <tag k="ele" v="1.8922"/>
  </node>
  <node id="42489" lat="-3.61763999219" lon="62.09707108612">
    <tag k="local_x" v="-278.6549"/>
    <tag k="local_y" v="86.8934"/>
    <tag k="ele" v="1.8922"/>
  </node>
  <node id="42490" lat="-3.61763127779" lon="62.09706781838">
    <tag k="local_x" v="-279.0188"/>
    <tag k="local_y" v="87.8564"/>
    <tag k="ele" v="1.8922"/>
  </node>
  <node id="42491" lat="-3.61762152331" lon="62.09706293556">
    <tag k="local_x" v="-279.5622"/>
    <tag k="local_y" v="88.9342"/>
    <tag k="ele" v="1.8922"/>
  </node>
  <node id="42492" lat="-3.6176135506" lon="62.09705687873">
    <tag k="local_x" v="-280.2358"/>
    <tag k="local_y" v="89.8149"/>
    <tag k="ele" v="1.8922"/>
  </node>
  <node id="42493" lat="-3.61760615061" lon="62.09704913048">
    <tag k="local_x" v="-281.0972"/>
    <tag k="local_y" v="90.6321"/>
    <tag k="ele" v="1.8922"/>
  </node>
  <node id="42494" lat="-3.61759983494" lon="62.09703930496">
    <tag k="local_x" v="-282.1892"/>
    <tag k="local_y" v="91.3292"/>
    <tag k="ele" v="1.8922"/>
  </node>
  <node id="42495" lat="-3.61759502064" lon="62.09702471152">
    <tag k="local_x" v="-283.8106"/>
    <tag k="local_y" v="91.8598"/>
    <tag k="ele" v="1.8922"/>
  </node>
  <node id="42496" lat="-3.61759354709" lon="62.09701023813">
    <tag k="local_x" v="-285.4183"/>
    <tag k="local_y" v="92.0211"/>
    <tag k="ele" v="1.8922"/>
  </node>
  <node id="42549" lat="-3.61718939464" lon="62.0946915664">
    <tag k="local_x" v="-542.9943"/>
    <tag k="local_y" v="136.443"/>
    <tag k="ele" v="2.3257"/>
  </node>
  <node id="42551" lat="-3.61716379194" lon="62.09468945978">
    <tag k="local_x" v="-543.2311"/>
    <tag k="local_y" v="139.2731"/>
    <tag k="ele" v="2.3257"/>
  </node>
  <node id="42565" lat="-3.61718570283" lon="62.09477986773">
    <tag k="local_x" v="-533.1872"/>
    <tag k="local_y" v="136.8609"/>
    <tag k="ele" v="2.3669"/>
  </node>
  <node id="42567" lat="-3.61718361789" lon="62.09476553632">
    <tag k="local_x" v="-534.7792"/>
    <tag k="local_y" v="137.0898"/>
    <tag k="ele" v="2.3669"/>
  </node>
  <node id="42572" lat="-3.61716097246" lon="62.09478619918">
    <tag k="local_x" v="-532.4867"/>
    <tag k="local_y" v="139.5955"/>
    <tag k="ele" v="2.3669"/>
  </node>
  <node id="42574" lat="-3.61715794758" lon="62.09476817549">
    <tag k="local_x" v="-534.4889"/>
    <tag k="local_y" v="139.9279"/>
    <tag k="ele" v="2.3669"/>
  </node>
  <node id="42578" lat="-3.61718471908" lon="62.09475049947">
    <tag k="local_x" v="-536.4492"/>
    <tag k="local_y" v="136.9664"/>
    <tag k="ele" v="2.3463"/>
  </node>
  <node id="42579" lat="-3.61715940332" lon="62.09474857085">
    <tag k="local_x" v="-536.6662"/>
    <tag k="local_y" v="139.7648"/>
    <tag k="ele" v="2.3463"/>
  </node>
  <node id="42590" lat="-3.6171872372" lon="62.09478367287">
    <tag k="local_x" v="-532.7644"/>
    <tag k="local_y" v="136.6917"/>
    <tag k="ele" v="2.3669"/>
  </node>
  <node id="42591" lat="-3.6171639791" lon="62.09479323509">
    <tag k="local_x" v="-531.7049"/>
    <tag k="local_y" v="139.2639"/>
    <tag k="ele" v="2.3669"/>
  </node>
  <node id="42597" lat="-3.61719915483" lon="62.09483310796">
    <tag k="local_x" v="-527.2724"/>
    <tag k="local_y" v="135.3797"/>
    <tag k="ele" v="2.9298"/>
  </node>
  <node id="42599" lat="-3.61719802061" lon="62.09481968945">
    <tag k="local_x" v="-528.7629"/>
    <tag k="local_y" v="135.5036"/>
    <tag k="ele" v="2.9298"/>
  </node>
  <node id="42601" lat="-3.61719458121" lon="62.09480234412">
    <tag k="local_x" v="-530.6898"/>
    <tag k="local_y" v="135.8819"/>
    <tag k="ele" v="2.9298"/>
  </node>
  <node id="42602" lat="-3.61717559584" lon="62.09483396595">
    <tag k="local_x" v="-527.1797"/>
    <tag k="local_y" v="137.9842"/>
    <tag k="ele" v="2.9298"/>
  </node>
  <node id="42604" lat="-3.61717441643" lon="62.09482329264">
    <tag k="local_x" v="-528.3653"/>
    <tag k="local_y" v="138.1134"/>
    <tag k="ele" v="2.9298"/>
  </node>
  <node id="42606" lat="-3.61717034787" lon="62.09480909284">
    <tag k="local_x" v="-529.9429"/>
    <tag k="local_y" v="138.5616"/>
    <tag k="ele" v="2.9298"/>
  </node>
  <node id="42617" lat="-3.6172158086" lon="62.09437388699">
    <tag k="local_x" v="-578.2756"/>
    <tag k="local_y" v="133.4878"/>
    <tag k="ele" v="2.3387"/>
  </node>
  <node id="42618" lat="-3.61719020591" lon="62.09437177949">
    <tag k="local_x" v="-578.5125"/>
    <tag k="local_y" v="136.3179"/>
    <tag k="ele" v="2.3387"/>
  </node>
  <node id="42624" lat="-3.6172171502" lon="62.09435773438">
    <tag k="local_x" v="-580.0695"/>
    <tag k="local_y" v="133.3377"/>
    <tag k="ele" v="2.3452"/>
  </node>
  <node id="42625" lat="-3.6171915475" lon="62.09435562778">
    <tag k="local_x" v="-580.3063"/>
    <tag k="local_y" v="136.1678"/>
    <tag k="ele" v="2.3452"/>
  </node>
  <node id="42736" lat="-3.61704832193" lon="62.09616903651">
    <tag k="local_x" v="-378.9093"/>
    <tag k="local_y" v="152.2018"/>
    <tag k="ele" v="-0.2247"/>
  </node>
  <node id="42765" lat="-3.6170983866" lon="62.09554380565">
    <tag k="local_x" v="-448.3473"/>
    <tag k="local_y" v="146.5981"/>
    <tag k="ele" v="2.039"/>
  </node>
  <node id="42766" lat="-3.61711676609" lon="62.09532254038">
    <tag k="local_x" v="-472.9209"/>
    <tag k="local_y" v="144.5418"/>
    <tag k="ele" v="2.2475"/>
  </node>
  <node id="42768" lat="-3.61702243443" lon="62.0961670823">
    <tag k="local_x" v="-379.1292"/>
    <tag k="local_y" v="155.0634"/>
    <tag k="ele" v="-0.2247"/>
  </node>
  <node id="42797" lat="-3.6170727839" lon="62.09554169902">
    <tag k="local_x" v="-448.5841"/>
    <tag k="local_y" v="149.4282"/>
    <tag k="ele" v="2.039"/>
  </node>
  <node id="42798" lat="-3.61709116339" lon="62.09532043375">
    <tag k="local_x" v="-473.1577"/>
    <tag k="local_y" v="147.3719"/>
    <tag k="ele" v="2.2475"/>
  </node>
  <node id="42810" lat="-3.61713958219" lon="62.09519040931">
    <tag k="local_x" v="-487.594"/>
    <tag k="local_y" v="142.0049"/>
    <tag k="ele" v="-0.1323"/>
  </node>
  <node id="42811" lat="-3.61711886884" lon="62.09517483139">
    <tag k="local_x" v="-489.3265"/>
    <tag k="local_y" v="144.293"/>
    <tag k="ele" v="-0.1323"/>
  </node>
  <node id="42818" lat="-3.61712596961" lon="62.09522342854">
    <tag k="local_x" v="-483.9281"/>
    <tag k="local_y" v="143.5134"/>
    <tag k="ele" v="2.3337"/>
  </node>
  <node id="42820" lat="-3.6171317057" lon="62.09520458494">
    <tag k="local_x" v="-486.0204"/>
    <tag k="local_y" v="142.8772"/>
    <tag k="ele" v="2.3337"/>
  </node>
  <node id="42822" lat="-3.61710014537" lon="62.09521869583">
    <tag k="local_x" v="-484.4566"/>
    <tag k="local_y" v="146.3677"/>
    <tag k="ele" v="2.3337"/>
  </node>
  <node id="42824" lat="-3.61710517119" lon="62.09520057771">
    <tag k="local_x" v="-486.4684"/>
    <tag k="local_y" v="145.8101"/>
    <tag k="ele" v="2.3337"/>
  </node>
  <node id="42826" lat="-3.61711343934" lon="62.09518367185">
    <tag k="local_x" v="-488.3452"/>
    <tag k="local_y" v="144.8942"/>
    <tag k="ele" v="2.3337"/>
  </node>
  <node id="42830" lat="-3.61712378525" lon="62.09524079745">
    <tag k="local_x" v="-481.9992"/>
    <tag k="local_y" v="143.7568"/>
    <tag k="ele" v="2.2906"/>
  </node>
  <node id="42831" lat="-3.6170983878" lon="62.09523860509">
    <tag k="local_x" v="-482.2455"/>
    <tag k="local_y" v="146.5642"/>
    <tag k="ele" v="2.2906"/>
  </node>
  <node id="42839" lat="-3.61716004919" lon="62.09529244216">
    <tag k="local_x" v="-476.2591"/>
    <tag k="local_y" v="139.7536"/>
    <tag k="ele" v="2.4733"/>
  </node>
  <node id="42840" lat="-3.61713464451" lon="62.09529025701">
    <tag k="local_x" v="-476.5046"/>
    <tag k="local_y" v="142.5618"/>
    <tag k="ele" v="2.4733"/>
  </node>
  <node id="42846" lat="-3.61719159072" lon="62.09529388655">
    <tag k="local_x" v="-476.0952"/>
    <tag k="local_y" v="136.2669"/>
    <tag k="ele" v="2.4733"/>
  </node>
  <node id="42847" lat="-3.61716631896" lon="62.09529164814">
    <tag k="local_x" v="-476.3466"/>
    <tag k="local_y" v="139.0604"/>
    <tag k="ele" v="2.4733"/>
  </node>
  <node id="42860" lat="-3.61709218638" lon="62.09562043832">
    <tag k="local_x" v="-439.8365"/>
    <tag k="local_y" v="147.292"/>
    <tag k="ele" v="0.9072"/>
  </node>
  <node id="42861" lat="-3.61706631409" lon="62.09561830674">
    <tag k="local_x" v="-440.0761"/>
    <tag k="local_y" v="150.1519"/>
    <tag k="ele" v="0.9072"/>
  </node>
  <node id="42968" lat="-3.61704967817" lon="62.09615121825">
    <tag k="local_x" v="-380.8882"/>
    <tag k="local_y" v="152.0499"/>
    <tag k="ele" v="-0.2247"/>
  </node>
  <node id="42969" lat="-3.61705103804" lon="62.09613340088">
    <tag k="local_x" v="-382.867"/>
    <tag k="local_y" v="151.8976"/>
    <tag k="ele" v="-0.2247"/>
  </node>
  <node id="42970" lat="-3.61705240333" lon="62.09611558531">
    <tag k="local_x" v="-384.8456"/>
    <tag k="local_y" v="151.7447"/>
    <tag k="ele" v="-0.2247"/>
  </node>
  <node id="42971" lat="-3.61705377404" lon="62.09609776973">
    <tag k="local_x" v="-386.8242"/>
    <tag k="local_y" v="151.5912"/>
    <tag k="ele" v="-0.2247"/>
  </node>
  <node id="42972" lat="-3.61705514838" lon="62.09607995415">
    <tag k="local_x" v="-388.8028"/>
    <tag k="local_y" v="151.4373"/>
    <tag k="ele" v="-0.2247"/>
  </node>
  <node id="42973" lat="-3.61705652815" lon="62.09606213947">
    <tag k="local_x" v="-390.7813"/>
    <tag k="local_y" v="151.2828"/>
    <tag k="ele" v="-0.2247"/>
  </node>
  <node id="42974" lat="-3.61705791243" lon="62.09604432568">
    <tag k="local_x" v="-392.7597"/>
    <tag k="local_y" v="151.1278"/>
    <tag k="ele" v="-0.2247"/>
  </node>
  <node id="42975" lat="-3.61705930124" lon="62.09602651189">
    <tag k="local_x" v="-394.7381"/>
    <tag k="local_y" v="150.9723"/>
    <tag k="ele" v="-0.2247"/>
  </node>
  <node id="42976" lat="-3.61706069458" lon="62.09600869809">
    <tag k="local_x" v="-396.7165"/>
    <tag k="local_y" v="150.8163"/>
    <tag k="ele" v="-0.2247"/>
  </node>
  <node id="42977" lat="-3.61706209334" lon="62.09599088519">
    <tag k="local_x" v="-398.6948"/>
    <tag k="local_y" v="150.6597"/>
    <tag k="ele" v="-0.2247"/>
  </node>
  <node id="42978" lat="-3.61706349662" lon="62.09597307228">
    <tag k="local_x" v="-400.6731"/>
    <tag k="local_y" v="150.5026"/>
    <tag k="ele" v="-0.2247"/>
  </node>
  <node id="42979" lat="-3.61706490533" lon="62.09595525937">
    <tag k="local_x" v="-402.6514"/>
    <tag k="local_y" v="150.3449"/>
    <tag k="ele" v="-0.2247"/>
  </node>
  <node id="42980" lat="-3.61706631766" lon="62.09593744735">
    <tag k="local_x" v="-404.6296"/>
    <tag k="local_y" v="150.1868"/>
    <tag k="ele" v="-0.2247"/>
  </node>
  <node id="42981" lat="-3.61706773542" lon="62.09591963533">
    <tag k="local_x" v="-406.6078"/>
    <tag k="local_y" v="150.0281"/>
    <tag k="ele" v="-0.2247"/>
  </node>
  <node id="42982" lat="-3.6170691577" lon="62.09590182421">
    <tag k="local_x" v="-408.5859"/>
    <tag k="local_y" v="149.8689"/>
    <tag k="ele" v="-0.2247"/>
  </node>
  <node id="42983" lat="-3.6170705845" lon="62.09588401308">
    <tag k="local_x" v="-410.564"/>
    <tag k="local_y" v="149.7092"/>
    <tag k="ele" v="-0.2247"/>
  </node>
  <node id="42984" lat="-3.61707201673" lon="62.09586620284">
    <tag k="local_x" v="-412.542"/>
    <tag k="local_y" v="149.5489"/>
    <tag k="ele" v="-0.2247"/>
  </node>
  <node id="42985" lat="-3.61707345348" lon="62.0958483926">
    <tag k="local_x" v="-414.52"/>
    <tag k="local_y" v="149.3881"/>
    <tag k="ele" v="-0.2247"/>
  </node>
  <node id="42986" lat="-3.61707489476" lon="62.09583058236">
    <tag k="local_x" v="-416.498"/>
    <tag k="local_y" v="149.2268"/>
    <tag k="ele" v="-0.2247"/>
  </node>
  <node id="42987" lat="-3.61707634056" lon="62.09581277301">
    <tag k="local_x" v="-418.4759"/>
    <tag k="local_y" v="149.065"/>
    <tag k="ele" v="-0.2247"/>
  </node>
  <node id="42988" lat="-3.61707779179" lon="62.09579496456">
    <tag k="local_x" v="-420.4537"/>
    <tag k="local_y" v="148.9026"/>
    <tag k="ele" v="-0.2247"/>
  </node>
  <node id="42989" lat="-3.61707924753" lon="62.0957771552">
    <tag k="local_x" v="-422.4316"/>
    <tag k="local_y" v="148.7397"/>
    <tag k="ele" v="-0.2247"/>
  </node>
  <node id="42990" lat="-3.61708070781" lon="62.09575934764">
    <tag k="local_x" v="-424.4093"/>
    <tag k="local_y" v="148.5763"/>
    <tag k="ele" v="-0.2247"/>
  </node>
  <node id="42991" lat="-3.61708217351" lon="62.09574153738">
    <tag k="local_x" v="-426.3873"/>
    <tag k="local_y" v="148.4123"/>
    <tag k="ele" v="-0.2247"/>
  </node>
  <node id="42992" lat="-3.61702379067" lon="62.09614926043">
    <tag k="local_x" v="-381.1085"/>
    <tag k="local_y" v="154.9115"/>
    <tag k="ele" v="-0.2247"/>
  </node>
  <node id="42993" lat="-3.61702515144" lon="62.09613143946">
    <tag k="local_x" v="-383.0877"/>
    <tag k="local_y" v="154.7591"/>
    <tag k="ele" v="-0.2247"/>
  </node>
  <node id="42994" lat="-3.61702651763" lon="62.09611361669">
    <tag k="local_x" v="-385.0671"/>
    <tag k="local_y" v="154.6061"/>
    <tag k="ele" v="-0.2247"/>
  </node>
  <node id="42995" lat="-3.61702788834" lon="62.09609579391">
    <tag k="local_x" v="-387.0465"/>
    <tag k="local_y" v="154.4526"/>
    <tag k="ele" v="-0.2247"/>
  </node>
  <node id="42996" lat="-3.61702926357" lon="62.09607797203">
    <tag k="local_x" v="-389.0258"/>
    <tag k="local_y" v="154.2986"/>
    <tag k="ele" v="-0.2247"/>
  </node>
  <node id="42997" lat="-3.61703064333" lon="62.09606015104">
    <tag k="local_x" v="-391.005"/>
    <tag k="local_y" v="154.1441"/>
    <tag k="ele" v="-0.2247"/>
  </node>
  <node id="42998" lat="-3.61703202851" lon="62.09604232915">
    <tag k="local_x" v="-392.9843"/>
    <tag k="local_y" v="153.989"/>
    <tag k="ele" v="-0.2247"/>
  </node>
  <node id="42999" lat="-3.61703341822" lon="62.09602450906">
    <tag k="local_x" v="-394.9634"/>
    <tag k="local_y" v="153.8334"/>
    <tag k="ele" v="-0.2247"/>
  </node>
  <node id="43000" lat="-3.61703481245" lon="62.09600668806">
    <tag k="local_x" v="-396.9426"/>
    <tag k="local_y" v="153.6773"/>
    <tag k="ele" v="-0.2247"/>
  </node>
  <node id="43001" lat="-3.61703621121" lon="62.09598886795">
    <tag k="local_x" v="-398.9217"/>
    <tag k="local_y" v="153.5207"/>
    <tag k="ele" v="-0.2247"/>
  </node>
  <node id="43002" lat="-3.61703761539" lon="62.09597104874">
    <tag k="local_x" v="-400.9007"/>
    <tag k="local_y" v="153.3635"/>
    <tag k="ele" v="-0.2247"/>
  </node>
  <node id="43003" lat="-3.61703902409" lon="62.09595322953">
    <tag k="local_x" v="-402.8797"/>
    <tag k="local_y" v="153.2058"/>
    <tag k="ele" v="-0.2247"/>
  </node>
  <node id="43004" lat="-3.61704043732" lon="62.09593541031">
    <tag k="local_x" v="-404.8587"/>
    <tag k="local_y" v="153.0476"/>
    <tag k="ele" v="-0.2247"/>
  </node>
  <node id="43005" lat="-3.61704185507" lon="62.09591759199">
    <tag k="local_x" v="-406.8376"/>
    <tag k="local_y" v="152.8889"/>
    <tag k="ele" v="-0.2247"/>
  </node>
  <node id="43006" lat="-3.61704327825" lon="62.09589977366">
    <tag k="local_x" v="-408.8165"/>
    <tag k="local_y" v="152.7296"/>
    <tag k="ele" v="-0.2247"/>
  </node>
  <node id="43007" lat="-3.61704470595" lon="62.09588195532">
    <tag k="local_x" v="-410.7954"/>
    <tag k="local_y" v="152.5698"/>
    <tag k="ele" v="-0.2247"/>
  </node>
  <node id="43008" lat="-3.61704613817" lon="62.09586413789">
    <tag k="local_x" v="-412.7742"/>
    <tag k="local_y" v="152.4095"/>
    <tag k="ele" v="-0.2247"/>
  </node>
  <node id="43009" lat="-3.61704757582" lon="62.09584632135">
    <tag k="local_x" v="-414.7529"/>
    <tag k="local_y" v="152.2486"/>
    <tag k="ele" v="-0.2247"/>
  </node>
  <node id="43010" lat="-3.617049018" lon="62.0958285048">
    <tag k="local_x" v="-416.7316"/>
    <tag k="local_y" v="152.0872"/>
    <tag k="ele" v="-0.2247"/>
  </node>
  <node id="43011" lat="-3.61705046469" lon="62.09581068825">
    <tag k="local_x" v="-418.7103"/>
    <tag k="local_y" v="151.9253"/>
    <tag k="ele" v="-0.2247"/>
  </node>
  <node id="43012" lat="-3.61705191591" lon="62.09579287259">
    <tag k="local_x" v="-420.6889"/>
    <tag k="local_y" v="151.7629"/>
    <tag k="ele" v="-0.2247"/>
  </node>
  <node id="43013" lat="-3.61705337256" lon="62.09577505693">
    <tag k="local_x" v="-422.6675"/>
    <tag k="local_y" v="151.5999"/>
    <tag k="ele" v="-0.2247"/>
  </node>
  <node id="43014" lat="-3.61705483283" lon="62.09575724127">
    <tag k="local_x" v="-424.6461"/>
    <tag k="local_y" v="151.4365"/>
    <tag k="ele" v="-0.2247"/>
  </node>
  <node id="43015" lat="-3.61705629852" lon="62.0957394283">
    <tag k="local_x" v="-426.6244"/>
    <tag k="local_y" v="151.2725"/>
    <tag k="ele" v="-0.2247"/>
  </node>
  <node id="43164" lat="-3.61720687084" lon="62.09634812729">
    <tag k="local_x" v="-359.0005"/>
    <tag k="local_y" v="134.6943"/>
    <tag k="ele" v="1.5189"/>
  </node>
  <node id="43165" lat="-3.61720496057" lon="62.09631667203">
    <tag k="local_x" v="-362.4944"/>
    <tag k="local_y" v="134.902"/>
    <tag k="ele" v="1.5189"/>
  </node>
  <node id="43172" lat="-3.61708716852" lon="62.09634654869">
    <tag k="local_x" v="-359.189"/>
    <tag k="local_y" v="147.927"/>
    <tag k="ele" v="1.5724"/>
  </node>
  <node id="43173" lat="-3.61709313768" lon="62.09631560154">
    <tag k="local_x" v="-362.6256"/>
    <tag k="local_y" v="147.2637"/>
    <tag k="ele" v="1.5724"/>
  </node>
  <node id="43204" lat="-3.61701323513" lon="62.09625604635">
    <tag k="local_x" v="-369.2491"/>
    <tag k="local_y" v="156.0902"/>
    <tag k="ele" v="1.726"/>
  </node>
  <node id="43207" lat="-3.61704480118" lon="62.09625848383">
    <tag k="local_x" v="-368.9749"/>
    <tag k="local_y" v="152.6009"/>
    <tag k="ele" v="1.726"/>
  </node>
  <node id="43212" lat="-3.61707553226" lon="62.09631065087">
    <tag k="local_x" v="-363.1774"/>
    <tag k="local_y" v="149.2094"/>
    <tag k="ele" v="1.5922"/>
  </node>
  <node id="43214" lat="-3.61706456377" lon="62.09630389114">
    <tag k="local_x" v="-363.9294"/>
    <tag k="local_y" v="150.4212"/>
    <tag k="ele" v="1.5922"/>
  </node>
  <node id="43216" lat="-3.61705555218" lon="62.09629470305">
    <tag k="local_x" v="-364.9509"/>
    <tag k="local_y" v="151.4164"/>
    <tag k="ele" v="1.5922"/>
  </node>
  <node id="43218" lat="-3.6170490272" lon="62.09628362627">
    <tag k="local_x" v="-366.1819"/>
    <tag k="local_y" v="152.1365"/>
    <tag k="ele" v="1.5922"/>
  </node>
  <node id="43220" lat="-3.61704537304" lon="62.09627131228">
    <tag k="local_x" v="-367.55"/>
    <tag k="local_y" v="152.5391"/>
    <tag k="ele" v="1.5922"/>
  </node>
  <node id="43222" lat="-3.61707094909" lon="62.09634266627">
    <tag k="local_x" v="-359.622"/>
    <tag k="local_y" v="149.7196"/>
    <tag k="ele" v="1.5922"/>
  </node>
  <node id="43224" lat="-3.61705317482" lon="62.0963343962">
    <tag k="local_x" v="-360.5425"/>
    <tag k="local_y" v="151.6836"/>
    <tag k="ele" v="1.5922"/>
  </node>
  <node id="43226" lat="-3.61703712194" lon="62.09632158309">
    <tag k="local_x" v="-361.9674"/>
    <tag k="local_y" v="153.4568"/>
    <tag k="ele" v="1.5922"/>
  </node>
  <node id="43228" lat="-3.6170246387" lon="62.09630530011">
    <tag k="local_x" v="-363.7773"/>
    <tag k="local_y" v="154.835"/>
    <tag k="ele" v="1.5922"/>
  </node>
  <node id="43230" lat="-3.61701645967" lon="62.09628650632">
    <tag k="local_x" v="-365.8656"/>
    <tag k="local_y" v="155.7371"/>
    <tag k="ele" v="1.5922"/>
  </node>
  <node id="43232" lat="-3.6170131387" lon="62.09626725934">
    <tag k="local_x" v="-368.0037"/>
    <tag k="local_y" v="156.1021"/>
    <tag k="ele" v="1.5922"/>
  </node>
  <node id="43236" lat="-3.61713552222" lon="62.09635210635">
    <tag k="local_x" v="-358.5664"/>
    <tag k="local_y" v="142.5822"/>
    <tag k="ele" v="6.7122"/>
  </node>
  <node id="43237" lat="-3.61709807074" lon="62.09634854476">
    <tag k="local_x" v="-358.9661"/>
    <tag k="local_y" v="146.722"/>
    <tag k="ele" v="1.8078"/>
  </node>
  <node id="43239" lat="-3.61713853388" lon="62.09632073716">
    <tag k="local_x" v="-362.0502"/>
    <tag k="local_y" v="142.2458"/>
    <tag k="ele" v="6.7122"/>
  </node>
  <node id="43240" lat="-3.6171010833" lon="62.09631717557">
    <tag k="local_x" v="-362.4499"/>
    <tag k="local_y" v="146.3855"/>
    <tag k="ele" v="1.8078"/>
  </node>
  <node id="43243" lat="-3.61717022156" lon="62.09631997469">
    <tag k="local_x" v="-362.1314"/>
    <tag k="local_y" v="138.7427"/>
    <tag k="ele" v="1.5086"/>
  </node>
  <node id="43244" lat="-3.61717323985" lon="62.09635133971">
    <tag k="local_x" v="-358.6474"/>
    <tag k="local_y" v="138.4125"/>
    <tag k="ele" v="1.5086"/>
  </node>
  <node id="43256" lat="-3.61725916474" lon="62.09631461868">
    <tag k="local_x" v="-362.7165"/>
    <tag k="local_y" v="128.9096"/>
    <tag k="ele" v="1.6428"/>
  </node>
  <node id="43257" lat="-3.61725976841" lon="62.09634388739">
    <tag k="local_x" v="-359.4656"/>
    <tag k="local_y" v="128.8461"/>
    <tag k="ele" v="1.6428"/>
  </node>
  <node id="43280" lat="-3.61729575538" lon="62.0963157925">
    <tag k="local_x" v="-362.5821"/>
    <tag k="local_y" v="124.8647"/>
    <tag k="ele" v="0.1447"/>
  </node>
  <node id="43281" lat="-3.61727630123" lon="62.09631469264">
    <tag k="local_x" v="-362.7064"/>
    <tag k="local_y" v="127.0152"/>
    <tag k="ele" v="0.1447"/>
  </node>
  <node id="43284" lat="-3.61729610337" lon="62.09634266204">
    <tag k="local_x" v="-359.5977"/>
    <tag k="local_y" v="124.8292"/>
    <tag k="ele" v="0.1447"/>
  </node>
  <node id="43285" lat="-3.61727658429" lon="62.09634267237">
    <tag k="local_x" v="-359.5987"/>
    <tag k="local_y" v="126.987"/>
    <tag k="ele" v="0.1447"/>
  </node>
  <node id="43306" lat="-3.61756397157" lon="62.09638378738">
    <tag k="local_x" v="-355.0005"/>
    <tag k="local_y" v="95.2214"/>
    <tag k="ele" v="1.5"/>
  </node>
  <node id="43307" lat="-3.61756647993" lon="62.09635027225">
    <tag k="local_x" v="-358.7227"/>
    <tag k="local_y" v="94.9404"/>
    <tag k="ele" v="1.5"/>
  </node>
  <node id="43308" lat="-3.61754699797" lon="62.09637925385">
    <tag k="local_x" v="-355.5059"/>
    <tag k="local_y" v="97.0973"/>
    <tag k="ele" v="1.8078"/>
  </node>
  <node id="43309" lat="-3.61755448228" lon="62.09634648107">
    <tag k="local_x" v="-359.1451"/>
    <tag k="local_y" v="96.2663"/>
    <tag k="ele" v="1.8078"/>
  </node>
  <node id="43310" lat="-3.61753178917" lon="62.09637378041">
    <tag k="local_x" v="-356.1155"/>
    <tag k="local_y" v="98.778"/>
    <tag k="ele" v="1.8136"/>
  </node>
  <node id="43311" lat="-3.61754268884" lon="62.09634247362">
    <tag k="local_x" v="-359.5915"/>
    <tag k="local_y" v="97.5696"/>
    <tag k="ele" v="1.8136"/>
  </node>
  <node id="43312" lat="-3.61751756527" lon="62.09636901817">
    <tag k="local_x" v="-356.646"/>
    <tag k="local_y" v="100.3499"/>
    <tag k="ele" v="1.8085"/>
  </node>
  <node id="43313" lat="-3.6175284756" lon="62.09633841723">
    <tag k="local_x" v="-360.0436"/>
    <tag k="local_y" v="99.1404"/>
    <tag k="ele" v="1.8085"/>
  </node>
  <node id="43314" lat="-3.61750244308" lon="62.09636512475">
    <tag k="local_x" v="-357.0801"/>
    <tag k="local_y" v="102.0212"/>
    <tag k="ele" v="1.7943"/>
  </node>
  <node id="43315" lat="-3.61750868938" lon="62.09633451583">
    <tag k="local_x" v="-360.4791"/>
    <tag k="local_y" v="101.3273"/>
    <tag k="ele" v="1.7943"/>
  </node>
  <node id="43322" lat="-3.61748937123" lon="62.09633192126">
    <tag k="local_x" v="-360.7694"/>
    <tag k="local_y" v="103.4626"/>
    <tag k="ele" v="1.7733"/>
  </node>
  <node id="43324" lat="-3.61746960633" lon="62.09632944058">
    <tag k="local_x" v="-361.0471"/>
    <tag k="local_y" v="105.6473"/>
    <tag k="ele" v="1.7733"/>
  </node>
  <node id="43325" lat="-3.61748492018" lon="62.09636127512">
    <tag k="local_x" v="-357.5096"/>
    <tag k="local_y" v="103.9579"/>
    <tag k="ele" v="1.7733"/>
  </node>
  <node id="43326" lat="-3.61746521318" lon="62.0963569973">
    <tag k="local_x" v="-357.9869"/>
    <tag k="local_y" v="106.136"/>
    <tag k="ele" v="1.7733"/>
  </node>
  <node id="43333" lat="-3.61778168053" lon="62.09511936639">
    <tag k="local_x" v="-495.4139"/>
    <tag k="local_y" v="71.0142"/>
    <tag k="ele" v="1.3836"/>
  </node>
  <node id="43334" lat="-3.61777870874" lon="62.09512726537">
    <tag k="local_x" v="-494.5369"/>
    <tag k="local_y" v="71.3436"/>
    <tag k="ele" v="1.4177"/>
  </node>
  <node id="43335" lat="-3.61775544678" lon="62.0951130855">
    <tag k="local_x" v="-496.1144"/>
    <tag k="local_y" v="73.9136"/>
    <tag k="ele" v="1.387"/>
  </node>
  <node id="43336" lat="-3.61775311383" lon="62.09512751674">
    <tag k="local_x" v="-494.5118"/>
    <tag k="local_y" v="74.1731"/>
    <tag k="ele" v="1.4229"/>
  </node>
  <node id="43337" lat="-3.61782121167" lon="62.09509043871">
    <tag k="local_x" v="-498.6225"/>
    <tag k="local_y" v="66.6409"/>
    <tag k="ele" v="1.4303"/>
  </node>
  <node id="43338" lat="-3.61781484141" lon="62.0951146436">
    <tag k="local_x" v="-495.9348"/>
    <tag k="local_y" v="67.3478"/>
    <tag k="ele" v="1.4303"/>
  </node>
  <node id="43470" lat="-3.61955628916" lon="62.09439598851">
    <tag k="local_x" v="-575.5627"/>
    <tag k="local_y" v="-125.2458"/>
    <tag k="ele" v="1.2835"/>
  </node>
  <node id="43471" lat="-3.61958268315" lon="62.09439697788">
    <tag k="local_x" v="-575.4499"/>
    <tag k="local_y" v="-128.1635"/>
    <tag k="ele" v="1.2761"/>
  </node>
  <node id="43473" lat="-3.6195539253" lon="62.09442376385">
    <tag k="local_x" v="-572.478"/>
    <tag k="local_y" v="-124.9814"/>
    <tag k="ele" v="1.2835"/>
  </node>
  <node id="43474" lat="-3.61958594712" lon="62.09442608285">
    <tag k="local_x" v="-572.2169"/>
    <tag k="local_y" v="-128.5211"/>
    <tag k="ele" v="1.2761"/>
  </node>
  <node id="43815" lat="-3.61744903183" lon="62.09782997271">
    <tag k="local_x" v="-194.3875"/>
    <tag k="local_y" v="108.0875"/>
    <tag k="ele" v="1.7418"/>
  </node>
  <node id="43817" lat="-3.61745026522" lon="62.0977950831">
    <tag k="local_x" v="-198.2625"/>
    <tag k="local_y" v="107.9473"/>
    <tag k="ele" v="1.7418"/>
  </node>
  <node id="43828" lat="-3.61761232073" lon="62.09780176096">
    <tag k="local_x" v="-197.503"/>
    <tag k="local_y" v="90.0331"/>
    <tag k="ele" v="1.7448"/>
  </node>
  <node id="43830" lat="-3.61761464218" lon="62.0977703339">
    <tag k="local_x" v="-200.9933"/>
    <tag k="local_y" v="89.773"/>
    <tag k="ele" v="1.7448"/>
  </node>
  <node id="43834" lat="-3.61742030476" lon="62.09776179005">
    <tag k="local_x" v="-201.9636"/>
    <tag k="local_y" v="111.2557"/>
    <tag k="ele" v="1.8144"/>
  </node>
  <node id="43835" lat="-3.61741839727" lon="62.09779016092">
    <tag k="local_x" v="-198.8127"/>
    <tag k="local_y" v="111.4697"/>
    <tag k="ele" v="1.7923"/>
  </node>
  <node id="43846" lat="-3.617431632" lon="62.09632588672">
    <tag k="local_x" v="-361.446"/>
    <tag k="local_y" v="109.8449"/>
    <tag k="ele" v="0.1255"/>
  </node>
  <node id="43847" lat="-3.61742971654" lon="62.0963516565">
    <tag k="local_x" v="-358.584"/>
    <tag k="local_y" v="110.0595"/>
    <tag k="ele" v="0.1255"/>
  </node>
  <node id="43855" lat="-3.61688300574" lon="62.09945886495">
    <tag k="local_x" v="-13.531"/>
    <tag k="local_y" v="170.8402"/>
    <tag k="ele" v="2.0814"/>
  </node>
  <node id="43873" lat="-3.61801073462" lon="62.09788710326">
    <tag k="local_x" v="-187.9804"/>
    <tag k="local_y" v="45.9986"/>
    <tag k="ele" v="1.8837"/>
  </node>
  <node id="43874" lat="-3.6180171388" lon="62.09786146317">
    <tag k="local_x" v="-190.8275"/>
    <tag k="local_y" v="45.2878"/>
    <tag k="ele" v="1.8837"/>
  </node>
  <node id="43885" lat="-3.61821681765" lon="62.09790339468">
    <tag k="local_x" v="-186.1483"/>
    <tag k="local_y" v="23.2183"/>
    <tag k="ele" v="1.8737"/>
  </node>
  <node id="43886" lat="-3.61820972587" lon="62.09787817489">
    <tag k="local_x" v="-188.9502"/>
    <tag k="local_y" v="23.9995"/>
    <tag k="ele" v="1.8737"/>
  </node>
  <node id="43895" lat="-3.61749041583" lon="62.09642853266">
    <tag k="local_x" v="-350.0388"/>
    <tag k="local_y" v="103.3578"/>
    <tag k="ele" v="1.8108"/>
  </node>
  <node id="43896" lat="-3.6175018471" lon="62.09642678637">
    <tag k="local_x" v="-350.2315"/>
    <tag k="local_y" v="102.0939"/>
    <tag k="ele" v="1.8107"/>
  </node>
  <node id="43897" lat="-3.61751657299" lon="62.09642425172">
    <tag k="local_x" v="-350.5114"/>
    <tag k="local_y" v="100.4657"/>
    <tag k="ele" v="1.8107"/>
  </node>
  <node id="43898" lat="-3.6175286916" lon="62.0964205528">
    <tag k="local_x" v="-350.9209"/>
    <tag k="local_y" v="99.1256"/>
    <tag k="ele" v="1.8107"/>
  </node>
  <node id="43899" lat="-3.61753742802" lon="62.0964177891">
    <tag k="local_x" v="-351.2269"/>
    <tag k="local_y" v="98.1595"/>
    <tag k="ele" v="1.8107"/>
  </node>
  <node id="43900" lat="-3.61754723732" lon="62.09641599039">
    <tag k="local_x" v="-351.4256"/>
    <tag k="local_y" v="97.0749"/>
    <tag k="ele" v="1.8107"/>
  </node>
  <node id="43901" lat="-3.61755532128" lon="62.09641568617">
    <tag k="local_x" v="-351.4585"/>
    <tag k="local_y" v="96.1812"/>
    <tag k="ele" v="1.8107"/>
  </node>
  <node id="43903" lat="-3.61749205052" lon="62.09640150358">
    <tag k="local_x" v="-353.0407"/>
    <tag k="local_y" v="103.1741"/>
    <tag k="ele" v="1.8108"/>
  </node>
  <node id="43904" lat="-3.61750203323" lon="62.09639852345">
    <tag k="local_x" v="-353.3706"/>
    <tag k="local_y" v="102.0702"/>
    <tag k="ele" v="1.8107"/>
  </node>
  <node id="43905" lat="-3.61751332626" lon="62.09639331458">
    <tag k="local_x" v="-353.9479"/>
    <tag k="local_y" v="100.8212"/>
    <tag k="ele" v="1.8107"/>
  </node>
  <node id="43906" lat="-3.61752335409" lon="62.09638841037">
    <tag k="local_x" v="-354.4915"/>
    <tag k="local_y" v="99.7121"/>
    <tag k="ele" v="1.8107"/>
  </node>
  <node id="43907" lat="-3.61753350363" lon="62.09638581632">
    <tag k="local_x" v="-354.7785"/>
    <tag k="local_y" v="98.5898"/>
    <tag k="ele" v="1.8107"/>
  </node>
  <node id="43908" lat="-3.61754485834" lon="62.09638439514">
    <tag k="local_x" v="-354.9351"/>
    <tag k="local_y" v="97.3344"/>
    <tag k="ele" v="1.8107"/>
  </node>
  <node id="43909" lat="-3.61755530072" lon="62.09638426595">
    <tag k="local_x" v="-354.9483"/>
    <tag k="local_y" v="96.18"/>
    <tag k="ele" v="1.8107"/>
  </node>
  <node id="43921" lat="-3.61758834305" lon="62.09642109065">
    <tag k="local_x" v="-350.8546"/>
    <tag k="local_y" v="92.5313"/>
    <tag k="ele" v="1.8108"/>
  </node>
  <node id="43922" lat="-3.61759477427" lon="62.09642615502">
    <tag k="local_x" v="-350.2914"/>
    <tag k="local_y" v="91.8209"/>
    <tag k="ele" v="1.8108"/>
  </node>
  <node id="43924" lat="-3.6175994198" lon="62.09643298764">
    <tag k="local_x" v="-349.532"/>
    <tag k="local_y" v="91.3081"/>
    <tag k="ele" v="1.8108"/>
  </node>
  <node id="43925" lat="-3.61760288407" lon="62.09644174727">
    <tag k="local_x" v="-348.5587"/>
    <tag k="local_y" v="90.9261"/>
    <tag k="ele" v="1.8108"/>
  </node>
  <node id="43926" lat="-3.61760415099" lon="62.09645763891">
    <tag k="local_x" v="-346.7935"/>
    <tag k="local_y" v="90.7878"/>
    <tag k="ele" v="1.8108"/>
  </node>
  <node id="43927" lat="-3.61759648701" lon="62.0963885243">
    <tag k="local_x" v="-354.4708"/>
    <tag k="local_y" v="91.6274"/>
    <tag k="ele" v="1.8108"/>
  </node>
  <node id="43928" lat="-3.61760856895" lon="62.0963933814">
    <tag k="local_x" v="-353.93"/>
    <tag k="local_y" v="90.2923"/>
    <tag k="ele" v="1.8108"/>
  </node>
  <node id="43929" lat="-3.61761833808" lon="62.09640025306">
    <tag k="local_x" v="-353.1657"/>
    <tag k="local_y" v="89.2131"/>
    <tag k="ele" v="1.8108"/>
  </node>
  <node id="43930" lat="-3.61762807688" lon="62.0964129752">
    <tag k="local_x" v="-351.7516"/>
    <tag k="local_y" v="88.1379"/>
    <tag k="ele" v="1.8108"/>
  </node>
  <node id="43931" lat="-3.61763306716" lon="62.09643167763">
    <tag k="local_x" v="-349.6738"/>
    <tag k="local_y" v="87.5883"/>
    <tag k="ele" v="1.8108"/>
  </node>
  <node id="43932" lat="-3.61763375149" lon="62.0964547609">
    <tag k="local_x" v="-347.1099"/>
    <tag k="local_y" v="87.5152"/>
    <tag k="ele" v="1.8108"/>
  </node>
  <node id="44176" lat="-3.61917153464" lon="62.09433785174">
    <tag k="local_x" v="-582.0623"/>
    <tag k="local_y" v="-82.7183"/>
    <tag k="ele" v="1.1497"/>
  </node>
  <node id="44177" lat="-3.61914274564" lon="62.09433538277">
    <tag k="local_x" v="-582.3397"/>
    <tag k="local_y" v="-79.536"/>
    <tag k="ele" v="0.9774"/>
  </node>
  <node id="44179" lat="-3.61917425219" lon="62.09430645667">
    <tag k="local_x" v="-585.549"/>
    <tag k="local_y" v="-83.0222"/>
    <tag k="ele" v="1.1497"/>
  </node>
  <node id="44180" lat="-3.61914546409" lon="62.0943039877">
    <tag k="local_x" v="-585.8264"/>
    <tag k="local_y" v="-79.84"/>
    <tag k="ele" v="0.9774"/>
  </node>
  <node id="44221" lat="-3.61918892389" lon="62.09430674101">
    <tag k="local_x" v="-585.5158"/>
    <tag k="local_y" v="-84.6441"/>
    <tag k="ele" v="1.246"/>
  </node>
  <node id="44231" lat="-3.61920917164" lon="62.0943360893">
    <tag k="local_x" v="-582.2539"/>
    <tag k="local_y" v="-86.8792"/>
    <tag k="ele" v="1.246"/>
  </node>
  <node id="44233" lat="-3.61919041183" lon="62.09433821744">
    <tag k="local_x" v="-582.0196"/>
    <tag k="local_y" v="-84.8051"/>
    <tag k="ele" v="1.246"/>
  </node>
  <node id="44262" lat="-3.61787507333" lon="62.09420570804">
    <tag k="local_x" v="-596.8823"/>
    <tag k="local_y" v="60.5886"/>
    <tag k="ele" v="1.3357"/>
  </node>
  <node id="44263" lat="-3.61787278656" lon="62.0942309947">
    <tag k="local_x" v="-594.074"/>
    <tag k="local_y" v="60.8442"/>
    <tag k="ele" v="1.3357"/>
  </node>
  <node id="44279" lat="-3.61783144593" lon="62.09420179975">
    <tag k="local_x" v="-597.3212"/>
    <tag k="local_y" v="65.4111"/>
    <tag k="ele" v="1.3329"/>
  </node>
  <node id="44280" lat="-3.61782916007" lon="62.09422708641">
    <tag k="local_x" v="-594.5129"/>
    <tag k="local_y" v="65.6666"/>
    <tag k="ele" v="1.3329"/>
  </node>
  <node id="44286" lat="-3.61781929207" lon="62.09423169246">
    <tag k="local_x" v="-594.0024"/>
    <tag k="local_y" v="66.758"/>
    <tag k="ele" v="1.3148"/>
  </node>
  <node id="44287" lat="-3.61781144125" lon="62.09423895614">
    <tag k="local_x" v="-593.1965"/>
    <tag k="local_y" v="67.6267"/>
    <tag k="ele" v="1.3163"/>
  </node>
  <node id="44289" lat="-3.61780594279" lon="62.09424847374">
    <tag k="local_x" v="-592.14"/>
    <tag k="local_y" v="68.2356"/>
    <tag k="ele" v="1.3172"/>
  </node>
  <node id="44290" lat="-3.6178015398" lon="62.0942607219">
    <tag k="local_x" v="-590.7801"/>
    <tag k="local_y" v="68.7237"/>
    <tag k="ele" v="1.2273"/>
  </node>
  <node id="44291" lat="-3.61779865314" lon="62.09427503305">
    <tag k="local_x" v="-589.1909"/>
    <tag k="local_y" v="69.0444"/>
    <tag k="ele" v="1.2676"/>
  </node>
  <node id="44292" lat="-3.61779843066" lon="62.09428861407">
    <tag k="local_x" v="-587.6825"/>
    <tag k="local_y" v="69.0705"/>
    <tag k="ele" v="1.3197"/>
  </node>
  <node id="44293" lat="-3.61779958367" lon="62.09430272764">
    <tag k="local_x" v="-586.1148"/>
    <tag k="local_y" v="68.9446"/>
    <tag k="ele" v="1.3124"/>
  </node>
  <node id="44294" lat="-3.61779954772" lon="62.09431920038">
    <tag k="local_x" v="-584.2852"/>
    <tag k="local_y" v="68.9504"/>
    <tag k="ele" v="1.2863"/>
  </node>
  <node id="44296" lat="-3.61781082597" lon="62.09420269806">
    <tag k="local_x" v="-597.2237"/>
    <tag k="local_y" v="67.6907"/>
    <tag k="ele" v="1.3701"/>
  </node>
  <node id="44298" lat="-3.61779440588" lon="62.09421431621">
    <tag k="local_x" v="-595.9351"/>
    <tag k="local_y" v="69.5072"/>
    <tag k="ele" v="1.3839"/>
  </node>
  <node id="44299" lat="-3.61778083023" lon="62.09423268682">
    <tag k="local_x" v="-593.8962"/>
    <tag k="local_y" v="71.01"/>
    <tag k="ele" v="1.3532"/>
  </node>
  <node id="44300" lat="-3.6177724028" lon="62.09425671189">
    <tag k="local_x" v="-591.2287"/>
    <tag k="local_y" v="71.9443"/>
    <tag k="ele" v="1.3436"/>
  </node>
  <node id="44301" lat="-3.61776898293" lon="62.09428053661">
    <tag k="local_x" v="-588.5829"/>
    <tag k="local_y" v="72.325"/>
    <tag k="ele" v="1.3276"/>
  </node>
  <node id="44302" lat="-3.6177696178" lon="62.09430385041">
    <tag k="local_x" v="-585.9934"/>
    <tag k="local_y" v="72.2574"/>
    <tag k="ele" v="1.3181"/>
  </node>
  <node id="44303" lat="-3.61777286627" lon="62.0943193088">
    <tag k="local_x" v="-584.2761"/>
    <tag k="local_y" v="71.9"/>
    <tag k="ele" v="1.313"/>
  </node>
  <node id="44315" lat="-3.61760233934" lon="62.09648319881">
    <tag k="local_x" v="-343.9548"/>
    <tag k="local_y" v="90.9909"/>
    <tag k="ele" v="1.7551"/>
  </node>
  <node id="44316" lat="-3.61763167665" lon="62.09648579246">
    <tag k="local_x" v="-343.6635"/>
    <tag k="local_y" v="87.748"/>
    <tag k="ele" v="1.7608"/>
  </node>
  <node id="44322" lat="-3.61754313405" lon="62.09634262533">
    <tag k="local_x" v="-359.5746"/>
    <tag k="local_y" v="97.5204"/>
    <tag k="ele" v="1.8107"/>
  </node>
  <node id="44323" lat="-3.61753203983" lon="62.09637387019">
    <tag k="local_x" v="-356.1055"/>
    <tag k="local_y" v="98.7503"/>
    <tag k="ele" v="1.8107"/>
  </node>
  <node id="44334" lat="-3.61758004916" lon="62.09641769826">
    <tag k="local_x" v="-351.2323"/>
    <tag k="local_y" v="93.4478"/>
    <tag k="ele" v="1.811"/>
  </node>
  <node id="44335" lat="-3.6175829655" lon="62.09638600682">
    <tag k="local_x" v="-354.7519"/>
    <tag k="local_y" v="93.1219"/>
    <tag k="ele" v="1.811"/>
  </node>
  <node id="44341" lat="-3.61756477569" lon="62.09641630255">
    <tag k="local_x" v="-351.389"/>
    <tag k="local_y" v="95.1361"/>
    <tag k="ele" v="1.8112"/>
  </node>
  <node id="44342" lat="-3.61756757087" lon="62.09638465985">
    <tag k="local_x" v="-354.9032"/>
    <tag k="local_y" v="94.8236"/>
    <tag k="ele" v="1.8112"/>
  </node>
  <node id="44369" lat="-3.61767590771" lon="62.09634343107">
    <tag k="local_x" v="-359.4705"/>
    <tag k="local_y" v="82.8426"/>
    <tag k="ele" v="1.7517"/>
  </node>
  <node id="44370" lat="-3.61764587294" lon="62.09633989816">
    <tag k="local_x" v="-359.8662"/>
    <tag k="local_y" v="86.1625"/>
    <tag k="ele" v="1.7315"/>
  </node>
  <node id="44441" lat="-3.61700570724" lon="62.09631851702">
    <tag k="local_x" v="-362.3114"/>
    <tag k="local_y" v="156.9293"/>
    <tag k="ele" v="1.7151"/>
  </node>
  <node id="44442" lat="-3.61699043582" lon="62.09634269109">
    <tag k="local_x" v="-359.6281"/>
    <tag k="local_y" v="158.6202"/>
    <tag k="ele" v="1.7151"/>
  </node>
  <node id="44448" lat="-3.61712726014" lon="62.09640043874">
    <tag k="local_x" v="-353.1991"/>
    <tag k="local_y" v="143.5009"/>
    <tag k="ele" v="0.0506"/>
  </node>
  <node id="44449" lat="-3.61712953289" lon="62.09637010747">
    <tag k="local_x" v="-356.5677"/>
    <tag k="local_y" v="143.2463"/>
    <tag k="ele" v="0.0506"/>
  </node>
  <node id="44456" lat="-3.61706934618" lon="62.09638791918">
    <tag k="local_x" v="-354.596"/>
    <tag k="local_y" v="149.9018"/>
    <tag k="ele" v="1.7203"/>
  </node>
  <node id="44458" lat="-3.61708130902" lon="62.09639307261">
    <tag k="local_x" v="-354.0223"/>
    <tag k="local_y" v="148.5799"/>
    <tag k="ele" v="1.7203"/>
  </node>
  <node id="44459" lat="-3.61709491081" lon="62.09639717551">
    <tag k="local_x" v="-353.5651"/>
    <tag k="local_y" v="147.0767"/>
    <tag k="ele" v="1.7203"/>
  </node>
  <node id="44463" lat="-3.61707875822" lon="62.09635972096">
    <tag k="local_x" v="-357.7269"/>
    <tag k="local_y" v="148.8582"/>
    <tag k="ele" v="1.7203"/>
  </node>
  <node id="44465" lat="-3.61709452563" lon="62.09636568094">
    <tag k="local_x" v="-357.0632"/>
    <tag k="local_y" v="147.1158"/>
    <tag k="ele" v="1.7203"/>
  </node>
  <node id="44470" lat="-3.61704990786" lon="62.09637731526">
    <tag k="local_x" v="-355.7759"/>
    <tag k="local_y" v="152.0495"/>
    <tag k="ele" v="1.7177"/>
  </node>
  <node id="44471" lat="-3.61706434941" lon="62.09635277017">
    <tag k="local_x" v="-358.5005"/>
    <tag k="local_y" v="150.4503"/>
    <tag k="ele" v="1.7177"/>
  </node>
  <node id="44477" lat="-3.61707370739" lon="62.09644333197">
    <tag k="local_x" v="-348.4409"/>
    <tag k="local_y" v="149.4258"/>
    <tag k="ele" v="1.8196"/>
  </node>
  <node id="44478" lat="-3.61704189431" lon="62.0964408083">
    <tag k="local_x" v="-348.7247"/>
    <tag k="local_y" v="152.9424"/>
    <tag k="ele" v="1.8196"/>
  </node>
  <node id="44484" lat="-3.61707190477" lon="62.09645530924">
    <tag k="local_x" v="-347.1108"/>
    <tag k="local_y" v="149.6264"/>
    <tag k="ele" v="1.8179"/>
  </node>
  <node id="44485" lat="-3.61704080556" lon="62.09645293882">
    <tag k="local_x" v="-347.3775"/>
    <tag k="local_y" v="153.0641"/>
    <tag k="ele" v="1.8179"/>
  </node>
  <node id="44491" lat="-3.61707577884" lon="62.09643332709">
    <tag k="local_x" v="-349.5519"/>
    <tag k="local_y" v="149.1957"/>
    <tag k="ele" v="1.8212"/>
  </node>
  <node id="44492" lat="-3.61708045336" lon="62.09642210867">
    <tag k="local_x" v="-350.7974"/>
    <tag k="local_y" v="148.6777"/>
    <tag k="ele" v="1.8212"/>
  </node>
  <node id="44493" lat="-3.61708898224" lon="62.09641172645">
    <tag k="local_x" v="-351.9496"/>
    <tag k="local_y" v="147.7337"/>
    <tag k="ele" v="1.8212"/>
  </node>
  <node id="44496" lat="-3.61709806507" lon="62.09640439315">
    <tag k="local_x" v="-352.7631"/>
    <tag k="local_y" v="146.7288"/>
    <tag k="ele" v="1.8212"/>
  </node>
  <node id="44499" lat="-3.61704411066" lon="62.09642374187">
    <tag k="local_x" v="-350.62"/>
    <tag k="local_y" v="152.6955"/>
    <tag k="ele" v="1.8212"/>
  </node>
  <node id="44500" lat="-3.61704778481" lon="62.09640989544">
    <tag k="local_x" v="-352.1575"/>
    <tag k="local_y" v="152.2878"/>
    <tag k="ele" v="1.8212"/>
  </node>
  <node id="44501" lat="-3.61705475742" lon="62.09639732062">
    <tag k="local_x" v="-353.5534"/>
    <tag k="local_y" v="151.5156"/>
    <tag k="ele" v="1.8212"/>
  </node>
  <node id="44502" lat="-3.6170622105" lon="62.09638848896">
    <tag k="local_x" v="-354.5335"/>
    <tag k="local_y" v="150.6907"/>
    <tag k="ele" v="1.8212"/>
  </node>
  <node id="44503" lat="-3.61707107342" lon="62.09638107125">
    <tag k="local_x" v="-355.3564"/>
    <tag k="local_y" v="149.7101"/>
    <tag k="ele" v="1.8212"/>
  </node>
  <node id="44504" lat="-3.61708108047" lon="62.09637528652">
    <tag k="local_x" v="-355.9978"/>
    <tag k="local_y" v="148.6032"/>
    <tag k="ele" v="1.8212"/>
  </node>
  <node id="44505" lat="-3.61709193148" lon="62.09637130616">
    <tag k="local_x" v="-356.4387"/>
    <tag k="local_y" v="147.4032"/>
    <tag k="ele" v="1.8212"/>
  </node>
  <node id="44506" lat="-3.61710199309" lon="62.09636943068">
    <tag k="local_x" v="-356.6459"/>
    <tag k="local_y" v="146.2907"/>
    <tag k="ele" v="1.8212"/>
  </node>
  <node id="44531" lat="-3.61705662716" lon="62.09657012372">
    <tag k="local_x" v="-334.3602"/>
    <tag k="local_y" v="151.328"/>
    <tag k="ele" v="1.8393"/>
  </node>
  <node id="44532" lat="-3.61704777146" lon="62.09654766439">
    <tag k="local_x" v="-336.8557"/>
    <tag k="local_y" v="152.3045"/>
    <tag k="ele" v="1.827"/>
  </node>
  <node id="44534" lat="-3.61708609963" lon="62.09655861244">
    <tag k="local_x" v="-335.6355"/>
    <tag k="local_y" v="148.0686"/>
    <tag k="ele" v="1.8393"/>
  </node>
  <node id="44535" lat="-3.61707724392" lon="62.09653615221">
    <tag k="local_x" v="-338.1311"/>
    <tag k="local_y" v="149.0451"/>
    <tag k="ele" v="1.827"/>
  </node>
  <node id="44538" lat="-3.61709607822" lon="62.09659676007">
    <tag k="local_x" v="-331.3974"/>
    <tag k="local_y" v="146.9697"/>
    <tag k="ele" v="1.8909"/>
  </node>
  <node id="44539" lat="-3.61709440225" lon="62.09658250117">
    <tag k="local_x" v="-332.9813"/>
    <tag k="local_y" v="147.1534"/>
    <tag k="ele" v="1.8909"/>
  </node>
  <node id="44540" lat="-3.61709066495" lon="62.096568464">
    <tag k="local_x" v="-334.5408"/>
    <tag k="local_y" v="147.565"/>
    <tag k="ele" v="1.8909"/>
  </node>
  <node id="44541" lat="-3.61706779232" lon="62.09659807557">
    <tag k="local_x" v="-331.2544"/>
    <tag k="local_y" v="150.0968"/>
    <tag k="ele" v="1.8909"/>
  </node>
  <node id="44542" lat="-3.61706518098" lon="62.09658921877">
    <tag k="local_x" v="-332.2384"/>
    <tag k="local_y" v="150.3845"/>
    <tag k="ele" v="1.8909"/>
  </node>
  <node id="44543" lat="-3.61706092723" lon="62.09657885821">
    <tag k="local_x" v="-333.3896"/>
    <tag k="local_y" v="150.8536"/>
    <tag k="ele" v="1.8909"/>
  </node>
  <node id="44548" lat="-3.61707251641" lon="62.09652150738">
    <tag k="local_x" v="-339.7582"/>
    <tag k="local_y" v="149.5661"/>
    <tag k="ele" v="1.827"/>
  </node>
  <node id="44550" lat="-3.61706972421" lon="62.09650636815">
    <tag k="local_x" v="-341.44"/>
    <tag k="local_y" v="149.8731"/>
    <tag k="ele" v="1.827"/>
  </node>
  <node id="44552" lat="-3.61706896475" lon="62.09649046971">
    <tag k="local_x" v="-343.2059"/>
    <tag k="local_y" v="149.9553"/>
    <tag k="ele" v="1.827"/>
  </node>
  <node id="44554" lat="-3.61704186761" lon="62.0965290268">
    <tag k="local_x" v="-338.9264"/>
    <tag k="local_y" v="152.9551"/>
    <tag k="ele" v="1.827"/>
  </node>
  <node id="44556" lat="-3.61703853307" lon="62.09650977713">
    <tag k="local_x" v="-341.0648"/>
    <tag k="local_y" v="153.3216"/>
    <tag k="ele" v="1.827"/>
  </node>
  <node id="44558" lat="-3.61703777595" lon="62.09649078421">
    <tag k="local_x" v="-343.1744"/>
    <tag k="local_y" v="153.4032"/>
    <tag k="ele" v="1.827"/>
  </node>
  <node id="44562" lat="-3.61700045669" lon="62.09641588638">
    <tag k="local_x" v="-351.4973"/>
    <tag k="local_y" v="157.5205"/>
    <tag k="ele" v="1.8089"/>
  </node>
  <node id="44565" lat="-3.61703202808" lon="62.09641824283">
    <tag k="local_x" v="-351.2321"/>
    <tag k="local_y" v="154.0306"/>
    <tag k="ele" v="1.8089"/>
  </node>
  <node id="44569" lat="-3.61701894901" lon="62.09653526997">
    <tag k="local_x" v="-338.2355"/>
    <tag k="local_y" v="155.4894"/>
    <tag k="ele" v="1.8157"/>
  </node>
  <node id="44570" lat="-3.61700894864" lon="62.09651063294">
    <tag k="local_x" v="-340.973"/>
    <tag k="local_y" v="156.5922"/>
    <tag k="ele" v="1.7815"/>
  </node>
  <node id="44572" lat="-3.61704830449" lon="62.0965234662">
    <tag k="local_x" v="-339.5433"/>
    <tag k="local_y" v="152.2429"/>
    <tag k="ele" v="1.8157"/>
  </node>
  <node id="44573" lat="-3.61703830413" lon="62.09649882917">
    <tag k="local_x" v="-342.2808"/>
    <tag k="local_y" v="153.3457"/>
    <tag k="ele" v="1.7815"/>
  </node>
  <node id="44576" lat="-3.61705830472" lon="62.09659230566">
    <tag k="local_x" v="-331.8963"/>
    <tag k="local_y" v="151.145"/>
    <tag k="ele" v="1.8904"/>
  </node>
  <node id="44578" lat="-3.61705857884" lon="62.09657514932">
    <tag k="local_x" v="-333.8018"/>
    <tag k="local_y" v="151.1128"/>
    <tag k="ele" v="1.8904"/>
  </node>
  <node id="44580" lat="-3.61705706155" lon="62.09655764542">
    <tag k="local_x" v="-335.7461"/>
    <tag k="local_y" v="151.2786"/>
    <tag k="ele" v="1.8904"/>
  </node>
  <node id="44582" lat="-3.61705375063" lon="62.09654030896">
    <tag k="local_x" v="-337.672"/>
    <tag k="local_y" v="151.6427"/>
    <tag k="ele" v="1.8904"/>
  </node>
  <node id="44584" lat="-3.61703174169" lon="62.09659144782">
    <tag k="local_x" v="-331.9945"/>
    <tag k="local_y" v="154.0814"/>
    <tag k="ele" v="1.8904"/>
  </node>
  <node id="44586" lat="-3.61703087999" lon="62.09657733397">
    <tag k="local_x" v="-333.5622"/>
    <tag k="local_y" v="154.1751"/>
    <tag k="ele" v="1.8904"/>
  </node>
  <node id="44588" lat="-3.61702820427" lon="62.09656289329">
    <tag k="local_x" v="-335.1664"/>
    <tag k="local_y" v="154.4693"/>
    <tag k="ele" v="1.8904"/>
  </node>
  <node id="44590" lat="-3.61702408797" lon="62.09654887269">
    <tag k="local_x" v="-336.7241"/>
    <tag k="local_y" v="154.9228"/>
    <tag k="ele" v="1.8904"/>
  </node>
  <node id="44596" lat="-3.61703340913" lon="62.09648404945">
    <tag k="local_x" v="-343.9229"/>
    <tag k="local_y" v="153.8852"/>
    <tag k="ele" v="1.7815"/>
  </node>
  <node id="44598" lat="-3.61703049737" lon="62.09646875998">
    <tag k="local_x" v="-345.6214"/>
    <tag k="local_y" v="154.2054"/>
    <tag k="ele" v="1.7815"/>
  </node>
  <node id="44600" lat="-3.61702961383" lon="62.09645270681">
    <tag k="local_x" v="-347.4045"/>
    <tag k="local_y" v="154.3013"/>
    <tag k="ele" v="1.7815"/>
  </node>
  <node id="44602" lat="-3.61700275617" lon="62.09649193351">
    <tag k="local_x" v="-343.0506"/>
    <tag k="local_y" v="157.2747"/>
    <tag k="ele" v="1.7815"/>
  </node>
  <node id="44604" lat="-3.61699907147" lon="62.09647258876">
    <tag k="local_x" v="-345.1996"/>
    <tag k="local_y" v="157.6799"/>
    <tag k="ele" v="1.7815"/>
  </node>
  <node id="44606" lat="-3.61699796231" lon="62.09645344673">
    <tag k="local_x" v="-347.3258"/>
    <tag k="local_y" v="157.8004"/>
    <tag k="ele" v="1.7815"/>
  </node>
  <node id="44664" lat="-3.61703426236" lon="62.09639014986">
    <tag k="local_x" v="-354.3521"/>
    <tag k="local_y" v="153.7805"/>
    <tag k="ele" v="1.7501"/>
  </node>
  <node id="44665" lat="-3.61700270167" lon="62.09638764755">
    <tag k="local_x" v="-354.6335"/>
    <tag k="local_y" v="157.2692"/>
    <tag k="ele" v="1.7501"/>
  </node>
  <node id="44686" lat="-3.61703739794" lon="62.09645559461">
    <tag k="local_x" v="-347.0829"/>
    <tag k="local_y" v="153.4411"/>
    <tag k="ele" v="1.3099"/>
  </node>
  <node id="44687" lat="-3.61703487365" lon="62.09644785325">
    <tag k="local_x" v="-347.943"/>
    <tag k="local_y" v="153.7193"/>
    <tag k="ele" v="1.3099"/>
  </node>
  <node id="44688" lat="-3.61703320195" lon="62.09644058732">
    <tag k="local_x" v="-348.7502"/>
    <tag k="local_y" v="153.9033"/>
    <tag k="ele" v="1.3099"/>
  </node>
  <node id="44689" lat="-3.61703216968" lon="62.09643320372">
    <tag k="local_x" v="-349.5704"/>
    <tag k="local_y" v="154.0166"/>
    <tag k="ele" v="1.3099"/>
  </node>
  <node id="44690" lat="-3.61703176535" lon="62.0964250758">
    <tag k="local_x" v="-350.4732"/>
    <tag k="local_y" v="154.0604"/>
    <tag k="ele" v="1.3099"/>
  </node>
  <node id="44691" lat="-3.617007266" lon="62.09646526714">
    <tag k="local_x" v="-346.0119"/>
    <tag k="local_y" v="156.7732"/>
    <tag k="ele" v="1.3099"/>
  </node>
  <node id="44692" lat="-3.61700434872" lon="62.09645621436">
    <tag k="local_x" v="-347.0177"/>
    <tag k="local_y" v="157.0947"/>
    <tag k="ele" v="1.3099"/>
  </node>
  <node id="44693" lat="-3.61700206286" lon="62.09644628043">
    <tag k="local_x" v="-348.1213"/>
    <tag k="local_y" v="157.3463"/>
    <tag k="ele" v="1.3099"/>
  </node>
  <node id="44694" lat="-3.61700065247" lon="62.09643618626">
    <tag k="local_x" v="-349.2426"/>
    <tag k="local_y" v="157.5011"/>
    <tag k="ele" v="1.3099"/>
  </node>
  <node id="44695" lat="-3.61700014727" lon="62.09642669262">
    <tag k="local_x" v="-350.2971"/>
    <tag k="local_y" v="157.5559"/>
    <tag k="ele" v="1.3099"/>
  </node>
  <node id="44738" lat="-3.61712131598" lon="62.09772412448">
    <tag k="local_x" v="-206.1799"/>
    <tag k="local_y" v="144.3042"/>
    <tag k="ele" v="1.9169"/>
  </node>
  <node id="44739" lat="-3.61711915694" lon="62.09774969371">
    <tag k="local_x" v="-203.3402"/>
    <tag k="local_y" v="144.5457"/>
    <tag k="ele" v="1.9169"/>
  </node>
  <node id="44846" lat="-3.61699086926" lon="62.09766572566">
    <tag k="local_x" v="-212.6805"/>
    <tag k="local_y" v="158.7184"/>
    <tag k="ele" v="1.085"/>
  </node>
  <node id="44847" lat="-3.6169667143" lon="62.09767400391">
    <tag k="local_x" v="-211.7637"/>
    <tag k="local_y" v="161.3896"/>
    <tag k="ele" v="1.085"/>
  </node>
  <node id="44855" lat="-3.6180404017" lon="62.09561423668">
    <tag k="local_x" v="-440.4209"/>
    <tag k="local_y" v="42.4678"/>
    <tag k="ele" v="1.634"/>
  </node>
  <node id="44856" lat="-3.61805125731" lon="62.09561937319">
    <tag k="local_x" v="-439.8492"/>
    <tag k="local_y" v="41.2683"/>
    <tag k="ele" v="1.6324"/>
  </node>
  <node id="44858" lat="-3.618059549" lon="62.09562598701">
    <tag k="local_x" v="-439.1137"/>
    <tag k="local_y" v="40.3524"/>
    <tag k="ele" v="1.6313"/>
  </node>
  <node id="44860" lat="-3.61806216971" lon="62.09563063739">
    <tag k="local_x" v="-438.5969"/>
    <tag k="local_y" v="40.0632"/>
    <tag k="ele" v="1.6313"/>
  </node>
  <node id="44862" lat="-3.61805904609" lon="62.09563506569">
    <tag k="local_x" v="-438.1054"/>
    <tag k="local_y" v="40.409"/>
    <tag k="ele" v="1.6262"/>
  </node>
  <node id="44864" lat="-3.61805291122" lon="62.09563597392">
    <tag k="local_x" v="-438.0052"/>
    <tag k="local_y" v="41.0873"/>
    <tag k="ele" v="1.6919"/>
  </node>
  <node id="44865" lat="-3.61804386241" lon="62.09558870305">
    <tag k="local_x" v="-443.2565"/>
    <tag k="local_y" v="42.0824"/>
    <tag k="ele" v="1.634"/>
  </node>
  <node id="44866" lat="-3.61805680989" lon="62.09559160913">
    <tag k="local_x" v="-442.9323"/>
    <tag k="local_y" v="40.6514"/>
    <tag k="ele" v="1.6324"/>
  </node>
  <node id="44867" lat="-3.61806897118" lon="62.09559530109">
    <tag k="local_x" v="-442.5209"/>
    <tag k="local_y" v="39.3074"/>
    <tag k="ele" v="1.6313"/>
  </node>
  <node id="44868" lat="-3.61807907087" lon="62.09560075438">
    <tag k="local_x" v="-441.9141"/>
    <tag k="local_y" v="38.1915"/>
    <tag k="ele" v="1.6313"/>
  </node>
  <node id="44870" lat="-3.61808673264" lon="62.09560612995">
    <tag k="local_x" v="-441.3162"/>
    <tag k="local_y" v="37.3451"/>
    <tag k="ele" v="1.6313"/>
  </node>
  <node id="44872" lat="-3.61809427548" lon="62.09561378981">
    <tag k="local_x" v="-440.4646"/>
    <tag k="local_y" v="36.5121"/>
    <tag k="ele" v="1.6313"/>
  </node>
  <node id="44874" lat="-3.61809961849" lon="62.09562427804">
    <tag k="local_x" v="-439.2991"/>
    <tag k="local_y" v="35.9226"/>
    <tag k="ele" v="1.6313"/>
  </node>
  <node id="44876" lat="-3.61810084579" lon="62.09563761454">
    <tag k="local_x" v="-437.8177"/>
    <tag k="local_y" v="35.7884"/>
    <tag k="ele" v="1.6262"/>
  </node>
  <node id="44878" lat="-3.61809763845" lon="62.09565147854">
    <tag k="local_x" v="-436.2782"/>
    <tag k="local_y" v="36.1445"/>
    <tag k="ele" v="1.6262"/>
  </node>
  <node id="44880" lat="-3.61808864457" lon="62.09566452266">
    <tag k="local_x" v="-434.8304"/>
    <tag k="local_y" v="37.1402"/>
    <tag k="ele" v="1.6262"/>
  </node>
  <node id="44882" lat="-3.6180731552" lon="62.09567064326">
    <tag k="local_x" v="-434.1523"/>
    <tag k="local_y" v="38.8532"/>
    <tag k="ele" v="1.6262"/>
  </node>
  <node id="44883" lat="-3.61805791666" lon="62.09567250948">
    <tag k="local_x" v="-433.9467"/>
    <tag k="local_y" v="40.538"/>
    <tag k="ele" v="1.6919"/>
  </node>
  <node id="44884" lat="-3.61804430137" lon="62.09563413405">
    <tag k="local_x" v="-438.2105"/>
    <tag k="local_y" v="42.0389"/>
    <tag k="ele" v="1.7026"/>
  </node>
  <node id="44885" lat="-3.61803408407" lon="62.09563138102">
    <tag k="local_x" v="-438.5174"/>
    <tag k="local_y" v="43.1681"/>
    <tag k="ele" v="1.7079"/>
  </node>
  <node id="44886" lat="-3.61802287751" lon="62.09562808516">
    <tag k="local_x" v="-438.8847"/>
    <tag k="local_y" v="44.4066"/>
    <tag k="ele" v="1.7106"/>
  </node>
  <node id="44887" lat="-3.61801101347" lon="62.09562493581">
    <tag k="local_x" v="-439.2358"/>
    <tag k="local_y" v="45.7178"/>
    <tag k="ele" v="1.7132"/>
  </node>
  <node id="44888" lat="-3.61804048752" lon="62.09566745241">
    <tag k="local_x" v="-434.5103"/>
    <tag k="local_y" v="42.4642"/>
    <tag k="ele" v="1.7026"/>
  </node>
  <node id="44889" lat="-3.61802784039" lon="62.09566005691">
    <tag k="local_x" v="-435.3331"/>
    <tag k="local_y" v="43.8615"/>
    <tag k="ele" v="1.7079"/>
  </node>
  <node id="44890" lat="-3.61801744368" lon="62.09565338485">
    <tag k="local_x" v="-436.0753"/>
    <tag k="local_y" v="45.0101"/>
    <tag k="ele" v="1.7106"/>
  </node>
  <node id="44891" lat="-3.61800938017" lon="62.09564971493">
    <tag k="local_x" v="-436.4838"/>
    <tag k="local_y" v="45.9011"/>
    <tag k="ele" v="1.7132"/>
  </node>
  <node id="44898" lat="-3.61801670786" lon="62.09560870594">
    <tag k="local_x" v="-441.0378"/>
    <tag k="local_y" v="45.0865"/>
    <tag k="ele" v="1.6425"/>
  </node>
  <node id="44899" lat="-3.61801874968" lon="62.09558448192">
    <tag k="local_x" v="-443.7281"/>
    <tag k="local_y" v="44.8581"/>
    <tag k="ele" v="1.6425"/>
  </node>
  <node id="44905" lat="-3.61795614256" lon="62.09561968357">
    <tag k="local_x" v="-439.8252"/>
    <tag k="local_y" v="51.7831"/>
    <tag k="ele" v="1.4961"/>
  </node>
  <node id="44906" lat="-3.61795444543" lon="62.09564395227">
    <tag k="local_x" v="-437.1299"/>
    <tag k="local_y" v="51.9734"/>
    <tag k="ele" v="1.4961"/>
  </node>
  <node id="44923" lat="-3.61800087742" lon="62.09562292278">
    <tag k="local_x" v="-439.4605"/>
    <tag k="local_y" v="46.8381"/>
    <tag k="ele" v="1.7132"/>
  </node>
  <node id="44926" lat="-3.61799712484" lon="62.09564696212">
    <tag k="local_x" v="-436.7909"/>
    <tag k="local_y" v="47.2556"/>
    <tag k="ele" v="1.7132"/>
  </node>
  <node id="44930" lat="-3.61810498331" lon="62.09509906071">
    <tag k="local_x" v="-497.6336"/>
    <tag k="local_y" v="35.2714"/>
    <tag k="ele" v="1.634"/>
  </node>
  <node id="44931" lat="-3.61811113681" lon="62.09510320069">
    <tag k="local_x" v="-497.1731"/>
    <tag k="local_y" v="34.5916"/>
    <tag k="ele" v="1.6324"/>
  </node>
  <node id="44932" lat="-3.6181112271" lon="62.09510664803">
    <tag k="local_x" v="-496.7902"/>
    <tag k="local_y" v="34.582"/>
    <tag k="ele" v="1.6313"/>
  </node>
  <node id="44933" lat="-3.61810423339" lon="62.09510897605">
    <tag k="local_x" v="-496.5324"/>
    <tag k="local_y" v="35.3554"/>
    <tag k="ele" v="1.6313"/>
  </node>
  <node id="44939" lat="-3.61809269656" lon="62.09511008862">
    <tag k="local_x" v="-496.4101"/>
    <tag k="local_y" v="36.6309"/>
    <tag k="ele" v="1.6919"/>
  </node>
  <node id="44940" lat="-3.61811887132" lon="62.09507462776">
    <tag k="local_x" v="-500.3458"/>
    <tag k="local_y" v="33.7334"/>
    <tag k="ele" v="1.634"/>
  </node>
  <node id="44942" lat="-3.61813485595" lon="62.09507889575">
    <tag k="local_x" v="-499.87"/>
    <tag k="local_y" v="31.9668"/>
    <tag k="ele" v="1.6313"/>
  </node>
  <node id="44945" lat="-3.61815029416" lon="62.09508581939">
    <tag k="local_x" v="-499.0993"/>
    <tag k="local_y" v="30.2609"/>
    <tag k="ele" v="1.6313"/>
  </node>
  <node id="44947" lat="-3.6181601906" lon="62.09509515606">
    <tag k="local_x" v="-498.0612"/>
    <tag k="local_y" v="29.1679"/>
    <tag k="ele" v="1.6313"/>
  </node>
  <node id="44949" lat="-3.61816804297" lon="62.09510568861">
    <tag k="local_x" v="-496.8905"/>
    <tag k="local_y" v="28.301"/>
    <tag k="ele" v="1.6313"/>
  </node>
  <node id="44951" lat="-3.61816917112" lon="62.09512117704">
    <tag k="local_x" v="-495.1701"/>
    <tag k="local_y" v="28.178"/>
    <tag k="ele" v="1.6262"/>
  </node>
  <node id="44954" lat="-3.6181625482" lon="62.09513335088">
    <tag k="local_x" v="-493.8187"/>
    <tag k="local_y" v="28.9115"/>
    <tag k="ele" v="1.6262"/>
  </node>
  <node id="44956" lat="-3.61815192088" lon="62.09514119532">
    <tag k="local_x" v="-492.9486"/>
    <tag k="local_y" v="30.0872"/>
    <tag k="ele" v="1.6262"/>
  </node>
  <node id="44957" lat="-3.61813760011" lon="62.09514539704">
    <tag k="local_x" v="-492.4835"/>
    <tag k="local_y" v="31.6708"/>
    <tag k="ele" v="1.6262"/>
  </node>
  <node id="44958" lat="-3.61811880412" lon="62.09514481695">
    <tag k="local_x" v="-492.55"/>
    <tag k="local_y" v="33.7486"/>
    <tag k="ele" v="1.6919"/>
  </node>
  <node id="44980" lat="-3.61804111967" lon="62.09510797266">
    <tag k="local_x" v="-496.6508"/>
    <tag k="local_y" v="42.3324"/>
    <tag k="ele" v="1.6"/>
  </node>
  <node id="44981" lat="-3.61803941167" lon="62.09513221795">
    <tag k="local_x" v="-493.9581"/>
    <tag k="local_y" v="42.5239"/>
    <tag k="ele" v="1.6"/>
  </node>
  <node id="44987" lat="-3.6180825974" lon="62.09509342605">
    <tag k="local_x" v="-498.2619"/>
    <tag k="local_y" v="37.7455"/>
    <tag k="ele" v="1.6278"/>
  </node>
  <node id="44988" lat="-3.61808683818" lon="62.09506913682">
    <tag k="local_x" v="-500.9592"/>
    <tag k="local_y" v="37.274"/>
    <tag k="ele" v="1.6278"/>
  </node>
  <node id="44996" lat="-3.61809540649" lon="62.09509634306">
    <tag k="local_x" v="-497.9365"/>
    <tag k="local_y" v="36.3298"/>
    <tag k="ele" v="1.6278"/>
  </node>
  <node id="44999" lat="-3.61810245813" lon="62.09507147303">
    <tag k="local_x" v="-500.698"/>
    <tag k="local_y" v="35.5475"/>
    <tag k="ele" v="1.6278"/>
  </node>
  <node id="45013" lat="-3.61808293766" lon="62.09511072674">
    <tag k="local_x" v="-496.3403"/>
    <tag k="local_y" v="37.7098"/>
    <tag k="ele" v="1.646"/>
  </node>
  <node id="45014" lat="-3.61807926632" lon="62.09513909037">
    <tag k="local_x" v="-493.1904"/>
    <tag k="local_y" v="38.1188"/>
    <tag k="ele" v="1.646"/>
  </node>
  <node id="45027" lat="-3.61797037157" lon="62.09508468699">
    <tag k="local_x" v="-499.2449"/>
    <tag k="local_y" v="50.1509"/>
    <tag k="ele" v="1.6189"/>
  </node>
  <node id="45028" lat="-3.61797222972" lon="62.09506044425">
    <tag k="local_x" v="-501.9373"/>
    <tag k="local_y" v="49.9428"/>
    <tag k="ele" v="1.6189"/>
  </node>
  <node id="45088" lat="-3.61774148866" lon="62.09469812045">
    <tag k="local_x" v="-542.2055"/>
    <tag k="local_y" v="75.4107"/>
    <tag k="ele" v="1.3733"/>
  </node>
  <node id="45089" lat="-3.61773908894" lon="62.0947262532">
    <tag k="local_x" v="-539.0811"/>
    <tag k="local_y" v="75.6791"/>
    <tag k="ele" v="1.3748"/>
  </node>
  <node id="45091" lat="-3.61774354141" lon="62.09473900667">
    <tag k="local_x" v="-537.6641"/>
    <tag k="local_y" v="75.1883"/>
    <tag k="ele" v="1.3748"/>
  </node>
  <node id="45093" lat="-3.61775358092" lon="62.09474939479">
    <tag k="local_x" v="-536.5092"/>
    <tag k="local_y" v="74.0796"/>
    <tag k="ele" v="1.3748"/>
  </node>
  <node id="45095" lat="-3.61776666109" lon="62.09475472086">
    <tag k="local_x" v="-535.9162"/>
    <tag k="local_y" v="72.6342"/>
    <tag k="ele" v="1.3748"/>
  </node>
  <node id="45097" lat="-3.61777832382" lon="62.09475556641">
    <tag k="local_x" v="-535.821"/>
    <tag k="local_y" v="71.345"/>
    <tag k="ele" v="1.3702"/>
  </node>
  <node id="45099" lat="-3.61779012232" lon="62.09475289689">
    <tag k="local_x" v="-536.1162"/>
    <tag k="local_y" v="70.0404"/>
    <tag k="ele" v="1.3702"/>
  </node>
  <node id="45101" lat="-3.61780182726" lon="62.09474802341">
    <tag k="local_x" v="-536.6562"/>
    <tag k="local_y" v="68.7459"/>
    <tag k="ele" v="1.3702"/>
  </node>
  <node id="45102" lat="-3.61780759856" lon="62.09474085814">
    <tag k="local_x" v="-537.4514"/>
    <tag k="local_y" v="68.1071"/>
    <tag k="ele" v="1.3702"/>
  </node>
  <node id="45104" lat="-3.61781087121" lon="62.09472990129">
    <tag k="local_x" v="-538.668"/>
    <tag k="local_y" v="67.7441"/>
    <tag k="ele" v="1.3702"/>
  </node>
  <node id="45105" lat="-3.61781384699" lon="62.09470250804">
    <tag k="local_x" v="-541.7102"/>
    <tag k="local_y" v="67.4121"/>
    <tag k="ele" v="1.4739"/>
  </node>
  <node id="45106" lat="-3.61777317261" lon="62.09467920427">
    <tag k="local_x" v="-544.303"/>
    <tag k="local_y" v="71.906"/>
    <tag k="ele" v="1.3733"/>
  </node>
  <node id="45107" lat="-3.61777620315" lon="62.09468571075">
    <tag k="local_x" v="-543.58"/>
    <tag k="local_y" v="71.5717"/>
    <tag k="ele" v="1.3748"/>
  </node>
  <node id="45112" lat="-3.61778042328" lon="62.09468596496">
    <tag k="local_x" v="-543.5513"/>
    <tag k="local_y" v="71.1052"/>
    <tag k="ele" v="1.3702"/>
  </node>
  <node id="45113" lat="-3.61778434896" lon="62.09468033751">
    <tag k="local_x" v="-544.1759"/>
    <tag k="local_y" v="70.6706"/>
    <tag k="ele" v="1.4739"/>
  </node>
  <node id="45187" lat="-3.61774846602" lon="62.09461355673">
    <tag k="local_x" v="-551.5971"/>
    <tag k="local_y" v="74.63"/>
    <tag k="ele" v="1.3705"/>
  </node>
  <node id="45188" lat="-3.61777536484" lon="62.09461551889">
    <tag k="local_x" v="-551.3762"/>
    <tag k="local_y" v="71.6566"/>
    <tag k="ele" v="1.3705"/>
  </node>
  <node id="45200" lat="-3.61722887227" lon="62.09484223408">
    <tag k="local_x" v="-526.2555"/>
    <tag k="local_y" v="132.0955"/>
    <tag k="ele" v="2.9298"/>
  </node>
  <node id="45201" lat="-3.61722855412" lon="62.09482805036">
    <tag k="local_x" v="-527.8309"/>
    <tag k="local_y" v="132.1291"/>
    <tag k="ele" v="2.9298"/>
  </node>
  <node id="45202" lat="-3.6172274743" lon="62.0948138503">
    <tag k="local_x" v="-529.4082"/>
    <tag k="local_y" v="132.2469"/>
    <tag k="ele" v="2.9298"/>
  </node>
  <node id="45203" lat="-3.61722516025" lon="62.0948028828">
    <tag k="local_x" v="-530.6266"/>
    <tag k="local_y" v="132.5015"/>
    <tag k="ele" v="2.9298"/>
  </node>
  <node id="45204" lat="-3.61721781624" lon="62.09478421154">
    <tag k="local_x" v="-532.7012"/>
    <tag k="local_y" v="133.3113"/>
    <tag k="ele" v="2.3669"/>
  </node>
  <node id="45205" lat="-3.61720812927" lon="62.09484764052">
    <tag k="local_x" v="-525.6573"/>
    <tag k="local_y" v="134.3892"/>
    <tag k="ele" v="2.9298"/>
  </node>
  <node id="45206" lat="-3.61720716267" lon="62.09483448474">
    <tag k="local_x" v="-527.1186"/>
    <tag k="local_y" v="134.4946"/>
    <tag k="ele" v="2.9298"/>
  </node>
  <node id="45207" lat="-3.61720494598" lon="62.09482228007">
    <tag k="local_x" v="-528.4744"/>
    <tag k="local_y" v="134.7383"/>
    <tag k="ele" v="2.9298"/>
  </node>
  <node id="45208" lat="-3.61720092691" lon="62.09480963152">
    <tag k="local_x" v="-529.8797"/>
    <tag k="local_y" v="135.1812"/>
    <tag k="ele" v="2.9298"/>
  </node>
  <node id="45209" lat="-3.61719455815" lon="62.09479377377">
    <tag k="local_x" v="-531.6417"/>
    <tag k="local_y" v="135.8835"/>
    <tag k="ele" v="2.3669"/>
  </node>
  <node id="45218" lat="-3.61719369424" lon="62.09472329297">
    <tag k="local_x" v="-539.47"/>
    <tag k="local_y" v="135.9712"/>
    <tag k="ele" v="0.474"/>
  </node>
  <node id="45221" lat="-3.61719093826" lon="62.09471273826">
    <tag k="local_x" v="-540.6426"/>
    <tag k="local_y" v="136.2747"/>
    <tag k="ele" v="0.474"/>
  </node>
  <node id="45224" lat="-3.61718971828" lon="62.09470220274">
    <tag k="local_x" v="-541.8129"/>
    <tag k="local_y" v="136.4084"/>
    <tag k="ele" v="0.474"/>
  </node>
  <node id="45227" lat="-3.6171697114" lon="62.09473087605">
    <tag k="local_x" v="-538.6304"/>
    <tag k="local_y" v="138.6233"/>
    <tag k="ele" v="0.474"/>
  </node>
  <node id="45230" lat="-3.61716604719" lon="62.0947175753">
    <tag k="local_x" v="-540.1081"/>
    <tag k="local_y" v="139.0269"/>
    <tag k="ele" v="0.474"/>
  </node>
  <node id="45233" lat="-3.6171641987" lon="62.09470360469">
    <tag k="local_x" v="-541.66"/>
    <tag k="local_y" v="139.2297"/>
    <tag k="ele" v="0.474"/>
  </node>
  <node id="45239" lat="-3.61778970135" lon="62.09499188308">
    <tag k="local_x" v="-509.5724"/>
    <tag k="local_y" v="70.1134"/>
    <tag k="ele" v="1.5211"/>
  </node>
  <node id="45240" lat="-3.61778992032" lon="62.09498923585">
    <tag k="local_x" v="-509.8664"/>
    <tag k="local_y" v="70.0889"/>
    <tag k="ele" v="1.5005"/>
  </node>
  <node id="45241" lat="-3.61779049686" lon="62.09498233323">
    <tag k="local_x" v="-510.633"/>
    <tag k="local_y" v="70.0244"/>
    <tag k="ele" v="1.4962"/>
  </node>
  <node id="45242" lat="-3.61779014928" lon="62.09497127194">
    <tag k="local_x" v="-511.8616"/>
    <tag k="local_y" v="70.0616"/>
    <tag k="ele" v="1.5003"/>
  </node>
  <node id="45243" lat="-3.61778882977" lon="62.09496432439">
    <tag k="local_x" v="-512.6334"/>
    <tag k="local_y" v="70.2067"/>
    <tag k="ele" v="1.5003"/>
  </node>
  <node id="45244" lat="-3.61778605478" lon="62.09495826422">
    <tag k="local_x" v="-513.3068"/>
    <tag k="local_y" v="70.5128"/>
    <tag k="ele" v="1.522"/>
  </node>
  <node id="45245" lat="-3.61778242976" lon="62.09495339605">
    <tag k="local_x" v="-513.8479"/>
    <tag k="local_y" v="70.913"/>
    <tag k="ele" v="1.5234"/>
  </node>
  <node id="45246" lat="-3.61777736857" lon="62.09494883002">
    <tag k="local_x" v="-514.3556"/>
    <tag k="local_y" v="71.472"/>
    <tag k="ele" v="1.5234"/>
  </node>
  <node id="45247" lat="-3.6177713449" lon="62.09494515718">
    <tag k="local_x" v="-514.7642"/>
    <tag k="local_y" v="72.1375"/>
    <tag k="ele" v="1.5234"/>
  </node>
  <node id="45248" lat="-3.61776410754" lon="62.0949426569">
    <tag k="local_x" v="-515.0427"/>
    <tag k="local_y" v="72.9373"/>
    <tag k="ele" v="1.5234"/>
  </node>
  <node id="45249" lat="-3.61775699653" lon="62.09494166097">
    <tag k="local_x" v="-515.1541"/>
    <tag k="local_y" v="73.7233"/>
    <tag k="ele" v="1.5234"/>
  </node>
  <node id="45250" lat="-3.61775032129" lon="62.09494133717">
    <tag k="local_x" v="-515.1908"/>
    <tag k="local_y" v="74.4612"/>
    <tag k="ele" v="1.5234"/>
  </node>
  <node id="45251" lat="-3.61774220162" lon="62.09494301176">
    <tag k="local_x" v="-515.0057"/>
    <tag k="local_y" v="75.359"/>
    <tag k="ele" v="1.5234"/>
  </node>
  <node id="45252" lat="-3.61773473624" lon="62.0949467556">
    <tag k="local_x" v="-514.5907"/>
    <tag k="local_y" v="76.1847"/>
    <tag k="ele" v="1.5234"/>
  </node>
  <node id="45253" lat="-3.61772834083" lon="62.09495126007">
    <tag k="local_x" v="-514.0911"/>
    <tag k="local_y" v="76.8922"/>
    <tag k="ele" v="1.5234"/>
  </node>
  <node id="45254" lat="-3.61772320933" lon="62.09495687431">
    <tag k="local_x" v="-513.4681"/>
    <tag k="local_y" v="77.4601"/>
    <tag k="ele" v="1.5234"/>
  </node>
  <node id="45255" lat="-3.61771975595" lon="62.09496441633">
    <tag k="local_x" v="-512.6308"/>
    <tag k="local_y" v="77.8427"/>
    <tag k="ele" v="1.5234"/>
  </node>
  <node id="45256" lat="-3.61771725427" lon="62.09497475207">
    <tag k="local_x" v="-511.4831"/>
    <tag k="local_y" v="78.1204"/>
    <tag k="ele" v="1.5234"/>
  </node>
  <node id="45257" lat="-3.61771527666" lon="62.09500707911">
    <tag k="local_x" v="-507.8928"/>
    <tag k="local_y" v="78.3426"/>
    <tag k="ele" v="1.5289"/>
  </node>
  <node id="45258" lat="-3.61775749755" lon="62.09500115527">
    <tag k="local_x" v="-508.5461"/>
    <tag k="local_y" v="73.6745"/>
    <tag k="ele" v="1.5102"/>
  </node>
  <node id="45259" lat="-3.61775426592" lon="62.09499799017">
    <tag k="local_x" v="-508.898"/>
    <tag k="local_y" v="74.0314"/>
    <tag k="ele" v="1.5003"/>
  </node>
  <node id="45260" lat="-3.61774948464" lon="62.09499833254">
    <tag k="local_x" v="-508.8605"/>
    <tag k="local_y" v="74.56"/>
    <tag k="ele" v="1.5234"/>
  </node>
  <node id="45261" lat="-3.61774634042" lon="62.09500295263">
    <tag k="local_x" v="-508.3477"/>
    <tag k="local_y" v="74.9081"/>
    <tag k="ele" v="1.5234"/>
  </node>
  <node id="45262" lat="-3.61774173769" lon="62.09501990619">
    <tag k="local_x" v="-506.4652"/>
    <tag k="local_y" v="75.4188"/>
    <tag k="ele" v="1.5231"/>
  </node>
  <node id="45268" lat="-3.61778701038" lon="62.09502095519">
    <tag k="local_x" v="-506.3437"/>
    <tag k="local_y" v="70.4141"/>
    <tag k="ele" v="1.4445"/>
  </node>
  <node id="45269" lat="-3.6177603744" lon="62.09501860201">
    <tag k="local_x" v="-506.608"/>
    <tag k="local_y" v="73.3584"/>
    <tag k="ele" v="1.4483"/>
  </node>
  <node id="45278" lat="-3.61771454679" lon="62.09503701181">
    <tag k="local_x" v="-504.5683"/>
    <tag k="local_y" v="78.4266"/>
    <tag k="ele" v="1.4571"/>
  </node>
  <node id="45279" lat="-3.61773979666" lon="62.09503908186">
    <tag k="local_x" v="-504.3356"/>
    <tag k="local_y" v="75.6355"/>
    <tag k="ele" v="1.4545"/>
  </node>
  <node id="45289" lat="-3.61923204673" lon="62.09735372701">
    <tag k="local_x" v="-247.0874"/>
    <tag k="local_y" v="-89.0741"/>
    <tag k="ele" v="1.7823"/>
  </node>
  <node id="45290" lat="-3.61924153786" lon="62.09723810045">
    <tag k="local_x" v="-259.9288"/>
    <tag k="local_y" v="-90.1361"/>
    <tag k="ele" v="1.7784"/>
  </node>
  <node id="45293" lat="-3.61920680304" lon="62.09735242129">
    <tag k="local_x" v="-247.2352"/>
    <tag k="local_y" v="-86.2836"/>
    <tag k="ele" v="1.7908"/>
  </node>
  <node id="45294" lat="-3.61921570901" lon="62.09723690875">
    <tag k="local_x" v="-260.064"/>
    <tag k="local_y" v="-87.2809"/>
    <tag k="ele" v="1.7841"/>
  </node>
  <node id="45346" lat="-3.61916895811" lon="62.09752364443">
    <tag k="local_x" v="-228.2219"/>
    <tag k="local_y" v="-82.081"/>
    <tag k="ele" v="1.7856"/>
  </node>
  <node id="45347" lat="-3.6191433844" lon="62.09752159714">
    <tag k="local_x" v="-228.4521"/>
    <tag k="local_y" v="-79.2541"/>
    <tag k="ele" v="1.7923"/>
  </node>
  <node id="45353" lat="-3.61922926134" lon="62.09738885231">
    <tag k="local_x" v="-243.1864"/>
    <tag k="local_y" v="-88.7623"/>
    <tag k="ele" v="1.784"/>
  </node>
  <node id="45354" lat="-3.61920398256" lon="62.09738683264">
    <tag k="local_x" v="-243.4135"/>
    <tag k="local_y" v="-85.968"/>
    <tag k="ele" v="1.7916"/>
  </node>
  <node id="45367" lat="-3.61915787833" lon="62.09747882982">
    <tag k="local_x" v="-233.2006"/>
    <tag k="local_y" v="-80.8611"/>
    <tag k="ele" v="1.7428"/>
  </node>
  <node id="45368" lat="-3.61918640353" lon="62.09743183048">
    <tag k="local_x" v="-238.4176"/>
    <tag k="local_y" v="-84.0197"/>
    <tag k="ele" v="1.715"/>
  </node>
  <node id="45370" lat="-3.6191811066" lon="62.09749279642">
    <tag k="local_x" v="-231.6468"/>
    <tag k="local_y" v="-83.4274"/>
    <tag k="ele" v="1.7428"/>
  </node>
  <node id="45371" lat="-3.6192096318" lon="62.09744579618">
    <tag k="local_x" v="-236.8639"/>
    <tag k="local_y" v="-86.586"/>
    <tag k="ele" v="1.715"/>
  </node>
  <node id="45376" lat="-3.61917093888" lon="62.09751341903">
    <tag k="local_x" v="-229.3574"/>
    <tag k="local_y" v="-82.3011"/>
    <tag k="ele" v="1.789"/>
  </node>
  <node id="45379" lat="-3.61917476287" lon="62.09750378153">
    <tag k="local_x" v="-230.4274"/>
    <tag k="local_y" v="-82.7249"/>
    <tag k="ele" v="1.789"/>
  </node>
  <node id="45383" lat="-3.61914562664" lon="62.09750688325">
    <tag k="local_x" v="-230.0861"/>
    <tag k="local_y" v="-79.5036"/>
    <tag k="ele" v="1.789"/>
  </node>
  <node id="45386" lat="-3.61915029367" lon="62.09749268286">
    <tag k="local_x" v="-231.6628"/>
    <tag k="local_y" v="-80.0211"/>
    <tag k="ele" v="1.789"/>
  </node>
  <node id="45410" lat="-3.61869981429" lon="62.09803191772">
    <tag k="local_x" v="-171.8204"/>
    <tag k="local_y" v="-30.1619"/>
    <tag k="ele" v="2.0511"/>
  </node>
  <node id="45411" lat="-3.61867442299" lon="62.09803136751">
    <tag k="local_x" v="-171.8843"/>
    <tag k="local_y" v="-27.355"/>
    <tag k="ele" v="2.0511"/>
  </node>
  <node id="45454" lat="-3.61924354371" lon="62.09721133745">
    <tag k="local_x" v="-262.9011"/>
    <tag k="local_y" v="-90.3608"/>
    <tag k="ele" v="1.7737"/>
  </node>
  <node id="45455" lat="-3.61921791219" lon="62.09720936406">
    <tag k="local_x" v="-263.1231"/>
    <tag k="local_y" v="-87.5275"/>
    <tag k="ele" v="1.7784"/>
  </node>
  <node id="45548" lat="-3.6197326862" lon="62.09438141945">
    <tag k="local_x" v="-577.1614"/>
    <tag k="local_y" v="-144.7478"/>
    <tag k="ele" v="1.2154"/>
  </node>
  <node id="45549" lat="-3.61968685778" lon="62.09437734769">
    <tag k="local_x" v="-577.6187"/>
    <tag k="local_y" v="-139.682"/>
    <tag k="ele" v="1.2154"/>
  </node>
  <node id="45652" lat="-3.61973410414" lon="62.09436293393">
    <tag k="local_x" v="-579.2144"/>
    <tag k="local_y" v="-144.9066"/>
    <tag k="ele" v="1.2206"/>
  </node>
  <node id="45653" lat="-3.61968827573" lon="62.09435886306">
    <tag k="local_x" v="-579.6716"/>
    <tag k="local_y" v="-139.8408"/>
    <tag k="ele" v="1.2206"/>
  </node>
  <node id="45768" lat="-3.61762880893" lon="62.09589315659">
    <tag k="local_x" v="-409.487"/>
    <tag k="local_y" v="87.9995"/>
    <tag k="ele" v="1.754"/>
  </node>
  <node id="45769" lat="-3.61761359739" lon="62.09608479031">
    <tag k="local_x" v="-388.2042"/>
    <tag k="local_y" v="89.7023"/>
    <tag k="ele" v="2.8294"/>
  </node>
  <node id="45770" lat="-3.61765405782" lon="62.09589514204">
    <tag k="local_x" v="-409.2637"/>
    <tag k="local_y" v="85.2085"/>
    <tag k="ele" v="1.7619"/>
  </node>
  <node id="45771" lat="-3.61763884537" lon="62.09608677577">
    <tag k="local_x" v="-387.9809"/>
    <tag k="local_y" v="86.9114"/>
    <tag k="ele" v="1.8082"/>
  </node>
  <node id="45779" lat="-3.61760897697" lon="62.0962966308">
    <tag k="local_x" v="-364.6759"/>
    <tag k="local_y" v="90.2365"/>
    <tag k="ele" v="1.7037"/>
  </node>
  <node id="45781" lat="-3.6176397602" lon="62.09629871882">
    <tag k="local_x" v="-364.4406"/>
    <tag k="local_y" v="86.8337"/>
    <tag k="ele" v="1.7117"/>
  </node>
  <node id="45850" lat="-3.61760471399" lon="62.09633223287">
    <tag k="local_x" v="-360.7221"/>
    <tag k="local_y" v="90.7117"/>
    <tag k="ele" v="1.6407"/>
  </node>
  <node id="45852" lat="-3.61759882495" lon="62.09634288619">
    <tag k="local_x" v="-359.5395"/>
    <tag k="local_y" v="91.3639"/>
    <tag k="ele" v="1.6407"/>
  </node>
  <node id="45854" lat="-3.61759039689" lon="62.09634915554">
    <tag k="local_x" v="-358.8441"/>
    <tag k="local_y" v="92.2963"/>
    <tag k="ele" v="1.6407"/>
  </node>
  <node id="45856" lat="-3.61757867978" lon="62.09635181866">
    <tag k="local_x" v="-358.5496"/>
    <tag k="local_y" v="93.5919"/>
    <tag k="ele" v="1.6407"/>
  </node>
  <node id="45857" lat="-3.61763328417" lon="62.09634382893">
    <tag k="local_x" v="-359.431"/>
    <tag k="local_y" v="87.5546"/>
    <tag k="ele" v="1.6407"/>
  </node>
  <node id="45858" lat="-3.61762960733" lon="62.09635316195">
    <tag k="local_x" v="-358.3948"/>
    <tag k="local_y" v="87.9621"/>
    <tag k="ele" v="1.6407"/>
  </node>
  <node id="45859" lat="-3.61762331758" lon="62.09636293512">
    <tag k="local_x" v="-357.31"/>
    <tag k="local_y" v="88.6585"/>
    <tag k="ele" v="1.6407"/>
  </node>
  <node id="45860" lat="-3.61761516661" lon="62.0963712957">
    <tag k="local_x" v="-356.3823"/>
    <tag k="local_y" v="89.5605"/>
    <tag k="ele" v="1.6407"/>
  </node>
  <node id="45861" lat="-3.61760546884" lon="62.09637789313">
    <tag k="local_x" v="-355.6506"/>
    <tag k="local_y" v="90.6333"/>
    <tag k="ele" v="1.6407"/>
  </node>
  <node id="45862" lat="-3.61759460393" lon="62.09638245064">
    <tag k="local_x" v="-355.1456"/>
    <tag k="local_y" v="91.8349"/>
    <tag k="ele" v="1.6407"/>
  </node>
  <node id="45863" lat="-3.61758466466" lon="62.09638455198">
    <tag k="local_x" v="-354.9133"/>
    <tag k="local_y" v="92.9339"/>
    <tag k="ele" v="1.6407"/>
  </node>
  <node id="45872" lat="-3.61761510386" lon="62.09622622944">
    <tag k="local_x" v="-372.4946"/>
    <tag k="local_y" v="89.5514"/>
    <tag k="ele" v="1.777"/>
  </node>
  <node id="45874" lat="-3.61764586068" lon="62.09622904136">
    <tag k="local_x" v="-372.1789"/>
    <tag k="local_y" v="86.1516"/>
    <tag k="ele" v="1.7892"/>
  </node>
  <node id="45896" lat="-3.61764961686" lon="62.09601414235">
    <tag k="local_x" v="-396.047"/>
    <tag k="local_y" v="85.7126"/>
    <tag k="ele" v="1.754"/>
  </node>
  <node id="45898" lat="-3.61767486575" lon="62.0960161278">
    <tag k="local_x" v="-395.8237"/>
    <tag k="local_y" v="82.9216"/>
    <tag k="ele" v="1.7619"/>
  </node>
  <node id="45903" lat="-3.61764347435" lon="62.0960915241">
    <tag k="local_x" v="-387.453"/>
    <tag k="local_y" v="86.4002"/>
    <tag k="ele" v="2.2917"/>
  </node>
  <node id="45904" lat="-3.61766872324" lon="62.09609351046">
    <tag k="local_x" v="-387.2296"/>
    <tag k="local_y" v="83.6092"/>
    <tag k="ele" v="1.7851"/>
  </node>
  <node id="46035" lat="-3.6176596235" lon="62.09615627263">
    <tag k="local_x" v="-380.2597"/>
    <tag k="local_y" v="84.6221"/>
    <tag k="ele" v="1.8393"/>
  </node>
  <node id="46037" lat="-3.61763563481" lon="62.09614264897">
    <tag k="local_x" v="-381.7755"/>
    <tag k="local_y" v="87.2725"/>
    <tag k="ele" v="1.8359"/>
  </node>
  <node id="46041" lat="-3.61764123631" lon="62.0961149398">
    <tag k="local_x" v="-384.8525"/>
    <tag k="local_y" v="86.6502"/>
    <tag k="ele" v="2.1435"/>
  </node>
  <node id="46042" lat="-3.61763851143" lon="62.09613003318">
    <tag k="local_x" v="-383.1764"/>
    <tag k="local_y" v="86.9531"/>
    <tag k="ele" v="2.1435"/>
  </node>
  <node id="46043" lat="-3.6176662055" lon="62.09612035404">
    <tag k="local_x" v="-384.2484"/>
    <tag k="local_y" v="83.8905"/>
    <tag k="ele" v="2.1435"/>
  </node>
  <node id="46044" lat="-3.61766391625" lon="62.09613778519">
    <tag k="local_x" v="-382.3126"/>
    <tag k="local_y" v="84.1455"/>
    <tag k="ele" v="2.1435"/>
  </node>
  <node id="46049" lat="-3.61762795065" lon="62.09616553435">
    <tag k="local_x" v="-379.2345"/>
    <tag k="local_y" v="88.1245"/>
    <tag k="ele" v="1.8402"/>
  </node>
  <node id="46051" lat="-3.61762302687" lon="62.09618258546">
    <tag k="local_x" v="-377.3412"/>
    <tag k="local_y" v="88.6707"/>
    <tag k="ele" v="1.8402"/>
  </node>
  <node id="46053" lat="-3.61761903599" lon="62.09619990576">
    <tag k="local_x" v="-375.4179"/>
    <tag k="local_y" v="89.1138"/>
    <tag k="ele" v="1.8402"/>
  </node>
  <node id="46055" lat="-3.61761601754" lon="62.09621723859">
    <tag k="local_x" v="-373.4931"/>
    <tag k="local_y" v="89.4494"/>
    <tag k="ele" v="1.8402"/>
  </node>
  <node id="46057" lat="-3.6176545683" lon="62.09617306728">
    <tag k="local_x" v="-378.3949"/>
    <tag k="local_y" v="85.1828"/>
    <tag k="ele" v="1.8402"/>
  </node>
  <node id="46059" lat="-3.61765106079" lon="62.09618890242">
    <tag k="local_x" v="-376.6365"/>
    <tag k="local_y" v="85.5723"/>
    <tag k="ele" v="1.8402"/>
  </node>
  <node id="46061" lat="-3.61764842995" lon="62.09620487535">
    <tag k="local_x" v="-374.8627"/>
    <tag k="local_y" v="85.8649"/>
    <tag k="ele" v="1.8402"/>
  </node>
  <node id="46088" lat="-3.61791447646" lon="62.09957805111">
    <tag k="local_x" v="-0.1801"/>
    <tag k="local_y" v="56.8262"/>
    <tag k="ele" v="2.0071"/>
  </node>
  <node id="46089" lat="-3.6179166464" lon="62.09955248183">
    <tag k="local_x" v="-3.0198"/>
    <tag k="local_y" v="56.5835"/>
    <tag k="ele" v="2.0071"/>
  </node>
  <node id="46098" lat="-3.6168125141" lon="62.099522272">
    <tag k="local_x" v="-6.4962"/>
    <tag k="local_y" v="178.6399"/>
    <tag k="ele" v="2.1265"/>
  </node>
  <node id="46099" lat="-3.61681484753" lon="62.09949463991">
    <tag k="local_x" v="-9.565"/>
    <tag k="local_y" v="178.3789"/>
    <tag k="ele" v="2.1265"/>
  </node>
  <node id="46160" lat="-3.61750010309" lon="62.09830523621">
    <tag k="local_x" v="-141.5951"/>
    <tag k="local_y" v="102.4941"/>
    <tag k="ele" v="1.9962"/>
  </node>
  <node id="46161" lat="-3.61747503454" lon="62.09828726848">
    <tag k="local_x" v="-143.5935"/>
    <tag k="local_y" v="105.2634"/>
    <tag k="ele" v="1.9962"/>
  </node>
  <node id="46247" lat="-3.61867935185" lon="62.09833292746">
    <tag k="local_x" v="-138.39"/>
    <tag k="local_y" v="-27.8666"/>
    <tag k="ele" v="2.0511"/>
  </node>
  <node id="46248" lat="-3.61865428745" lon="62.09833090575">
    <tag k="local_x" v="-138.6173"/>
    <tag k="local_y" v="-25.096"/>
    <tag k="ele" v="2.0511"/>
  </node>
  <node id="46271" lat="-3.6192736451" lon="62.0968399046">
    <tag k="local_x" v="-304.1522"/>
    <tag k="local_y" v="-93.7295"/>
    <tag k="ele" v="1.7693"/>
  </node>
  <node id="46272" lat="-3.61924845587" lon="62.09683787676">
    <tag k="local_x" v="-304.3802"/>
    <tag k="local_y" v="-90.9451"/>
    <tag k="ele" v="1.7733"/>
  </node>
  <node id="46278" lat="-3.61921860693" lon="62.09743025991">
    <tag k="local_x" v="-238.5885"/>
    <tag k="local_y" v="-87.5799"/>
    <tag k="ele" v="1.7106"/>
  </node>
  <node id="46279" lat="-3.61922181426" lon="62.09742269742">
    <tag k="local_x" v="-239.4281"/>
    <tag k="local_y" v="-87.9353"/>
    <tag k="ele" v="1.7106"/>
  </node>
  <node id="46280" lat="-3.61922460931" lon="62.09741444027">
    <tag k="local_x" v="-240.3449"/>
    <tag k="local_y" v="-88.2452"/>
    <tag k="ele" v="1.7106"/>
  </node>
  <node id="46281" lat="-3.61922675108" lon="62.09740601091">
    <tag k="local_x" v="-241.2809"/>
    <tag k="local_y" v="-88.4829"/>
    <tag k="ele" v="1.7106"/>
  </node>
  <node id="46282" lat="-3.61922814421" lon="62.09739793792">
    <tag k="local_x" v="-242.1774"/>
    <tag k="local_y" v="-88.6378"/>
    <tag k="ele" v="1.7106"/>
  </node>
  <node id="46283" lat="-3.61919391238" lon="62.09741905883">
    <tag k="local_x" v="-239.8353"/>
    <tag k="local_y" v="-84.8512"/>
    <tag k="ele" v="1.7106"/>
  </node>
  <node id="46284" lat="-3.6191971145" lon="62.09741262178">
    <tag k="local_x" v="-240.5499"/>
    <tag k="local_y" v="-85.2059"/>
    <tag k="ele" v="1.7106"/>
  </node>
  <node id="46285" lat="-3.61919962577" lon="62.09740642761">
    <tag k="local_x" v="-241.2376"/>
    <tag k="local_y" v="-85.4842"/>
    <tag k="ele" v="1.7106"/>
  </node>
  <node id="46286" lat="-3.61920165289" lon="62.09740004214">
    <tag k="local_x" v="-241.9466"/>
    <tag k="local_y" v="-85.709"/>
    <tag k="ele" v="1.7106"/>
  </node>
  <node id="46287" lat="-3.6192032687" lon="62.09739302414">
    <tag k="local_x" v="-242.7259"/>
    <tag k="local_y" v="-85.8884"/>
    <tag k="ele" v="1.7106"/>
  </node>
  <node id="46292" lat="-3.6191927972" lon="62.09719926362">
    <tag k="local_x" v="-264.2477"/>
    <tag k="local_y" v="-84.7522"/>
    <tag k="ele" v="1.7708"/>
  </node>
  <node id="46293" lat="-3.61918916523" lon="62.09718742675">
    <tag k="local_x" v="-265.5628"/>
    <tag k="local_y" v="-84.352"/>
    <tag k="ele" v="1.7708"/>
  </node>
  <node id="46294" lat="-3.61918338506" lon="62.09717758538">
    <tag k="local_x" v="-266.6565"/>
    <tag k="local_y" v="-83.7141"/>
    <tag k="ele" v="1.7708"/>
  </node>
  <node id="46295" lat="-3.61917605429" lon="62.09716850544">
    <tag k="local_x" v="-267.6658"/>
    <tag k="local_y" v="-82.9047"/>
    <tag k="ele" v="1.7708"/>
  </node>
  <node id="46296" lat="-3.61916718761" lon="62.09716131234">
    <tag k="local_x" v="-268.4657"/>
    <tag k="local_y" v="-81.9253"/>
    <tag k="ele" v="1.7708"/>
  </node>
  <node id="46297" lat="-3.6191593191" lon="62.09715723886">
    <tag k="local_x" v="-268.919"/>
    <tag k="local_y" v="-81.0559"/>
    <tag k="ele" v="1.7708"/>
  </node>
  <node id="46298" lat="-3.61914643778" lon="62.09715446954">
    <tag k="local_x" v="-269.228"/>
    <tag k="local_y" v="-79.6322"/>
    <tag k="ele" v="1.7708"/>
  </node>
  <node id="46300" lat="-3.61916603711" lon="62.09720760392">
    <tag k="local_x" v="-263.3243"/>
    <tag k="local_y" v="-81.793"/>
    <tag k="ele" v="1.7708"/>
  </node>
  <node id="46301" lat="-3.61916199841" lon="62.09719881333">
    <tag k="local_x" v="-264.3011"/>
    <tag k="local_y" v="-81.3475"/>
    <tag k="ele" v="1.7708"/>
  </node>
  <node id="46303" lat="-3.61915633538" lon="62.09719123441">
    <tag k="local_x" v="-265.1435"/>
    <tag k="local_y" v="-80.7223"/>
    <tag k="ele" v="1.7708"/>
  </node>
  <node id="46304" lat="-3.61914796051" lon="62.09718556152">
    <tag k="local_x" v="-265.7745"/>
    <tag k="local_y" v="-79.7971"/>
    <tag k="ele" v="1.7708"/>
  </node>
  <node id="46305" lat="-3.61913682256" lon="62.09718120946">
    <tag k="local_x" v="-266.2591"/>
    <tag k="local_y" v="-78.5663"/>
    <tag k="ele" v="1.7708"/>
  </node>
  <node id="46306" lat="-3.61912224767" lon="62.09717825365">
    <tag k="local_x" v="-266.589"/>
    <tag k="local_y" v="-76.9554"/>
    <tag k="ele" v="1.7708"/>
  </node>
  <node id="46332" lat="-3.61924329348" lon="62.0971999159">
    <tag k="local_x" v="-264.1697"/>
    <tag k="local_y" v="-90.3344"/>
    <tag k="ele" v="1.7761"/>
  </node>
  <node id="46333" lat="-3.6192415621" lon="62.09719085472">
    <tag k="local_x" v="-265.1763"/>
    <tag k="local_y" v="-90.144"/>
    <tag k="ele" v="1.7761"/>
  </node>
  <node id="46334" lat="-3.6192379549" lon="62.09718117506">
    <tag k="local_x" v="-266.2518"/>
    <tag k="local_y" v="-89.7463"/>
    <tag k="ele" v="1.7761"/>
  </node>
  <node id="46335" lat="-3.61923273107" lon="62.09717225689">
    <tag k="local_x" v="-267.2429"/>
    <tag k="local_y" v="-89.1698"/>
    <tag k="ele" v="1.7761"/>
  </node>
  <node id="46336" lat="-3.61922604826" lon="62.09716436476">
    <tag k="local_x" v="-268.1202"/>
    <tag k="local_y" v="-88.4319"/>
    <tag k="ele" v="1.7761"/>
  </node>
  <node id="46337" lat="-3.61921810392" lon="62.09715773347">
    <tag k="local_x" v="-268.8576"/>
    <tag k="local_y" v="-87.5544"/>
    <tag k="ele" v="1.7761"/>
  </node>
  <node id="46338" lat="-3.61920913433" lon="62.09715255905">
    <tag k="local_x" v="-269.4333"/>
    <tag k="local_y" v="-86.5634"/>
    <tag k="ele" v="1.7761"/>
  </node>
  <node id="46339" lat="-3.61920045796" lon="62.09714933">
    <tag k="local_x" v="-269.7929"/>
    <tag k="local_y" v="-85.6046"/>
    <tag k="ele" v="1.7761"/>
  </node>
  <node id="46340" lat="-3.61921800959" lon="62.0972045444">
    <tag k="local_x" v="-263.6584"/>
    <tag k="local_y" v="-87.5388"/>
    <tag k="ele" v="1.7761"/>
  </node>
  <node id="46341" lat="-3.61921678873" lon="62.09719763005">
    <tag k="local_x" v="-264.4265"/>
    <tag k="local_y" v="-87.4046"/>
    <tag k="ele" v="1.7761"/>
  </node>
  <node id="46342" lat="-3.61921473339" lon="62.09719207694">
    <tag k="local_x" v="-265.0435"/>
    <tag k="local_y" v="-87.178"/>
    <tag k="ele" v="1.7761"/>
  </node>
  <node id="46343" lat="-3.61921174858" lon="62.09718695602">
    <tag k="local_x" v="-265.6126"/>
    <tag k="local_y" v="-86.8486"/>
    <tag k="ele" v="1.7761"/>
  </node>
  <node id="46344" lat="-3.61920792399" lon="62.09718242026">
    <tag k="local_x" v="-266.1168"/>
    <tag k="local_y" v="-86.4263"/>
    <tag k="ele" v="1.7761"/>
  </node>
  <node id="46345" lat="-3.61920337284" lon="62.09717860459">
    <tag k="local_x" v="-266.5411"/>
    <tag k="local_y" v="-85.9236"/>
    <tag k="ele" v="1.7761"/>
  </node>
  <node id="46346" lat="-3.61919823002" lon="62.09717562233">
    <tag k="local_x" v="-266.8729"/>
    <tag k="local_y" v="-85.3554"/>
    <tag k="ele" v="1.7761"/>
  </node>
  <node id="46351" lat="-3.619191117" lon="62.0971481895">
    <tag k="local_x" v="-269.9206"/>
    <tag k="local_y" v="-84.5721"/>
    <tag k="ele" v="1.7674"/>
  </node>
  <node id="46352" lat="-3.61918823254" lon="62.09717288257">
    <tag k="local_x" v="-267.1783"/>
    <tag k="local_y" v="-84.2505"/>
    <tag k="ele" v="1.7674"/>
  </node>
  <node id="46375" lat="-3.61897006008" lon="62.09717770745">
    <tag k="local_x" v="-266.6664"/>
    <tag k="local_y" v="-60.1314"/>
    <tag k="ele" v="1.7736"/>
  </node>
  <node id="46378" lat="-3.61896482772" lon="62.09715120373">
    <tag k="local_x" v="-269.6107"/>
    <tag k="local_y" v="-59.5559"/>
    <tag k="ele" v="1.7736"/>
  </node>
  <node id="46382" lat="-3.61903772649" lon="62.09714510553">
    <tag k="local_x" v="-270.28"/>
    <tag k="local_y" v="-67.6154"/>
    <tag k="ele" v="1.7465"/>
  </node>
  <node id="46384" lat="-3.61901886665" lon="62.09714491442">
    <tag k="local_x" v="-270.3033"/>
    <tag k="local_y" v="-65.5305"/>
    <tag k="ele" v="1.7465"/>
  </node>
  <node id="46386" lat="-3.61900001796" lon="62.09714592797">
    <tag k="local_x" v="-270.1928"/>
    <tag k="local_y" v="-63.4467"/>
    <tag k="ele" v="1.7465"/>
  </node>
  <node id="46388" lat="-3.61898147529" lon="62.09714811166">
    <tag k="local_x" v="-269.9523"/>
    <tag k="local_y" v="-61.3966"/>
    <tag k="ele" v="1.7465"/>
  </node>
  <node id="46390" lat="-3.61903693803" lon="62.097170786">
    <tag k="local_x" v="-267.4278"/>
    <tag k="local_y" v="-67.5254"/>
    <tag k="ele" v="1.7465"/>
  </node>
  <node id="46392" lat="-3.61901974849" lon="62.09717103171">
    <tag k="local_x" v="-267.4024"/>
    <tag k="local_y" v="-65.6251"/>
    <tag k="ele" v="1.7465"/>
  </node>
  <node id="46394" lat="-3.61900262336" lon="62.09717237307">
    <tag k="local_x" v="-267.2553"/>
    <tag k="local_y" v="-63.7318"/>
    <tag k="ele" v="1.7465"/>
  </node>
  <node id="46396" lat="-3.61898541975" lon="62.09717483545">
    <tag k="local_x" v="-266.9837"/>
    <tag k="local_y" v="-61.8297"/>
    <tag k="ele" v="1.7465"/>
  </node>
  <node id="46401" lat="-3.61894972464" lon="62.09715375135">
    <tag k="local_x" v="-269.3294"/>
    <tag k="local_y" v="-57.886"/>
    <tag k="ele" v="1.7736"/>
  </node>
  <node id="46403" lat="-3.61893447953" lon="62.09715539067">
    <tag k="local_x" v="-269.149"/>
    <tag k="local_y" v="-56.2005"/>
    <tag k="ele" v="1.7736"/>
  </node>
  <node id="46405" lat="-3.61891914021" lon="62.09715599108">
    <tag k="local_x" v="-269.084"/>
    <tag k="local_y" v="-54.5047"/>
    <tag k="ele" v="1.7736"/>
  </node>
  <node id="46408" lat="-3.61895309361" lon="62.09718030465">
    <tag k="local_x" v="-266.3798"/>
    <tag k="local_y" v="-58.2555"/>
    <tag k="ele" v="1.7736"/>
  </node>
  <node id="46410" lat="-3.61893599106" lon="62.09718161808">
    <tag k="local_x" v="-266.2358"/>
    <tag k="local_y" v="-56.3647"/>
    <tag k="ele" v="1.7736"/>
  </node>
  <node id="46412" lat="-3.61891885479" lon="62.09718176649">
    <tag k="local_x" v="-266.2212"/>
    <tag k="local_y" v="-54.4703"/>
    <tag k="ele" v="1.7736"/>
  </node>
  <node id="46421" lat="-3.61927770935" lon="62.09678376845">
    <tag k="local_x" v="-310.3867"/>
    <tag k="local_y" v="-94.185"/>
    <tag k="ele" v="1.7628"/>
  </node>
  <node id="46422" lat="-3.61925249662" lon="62.09678176224">
    <tag k="local_x" v="-310.6123"/>
    <tag k="local_y" v="-91.398"/>
    <tag k="ele" v="1.7742"/>
  </node>
  <node id="46431" lat="-3.61929122778" lon="62.09659505494">
    <tag k="local_x" v="-331.3453"/>
    <tag k="local_y" v="-95.7003"/>
    <tag k="ele" v="1.7694"/>
  </node>
  <node id="46432" lat="-3.61928977987" lon="62.09658543167">
    <tag k="local_x" v="-332.4143"/>
    <tag k="local_y" v="-95.5413"/>
    <tag k="ele" v="1.7694"/>
  </node>
  <node id="46433" lat="-3.61928625521" lon="62.09657508207">
    <tag k="local_x" v="-333.5642"/>
    <tag k="local_y" v="-95.1528"/>
    <tag k="ele" v="1.7694"/>
  </node>
  <node id="46434" lat="-3.6192809004" lon="62.09656544826">
    <tag k="local_x" v="-334.6348"/>
    <tag k="local_y" v="-94.5619"/>
    <tag k="ele" v="1.7694"/>
  </node>
  <node id="46435" lat="-3.61927386048" lon="62.09655684972">
    <tag k="local_x" v="-335.5906"/>
    <tag k="local_y" v="-93.7846"/>
    <tag k="ele" v="1.7694"/>
  </node>
  <node id="46436" lat="-3.61926533656" lon="62.09654957796">
    <tag k="local_x" v="-336.3992"/>
    <tag k="local_y" v="-92.8431"/>
    <tag k="ele" v="1.7694"/>
  </node>
  <node id="46437" lat="-3.61925557946" lon="62.09654388663">
    <tag k="local_x" v="-337.0324"/>
    <tag k="local_y" v="-91.7651"/>
    <tag k="ele" v="1.7694"/>
  </node>
  <node id="46438" lat="-3.61924509202" lon="62.09654056574">
    <tag k="local_x" v="-337.4024"/>
    <tag k="local_y" v="-90.6061"/>
    <tag k="ele" v="1.7694"/>
  </node>
  <node id="46439" lat="-3.61926386058" lon="62.09659601211">
    <tag k="local_x" v="-331.242"/>
    <tag k="local_y" v="-92.6748"/>
    <tag k="ele" v="1.7694"/>
  </node>
  <node id="46440" lat="-3.61925820824" lon="62.09658736178">
    <tag k="local_x" v="-332.2034"/>
    <tag k="local_y" v="-92.0509"/>
    <tag k="ele" v="1.7694"/>
  </node>
  <node id="46441" lat="-3.61924916092" lon="62.09657953502">
    <tag k="local_x" v="-333.0737"/>
    <tag k="local_y" v="-91.0516"/>
    <tag k="ele" v="1.7694"/>
  </node>
  <node id="46444" lat="-3.61923808414" lon="62.09657485519">
    <tag k="local_x" v="-333.5947"/>
    <tag k="local_y" v="-89.8276"/>
    <tag k="ele" v="1.7694"/>
  </node>
  <node id="46445" lat="-3.61922601834" lon="62.09657257486">
    <tag k="local_x" v="-333.8493"/>
    <tag k="local_y" v="-88.494"/>
    <tag k="ele" v="1.7694"/>
  </node>
  <node id="46446" lat="-3.61921280906" lon="62.09657110418">
    <tag k="local_x" v="-334.0141"/>
    <tag k="local_y" v="-87.0339"/>
    <tag k="ele" v="1.7694"/>
  </node>
  <node id="46495" lat="-3.61853142146" lon="62.09650626733">
    <tag k="local_x" v="-341.2904"/>
    <tag k="local_y" v="-11.7149"/>
    <tag k="ele" v="1.7616"/>
  </node>
  <node id="46499" lat="-3.61852985013" lon="62.09653152629">
    <tag k="local_x" v="-338.4851"/>
    <tag k="local_y" v="-11.5384"/>
    <tag k="ele" v="1.7688"/>
  </node>
  <node id="46506" lat="-3.61844073138" lon="62.09649881047">
    <tag k="local_x" v="-342.1286"/>
    <tag k="local_y" v="-1.6901"/>
    <tag k="ele" v="1.7565"/>
  </node>
  <node id="46507" lat="-3.61843863714" lon="62.09652400242">
    <tag k="local_x" v="-339.3308"/>
    <tag k="local_y" v="-1.4558"/>
    <tag k="ele" v="1.7689"/>
  </node>
  <node id="46524" lat="-3.61772736742" lon="62.09591453664">
    <tag k="local_x" v="-407.1015"/>
    <tag k="local_y" v="77.1064"/>
    <tag k="ele" v="1.8452"/>
  </node>
  <node id="46528" lat="-3.61770219808" lon="62.0959125034">
    <tag k="local_x" v="-407.3301"/>
    <tag k="local_y" v="79.8886"/>
    <tag k="ele" v="1.8498"/>
  </node>
  <node id="46532" lat="-3.6177034965" lon="62.09620766138">
    <tag k="local_x" v="-374.5472"/>
    <tag k="local_y" v="79.7777"/>
    <tag k="ele" v="1.859"/>
  </node>
  <node id="46533" lat="-3.61767828103" lon="62.09620562548">
    <tag k="local_x" v="-374.7761"/>
    <tag k="local_y" v="82.565"/>
    <tag k="ele" v="1.8637"/>
  </node>
  <node id="46546" lat="-3.61768139977" lon="62.09631572381">
    <tag k="local_x" v="-362.5473"/>
    <tag k="local_y" v="82.2324"/>
    <tag k="ele" v="1.7455"/>
  </node>
  <node id="46547" lat="-3.61765250417" lon="62.09630797525">
    <tag k="local_x" v="-363.4111"/>
    <tag k="local_y" v="85.4259"/>
    <tag k="ele" v="1.7281"/>
  </node>
  <node id="46553" lat="-3.61769556068" lon="62.09626382738">
    <tag k="local_x" v="-368.3098"/>
    <tag k="local_y" v="80.6612"/>
    <tag k="ele" v="1.7076"/>
  </node>
  <node id="46554" lat="-3.61770166996" lon="62.09623732597">
    <tag k="local_x" v="-371.2526"/>
    <tag k="local_y" v="79.9829"/>
    <tag k="ele" v="1.7076"/>
  </node>
  <node id="46555" lat="-3.61766992618" lon="62.09625705787">
    <tag k="local_x" v="-369.0645"/>
    <tag k="local_y" v="83.4943"/>
    <tag k="ele" v="1.7076"/>
  </node>
  <node id="46556" lat="-3.61767547128" lon="62.09623535946">
    <tag k="local_x" v="-371.4739"/>
    <tag k="local_y" v="82.8789"/>
    <tag k="ele" v="1.7076"/>
  </node>
  <node id="46575" lat="-3.61785683801" lon="62.09508256676">
    <tag k="local_x" v="-499.4929"/>
    <tag k="local_y" v="62.7016"/>
    <tag k="ele" v="1.5994"/>
  </node>
  <node id="46578" lat="-3.61788304366" lon="62.09508246243">
    <tag k="local_x" v="-499.5016"/>
    <tag k="local_y" v="59.8046"/>
    <tag k="ele" v="1.5994"/>
  </node>
  <node id="46581" lat="-3.61790920462" lon="62.09508289836">
    <tag k="local_x" v="-499.4503"/>
    <tag k="local_y" v="56.9126"/>
    <tag k="ele" v="1.5994"/>
  </node>
  <node id="46584" lat="-3.61793535074" lon="62.0950838727">
    <tag k="local_x" v="-499.3392"/>
    <tag k="local_y" v="54.0223"/>
    <tag k="ele" v="1.5994"/>
  </node>
  <node id="46588" lat="-3.61785661068" lon="62.09505790293">
    <tag k="local_x" v="-502.2323"/>
    <tag k="local_y" v="62.724"/>
    <tag k="ele" v="1.5994"/>
  </node>
  <node id="46591" lat="-3.61788324248" lon="62.09505788642">
    <tag k="local_x" v="-502.2312"/>
    <tag k="local_y" v="59.7799"/>
    <tag k="ele" v="1.5994"/>
  </node>
  <node id="46594" lat="-3.61790991191" lon="62.09505841907">
    <tag k="local_x" v="-502.1691"/>
    <tag k="local_y" v="56.8317"/>
    <tag k="ele" v="1.5994"/>
  </node>
  <node id="46597" lat="-3.6179365629" lon="62.09505950096">
    <tag k="local_x" v="-502.046"/>
    <tag k="local_y" v="53.8856"/>
    <tag k="ele" v="1.5994"/>
  </node>
  <node id="46655" lat="-3.61961911015" lon="62.09442712493">
    <tag k="local_x" v="-572.0975"/>
    <tag k="local_y" v="-132.1871"/>
    <tag k="ele" v="1.2695"/>
  </node>
  <node id="46656" lat="-3.61962013294" lon="62.09439886563">
    <tag k="local_x" v="-575.2361"/>
    <tag k="local_y" v="-132.3033"/>
    <tag k="ele" v="1.2695"/>
  </node>
  <node id="46703" lat="-3.6175380308" lon="62.09798740554">
    <tag k="local_x" v="-176.8919"/>
    <tag k="local_y" v="98.2662"/>
    <tag k="ele" v="1.7471"/>
  </node>
  <node id="46704" lat="-3.6175096103" lon="62.0979925377">
    <tag k="local_x" v="-176.325"/>
    <tag k="local_y" v="101.4086"/>
    <tag k="ele" v="1.7471"/>
  </node>
  <node id="46733" lat="-3.61751029851" lon="62.09829059191">
    <tag k="local_x" v="-143.2205"/>
    <tag k="local_y" v="101.3654"/>
    <tag k="ele" v="1.9962"/>
  </node>
  <node id="46734" lat="-3.61751449699" lon="62.09828273945">
    <tag k="local_x" v="-144.0922"/>
    <tag k="local_y" v="100.9004"/>
    <tag k="ele" v="1.9962"/>
  </node>
  <node id="46735" lat="-3.61751841894" lon="62.09827425702">
    <tag k="local_x" v="-145.0339"/>
    <tag k="local_y" v="100.4659"/>
    <tag k="ele" v="1.9962"/>
  </node>
  <node id="46736" lat="-3.61752180699" lon="62.09826557524">
    <tag k="local_x" v="-145.9978"/>
    <tag k="local_y" v="100.0904"/>
    <tag k="ele" v="1.9962"/>
  </node>
  <node id="46737" lat="-3.61752465212" lon="62.09825672563">
    <tag k="local_x" v="-146.9804"/>
    <tag k="local_y" v="99.7749"/>
    <tag k="ele" v="1.9962"/>
  </node>
  <node id="46738" lat="-3.61752694532" lon="62.09824774332">
    <tag k="local_x" v="-147.9778"/>
    <tag k="local_y" v="99.5204"/>
    <tag k="ele" v="1.9962"/>
  </node>
  <node id="46741" lat="-3.61748368908" lon="62.09827497201">
    <tag k="local_x" v="-144.9583"/>
    <tag k="local_y" v="104.3053"/>
    <tag k="ele" v="1.9962"/>
  </node>
  <node id="46742" lat="-3.61748809679" lon="62.09826829879">
    <tag k="local_x" v="-145.699"/>
    <tag k="local_y" v="103.8173"/>
    <tag k="ele" v="1.9962"/>
  </node>
  <node id="46743" lat="-3.61749188047" lon="62.09826176304">
    <tag k="local_x" v="-146.4245"/>
    <tag k="local_y" v="103.3983"/>
    <tag k="ele" v="1.9962"/>
  </node>
  <node id="46744" lat="-3.61749526952" lon="62.09825499">
    <tag k="local_x" v="-147.1764"/>
    <tag k="local_y" v="103.0229"/>
    <tag k="ele" v="1.9962"/>
  </node>
  <node id="46745" lat="-3.61749824677" lon="62.09824800307">
    <tag k="local_x" v="-147.9521"/>
    <tag k="local_y" v="102.693"/>
    <tag k="ele" v="1.9962"/>
  </node>
  <node id="46746" lat="-3.61750079867" lon="62.0982408266">
    <tag k="local_x" v="-148.7489"/>
    <tag k="local_y" v="102.4101"/>
    <tag k="ele" v="1.9962"/>
  </node>
  <node id="46755" lat="-3.61747986376" lon="62.09865418515">
    <tag k="local_x" v="-102.8401"/>
    <tag k="local_y" v="104.77"/>
    <tag k="ele" v="1.9906"/>
  </node>
  <node id="46756" lat="-3.61745534502" lon="62.09867049842">
    <tag k="local_x" v="-101.0309"/>
    <tag k="local_y" v="107.4823"/>
    <tag k="ele" v="1.9906"/>
  </node>
  <node id="46775" lat="-3.61745811999" lon="62.09881987743">
    <tag k="local_x" v="-84.4393"/>
    <tag k="local_y" v="107.192"/>
    <tag k="ele" v="1.9846"/>
  </node>
  <node id="46776" lat="-3.61743620307" lon="62.09880106025">
    <tag k="local_x" v="-86.5317"/>
    <tag k="local_y" v="109.6128"/>
    <tag k="ele" v="1.9852"/>
  </node>
  <node id="46791" lat="-3.61748573733" lon="62.09874409146">
    <tag k="local_x" v="-92.8537"/>
    <tag k="local_y" v="104.1306"/>
    <tag k="ele" v="1.9883"/>
  </node>
  <node id="46792" lat="-3.61746064123" lon="62.09874203465">
    <tag k="local_x" v="-93.0849"/>
    <tag k="local_y" v="106.9047"/>
    <tag k="ele" v="1.9891"/>
  </node>
  <node id="46922" lat="-3.61773008752" lon="62.09573283078">
    <tag k="local_x" v="-427.283"/>
    <tag k="local_y" v="76.7856"/>
    <tag k="ele" v="1.7282"/>
  </node>
  <node id="46923" lat="-3.61770458344" lon="62.09573075376">
    <tag k="local_x" v="-427.5165"/>
    <tag k="local_y" v="79.6048"/>
    <tag k="ele" v="1.7293"/>
  </node>
  <node id="46929" lat="-3.61773093398" lon="62.0957877564">
    <tag k="local_x" v="-421.1824"/>
    <tag k="local_y" v="76.6981"/>
    <tag k="ele" v="1.7282"/>
  </node>
  <node id="46930" lat="-3.61772919442" lon="62.09578046983">
    <tag k="local_x" v="-421.9919"/>
    <tag k="local_y" v="76.8896"/>
    <tag k="ele" v="1.7282"/>
  </node>
  <node id="46931" lat="-3.61772811559" lon="62.09577358056">
    <tag k="local_x" v="-422.7572"/>
    <tag k="local_y" v="77.0081"/>
    <tag k="ele" v="1.7282"/>
  </node>
  <node id="46932" lat="-3.61772758255" lon="62.09576610012">
    <tag k="local_x" v="-423.5881"/>
    <tag k="local_y" v="77.0662"/>
    <tag k="ele" v="1.7282"/>
  </node>
  <node id="46933" lat="-3.61770432375" lon="62.0957930579">
    <tag k="local_x" v="-420.5965"/>
    <tag k="local_y" v="79.6404"/>
    <tag k="ele" v="1.7282"/>
  </node>
  <node id="46934" lat="-3.61770290327" lon="62.09578462938">
    <tag k="local_x" v="-421.5328"/>
    <tag k="local_y" v="79.7965"/>
    <tag k="ele" v="1.7282"/>
  </node>
  <node id="46935" lat="-3.61770208915" lon="62.09577560242">
    <tag k="local_x" v="-422.5355"/>
    <tag k="local_y" v="79.8855"/>
    <tag k="ele" v="1.7282"/>
  </node>
  <node id="46936" lat="-3.61770201096" lon="62.09576706813">
    <tag k="local_x" v="-423.4834"/>
    <tag k="local_y" v="79.8932"/>
    <tag k="ele" v="1.7282"/>
  </node>
  <node id="46951" lat="-3.61773072544" lon="62.09587315345">
    <tag k="local_x" v="-411.6975"/>
    <tag k="local_y" v="76.7306"/>
    <tag k="ele" v="1.847"/>
  </node>
  <node id="46952" lat="-3.61770554797" lon="62.09587113282">
    <tag k="local_x" v="-411.9247"/>
    <tag k="local_y" v="79.5137"/>
    <tag k="ele" v="1.8516"/>
  </node>
  <node id="46978" lat="-3.61953906002" lon="62.0942899664">
    <tag k="local_x" v="-587.3403"/>
    <tag k="local_y" v="-123.3529"/>
    <tag k="ele" v="2.4035"/>
  </node>
  <node id="46980" lat="-3.61953668443" lon="62.09432138906">
    <tag k="local_x" v="-583.8505"/>
    <tag k="local_y" v="-123.0868"/>
    <tag k="ele" v="2.4035"/>
  </node>
  <node id="47026" lat="-3.61920601274" lon="62.09430441555">
    <tag k="local_x" v="-585.7722"/>
    <tag k="local_y" v="-86.5335"/>
    <tag k="ele" v="1.246"/>
  </node>
  <node id="47040" lat="-3.61934980086" lon="62.09427579297">
    <tag k="local_x" v="-588.9354"/>
    <tag k="local_y" v="-102.4322"/>
    <tag k="ele" v="2.2172"/>
  </node>
  <node id="47041" lat="-3.61934742528" lon="62.09430721562">
    <tag k="local_x" v="-585.4456"/>
    <tag k="local_y" v="-102.1661"/>
    <tag k="ele" v="2.2172"/>
  </node>
  <node id="47065" lat="-3.61754130399" lon="62.09806213189">
    <tag k="local_x" v="-168.5918"/>
    <tag k="local_y" v="97.9126"/>
    <tag k="ele" v="1.9382"/>
  </node>
  <node id="47066" lat="-3.61754186019" lon="62.09805295682">
    <tag k="local_x" v="-169.6108"/>
    <tag k="local_y" v="97.8501"/>
    <tag k="ele" v="1.9382"/>
  </node>
  <node id="47067" lat="-3.61754215568" lon="62.09804358213">
    <tag k="local_x" v="-170.652"/>
    <tag k="local_y" v="97.8164"/>
    <tag k="ele" v="1.9382"/>
  </node>
  <node id="47068" lat="-3.61754218159" lon="62.098034196">
    <tag k="local_x" v="-171.6945"/>
    <tag k="local_y" v="97.8125"/>
    <tag k="ele" v="1.9382"/>
  </node>
  <node id="47069" lat="-3.61754193794" lon="62.09802480563">
    <tag k="local_x" v="-172.7375"/>
    <tag k="local_y" v="97.8384"/>
    <tag k="ele" v="1.9382"/>
  </node>
  <node id="47070" lat="-3.61754142381" lon="62.09801541914">
    <tag k="local_x" v="-173.7801"/>
    <tag k="local_y" v="97.8942"/>
    <tag k="ele" v="1.9382"/>
  </node>
  <node id="47071" lat="-3.61754064013" lon="62.09800604552">
    <tag k="local_x" v="-174.8213"/>
    <tag k="local_y" v="97.9798"/>
    <tag k="ele" v="1.9382"/>
  </node>
  <node id="47072" lat="-3.61753961515" lon="62.09799689362">
    <tag k="local_x" v="-175.8379"/>
    <tag k="local_y" v="98.0921"/>
    <tag k="ele" v="1.9382"/>
  </node>
  <node id="47073" lat="-3.61751574682" lon="62.0980612451">
    <tag k="local_x" v="-168.6931"/>
    <tag k="local_y" v="100.7378"/>
    <tag k="ele" v="1.9382"/>
  </node>
  <node id="47074" lat="-3.61751582033" lon="62.09805242525">
    <tag k="local_x" v="-169.6727"/>
    <tag k="local_y" v="100.7287"/>
    <tag k="ele" v="1.9382"/>
  </node>
  <node id="47075" lat="-3.61751563804" lon="62.09804379471">
    <tag k="local_x" v="-170.6313"/>
    <tag k="local_y" v="100.7479"/>
    <tag k="ele" v="1.9382"/>
  </node>
  <node id="47076" lat="-3.6175152079" lon="62.09803517973">
    <tag k="local_x" v="-171.5882"/>
    <tag k="local_y" v="100.7945"/>
    <tag k="ele" v="1.9382"/>
  </node>
  <node id="47077" lat="-3.61751453175" lon="62.0980265866">
    <tag k="local_x" v="-172.5427"/>
    <tag k="local_y" v="100.8683"/>
    <tag k="ele" v="1.9382"/>
  </node>
  <node id="47078" lat="-3.61751360867" lon="62.09801802343">
    <tag k="local_x" v="-173.4939"/>
    <tag k="local_y" v="100.9694"/>
    <tag k="ele" v="1.9382"/>
  </node>
  <node id="47079" lat="-3.61751244138" lon="62.09800949741">
    <tag k="local_x" v="-174.441"/>
    <tag k="local_y" v="101.0975"/>
    <tag k="ele" v="1.9382"/>
  </node>
  <node id="47080" lat="-3.61751100076" lon="62.0980008105">
    <tag k="local_x" v="-175.406"/>
    <tag k="local_y" v="101.2558"/>
    <tag k="ele" v="1.9382"/>
  </node>
  <node id="47084" lat="-3.61748948027" lon="62.09868944128">
    <tag k="local_x" v="-98.9232"/>
    <tag k="local_y" v="103.7108"/>
    <tag k="ele" v="2.0023"/>
  </node>
  <node id="47085" lat="-3.617489176" lon="62.09868094502">
    <tag k="local_x" v="-99.8669"/>
    <tag k="local_y" v="103.7435"/>
    <tag k="ele" v="2.0023"/>
  </node>
  <node id="47086" lat="-3.6174875412" lon="62.09867165867">
    <tag k="local_x" v="-100.8985"/>
    <tag k="local_y" v="103.9232"/>
    <tag k="ele" v="2.0023"/>
  </node>
  <node id="47087" lat="-3.61748504543" lon="62.09866347159">
    <tag k="local_x" v="-101.8081"/>
    <tag k="local_y" v="104.1982"/>
    <tag k="ele" v="2.0023"/>
  </node>
  <node id="47088" lat="-3.61746450673" lon="62.09869236507">
    <tag k="local_x" v="-98.6012"/>
    <tag k="local_y" v="106.4719"/>
    <tag k="ele" v="2.0023"/>
  </node>
  <node id="47089" lat="-3.6174630275" lon="62.0986857733">
    <tag k="local_x" v="-99.3335"/>
    <tag k="local_y" v="106.6347"/>
    <tag k="ele" v="2.0023"/>
  </node>
  <node id="47090" lat="-3.61746088817" lon="62.09868033823">
    <tag k="local_x" v="-99.9374"/>
    <tag k="local_y" v="106.8706"/>
    <tag k="ele" v="2.0023"/>
  </node>
  <node id="47091" lat="-3.61745768548" lon="62.09867443062">
    <tag k="local_x" v="-100.5939"/>
    <tag k="local_y" v="107.224"/>
    <tag k="ele" v="2.0023"/>
  </node>
  <node id="47095" lat="-3.61746437365" lon="62.09881199413">
    <tag k="local_x" v="-85.3142"/>
    <tag k="local_y" v="106.4998"/>
    <tag k="ele" v="1.9849"/>
  </node>
  <node id="47096" lat="-3.61746909619" lon="62.09880444186">
    <tag k="local_x" v="-86.1525"/>
    <tag k="local_y" v="105.9769"/>
    <tag k="ele" v="1.9849"/>
  </node>
  <node id="47097" lat="-3.61747348593" lon="62.09879607872">
    <tag k="local_x" v="-87.0809"/>
    <tag k="local_y" v="105.4907"/>
    <tag k="ele" v="1.9849"/>
  </node>
  <node id="47098" lat="-3.61747719152" lon="62.09878742004">
    <tag k="local_x" v="-88.0422"/>
    <tag k="local_y" v="105.0801"/>
    <tag k="ele" v="1.9849"/>
  </node>
  <node id="47099" lat="-3.617480194" lon="62.09877852165">
    <tag k="local_x" v="-89.0302"/>
    <tag k="local_y" v="104.7472"/>
    <tag k="ele" v="1.9849"/>
  </node>
  <node id="47100" lat="-3.61748247807" lon="62.09876943941">
    <tag k="local_x" v="-90.0387"/>
    <tag k="local_y" v="104.4937"/>
    <tag k="ele" v="1.9849"/>
  </node>
  <node id="47101" lat="-3.61748394565" lon="62.09876071451">
    <tag k="local_x" v="-91.0076"/>
    <tag k="local_y" v="104.3305"/>
    <tag k="ele" v="1.9849"/>
  </node>
  <node id="47102" lat="-3.61744037166" lon="62.09879589355">
    <tag k="local_x" v="-87.1051"/>
    <tag k="local_y" v="109.1514"/>
    <tag k="ele" v="1.9849"/>
  </node>
  <node id="47103" lat="-3.61744501044" lon="62.09878962076">
    <tag k="local_x" v="-87.8013"/>
    <tag k="local_y" v="108.6379"/>
    <tag k="ele" v="1.9849"/>
  </node>
  <node id="47104" lat="-3.61744886326" lon="62.09878347119">
    <tag k="local_x" v="-88.4839"/>
    <tag k="local_y" v="108.2113"/>
    <tag k="ele" v="1.9849"/>
  </node>
  <node id="47105" lat="-3.61745222821" lon="62.09877701689">
    <tag k="local_x" v="-89.2004"/>
    <tag k="local_y" v="107.8386"/>
    <tag k="ele" v="1.9849"/>
  </node>
  <node id="47106" lat="-3.61745508271" lon="62.09877029659">
    <tag k="local_x" v="-89.9465"/>
    <tag k="local_y" v="107.5223"/>
    <tag k="ele" v="1.9849"/>
  </node>
  <node id="47107" lat="-3.61745740508" lon="62.09876334993">
    <tag k="local_x" v="-90.7178"/>
    <tag k="local_y" v="107.2648"/>
    <tag k="ele" v="1.9849"/>
  </node>
  <node id="47108" lat="-3.61745926636" lon="62.09875573567">
    <tag k="local_x" v="-91.5633"/>
    <tag k="local_y" v="107.0582"/>
    <tag k="ele" v="1.9849"/>
  </node>
  <node id="47115" lat="-3.61861530521" lon="62.09890561582">
    <tag k="local_x" v="-74.7895"/>
    <tag k="local_y" v="-20.7232"/>
    <tag k="ele" v="1.9878"/>
  </node>
  <node id="47116" lat="-3.61861999041" lon="62.09889782139">
    <tag k="local_x" v="-75.6547"/>
    <tag k="local_y" v="-21.242"/>
    <tag k="ele" v="1.9878"/>
  </node>
  <node id="47117" lat="-3.6186243719" lon="62.0988893421">
    <tag k="local_x" v="-76.596"/>
    <tag k="local_y" v="-21.7273"/>
    <tag k="ele" v="1.9878"/>
  </node>
  <node id="47118" lat="-3.6186281742" lon="62.09888060677">
    <tag k="local_x" v="-77.5658"/>
    <tag k="local_y" v="-22.1486"/>
    <tag k="ele" v="1.9878"/>
  </node>
  <node id="47119" lat="-3.61863138378" lon="62.09887165416">
    <tag k="local_x" v="-78.5598"/>
    <tag k="local_y" v="-22.5044"/>
    <tag k="ele" v="1.9878"/>
  </node>
  <node id="47120" lat="-3.61863398801" lon="62.09886252387">
    <tag k="local_x" v="-79.5736"/>
    <tag k="local_y" v="-22.7933"/>
    <tag k="ele" v="1.9878"/>
  </node>
  <node id="47121" lat="-3.61863597699" lon="62.09885325643">
    <tag k="local_x" v="-80.6027"/>
    <tag k="local_y" v="-23.0142"/>
    <tag k="ele" v="1.9878"/>
  </node>
  <node id="47122" lat="-3.61863728152" lon="62.09884430389">
    <tag k="local_x" v="-81.5969"/>
    <tag k="local_y" v="-23.1594"/>
    <tag k="ele" v="1.9878"/>
  </node>
  <node id="47123" lat="-3.61859133226" lon="62.09889051458">
    <tag k="local_x" v="-76.4694"/>
    <tag k="local_y" v="-18.0747"/>
    <tag k="ele" v="1.9878"/>
  </node>
  <node id="47124" lat="-3.61859591083" lon="62.09888374035">
    <tag k="local_x" v="-77.2213"/>
    <tag k="local_y" v="-18.5816"/>
    <tag k="ele" v="1.9878"/>
  </node>
  <node id="47125" lat="-3.61859980656" lon="62.09887707303">
    <tag k="local_x" v="-77.9614"/>
    <tag k="local_y" v="-19.013"/>
    <tag k="ele" v="1.9878"/>
  </node>
  <node id="47126" lat="-3.61860325787" lon="62.09887015046">
    <tag k="local_x" v="-78.7299"/>
    <tag k="local_y" v="-19.3953"/>
    <tag k="ele" v="1.9878"/>
  </node>
  <node id="47127" lat="-3.61860624673" lon="62.09886300325">
    <tag k="local_x" v="-79.5234"/>
    <tag k="local_y" v="-19.7265"/>
    <tag k="ele" v="1.9878"/>
  </node>
  <node id="47128" lat="-3.61860875957" lon="62.09885566024">
    <tag k="local_x" v="-80.3387"/>
    <tag k="local_y" v="-20.0051"/>
    <tag k="ele" v="1.9878"/>
  </node>
  <node id="47129" lat="-3.61861078287" lon="62.09884815475">
    <tag k="local_x" v="-81.1721"/>
    <tag k="local_y" v="-20.2296"/>
    <tag k="ele" v="1.9878"/>
  </node>
  <node id="47130" lat="-3.61861236872" lon="62.09884010679">
    <tag k="local_x" v="-82.0658"/>
    <tag k="local_y" v="-20.4058"/>
    <tag k="ele" v="1.9878"/>
  </node>
  <node id="47134" lat="-3.61864081777" lon="62.09878921628">
    <tag k="local_x" v="-87.715"/>
    <tag k="local_y" v="-23.5564"/>
    <tag k="ele" v="1.9902"/>
  </node>
  <node id="47135" lat="-3.61864042713" lon="62.09878029603">
    <tag k="local_x" v="-88.7058"/>
    <tag k="local_y" v="-23.5142"/>
    <tag k="ele" v="1.9902"/>
  </node>
  <node id="47136" lat="-3.618638935" lon="62.09877074753">
    <tag k="local_x" v="-89.7665"/>
    <tag k="local_y" v="-23.3503"/>
    <tag k="ele" v="1.9902"/>
  </node>
  <node id="47137" lat="-3.61863664952" lon="62.09876208575">
    <tag k="local_x" v="-90.7288"/>
    <tag k="local_y" v="-23.0986"/>
    <tag k="ele" v="1.9902"/>
  </node>
  <node id="47138" lat="-3.6186156492" lon="62.09879159376">
    <tag k="local_x" v="-87.4537"/>
    <tag k="local_y" v="-20.7738"/>
    <tag k="ele" v="1.9902"/>
  </node>
  <node id="47139" lat="-3.61861448212" lon="62.09878417335">
    <tag k="local_x" v="-88.278"/>
    <tag k="local_y" v="-20.6456"/>
    <tag k="ele" v="1.9902"/>
  </node>
  <node id="47140" lat="-3.61861264292" lon="62.09877764586">
    <tag k="local_x" v="-89.0032"/>
    <tag k="local_y" v="-20.443"/>
    <tag k="ele" v="1.9902"/>
  </node>
  <node id="47141" lat="-3.61860986434" lon="62.09877068802">
    <tag k="local_x" v="-89.7763"/>
    <tag k="local_y" v="-20.1366"/>
    <tag k="ele" v="1.9902"/>
  </node>
  <node id="47145" lat="-3.6186657365" lon="62.09839680972">
    <tag k="local_x" v="-131.2962"/>
    <tag k="local_y" v="-26.3544"/>
    <tag k="ele" v="1.9735"/>
  </node>
  <node id="47146" lat="-3.61866988357" lon="62.09838911486">
    <tag k="local_x" v="-132.1504"/>
    <tag k="local_y" v="-26.8137"/>
    <tag k="ele" v="1.9735"/>
  </node>
  <node id="47147" lat="-3.61867335552" lon="62.0983802088">
    <tag k="local_x" v="-133.1392"/>
    <tag k="local_y" v="-27.1985"/>
    <tag k="ele" v="1.9735"/>
  </node>
  <node id="47148" lat="-3.61867544842" lon="62.09837175157">
    <tag k="local_x" v="-134.0783"/>
    <tag k="local_y" v="-27.4308"/>
    <tag k="ele" v="1.9735"/>
  </node>
  <node id="47149" lat="-3.61864245705" lon="62.09838321859">
    <tag k="local_x" v="-132.8083"/>
    <tag k="local_y" v="-23.7824"/>
    <tag k="ele" v="1.9735"/>
  </node>
  <node id="47150" lat="-3.61864632368" lon="62.0983773139">
    <tag k="local_x" v="-133.4637"/>
    <tag k="local_y" v="-24.2105"/>
    <tag k="ele" v="1.9735"/>
  </node>
  <node id="47151" lat="-3.61864904993" lon="62.09837171194">
    <tag k="local_x" v="-134.0856"/>
    <tag k="local_y" v="-24.5125"/>
    <tag k="ele" v="1.9735"/>
  </node>
  <node id="47152" lat="-3.61865123684" lon="62.09836498959">
    <tag k="local_x" v="-134.832"/>
    <tag k="local_y" v="-24.755"/>
    <tag k="ele" v="1.9735"/>
  </node>
  <node id="47179" lat="-3.61858584418" lon="62.09713003454">
    <tag k="local_x" v="-272.0036"/>
    <tag k="local_y" v="-17.6623"/>
    <tag k="ele" v="1.7269"/>
  </node>
  <node id="47180" lat="-3.61857540976" lon="62.09712817215">
    <tag k="local_x" v="-272.2116"/>
    <tag k="local_y" v="-16.509"/>
    <tag k="ele" v="1.7269"/>
  </node>
  <node id="47181" lat="-3.61856786768" lon="62.09712487714">
    <tag k="local_x" v="-272.5784"/>
    <tag k="local_y" v="-15.6756"/>
    <tag k="ele" v="2.5366"/>
  </node>
  <node id="47182" lat="-3.61856266724" lon="62.09712217135">
    <tag k="local_x" v="-272.8795"/>
    <tag k="local_y" v="-15.101"/>
    <tag k="ele" v="2.5366"/>
  </node>
  <node id="47183" lat="-3.61853505175" lon="62.09710459782">
    <tag k="local_x" v="-274.8344"/>
    <tag k="local_y" v="-12.0501"/>
    <tag k="ele" v="3.0765"/>
  </node>
  <node id="47184" lat="-3.61851617596" lon="62.09709296512">
    <tag k="local_x" v="-276.1285"/>
    <tag k="local_y" v="-9.9647"/>
    <tag k="ele" v="3.3328"/>
  </node>
  <node id="47185" lat="-3.61850674428" lon="62.09708975482">
    <tag k="local_x" v="-276.4861"/>
    <tag k="local_y" v="-8.9224"/>
    <tag k="ele" v="3.3328"/>
  </node>
  <node id="47186" lat="-3.61849688532" lon="62.09708803322">
    <tag k="local_x" v="-276.6784"/>
    <tag k="local_y" v="-7.8327"/>
    <tag k="ele" v="3.3328"/>
  </node>
  <node id="47187" lat="-3.61849114127" lon="62.09708717727">
    <tag k="local_x" v="-276.7741"/>
    <tag k="local_y" v="-7.1978"/>
    <tag k="ele" v="2.2015"/>
  </node>
  <node id="47188" lat="-3.61858356745" lon="62.09715548238">
    <tag k="local_x" v="-269.1774"/>
    <tag k="local_y" v="-17.4078"/>
    <tag k="ele" v="1.7269"/>
  </node>
  <node id="47189" lat="-3.61857096521" lon="62.09715408311">
    <tag k="local_x" v="-269.3342"/>
    <tag k="local_y" v="-16.0148"/>
    <tag k="ele" v="1.7269"/>
  </node>
  <node id="47190" lat="-3.61856292606" lon="62.09715215172">
    <tag k="local_x" v="-269.5496"/>
    <tag k="local_y" v="-15.1263"/>
    <tag k="ele" v="2.5366"/>
  </node>
  <node id="47191" lat="-3.6185509245" lon="62.09714716668">
    <tag k="local_x" v="-270.1046"/>
    <tag k="local_y" v="-13.8001"/>
    <tag k="ele" v="2.5366"/>
  </node>
  <node id="47192" lat="-3.61852057834" lon="62.09712804906">
    <tag k="local_x" v="-272.2313"/>
    <tag k="local_y" v="-10.4475"/>
    <tag k="ele" v="3.0765"/>
  </node>
  <node id="47193" lat="-3.61850455356" lon="62.09711799275">
    <tag k="local_x" v="-273.35"/>
    <tag k="local_y" v="-8.6771"/>
    <tag k="ele" v="3.3328"/>
  </node>
  <node id="47194" lat="-3.61849832518" lon="62.09711495664">
    <tag k="local_x" v="-273.6879"/>
    <tag k="local_y" v="-7.9889"/>
    <tag k="ele" v="3.3328"/>
  </node>
  <node id="47195" lat="-3.61848895586" lon="62.09711259261">
    <tag k="local_x" v="-273.9515"/>
    <tag k="local_y" v="-6.9534"/>
    <tag k="ele" v="2.2015"/>
  </node>
  <node id="47266" lat="-3.6183893696" lon="62.0970783826">
    <tag k="local_x" v="-277.7621"/>
    <tag k="local_y" v="4.0519"/>
    <tag k="ele" v="2.1426"/>
  </node>
  <node id="47267" lat="-3.61837935291" lon="62.09707813952">
    <tag k="local_x" v="-277.7902"/>
    <tag k="local_y" v="5.1592"/>
    <tag k="ele" v="2.1426"/>
  </node>
  <node id="47268" lat="-3.61837155843" lon="62.09707844435">
    <tag k="local_x" v="-277.7572"/>
    <tag k="local_y" v="6.0209"/>
    <tag k="ele" v="2.1426"/>
  </node>
  <node id="47269" lat="-3.61835370131" lon="62.09708322396">
    <tag k="local_x" v="-277.2283"/>
    <tag k="local_y" v="7.9955"/>
    <tag k="ele" v="2.1426"/>
  </node>
  <node id="47270" lat="-3.61833524243" lon="62.09709051163">
    <tag k="local_x" v="-276.4209"/>
    <tag k="local_y" v="10.0369"/>
    <tag k="ele" v="1.6714"/>
  </node>
  <node id="47271" lat="-3.61831931393" lon="62.09709714764">
    <tag k="local_x" v="-275.6856"/>
    <tag k="local_y" v="11.7985"/>
    <tag k="ele" v="1.4329"/>
  </node>
  <node id="47272" lat="-3.61831197498" lon="62.09709979292">
    <tag k="local_x" v="-275.3926"/>
    <tag k="local_y" v="12.6101"/>
    <tag k="ele" v="1.4329"/>
  </node>
  <node id="47273" lat="-3.61830064737" lon="62.09710299766">
    <tag k="local_x" v="-275.0379"/>
    <tag k="local_y" v="13.8627"/>
    <tag k="ele" v="1.4329"/>
  </node>
  <node id="47274" lat="-3.61828884667" lon="62.09710529712">
    <tag k="local_x" v="-274.7838"/>
    <tag k="local_y" v="15.1675"/>
    <tag k="ele" v="1.8626"/>
  </node>
  <node id="47275" lat="-3.61838717789" lon="62.09710381775">
    <tag k="local_x" v="-274.9373"/>
    <tag k="local_y" v="4.297"/>
    <tag k="ele" v="2.1426"/>
  </node>
  <node id="47276" lat="-3.61837562752" lon="62.09710587837">
    <tag k="local_x" v="-274.7097"/>
    <tag k="local_y" v="5.5741"/>
    <tag k="ele" v="2.1426"/>
  </node>
  <node id="47277" lat="-3.61836339568" lon="62.09710943785">
    <tag k="local_x" v="-274.3157"/>
    <tag k="local_y" v="6.9267"/>
    <tag k="ele" v="2.1426"/>
  </node>
  <node id="47278" lat="-3.61834343247" lon="62.09711761474">
    <tag k="local_x" v="-273.4097"/>
    <tag k="local_y" v="9.1345"/>
    <tag k="ele" v="1.6714"/>
  </node>
  <node id="47279" lat="-3.61832506868" lon="62.09712500406">
    <tag k="local_x" v="-272.591"/>
    <tag k="local_y" v="11.1654"/>
    <tag k="ele" v="1.4329"/>
  </node>
  <node id="47280" lat="-3.61831294562" lon="62.09712879031">
    <tag k="local_x" v="-272.1718"/>
    <tag k="local_y" v="12.506"/>
    <tag k="ele" v="1.4329"/>
  </node>
  <node id="47281" lat="-3.61830315859" lon="62.09713025045">
    <tag k="local_x" v="-272.0107"/>
    <tag k="local_y" v="13.5881"/>
    <tag k="ele" v="1.4329"/>
  </node>
  <node id="47282" lat="-3.61828666039" lon="62.09713074487">
    <tag k="local_x" v="-271.9576"/>
    <tag k="local_y" v="15.412"/>
    <tag k="ele" v="1.8626"/>
  </node>
  <node id="47286" lat="-3.61827194134" lon="62.09710390482">
    <tag k="local_x" v="-274.9403"/>
    <tag k="local_y" v="17.0362"/>
    <tag k="ele" v="1.7269"/>
  </node>
  <node id="47287" lat="-3.61826153859" lon="62.09710114205">
    <tag k="local_x" v="-275.2483"/>
    <tag k="local_y" v="18.1859"/>
    <tag k="ele" v="1.7269"/>
  </node>
  <node id="47288" lat="-3.6182539965" lon="62.09709784705">
    <tag k="local_x" v="-275.6151"/>
    <tag k="local_y" v="19.0193"/>
    <tag k="ele" v="2.5366"/>
  </node>
  <node id="47289" lat="-3.61824879606" lon="62.09709514125">
    <tag k="local_x" v="-275.9162"/>
    <tag k="local_y" v="19.5939"/>
    <tag k="ele" v="2.5366"/>
  </node>
  <node id="47290" lat="-3.61822118058" lon="62.09707756773">
    <tag k="local_x" v="-277.8711"/>
    <tag k="local_y" v="22.6448"/>
    <tag k="ele" v="3.0765"/>
  </node>
  <node id="47291" lat="-3.61820230478" lon="62.09706593504">
    <tag k="local_x" v="-279.1652"/>
    <tag k="local_y" v="24.7302"/>
    <tag k="ele" v="3.3328"/>
  </node>
  <node id="47292" lat="-3.6181928731" lon="62.09706272474">
    <tag k="local_x" v="-279.5228"/>
    <tag k="local_y" v="25.7725"/>
    <tag k="ele" v="3.3328"/>
  </node>
  <node id="47293" lat="-3.61818301414" lon="62.09706100313">
    <tag k="local_x" v="-279.7151"/>
    <tag k="local_y" v="26.8622"/>
    <tag k="ele" v="3.3328"/>
  </node>
  <node id="47294" lat="-3.61817739402" lon="62.09706014706">
    <tag k="local_x" v="-279.8108"/>
    <tag k="local_y" v="27.4834"/>
    <tag k="ele" v="2.2015"/>
  </node>
  <node id="47295" lat="-3.6182696646" lon="62.09712935265">
    <tag k="local_x" v="-272.1141"/>
    <tag k="local_y" v="17.2907"/>
    <tag k="ele" v="1.7269"/>
  </node>
  <node id="47296" lat="-3.61825709403" lon="62.09712705301">
    <tag k="local_x" v="-272.3709"/>
    <tag k="local_y" v="18.6801"/>
    <tag k="ele" v="1.7269"/>
  </node>
  <node id="47297" lat="-3.61824905488" lon="62.09712512162">
    <tag k="local_x" v="-272.5863"/>
    <tag k="local_y" v="19.5686"/>
    <tag k="ele" v="2.5366"/>
  </node>
  <node id="47298" lat="-3.61823705332" lon="62.09712013658">
    <tag k="local_x" v="-273.1413"/>
    <tag k="local_y" v="20.8948"/>
    <tag k="ele" v="2.5366"/>
  </node>
  <node id="47299" lat="-3.61820670716" lon="62.09710101896">
    <tag k="local_x" v="-275.268"/>
    <tag k="local_y" v="24.2474"/>
    <tag k="ele" v="3.0765"/>
  </node>
  <node id="47300" lat="-3.61819068238" lon="62.09709096265">
    <tag k="local_x" v="-276.3867"/>
    <tag k="local_y" v="26.0178"/>
    <tag k="ele" v="3.3328"/>
  </node>
  <node id="47301" lat="-3.618184454" lon="62.09708792655">
    <tag k="local_x" v="-276.7246"/>
    <tag k="local_y" v="26.706"/>
    <tag k="ele" v="3.3328"/>
  </node>
  <node id="47302" lat="-3.61817520861" lon="62.09708556239">
    <tag k="local_x" v="-276.9882"/>
    <tag k="local_y" v="27.7278"/>
    <tag k="ele" v="2.2015"/>
  </node>
  <node id="47306" lat="-3.61803611424" lon="62.09704999237">
    <tag k="local_x" v="-280.9542"/>
    <tag k="local_y" v="43.1005"/>
    <tag k="ele" v="2.1426"/>
  </node>
  <node id="47307" lat="-3.61802597362" lon="62.09704974941">
    <tag k="local_x" v="-280.9823"/>
    <tag k="local_y" v="44.2215"/>
    <tag k="ele" v="2.1426"/>
  </node>
  <node id="47308" lat="-3.61801817913" lon="62.09705005424">
    <tag k="local_x" v="-280.9493"/>
    <tag k="local_y" v="45.0832"/>
    <tag k="ele" v="2.1426"/>
  </node>
  <node id="47309" lat="-3.61800032201" lon="62.09705483384">
    <tag k="local_x" v="-280.4204"/>
    <tag k="local_y" v="47.0578"/>
    <tag k="ele" v="2.1426"/>
  </node>
  <node id="47310" lat="-3.61798186314" lon="62.09706212151">
    <tag k="local_x" v="-279.613"/>
    <tag k="local_y" v="49.0992"/>
    <tag k="ele" v="1.6714"/>
  </node>
  <node id="47311" lat="-3.61796593464" lon="62.09706875752">
    <tag k="local_x" v="-278.8777"/>
    <tag k="local_y" v="50.8608"/>
    <tag k="ele" v="1.4329"/>
  </node>
  <node id="47312" lat="-3.61795859568" lon="62.09707140279">
    <tag k="local_x" v="-278.5847"/>
    <tag k="local_y" v="51.6724"/>
    <tag k="ele" v="1.4329"/>
  </node>
  <node id="47313" lat="-3.61794726808" lon="62.09707460753">
    <tag k="local_x" v="-278.23"/>
    <tag k="local_y" v="52.925"/>
    <tag k="ele" v="1.4329"/>
  </node>
  <node id="47314" lat="-3.61793546738" lon="62.09707690699">
    <tag k="local_x" v="-277.9759"/>
    <tag k="local_y" v="54.2298"/>
    <tag k="ele" v="1.8626"/>
  </node>
  <node id="47315" lat="-3.61803392252" lon="62.0970754275">
    <tag k="local_x" v="-278.1294"/>
    <tag k="local_y" v="43.3456"/>
    <tag k="ele" v="2.1426"/>
  </node>
  <node id="47316" lat="-3.61802224822" lon="62.09707748825">
    <tag k="local_x" v="-277.9018"/>
    <tag k="local_y" v="44.6364"/>
    <tag k="ele" v="2.1426"/>
  </node>
  <node id="47317" lat="-3.61801001639" lon="62.09708104772">
    <tag k="local_x" v="-277.5078"/>
    <tag k="local_y" v="45.989"/>
    <tag k="ele" v="2.1426"/>
  </node>
  <node id="47318" lat="-3.61799005318" lon="62.09708922461">
    <tag k="local_x" v="-276.6018"/>
    <tag k="local_y" v="48.1968"/>
    <tag k="ele" v="1.6714"/>
  </node>
  <node id="47319" lat="-3.61797168938" lon="62.09709661392">
    <tag k="local_x" v="-275.7831"/>
    <tag k="local_y" v="50.2277"/>
    <tag k="ele" v="1.4329"/>
  </node>
  <node id="47320" lat="-3.61795956633" lon="62.09710040017">
    <tag k="local_x" v="-275.3639"/>
    <tag k="local_y" v="51.5683"/>
    <tag k="ele" v="1.4329"/>
  </node>
  <node id="47321" lat="-3.61794977929" lon="62.09710186031">
    <tag k="local_x" v="-275.2028"/>
    <tag k="local_y" v="52.6504"/>
    <tag k="ele" v="1.4329"/>
  </node>
  <node id="47322" lat="-3.6179332811" lon="62.09710235473">
    <tag k="local_x" v="-275.1497"/>
    <tag k="local_y" v="54.4743"/>
    <tag k="ele" v="1.8626"/>
  </node>
  <node id="47423" lat="-3.61788167393" lon="62.09707176615">
    <tag k="local_x" v="-278.5528"/>
    <tag k="local_y" v="60.176"/>
    <tag k="ele" v="1.7262"/>
  </node>
  <node id="47424" lat="-3.61773357393" lon="62.09705923858">
    <tag k="local_x" v="-279.9605"/>
    <tag k="local_y" v="76.5468"/>
    <tag k="ele" v="1.7269"/>
  </node>
  <node id="47425" lat="-3.61787950758" lon="62.09709724447">
    <tag k="local_x" v="-275.7232"/>
    <tag k="local_y" v="60.4183"/>
    <tag k="ele" v="1.7262"/>
  </node>
  <node id="47426" lat="-3.6177312972" lon="62.0970846864">
    <tag k="local_x" v="-277.1343"/>
    <tag k="local_y" v="76.8013"/>
    <tag k="ele" v="1.7269"/>
  </node>
  <node id="47430" lat="-3.61770710039" lon="62.09705469193">
    <tag k="local_x" v="-280.4684"/>
    <tag k="local_y" v="79.4729"/>
    <tag k="ele" v="1.7269"/>
  </node>
  <node id="47432" lat="-3.61770253272" lon="62.09708051926">
    <tag k="local_x" v="-277.6003"/>
    <tag k="local_y" v="79.9807"/>
    <tag k="ele" v="1.7269"/>
  </node>
  <node id="47439" lat="-3.61768316439" lon="62.09704943689">
    <tag k="local_x" v="-281.0547"/>
    <tag k="local_y" v="82.1184"/>
    <tag k="ele" v="1.7269"/>
  </node>
  <node id="47440" lat="-3.61767733621" lon="62.09707754244">
    <tag k="local_x" v="-277.9337"/>
    <tag k="local_y" v="82.7658"/>
    <tag k="ele" v="1.8096"/>
  </node>
  <node id="47513" lat="-3.61959866633" lon="62.09429514811">
    <tag k="local_x" v="-586.7582"/>
    <tag k="local_y" v="-129.9417"/>
    <tag k="ele" v="1.8121"/>
  </node>
  <node id="47514" lat="-3.61959604212" lon="62.09432579761">
    <tag k="local_x" v="-583.3543"/>
    <tag k="local_y" v="-129.6482"/>
    <tag k="ele" v="1.8121"/>
  </node>
  <node id="47522" lat="-3.61932365324" lon="62.09427602242">
    <tag k="local_x" v="-588.9128"/>
    <tag k="local_y" v="-99.5416"/>
    <tag k="ele" v="2.2172"/>
  </node>
  <node id="47524" lat="-3.61930682686" lon="62.09427848538">
    <tag k="local_x" v="-588.6411"/>
    <tag k="local_y" v="-97.6812"/>
    <tag k="ele" v="2.2172"/>
  </node>
  <node id="47527" lat="-3.61932648974" lon="62.09430733365">
    <tag k="local_x" v="-585.4348"/>
    <tag k="local_y" v="-99.8517"/>
    <tag k="ele" v="2.2172"/>
  </node>
  <node id="47529" lat="-3.61931223377" lon="62.0943093853">
    <tag k="local_x" v="-585.2085"/>
    <tag k="local_y" v="-98.2755"/>
    <tag k="ele" v="2.2172"/>
  </node>
  <node id="47533" lat="-3.61968194517" lon="62.09442804479">
    <tag k="local_x" v="-571.9884"/>
    <tag k="local_y" v="-139.1333"/>
    <tag k="ele" v="1.2602"/>
  </node>
  <node id="47534" lat="-3.61969225067" lon="62.09442673806">
    <tag k="local_x" v="-572.1324"/>
    <tag k="local_y" v="-140.2727"/>
    <tag k="ele" v="1.2602"/>
  </node>
  <node id="47535" lat="-3.61970376162" lon="62.09442236625">
    <tag k="local_x" v="-572.6167"/>
    <tag k="local_y" v="-141.5457"/>
    <tag k="ele" v="1.2602"/>
  </node>
  <node id="47536" lat="-3.61971432825" lon="62.09441535015">
    <tag k="local_x" v="-573.3948"/>
    <tag k="local_y" v="-142.7146"/>
    <tag k="ele" v="1.2602"/>
  </node>
  <node id="47537" lat="-3.61972333294" lon="62.09440590107">
    <tag k="local_x" v="-574.4433"/>
    <tag k="local_y" v="-143.7111"/>
    <tag k="ele" v="1.2602"/>
  </node>
  <node id="47538" lat="-3.61972933922" lon="62.09439673408">
    <tag k="local_x" v="-575.4608"/>
    <tag k="local_y" v="-144.3761"/>
    <tag k="ele" v="1.2602"/>
  </node>
  <node id="47539" lat="-3.61965541404" lon="62.09439943832">
    <tag k="local_x" v="-575.1686"/>
    <tag k="local_y" v="-136.2035"/>
    <tag k="ele" v="1.2602"/>
  </node>
  <node id="47541" lat="-3.61967374556" lon="62.09439328515">
    <tag k="local_x" v="-575.85"/>
    <tag k="local_y" v="-138.2307"/>
    <tag k="ele" v="1.2602"/>
  </node>
  <node id="47543" lat="-3.6196830638" lon="62.09438530602">
    <tag k="local_x" v="-576.7352"/>
    <tag k="local_y" v="-139.2617"/>
    <tag k="ele" v="1.2602"/>
  </node>
  <node id="47548" lat="-3.61973347567" lon="62.09434781503">
    <tag k="local_x" v="-580.8937"/>
    <tag k="local_y" v="-144.8388"/>
    <tag k="ele" v="1.2206"/>
  </node>
  <node id="47549" lat="-3.61972992086" lon="62.09433808941">
    <tag k="local_x" v="-581.9743"/>
    <tag k="local_y" v="-144.4469"/>
    <tag k="ele" v="1.2206"/>
  </node>
  <node id="47550" lat="-3.61972383041" lon="62.09432736783">
    <tag k="local_x" v="-583.1658"/>
    <tag k="local_y" v="-143.7748"/>
    <tag k="ele" v="1.2206"/>
  </node>
  <node id="47551" lat="-3.61971590073" lon="62.09431823178">
    <tag k="local_x" v="-584.1814"/>
    <tag k="local_y" v="-142.8992"/>
    <tag k="ele" v="1.2206"/>
  </node>
  <node id="47552" lat="-3.61970651474" lon="62.09431097531">
    <tag k="local_x" v="-584.9884"/>
    <tag k="local_y" v="-141.8624"/>
    <tag k="ele" v="1.2206"/>
  </node>
  <node id="47553" lat="-3.61969609691" lon="62.09430580686">
    <tag k="local_x" v="-585.5636"/>
    <tag k="local_y" v="-140.7113"/>
    <tag k="ele" v="1.2206"/>
  </node>
  <node id="47554" lat="-3.61968652937" lon="62.09430332511">
    <tag k="local_x" v="-585.8403"/>
    <tag k="local_y" v="-139.6539"/>
    <tag k="ele" v="1.2206"/>
  </node>
  <node id="47558" lat="-3.61968493113" lon="62.09434588249">
    <tag k="local_x" v="-581.1137"/>
    <tag k="local_y" v="-139.4725"/>
    <tag k="ele" v="1.2206"/>
  </node>
  <node id="47559" lat="-3.61968026833" lon="62.0943398827">
    <tag k="local_x" v="-581.7806"/>
    <tag k="local_y" v="-138.9577"/>
    <tag k="ele" v="1.2206"/>
  </node>
  <node id="47560" lat="-3.61967019564" lon="62.09433430786">
    <tag k="local_x" v="-582.4009"/>
    <tag k="local_y" v="-137.8448"/>
    <tag k="ele" v="1.2206"/>
  </node>
  <node id="47561" lat="-3.61965728211" lon="62.0943309876">
    <tag k="local_x" v="-582.7711"/>
    <tag k="local_y" v="-136.4176"/>
    <tag k="ele" v="1.2206"/>
  </node>
  <node id="47588" lat="-3.61773287998" lon="62.09579613309">
    <tag k="local_x" v="-420.2518"/>
    <tag k="local_y" v="76.4839"/>
    <tag k="ele" v="1.7895"/>
  </node>
  <node id="47589" lat="-3.61770658" lon="62.09580231571">
    <tag k="local_x" v="-419.568"/>
    <tag k="local_y" v="79.392"/>
    <tag k="ele" v="1.7895"/>
  </node>
  <node id="47595" lat="-3.61773473579" lon="62.09581924221">
    <tag k="local_x" v="-417.6849"/>
    <tag k="local_y" v="76.2813"/>
    <tag k="ele" v="1.8513"/>
  </node>
  <node id="47596" lat="-3.61773489211" lon="62.09581183401">
    <tag k="local_x" v="-418.5077"/>
    <tag k="local_y" v="76.2632"/>
    <tag k="ele" v="1.8513"/>
  </node>
  <node id="47597" lat="-3.61773448397" lon="62.09580443448">
    <tag k="local_x" v="-419.3296"/>
    <tag k="local_y" v="76.3075"/>
    <tag k="ele" v="1.8513"/>
  </node>
  <node id="47598" lat="-3.61770949434" lon="62.09582017297">
    <tag k="local_x" v="-417.5843"/>
    <tag k="local_y" v="79.0718"/>
    <tag k="ele" v="1.8513"/>
  </node>
  <node id="47599" lat="-3.61770882582" lon="62.0958138154">
    <tag k="local_x" v="-418.2905"/>
    <tag k="local_y" v="79.145"/>
    <tag k="ele" v="1.8513"/>
  </node>
  <node id="47600" lat="-3.61770763996" lon="62.09580753126">
    <tag k="local_x" v="-418.9886"/>
    <tag k="local_y" v="79.2754"/>
    <tag k="ele" v="1.8513"/>
  </node>
  <node id="47604" lat="-3.61841833685" lon="62.0970808857">
    <tag k="local_x" v="-277.4809"/>
    <tag k="local_y" v="0.8499"/>
    <tag k="ele" v="2.172"/>
  </node>
  <node id="47605" lat="-3.61841612071" lon="62.09710631277">
    <tag k="local_x" v="-274.657"/>
    <tag k="local_y" v="1.0977"/>
    <tag k="ele" v="2.172"/>
  </node>
  <node id="47611" lat="-3.61806594229" lon="62.09705213627">
    <tag k="local_x" v="-280.7128"/>
    <tag k="local_y" v="39.8033"/>
    <tag k="ele" v="2.172"/>
  </node>
  <node id="47612" lat="-3.61806409705" lon="62.09707759178">
    <tag k="local_x" v="-277.8857"/>
    <tag k="local_y" v="40.0101"/>
    <tag k="ele" v="2.172"/>
  </node>
  <node id="47618" lat="-3.61753659105" lon="62.09643294003">
    <tag k="local_x" v="-349.5442"/>
    <tag k="local_y" v="98.2537"/>
    <tag k="ele" v="1.8128"/>
  </node>
  <node id="47619" lat="-3.61759378666" lon="62.09643810989">
    <tag k="local_x" v="-348.9637"/>
    <tag k="local_y" v="91.9314"/>
    <tag k="ele" v="1.8118"/>
  </node>
  <node id="47620" lat="-3.61753891479" lon="62.09640747507">
    <tag k="local_x" v="-352.3723"/>
    <tag k="local_y" v="97.994"/>
    <tag k="ele" v="1.8128"/>
  </node>
  <node id="47621" lat="-3.6175961104" lon="62.09641264492">
    <tag k="local_x" v="-351.7918"/>
    <tag k="local_y" v="91.6717"/>
    <tag k="ele" v="1.8118"/>
  </node>
  <node id="47628" lat="-3.61760575432" lon="62.09643814485">
    <tag k="local_x" v="-348.9585"/>
    <tag k="local_y" v="90.6084"/>
    <tag k="ele" v="1.8118"/>
  </node>
  <node id="47629" lat="-3.61761567276" lon="62.09643692406">
    <tag k="local_x" v="-349.093"/>
    <tag k="local_y" v="89.5118"/>
    <tag k="ele" v="1.8118"/>
  </node>
  <node id="47630" lat="-3.61762628413" lon="62.096433919">
    <tag k="local_x" v="-349.4256"/>
    <tag k="local_y" v="88.3384"/>
    <tag k="ele" v="1.8118"/>
  </node>
  <node id="47631" lat="-3.61763633123" lon="62.09642929478">
    <tag k="local_x" v="-349.9381"/>
    <tag k="local_y" v="87.2272"/>
    <tag k="ele" v="1.8118"/>
  </node>
  <node id="47632" lat="-3.61764556721" lon="62.09642315338">
    <tag k="local_x" v="-350.6192"/>
    <tag k="local_y" v="86.2055"/>
    <tag k="ele" v="1.8118"/>
  </node>
  <node id="47633" lat="-3.61765376064" lon="62.09641563459">
    <tag k="local_x" v="-351.4534"/>
    <tag k="local_y" v="85.2989"/>
    <tag k="ele" v="1.8118"/>
  </node>
  <node id="47634" lat="-3.61766070454" lon="62.09640691147">
    <tag k="local_x" v="-352.4215"/>
    <tag k="local_y" v="84.5303"/>
    <tag k="ele" v="1.8118"/>
  </node>
  <node id="47635" lat="-3.61766622273" lon="62.09639718857">
    <tag k="local_x" v="-353.5008"/>
    <tag k="local_y" v="83.9192"/>
    <tag k="ele" v="1.8118"/>
  </node>
  <node id="47636" lat="-3.61766983257" lon="62.0963877908">
    <tag k="local_x" v="-354.5442"/>
    <tag k="local_y" v="83.5191"/>
    <tag k="ele" v="1.8118"/>
  </node>
  <node id="47637" lat="-3.61760208898" lon="62.09641283618">
    <tag k="local_x" v="-351.7699"/>
    <tag k="local_y" v="91.0108"/>
    <tag k="ele" v="1.8118"/>
  </node>
  <node id="47638" lat="-3.61760993491" lon="62.0964115085">
    <tag k="local_x" v="-351.9165"/>
    <tag k="local_y" v="90.1433"/>
    <tag k="ele" v="1.8118"/>
  </node>
  <node id="47639" lat="-3.6176164755" lon="62.09640925206">
    <tag k="local_x" v="-352.1664"/>
    <tag k="local_y" v="89.42"/>
    <tag k="ele" v="1.8118"/>
  </node>
  <node id="47640" lat="-3.61762255198" lon="62.0964060291">
    <tag k="local_x" v="-352.5237"/>
    <tag k="local_y" v="88.7479"/>
    <tag k="ele" v="1.8118"/>
  </node>
  <node id="47641" lat="-3.6176280206" lon="62.09640192892">
    <tag k="local_x" v="-352.9785"/>
    <tag k="local_y" v="88.1429"/>
    <tag k="ele" v="1.8118"/>
  </node>
  <node id="47642" lat="-3.61763275756" lon="62.09639705876">
    <tag k="local_x" v="-353.5189"/>
    <tag k="local_y" v="87.6187"/>
    <tag k="ele" v="1.8118"/>
  </node>
  <node id="47643" lat="-3.61763665532" lon="62.09639154569">
    <tag k="local_x" v="-354.1308"/>
    <tag k="local_y" v="87.1872"/>
    <tag k="ele" v="1.8118"/>
  </node>
  <node id="47644" lat="-3.6176396281" lon="62.09638553024">
    <tag k="local_x" v="-354.7986"/>
    <tag k="local_y" v="86.8579"/>
    <tag k="ele" v="1.8118"/>
  </node>
  <node id="47645" lat="-3.61764195265" lon="62.09637806857">
    <tag k="local_x" v="-355.6271"/>
    <tag k="local_y" v="86.6001"/>
    <tag k="ele" v="1.8118"/>
  </node>
  <node id="47649" lat="-3.61765915713" lon="62.09573076998">
    <tag k="local_x" v="-427.5197"/>
    <tag k="local_y" v="84.6266"/>
    <tag k="ele" v="1.754"/>
  </node>
  <node id="47651" lat="-3.61768440602" lon="62.09573275542">
    <tag k="local_x" v="-427.2964"/>
    <tag k="local_y" v="81.8356"/>
    <tag k="ele" v="1.7619"/>
  </node>
  <node id="47659" lat="-3.61767000962" lon="62.09584671017">
    <tag k="local_x" v="-414.6412"/>
    <tag k="local_y" v="83.4397"/>
    <tag k="ele" v="1.7515"/>
  </node>
  <node id="47660" lat="-3.6176657597" lon="62.09585827481">
    <tag k="local_x" v="-413.3572"/>
    <tag k="local_y" v="83.9108"/>
    <tag k="ele" v="1.7438"/>
  </node>
  <node id="47662" lat="-3.61764537339" lon="62.09583774104">
    <tag k="local_x" v="-415.6401"/>
    <tag k="local_y" v="86.1622"/>
    <tag k="ele" v="1.7515"/>
  </node>
  <node id="47663" lat="-3.61764112347" lon="62.09584930568">
    <tag k="local_x" v="-414.3561"/>
    <tag k="local_y" v="86.6333"/>
    <tag k="ele" v="1.7438"/>
  </node>
  <node id="47666" lat="-3.61765304471" lon="62.09580836688">
    <tag k="local_x" v="-418.9018"/>
    <tag k="local_y" v="85.3109"/>
    <tag k="ele" v="1.9466"/>
  </node>
  <node id="47667" lat="-3.61765165398" lon="62.09581611482">
    <tag k="local_x" v="-418.0414"/>
    <tag k="local_y" v="85.4655"/>
    <tag k="ele" v="1.9466"/>
  </node>
  <node id="47668" lat="-3.61764990912" lon="62.09582342736">
    <tag k="local_x" v="-417.2294"/>
    <tag k="local_y" v="85.6592"/>
    <tag k="ele" v="1.9466"/>
  </node>
  <node id="47669" lat="-3.61764766425" lon="62.09583097087">
    <tag k="local_x" v="-416.3918"/>
    <tag k="local_y" v="85.9082"/>
    <tag k="ele" v="1.9466"/>
  </node>
  <node id="47670" lat="-3.61767805587" lon="62.09581234142">
    <tag k="local_x" v="-418.4576"/>
    <tag k="local_y" v="82.5464"/>
    <tag k="ele" v="1.9466"/>
  </node>
  <node id="47671" lat="-3.61767684227" lon="62.09582082747">
    <tag k="local_x" v="-417.5152"/>
    <tag k="local_y" v="82.6815"/>
    <tag k="ele" v="1.9466"/>
  </node>
  <node id="47672" lat="-3.61767509162" lon="62.09582958146">
    <tag k="local_x" v="-416.5431"/>
    <tag k="local_y" v="82.876"/>
    <tag k="ele" v="1.9466"/>
  </node>
  <node id="47673" lat="-3.61767295878" lon="62.09583789016">
    <tag k="local_x" v="-415.6205"/>
    <tag k="local_y" v="83.1127"/>
    <tag k="ele" v="1.9466"/>
  </node>
  <node id="47677" lat="-3.61763082238" lon="62.09587854469">
    <tag k="local_x" v="-411.1097"/>
    <tag k="local_y" v="87.7753"/>
    <tag k="ele" v="1.7296"/>
  </node>
  <node id="47678" lat="-3.61762987089" lon="62.09588500201">
    <tag k="local_x" v="-410.3926"/>
    <tag k="local_y" v="87.8812"/>
    <tag k="ele" v="1.7296"/>
  </node>
  <node id="47679" lat="-3.61765645207" lon="62.09588410863">
    <tag k="local_x" v="-410.4889"/>
    <tag k="local_y" v="84.9426"/>
    <tag k="ele" v="1.7296"/>
  </node>
  <node id="47680" lat="-3.6176546166" lon="62.09589037415">
    <tag k="local_x" v="-409.7932"/>
    <tag k="local_y" v="85.1462"/>
    <tag k="ele" v="1.7296"/>
  </node>
  <node id="47712" lat="-3.61714140308" lon="62.09429443344">
    <tag k="local_x" v="-587.1086"/>
    <tag k="local_y" v="141.7044"/>
    <tag k="ele" v="2.8112"/>
  </node>
  <node id="47713" lat="-3.61711150498" lon="62.09429188724">
    <tag k="local_x" v="-587.3947"/>
    <tag k="local_y" v="145.0093"/>
    <tag k="ele" v="1.9444"/>
  </node>
  <node id="47715" lat="-3.61714371717" lon="62.09426752166">
    <tag k="local_x" v="-590.0974"/>
    <tag k="local_y" v="141.4456"/>
    <tag k="ele" v="2.8112"/>
  </node>
  <node id="47716" lat="-3.61711381908" lon="62.09426497545">
    <tag k="local_x" v="-590.3835"/>
    <tag k="local_y" v="144.7505"/>
    <tag k="ele" v="1.9444"/>
  </node>
  <node id="47720" lat="-3.6172164246" lon="62.09433413708">
    <tag k="local_x" v="-582.6905"/>
    <tag k="local_y" v="133.4153"/>
    <tag k="ele" v="2.3463"/>
  </node>
  <node id="47722" lat="-3.61721013031" lon="62.09431407645">
    <tag k="local_x" v="-584.9193"/>
    <tag k="local_y" v="134.1089"/>
    <tag k="ele" v="2.3463"/>
  </node>
  <node id="47724" lat="-3.61719882239" lon="62.09429628427">
    <tag k="local_x" v="-586.8967"/>
    <tag k="local_y" v="135.357"/>
    <tag k="ele" v="2.3463"/>
  </node>
  <node id="47726" lat="-3.61718325105" lon="62.09428197795">
    <tag k="local_x" v="-588.4874"/>
    <tag k="local_y" v="137.0768"/>
    <tag k="ele" v="2.3463"/>
  </node>
  <node id="47728" lat="-3.61716446206" lon="62.09427214414">
    <tag k="local_x" v="-589.5817"/>
    <tag k="local_y" v="139.1528"/>
    <tag k="ele" v="2.3463"/>
  </node>
  <node id="47731" lat="-3.61719100227" lon="62.09433871175">
    <tag k="local_x" v="-582.1852"/>
    <tag k="local_y" v="136.2262"/>
    <tag k="ele" v="2.3463"/>
  </node>
  <node id="47733" lat="-3.61718649653" lon="62.09432515524">
    <tag k="local_x" v="-583.6914"/>
    <tag k="local_y" v="136.7228"/>
    <tag k="ele" v="2.3463"/>
  </node>
  <node id="47735" lat="-3.61717864459" lon="62.09431325058">
    <tag k="local_x" v="-585.0145"/>
    <tag k="local_y" v="137.5895"/>
    <tag k="ele" v="2.3463"/>
  </node>
  <node id="47737" lat="-3.61716799813" lon="62.09430379313">
    <tag k="local_x" v="-586.0661"/>
    <tag k="local_y" v="138.7654"/>
    <tag k="ele" v="2.3463"/>
  </node>
  <node id="47739" lat="-3.6171552905" lon="62.0942974124">
    <tag k="local_x" v="-586.7762"/>
    <tag k="local_y" v="140.1695"/>
    <tag k="ele" v="2.3463"/>
  </node>
  <node id="47767" lat="-3.61705617636" lon="62.09440398909">
    <tag k="local_x" v="-574.9498"/>
    <tag k="local_y" v="151.1382"/>
    <tag k="ele" v="2.0024"/>
  </node>
  <node id="47768" lat="-3.61697786951" lon="62.09529388059">
    <tag k="local_x" v="-476.1194"/>
    <tag k="local_y" v="159.8934"/>
    <tag k="ele" v="1.8258"/>
  </node>
  <node id="47770" lat="-3.61702914237" lon="62.09440163271">
    <tag k="local_x" v="-575.2145"/>
    <tag k="local_y" v="154.1265"/>
    <tag k="ele" v="2.0024"/>
  </node>
  <node id="47771" lat="-3.61695083551" lon="62.09529152328">
    <tag k="local_x" v="-476.3842"/>
    <tag k="local_y" v="162.8817"/>
    <tag k="ele" v="1.8258"/>
  </node>
  <node id="47774" lat="-3.6169768516" lon="62.09530447325">
    <tag k="local_x" v="-474.943"/>
    <tag k="local_y" v="160.0071"/>
    <tag k="ele" v="1.8709"/>
  </node>
  <node id="47777" lat="-3.61694979526" lon="62.09530239147">
    <tag k="local_x" v="-475.1772"/>
    <tag k="local_y" v="162.9979"/>
    <tag k="ele" v="1.8709"/>
  </node>
  <node id="47785" lat="-3.61709323648" lon="62.09426615013">
    <tag k="local_x" v="-590.2553"/>
    <tag k="local_y" v="147.026"/>
    <tag k="ele" v="1.9444"/>
  </node>
  <node id="47787" lat="-3.61707381839" lon="62.09427304083">
    <tag k="local_x" v="-589.4921"/>
    <tag k="local_y" v="149.1734"/>
    <tag k="ele" v="1.9444"/>
  </node>
  <node id="47789" lat="-3.61705713278" lon="62.09428509229">
    <tag k="local_x" v="-588.1554"/>
    <tag k="local_y" v="151.0193"/>
    <tag k="ele" v="1.9444"/>
  </node>
  <node id="47791" lat="-3.61704452831" lon="62.09430132901">
    <tag k="local_x" v="-586.3534"/>
    <tag k="local_y" v="152.4145"/>
    <tag k="ele" v="1.9444"/>
  </node>
  <node id="47793" lat="-3.61703727731" lon="62.09431951145">
    <tag k="local_x" v="-584.3347"/>
    <tag k="local_y" v="153.2181"/>
    <tag k="ele" v="1.9444"/>
  </node>
  <node id="47795" lat="-3.61709862537" lon="62.0942926221">
    <tag k="local_x" v="-587.3145"/>
    <tag k="local_y" v="146.4332"/>
    <tag k="ele" v="1.9444"/>
  </node>
  <node id="47797" lat="-3.61708647301" lon="62.09429693511">
    <tag k="local_x" v="-586.8368"/>
    <tag k="local_y" v="147.7771"/>
    <tag k="ele" v="1.9444"/>
  </node>
  <node id="47799" lat="-3.61707603083" lon="62.09430447595">
    <tag k="local_x" v="-586.0004"/>
    <tag k="local_y" v="148.9323"/>
    <tag k="ele" v="1.9444"/>
  </node>
  <node id="47801" lat="-3.61706814311" lon="62.09431463786">
    <tag k="local_x" v="-584.8726"/>
    <tag k="local_y" v="149.8054"/>
    <tag k="ele" v="1.9444"/>
  </node>
  <node id="47803" lat="-3.61706319258" lon="62.0943275267">
    <tag k="local_x" v="-583.4416"/>
    <tag k="local_y" v="150.3541"/>
    <tag k="ele" v="1.9444"/>
  </node>
  <node id="47846" lat="-3.61688100293" lon="62.09618790061">
    <tag k="local_x" v="-376.8325"/>
    <tag k="local_y" v="170.7007"/>
    <tag k="ele" v="1.8293"/>
  </node>
  <node id="47847" lat="-3.61690805927" lon="62.09618998241">
    <tag k="local_x" v="-376.5983"/>
    <tag k="local_y" v="167.7099"/>
    <tag k="ele" v="1.8293"/>
  </node>
  <node id="47886" lat="-3.61692573584" lon="62.09629414467">
    <tag k="local_x" v="-365.0272"/>
    <tag k="local_y" v="165.7673"/>
    <tag k="ele" v="1.7121"/>
  </node>
  <node id="47887" lat="-3.61695022584" lon="62.09627537614">
    <tag k="local_x" v="-367.1091"/>
    <tag k="local_y" v="163.0579"/>
    <tag k="ele" v="1.7269"/>
  </node>
  <node id="47894" lat="-3.61688098019" lon="62.096207683">
    <tag k="local_x" v="-374.6353"/>
    <tag k="local_y" v="170.7054"/>
    <tag k="ele" v="1.8293"/>
  </node>
  <node id="47896" lat="-3.61688429609" lon="62.09622728291">
    <tag k="local_x" v="-372.458"/>
    <tag k="local_y" v="170.341"/>
    <tag k="ele" v="1.8293"/>
  </node>
  <node id="47898" lat="-3.6168911924" lon="62.09624605727">
    <tag k="local_x" v="-370.372"/>
    <tag k="local_y" v="169.5807"/>
    <tag k="ele" v="1.8293"/>
  </node>
  <node id="47901" lat="-3.61690858874" lon="62.09620474844">
    <tag k="local_x" v="-374.9582"/>
    <tag k="local_y" v="167.653"/>
    <tag k="ele" v="1.8293"/>
  </node>
  <node id="47903" lat="-3.61691210737" lon="62.09621902442">
    <tag k="local_x" v="-373.3722"/>
    <tag k="local_y" v="167.2656"/>
    <tag k="ele" v="1.8293"/>
  </node>
  <node id="47905" lat="-3.61691814156" lon="62.09623231473">
    <tag k="local_x" v="-371.8954"/>
    <tag k="local_y" v="166.6"/>
    <tag k="ele" v="1.8293"/>
  </node>
  <node id="47911" lat="-3.61693773582" lon="62.09630749749">
    <tag k="local_x" v="-363.5428"/>
    <tag k="local_y" v="164.4422"/>
    <tag k="ele" v="1.7195"/>
  </node>
  <node id="47913" lat="-3.61695160736" lon="62.09631901897">
    <tag k="local_x" v="-362.2616"/>
    <tag k="local_y" v="162.91"/>
    <tag k="ele" v="1.7195"/>
  </node>
  <node id="47916" lat="-3.61695932869" lon="62.09628626309">
    <tag k="local_x" v="-365.8989"/>
    <tag k="local_y" v="162.0528"/>
    <tag k="ele" v="1.7195"/>
  </node>
  <node id="47918" lat="-3.61696955392" lon="62.09629603611">
    <tag k="local_x" v="-364.8123"/>
    <tag k="local_y" v="160.9235"/>
    <tag k="ele" v="1.7195"/>
  </node>
  <node id="47923" lat="-3.61690309592" lon="62.09626426845">
    <tag k="local_x" v="-368.348"/>
    <tag k="local_y" v="168.2668"/>
    <tag k="ele" v="1.7707"/>
  </node>
  <node id="47924" lat="-3.61692755365" lon="62.09624578986">
    <tag k="local_x" v="-370.3977"/>
    <tag k="local_y" v="165.561"/>
    <tag k="ele" v="1.7781"/>
  </node>
  <node id="47930" lat="-3.61696672707" lon="62.09632858546">
    <tag k="local_x" v="-361.1974"/>
    <tag k="local_y" v="161.2396"/>
    <tag k="ele" v="1.7173"/>
  </node>
  <node id="47931" lat="-3.616981346" lon="62.09630412303">
    <tag k="local_x" v="-363.9128"/>
    <tag k="local_y" v="159.6208"/>
    <tag k="ele" v="1.7173"/>
  </node>
  <node id="47989" lat="-3.61703521939" lon="62.09434028353">
    <tag k="local_x" v="-582.0278"/>
    <tag k="local_y" v="153.4479"/>
    <tag k="ele" v="1.9734"/>
  </node>
  <node id="47990" lat="-3.61706178862" lon="62.09434282854">
    <tag k="local_x" v="-581.7422"/>
    <tag k="local_y" v="150.511"/>
    <tag k="ele" v="1.9734"/>
  </node>
  <node id="48001" lat="-3.61709363056" lon="62.09416382832">
    <tag k="local_x" v="-601.62"/>
    <tag k="local_y" v="146.9711"/>
    <tag k="ele" v="2.1041"/>
  </node>
  <node id="48002" lat="-3.6170871077" lon="62.09424605513">
    <tag k="local_x" v="-592.4879"/>
    <tag k="local_y" v="147.7013"/>
    <tag k="ele" v="2.0743"/>
  </node>
  <node id="48004" lat="-3.6170469695" lon="62.09415932431">
    <tag k="local_x" v="-602.1254"/>
    <tag k="local_y" v="152.1289"/>
    <tag k="ele" v="2.1041"/>
  </node>
  <node id="48005" lat="-3.61704044664" lon="62.09424155111">
    <tag k="local_x" v="-592.9933"/>
    <tag k="local_y" v="152.8591"/>
    <tag k="ele" v="2.0743"/>
  </node>
  <node id="48034" lat="-3.61695632699" lon="62.09743755391">
    <tag k="local_x" v="-238.027"/>
    <tag k="local_y" v="162.5118"/>
    <tag k="ele" v="1.9087"/>
  </node>
  <node id="48035" lat="-3.61695874123" lon="62.0974048492">
    <tag k="local_x" v="-241.6592"/>
    <tag k="local_y" v="162.2413"/>
    <tag k="ele" v="1.9043"/>
  </node>
  <node id="48036" lat="-3.6169668224" lon="62.09729667648">
    <tag k="local_x" v="-253.6729"/>
    <tag k="local_y" v="161.336"/>
    <tag k="ele" v="0.611"/>
  </node>
  <node id="48038" lat="-3.61693015826" lon="62.09743569177">
    <tag k="local_x" v="-238.2367"/>
    <tag k="local_y" v="165.4045"/>
    <tag k="ele" v="1.9087"/>
  </node>
  <node id="48039" lat="-3.61693257606" lon="62.09740293574">
    <tag k="local_x" v="-241.8746"/>
    <tag k="local_y" v="165.1336"/>
    <tag k="ele" v="1.9043"/>
  </node>
  <node id="48040" lat="-3.61694069439" lon="62.09729483051">
    <tag k="local_x" v="-253.8808"/>
    <tag k="local_y" v="164.2242"/>
    <tag k="ele" v="0.611"/>
  </node>
  <node id="48045" lat="-3.61697391546" lon="62.0971972759">
    <tag k="local_x" v="-264.7124"/>
    <tag k="local_y" v="160.5409"/>
    <tag k="ele" v="1.2599"/>
  </node>
  <node id="48046" lat="-3.61694776031" lon="62.09719543086">
    <tag k="local_x" v="-264.9202"/>
    <tag k="local_y" v="163.4321"/>
    <tag k="ele" v="1.2599"/>
  </node>
  <node id="48052" lat="-3.61700190071" lon="62.09705707533">
    <tag k="local_x" v="-280.2812"/>
    <tag k="local_y" v="157.4317"/>
    <tag k="ele" v="-0.6867"/>
  </node>
  <node id="48053" lat="-3.61697984505" lon="62.09704247105">
    <tag k="local_x" v="-281.9057"/>
    <tag k="local_y" v="159.8683"/>
    <tag k="ele" v="-0.6867"/>
  </node>
  <node id="48059" lat="-3.61697989958" lon="62.09711606878">
    <tag k="local_x" v="-273.7313"/>
    <tag k="local_y" v="159.8704"/>
    <tag k="ele" v="1.7412"/>
  </node>
  <node id="48061" lat="-3.61698291228" lon="62.09710021253">
    <tag k="local_x" v="-275.4921"/>
    <tag k="local_y" v="159.5356"/>
    <tag k="ele" v="1.7412"/>
  </node>
  <node id="48063" lat="-3.61698763184" lon="62.0970851694">
    <tag k="local_x" v="-277.1624"/>
    <tag k="local_y" v="159.0122"/>
    <tag k="ele" v="1.7412"/>
  </node>
  <node id="48065" lat="-3.61699404904" lon="62.09707076654">
    <tag k="local_x" v="-278.7614"/>
    <tag k="local_y" v="158.3012"/>
    <tag k="ele" v="1.7412"/>
  </node>
  <node id="48067" lat="-3.61695400091" lon="62.09711199334">
    <tag k="local_x" v="-274.1868"/>
    <tag k="local_y" v="162.733"/>
    <tag k="ele" v="1.7412"/>
  </node>
  <node id="48069" lat="-3.6169573868" lon="62.09709391737">
    <tag k="local_x" v="-276.1941"/>
    <tag k="local_y" v="162.3567"/>
    <tag k="ele" v="1.7412"/>
  </node>
  <node id="48071" lat="-3.61696292574" lon="62.09707597972">
    <tag k="local_x" v="-278.1858"/>
    <tag k="local_y" v="161.7424"/>
    <tag k="ele" v="1.7412"/>
  </node>
  <node id="48073" lat="-3.61697049349" lon="62.09705878825">
    <tag k="local_x" v="-280.0944"/>
    <tag k="local_y" v="160.9039"/>
    <tag k="ele" v="1.7412"/>
  </node>
  <node id="48113" lat="-3.61696868138" lon="62.0976002232">
    <tag k="local_x" v="-219.9582"/>
    <tag k="local_y" v="161.164"/>
    <tag k="ele" v="0.141"/>
  </node>
  <node id="48115" lat="-3.61696234034" lon="62.09757675388">
    <tag k="local_x" v="-222.5656"/>
    <tag k="local_y" v="161.8624"/>
    <tag k="ele" v="0.141"/>
  </node>
  <node id="48117" lat="-3.61695765091" lon="62.09755312717">
    <tag k="local_x" v="-225.1903"/>
    <tag k="local_y" v="162.3782"/>
    <tag k="ele" v="0.141"/>
  </node>
  <node id="48119" lat="-3.61695456957" lon="62.09752924136">
    <tag k="local_x" v="-227.8436"/>
    <tag k="local_y" v="162.7162"/>
    <tag k="ele" v="0.141"/>
  </node>
  <node id="48121" lat="-3.61695311181" lon="62.0975052054">
    <tag k="local_x" v="-230.5134"/>
    <tag k="local_y" v="162.8747"/>
    <tag k="ele" v="0.141"/>
  </node>
  <node id="48123" lat="-3.61695329018" lon="62.09748090852">
    <tag k="local_x" v="-233.212"/>
    <tag k="local_y" v="162.8523"/>
    <tag k="ele" v="0.141"/>
  </node>
  <node id="48124" lat="-3.61694373469" lon="62.0976073741">
    <tag k="local_x" v="-219.1667"/>
    <tag k="local_y" v="163.9226"/>
    <tag k="ele" v="0.141"/>
  </node>
  <node id="48126" lat="-3.61693700976" lon="62.09758265458">
    <tag k="local_x" v="-221.913"/>
    <tag k="local_y" v="164.6633"/>
    <tag k="ele" v="0.141"/>
  </node>
  <node id="48128" lat="-3.61693192333" lon="62.09755732571">
    <tag k="local_x" v="-224.7268"/>
    <tag k="local_y" v="165.2228"/>
    <tag k="ele" v="0.141"/>
  </node>
  <node id="48130" lat="-3.61692856256" lon="62.09753171152">
    <tag k="local_x" v="-227.5721"/>
    <tag k="local_y" v="165.5915"/>
    <tag k="ele" v="0.141"/>
  </node>
  <node id="48132" lat="-3.61692694113" lon="62.09750592815">
    <tag k="local_x" v="-230.436"/>
    <tag k="local_y" v="165.7679"/>
    <tag k="ele" v="0.141"/>
  </node>
  <node id="48134" lat="-3.6169270621" lon="62.09748031322">
    <tag k="local_x" v="-233.281"/>
    <tag k="local_y" v="165.7517"/>
    <tag k="ele" v="0.141"/>
  </node>
  <node id="48140" lat="-3.61704640483" lon="62.09771787003">
    <tag k="local_x" v="-206.8828"/>
    <tag k="local_y" v="152.5848"/>
    <tag k="ele" v="1.9169"/>
  </node>
  <node id="48143" lat="-3.61704407795" lon="62.09774658434">
    <tag k="local_x" v="-203.6938"/>
    <tag k="local_y" v="152.8452"/>
    <tag k="ele" v="1.9169"/>
  </node>
  <node id="48154" lat="-3.61706634441" lon="62.09771953846">
    <tag k="local_x" v="-206.6953"/>
    <tag k="local_y" v="150.3807"/>
    <tag k="ele" v="1.9145"/>
  </node>
  <node id="48155" lat="-3.61706401663" lon="62.09774825277">
    <tag k="local_x" v="-203.5063"/>
    <tag k="local_y" v="150.6412"/>
    <tag k="ele" v="1.9145"/>
  </node>
  <node id="48161" lat="-3.61703002086" lon="62.09771861912">
    <tag k="local_x" v="-206.8014"/>
    <tag k="local_y" v="154.3961"/>
    <tag k="ele" v="1.9169"/>
  </node>
  <node id="48162" lat="-3.6170173268" lon="62.09772219794">
    <tag k="local_x" v="-206.4053"/>
    <tag k="local_y" v="155.7998"/>
    <tag k="ele" v="1.9169"/>
  </node>
  <node id="48163" lat="-3.61700430955" lon="62.09772915697">
    <tag k="local_x" v="-205.6338"/>
    <tag k="local_y" v="157.2396"/>
    <tag k="ele" v="1.9169"/>
  </node>
  <node id="48164" lat="-3.61699435051" lon="62.0977377327">
    <tag k="local_x" v="-204.6824"/>
    <tag k="local_y" v="158.3415"/>
    <tag k="ele" v="1.9169"/>
  </node>
  <node id="48165" lat="-3.61703730073" lon="62.0977465001">
    <tag k="local_x" v="-203.7039"/>
    <tag k="local_y" v="153.5944"/>
    <tag k="ele" v="1.9169"/>
  </node>
  <node id="48166" lat="-3.61702756964" lon="62.09774872187">
    <tag k="local_x" v="-203.4582"/>
    <tag k="local_y" v="154.6704"/>
    <tag k="ele" v="1.9169"/>
  </node>
  <node id="48167" lat="-3.6170200309" lon="62.09775240634">
    <tag k="local_x" v="-203.0498"/>
    <tag k="local_y" v="155.5042"/>
    <tag k="ele" v="1.9169"/>
  </node>
  <node id="48168" lat="-3.61701234468" lon="62.09775877668">
    <tag k="local_x" v="-202.3431"/>
    <tag k="local_y" v="156.3546"/>
    <tag k="ele" v="1.9169"/>
  </node>
  <node id="48172" lat="-3.61703833474" lon="62.09771666525">
    <tag k="local_x" v="-207.0175"/>
    <tag k="local_y" v="153.4768"/>
    <tag k="ele" v="1.9169"/>
  </node>
  <node id="48173" lat="-3.6170281723" lon="62.09771359072">
    <tag k="local_x" v="-207.3601"/>
    <tag k="local_y" v="154.5999"/>
    <tag k="ele" v="1.9169"/>
  </node>
  <node id="48174" lat="-3.61701967859" lon="62.09770939181">
    <tag k="local_x" v="-207.8274"/>
    <tag k="local_y" v="155.5384"/>
    <tag k="ele" v="1.9169"/>
  </node>
  <node id="48175" lat="-3.61701194971" lon="62.09770382631">
    <tag k="local_x" v="-208.4464"/>
    <tag k="local_y" v="156.3922"/>
    <tag k="ele" v="1.9169"/>
  </node>
  <node id="48176" lat="-3.6170052083" lon="62.09769703088">
    <tag k="local_x" v="-209.2019"/>
    <tag k="local_y" v="157.1367"/>
    <tag k="ele" v="1.9169"/>
  </node>
  <node id="48177" lat="-3.61699910991" lon="62.09768827565">
    <tag k="local_x" v="-210.175"/>
    <tag k="local_y" v="157.8099"/>
    <tag k="ele" v="1.9169"/>
  </node>
  <node id="48178" lat="-3.61702891266" lon="62.0977439037">
    <tag k="local_x" v="-203.9932"/>
    <tag k="local_y" v="154.5214"/>
    <tag k="ele" v="1.9169"/>
  </node>
  <node id="48179" lat="-3.61701679845" lon="62.09773934463">
    <tag k="local_x" v="-204.5009"/>
    <tag k="local_y" v="155.8601"/>
    <tag k="ele" v="1.9169"/>
  </node>
  <node id="48180" lat="-3.6170045778" lon="62.09773236824">
    <tag k="local_x" v="-205.2771"/>
    <tag k="local_y" v="157.2103"/>
    <tag k="ele" v="1.9169"/>
  </node>
  <node id="48181" lat="-3.61699372031" lon="62.09772352228">
    <tag k="local_x" v="-206.2608"/>
    <tag k="local_y" v="158.4096"/>
    <tag k="ele" v="1.9169"/>
  </node>
  <node id="48182" lat="-3.61698450935" lon="62.09771306038">
    <tag k="local_x" v="-207.4238"/>
    <tag k="local_y" v="159.4267"/>
    <tag k="ele" v="1.9169"/>
  </node>
  <node id="48183" lat="-3.61697772226" lon="62.09770218282">
    <tag k="local_x" v="-208.6327"/>
    <tag k="local_y" v="160.1758"/>
    <tag k="ele" v="1.9169"/>
  </node>
  <node id="48214" lat="-3.61712202554" lon="62.09526129193">
    <tag k="local_x" v="-479.7231"/>
    <tag k="local_y" v="143.9536"/>
    <tag k="ele" v="2.2691"/>
  </node>
  <node id="48215" lat="-3.61709657924" lon="62.09525908611">
    <tag k="local_x" v="-479.9709"/>
    <tag k="local_y" v="146.7664"/>
    <tag k="ele" v="2.2691"/>
  </node>
  <node id="48223" lat="-3.61718612533" lon="62.09512862203">
    <tag k="local_x" v="-494.4515"/>
    <tag k="local_y" v="136.8528"/>
    <tag k="ele" v="-0.0062"/>
  </node>
  <node id="48224" lat="-3.61719064852" lon="62.09512076564">
    <tag k="local_x" v="-495.3236"/>
    <tag k="local_y" v="136.3519"/>
    <tag k="ele" v="-0.0062"/>
  </node>
  <node id="48226" lat="-3.61719865154" lon="62.09510378081">
    <tag k="local_x" v="-497.2092"/>
    <tag k="local_y" v="135.4653"/>
    <tag k="ele" v="-0.0062"/>
  </node>
  <node id="48228" lat="-3.6172046683" lon="62.09508609298">
    <tag k="local_x" v="-499.1731"/>
    <tag k="local_y" v="134.7982"/>
    <tag k="ele" v="-0.0062"/>
  </node>
  <node id="48230" lat="-3.61720864023" lon="62.09506792909">
    <tag k="local_x" v="-501.1901"/>
    <tag k="local_y" v="134.3571"/>
    <tag k="ele" v="-0.0062"/>
  </node>
  <node id="48232" lat="-3.61716417358" lon="62.09511482712">
    <tag k="local_x" v="-495.9861"/>
    <tag k="local_y" v="139.278"/>
    <tag k="ele" v="-0.0062"/>
  </node>
  <node id="48233" lat="-3.6171689782" lon="62.09510797703">
    <tag k="local_x" v="-496.7464"/>
    <tag k="local_y" v="138.7461"/>
    <tag k="ele" v="-0.0062"/>
  </node>
  <node id="48235" lat="-3.61717708385" lon="62.09509410909">
    <tag k="local_x" v="-498.2858"/>
    <tag k="local_y" v="137.8485"/>
    <tag k="ele" v="-0.0062"/>
  </node>
  <node id="48237" lat="-3.61718361282" lon="62.09507934777">
    <tag k="local_x" v="-499.9246"/>
    <tag k="local_y" v="137.1251"/>
    <tag k="ele" v="-0.0062"/>
  </node>
  <node id="48239" lat="-3.61718846669" lon="62.09506386964">
    <tag k="local_x" v="-501.6432"/>
    <tag k="local_y" v="136.5868"/>
    <tag k="ele" v="-0.0062"/>
  </node>
  <way id="21">
    <nd ref="14"/>
    <nd ref="20"/>
    <nd ref="83"/>
    <nd ref="104"/>
    <tag k="type" v="line_thin"/>
    <tag k="subtype" v="solid"/>
  </way>
  <way id="78">
    <nd ref="8"/>
    <nd ref="77"/>
    <nd ref="79"/>
    <nd ref="80"/>
    <tag k="type" v="line_thin"/>
    <tag k="subtype" v="solid"/>
  </way>
  <way id="315">
    <nd ref="302"/>
    <nd ref="314"/>
    <nd ref="318"/>
    <tag k="type" v="line_thin"/>
    <tag k="subtype" v="solid"/>
  </way>
  <way id="320">
    <nd ref="312"/>
    <nd ref="319"/>
    <nd ref="322"/>
    <tag k="type" v="line_thin"/>
    <tag k="subtype" v="solid"/>
  </way>
  <way id="470">
    <nd ref="467"/>
    <nd ref="474"/>
    <nd ref="476"/>
    <tag k="type" v="line_thin"/>
    <tag k="subtype" v="solid"/>
  </way>
  <way id="478">
    <nd ref="461"/>
    <nd ref="479"/>
    <nd ref="481"/>
    <tag k="type" v="line_thin"/>
    <tag k="subtype" v="solid"/>
  </way>
  <way id="510">
    <nd ref="502"/>
    <nd ref="511"/>
    <nd ref="513"/>
    <nd ref="514"/>
    <tag k="type" v="line_thin"/>
    <tag k="subtype" v="solid"/>
  </way>
  <way id="516">
    <nd ref="507"/>
    <nd ref="517"/>
    <nd ref="519"/>
    <nd ref="520"/>
    <tag k="type" v="line_thin"/>
    <tag k="subtype" v="solid"/>
  </way>
  <way id="523">
    <nd ref="514"/>
    <nd ref="522"/>
    <nd ref="1047"/>
    <nd ref="524"/>
    <tag k="type" v="line_thin"/>
    <tag k="subtype" v="solid"/>
  </way>
  <way id="526">
    <nd ref="520"/>
    <nd ref="525"/>
    <nd ref="527"/>
    <tag k="type" v="line_thin"/>
    <tag k="subtype" v="solid"/>
  </way>
  <way id="746">
    <nd ref="730"/>
    <nd ref="748"/>
    <nd ref="749"/>
    <nd ref="750"/>
    <nd ref="751"/>
    <tag k="type" v="line_thin"/>
    <tag k="subtype" v="solid"/>
  </way>
  <way id="756">
    <nd ref="743"/>
    <nd ref="757"/>
    <nd ref="758"/>
    <nd ref="759"/>
    <nd ref="760"/>
    <tag k="type" v="line_thin"/>
    <tag k="subtype" v="solid"/>
  </way>
  <way id="1699">
    <nd ref="1486"/>
    <nd ref="1697"/>
    <tag k="type" v="line_thin"/>
    <tag k="subtype" v="solid"/>
  </way>
  <way id="1701">
    <nd ref="1488"/>
    <nd ref="1698"/>
    <tag k="type" v="line_thin"/>
    <tag k="subtype" v="solid"/>
  </way>
  <way id="2425">
    <nd ref="1475"/>
    <nd ref="2423"/>
    <tag k="type" v="line_thin"/>
    <tag k="subtype" v="solid"/>
  </way>
  <way id="2427">
    <nd ref="1472"/>
    <nd ref="2424"/>
    <tag k="type" v="line_thin"/>
    <tag k="subtype" v="solid"/>
  </way>
  <way id="4345">
    <nd ref="524"/>
    <nd ref="1031"/>
    <nd ref="529"/>
    <nd ref="531"/>
    <nd ref="533"/>
    <nd ref="535"/>
    <nd ref="536"/>
    <nd ref="4343"/>
    <tag k="type" v="line_thin"/>
    <tag k="subtype" v="solid"/>
  </way>
  <way id="4347">
    <nd ref="527"/>
    <nd ref="1032"/>
    <nd ref="1036"/>
    <nd ref="546"/>
    <nd ref="548"/>
    <nd ref="552"/>
    <nd ref="553"/>
    <nd ref="554"/>
    <nd ref="1283"/>
    <nd ref="4344"/>
    <tag k="type" v="line_thin"/>
    <tag k="subtype" v="solid"/>
  </way>
  <way id="4893">
    <nd ref="4827"/>
    <nd ref="4868"/>
    <nd ref="4872"/>
    <nd ref="4876"/>
    <nd ref="4058"/>
    <tag k="type" v="line_thin"/>
    <tag k="subtype" v="solid"/>
  </way>
  <way id="4894">
    <nd ref="4828"/>
    <nd ref="4882"/>
    <nd ref="4886"/>
    <nd ref="4890"/>
    <nd ref="4059"/>
    <tag k="type" v="line_thin"/>
    <tag k="subtype" v="solid"/>
  </way>
  <way id="9782">
    <nd ref="164"/>
    <nd ref="9780"/>
    <tag k="type" v="line_thin"/>
    <tag k="subtype" v="solid"/>
  </way>
  <way id="9784">
    <nd ref="170"/>
    <nd ref="9781"/>
    <tag k="type" v="line_thin"/>
    <tag k="subtype" v="solid"/>
  </way>
  <way id="9883">
    <nd ref="760"/>
    <nd ref="767"/>
    <nd ref="769"/>
    <nd ref="9881"/>
    <tag k="type" v="line_thin"/>
    <tag k="subtype" v="solid"/>
  </way>
  <way id="9885">
    <nd ref="751"/>
    <nd ref="762"/>
    <nd ref="764"/>
    <nd ref="9882"/>
    <tag k="type" v="line_thin"/>
    <tag k="subtype" v="solid"/>
  </way>
  <way id="9907">
    <nd ref="723"/>
    <nd ref="9905"/>
    <tag k="type" v="line_thin"/>
    <tag k="subtype" v="solid"/>
  </way>
  <way id="9908">
    <nd ref="9905"/>
    <nd ref="741"/>
    <nd ref="743"/>
    <tag k="type" v="line_thin"/>
    <tag k="subtype" v="solid"/>
  </way>
  <way id="9909">
    <nd ref="706"/>
    <nd ref="9906"/>
    <tag k="type" v="line_thin"/>
    <tag k="subtype" v="solid"/>
  </way>
  <way id="9910">
    <nd ref="9906"/>
    <nd ref="728"/>
    <nd ref="730"/>
    <tag k="type" v="line_thin"/>
    <tag k="subtype" v="solid"/>
  </way>
  <way id="10721">
    <nd ref="10718"/>
    <nd ref="312"/>
    <tag k="type" v="line_thin"/>
    <tag k="subtype" v="solid"/>
    <tag k="lane_change" v="yes"/>
  </way>
  <way id="10826">
    <nd ref="10823"/>
    <nd ref="302"/>
    <tag k="type" v="line_thin"/>
    <tag k="subtype" v="solid"/>
    <tag k="lane_change" v="yes"/>
  </way>
  <way id="10828">
    <nd ref="10824"/>
    <nd ref="10718"/>
    <nd ref="312"/>
    <tag k="type" v="line_thin"/>
    <tag k="subtype" v="solid"/>
    <tag k="lane_change" v="yes"/>
  </way>
  <way id="12381">
    <nd ref="12378"/>
    <nd ref="11917"/>
    <tag k="type" v="line_thin"/>
    <tag k="subtype" v="solid"/>
  </way>
  <way id="12383">
    <nd ref="12379"/>
    <nd ref="11918"/>
    <tag k="type" v="line_thin"/>
    <tag k="subtype" v="solid"/>
  </way>
  <way id="12385">
    <nd ref="12360"/>
    <nd ref="12378"/>
    <tag k="type" v="line_thin"/>
    <tag k="subtype" v="solid"/>
  </way>
  <way id="12386">
    <nd ref="12365"/>
    <nd ref="12379"/>
    <tag k="type" v="line_thin"/>
    <tag k="subtype" v="solid"/>
  </way>
  <way id="14853">
    <nd ref="14851"/>
    <nd ref="14852"/>
    <tag k="type" v="line_thin"/>
    <tag k="subtype" v="solid"/>
  </way>
  <way id="14856">
    <nd ref="14854"/>
    <nd ref="14855"/>
    <tag k="type" v="line_thin"/>
    <tag k="subtype" v="solid"/>
  </way>
  <way id="15108">
    <nd ref="15106"/>
    <nd ref="15107"/>
    <tag k="type" v="line_thin"/>
    <tag k="subtype" v="solid"/>
  </way>
  <way id="15111">
    <nd ref="15109"/>
    <nd ref="15110"/>
    <tag k="type" v="line_thin"/>
    <tag k="subtype" v="solid"/>
  </way>
  <way id="15277">
    <nd ref="182"/>
    <nd ref="15109"/>
    <tag k="type" v="line_thin"/>
    <tag k="subtype" v="solid"/>
  </way>
  <way id="15278">
    <nd ref="188"/>
    <nd ref="15106"/>
    <tag k="type" v="line_thin"/>
    <tag k="subtype" v="solid"/>
  </way>
  <way id="21008">
    <nd ref="20994"/>
    <nd ref="20996"/>
    <nd ref="20997"/>
    <nd ref="20998"/>
    <nd ref="20999"/>
    <nd ref="21000"/>
    <tag k="type" v="line_thin"/>
    <tag k="subtype" v="solid"/>
  </way>
  <way id="21009">
    <nd ref="21001"/>
    <nd ref="21003"/>
    <nd ref="21004"/>
    <nd ref="21005"/>
    <nd ref="21006"/>
    <nd ref="21007"/>
    <tag k="type" v="line_thin"/>
    <tag k="subtype" v="solid"/>
  </way>
  <way id="21051">
    <nd ref="20987"/>
    <nd ref="8036"/>
    <tag k="type" v="line_thin"/>
    <tag k="subtype" v="solid"/>
  </way>
  <way id="21052">
    <nd ref="20988"/>
    <nd ref="8037"/>
    <tag k="type" v="line_thin"/>
    <tag k="subtype" v="solid"/>
  </way>
  <way id="21118">
    <nd ref="21115"/>
    <nd ref="10332"/>
    <nd ref="10339"/>
    <tag k="type" v="line_thin"/>
    <tag k="subtype" v="solid"/>
  </way>
  <way id="21120">
    <nd ref="21116"/>
    <nd ref="10333"/>
    <nd ref="10340"/>
    <tag k="type" v="line_thin"/>
    <tag k="subtype" v="solid"/>
  </way>
  <way id="21133">
    <nd ref="21125"/>
    <nd ref="21126"/>
    <nd ref="21127"/>
    <nd ref="21128"/>
    <tag k="type" v="line_thin"/>
    <tag k="subtype" v="solid"/>
  </way>
  <way id="21134">
    <nd ref="21129"/>
    <nd ref="21130"/>
    <nd ref="21131"/>
    <nd ref="21132"/>
    <tag k="type" v="line_thin"/>
    <tag k="subtype" v="solid"/>
  </way>
  <way id="21138">
    <nd ref="7015"/>
    <nd ref="21136"/>
    <tag k="type" v="line_thin"/>
    <tag k="subtype" v="solid"/>
  </way>
  <way id="21140">
    <nd ref="7016"/>
    <nd ref="21137"/>
    <tag k="type" v="line_thin"/>
    <tag k="subtype" v="solid"/>
  </way>
  <way id="21170">
    <nd ref="21136"/>
    <nd ref="21115"/>
    <tag k="type" v="line_thin"/>
    <tag k="subtype" v="solid"/>
  </way>
  <way id="21171">
    <nd ref="21137"/>
    <nd ref="21116"/>
    <tag k="type" v="line_thin"/>
    <tag k="subtype" v="solid"/>
  </way>
  <way id="21773">
    <nd ref="10339"/>
    <nd ref="10741"/>
    <nd ref="10743"/>
    <nd ref="10746"/>
    <nd ref="10749"/>
    <nd ref="10752"/>
    <nd ref="10755"/>
    <nd ref="16252"/>
    <nd ref="21739"/>
    <nd ref="16259"/>
    <nd ref="16262"/>
    <nd ref="16265"/>
    <nd ref="16268"/>
    <nd ref="16271"/>
    <nd ref="10823"/>
    <tag k="type" v="line_thin"/>
    <tag k="subtype" v="solid"/>
  </way>
  <way id="21774">
    <nd ref="10340"/>
    <nd ref="10766"/>
    <nd ref="10769"/>
    <nd ref="10772"/>
    <nd ref="10775"/>
    <nd ref="10778"/>
    <nd ref="10781"/>
    <nd ref="10784"/>
    <nd ref="16253"/>
    <nd ref="21740"/>
    <nd ref="16274"/>
    <nd ref="16277"/>
    <nd ref="16280"/>
    <nd ref="16283"/>
    <nd ref="16286"/>
    <nd ref="10824"/>
    <tag k="type" v="line_thin"/>
    <tag k="subtype" v="solid"/>
  </way>
  <way id="21775">
    <nd ref="21128"/>
    <nd ref="21208"/>
    <nd ref="21210"/>
    <nd ref="21212"/>
    <nd ref="21214"/>
    <nd ref="21216"/>
    <nd ref="21218"/>
    <nd ref="16452"/>
    <nd ref="16455"/>
    <nd ref="16458"/>
    <nd ref="16461"/>
    <nd ref="10823"/>
    <tag k="type" v="line_thin"/>
    <tag k="subtype" v="solid"/>
  </way>
  <way id="21776">
    <nd ref="21132"/>
    <nd ref="21219"/>
    <nd ref="21221"/>
    <nd ref="21223"/>
    <nd ref="21225"/>
    <nd ref="21227"/>
    <nd ref="21229"/>
    <nd ref="16465"/>
    <nd ref="16468"/>
    <nd ref="16471"/>
    <nd ref="16474"/>
    <nd ref="16477"/>
    <nd ref="10824"/>
    <tag k="type" v="line_thin"/>
    <tag k="subtype" v="solid"/>
  </way>
  <way id="22020">
    <nd ref="22003"/>
    <nd ref="21994"/>
    <nd ref="21125"/>
    <tag k="type" v="line_thin"/>
    <tag k="subtype" v="solid"/>
  </way>
  <way id="22021">
    <nd ref="22004"/>
    <nd ref="21998"/>
    <nd ref="22011"/>
    <nd ref="21129"/>
    <tag k="type" v="line_thin"/>
    <tag k="subtype" v="solid"/>
  </way>
  <way id="22079">
    <nd ref="22043"/>
    <nd ref="22047"/>
    <nd ref="22055"/>
    <nd ref="22058"/>
    <nd ref="22061"/>
    <nd ref="10823"/>
    <tag k="type" v="line_thin"/>
    <tag k="subtype" v="solid"/>
  </way>
  <way id="22080">
    <nd ref="22040"/>
    <nd ref="22048"/>
    <nd ref="22066"/>
    <nd ref="22068"/>
    <nd ref="22073"/>
    <nd ref="10824"/>
    <tag k="type" v="line_thin"/>
    <tag k="subtype" v="solid"/>
  </way>
  <way id="22430">
    <nd ref="22408"/>
    <nd ref="22338"/>
    <tag k="type" v="line_thin"/>
    <tag k="subtype" v="solid"/>
  </way>
  <way id="22431">
    <nd ref="22405"/>
    <nd ref="22339"/>
    <tag k="type" v="line_thin"/>
    <tag k="subtype" v="solid"/>
  </way>
  <way id="23754">
    <nd ref="23727"/>
    <nd ref="23752"/>
    <tag k="type" v="line_thin"/>
    <tag k="subtype" v="solid"/>
  </way>
  <way id="23755">
    <nd ref="23752"/>
    <nd ref="22900"/>
    <tag k="type" v="line_thin"/>
    <tag k="subtype" v="solid"/>
  </way>
  <way id="23756">
    <nd ref="23728"/>
    <nd ref="23753"/>
    <tag k="type" v="line_thin"/>
    <tag k="subtype" v="solid"/>
  </way>
  <way id="23757">
    <nd ref="23753"/>
    <nd ref="22901"/>
    <tag k="type" v="line_thin"/>
    <tag k="subtype" v="solid"/>
  </way>
  <way id="24197">
    <nd ref="24194"/>
    <nd ref="24151"/>
    <tag k="type" v="line_thin"/>
    <tag k="subtype" v="solid"/>
  </way>
  <way id="24199">
    <nd ref="24195"/>
    <nd ref="24153"/>
    <tag k="type" v="line_thin"/>
    <tag k="subtype" v="solid"/>
  </way>
  <way id="24293">
    <nd ref="24151"/>
    <nd ref="24291"/>
    <tag k="type" v="line_thin"/>
    <tag k="subtype" v="solid"/>
  </way>
  <way id="24295">
    <nd ref="24153"/>
    <nd ref="24292"/>
    <tag k="type" v="line_thin"/>
    <tag k="subtype" v="solid"/>
  </way>
  <way id="24355">
    <nd ref="24284"/>
    <nd ref="24263"/>
    <tag k="type" v="line_thin"/>
    <tag k="subtype" v="solid"/>
  </way>
  <way id="24356">
    <nd ref="24285"/>
    <nd ref="24264"/>
    <tag k="type" v="line_thin"/>
    <tag k="subtype" v="solid"/>
  </way>
  <way id="24358">
    <nd ref="23903"/>
    <nd ref="24284"/>
    <tag k="type" v="line_thin"/>
    <tag k="subtype" v="solid"/>
  </way>
  <way id="24359">
    <nd ref="23904"/>
    <nd ref="24285"/>
    <tag k="type" v="line_thin"/>
    <tag k="subtype" v="solid"/>
  </way>
  <way id="24582">
    <nd ref="24549"/>
    <nd ref="24550"/>
    <nd ref="24483"/>
    <nd ref="23924"/>
    <tag k="type" v="line_thin"/>
    <tag k="subtype" v="solid"/>
  </way>
  <way id="24583">
    <nd ref="24551"/>
    <nd ref="24552"/>
    <nd ref="24484"/>
    <nd ref="23925"/>
    <tag k="type" v="line_thin"/>
    <tag k="subtype" v="solid"/>
  </way>
  <way id="24605">
    <nd ref="24328"/>
    <nd ref="24389"/>
    <tag k="type" v="line_thin"/>
    <tag k="subtype" v="solid"/>
  </way>
  <way id="24606">
    <nd ref="24344"/>
    <nd ref="24391"/>
    <tag k="type" v="line_thin"/>
    <tag k="subtype" v="solid"/>
  </way>
  <way id="25086">
    <nd ref="25077"/>
    <nd ref="23878"/>
    <tag k="type" v="line_thin"/>
    <tag k="subtype" v="solid"/>
  </way>
  <way id="25087">
    <nd ref="25078"/>
    <nd ref="23875"/>
    <tag k="type" v="line_thin"/>
    <tag k="subtype" v="solid"/>
  </way>
  <way id="25227">
    <nd ref="24899"/>
    <nd ref="25168"/>
    <nd ref="25172"/>
    <nd ref="25176"/>
    <nd ref="25202"/>
    <nd ref="25206"/>
    <nd ref="25210"/>
    <nd ref="25195"/>
    <nd ref="19125"/>
    <tag k="type" v="line_thin"/>
    <tag k="subtype" v="solid"/>
  </way>
  <way id="25228">
    <nd ref="24901"/>
    <nd ref="25179"/>
    <nd ref="25183"/>
    <nd ref="25187"/>
    <nd ref="25160"/>
    <nd ref="25214"/>
    <nd ref="25218"/>
    <nd ref="19129"/>
    <tag k="type" v="line_thin"/>
    <tag k="subtype" v="solid"/>
  </way>
  <way id="25242">
    <nd ref="25036"/>
    <nd ref="25240"/>
    <tag k="type" v="line_thin"/>
    <tag k="subtype" v="solid"/>
  </way>
  <way id="25243">
    <nd ref="25240"/>
    <nd ref="24899"/>
    <tag k="type" v="line_thin"/>
    <tag k="subtype" v="solid"/>
  </way>
  <way id="25244">
    <nd ref="25037"/>
    <nd ref="25241"/>
    <tag k="type" v="line_thin"/>
    <tag k="subtype" v="solid"/>
  </way>
  <way id="25245">
    <nd ref="25241"/>
    <nd ref="24901"/>
    <tag k="type" v="line_thin"/>
    <tag k="subtype" v="solid"/>
  </way>
  <way id="25386">
    <nd ref="25383"/>
    <nd ref="19406"/>
    <tag k="type" v="line_thin"/>
    <tag k="subtype" v="solid"/>
  </way>
  <way id="25388">
    <nd ref="25384"/>
    <nd ref="19409"/>
    <tag k="type" v="line_thin"/>
    <tag k="subtype" v="solid"/>
  </way>
  <way id="25394">
    <nd ref="25390"/>
    <nd ref="25391"/>
    <tag k="type" v="line_thin"/>
    <tag k="subtype" v="solid"/>
  </way>
  <way id="25395">
    <nd ref="25392"/>
    <nd ref="25393"/>
    <tag k="type" v="line_thin"/>
    <tag k="subtype" v="solid"/>
  </way>
  <way id="25409">
    <nd ref="25402"/>
    <nd ref="24827"/>
    <nd ref="25383"/>
    <tag k="type" v="line_thin"/>
    <tag k="subtype" v="solid"/>
  </way>
  <way id="25410">
    <nd ref="25403"/>
    <nd ref="24828"/>
    <nd ref="25384"/>
    <tag k="type" v="line_thin"/>
    <tag k="subtype" v="solid"/>
  </way>
  <way id="25411">
    <nd ref="25334"/>
    <nd ref="25390"/>
    <tag k="type" v="line_thin"/>
    <tag k="subtype" v="solid"/>
  </way>
  <way id="25412">
    <nd ref="25360"/>
    <nd ref="25392"/>
    <tag k="type" v="line_thin"/>
    <tag k="subtype" v="solid"/>
  </way>
  <way id="25710">
    <nd ref="25707"/>
    <nd ref="25672"/>
    <tag k="type" v="line_thin"/>
    <tag k="subtype" v="solid"/>
  </way>
  <way id="25712">
    <nd ref="25708"/>
    <nd ref="25673"/>
    <tag k="type" v="line_thin"/>
    <tag k="subtype" v="solid"/>
  </way>
  <way id="25734">
    <nd ref="25391"/>
    <nd ref="25730"/>
    <nd ref="25707"/>
    <tag k="type" v="line_thin"/>
    <tag k="subtype" v="solid"/>
  </way>
  <way id="25735">
    <nd ref="25393"/>
    <nd ref="25732"/>
    <nd ref="25708"/>
    <tag k="type" v="line_thin"/>
    <tag k="subtype" v="solid"/>
  </way>
  <way id="25747">
    <nd ref="25414"/>
    <nd ref="25036"/>
    <tag k="type" v="line_thin"/>
    <tag k="subtype" v="solid"/>
  </way>
  <way id="25748">
    <nd ref="25417"/>
    <nd ref="25037"/>
    <tag k="type" v="line_thin"/>
    <tag k="subtype" v="solid"/>
  </way>
  <way id="26169">
    <nd ref="26133"/>
    <nd ref="26134"/>
    <nd ref="25919"/>
    <tag k="type" v="line_thin"/>
    <tag k="subtype" v="solid"/>
  </way>
  <way id="26170">
    <nd ref="26135"/>
    <nd ref="26136"/>
    <nd ref="25934"/>
    <tag k="type" v="line_thin"/>
    <tag k="subtype" v="solid"/>
  </way>
  <way id="26254">
    <nd ref="26205"/>
    <nd ref="26206"/>
    <nd ref="26171"/>
    <tag k="type" v="line_thin"/>
    <tag k="subtype" v="solid"/>
  </way>
  <way id="26255">
    <nd ref="26207"/>
    <nd ref="26208"/>
    <nd ref="26186"/>
    <tag k="type" v="line_thin"/>
    <tag k="subtype" v="solid"/>
  </way>
  <way id="26548">
    <nd ref="26421"/>
    <nd ref="26529"/>
    <nd ref="26133"/>
    <tag k="type" v="line_thin"/>
    <tag k="subtype" v="solid"/>
  </way>
  <way id="26549">
    <nd ref="26425"/>
    <nd ref="26538"/>
    <nd ref="26135"/>
    <tag k="type" v="line_thin"/>
    <tag k="subtype" v="solid"/>
  </way>
  <way id="26575">
    <nd ref="26414"/>
    <nd ref="26565"/>
    <nd ref="26205"/>
    <tag k="type" v="line_thin"/>
    <tag k="subtype" v="solid"/>
  </way>
  <way id="26576">
    <nd ref="26415"/>
    <nd ref="26566"/>
    <nd ref="26207"/>
    <tag k="type" v="line_thin"/>
    <tag k="subtype" v="solid"/>
  </way>
  <way id="26584">
    <nd ref="26555"/>
    <nd ref="26126"/>
    <nd ref="25955"/>
    <tag k="type" v="line_thin"/>
    <tag k="subtype" v="solid"/>
  </way>
  <way id="26585">
    <nd ref="26556"/>
    <nd ref="26127"/>
    <nd ref="25956"/>
    <tag k="type" v="line_thin"/>
    <tag k="subtype" v="solid"/>
  </way>
  <way id="27343">
    <nd ref="27340"/>
    <nd ref="4095"/>
    <tag k="type" v="line_thin"/>
    <tag k="subtype" v="solid"/>
  </way>
  <way id="27345">
    <nd ref="27341"/>
    <nd ref="4092"/>
    <tag k="type" v="line_thin"/>
    <tag k="subtype" v="solid"/>
  </way>
  <way id="27668">
    <nd ref="27562"/>
    <nd ref="27482"/>
    <tag k="type" v="line_thin"/>
    <tag k="subtype" v="solid"/>
  </way>
  <way id="27669">
    <nd ref="27563"/>
    <nd ref="27483"/>
    <tag k="type" v="line_thin"/>
    <tag k="subtype" v="solid"/>
  </way>
  <way id="28274">
    <nd ref="1697"/>
    <nd ref="1475"/>
    <tag k="type" v="line_thin"/>
    <tag k="subtype" v="solid"/>
  </way>
  <way id="28275">
    <nd ref="1698"/>
    <nd ref="1472"/>
    <tag k="type" v="line_thin"/>
    <tag k="subtype" v="solid"/>
  </way>
  <way id="28282">
    <nd ref="1778"/>
    <nd ref="28280"/>
    <tag k="type" v="line_thin"/>
    <tag k="subtype" v="solid"/>
  </way>
  <way id="28284">
    <nd ref="1775"/>
    <nd ref="28281"/>
    <tag k="type" v="line_thin"/>
    <tag k="subtype" v="solid"/>
  </way>
  <way id="28287">
    <nd ref="28158"/>
    <nd ref="1778"/>
    <tag k="type" v="line_thin"/>
    <tag k="subtype" v="solid"/>
  </way>
  <way id="28288">
    <nd ref="28159"/>
    <nd ref="1775"/>
    <tag k="type" v="line_thin"/>
    <tag k="subtype" v="solid"/>
  </way>
  <way id="28649">
    <nd ref="1817"/>
    <nd ref="28645"/>
    <nd ref="28646"/>
    <nd ref="5"/>
    <tag k="type" v="line_thin"/>
    <tag k="subtype" v="solid"/>
  </way>
  <way id="28650">
    <nd ref="1818"/>
    <nd ref="28647"/>
    <nd ref="28648"/>
    <nd ref="172"/>
    <tag k="type" v="line_thin"/>
    <tag k="subtype" v="solid"/>
  </way>
  <way id="28707">
    <nd ref="28700"/>
    <nd ref="164"/>
    <tag k="type" v="line_thin"/>
    <tag k="subtype" v="solid"/>
  </way>
  <way id="28708">
    <nd ref="28701"/>
    <nd ref="170"/>
    <tag k="type" v="line_thin"/>
    <tag k="subtype" v="solid"/>
  </way>
  <way id="28710">
    <nd ref="9780"/>
    <nd ref="182"/>
    <tag k="type" v="line_thin"/>
    <tag k="subtype" v="solid"/>
  </way>
  <way id="28711">
    <nd ref="9781"/>
    <nd ref="188"/>
    <tag k="type" v="line_thin"/>
    <tag k="subtype" v="solid"/>
  </way>
  <way id="29369">
    <nd ref="4058"/>
    <nd ref="28078"/>
    <tag k="type" v="line_thin"/>
    <tag k="subtype" v="solid"/>
  </way>
  <way id="29370">
    <nd ref="4059"/>
    <nd ref="28079"/>
    <tag k="type" v="line_thin"/>
    <tag k="subtype" v="solid"/>
  </way>
  <way id="30958">
    <nd ref="30876"/>
    <nd ref="30869"/>
    <tag k="type" v="line_thin"/>
    <tag k="subtype" v="solid"/>
  </way>
  <way id="30959">
    <nd ref="30877"/>
    <nd ref="30870"/>
    <tag k="type" v="line_thin"/>
    <tag k="subtype" v="solid"/>
  </way>
  <way id="31853">
    <nd ref="31828"/>
    <nd ref="31851"/>
    <tag k="type" v="line_thin"/>
    <tag k="subtype" v="solid"/>
  </way>
  <way id="31855">
    <nd ref="31838"/>
    <nd ref="31852"/>
    <tag k="type" v="line_thin"/>
    <tag k="subtype" v="solid"/>
  </way>
  <way id="32266">
    <nd ref="32262"/>
    <nd ref="32263"/>
    <tag k="type" v="line_thin"/>
    <tag k="subtype" v="solid"/>
  </way>
  <way id="32267">
    <nd ref="32264"/>
    <nd ref="32265"/>
    <tag k="type" v="line_thin"/>
    <tag k="subtype" v="solid"/>
  </way>
  <way id="32453">
    <nd ref="32450"/>
    <nd ref="32281"/>
    <nd ref="32287"/>
    <nd ref="32293"/>
    <nd ref="32299"/>
    <nd ref="32305"/>
    <nd ref="32311"/>
    <nd ref="32317"/>
    <nd ref="32323"/>
    <nd ref="31956"/>
    <tag k="type" v="line_thin"/>
    <tag k="subtype" v="solid"/>
  </way>
  <way id="32455">
    <nd ref="32451"/>
    <nd ref="32335"/>
    <nd ref="32341"/>
    <nd ref="32347"/>
    <nd ref="32353"/>
    <nd ref="32359"/>
    <nd ref="32365"/>
    <nd ref="32371"/>
    <nd ref="32377"/>
    <nd ref="31953"/>
    <tag k="type" v="line_thin"/>
    <tag k="subtype" v="solid"/>
  </way>
  <way id="32486">
    <nd ref="31956"/>
    <nd ref="32484"/>
    <tag k="type" v="line_thin"/>
    <tag k="subtype" v="solid"/>
  </way>
  <way id="32487">
    <nd ref="32484"/>
    <nd ref="31957"/>
    <tag k="type" v="line_thin"/>
    <tag k="subtype" v="solid"/>
  </way>
  <way id="32488">
    <nd ref="31953"/>
    <nd ref="32485"/>
    <tag k="type" v="line_thin"/>
    <tag k="subtype" v="solid"/>
  </way>
  <way id="32489">
    <nd ref="32485"/>
    <nd ref="31954"/>
    <tag k="type" v="line_thin"/>
    <tag k="subtype" v="solid"/>
  </way>
  <way id="32507">
    <nd ref="32450"/>
    <nd ref="32457"/>
    <nd ref="32461"/>
    <nd ref="32465"/>
    <nd ref="32505"/>
    <tag k="type" v="line_thin"/>
    <tag k="subtype" v="solid"/>
  </way>
  <way id="32508">
    <nd ref="32505"/>
    <nd ref="32262"/>
    <tag k="type" v="line_thin"/>
    <tag k="subtype" v="solid"/>
  </way>
  <way id="32509">
    <nd ref="32451"/>
    <nd ref="32473"/>
    <nd ref="32477"/>
    <nd ref="32506"/>
    <tag k="type" v="line_thin"/>
    <tag k="subtype" v="solid"/>
  </way>
  <way id="32510">
    <nd ref="32506"/>
    <nd ref="32264"/>
    <tag k="type" v="line_thin"/>
    <tag k="subtype" v="solid"/>
  </way>
  <way id="32786">
    <nd ref="32491"/>
    <nd ref="32498"/>
    <nd ref="32505"/>
    <tag k="type" v="line_thin"/>
    <tag k="subtype" v="solid"/>
  </way>
  <way id="32787">
    <nd ref="32493"/>
    <nd ref="32499"/>
    <nd ref="32506"/>
    <tag k="type" v="line_thin"/>
    <tag k="subtype" v="solid"/>
  </way>
  <way id="32843">
    <nd ref="27482"/>
    <nd ref="607"/>
    <nd ref="32841"/>
    <tag k="type" v="line_thin"/>
    <tag k="subtype" v="solid"/>
  </way>
  <way id="32845">
    <nd ref="27483"/>
    <nd ref="612"/>
    <nd ref="32842"/>
    <tag k="type" v="line_thin"/>
    <tag k="subtype" v="solid"/>
  </way>
  <way id="33009">
    <nd ref="11522"/>
    <nd ref="33007"/>
    <tag k="type" v="line_thin"/>
    <tag k="subtype" v="solid"/>
  </way>
  <way id="33011">
    <nd ref="11521"/>
    <nd ref="33008"/>
    <tag k="type" v="line_thin"/>
    <tag k="subtype" v="solid"/>
  </way>
  <way id="33116">
    <nd ref="33007"/>
    <nd ref="33091"/>
    <nd ref="33093"/>
    <nd ref="33095"/>
    <nd ref="33097"/>
    <nd ref="33099"/>
    <nd ref="33101"/>
    <nd ref="33083"/>
    <tag k="type" v="line_thin"/>
    <tag k="subtype" v="solid"/>
  </way>
  <way id="33117">
    <nd ref="33008"/>
    <nd ref="33103"/>
    <nd ref="33104"/>
    <nd ref="33105"/>
    <nd ref="33106"/>
    <nd ref="33108"/>
    <nd ref="33109"/>
    <nd ref="33110"/>
    <nd ref="33112"/>
    <nd ref="33113"/>
    <nd ref="33115"/>
    <nd ref="33084"/>
    <tag k="type" v="line_thin"/>
    <tag k="subtype" v="solid"/>
  </way>
  <way id="33122">
    <nd ref="33119"/>
    <nd ref="11524"/>
    <tag k="type" v="line_thin"/>
    <tag k="subtype" v="solid"/>
  </way>
  <way id="33124">
    <nd ref="33120"/>
    <nd ref="11523"/>
    <tag k="type" v="line_thin"/>
    <tag k="subtype" v="solid"/>
  </way>
  <way id="33126">
    <nd ref="32967"/>
    <nd ref="32974"/>
    <nd ref="32976"/>
    <nd ref="32978"/>
    <nd ref="32980"/>
    <nd ref="32960"/>
    <nd ref="15719"/>
    <nd ref="15721"/>
    <nd ref="15723"/>
    <nd ref="33119"/>
    <tag k="type" v="line_thin"/>
    <tag k="subtype" v="solid"/>
  </way>
  <way id="33127">
    <nd ref="32968"/>
    <nd ref="32982"/>
    <nd ref="32983"/>
    <nd ref="32984"/>
    <nd ref="32985"/>
    <nd ref="32986"/>
    <nd ref="32987"/>
    <nd ref="32989"/>
    <nd ref="32961"/>
    <nd ref="15740"/>
    <nd ref="15742"/>
    <nd ref="15744"/>
    <nd ref="33120"/>
    <tag k="type" v="line_thin"/>
    <tag k="subtype" v="solid"/>
  </way>
  <way id="33141">
    <nd ref="5"/>
    <nd ref="33139"/>
    <tag k="type" v="line_thin"/>
    <tag k="subtype" v="solid"/>
  </way>
  <way id="33143">
    <nd ref="172"/>
    <nd ref="33140"/>
    <tag k="type" v="line_thin"/>
    <tag k="subtype" v="solid"/>
  </way>
  <way id="33155">
    <nd ref="33146"/>
    <nd ref="32993"/>
    <nd ref="11750"/>
    <nd ref="11764"/>
    <nd ref="11765"/>
    <nd ref="11760"/>
    <nd ref="11761"/>
    <nd ref="11785"/>
    <nd ref="11786"/>
    <nd ref="11787"/>
    <nd ref="11788"/>
    <nd ref="11789"/>
    <nd ref="28059"/>
    <nd ref="28060"/>
    <nd ref="28061"/>
    <nd ref="28062"/>
    <nd ref="28063"/>
    <nd ref="28065"/>
    <nd ref="11771"/>
    <tag k="type" v="line_thin"/>
    <tag k="subtype" v="solid"/>
  </way>
  <way id="33156">
    <nd ref="33147"/>
    <nd ref="32994"/>
    <nd ref="11751"/>
    <nd ref="11766"/>
    <nd ref="11793"/>
    <nd ref="28067"/>
    <nd ref="28068"/>
    <nd ref="28071"/>
    <nd ref="11772"/>
    <tag k="type" v="line_thin"/>
    <tag k="subtype" v="solid"/>
  </way>
  <way id="33157">
    <nd ref="33146"/>
    <nd ref="27562"/>
    <tag k="type" v="line_thin"/>
    <tag k="subtype" v="solid"/>
  </way>
  <way id="33158">
    <nd ref="33147"/>
    <nd ref="27563"/>
    <tag k="type" v="line_thin"/>
    <tag k="subtype" v="solid"/>
  </way>
  <way id="33166">
    <nd ref="11771"/>
    <nd ref="8"/>
    <tag k="type" v="line_thin"/>
    <tag k="subtype" v="solid"/>
  </way>
  <way id="33167">
    <nd ref="11772"/>
    <nd ref="14"/>
    <tag k="type" v="line_thin"/>
    <tag k="subtype" v="solid"/>
  </way>
  <way id="33169">
    <nd ref="33139"/>
    <nd ref="11771"/>
    <tag k="type" v="line_thin"/>
    <tag k="subtype" v="solid"/>
  </way>
  <way id="33170">
    <nd ref="33140"/>
    <nd ref="11772"/>
    <tag k="type" v="line_thin"/>
    <tag k="subtype" v="solid"/>
  </way>
  <way id="33174">
    <nd ref="11381"/>
    <nd ref="43337"/>
    <nd ref="33172"/>
    <tag k="type" v="line_thin"/>
    <tag k="subtype" v="solid"/>
  </way>
  <way id="33176">
    <nd ref="11380"/>
    <nd ref="43338"/>
    <nd ref="33173"/>
    <tag k="type" v="line_thin"/>
    <tag k="subtype" v="solid"/>
  </way>
  <way id="33230">
    <nd ref="33172"/>
    <nd ref="33205"/>
    <nd ref="33207"/>
    <nd ref="33209"/>
    <nd ref="33211"/>
    <nd ref="33213"/>
    <nd ref="33215"/>
    <nd ref="33216"/>
    <nd ref="33186"/>
    <tag k="type" v="line_thin"/>
    <tag k="subtype" v="solid"/>
  </way>
  <way id="33231">
    <nd ref="33173"/>
    <nd ref="33218"/>
    <nd ref="33219"/>
    <nd ref="33220"/>
    <nd ref="33222"/>
    <nd ref="33223"/>
    <nd ref="33224"/>
    <nd ref="33226"/>
    <nd ref="33227"/>
    <nd ref="33228"/>
    <nd ref="33229"/>
    <nd ref="33187"/>
    <tag k="type" v="line_thin"/>
    <tag k="subtype" v="solid"/>
  </way>
  <way id="33267">
    <nd ref="33264"/>
    <nd ref="28652"/>
    <tag k="type" v="line_thin"/>
    <tag k="subtype" v="solid"/>
  </way>
  <way id="33269">
    <nd ref="33265"/>
    <nd ref="28653"/>
    <tag k="type" v="line_thin"/>
    <tag k="subtype" v="solid"/>
  </way>
  <way id="33273">
    <nd ref="609"/>
    <nd ref="33271"/>
    <tag k="type" v="line_thin"/>
    <tag k="subtype" v="solid"/>
  </way>
  <way id="33275">
    <nd ref="614"/>
    <nd ref="33272"/>
    <tag k="type" v="line_thin"/>
    <tag k="subtype" v="solid"/>
  </way>
  <way id="33278">
    <nd ref="33271"/>
    <nd ref="33233"/>
    <tag k="type" v="line_thin"/>
    <tag k="subtype" v="solid"/>
  </way>
  <way id="33279">
    <nd ref="33272"/>
    <nd ref="33252"/>
    <tag k="type" v="line_thin"/>
    <tag k="subtype" v="solid"/>
  </way>
  <way id="33281">
    <nd ref="33251"/>
    <nd ref="33264"/>
    <tag k="type" v="line_thin"/>
    <tag k="subtype" v="solid"/>
  </way>
  <way id="33282">
    <nd ref="33260"/>
    <nd ref="33265"/>
    <tag k="type" v="line_thin"/>
    <tag k="subtype" v="solid"/>
  </way>
  <way id="33286">
    <nd ref="33083"/>
    <nd ref="33284"/>
    <tag k="type" v="line_thin"/>
    <tag k="subtype" v="solid"/>
  </way>
  <way id="33287">
    <nd ref="33284"/>
    <nd ref="33146"/>
    <tag k="type" v="line_thin"/>
    <tag k="subtype" v="solid"/>
  </way>
  <way id="33288">
    <nd ref="33084"/>
    <nd ref="33285"/>
    <tag k="type" v="line_thin"/>
    <tag k="subtype" v="solid"/>
  </way>
  <way id="33289">
    <nd ref="33285"/>
    <nd ref="33147"/>
    <tag k="type" v="line_thin"/>
    <tag k="subtype" v="solid"/>
  </way>
  <way id="33493">
    <nd ref="33490"/>
    <nd ref="26614"/>
    <nd ref="26616"/>
    <nd ref="26618"/>
    <nd ref="26620"/>
    <nd ref="302"/>
    <tag k="type" v="line_thin"/>
    <tag k="subtype" v="solid"/>
  </way>
  <way id="33495">
    <nd ref="33491"/>
    <nd ref="26627"/>
    <nd ref="26629"/>
    <nd ref="26631"/>
    <nd ref="26633"/>
    <nd ref="312"/>
    <tag k="type" v="line_thin"/>
    <tag k="subtype" v="solid"/>
  </way>
  <way id="33740">
    <nd ref="33661"/>
    <nd ref="33729"/>
    <nd ref="33696"/>
    <nd ref="33698"/>
    <nd ref="33709"/>
    <nd ref="33710"/>
    <nd ref="33711"/>
    <nd ref="33712"/>
    <nd ref="23752"/>
    <tag k="type" v="line_thin"/>
    <tag k="subtype" v="solid"/>
  </way>
  <way id="33741">
    <nd ref="33662"/>
    <nd ref="33730"/>
    <nd ref="33701"/>
    <nd ref="33704"/>
    <nd ref="33685"/>
    <nd ref="33714"/>
    <nd ref="33715"/>
    <nd ref="33716"/>
    <nd ref="23753"/>
    <tag k="type" v="line_thin"/>
    <tag k="subtype" v="solid"/>
  </way>
  <way id="35102">
    <nd ref="35099"/>
    <nd ref="35089"/>
    <tag k="type" v="line_thin"/>
    <tag k="subtype" v="solid"/>
  </way>
  <way id="35104">
    <nd ref="35100"/>
    <nd ref="35086"/>
    <tag k="type" v="line_thin"/>
    <tag k="subtype" v="solid"/>
  </way>
  <way id="35342">
    <nd ref="4095"/>
    <nd ref="35340"/>
    <tag k="type" v="line_thin"/>
    <tag k="subtype" v="solid"/>
  </way>
  <way id="35343">
    <nd ref="35340"/>
    <nd ref="4096"/>
    <tag k="type" v="line_thin"/>
    <tag k="subtype" v="solid"/>
  </way>
  <way id="35344">
    <nd ref="4092"/>
    <nd ref="35341"/>
    <tag k="type" v="line_thin"/>
    <tag k="subtype" v="solid"/>
  </way>
  <way id="35345">
    <nd ref="35341"/>
    <nd ref="4093"/>
    <tag k="type" v="line_thin"/>
    <tag k="subtype" v="solid"/>
  </way>
  <way id="35413">
    <nd ref="35347"/>
    <nd ref="27340"/>
    <tag k="type" v="line_thin"/>
    <tag k="subtype" v="solid"/>
  </way>
  <way id="35414">
    <nd ref="35349"/>
    <nd ref="27341"/>
    <tag k="type" v="line_thin"/>
    <tag k="subtype" v="solid"/>
  </way>
  <way id="35652">
    <nd ref="35635"/>
    <nd ref="24328"/>
    <tag k="type" v="line_thin"/>
    <tag k="subtype" v="solid"/>
  </way>
  <way id="35653">
    <nd ref="35637"/>
    <nd ref="24344"/>
    <tag k="type" v="line_thin"/>
    <tag k="subtype" v="solid"/>
  </way>
  <way id="36292">
    <nd ref="20939"/>
    <nd ref="36290"/>
    <tag k="type" v="line_thin"/>
    <tag k="subtype" v="solid"/>
  </way>
  <way id="36294">
    <nd ref="20940"/>
    <nd ref="36291"/>
    <tag k="type" v="line_thin"/>
    <tag k="subtype" v="solid"/>
  </way>
  <way id="36299">
    <nd ref="36290"/>
    <nd ref="10160"/>
    <nd ref="266"/>
    <nd ref="10167"/>
    <nd ref="36297"/>
    <tag k="type" v="line_thin"/>
    <tag k="subtype" v="solid"/>
  </way>
  <way id="36301">
    <nd ref="36291"/>
    <nd ref="10161"/>
    <nd ref="272"/>
    <nd ref="10168"/>
    <nd ref="36298"/>
    <tag k="type" v="line_thin"/>
    <tag k="subtype" v="solid"/>
  </way>
  <way id="37131">
    <nd ref="37110"/>
    <nd ref="32526"/>
    <nd ref="31956"/>
    <tag k="type" v="line_thin"/>
    <tag k="subtype" v="solid"/>
  </way>
  <way id="37132">
    <nd ref="37113"/>
    <nd ref="32527"/>
    <nd ref="31953"/>
    <tag k="type" v="line_thin"/>
    <tag k="subtype" v="solid"/>
  </way>
  <way id="37884">
    <nd ref="28078"/>
    <nd ref="37882"/>
    <tag k="type" v="line_thin"/>
    <tag k="subtype" v="solid"/>
  </way>
  <way id="37886">
    <nd ref="28079"/>
    <nd ref="37883"/>
    <tag k="type" v="line_thin"/>
    <tag k="subtype" v="solid"/>
  </way>
  <way id="37932">
    <nd ref="37928"/>
    <nd ref="37929"/>
    <tag k="type" v="line_thin"/>
    <tag k="subtype" v="solid"/>
  </way>
  <way id="37933">
    <nd ref="37930"/>
    <nd ref="37931"/>
    <tag k="type" v="line_thin"/>
    <tag k="subtype" v="solid"/>
  </way>
  <way id="38196">
    <nd ref="38193"/>
    <nd ref="722"/>
    <nd ref="1100"/>
    <nd ref="1099"/>
    <nd ref="1146"/>
    <nd ref="1101"/>
    <nd ref="1147"/>
    <nd ref="723"/>
    <tag k="type" v="line_thin"/>
    <tag k="subtype" v="solid"/>
  </way>
  <way id="38198">
    <nd ref="38194"/>
    <nd ref="705"/>
    <nd ref="1093"/>
    <nd ref="1094"/>
    <nd ref="1148"/>
    <nd ref="1149"/>
    <nd ref="1095"/>
    <nd ref="706"/>
    <tag k="type" v="line_thin"/>
    <tag k="subtype" v="solid"/>
  </way>
  <way id="38416">
    <nd ref="38382"/>
    <nd ref="38393"/>
    <nd ref="38394"/>
    <nd ref="38395"/>
    <nd ref="38396"/>
    <nd ref="38397"/>
    <nd ref="38398"/>
    <nd ref="38399"/>
    <nd ref="38400"/>
    <nd ref="38401"/>
    <nd ref="38193"/>
    <tag k="type" v="line_thin"/>
    <tag k="subtype" v="solid"/>
  </way>
  <way id="38417">
    <nd ref="38379"/>
    <nd ref="38402"/>
    <nd ref="38404"/>
    <nd ref="38406"/>
    <nd ref="38408"/>
    <nd ref="38410"/>
    <nd ref="38194"/>
    <tag k="type" v="line_thin"/>
    <tag k="subtype" v="solid"/>
  </way>
  <way id="38491">
    <nd ref="38432"/>
    <nd ref="38425"/>
    <nd ref="38470"/>
    <nd ref="38471"/>
    <nd ref="38472"/>
    <nd ref="38473"/>
    <nd ref="38474"/>
    <nd ref="38475"/>
    <nd ref="38476"/>
    <nd ref="38477"/>
    <nd ref="38478"/>
    <nd ref="38193"/>
    <tag k="type" v="line_thin"/>
    <tag k="subtype" v="solid"/>
  </way>
  <way id="38492">
    <nd ref="38433"/>
    <nd ref="38426"/>
    <nd ref="38479"/>
    <nd ref="38480"/>
    <nd ref="38481"/>
    <nd ref="38482"/>
    <nd ref="38483"/>
    <nd ref="38484"/>
    <nd ref="38485"/>
    <nd ref="38486"/>
    <nd ref="38487"/>
    <nd ref="38194"/>
    <tag k="type" v="line_thin"/>
    <tag k="subtype" v="solid"/>
  </way>
  <way id="38535">
    <nd ref="35618"/>
    <nd ref="38528"/>
    <tag k="type" v="line_thin"/>
    <tag k="subtype" v="solid"/>
  </way>
  <way id="38536">
    <nd ref="35619"/>
    <nd ref="38525"/>
    <tag k="type" v="line_thin"/>
    <tag k="subtype" v="solid"/>
  </way>
  <way id="38680">
    <nd ref="38528"/>
    <nd ref="38678"/>
    <tag k="type" v="line_thin"/>
    <tag k="subtype" v="solid"/>
  </way>
  <way id="38682">
    <nd ref="38525"/>
    <nd ref="38679"/>
    <tag k="type" v="line_thin"/>
    <tag k="subtype" v="solid"/>
  </way>
  <way id="38916">
    <nd ref="38867"/>
    <nd ref="28700"/>
    <tag k="type" v="line_thin"/>
    <tag k="subtype" v="solid"/>
  </way>
  <way id="38917">
    <nd ref="38869"/>
    <nd ref="28701"/>
    <tag k="type" v="line_thin"/>
    <tag k="subtype" v="solid"/>
  </way>
  <way id="39003">
    <nd ref="35333"/>
    <nd ref="38938"/>
    <nd ref="38978"/>
    <nd ref="38979"/>
    <nd ref="38980"/>
    <nd ref="38981"/>
    <nd ref="38982"/>
    <nd ref="38983"/>
    <nd ref="38984"/>
    <nd ref="38985"/>
    <nd ref="38986"/>
    <nd ref="38987"/>
    <nd ref="38988"/>
    <nd ref="34081"/>
    <tag k="type" v="line_thin"/>
    <tag k="subtype" v="solid"/>
  </way>
  <way id="39004">
    <nd ref="35334"/>
    <nd ref="38939"/>
    <nd ref="38989"/>
    <nd ref="38990"/>
    <nd ref="38991"/>
    <nd ref="38992"/>
    <nd ref="38993"/>
    <nd ref="38994"/>
    <nd ref="38995"/>
    <nd ref="38996"/>
    <nd ref="38997"/>
    <nd ref="38998"/>
    <nd ref="38999"/>
    <nd ref="34082"/>
    <tag k="type" v="line_thin"/>
    <tag k="subtype" v="solid"/>
  </way>
  <way id="39025">
    <nd ref="35089"/>
    <nd ref="39005"/>
    <nd ref="39006"/>
    <nd ref="39007"/>
    <nd ref="39008"/>
    <nd ref="39009"/>
    <nd ref="39010"/>
    <nd ref="39011"/>
    <nd ref="39012"/>
    <nd ref="39013"/>
    <nd ref="39014"/>
    <nd ref="34081"/>
    <tag k="type" v="line_thin"/>
    <tag k="subtype" v="solid"/>
  </way>
  <way id="39026">
    <nd ref="35086"/>
    <nd ref="39015"/>
    <nd ref="39016"/>
    <nd ref="39017"/>
    <nd ref="39018"/>
    <nd ref="39019"/>
    <nd ref="39020"/>
    <nd ref="39021"/>
    <nd ref="39022"/>
    <nd ref="39023"/>
    <nd ref="39024"/>
    <nd ref="34082"/>
    <tag k="type" v="line_thin"/>
    <tag k="subtype" v="solid"/>
  </way>
  <way id="39056">
    <nd ref="34042"/>
    <nd ref="39028"/>
    <nd ref="39035"/>
    <nd ref="39036"/>
    <nd ref="39037"/>
    <nd ref="39038"/>
    <nd ref="39039"/>
    <nd ref="39040"/>
    <nd ref="39041"/>
    <nd ref="39042"/>
    <nd ref="39043"/>
    <nd ref="34081"/>
    <tag k="type" v="line_thin"/>
    <tag k="subtype" v="solid"/>
  </way>
  <way id="39057">
    <nd ref="34039"/>
    <nd ref="39029"/>
    <nd ref="39044"/>
    <nd ref="39045"/>
    <nd ref="39046"/>
    <nd ref="39047"/>
    <nd ref="39048"/>
    <nd ref="39049"/>
    <nd ref="39050"/>
    <nd ref="39051"/>
    <nd ref="39052"/>
    <nd ref="34082"/>
    <tag k="type" v="line_thin"/>
    <tag k="subtype" v="solid"/>
  </way>
  <way id="39060">
    <nd ref="34081"/>
    <nd ref="39058"/>
    <tag k="type" v="line_thin"/>
    <tag k="subtype" v="solid"/>
  </way>
  <way id="39062">
    <nd ref="34082"/>
    <nd ref="39059"/>
    <tag k="type" v="line_thin"/>
    <tag k="subtype" v="solid"/>
  </way>
  <way id="39081">
    <nd ref="39058"/>
    <nd ref="39065"/>
    <nd ref="39066"/>
    <nd ref="39067"/>
    <nd ref="39068"/>
    <nd ref="39069"/>
    <nd ref="39070"/>
    <nd ref="39071"/>
    <nd ref="39072"/>
    <nd ref="14854"/>
    <tag k="type" v="line_thin"/>
    <tag k="subtype" v="solid"/>
  </way>
  <way id="39082">
    <nd ref="39059"/>
    <nd ref="39073"/>
    <nd ref="39074"/>
    <nd ref="39075"/>
    <nd ref="39076"/>
    <nd ref="39077"/>
    <nd ref="39078"/>
    <nd ref="39079"/>
    <nd ref="39080"/>
    <nd ref="14851"/>
    <tag k="type" v="line_thin"/>
    <tag k="subtype" v="solid"/>
  </way>
  <way id="39130">
    <nd ref="14855"/>
    <nd ref="39110"/>
    <nd ref="39111"/>
    <nd ref="39112"/>
    <nd ref="39113"/>
    <nd ref="39114"/>
    <nd ref="39115"/>
    <nd ref="39116"/>
    <nd ref="39117"/>
    <nd ref="39118"/>
    <nd ref="39119"/>
    <nd ref="9905"/>
    <tag k="type" v="line_thin"/>
    <tag k="subtype" v="solid"/>
  </way>
  <way id="39131">
    <nd ref="14852"/>
    <nd ref="39120"/>
    <nd ref="39121"/>
    <nd ref="39122"/>
    <nd ref="39123"/>
    <nd ref="39124"/>
    <nd ref="39125"/>
    <nd ref="39126"/>
    <nd ref="39127"/>
    <nd ref="39128"/>
    <nd ref="39129"/>
    <nd ref="9906"/>
    <tag k="type" v="line_thin"/>
    <tag k="subtype" v="solid"/>
  </way>
  <way id="39198">
    <nd ref="31444"/>
    <nd ref="30537"/>
    <tag k="type" v="line_thin"/>
    <tag k="subtype" v="solid"/>
  </way>
  <way id="39199">
    <nd ref="31445"/>
    <nd ref="30546"/>
    <tag k="type" v="line_thin"/>
    <tag k="subtype" v="solid"/>
  </way>
  <way id="39207">
    <nd ref="37924"/>
    <nd ref="39205"/>
    <tag k="type" v="line_thin"/>
    <tag k="subtype" v="solid"/>
  </way>
  <way id="39209">
    <nd ref="37921"/>
    <nd ref="39206"/>
    <tag k="type" v="line_thin"/>
    <tag k="subtype" v="solid"/>
  </way>
  <way id="39335">
    <nd ref="13506"/>
    <nd ref="39317"/>
    <nd ref="39318"/>
    <nd ref="39319"/>
    <nd ref="39320"/>
    <nd ref="39321"/>
    <nd ref="39322"/>
    <nd ref="39323"/>
    <nd ref="39324"/>
    <nd ref="39325"/>
    <nd ref="37928"/>
    <tag k="type" v="line_thin"/>
    <tag k="subtype" v="solid"/>
  </way>
  <way id="39336">
    <nd ref="13503"/>
    <nd ref="39326"/>
    <nd ref="39327"/>
    <nd ref="39328"/>
    <nd ref="39329"/>
    <nd ref="39330"/>
    <nd ref="39331"/>
    <nd ref="39332"/>
    <nd ref="39333"/>
    <nd ref="37930"/>
    <tag k="type" v="line_thin"/>
    <tag k="subtype" v="solid"/>
  </way>
  <way id="39341">
    <nd ref="31729"/>
    <nd ref="31800"/>
    <nd ref="31804"/>
    <nd ref="31808"/>
    <nd ref="31810"/>
    <nd ref="31790"/>
    <nd ref="25328"/>
    <nd ref="25330"/>
    <nd ref="25332"/>
    <nd ref="25334"/>
    <tag k="type" v="line_thin"/>
    <tag k="subtype" v="solid"/>
  </way>
  <way id="39342">
    <nd ref="31730"/>
    <nd ref="31814"/>
    <nd ref="31818"/>
    <nd ref="31822"/>
    <nd ref="31824"/>
    <nd ref="31791"/>
    <nd ref="25352"/>
    <nd ref="25354"/>
    <nd ref="25356"/>
    <nd ref="25358"/>
    <nd ref="25360"/>
    <tag k="type" v="line_thin"/>
    <tag k="subtype" v="solid"/>
  </way>
  <way id="39359">
    <nd ref="11917"/>
    <nd ref="2402"/>
    <nd ref="1966"/>
    <tag k="type" v="line_thin"/>
    <tag k="subtype" v="solid"/>
  </way>
  <way id="39360">
    <nd ref="11918"/>
    <nd ref="2403"/>
    <nd ref="1967"/>
    <tag k="type" v="line_thin"/>
    <tag k="subtype" v="solid"/>
  </way>
  <way id="39363">
    <nd ref="1966"/>
    <nd ref="1976"/>
    <nd ref="1980"/>
    <nd ref="1393"/>
    <nd ref="1733"/>
    <nd ref="1737"/>
    <nd ref="1741"/>
    <nd ref="1745"/>
    <nd ref="1749"/>
    <nd ref="4827"/>
    <tag k="type" v="line_thin"/>
    <tag k="subtype" v="solid"/>
  </way>
  <way id="39364">
    <nd ref="1967"/>
    <nd ref="1984"/>
    <nd ref="1988"/>
    <nd ref="1390"/>
    <nd ref="1752"/>
    <nd ref="1754"/>
    <nd ref="2410"/>
    <nd ref="1757"/>
    <nd ref="1759"/>
    <nd ref="1761"/>
    <nd ref="1763"/>
    <nd ref="1765"/>
    <nd ref="1767"/>
    <nd ref="1769"/>
    <nd ref="4828"/>
    <tag k="type" v="line_thin"/>
    <tag k="subtype" v="solid"/>
  </way>
  <way id="39367">
    <nd ref="37882"/>
    <nd ref="39365"/>
    <tag k="type" v="line_thin"/>
    <tag k="subtype" v="solid"/>
  </way>
  <way id="39369">
    <nd ref="37883"/>
    <nd ref="39366"/>
    <tag k="type" v="line_thin"/>
    <tag k="subtype" v="solid"/>
  </way>
  <way id="40109">
    <nd ref="40106"/>
    <nd ref="39884"/>
    <nd ref="387"/>
    <tag k="type" v="line_thin"/>
    <tag k="subtype" v="solid"/>
  </way>
  <way id="40111">
    <nd ref="40107"/>
    <nd ref="39888"/>
    <nd ref="382"/>
    <tag k="type" v="line_thin"/>
    <tag k="subtype" v="solid"/>
  </way>
  <way id="40168">
    <nd ref="40165"/>
    <nd ref="40118"/>
    <nd ref="40120"/>
    <nd ref="40122"/>
    <nd ref="40124"/>
    <nd ref="40126"/>
    <nd ref="40106"/>
    <tag k="type" v="line_thin"/>
    <tag k="subtype" v="solid"/>
  </way>
  <way id="40170">
    <nd ref="40166"/>
    <nd ref="40132"/>
    <nd ref="40134"/>
    <nd ref="40136"/>
    <nd ref="40138"/>
    <nd ref="40140"/>
    <nd ref="40107"/>
    <tag k="type" v="line_thin"/>
    <tag k="subtype" v="solid"/>
  </way>
  <way id="40200">
    <nd ref="318"/>
    <nd ref="40173"/>
    <nd ref="40175"/>
    <nd ref="40177"/>
    <nd ref="40179"/>
    <nd ref="40181"/>
    <nd ref="40183"/>
    <nd ref="40185"/>
    <nd ref="40165"/>
    <tag k="type" v="line_thin"/>
    <tag k="subtype" v="solid"/>
  </way>
  <way id="40201">
    <nd ref="322"/>
    <nd ref="40187"/>
    <nd ref="40189"/>
    <nd ref="40191"/>
    <nd ref="40193"/>
    <nd ref="40195"/>
    <nd ref="40197"/>
    <nd ref="40199"/>
    <nd ref="40166"/>
    <tag k="type" v="line_thin"/>
    <tag k="subtype" v="solid"/>
  </way>
  <way id="40320">
    <nd ref="24027"/>
    <nd ref="23903"/>
    <tag k="type" v="line_thin"/>
    <tag k="subtype" v="solid"/>
  </way>
  <way id="40321">
    <nd ref="24029"/>
    <nd ref="23904"/>
    <tag k="type" v="line_thin"/>
    <tag k="subtype" v="solid"/>
  </way>
  <way id="40329">
    <nd ref="24311"/>
    <nd ref="24549"/>
    <tag k="type" v="line_thin"/>
    <tag k="subtype" v="solid"/>
  </way>
  <way id="40330">
    <nd ref="24329"/>
    <nd ref="24551"/>
    <tag k="type" v="line_thin"/>
    <tag k="subtype" v="solid"/>
  </way>
  <way id="40422">
    <nd ref="33500"/>
    <nd ref="40420"/>
    <tag k="type" v="line_thin"/>
    <tag k="subtype" v="solid"/>
  </way>
  <way id="40424">
    <nd ref="33497"/>
    <nd ref="40421"/>
    <tag k="type" v="line_thin"/>
    <tag k="subtype" v="solid"/>
  </way>
  <way id="40437">
    <nd ref="40420"/>
    <nd ref="40428"/>
    <nd ref="40430"/>
    <nd ref="33490"/>
    <tag k="type" v="line_thin"/>
    <tag k="subtype" v="solid"/>
  </way>
  <way id="40438">
    <nd ref="40421"/>
    <nd ref="40433"/>
    <nd ref="40435"/>
    <nd ref="33491"/>
    <tag k="type" v="line_thin"/>
    <tag k="subtype" v="solid"/>
  </way>
  <way id="40442">
    <nd ref="34420"/>
    <nd ref="40440"/>
    <tag k="type" v="line_thin"/>
    <tag k="subtype" v="solid"/>
  </way>
  <way id="40444">
    <nd ref="34422"/>
    <nd ref="40441"/>
    <tag k="type" v="line_thin"/>
    <tag k="subtype" v="solid"/>
  </way>
  <way id="40467">
    <nd ref="40440"/>
    <nd ref="40447"/>
    <nd ref="40449"/>
    <nd ref="40451"/>
    <nd ref="40453"/>
    <nd ref="40455"/>
    <nd ref="33490"/>
    <tag k="type" v="line_thin"/>
    <tag k="subtype" v="solid"/>
  </way>
  <way id="40468">
    <nd ref="40441"/>
    <nd ref="40457"/>
    <nd ref="40459"/>
    <nd ref="40461"/>
    <nd ref="40463"/>
    <nd ref="40465"/>
    <nd ref="33491"/>
    <tag k="type" v="line_thin"/>
    <tag k="subtype" v="solid"/>
  </way>
  <way id="40475">
    <nd ref="25919"/>
    <nd ref="26441"/>
    <nd ref="26444"/>
    <nd ref="26432"/>
    <nd ref="40473"/>
    <tag k="type" v="line_thin"/>
    <tag k="subtype" v="solid"/>
  </way>
  <way id="40477">
    <nd ref="25934"/>
    <nd ref="26447"/>
    <nd ref="26450"/>
    <nd ref="26433"/>
    <nd ref="40474"/>
    <tag k="type" v="line_thin"/>
    <tag k="subtype" v="solid"/>
  </way>
  <way id="40511">
    <nd ref="40508"/>
    <nd ref="26029"/>
    <nd ref="26153"/>
    <nd ref="26154"/>
    <nd ref="26156"/>
    <nd ref="26133"/>
    <tag k="type" v="line_thin"/>
    <tag k="subtype" v="solid"/>
  </way>
  <way id="40513">
    <nd ref="40509"/>
    <nd ref="26050"/>
    <nd ref="26053"/>
    <nd ref="26147"/>
    <nd ref="26158"/>
    <nd ref="26160"/>
    <nd ref="26135"/>
    <tag k="type" v="line_thin"/>
    <tag k="subtype" v="solid"/>
  </way>
  <way id="40593">
    <nd ref="40590"/>
    <nd ref="26015"/>
    <tag k="type" v="line_thin"/>
    <tag k="subtype" v="solid"/>
  </way>
  <way id="40595">
    <nd ref="40591"/>
    <nd ref="26040"/>
    <tag k="type" v="line_thin"/>
    <tag k="subtype" v="solid"/>
  </way>
  <way id="40636">
    <nd ref="26171"/>
    <nd ref="26377"/>
    <nd ref="40634"/>
    <tag k="type" v="line_thin"/>
    <tag k="subtype" v="solid"/>
  </way>
  <way id="40638">
    <nd ref="26186"/>
    <nd ref="26382"/>
    <nd ref="26384"/>
    <nd ref="40635"/>
    <tag k="type" v="line_thin"/>
    <tag k="subtype" v="solid"/>
  </way>
  <way id="40757">
    <nd ref="26407"/>
    <nd ref="40755"/>
    <tag k="type" v="line_thin"/>
    <tag k="subtype" v="solid"/>
  </way>
  <way id="40758">
    <nd ref="40755"/>
    <nd ref="40659"/>
    <tag k="type" v="line_thin"/>
    <tag k="subtype" v="solid"/>
  </way>
  <way id="40759">
    <nd ref="26408"/>
    <nd ref="40756"/>
    <tag k="type" v="line_thin"/>
    <tag k="subtype" v="solid"/>
  </way>
  <way id="40760">
    <nd ref="40756"/>
    <nd ref="40660"/>
    <tag k="type" v="line_thin"/>
    <tag k="subtype" v="solid"/>
  </way>
  <way id="40837">
    <nd ref="40834"/>
    <nd ref="40529"/>
    <nd ref="26222"/>
    <nd ref="26225"/>
    <nd ref="26228"/>
    <nd ref="26231"/>
    <nd ref="26205"/>
    <tag k="type" v="line_thin"/>
    <tag k="subtype" v="solid"/>
  </way>
  <way id="40839">
    <nd ref="40835"/>
    <nd ref="26242"/>
    <nd ref="26244"/>
    <nd ref="26246"/>
    <nd ref="26249"/>
    <nd ref="26251"/>
    <nd ref="26207"/>
    <tag k="type" v="line_thin"/>
    <tag k="subtype" v="solid"/>
  </way>
  <way id="40851">
    <nd ref="40659"/>
    <nd ref="40841"/>
    <nd ref="40842"/>
    <nd ref="40843"/>
    <nd ref="40844"/>
    <nd ref="40845"/>
    <nd ref="40834"/>
    <tag k="type" v="line_thin"/>
    <tag k="subtype" v="solid"/>
  </way>
  <way id="40852">
    <nd ref="40660"/>
    <nd ref="40846"/>
    <nd ref="40847"/>
    <nd ref="40848"/>
    <nd ref="40849"/>
    <nd ref="40850"/>
    <nd ref="40835"/>
    <tag k="type" v="line_thin"/>
    <tag k="subtype" v="solid"/>
  </way>
  <way id="40854">
    <nd ref="40659"/>
    <nd ref="25885"/>
    <tag k="type" v="line_thin"/>
    <tag k="subtype" v="solid"/>
  </way>
  <way id="40855">
    <nd ref="40660"/>
    <nd ref="25887"/>
    <tag k="type" v="line_thin"/>
    <tag k="subtype" v="solid"/>
  </way>
  <way id="40860">
    <nd ref="40857"/>
    <nd ref="40792"/>
    <nd ref="40793"/>
    <nd ref="40794"/>
    <nd ref="40795"/>
    <nd ref="40796"/>
    <nd ref="26407"/>
    <tag k="type" v="line_thin"/>
    <tag k="subtype" v="solid"/>
  </way>
  <way id="40862">
    <nd ref="40858"/>
    <nd ref="40799"/>
    <nd ref="40800"/>
    <nd ref="40801"/>
    <nd ref="40802"/>
    <nd ref="40803"/>
    <nd ref="26408"/>
    <tag k="type" v="line_thin"/>
    <tag k="subtype" v="solid"/>
  </way>
  <way id="40864">
    <nd ref="19406"/>
    <nd ref="40736"/>
    <nd ref="40738"/>
    <nd ref="40740"/>
    <nd ref="40742"/>
    <nd ref="40791"/>
    <nd ref="40857"/>
    <tag k="type" v="line_thin"/>
    <tag k="subtype" v="solid"/>
  </way>
  <way id="40865">
    <nd ref="19409"/>
    <nd ref="40744"/>
    <nd ref="40746"/>
    <nd ref="40748"/>
    <nd ref="40784"/>
    <nd ref="40798"/>
    <nd ref="40858"/>
    <tag k="type" v="line_thin"/>
    <tag k="subtype" v="solid"/>
  </way>
  <way id="40878">
    <nd ref="25672"/>
    <nd ref="40866"/>
    <nd ref="40868"/>
    <nd ref="40870"/>
    <nd ref="40871"/>
    <nd ref="40857"/>
    <tag k="type" v="line_thin"/>
    <tag k="subtype" v="solid"/>
  </way>
  <way id="40879">
    <nd ref="25673"/>
    <nd ref="40872"/>
    <nd ref="40874"/>
    <nd ref="40876"/>
    <nd ref="40858"/>
    <tag k="type" v="line_thin"/>
    <tag k="subtype" v="solid"/>
  </way>
  <way id="41032">
    <nd ref="41029"/>
    <nd ref="1486"/>
    <tag k="type" v="line_thin"/>
    <tag k="subtype" v="solid"/>
  </way>
  <way id="41034">
    <nd ref="41030"/>
    <nd ref="1488"/>
    <tag k="type" v="line_thin"/>
    <tag k="subtype" v="solid"/>
  </way>
  <way id="41101">
    <nd ref="9881"/>
    <nd ref="41099"/>
    <tag k="type" v="line_thin"/>
    <tag k="subtype" v="solid"/>
  </way>
  <way id="41103">
    <nd ref="9882"/>
    <nd ref="41100"/>
    <tag k="type" v="line_thin"/>
    <tag k="subtype" v="solid"/>
  </way>
  <way id="41163">
    <nd ref="41099"/>
    <nd ref="41153"/>
    <nd ref="41155"/>
    <nd ref="41116"/>
    <tag k="type" v="line_thin"/>
    <tag k="subtype" v="solid"/>
  </way>
  <way id="41164">
    <nd ref="41100"/>
    <nd ref="41158"/>
    <nd ref="41160"/>
    <nd ref="41113"/>
    <tag k="type" v="line_thin"/>
    <tag k="subtype" v="solid"/>
  </way>
  <way id="41199">
    <nd ref="22977"/>
    <nd ref="41197"/>
    <tag k="type" v="line_thin"/>
    <tag k="subtype" v="solid"/>
  </way>
  <way id="41201">
    <nd ref="22978"/>
    <nd ref="41198"/>
    <tag k="type" v="line_thin"/>
    <tag k="subtype" v="solid"/>
  </way>
  <way id="41249">
    <nd ref="41245"/>
    <nd ref="41246"/>
    <tag k="type" v="line_thin"/>
    <tag k="subtype" v="solid"/>
  </way>
  <way id="41250">
    <nd ref="41247"/>
    <nd ref="41248"/>
    <tag k="type" v="line_thin"/>
    <tag k="subtype" v="solid"/>
  </way>
  <way id="41255">
    <nd ref="41252"/>
    <nd ref="23737"/>
    <nd ref="23776"/>
    <nd ref="33668"/>
    <nd ref="33661"/>
    <tag k="type" v="line_thin"/>
    <tag k="subtype" v="solid"/>
  </way>
  <way id="41257">
    <nd ref="41253"/>
    <nd ref="23740"/>
    <nd ref="23777"/>
    <nd ref="33669"/>
    <nd ref="33662"/>
    <tag k="type" v="line_thin"/>
    <tag k="subtype" v="solid"/>
  </way>
  <way id="41262">
    <nd ref="41246"/>
    <nd ref="41252"/>
    <tag k="type" v="line_thin"/>
    <tag k="subtype" v="solid"/>
  </way>
  <way id="41263">
    <nd ref="41248"/>
    <nd ref="41253"/>
    <tag k="type" v="line_thin"/>
    <tag k="subtype" v="solid"/>
  </way>
  <way id="41378">
    <nd ref="41116"/>
    <nd ref="41136"/>
    <nd ref="41137"/>
    <nd ref="41139"/>
    <nd ref="41376"/>
    <tag k="type" v="line_thin"/>
    <tag k="subtype" v="solid"/>
  </way>
  <way id="41379">
    <nd ref="41376"/>
    <nd ref="15635"/>
    <tag k="type" v="line_thin"/>
    <tag k="subtype" v="solid"/>
  </way>
  <way id="41380">
    <nd ref="41113"/>
    <nd ref="41143"/>
    <nd ref="41144"/>
    <nd ref="41146"/>
    <nd ref="41377"/>
    <tag k="type" v="line_thin"/>
    <tag k="subtype" v="solid"/>
  </way>
  <way id="41381">
    <nd ref="41377"/>
    <nd ref="15636"/>
    <tag k="type" v="line_thin"/>
    <tag k="subtype" v="solid"/>
  </way>
  <way id="41428">
    <nd ref="15635"/>
    <nd ref="41404"/>
    <nd ref="41405"/>
    <nd ref="41406"/>
    <nd ref="41407"/>
    <nd ref="41408"/>
    <nd ref="41409"/>
    <nd ref="41410"/>
    <nd ref="41411"/>
    <nd ref="41412"/>
    <nd ref="41413"/>
    <nd ref="41414"/>
    <nd ref="41415"/>
    <nd ref="22977"/>
    <tag k="type" v="line_thin"/>
    <tag k="subtype" v="solid"/>
  </way>
  <way id="41429">
    <nd ref="15636"/>
    <nd ref="41416"/>
    <nd ref="41417"/>
    <nd ref="41418"/>
    <nd ref="41419"/>
    <nd ref="41420"/>
    <nd ref="41421"/>
    <nd ref="41422"/>
    <nd ref="41423"/>
    <nd ref="41424"/>
    <nd ref="41425"/>
    <nd ref="41426"/>
    <nd ref="41427"/>
    <nd ref="22978"/>
    <tag k="type" v="line_thin"/>
    <tag k="subtype" v="solid"/>
  </way>
  <way id="41447">
    <nd ref="15635"/>
    <nd ref="41431"/>
    <nd ref="41432"/>
    <nd ref="41433"/>
    <nd ref="41434"/>
    <nd ref="41435"/>
    <nd ref="41436"/>
    <nd ref="41437"/>
    <nd ref="41438"/>
    <nd ref="41245"/>
    <tag k="type" v="line_thin"/>
    <tag k="subtype" v="solid"/>
  </way>
  <way id="41448">
    <nd ref="15636"/>
    <nd ref="41440"/>
    <nd ref="41442"/>
    <nd ref="41444"/>
    <nd ref="41446"/>
    <nd ref="43855"/>
    <nd ref="41247"/>
    <tag k="type" v="line_thin"/>
    <tag k="subtype" v="solid"/>
  </way>
  <way id="41676">
    <nd ref="22900"/>
    <nd ref="41664"/>
    <nd ref="41665"/>
    <nd ref="41666"/>
    <nd ref="41667"/>
    <nd ref="41668"/>
    <nd ref="41669"/>
    <nd ref="41628"/>
    <tag k="type" v="line_thin"/>
    <tag k="subtype" v="solid"/>
  </way>
  <way id="41677">
    <nd ref="22901"/>
    <nd ref="41670"/>
    <nd ref="41671"/>
    <nd ref="41672"/>
    <nd ref="41673"/>
    <nd ref="41674"/>
    <nd ref="41675"/>
    <nd ref="41629"/>
    <tag k="type" v="line_thin"/>
    <tag k="subtype" v="solid"/>
  </way>
  <way id="41699">
    <nd ref="41628"/>
    <nd ref="41635"/>
    <nd ref="41636"/>
    <nd ref="41637"/>
    <nd ref="41638"/>
    <nd ref="41697"/>
    <tag k="type" v="line_thin"/>
    <tag k="subtype" v="solid"/>
  </way>
  <way id="41701">
    <nd ref="41629"/>
    <nd ref="41648"/>
    <nd ref="41649"/>
    <nd ref="41650"/>
    <nd ref="41651"/>
    <nd ref="41698"/>
    <tag k="type" v="line_thin"/>
    <tag k="subtype" v="solid"/>
  </way>
  <way id="41725">
    <nd ref="33661"/>
    <nd ref="41723"/>
    <tag k="type" v="line_thin"/>
    <tag k="subtype" v="solid"/>
  </way>
  <way id="41726">
    <nd ref="41723"/>
    <nd ref="41704"/>
    <nd ref="41705"/>
    <nd ref="41706"/>
    <nd ref="41707"/>
    <nd ref="41708"/>
    <nd ref="41709"/>
    <nd ref="41710"/>
    <nd ref="41711"/>
    <nd ref="41697"/>
    <tag k="type" v="line_thin"/>
    <tag k="subtype" v="solid"/>
  </way>
  <way id="41727">
    <nd ref="33662"/>
    <nd ref="41724"/>
    <tag k="type" v="line_thin"/>
    <tag k="subtype" v="solid"/>
  </way>
  <way id="41728">
    <nd ref="41724"/>
    <nd ref="41712"/>
    <nd ref="41713"/>
    <nd ref="41714"/>
    <nd ref="41715"/>
    <nd ref="41716"/>
    <nd ref="41717"/>
    <nd ref="41718"/>
    <nd ref="41719"/>
    <nd ref="41698"/>
    <tag k="type" v="line_thin"/>
    <tag k="subtype" v="solid"/>
  </way>
  <way id="41816">
    <nd ref="22900"/>
    <nd ref="41808"/>
    <nd ref="41809"/>
    <nd ref="41810"/>
    <nd ref="41811"/>
    <nd ref="41804"/>
    <tag k="type" v="line_thin"/>
    <tag k="subtype" v="solid"/>
  </way>
  <way id="41817">
    <nd ref="22901"/>
    <nd ref="41812"/>
    <nd ref="41813"/>
    <nd ref="41814"/>
    <nd ref="41815"/>
    <nd ref="41801"/>
    <tag k="type" v="line_thin"/>
    <tag k="subtype" v="solid"/>
  </way>
  <way id="41835">
    <nd ref="41804"/>
    <nd ref="41820"/>
    <nd ref="41822"/>
    <nd ref="41824"/>
    <nd ref="41826"/>
    <nd ref="25077"/>
    <tag k="type" v="line_thin"/>
    <tag k="subtype" v="solid"/>
  </way>
  <way id="41836">
    <nd ref="41801"/>
    <nd ref="41828"/>
    <nd ref="41830"/>
    <nd ref="41832"/>
    <nd ref="41834"/>
    <nd ref="25078"/>
    <tag k="type" v="line_thin"/>
    <tag k="subtype" v="solid"/>
  </way>
  <way id="41868">
    <nd ref="25077"/>
    <nd ref="41857"/>
    <nd ref="41858"/>
    <nd ref="41859"/>
    <nd ref="41730"/>
    <nd ref="24860"/>
    <nd ref="24861"/>
    <nd ref="25043"/>
    <nd ref="25045"/>
    <nd ref="25047"/>
    <nd ref="25049"/>
    <nd ref="25051"/>
    <nd ref="25036"/>
    <tag k="type" v="line_thin"/>
    <tag k="subtype" v="solid"/>
  </way>
  <way id="41869">
    <nd ref="25078"/>
    <nd ref="41860"/>
    <nd ref="41861"/>
    <nd ref="41862"/>
    <nd ref="24880"/>
    <nd ref="24882"/>
    <nd ref="25053"/>
    <nd ref="25055"/>
    <nd ref="25057"/>
    <nd ref="25059"/>
    <nd ref="25061"/>
    <nd ref="25037"/>
    <tag k="type" v="line_thin"/>
    <tag k="subtype" v="solid"/>
  </way>
  <way id="41913">
    <nd ref="31851"/>
    <nd ref="25334"/>
    <tag k="type" v="line_thin"/>
    <tag k="subtype" v="solid"/>
  </way>
  <way id="41914">
    <nd ref="31852"/>
    <nd ref="25360"/>
    <tag k="type" v="line_thin"/>
    <tag k="subtype" v="solid"/>
  </way>
  <way id="41955">
    <nd ref="41952"/>
    <nd ref="24027"/>
    <tag k="type" v="line_thin"/>
    <tag k="subtype" v="solid"/>
  </way>
  <way id="41957">
    <nd ref="41953"/>
    <nd ref="24029"/>
    <tag k="type" v="line_thin"/>
    <tag k="subtype" v="solid"/>
  </way>
  <way id="41961">
    <nd ref="41697"/>
    <nd ref="41639"/>
    <nd ref="41959"/>
    <tag k="type" v="line_thin"/>
    <tag k="subtype" v="solid"/>
  </way>
  <way id="41963">
    <nd ref="41698"/>
    <nd ref="41652"/>
    <nd ref="41960"/>
    <tag k="type" v="line_thin"/>
    <tag k="subtype" v="solid"/>
  </way>
  <way id="41978">
    <nd ref="41959"/>
    <nd ref="41966"/>
    <nd ref="41967"/>
    <nd ref="41968"/>
    <nd ref="41969"/>
    <nd ref="41970"/>
    <nd ref="41971"/>
    <nd ref="41952"/>
    <tag k="type" v="line_thin"/>
    <tag k="subtype" v="solid"/>
  </way>
  <way id="41979">
    <nd ref="41960"/>
    <nd ref="41972"/>
    <nd ref="41973"/>
    <nd ref="41974"/>
    <nd ref="41975"/>
    <nd ref="41976"/>
    <nd ref="41977"/>
    <nd ref="41953"/>
    <tag k="type" v="line_thin"/>
    <tag k="subtype" v="solid"/>
  </way>
  <way id="41981">
    <nd ref="24027"/>
    <nd ref="20535"/>
    <nd ref="20537"/>
    <nd ref="20539"/>
    <nd ref="20541"/>
    <nd ref="20530"/>
    <nd ref="41916"/>
    <nd ref="20554"/>
    <nd ref="20556"/>
    <nd ref="20557"/>
    <nd ref="24151"/>
    <tag k="type" v="line_thin"/>
    <tag k="subtype" v="solid"/>
  </way>
  <way id="41982">
    <nd ref="24029"/>
    <nd ref="20544"/>
    <nd ref="20547"/>
    <nd ref="20550"/>
    <nd ref="20527"/>
    <nd ref="41917"/>
    <nd ref="20558"/>
    <nd ref="20559"/>
    <nd ref="20560"/>
    <nd ref="20561"/>
    <nd ref="24153"/>
    <tag k="type" v="line_thin"/>
    <tag k="subtype" v="solid"/>
  </way>
  <way id="41985">
    <nd ref="24291"/>
    <nd ref="41983"/>
    <tag k="type" v="line_thin"/>
    <tag k="subtype" v="solid"/>
  </way>
  <way id="41987">
    <nd ref="24292"/>
    <nd ref="41984"/>
    <tag k="type" v="line_thin"/>
    <tag k="subtype" v="solid"/>
  </way>
  <way id="42018">
    <nd ref="24389"/>
    <nd ref="42016"/>
    <tag k="type" v="line_thin"/>
    <tag k="subtype" v="solid"/>
  </way>
  <way id="42020">
    <nd ref="24391"/>
    <nd ref="42017"/>
    <tag k="type" v="line_thin"/>
    <tag k="subtype" v="solid"/>
  </way>
  <way id="42026">
    <nd ref="42023"/>
    <nd ref="23952"/>
    <tag k="type" v="line_thin"/>
    <tag k="subtype" v="solid"/>
  </way>
  <way id="42028">
    <nd ref="42024"/>
    <nd ref="23953"/>
    <tag k="type" v="line_thin"/>
    <tag k="subtype" v="solid"/>
  </way>
  <way id="42037">
    <nd ref="42016"/>
    <nd ref="41993"/>
    <tag k="type" v="line_thin"/>
    <tag k="subtype" v="solid"/>
  </way>
  <way id="42038">
    <nd ref="42017"/>
    <nd ref="42003"/>
    <tag k="type" v="line_thin"/>
    <tag k="subtype" v="solid"/>
  </way>
  <way id="42118">
    <nd ref="42097"/>
    <nd ref="42111"/>
    <tag k="type" v="line_thin"/>
    <tag k="subtype" v="solid"/>
  </way>
  <way id="42119">
    <nd ref="42098"/>
    <nd ref="42112"/>
    <tag k="type" v="line_thin"/>
    <tag k="subtype" v="solid"/>
  </way>
  <way id="42143">
    <nd ref="42141"/>
    <nd ref="42142"/>
    <tag k="type" v="line_thin"/>
    <tag k="subtype" v="solid"/>
  </way>
  <way id="42146">
    <nd ref="42144"/>
    <nd ref="42145"/>
    <tag k="type" v="line_thin"/>
    <tag k="subtype" v="solid"/>
  </way>
  <way id="42166">
    <nd ref="42111"/>
    <nd ref="42148"/>
    <nd ref="42149"/>
    <nd ref="42151"/>
    <nd ref="42153"/>
    <nd ref="42155"/>
    <nd ref="42144"/>
    <tag k="type" v="line_thin"/>
    <tag k="subtype" v="solid"/>
  </way>
  <way id="42167">
    <nd ref="42112"/>
    <nd ref="42157"/>
    <nd ref="42159"/>
    <nd ref="42161"/>
    <nd ref="42163"/>
    <nd ref="42165"/>
    <nd ref="42141"/>
    <tag k="type" v="line_thin"/>
    <tag k="subtype" v="solid"/>
  </way>
  <way id="42192">
    <nd ref="42145"/>
    <nd ref="42169"/>
    <nd ref="42170"/>
    <nd ref="42172"/>
    <nd ref="42173"/>
    <nd ref="42174"/>
    <nd ref="42175"/>
    <nd ref="20939"/>
    <tag k="type" v="line_thin"/>
    <tag k="subtype" v="solid"/>
  </way>
  <way id="42193">
    <nd ref="42142"/>
    <nd ref="42176"/>
    <nd ref="42177"/>
    <nd ref="42178"/>
    <nd ref="42179"/>
    <nd ref="42180"/>
    <nd ref="42181"/>
    <nd ref="20940"/>
    <tag k="type" v="line_thin"/>
    <tag k="subtype" v="solid"/>
  </way>
  <way id="42194">
    <nd ref="42145"/>
    <nd ref="42198"/>
    <nd ref="42199"/>
    <nd ref="42200"/>
    <nd ref="42197"/>
    <nd ref="20994"/>
    <tag k="type" v="line_thin"/>
    <tag k="subtype" v="solid"/>
  </way>
  <way id="42195">
    <nd ref="42142"/>
    <nd ref="42204"/>
    <nd ref="42203"/>
    <nd ref="42202"/>
    <nd ref="42201"/>
    <nd ref="21001"/>
    <tag k="type" v="line_thin"/>
    <tag k="subtype" v="solid"/>
  </way>
  <way id="42242">
    <nd ref="15110"/>
    <nd ref="42214"/>
    <nd ref="42216"/>
    <nd ref="42218"/>
    <nd ref="42220"/>
    <nd ref="42222"/>
    <nd ref="42224"/>
    <nd ref="42226"/>
    <nd ref="42144"/>
    <tag k="type" v="line_thin"/>
    <tag k="subtype" v="solid"/>
  </way>
  <way id="42243">
    <nd ref="15107"/>
    <nd ref="42228"/>
    <nd ref="42230"/>
    <nd ref="42232"/>
    <nd ref="42234"/>
    <nd ref="42236"/>
    <nd ref="42238"/>
    <nd ref="42240"/>
    <nd ref="42141"/>
    <tag k="type" v="line_thin"/>
    <tag k="subtype" v="solid"/>
  </way>
  <way id="42248">
    <nd ref="42245"/>
    <nd ref="29931"/>
    <tag k="type" v="line_thin"/>
    <tag k="subtype" v="solid"/>
  </way>
  <way id="42250">
    <nd ref="42246"/>
    <nd ref="29932"/>
    <tag k="type" v="line_thin"/>
    <tag k="subtype" v="solid"/>
  </way>
  <way id="42329">
    <nd ref="42321"/>
    <nd ref="467"/>
    <tag k="type" v="line_thin"/>
    <tag k="subtype" v="solid"/>
  </way>
  <way id="42330">
    <nd ref="42320"/>
    <nd ref="461"/>
    <tag k="type" v="line_thin"/>
    <tag k="subtype" v="solid"/>
  </way>
  <way id="42344">
    <nd ref="33913"/>
    <nd ref="42321"/>
    <tag k="type" v="line_thin"/>
    <tag k="subtype" v="solid"/>
  </way>
  <way id="42345">
    <nd ref="33914"/>
    <nd ref="42320"/>
    <tag k="type" v="line_thin"/>
    <tag k="subtype" v="solid"/>
  </way>
  <way id="42581">
    <nd ref="42578"/>
    <nd ref="42549"/>
    <tag k="type" v="line_thin"/>
    <tag k="subtype" v="solid"/>
  </way>
  <way id="42583">
    <nd ref="42579"/>
    <nd ref="42551"/>
    <tag k="type" v="line_thin"/>
    <tag k="subtype" v="solid"/>
  </way>
  <way id="42593">
    <nd ref="42590"/>
    <nd ref="42565"/>
    <nd ref="42567"/>
    <nd ref="42578"/>
    <tag k="type" v="line_thin"/>
    <tag k="subtype" v="solid"/>
  </way>
  <way id="42595">
    <nd ref="42591"/>
    <nd ref="42572"/>
    <nd ref="42574"/>
    <nd ref="42579"/>
    <tag k="type" v="line_thin"/>
    <tag k="subtype" v="solid"/>
  </way>
  <way id="42607">
    <nd ref="37929"/>
    <nd ref="42597"/>
    <nd ref="42599"/>
    <nd ref="42601"/>
    <nd ref="42590"/>
    <tag k="type" v="line_thin"/>
    <tag k="subtype" v="solid"/>
  </way>
  <way id="42608">
    <nd ref="37931"/>
    <nd ref="42602"/>
    <nd ref="42604"/>
    <nd ref="42606"/>
    <nd ref="42591"/>
    <tag k="type" v="line_thin"/>
    <tag k="subtype" v="solid"/>
  </way>
  <way id="42626">
    <nd ref="42617"/>
    <nd ref="42624"/>
    <tag k="type" v="line_thin"/>
    <tag k="subtype" v="solid"/>
  </way>
  <way id="42628">
    <nd ref="42618"/>
    <nd ref="42625"/>
    <tag k="type" v="line_thin"/>
    <tag k="subtype" v="solid"/>
  </way>
  <way id="42631">
    <nd ref="42549"/>
    <nd ref="42617"/>
    <tag k="type" v="line_thin"/>
    <tag k="subtype" v="solid"/>
  </way>
  <way id="42632">
    <nd ref="42551"/>
    <nd ref="42618"/>
    <tag k="type" v="line_thin"/>
    <tag k="subtype" v="solid"/>
  </way>
  <way id="42841">
    <nd ref="38064"/>
    <nd ref="42839"/>
    <tag k="type" v="line_thin"/>
    <tag k="subtype" v="solid"/>
  </way>
  <way id="42842">
    <nd ref="42839"/>
    <nd ref="37928"/>
    <tag k="type" v="line_thin"/>
    <tag k="subtype" v="solid"/>
  </way>
  <way id="42843">
    <nd ref="38066"/>
    <nd ref="42840"/>
    <tag k="type" v="line_thin"/>
    <tag k="subtype" v="solid"/>
  </way>
  <way id="42844">
    <nd ref="42840"/>
    <nd ref="37930"/>
    <tag k="type" v="line_thin"/>
    <tag k="subtype" v="solid"/>
  </way>
  <way id="42848">
    <nd ref="38050"/>
    <nd ref="42846"/>
    <tag k="type" v="line_thin"/>
    <tag k="subtype" v="solid"/>
  </way>
  <way id="42849">
    <nd ref="42846"/>
    <nd ref="37924"/>
    <tag k="type" v="line_thin"/>
    <tag k="subtype" v="solid"/>
  </way>
  <way id="42850">
    <nd ref="38052"/>
    <nd ref="42847"/>
    <tag k="type" v="line_thin"/>
    <tag k="subtype" v="solid"/>
  </way>
  <way id="42851">
    <nd ref="42847"/>
    <nd ref="37921"/>
    <tag k="type" v="line_thin"/>
    <tag k="subtype" v="solid"/>
  </way>
  <way id="43016">
    <nd ref="42736"/>
    <nd ref="42968"/>
    <nd ref="42969"/>
    <nd ref="42970"/>
    <nd ref="42971"/>
    <nd ref="42972"/>
    <nd ref="42973"/>
    <nd ref="42974"/>
    <nd ref="42975"/>
    <nd ref="42976"/>
    <nd ref="42977"/>
    <nd ref="42978"/>
    <nd ref="42979"/>
    <nd ref="42980"/>
    <nd ref="42981"/>
    <nd ref="42982"/>
    <nd ref="42983"/>
    <nd ref="42984"/>
    <nd ref="42985"/>
    <nd ref="42986"/>
    <nd ref="42987"/>
    <nd ref="42988"/>
    <nd ref="42989"/>
    <nd ref="42990"/>
    <nd ref="42991"/>
    <nd ref="42860"/>
    <tag k="type" v="line_thin"/>
    <tag k="subtype" v="solid"/>
  </way>
  <way id="43017">
    <nd ref="42768"/>
    <nd ref="42992"/>
    <nd ref="42993"/>
    <nd ref="42994"/>
    <nd ref="42995"/>
    <nd ref="42996"/>
    <nd ref="42997"/>
    <nd ref="42998"/>
    <nd ref="42999"/>
    <nd ref="43000"/>
    <nd ref="43001"/>
    <nd ref="43002"/>
    <nd ref="43003"/>
    <nd ref="43004"/>
    <nd ref="43005"/>
    <nd ref="43006"/>
    <nd ref="43007"/>
    <nd ref="43008"/>
    <nd ref="43009"/>
    <nd ref="43010"/>
    <nd ref="43011"/>
    <nd ref="43012"/>
    <nd ref="43013"/>
    <nd ref="43014"/>
    <nd ref="43015"/>
    <nd ref="42861"/>
    <tag k="type" v="line_thin"/>
    <tag k="subtype" v="solid"/>
  </way>
  <way id="43233">
    <nd ref="43173"/>
    <nd ref="43212"/>
    <nd ref="43214"/>
    <nd ref="43216"/>
    <nd ref="43218"/>
    <nd ref="43220"/>
    <nd ref="43207"/>
    <tag k="type" v="line_thin"/>
    <tag k="subtype" v="solid"/>
  </way>
  <way id="43234">
    <nd ref="43172"/>
    <nd ref="43222"/>
    <nd ref="43224"/>
    <nd ref="43226"/>
    <nd ref="43228"/>
    <nd ref="43230"/>
    <nd ref="43232"/>
    <nd ref="43204"/>
    <tag k="type" v="line_thin"/>
    <tag k="subtype" v="solid"/>
  </way>
  <way id="43238">
    <nd ref="43236"/>
    <nd ref="43237"/>
    <tag k="type" v="line_thin"/>
    <tag k="subtype" v="solid"/>
  </way>
  <way id="43241">
    <nd ref="43239"/>
    <nd ref="43240"/>
    <tag k="type" v="line_thin"/>
    <tag k="subtype" v="solid"/>
  </way>
  <way id="43250">
    <nd ref="43240"/>
    <nd ref="43173"/>
    <tag k="type" v="line_thin"/>
    <tag k="subtype" v="solid"/>
  </way>
  <way id="43251">
    <nd ref="43237"/>
    <nd ref="43172"/>
    <tag k="type" v="line_thin"/>
    <tag k="subtype" v="solid"/>
  </way>
  <way id="43253">
    <nd ref="43243"/>
    <nd ref="43239"/>
    <tag k="type" v="line_thin"/>
    <tag k="subtype" v="solid"/>
  </way>
  <way id="43254">
    <nd ref="43244"/>
    <nd ref="43236"/>
    <tag k="type" v="line_thin"/>
    <tag k="subtype" v="solid"/>
  </way>
  <way id="43259">
    <nd ref="43256"/>
    <nd ref="43165"/>
    <nd ref="43243"/>
    <tag k="type" v="line_thin"/>
    <tag k="subtype" v="solid"/>
  </way>
  <way id="43261">
    <nd ref="43257"/>
    <nd ref="43164"/>
    <nd ref="43244"/>
    <tag k="type" v="line_thin"/>
    <tag k="subtype" v="solid"/>
  </way>
  <way id="43287">
    <nd ref="36441"/>
    <nd ref="43280"/>
    <nd ref="43281"/>
    <nd ref="43256"/>
    <tag k="type" v="line_thin"/>
    <tag k="subtype" v="solid"/>
  </way>
  <way id="43288">
    <nd ref="36443"/>
    <nd ref="43284"/>
    <nd ref="43285"/>
    <nd ref="43257"/>
    <tag k="type" v="line_thin"/>
    <tag k="subtype" v="solid"/>
  </way>
  <way id="43290">
    <nd ref="43207"/>
    <nd ref="42736"/>
    <tag k="type" v="line_thin"/>
    <tag k="subtype" v="solid"/>
  </way>
  <way id="43291">
    <nd ref="43204"/>
    <nd ref="42768"/>
    <tag k="type" v="line_thin"/>
    <tag k="subtype" v="solid"/>
  </way>
  <way id="43351">
    <nd ref="32841"/>
    <nd ref="33186"/>
    <tag k="type" v="line_thin"/>
    <tag k="subtype" v="solid"/>
  </way>
  <way id="43352">
    <nd ref="32842"/>
    <nd ref="33187"/>
    <tag k="type" v="line_thin"/>
    <tag k="subtype" v="solid"/>
  </way>
  <way id="43393">
    <nd ref="32967"/>
    <nd ref="33083"/>
    <tag k="type" v="line_thin"/>
    <tag k="subtype" v="solid"/>
  </way>
  <way id="43394">
    <nd ref="32968"/>
    <nd ref="33084"/>
    <tag k="type" v="line_thin"/>
    <tag k="subtype" v="solid"/>
  </way>
  <way id="43825">
    <nd ref="43815"/>
    <nd ref="42144"/>
    <tag k="type" v="line_thin"/>
    <tag k="subtype" v="solid"/>
  </way>
  <way id="43826">
    <nd ref="43817"/>
    <nd ref="42141"/>
    <tag k="type" v="line_thin"/>
    <tag k="subtype" v="solid"/>
  </way>
  <way id="43836">
    <nd ref="15110"/>
    <nd ref="22354"/>
    <nd ref="22358"/>
    <nd ref="22362"/>
    <nd ref="22366"/>
    <nd ref="22370"/>
    <nd ref="22374"/>
    <nd ref="43834"/>
    <tag k="type" v="line_thin"/>
    <tag k="subtype" v="solid"/>
  </way>
  <way id="43837">
    <nd ref="43834"/>
    <nd ref="22413"/>
    <nd ref="22417"/>
    <nd ref="22408"/>
    <tag k="type" v="line_thin"/>
    <tag k="subtype" v="solid"/>
  </way>
  <way id="43838">
    <nd ref="15107"/>
    <nd ref="22375"/>
    <nd ref="22378"/>
    <nd ref="22380"/>
    <nd ref="22384"/>
    <nd ref="22388"/>
    <nd ref="22392"/>
    <nd ref="22396"/>
    <nd ref="22420"/>
    <nd ref="43835"/>
    <tag k="type" v="line_thin"/>
    <tag k="subtype" v="solid"/>
  </way>
  <way id="43839">
    <nd ref="43835"/>
    <nd ref="22424"/>
    <nd ref="22405"/>
    <tag k="type" v="line_thin"/>
    <tag k="subtype" v="solid"/>
  </way>
  <way id="43844">
    <nd ref="43830"/>
    <nd ref="43834"/>
    <tag k="type" v="line_thin"/>
    <tag k="subtype" v="solid"/>
  </way>
  <way id="43845">
    <nd ref="43828"/>
    <nd ref="43835"/>
    <tag k="type" v="line_thin"/>
    <tag k="subtype" v="solid"/>
  </way>
  <way id="43848">
    <nd ref="36866"/>
    <nd ref="43846"/>
    <tag k="type" v="line_thin"/>
    <tag k="subtype" v="solid"/>
  </way>
  <way id="43849">
    <nd ref="43846"/>
    <nd ref="36441"/>
    <tag k="type" v="line_thin"/>
    <tag k="subtype" v="solid"/>
  </way>
  <way id="43850">
    <nd ref="36867"/>
    <nd ref="43847"/>
    <tag k="type" v="line_thin"/>
    <tag k="subtype" v="solid"/>
  </way>
  <way id="43851">
    <nd ref="43847"/>
    <nd ref="36443"/>
    <tag k="type" v="line_thin"/>
    <tag k="subtype" v="solid"/>
  </way>
  <way id="43853">
    <nd ref="41197"/>
    <nd ref="22609"/>
    <nd ref="23727"/>
    <tag k="type" v="line_thin"/>
    <tag k="subtype" v="solid"/>
  </way>
  <way id="43854">
    <nd ref="41198"/>
    <nd ref="22610"/>
    <nd ref="23728"/>
    <tag k="type" v="line_thin"/>
    <tag k="subtype" v="solid"/>
  </way>
  <way id="43870">
    <nd ref="8036"/>
    <nd ref="7015"/>
    <tag k="type" v="line_thin"/>
    <tag k="subtype" v="solid"/>
  </way>
  <way id="43871">
    <nd ref="8037"/>
    <nd ref="7016"/>
    <tag k="type" v="line_thin"/>
    <tag k="subtype" v="solid"/>
  </way>
  <way id="43883">
    <nd ref="21000"/>
    <nd ref="21061"/>
    <nd ref="21067"/>
    <nd ref="21058"/>
    <nd ref="21082"/>
    <nd ref="21085"/>
    <nd ref="43873"/>
    <nd ref="8036"/>
    <tag k="type" v="line_thin"/>
    <tag k="subtype" v="solid"/>
  </way>
  <way id="43884">
    <nd ref="21007"/>
    <nd ref="21069"/>
    <nd ref="21072"/>
    <nd ref="21075"/>
    <nd ref="21055"/>
    <nd ref="21094"/>
    <nd ref="43874"/>
    <nd ref="8037"/>
    <tag k="type" v="line_thin"/>
    <tag k="subtype" v="solid"/>
  </way>
  <way id="43888">
    <nd ref="43885"/>
    <nd ref="21182"/>
    <nd ref="21183"/>
    <nd ref="21184"/>
    <nd ref="21176"/>
    <nd ref="21194"/>
    <nd ref="21196"/>
    <nd ref="21125"/>
    <tag k="type" v="line_thin"/>
    <tag k="subtype" v="solid"/>
  </way>
  <way id="43890">
    <nd ref="43886"/>
    <nd ref="21186"/>
    <nd ref="21188"/>
    <nd ref="21173"/>
    <nd ref="21197"/>
    <nd ref="21198"/>
    <nd ref="21199"/>
    <nd ref="21200"/>
    <nd ref="21129"/>
    <tag k="type" v="line_thin"/>
    <tag k="subtype" v="solid"/>
  </way>
  <way id="43892">
    <nd ref="21136"/>
    <nd ref="43885"/>
    <tag k="type" v="line_thin"/>
    <tag k="subtype" v="solid"/>
  </way>
  <way id="43893">
    <nd ref="21137"/>
    <nd ref="43886"/>
    <tag k="type" v="line_thin"/>
    <tag k="subtype" v="solid"/>
  </way>
  <way id="44178">
    <nd ref="44176"/>
    <nd ref="44177"/>
    <tag k="type" v="line_thin"/>
    <tag k="subtype" v="solid"/>
  </way>
  <way id="44181">
    <nd ref="44179"/>
    <nd ref="44180"/>
    <tag k="type" v="line_thin"/>
    <tag k="subtype" v="solid"/>
  </way>
  <way id="44252">
    <nd ref="44180"/>
    <nd ref="41029"/>
    <tag k="type" v="line_thin"/>
    <tag k="subtype" v="solid"/>
  </way>
  <way id="44253">
    <nd ref="44177"/>
    <nd ref="41030"/>
    <tag k="type" v="line_thin"/>
    <tag k="subtype" v="solid"/>
  </way>
  <way id="44269">
    <nd ref="2423"/>
    <nd ref="44262"/>
    <tag k="type" v="line_thin"/>
    <tag k="subtype" v="solid"/>
  </way>
  <way id="44270">
    <nd ref="2424"/>
    <nd ref="44263"/>
    <tag k="type" v="line_thin"/>
    <tag k="subtype" v="solid"/>
  </way>
  <way id="44281">
    <nd ref="44262"/>
    <nd ref="44279"/>
    <tag k="type" v="line_thin"/>
    <tag k="subtype" v="solid"/>
  </way>
  <way id="44283">
    <nd ref="44263"/>
    <nd ref="44280"/>
    <tag k="type" v="line_thin"/>
    <tag k="subtype" v="solid"/>
  </way>
  <way id="44313">
    <nd ref="44279"/>
    <nd ref="44296"/>
    <nd ref="44298"/>
    <nd ref="44299"/>
    <nd ref="44300"/>
    <nd ref="44301"/>
    <nd ref="44302"/>
    <nd ref="44303"/>
    <nd ref="28158"/>
    <tag k="type" v="line_thin"/>
    <tag k="subtype" v="solid"/>
  </way>
  <way id="44314">
    <nd ref="44280"/>
    <nd ref="44286"/>
    <nd ref="44287"/>
    <nd ref="44289"/>
    <nd ref="44290"/>
    <nd ref="44291"/>
    <nd ref="44292"/>
    <nd ref="44293"/>
    <nd ref="44294"/>
    <nd ref="28159"/>
    <tag k="type" v="line_thin"/>
    <tag k="subtype" v="solid"/>
  </way>
  <way id="44317">
    <nd ref="38652"/>
    <nd ref="44315"/>
    <tag k="type" v="line_thin"/>
    <tag k="subtype" v="solid"/>
  </way>
  <way id="44318">
    <nd ref="44315"/>
    <nd ref="38904"/>
    <nd ref="38905"/>
    <nd ref="38906"/>
    <nd ref="38871"/>
    <nd ref="38867"/>
    <tag k="type" v="line_thin"/>
    <tag k="subtype" v="solid"/>
  </way>
  <way id="44319">
    <nd ref="38653"/>
    <nd ref="44316"/>
    <tag k="type" v="line_thin"/>
    <tag k="subtype" v="solid"/>
  </way>
  <way id="44320">
    <nd ref="44316"/>
    <nd ref="38907"/>
    <nd ref="38908"/>
    <nd ref="38909"/>
    <nd ref="38874"/>
    <nd ref="38869"/>
    <tag k="type" v="line_thin"/>
    <tag k="subtype" v="solid"/>
  </way>
  <way id="44325">
    <nd ref="44322"/>
    <nd ref="43311"/>
    <nd ref="43313"/>
    <nd ref="43315"/>
    <nd ref="43322"/>
    <nd ref="43324"/>
    <nd ref="36866"/>
    <tag k="type" v="line_thin"/>
    <tag k="subtype" v="solid"/>
  </way>
  <way id="44327">
    <nd ref="44323"/>
    <nd ref="43310"/>
    <nd ref="43312"/>
    <nd ref="43314"/>
    <nd ref="43325"/>
    <nd ref="43326"/>
    <nd ref="36867"/>
    <tag k="type" v="line_thin"/>
    <tag k="subtype" v="solid"/>
  </way>
  <way id="44337">
    <nd ref="44334"/>
    <nd ref="38686"/>
    <nd ref="43921"/>
    <nd ref="43922"/>
    <nd ref="43924"/>
    <nd ref="43925"/>
    <nd ref="43926"/>
    <nd ref="38652"/>
    <tag k="type" v="line_thin"/>
    <tag k="subtype" v="solid"/>
  </way>
  <way id="44339">
    <nd ref="44335"/>
    <nd ref="43927"/>
    <nd ref="43928"/>
    <nd ref="43929"/>
    <nd ref="43930"/>
    <nd ref="43931"/>
    <nd ref="43932"/>
    <nd ref="38653"/>
    <tag k="type" v="line_thin"/>
    <tag k="subtype" v="solid"/>
  </way>
  <way id="44343">
    <nd ref="38678"/>
    <nd ref="43895"/>
    <nd ref="43896"/>
    <nd ref="43897"/>
    <nd ref="43898"/>
    <nd ref="43899"/>
    <nd ref="43900"/>
    <nd ref="43901"/>
    <nd ref="44341"/>
    <tag k="type" v="line_thin"/>
    <tag k="subtype" v="solid"/>
  </way>
  <way id="44344">
    <nd ref="44341"/>
    <nd ref="44334"/>
    <tag k="type" v="line_thin"/>
    <tag k="subtype" v="solid"/>
  </way>
  <way id="44345">
    <nd ref="38679"/>
    <nd ref="43903"/>
    <nd ref="43904"/>
    <nd ref="43905"/>
    <nd ref="43906"/>
    <nd ref="43907"/>
    <nd ref="43908"/>
    <nd ref="43909"/>
    <nd ref="44342"/>
    <tag k="type" v="line_thin"/>
    <tag k="subtype" v="solid"/>
  </way>
  <way id="44346">
    <nd ref="44342"/>
    <nd ref="44335"/>
    <tag k="type" v="line_thin"/>
    <tag k="subtype" v="solid"/>
  </way>
  <way id="44371">
    <nd ref="4343"/>
    <nd ref="44369"/>
    <tag k="type" v="line_thin"/>
    <tag k="subtype" v="solid"/>
  </way>
  <way id="44373">
    <nd ref="4344"/>
    <nd ref="44370"/>
    <tag k="type" v="line_thin"/>
    <tag k="subtype" v="solid"/>
  </way>
  <way id="44397">
    <nd ref="4096"/>
    <nd ref="4343"/>
    <tag k="type" v="line_thin"/>
    <tag k="subtype" v="solid"/>
  </way>
  <way id="44398">
    <nd ref="4093"/>
    <nd ref="4344"/>
    <tag k="type" v="line_thin"/>
    <tag k="subtype" v="solid"/>
  </way>
  <way id="44450">
    <nd ref="12512"/>
    <nd ref="44448"/>
    <tag k="type" v="line_thin"/>
    <tag k="subtype" v="solid"/>
  </way>
  <way id="44451">
    <nd ref="44448"/>
    <nd ref="35618"/>
    <tag k="type" v="line_thin"/>
    <tag k="subtype" v="solid"/>
  </way>
  <way id="44452">
    <nd ref="12509"/>
    <nd ref="44449"/>
    <tag k="type" v="line_thin"/>
    <tag k="subtype" v="solid"/>
  </way>
  <way id="44453">
    <nd ref="44449"/>
    <nd ref="35619"/>
    <tag k="type" v="line_thin"/>
    <tag k="subtype" v="solid"/>
  </way>
  <way id="44472">
    <nd ref="44442"/>
    <nd ref="44470"/>
    <tag k="type" v="line_thin"/>
    <tag k="subtype" v="solid"/>
  </way>
  <way id="44473">
    <nd ref="44470"/>
    <nd ref="44456"/>
    <nd ref="44458"/>
    <nd ref="44459"/>
    <nd ref="12512"/>
    <tag k="type" v="line_thin"/>
    <tag k="subtype" v="solid"/>
  </way>
  <way id="44474">
    <nd ref="44441"/>
    <nd ref="44471"/>
    <tag k="type" v="line_thin"/>
    <tag k="subtype" v="solid"/>
  </way>
  <way id="44475">
    <nd ref="44471"/>
    <nd ref="44463"/>
    <nd ref="44465"/>
    <nd ref="12509"/>
    <tag k="type" v="line_thin"/>
    <tag k="subtype" v="solid"/>
  </way>
  <way id="44487">
    <nd ref="44484"/>
    <nd ref="44477"/>
    <tag k="type" v="line_thin"/>
    <tag k="subtype" v="solid"/>
  </way>
  <way id="44489">
    <nd ref="44485"/>
    <nd ref="44478"/>
    <tag k="type" v="line_thin"/>
    <tag k="subtype" v="solid"/>
  </way>
  <way id="44507">
    <nd ref="44477"/>
    <nd ref="44491"/>
    <nd ref="44492"/>
    <nd ref="44493"/>
    <nd ref="44496"/>
    <nd ref="12512"/>
    <tag k="type" v="line_thin"/>
    <tag k="subtype" v="solid"/>
  </way>
  <way id="44508">
    <nd ref="44478"/>
    <nd ref="44499"/>
    <nd ref="44500"/>
    <nd ref="44501"/>
    <nd ref="44502"/>
    <nd ref="44503"/>
    <nd ref="44504"/>
    <nd ref="44505"/>
    <nd ref="44506"/>
    <nd ref="12509"/>
    <tag k="type" v="line_thin"/>
    <tag k="subtype" v="solid"/>
  </way>
  <way id="44533">
    <nd ref="44531"/>
    <nd ref="44532"/>
    <tag k="type" v="line_thin"/>
    <tag k="subtype" v="solid"/>
  </way>
  <way id="44536">
    <nd ref="44534"/>
    <nd ref="44535"/>
    <tag k="type" v="line_thin"/>
    <tag k="subtype" v="solid"/>
  </way>
  <way id="44544">
    <nd ref="31957"/>
    <nd ref="44538"/>
    <nd ref="44539"/>
    <nd ref="44540"/>
    <nd ref="44534"/>
    <tag k="type" v="line_thin"/>
    <tag k="subtype" v="solid"/>
  </way>
  <way id="44545">
    <nd ref="31954"/>
    <nd ref="44541"/>
    <nd ref="44542"/>
    <nd ref="44543"/>
    <nd ref="44531"/>
    <tag k="type" v="line_thin"/>
    <tag k="subtype" v="solid"/>
  </way>
  <way id="44559">
    <nd ref="44535"/>
    <nd ref="44548"/>
    <nd ref="44550"/>
    <nd ref="44552"/>
    <nd ref="44484"/>
    <tag k="type" v="line_thin"/>
    <tag k="subtype" v="solid"/>
  </way>
  <way id="44560">
    <nd ref="44532"/>
    <nd ref="44554"/>
    <nd ref="44556"/>
    <nd ref="44558"/>
    <nd ref="44485"/>
    <tag k="type" v="line_thin"/>
    <tag k="subtype" v="solid"/>
  </way>
  <way id="44571">
    <nd ref="44569"/>
    <nd ref="44570"/>
    <tag k="type" v="line_thin"/>
    <tag k="subtype" v="solid"/>
  </way>
  <way id="44574">
    <nd ref="44572"/>
    <nd ref="44573"/>
    <tag k="type" v="line_thin"/>
    <tag k="subtype" v="solid"/>
  </way>
  <way id="44592">
    <nd ref="32263"/>
    <nd ref="44576"/>
    <nd ref="44578"/>
    <nd ref="44580"/>
    <nd ref="44582"/>
    <nd ref="44572"/>
    <tag k="type" v="line_thin"/>
    <tag k="subtype" v="solid"/>
  </way>
  <way id="44593">
    <nd ref="32265"/>
    <nd ref="44584"/>
    <nd ref="44586"/>
    <nd ref="44588"/>
    <nd ref="44590"/>
    <nd ref="44569"/>
    <tag k="type" v="line_thin"/>
    <tag k="subtype" v="solid"/>
  </way>
  <way id="44607">
    <nd ref="44573"/>
    <nd ref="44596"/>
    <nd ref="44598"/>
    <nd ref="44600"/>
    <nd ref="44565"/>
    <tag k="type" v="line_thin"/>
    <tag k="subtype" v="solid"/>
  </way>
  <way id="44608">
    <nd ref="44570"/>
    <nd ref="44602"/>
    <nd ref="44604"/>
    <nd ref="44606"/>
    <nd ref="44562"/>
    <tag k="type" v="line_thin"/>
    <tag k="subtype" v="solid"/>
  </way>
  <way id="44667">
    <nd ref="44664"/>
    <nd ref="43207"/>
    <tag k="type" v="line_thin"/>
    <tag k="subtype" v="solid"/>
  </way>
  <way id="44669">
    <nd ref="44665"/>
    <nd ref="43204"/>
    <tag k="type" v="line_thin"/>
    <tag k="subtype" v="solid"/>
  </way>
  <way id="44671">
    <nd ref="44565"/>
    <nd ref="44664"/>
    <tag k="type" v="line_thin"/>
    <tag k="subtype" v="solid"/>
  </way>
  <way id="44672">
    <nd ref="44562"/>
    <nd ref="44665"/>
    <tag k="type" v="line_thin"/>
    <tag k="subtype" v="solid"/>
  </way>
  <way id="44696">
    <nd ref="44534"/>
    <nd ref="44686"/>
    <nd ref="44687"/>
    <nd ref="44688"/>
    <nd ref="44689"/>
    <nd ref="44690"/>
    <nd ref="44565"/>
    <tag k="type" v="line_thin"/>
    <tag k="subtype" v="solid"/>
  </way>
  <way id="44697">
    <nd ref="44531"/>
    <nd ref="44691"/>
    <nd ref="44692"/>
    <nd ref="44693"/>
    <nd ref="44694"/>
    <nd ref="44695"/>
    <nd ref="44562"/>
    <tag k="type" v="line_thin"/>
    <tag k="subtype" v="solid"/>
  </way>
  <way id="44732">
    <nd ref="32263"/>
    <nd ref="44484"/>
    <tag k="type" v="line_thin"/>
    <tag k="subtype" v="solid"/>
  </way>
  <way id="44733">
    <nd ref="32265"/>
    <nd ref="44485"/>
    <tag k="type" v="line_thin"/>
    <tag k="subtype" v="solid"/>
  </way>
  <way id="44849">
    <nd ref="44846"/>
    <nd ref="13138"/>
    <tag k="type" v="line_thin"/>
    <tag k="subtype" v="solid"/>
  </way>
  <way id="44851">
    <nd ref="44847"/>
    <nd ref="13135"/>
    <tag k="type" v="line_thin"/>
    <tag k="subtype" v="solid"/>
  </way>
  <way id="44853">
    <nd ref="41394"/>
    <nd ref="41376"/>
    <tag k="type" v="line_thin"/>
    <tag k="subtype" v="solid"/>
  </way>
  <way id="44854">
    <nd ref="41396"/>
    <nd ref="41377"/>
    <tag k="type" v="line_thin"/>
    <tag k="subtype" v="solid"/>
  </way>
  <way id="44892">
    <nd ref="44855"/>
    <nd ref="44856"/>
    <nd ref="44858"/>
    <nd ref="44860"/>
    <nd ref="44862"/>
    <nd ref="44864"/>
    <tag k="type" v="line_thin"/>
    <tag k="subtype" v="solid"/>
  </way>
  <way id="44893">
    <nd ref="44865"/>
    <nd ref="44866"/>
    <nd ref="44867"/>
    <nd ref="44868"/>
    <nd ref="44870"/>
    <nd ref="44872"/>
    <nd ref="44874"/>
    <nd ref="44876"/>
    <nd ref="44878"/>
    <nd ref="44880"/>
    <nd ref="44882"/>
    <nd ref="44883"/>
    <tag k="type" v="line_thin"/>
    <tag k="subtype" v="solid"/>
  </way>
  <way id="44894">
    <nd ref="44864"/>
    <nd ref="44884"/>
    <nd ref="44885"/>
    <nd ref="44886"/>
    <nd ref="44887"/>
    <tag k="type" v="line_thin"/>
    <tag k="subtype" v="solid"/>
  </way>
  <way id="44895">
    <nd ref="44883"/>
    <nd ref="44888"/>
    <nd ref="44889"/>
    <nd ref="44890"/>
    <nd ref="44891"/>
    <tag k="type" v="line_thin"/>
    <tag k="subtype" v="solid"/>
  </way>
  <way id="44901">
    <nd ref="44898"/>
    <nd ref="11524"/>
    <tag k="type" v="line_thin"/>
    <tag k="subtype" v="solid"/>
  </way>
  <way id="44903">
    <nd ref="44899"/>
    <nd ref="11523"/>
    <tag k="type" v="line_thin"/>
    <tag k="subtype" v="solid"/>
  </way>
  <way id="44907">
    <nd ref="11522"/>
    <nd ref="44905"/>
    <tag k="type" v="line_thin"/>
    <tag k="subtype" v="solid"/>
  </way>
  <way id="44909">
    <nd ref="11521"/>
    <nd ref="44906"/>
    <tag k="type" v="line_thin"/>
    <tag k="subtype" v="solid"/>
  </way>
  <way id="44918">
    <nd ref="44898"/>
    <nd ref="44855"/>
    <tag k="type" v="line_thin"/>
    <tag k="subtype" v="solid"/>
  </way>
  <way id="44919">
    <nd ref="44899"/>
    <nd ref="44865"/>
    <tag k="type" v="line_thin"/>
    <tag k="subtype" v="solid"/>
  </way>
  <way id="44927">
    <nd ref="44887"/>
    <nd ref="44923"/>
    <nd ref="44905"/>
    <tag k="type" v="line_thin"/>
    <tag k="subtype" v="solid"/>
  </way>
  <way id="44928">
    <nd ref="44891"/>
    <nd ref="44926"/>
    <nd ref="44906"/>
    <tag k="type" v="line_thin"/>
    <tag k="subtype" v="solid"/>
  </way>
  <way id="44983">
    <nd ref="44980"/>
    <nd ref="11381"/>
    <tag k="type" v="line_thin"/>
    <tag k="subtype" v="solid"/>
  </way>
  <way id="44985">
    <nd ref="44981"/>
    <nd ref="11380"/>
    <tag k="type" v="line_thin"/>
    <tag k="subtype" v="solid"/>
  </way>
  <way id="45016">
    <nd ref="45013"/>
    <nd ref="44980"/>
    <tag k="type" v="line_thin"/>
    <tag k="subtype" v="solid"/>
  </way>
  <way id="45018">
    <nd ref="45014"/>
    <nd ref="44981"/>
    <tag k="type" v="line_thin"/>
    <tag k="subtype" v="solid"/>
  </way>
  <way id="45030">
    <nd ref="45027"/>
    <nd ref="44987"/>
    <tag k="type" v="line_thin"/>
    <tag k="subtype" v="solid"/>
  </way>
  <way id="45032">
    <nd ref="45028"/>
    <nd ref="44988"/>
    <tag k="type" v="line_thin"/>
    <tag k="subtype" v="solid"/>
  </way>
  <way id="45036">
    <nd ref="44987"/>
    <nd ref="44996"/>
    <nd ref="44930"/>
    <nd ref="44931"/>
    <nd ref="44932"/>
    <nd ref="44933"/>
    <nd ref="44939"/>
    <nd ref="45013"/>
    <tag k="type" v="line_thin"/>
    <tag k="subtype" v="solid"/>
  </way>
  <way id="45037">
    <nd ref="44988"/>
    <nd ref="44999"/>
    <nd ref="44940"/>
    <nd ref="44942"/>
    <nd ref="44945"/>
    <nd ref="44947"/>
    <nd ref="44949"/>
    <nd ref="44951"/>
    <nd ref="44954"/>
    <nd ref="44956"/>
    <nd ref="44957"/>
    <nd ref="44958"/>
    <nd ref="45014"/>
    <tag k="type" v="line_thin"/>
    <tag k="subtype" v="solid"/>
  </way>
  <way id="45114">
    <nd ref="45088"/>
    <nd ref="45089"/>
    <nd ref="45091"/>
    <nd ref="45093"/>
    <nd ref="45095"/>
    <nd ref="45097"/>
    <nd ref="45099"/>
    <nd ref="45101"/>
    <nd ref="45102"/>
    <nd ref="45104"/>
    <nd ref="45105"/>
    <tag k="type" v="line_thin"/>
    <tag k="subtype" v="solid"/>
  </way>
  <way id="45115">
    <nd ref="45106"/>
    <nd ref="45107"/>
    <nd ref="45112"/>
    <nd ref="45113"/>
    <tag k="type" v="line_thin"/>
    <tag k="subtype" v="solid"/>
  </way>
  <way id="45117">
    <nd ref="33291"/>
    <nd ref="45088"/>
    <tag k="type" v="line_thin"/>
    <tag k="subtype" v="solid"/>
  </way>
  <way id="45118">
    <nd ref="33292"/>
    <nd ref="45106"/>
    <tag k="type" v="line_thin"/>
    <tag k="subtype" v="solid"/>
  </way>
  <way id="45120">
    <nd ref="45105"/>
    <nd ref="12360"/>
    <tag k="type" v="line_thin"/>
    <tag k="subtype" v="solid"/>
  </way>
  <way id="45121">
    <nd ref="45113"/>
    <nd ref="12365"/>
    <tag k="type" v="line_thin"/>
    <tag k="subtype" v="solid"/>
  </way>
  <way id="45189">
    <nd ref="28280"/>
    <nd ref="45187"/>
    <tag k="type" v="line_thin"/>
    <tag k="subtype" v="solid"/>
  </way>
  <way id="45190">
    <nd ref="45187"/>
    <nd ref="33291"/>
    <tag k="type" v="line_thin"/>
    <tag k="subtype" v="solid"/>
  </way>
  <way id="45191">
    <nd ref="28281"/>
    <nd ref="45188"/>
    <tag k="type" v="line_thin"/>
    <tag k="subtype" v="solid"/>
  </way>
  <way id="45192">
    <nd ref="45188"/>
    <nd ref="33292"/>
    <tag k="type" v="line_thin"/>
    <tag k="subtype" v="solid"/>
  </way>
  <way id="45194">
    <nd ref="33233"/>
    <nd ref="12378"/>
    <tag k="type" v="line_thin"/>
    <tag k="subtype" v="solid"/>
  </way>
  <way id="45195">
    <nd ref="33252"/>
    <nd ref="12379"/>
    <tag k="type" v="line_thin"/>
    <tag k="subtype" v="solid"/>
  </way>
  <way id="45197">
    <nd ref="45187"/>
    <nd ref="33251"/>
    <tag k="type" v="line_thin"/>
    <tag k="subtype" v="solid"/>
  </way>
  <way id="45198">
    <nd ref="45188"/>
    <nd ref="33260"/>
    <tag k="type" v="line_thin"/>
    <tag k="subtype" v="solid"/>
  </way>
  <way id="45216">
    <nd ref="39205"/>
    <nd ref="45200"/>
    <nd ref="45201"/>
    <nd ref="45202"/>
    <nd ref="45203"/>
    <nd ref="45204"/>
    <tag k="type" v="line_thin"/>
    <tag k="subtype" v="solid"/>
  </way>
  <way id="45217">
    <nd ref="39206"/>
    <nd ref="45205"/>
    <nd ref="45206"/>
    <nd ref="45207"/>
    <nd ref="45208"/>
    <nd ref="45209"/>
    <tag k="type" v="line_thin"/>
    <tag k="subtype" v="solid"/>
  </way>
  <way id="45236">
    <nd ref="45204"/>
    <nd ref="45218"/>
    <nd ref="45221"/>
    <nd ref="45224"/>
    <nd ref="42549"/>
    <tag k="type" v="line_thin"/>
    <tag k="subtype" v="solid"/>
  </way>
  <way id="45237">
    <nd ref="45209"/>
    <nd ref="45227"/>
    <nd ref="45230"/>
    <nd ref="45233"/>
    <nd ref="42551"/>
    <tag k="type" v="line_thin"/>
    <tag k="subtype" v="solid"/>
  </way>
  <way id="45263">
    <nd ref="45239"/>
    <nd ref="45240"/>
    <nd ref="45241"/>
    <nd ref="45242"/>
    <nd ref="45243"/>
    <nd ref="45244"/>
    <nd ref="45245"/>
    <nd ref="45246"/>
    <nd ref="45247"/>
    <nd ref="45248"/>
    <nd ref="45249"/>
    <nd ref="45250"/>
    <nd ref="45251"/>
    <nd ref="45252"/>
    <nd ref="45253"/>
    <nd ref="45254"/>
    <nd ref="45255"/>
    <nd ref="45256"/>
    <nd ref="45257"/>
    <tag k="type" v="line_thin"/>
    <tag k="subtype" v="solid"/>
  </way>
  <way id="45264">
    <nd ref="45258"/>
    <nd ref="45259"/>
    <nd ref="45260"/>
    <nd ref="45261"/>
    <nd ref="45262"/>
    <tag k="type" v="line_thin"/>
    <tag k="subtype" v="solid"/>
  </way>
  <way id="45270">
    <nd ref="33186"/>
    <nd ref="45268"/>
    <tag k="type" v="line_thin"/>
    <tag k="subtype" v="solid"/>
  </way>
  <way id="45271">
    <nd ref="45268"/>
    <nd ref="609"/>
    <tag k="type" v="line_thin"/>
    <tag k="subtype" v="solid"/>
  </way>
  <way id="45272">
    <nd ref="33187"/>
    <nd ref="45269"/>
    <tag k="type" v="line_thin"/>
    <tag k="subtype" v="solid"/>
  </way>
  <way id="45273">
    <nd ref="45269"/>
    <nd ref="614"/>
    <tag k="type" v="line_thin"/>
    <tag k="subtype" v="solid"/>
  </way>
  <way id="45275">
    <nd ref="45268"/>
    <nd ref="45239"/>
    <tag k="type" v="line_thin"/>
    <tag k="subtype" v="solid"/>
  </way>
  <way id="45276">
    <nd ref="45269"/>
    <nd ref="45258"/>
    <tag k="type" v="line_thin"/>
    <tag k="subtype" v="solid"/>
  </way>
  <way id="45280">
    <nd ref="28652"/>
    <nd ref="45278"/>
    <tag k="type" v="line_thin"/>
    <tag k="subtype" v="solid"/>
  </way>
  <way id="45281">
    <nd ref="45278"/>
    <nd ref="1817"/>
    <tag k="type" v="line_thin"/>
    <tag k="subtype" v="solid"/>
  </way>
  <way id="45282">
    <nd ref="28653"/>
    <nd ref="45279"/>
    <tag k="type" v="line_thin"/>
    <tag k="subtype" v="solid"/>
  </way>
  <way id="45283">
    <nd ref="45279"/>
    <nd ref="1818"/>
    <tag k="type" v="line_thin"/>
    <tag k="subtype" v="solid"/>
  </way>
  <way id="45285">
    <nd ref="45257"/>
    <nd ref="45278"/>
    <tag k="type" v="line_thin"/>
    <tag k="subtype" v="solid"/>
  </way>
  <way id="45286">
    <nd ref="45262"/>
    <nd ref="45279"/>
    <tag k="type" v="line_thin"/>
    <tag k="subtype" v="solid"/>
  </way>
  <way id="45348">
    <nd ref="387"/>
    <nd ref="45346"/>
    <tag k="type" v="line_thin"/>
    <tag k="subtype" v="solid"/>
  </way>
  <way id="45349">
    <nd ref="45346"/>
    <nd ref="396"/>
    <nd ref="398"/>
    <nd ref="4131"/>
    <tag k="type" v="line_thin"/>
    <tag k="subtype" v="solid"/>
  </way>
  <way id="45350">
    <nd ref="382"/>
    <nd ref="45347"/>
    <tag k="type" v="line_thin"/>
    <tag k="subtype" v="solid"/>
  </way>
  <way id="45351">
    <nd ref="45347"/>
    <nd ref="402"/>
    <nd ref="404"/>
    <nd ref="4132"/>
    <tag k="type" v="line_thin"/>
    <tag k="subtype" v="solid"/>
  </way>
  <way id="45369">
    <nd ref="45367"/>
    <nd ref="45368"/>
    <tag k="type" v="line_thin"/>
    <tag k="subtype" v="solid"/>
  </way>
  <way id="45372">
    <nd ref="45370"/>
    <nd ref="45371"/>
    <tag k="type" v="line_thin"/>
    <tag k="subtype" v="solid"/>
  </way>
  <way id="45388">
    <nd ref="45346"/>
    <nd ref="45376"/>
    <nd ref="45379"/>
    <nd ref="45370"/>
    <tag k="type" v="line_thin"/>
    <tag k="subtype" v="solid"/>
  </way>
  <way id="45389">
    <nd ref="45347"/>
    <nd ref="45383"/>
    <nd ref="45386"/>
    <nd ref="45367"/>
    <tag k="type" v="line_thin"/>
    <tag k="subtype" v="solid"/>
  </way>
  <way id="45417">
    <nd ref="33483"/>
    <nd ref="45410"/>
    <nd ref="33500"/>
    <tag k="type" v="line_thin"/>
    <tag k="subtype" v="solid"/>
  </way>
  <way id="45418">
    <nd ref="33484"/>
    <nd ref="45411"/>
    <nd ref="33497"/>
    <tag k="type" v="line_thin"/>
    <tag k="subtype" v="solid"/>
  </way>
  <way id="45456">
    <nd ref="45353"/>
    <nd ref="45289"/>
    <nd ref="45290"/>
    <nd ref="45454"/>
    <tag k="type" v="line_thin"/>
    <tag k="subtype" v="solid"/>
  </way>
  <way id="45458">
    <nd ref="45354"/>
    <nd ref="45293"/>
    <nd ref="45294"/>
    <nd ref="45455"/>
    <tag k="type" v="line_thin"/>
    <tag k="subtype" v="solid"/>
  </way>
  <way id="45461">
    <nd ref="45454"/>
    <nd ref="26707"/>
    <tag k="type" v="line_thin"/>
    <tag k="subtype" v="solid"/>
  </way>
  <way id="45462">
    <nd ref="45455"/>
    <nd ref="26708"/>
    <tag k="type" v="line_thin"/>
    <tag k="subtype" v="solid"/>
  </way>
  <way id="45525">
    <nd ref="39365"/>
    <nd ref="43473"/>
    <nd ref="43474"/>
    <tag k="type" v="line_thin"/>
    <tag k="subtype" v="solid"/>
  </way>
  <way id="45526">
    <nd ref="39366"/>
    <nd ref="43470"/>
    <nd ref="43471"/>
    <tag k="type" v="line_thin"/>
    <tag k="subtype" v="solid"/>
  </way>
  <way id="45654">
    <nd ref="45548"/>
    <nd ref="45652"/>
    <tag k="type" v="line_thin"/>
    <tag k="subtype" v="solid"/>
  </way>
  <way id="45656">
    <nd ref="45549"/>
    <nd ref="45653"/>
    <tag k="type" v="line_thin"/>
    <tag k="subtype" v="solid"/>
  </way>
  <way id="45772">
    <nd ref="45768"/>
    <nd ref="45769"/>
    <tag k="type" v="line_thin"/>
    <tag k="subtype" v="solid"/>
  </way>
  <way id="45773">
    <nd ref="45770"/>
    <nd ref="45771"/>
    <tag k="type" v="line_thin"/>
    <tag k="subtype" v="solid"/>
  </way>
  <way id="45867">
    <nd ref="45779"/>
    <nd ref="45850"/>
    <nd ref="45852"/>
    <nd ref="45854"/>
    <nd ref="45856"/>
    <nd ref="43307"/>
    <nd ref="43309"/>
    <nd ref="44322"/>
    <tag k="type" v="line_thin"/>
    <tag k="subtype" v="solid"/>
  </way>
  <way id="45868">
    <nd ref="45781"/>
    <nd ref="45857"/>
    <nd ref="45858"/>
    <nd ref="45859"/>
    <nd ref="45860"/>
    <nd ref="45861"/>
    <nd ref="45862"/>
    <nd ref="45863"/>
    <nd ref="43306"/>
    <nd ref="43308"/>
    <nd ref="44323"/>
    <tag k="type" v="line_thin"/>
    <tag k="subtype" v="solid"/>
  </way>
  <way id="45891">
    <nd ref="45872"/>
    <nd ref="45779"/>
    <tag k="type" v="line_thin"/>
    <tag k="subtype" v="solid"/>
  </way>
  <way id="45892">
    <nd ref="45874"/>
    <nd ref="45781"/>
    <tag k="type" v="line_thin"/>
    <tag k="subtype" v="solid"/>
  </way>
  <way id="45905">
    <nd ref="45896"/>
    <nd ref="45903"/>
    <tag k="type" v="line_thin"/>
    <tag k="subtype" v="solid"/>
  </way>
  <way id="45907">
    <nd ref="45898"/>
    <nd ref="45904"/>
    <tag k="type" v="line_thin"/>
    <tag k="subtype" v="solid"/>
  </way>
  <way id="46031">
    <nd ref="45769"/>
    <nd ref="45872"/>
    <tag k="type" v="line_thin"/>
    <tag k="subtype" v="solid"/>
  </way>
  <way id="46032">
    <nd ref="45771"/>
    <nd ref="45874"/>
    <tag k="type" v="line_thin"/>
    <tag k="subtype" v="solid"/>
  </way>
  <way id="46069">
    <nd ref="45903"/>
    <nd ref="46041"/>
    <nd ref="46042"/>
    <nd ref="46037"/>
    <nd ref="46049"/>
    <nd ref="46051"/>
    <nd ref="46053"/>
    <nd ref="46055"/>
    <nd ref="45872"/>
    <tag k="type" v="line_thin"/>
    <tag k="subtype" v="solid"/>
  </way>
  <way id="46070">
    <nd ref="45904"/>
    <nd ref="46043"/>
    <nd ref="46044"/>
    <nd ref="46035"/>
    <nd ref="46057"/>
    <nd ref="46059"/>
    <nd ref="46061"/>
    <nd ref="45874"/>
    <tag k="type" v="line_thin"/>
    <tag k="subtype" v="solid"/>
  </way>
  <way id="46084">
    <nd ref="22338"/>
    <nd ref="35726"/>
    <nd ref="44738"/>
    <tag k="type" v="line_thin"/>
    <tag k="subtype" v="solid"/>
  </way>
  <way id="46085">
    <nd ref="22339"/>
    <nd ref="35727"/>
    <nd ref="44739"/>
    <tag k="type" v="line_thin"/>
    <tag k="subtype" v="solid"/>
  </way>
  <way id="46086">
    <nd ref="23878"/>
    <nd ref="23879"/>
    <nd ref="19125"/>
    <tag k="type" v="line_thin"/>
    <tag k="subtype" v="solid"/>
  </way>
  <way id="46087">
    <nd ref="23875"/>
    <nd ref="23876"/>
    <nd ref="19129"/>
    <tag k="type" v="line_thin"/>
    <tag k="subtype" v="solid"/>
  </way>
  <way id="46090">
    <nd ref="19125"/>
    <nd ref="46088"/>
    <tag k="type" v="line_thin"/>
    <tag k="subtype" v="solid"/>
  </way>
  <way id="46091">
    <nd ref="46088"/>
    <nd ref="31729"/>
    <tag k="type" v="line_thin"/>
    <tag k="subtype" v="solid"/>
  </way>
  <way id="46092">
    <nd ref="19129"/>
    <nd ref="46089"/>
    <tag k="type" v="line_thin"/>
    <tag k="subtype" v="solid"/>
  </way>
  <way id="46093">
    <nd ref="46089"/>
    <nd ref="31730"/>
    <tag k="type" v="line_thin"/>
    <tag k="subtype" v="solid"/>
  </way>
  <way id="46095">
    <nd ref="31729"/>
    <nd ref="25402"/>
    <tag k="type" v="line_thin"/>
    <tag k="subtype" v="solid"/>
  </way>
  <way id="46096">
    <nd ref="31730"/>
    <nd ref="25403"/>
    <tag k="type" v="line_thin"/>
    <tag k="subtype" v="solid"/>
  </way>
  <way id="46100">
    <nd ref="22819"/>
    <nd ref="46098"/>
    <tag k="type" v="line_thin"/>
    <tag k="subtype" v="solid"/>
  </way>
  <way id="46102">
    <nd ref="22820"/>
    <nd ref="46099"/>
    <tag k="type" v="line_thin"/>
    <tag k="subtype" v="solid"/>
  </way>
  <way id="46105">
    <nd ref="46098"/>
    <nd ref="41197"/>
    <tag k="type" v="line_thin"/>
    <tag k="subtype" v="solid"/>
  </way>
  <way id="46106">
    <nd ref="46099"/>
    <nd ref="41198"/>
    <tag k="type" v="line_thin"/>
    <tag k="subtype" v="solid"/>
  </way>
  <way id="46162">
    <nd ref="41993"/>
    <nd ref="41994"/>
    <nd ref="41995"/>
    <nd ref="46160"/>
    <tag k="type" v="line_thin"/>
    <tag k="subtype" v="solid"/>
  </way>
  <way id="46164">
    <nd ref="42003"/>
    <nd ref="42004"/>
    <nd ref="42005"/>
    <nd ref="42006"/>
    <nd ref="46161"/>
    <tag k="type" v="line_thin"/>
    <tag k="subtype" v="solid"/>
  </way>
  <way id="46186">
    <nd ref="36297"/>
    <nd ref="20987"/>
    <tag k="type" v="line_thin"/>
    <tag k="subtype" v="solid"/>
  </way>
  <way id="46187">
    <nd ref="36298"/>
    <nd ref="20988"/>
    <tag k="type" v="line_thin"/>
    <tag k="subtype" v="solid"/>
  </way>
  <way id="46198">
    <nd ref="25895"/>
    <nd ref="33483"/>
    <tag k="type" v="line_thin"/>
    <tag k="subtype" v="solid"/>
  </way>
  <way id="46199">
    <nd ref="25897"/>
    <nd ref="33484"/>
    <tag k="type" v="line_thin"/>
    <tag k="subtype" v="solid"/>
  </way>
  <way id="46250">
    <nd ref="46247"/>
    <nd ref="25895"/>
    <tag k="type" v="line_thin"/>
    <tag k="subtype" v="solid"/>
  </way>
  <way id="46252">
    <nd ref="46248"/>
    <nd ref="25897"/>
    <tag k="type" v="line_thin"/>
    <tag k="subtype" v="solid"/>
  </way>
  <way id="46273">
    <nd ref="26707"/>
    <nd ref="26684"/>
    <nd ref="26685"/>
    <nd ref="26686"/>
    <nd ref="46271"/>
    <tag k="type" v="line_thin"/>
    <tag k="subtype" v="solid"/>
  </way>
  <way id="46275">
    <nd ref="26708"/>
    <nd ref="26689"/>
    <nd ref="26690"/>
    <nd ref="46272"/>
    <tag k="type" v="line_thin"/>
    <tag k="subtype" v="solid"/>
  </way>
  <way id="46288">
    <nd ref="45371"/>
    <nd ref="46278"/>
    <nd ref="46279"/>
    <nd ref="46280"/>
    <nd ref="46281"/>
    <nd ref="46282"/>
    <nd ref="45353"/>
    <tag k="type" v="line_thin"/>
    <tag k="subtype" v="solid"/>
  </way>
  <way id="46289">
    <nd ref="45368"/>
    <nd ref="46283"/>
    <nd ref="46284"/>
    <nd ref="46285"/>
    <nd ref="46286"/>
    <nd ref="46287"/>
    <nd ref="45354"/>
    <tag k="type" v="line_thin"/>
    <tag k="subtype" v="solid"/>
  </way>
  <way id="46307">
    <nd ref="4131"/>
    <nd ref="46292"/>
    <nd ref="46293"/>
    <nd ref="46294"/>
    <nd ref="46295"/>
    <nd ref="46296"/>
    <nd ref="46297"/>
    <nd ref="46298"/>
    <nd ref="42245"/>
    <tag k="type" v="line_thin"/>
    <tag k="subtype" v="solid"/>
  </way>
  <way id="46308">
    <nd ref="4132"/>
    <nd ref="46300"/>
    <nd ref="46301"/>
    <nd ref="46303"/>
    <nd ref="46304"/>
    <nd ref="46305"/>
    <nd ref="46306"/>
    <nd ref="42246"/>
    <tag k="type" v="line_thin"/>
    <tag k="subtype" v="solid"/>
  </way>
  <way id="46371">
    <nd ref="46351"/>
    <nd ref="42245"/>
    <tag k="type" v="line_thin"/>
    <tag k="subtype" v="solid"/>
  </way>
  <way id="46372">
    <nd ref="46352"/>
    <nd ref="42246"/>
    <tag k="type" v="line_thin"/>
    <tag k="subtype" v="solid"/>
  </way>
  <way id="46419">
    <nd ref="29931"/>
    <nd ref="46382"/>
    <nd ref="46384"/>
    <nd ref="46386"/>
    <nd ref="46388"/>
    <nd ref="46378"/>
    <nd ref="46401"/>
    <nd ref="46403"/>
    <nd ref="46405"/>
    <nd ref="30876"/>
    <tag k="type" v="line_thin"/>
    <tag k="subtype" v="solid"/>
  </way>
  <way id="46420">
    <nd ref="29932"/>
    <nd ref="46390"/>
    <nd ref="46392"/>
    <nd ref="46394"/>
    <nd ref="46396"/>
    <nd ref="46375"/>
    <nd ref="46408"/>
    <nd ref="46410"/>
    <nd ref="46412"/>
    <nd ref="30877"/>
    <tag k="type" v="line_thin"/>
    <tag k="subtype" v="solid"/>
  </way>
  <way id="46424">
    <nd ref="46421"/>
    <nd ref="26692"/>
    <nd ref="26694"/>
    <tag k="type" v="line_thin"/>
    <tag k="subtype" v="solid"/>
  </way>
  <way id="46426">
    <nd ref="46422"/>
    <nd ref="26696"/>
    <nd ref="26698"/>
    <tag k="type" v="line_thin"/>
    <tag k="subtype" v="solid"/>
  </way>
  <way id="46428">
    <nd ref="46271"/>
    <nd ref="46421"/>
    <tag k="type" v="line_thin"/>
    <tag k="subtype" v="solid"/>
  </way>
  <way id="46429">
    <nd ref="46272"/>
    <nd ref="46422"/>
    <tag k="type" v="line_thin"/>
    <tag k="subtype" v="solid"/>
  </way>
  <way id="46447">
    <nd ref="26694"/>
    <nd ref="46431"/>
    <nd ref="46432"/>
    <nd ref="46433"/>
    <nd ref="46434"/>
    <nd ref="46435"/>
    <nd ref="46436"/>
    <nd ref="46437"/>
    <nd ref="46438"/>
    <nd ref="42321"/>
    <tag k="type" v="line_thin"/>
    <tag k="subtype" v="solid"/>
  </way>
  <way id="46448">
    <nd ref="26698"/>
    <nd ref="46439"/>
    <nd ref="46440"/>
    <nd ref="46441"/>
    <nd ref="46444"/>
    <nd ref="46445"/>
    <nd ref="46446"/>
    <nd ref="42320"/>
    <tag k="type" v="line_thin"/>
    <tag k="subtype" v="solid"/>
  </way>
  <way id="46516">
    <nd ref="46495"/>
    <nd ref="46506"/>
    <nd ref="502"/>
    <tag k="type" v="line_thin"/>
    <tag k="subtype" v="solid"/>
  </way>
  <way id="46517">
    <nd ref="46499"/>
    <nd ref="46507"/>
    <nd ref="507"/>
    <tag k="type" v="line_thin"/>
    <tag k="subtype" v="solid"/>
  </way>
  <way id="46518">
    <nd ref="476"/>
    <nd ref="46495"/>
    <tag k="type" v="line_thin"/>
    <tag k="subtype" v="solid"/>
  </way>
  <way id="46519">
    <nd ref="481"/>
    <nd ref="46499"/>
    <tag k="type" v="line_thin"/>
    <tag k="subtype" v="solid"/>
  </way>
  <way id="46535">
    <nd ref="46532"/>
    <nd ref="46524"/>
    <tag k="type" v="line_thin"/>
    <tag k="subtype" v="solid"/>
  </way>
  <way id="46537">
    <nd ref="46533"/>
    <nd ref="46528"/>
    <tag k="type" v="line_thin"/>
    <tag k="subtype" v="solid"/>
  </way>
  <way id="46560">
    <nd ref="44369"/>
    <nd ref="538"/>
    <nd ref="539"/>
    <nd ref="46546"/>
    <nd ref="46553"/>
    <nd ref="46554"/>
    <nd ref="46532"/>
    <tag k="type" v="line_thin"/>
    <tag k="subtype" v="solid"/>
  </way>
  <way id="46561">
    <nd ref="44370"/>
    <nd ref="557"/>
    <nd ref="1284"/>
    <nd ref="46547"/>
    <nd ref="46555"/>
    <nd ref="46556"/>
    <nd ref="46533"/>
    <tag k="type" v="line_thin"/>
    <tag k="subtype" v="solid"/>
  </way>
  <way id="46604">
    <nd ref="32841"/>
    <nd ref="43334"/>
    <nd ref="43333"/>
    <nd ref="32855"/>
    <nd ref="32857"/>
    <nd ref="15849"/>
    <nd ref="15853"/>
    <nd ref="15855"/>
    <nd ref="15857"/>
    <nd ref="15859"/>
    <nd ref="46575"/>
    <nd ref="46578"/>
    <nd ref="46581"/>
    <nd ref="46584"/>
    <nd ref="45027"/>
    <tag k="type" v="line_thin"/>
    <tag k="subtype" v="solid"/>
  </way>
  <way id="46605">
    <nd ref="32842"/>
    <nd ref="43336"/>
    <nd ref="43335"/>
    <nd ref="32859"/>
    <nd ref="32862"/>
    <nd ref="15873"/>
    <nd ref="15875"/>
    <nd ref="15877"/>
    <nd ref="15879"/>
    <nd ref="15881"/>
    <nd ref="15883"/>
    <nd ref="15885"/>
    <nd ref="46588"/>
    <nd ref="46591"/>
    <nd ref="46594"/>
    <nd ref="46597"/>
    <nd ref="45028"/>
    <tag k="type" v="line_thin"/>
    <tag k="subtype" v="solid"/>
  </way>
  <way id="46657">
    <nd ref="43474"/>
    <nd ref="46655"/>
    <tag k="type" v="line_thin"/>
    <tag k="subtype" v="solid"/>
  </way>
  <way id="46659">
    <nd ref="43471"/>
    <nd ref="46656"/>
    <tag k="type" v="line_thin"/>
    <tag k="subtype" v="solid"/>
  </way>
  <way id="46706">
    <nd ref="46703"/>
    <nd ref="42087"/>
    <nd ref="42088"/>
    <nd ref="42097"/>
    <tag k="type" v="line_thin"/>
    <tag k="subtype" v="solid"/>
  </way>
  <way id="46708">
    <nd ref="46704"/>
    <nd ref="42092"/>
    <nd ref="42093"/>
    <nd ref="42098"/>
    <tag k="type" v="line_thin"/>
    <tag k="subtype" v="solid"/>
  </way>
  <way id="46749">
    <nd ref="46160"/>
    <nd ref="46733"/>
    <nd ref="46734"/>
    <nd ref="46735"/>
    <nd ref="46736"/>
    <nd ref="46737"/>
    <nd ref="46738"/>
    <nd ref="42023"/>
    <tag k="type" v="line_thin"/>
    <tag k="subtype" v="solid"/>
  </way>
  <way id="46750">
    <nd ref="46161"/>
    <nd ref="46741"/>
    <nd ref="46742"/>
    <nd ref="46743"/>
    <nd ref="46744"/>
    <nd ref="46745"/>
    <nd ref="46746"/>
    <nd ref="42024"/>
    <tag k="type" v="line_thin"/>
    <tag k="subtype" v="solid"/>
  </way>
  <way id="46752">
    <nd ref="23924"/>
    <nd ref="42023"/>
    <tag k="type" v="line_thin"/>
    <tag k="subtype" v="solid"/>
  </way>
  <way id="46753">
    <nd ref="23925"/>
    <nd ref="42024"/>
    <tag k="type" v="line_thin"/>
    <tag k="subtype" v="solid"/>
  </way>
  <way id="46758">
    <nd ref="46755"/>
    <nd ref="24323"/>
    <nd ref="24608"/>
    <nd ref="24618"/>
    <nd ref="24622"/>
    <nd ref="24328"/>
    <tag k="type" v="line_thin"/>
    <tag k="subtype" v="solid"/>
  </way>
  <way id="46760">
    <nd ref="46756"/>
    <nd ref="24338"/>
    <nd ref="24609"/>
    <nd ref="24628"/>
    <nd ref="24632"/>
    <nd ref="24344"/>
    <tag k="type" v="line_thin"/>
    <tag k="subtype" v="solid"/>
  </way>
  <way id="46777">
    <nd ref="41983"/>
    <nd ref="20589"/>
    <nd ref="20616"/>
    <nd ref="20620"/>
    <nd ref="20622"/>
    <nd ref="46775"/>
    <tag k="type" v="line_thin"/>
    <tag k="subtype" v="solid"/>
  </way>
  <way id="46779">
    <nd ref="41984"/>
    <nd ref="20590"/>
    <nd ref="20624"/>
    <nd ref="20626"/>
    <nd ref="20628"/>
    <nd ref="20630"/>
    <nd ref="46776"/>
    <tag k="type" v="line_thin"/>
    <tag k="subtype" v="solid"/>
  </way>
  <way id="46793">
    <nd ref="24263"/>
    <nd ref="46791"/>
    <tag k="type" v="line_thin"/>
    <tag k="subtype" v="solid"/>
  </way>
  <way id="46794">
    <nd ref="46791"/>
    <nd ref="24311"/>
    <tag k="type" v="line_thin"/>
    <tag k="subtype" v="solid"/>
  </way>
  <way id="46795">
    <nd ref="24264"/>
    <nd ref="46792"/>
    <tag k="type" v="line_thin"/>
    <tag k="subtype" v="solid"/>
  </way>
  <way id="46796">
    <nd ref="46792"/>
    <nd ref="24329"/>
    <tag k="type" v="line_thin"/>
    <tag k="subtype" v="solid"/>
  </way>
  <way id="46817">
    <nd ref="25955"/>
    <nd ref="46247"/>
    <tag k="type" v="line_thin"/>
    <tag k="subtype" v="solid"/>
  </way>
  <way id="46818">
    <nd ref="25956"/>
    <nd ref="46248"/>
    <tag k="type" v="line_thin"/>
    <tag k="subtype" v="solid"/>
  </way>
  <way id="46836">
    <nd ref="25885"/>
    <nd ref="40590"/>
    <tag k="type" v="line_thin"/>
    <tag k="subtype" v="solid"/>
  </way>
  <way id="46837">
    <nd ref="25887"/>
    <nd ref="40591"/>
    <tag k="type" v="line_thin"/>
    <tag k="subtype" v="solid"/>
  </way>
  <way id="46870">
    <nd ref="45454"/>
    <nd ref="46332"/>
    <nd ref="46333"/>
    <nd ref="46334"/>
    <nd ref="46335"/>
    <nd ref="46336"/>
    <nd ref="46337"/>
    <nd ref="46338"/>
    <nd ref="46339"/>
    <nd ref="46351"/>
    <tag k="type" v="line_thin"/>
    <tag k="subtype" v="solid"/>
  </way>
  <way id="46871">
    <nd ref="45455"/>
    <nd ref="46340"/>
    <nd ref="46341"/>
    <nd ref="46342"/>
    <nd ref="46343"/>
    <nd ref="46344"/>
    <nd ref="46345"/>
    <nd ref="46346"/>
    <nd ref="46352"/>
    <tag k="type" v="line_thin"/>
    <tag k="subtype" v="solid"/>
  </way>
  <way id="46925">
    <nd ref="46922"/>
    <nd ref="32967"/>
    <tag k="type" v="line_thin"/>
    <tag k="subtype" v="solid"/>
  </way>
  <way id="46927">
    <nd ref="46923"/>
    <nd ref="32968"/>
    <tag k="type" v="line_thin"/>
    <tag k="subtype" v="solid"/>
  </way>
  <way id="46953">
    <nd ref="46524"/>
    <nd ref="46951"/>
    <tag k="type" v="line_thin"/>
    <tag k="subtype" v="solid"/>
  </way>
  <way id="46955">
    <nd ref="46528"/>
    <nd ref="46952"/>
    <tag k="type" v="line_thin"/>
    <tag k="subtype" v="solid"/>
  </way>
  <way id="47042">
    <nd ref="46978"/>
    <nd ref="47040"/>
    <tag k="type" v="line_thin"/>
    <tag k="subtype" v="solid"/>
  </way>
  <way id="47044">
    <nd ref="46980"/>
    <nd ref="47041"/>
    <tag k="type" v="line_thin"/>
    <tag k="subtype" v="solid"/>
  </way>
  <way id="47081">
    <nd ref="23952"/>
    <nd ref="47065"/>
    <nd ref="47066"/>
    <nd ref="47067"/>
    <nd ref="47068"/>
    <nd ref="47069"/>
    <nd ref="47070"/>
    <nd ref="47071"/>
    <nd ref="47072"/>
    <nd ref="46703"/>
    <tag k="type" v="line_thin"/>
    <tag k="subtype" v="solid"/>
  </way>
  <way id="47082">
    <nd ref="23953"/>
    <nd ref="47073"/>
    <nd ref="47074"/>
    <nd ref="47075"/>
    <nd ref="47076"/>
    <nd ref="47077"/>
    <nd ref="47078"/>
    <nd ref="47079"/>
    <nd ref="47080"/>
    <nd ref="46704"/>
    <tag k="type" v="line_thin"/>
    <tag k="subtype" v="solid"/>
  </way>
  <way id="47092">
    <nd ref="24311"/>
    <nd ref="47084"/>
    <nd ref="47085"/>
    <nd ref="47086"/>
    <nd ref="47087"/>
    <nd ref="46755"/>
    <tag k="type" v="line_thin"/>
    <tag k="subtype" v="solid"/>
  </way>
  <way id="47093">
    <nd ref="24329"/>
    <nd ref="47088"/>
    <nd ref="47089"/>
    <nd ref="47090"/>
    <nd ref="47091"/>
    <nd ref="46756"/>
    <tag k="type" v="line_thin"/>
    <tag k="subtype" v="solid"/>
  </way>
  <way id="47109">
    <nd ref="46775"/>
    <nd ref="47095"/>
    <nd ref="47096"/>
    <nd ref="47097"/>
    <nd ref="47098"/>
    <nd ref="47099"/>
    <nd ref="47100"/>
    <nd ref="47101"/>
    <nd ref="46791"/>
    <tag k="type" v="line_thin"/>
    <tag k="subtype" v="solid"/>
  </way>
  <way id="47110">
    <nd ref="46776"/>
    <nd ref="47102"/>
    <nd ref="47103"/>
    <nd ref="47104"/>
    <nd ref="47105"/>
    <nd ref="47106"/>
    <nd ref="47107"/>
    <nd ref="47108"/>
    <nd ref="46792"/>
    <tag k="type" v="line_thin"/>
    <tag k="subtype" v="solid"/>
  </way>
  <way id="47112">
    <nd ref="26015"/>
    <nd ref="26555"/>
    <tag k="type" v="line_thin"/>
    <tag k="subtype" v="solid"/>
  </way>
  <way id="47113">
    <nd ref="26040"/>
    <nd ref="26556"/>
    <tag k="type" v="line_thin"/>
    <tag k="subtype" v="solid"/>
  </way>
  <way id="47131">
    <nd ref="40634"/>
    <nd ref="47115"/>
    <nd ref="47116"/>
    <nd ref="47117"/>
    <nd ref="47118"/>
    <nd ref="47119"/>
    <nd ref="47120"/>
    <nd ref="47121"/>
    <nd ref="47122"/>
    <nd ref="40590"/>
    <tag k="type" v="line_thin"/>
    <tag k="subtype" v="solid"/>
  </way>
  <way id="47132">
    <nd ref="40635"/>
    <nd ref="47123"/>
    <nd ref="47124"/>
    <nd ref="47125"/>
    <nd ref="47126"/>
    <nd ref="47127"/>
    <nd ref="47128"/>
    <nd ref="47129"/>
    <nd ref="47130"/>
    <nd ref="40591"/>
    <tag k="type" v="line_thin"/>
    <tag k="subtype" v="solid"/>
  </way>
  <way id="47142">
    <nd ref="26015"/>
    <nd ref="47134"/>
    <nd ref="47135"/>
    <nd ref="47136"/>
    <nd ref="47137"/>
    <nd ref="40508"/>
    <tag k="type" v="line_thin"/>
    <tag k="subtype" v="solid"/>
  </way>
  <way id="47143">
    <nd ref="26040"/>
    <nd ref="47138"/>
    <nd ref="47139"/>
    <nd ref="47140"/>
    <nd ref="47141"/>
    <nd ref="40509"/>
    <tag k="type" v="line_thin"/>
    <tag k="subtype" v="solid"/>
  </way>
  <way id="47153">
    <nd ref="40473"/>
    <nd ref="47145"/>
    <nd ref="47146"/>
    <nd ref="47147"/>
    <nd ref="47148"/>
    <nd ref="46247"/>
    <tag k="type" v="line_thin"/>
    <tag k="subtype" v="solid"/>
  </way>
  <way id="47154">
    <nd ref="40474"/>
    <nd ref="47149"/>
    <nd ref="47150"/>
    <nd ref="47151"/>
    <nd ref="47152"/>
    <nd ref="46248"/>
    <tag k="type" v="line_thin"/>
    <tag k="subtype" v="solid"/>
  </way>
  <way id="47196">
    <nd ref="47179"/>
    <nd ref="47180"/>
    <nd ref="47181"/>
    <nd ref="47182"/>
    <nd ref="47183"/>
    <nd ref="47184"/>
    <nd ref="47185"/>
    <nd ref="47186"/>
    <nd ref="47187"/>
    <tag k="type" v="line_thin"/>
    <tag k="subtype" v="solid"/>
  </way>
  <way id="47197">
    <nd ref="47188"/>
    <nd ref="47189"/>
    <nd ref="47190"/>
    <nd ref="47191"/>
    <nd ref="47192"/>
    <nd ref="47193"/>
    <nd ref="47194"/>
    <nd ref="47195"/>
    <tag k="type" v="line_thin"/>
    <tag k="subtype" v="solid"/>
  </way>
  <way id="47244">
    <nd ref="30020"/>
    <nd ref="31035"/>
    <tag k="type" v="line_thin"/>
    <tag k="subtype" v="solid"/>
  </way>
  <way id="47245">
    <nd ref="30021"/>
    <nd ref="31036"/>
    <tag k="type" v="line_thin"/>
    <tag k="subtype" v="solid"/>
  </way>
  <way id="47283">
    <nd ref="47266"/>
    <nd ref="47267"/>
    <nd ref="47268"/>
    <nd ref="47269"/>
    <nd ref="47270"/>
    <nd ref="47271"/>
    <nd ref="47272"/>
    <nd ref="47273"/>
    <nd ref="47274"/>
    <tag k="type" v="line_thin"/>
    <tag k="subtype" v="solid"/>
  </way>
  <way id="47284">
    <nd ref="47275"/>
    <nd ref="47276"/>
    <nd ref="47277"/>
    <nd ref="47278"/>
    <nd ref="47279"/>
    <nd ref="47280"/>
    <nd ref="47281"/>
    <nd ref="47282"/>
    <tag k="type" v="line_thin"/>
    <tag k="subtype" v="solid"/>
  </way>
  <way id="47303">
    <nd ref="47286"/>
    <nd ref="47287"/>
    <nd ref="47288"/>
    <nd ref="47289"/>
    <nd ref="47290"/>
    <nd ref="47291"/>
    <nd ref="47292"/>
    <nd ref="47293"/>
    <nd ref="47294"/>
    <tag k="type" v="line_thin"/>
    <tag k="subtype" v="solid"/>
  </way>
  <way id="47304">
    <nd ref="47295"/>
    <nd ref="47296"/>
    <nd ref="47297"/>
    <nd ref="47298"/>
    <nd ref="47299"/>
    <nd ref="47300"/>
    <nd ref="47301"/>
    <nd ref="47302"/>
    <tag k="type" v="line_thin"/>
    <tag k="subtype" v="solid"/>
  </way>
  <way id="47323">
    <nd ref="47306"/>
    <nd ref="47307"/>
    <nd ref="47308"/>
    <nd ref="47309"/>
    <nd ref="47310"/>
    <nd ref="47311"/>
    <nd ref="47312"/>
    <nd ref="47313"/>
    <nd ref="47314"/>
    <tag k="type" v="line_thin"/>
    <tag k="subtype" v="solid"/>
  </way>
  <way id="47324">
    <nd ref="47315"/>
    <nd ref="47316"/>
    <nd ref="47317"/>
    <nd ref="47318"/>
    <nd ref="47319"/>
    <nd ref="47320"/>
    <nd ref="47321"/>
    <nd ref="47322"/>
    <tag k="type" v="line_thin"/>
    <tag k="subtype" v="solid"/>
  </way>
  <way id="47336">
    <nd ref="30869"/>
    <nd ref="47179"/>
    <tag k="type" v="line_thin"/>
    <tag k="subtype" v="solid"/>
  </way>
  <way id="47337">
    <nd ref="30870"/>
    <nd ref="47188"/>
    <tag k="type" v="line_thin"/>
    <tag k="subtype" v="solid"/>
  </way>
  <way id="47339">
    <nd ref="47179"/>
    <nd ref="30020"/>
    <tag k="type" v="line_thin"/>
    <tag k="subtype" v="solid"/>
  </way>
  <way id="47340">
    <nd ref="47188"/>
    <nd ref="30021"/>
    <tag k="type" v="line_thin"/>
    <tag k="subtype" v="solid"/>
  </way>
  <way id="47365">
    <nd ref="47274"/>
    <nd ref="47286"/>
    <tag k="type" v="line_thin"/>
    <tag k="subtype" v="solid"/>
  </way>
  <way id="47366">
    <nd ref="47282"/>
    <nd ref="47295"/>
    <tag k="type" v="line_thin"/>
    <tag k="subtype" v="solid"/>
  </way>
  <way id="47368">
    <nd ref="31035"/>
    <nd ref="47274"/>
    <tag k="type" v="line_thin"/>
    <tag k="subtype" v="solid"/>
  </way>
  <way id="47369">
    <nd ref="31036"/>
    <nd ref="47282"/>
    <tag k="type" v="line_thin"/>
    <tag k="subtype" v="solid"/>
  </way>
  <way id="47371">
    <nd ref="47286"/>
    <nd ref="31444"/>
    <tag k="type" v="line_thin"/>
    <tag k="subtype" v="solid"/>
  </way>
  <way id="47372">
    <nd ref="47295"/>
    <nd ref="31445"/>
    <tag k="type" v="line_thin"/>
    <tag k="subtype" v="solid"/>
  </way>
  <way id="47427">
    <nd ref="47423"/>
    <nd ref="47424"/>
    <tag k="type" v="line_thin"/>
    <tag k="subtype" v="solid"/>
  </way>
  <way id="47428">
    <nd ref="47425"/>
    <nd ref="47426"/>
    <tag k="type" v="line_thin"/>
    <tag k="subtype" v="solid"/>
  </way>
  <way id="47441">
    <nd ref="47424"/>
    <nd ref="47430"/>
    <nd ref="47439"/>
    <tag k="type" v="line_thin"/>
    <tag k="subtype" v="solid"/>
  </way>
  <way id="47442">
    <nd ref="47439"/>
    <nd ref="42365"/>
    <nd ref="42480"/>
    <nd ref="42482"/>
    <nd ref="42484"/>
    <nd ref="42486"/>
    <nd ref="42487"/>
    <nd ref="42488"/>
    <nd ref="4095"/>
    <tag k="type" v="line_thin"/>
    <tag k="subtype" v="solid"/>
  </way>
  <way id="47443">
    <nd ref="47426"/>
    <nd ref="47432"/>
    <nd ref="47440"/>
    <tag k="type" v="line_thin"/>
    <tag k="subtype" v="solid"/>
  </way>
  <way id="47444">
    <nd ref="47440"/>
    <nd ref="42364"/>
    <nd ref="42489"/>
    <nd ref="42490"/>
    <nd ref="42491"/>
    <nd ref="42492"/>
    <nd ref="42493"/>
    <nd ref="42494"/>
    <nd ref="42495"/>
    <nd ref="42496"/>
    <nd ref="4092"/>
    <tag k="type" v="line_thin"/>
    <tag k="subtype" v="solid"/>
  </way>
  <way id="47446">
    <nd ref="47314"/>
    <nd ref="47423"/>
    <tag k="type" v="line_thin"/>
    <tag k="subtype" v="solid"/>
  </way>
  <way id="47447">
    <nd ref="47322"/>
    <nd ref="47425"/>
    <tag k="type" v="line_thin"/>
    <tag k="subtype" v="solid"/>
  </way>
  <way id="47449">
    <nd ref="30537"/>
    <nd ref="47314"/>
    <tag k="type" v="line_thin"/>
    <tag k="subtype" v="solid"/>
  </way>
  <way id="47450">
    <nd ref="30546"/>
    <nd ref="47322"/>
    <tag k="type" v="line_thin"/>
    <tag k="subtype" v="solid"/>
  </way>
  <way id="47516">
    <nd ref="47513"/>
    <nd ref="46978"/>
    <tag k="type" v="line_thin"/>
    <tag k="subtype" v="solid"/>
  </way>
  <way id="47518">
    <nd ref="47514"/>
    <nd ref="46980"/>
    <tag k="type" v="line_thin"/>
    <tag k="subtype" v="solid"/>
  </way>
  <way id="47545">
    <nd ref="46655"/>
    <nd ref="47533"/>
    <nd ref="47534"/>
    <nd ref="47535"/>
    <nd ref="47536"/>
    <nd ref="47537"/>
    <nd ref="47538"/>
    <nd ref="45548"/>
    <tag k="type" v="line_thin"/>
    <tag k="subtype" v="solid"/>
  </way>
  <way id="47546">
    <nd ref="46656"/>
    <nd ref="47539"/>
    <nd ref="47541"/>
    <nd ref="47543"/>
    <nd ref="45549"/>
    <tag k="type" v="line_thin"/>
    <tag k="subtype" v="solid"/>
  </way>
  <way id="47562">
    <nd ref="45652"/>
    <nd ref="47548"/>
    <nd ref="47549"/>
    <nd ref="47550"/>
    <nd ref="47551"/>
    <nd ref="47552"/>
    <nd ref="47553"/>
    <nd ref="47554"/>
    <nd ref="47513"/>
    <tag k="type" v="line_thin"/>
    <tag k="subtype" v="solid"/>
  </way>
  <way id="47563">
    <nd ref="45653"/>
    <nd ref="47558"/>
    <nd ref="47559"/>
    <nd ref="47560"/>
    <nd ref="47561"/>
    <nd ref="47514"/>
    <tag k="type" v="line_thin"/>
    <tag k="subtype" v="solid"/>
  </way>
  <way id="47565">
    <nd ref="47040"/>
    <nd ref="47522"/>
    <nd ref="47524"/>
    <nd ref="47026"/>
    <nd ref="44221"/>
    <nd ref="44179"/>
    <tag k="type" v="line_thin"/>
    <tag k="subtype" v="solid"/>
  </way>
  <way id="47566">
    <nd ref="47041"/>
    <nd ref="47527"/>
    <nd ref="47529"/>
    <nd ref="44231"/>
    <nd ref="44233"/>
    <nd ref="44176"/>
    <tag k="type" v="line_thin"/>
    <tag k="subtype" v="solid"/>
  </way>
  <way id="47585">
    <nd ref="45779"/>
    <nd ref="38867"/>
    <tag k="type" v="line_thin"/>
    <tag k="subtype" v="solid"/>
  </way>
  <way id="47586">
    <nd ref="45781"/>
    <nd ref="38869"/>
    <tag k="type" v="line_thin"/>
    <tag k="subtype" v="solid"/>
  </way>
  <way id="47591">
    <nd ref="47588"/>
    <nd ref="46929"/>
    <nd ref="46930"/>
    <nd ref="46931"/>
    <nd ref="46932"/>
    <nd ref="46922"/>
    <tag k="type" v="line_thin"/>
    <tag k="subtype" v="solid"/>
  </way>
  <way id="47593">
    <nd ref="47589"/>
    <nd ref="46933"/>
    <nd ref="46934"/>
    <nd ref="46935"/>
    <nd ref="46936"/>
    <nd ref="46923"/>
    <tag k="type" v="line_thin"/>
    <tag k="subtype" v="solid"/>
  </way>
  <way id="47601">
    <nd ref="46951"/>
    <nd ref="47595"/>
    <nd ref="47596"/>
    <nd ref="47597"/>
    <nd ref="47588"/>
    <tag k="type" v="line_thin"/>
    <tag k="subtype" v="solid"/>
  </way>
  <way id="47602">
    <nd ref="46952"/>
    <nd ref="47598"/>
    <nd ref="47599"/>
    <nd ref="47600"/>
    <nd ref="47589"/>
    <tag k="type" v="line_thin"/>
    <tag k="subtype" v="solid"/>
  </way>
  <way id="47606">
    <nd ref="47187"/>
    <nd ref="47604"/>
    <tag k="type" v="line_thin"/>
    <tag k="subtype" v="solid"/>
  </way>
  <way id="47607">
    <nd ref="47604"/>
    <nd ref="47266"/>
    <tag k="type" v="line_thin"/>
    <tag k="subtype" v="solid"/>
  </way>
  <way id="47608">
    <nd ref="47195"/>
    <nd ref="47605"/>
    <tag k="type" v="line_thin"/>
    <tag k="subtype" v="solid"/>
  </way>
  <way id="47609">
    <nd ref="47605"/>
    <nd ref="47275"/>
    <tag k="type" v="line_thin"/>
    <tag k="subtype" v="solid"/>
  </way>
  <way id="47613">
    <nd ref="47294"/>
    <nd ref="47611"/>
    <tag k="type" v="line_thin"/>
    <tag k="subtype" v="solid"/>
  </way>
  <way id="47614">
    <nd ref="47611"/>
    <nd ref="47306"/>
    <tag k="type" v="line_thin"/>
    <tag k="subtype" v="solid"/>
  </way>
  <way id="47615">
    <nd ref="47302"/>
    <nd ref="47612"/>
    <tag k="type" v="line_thin"/>
    <tag k="subtype" v="solid"/>
  </way>
  <way id="47616">
    <nd ref="47612"/>
    <nd ref="47315"/>
    <tag k="type" v="line_thin"/>
    <tag k="subtype" v="solid"/>
  </way>
  <way id="47622">
    <nd ref="47618"/>
    <nd ref="47619"/>
    <tag k="type" v="line_thin"/>
    <tag k="subtype" v="solid"/>
  </way>
  <way id="47623">
    <nd ref="47620"/>
    <nd ref="47621"/>
    <tag k="type" v="line_thin"/>
    <tag k="subtype" v="solid"/>
  </way>
  <way id="47625">
    <nd ref="38678"/>
    <nd ref="47618"/>
    <tag k="type" v="line_thin"/>
    <tag k="subtype" v="solid"/>
  </way>
  <way id="47626">
    <nd ref="38679"/>
    <nd ref="47620"/>
    <tag k="type" v="line_thin"/>
    <tag k="subtype" v="solid"/>
  </way>
  <way id="47646">
    <nd ref="47619"/>
    <nd ref="47628"/>
    <nd ref="47629"/>
    <nd ref="47630"/>
    <nd ref="47631"/>
    <nd ref="47632"/>
    <nd ref="47633"/>
    <nd ref="47634"/>
    <nd ref="47635"/>
    <nd ref="47636"/>
    <nd ref="4343"/>
    <tag k="type" v="line_thin"/>
    <tag k="subtype" v="solid"/>
  </way>
  <way id="47647">
    <nd ref="47621"/>
    <nd ref="47637"/>
    <nd ref="47638"/>
    <nd ref="47639"/>
    <nd ref="47640"/>
    <nd ref="47641"/>
    <nd ref="47642"/>
    <nd ref="47643"/>
    <nd ref="47644"/>
    <nd ref="47645"/>
    <nd ref="4344"/>
    <tag k="type" v="line_thin"/>
    <tag k="subtype" v="solid"/>
  </way>
  <way id="47656">
    <nd ref="80"/>
    <nd ref="47649"/>
    <tag k="type" v="line_thin"/>
    <tag k="subtype" v="solid"/>
  </way>
  <way id="47657">
    <nd ref="104"/>
    <nd ref="47651"/>
    <tag k="type" v="line_thin"/>
    <tag k="subtype" v="solid"/>
  </way>
  <way id="47661">
    <nd ref="47659"/>
    <nd ref="47660"/>
    <tag k="type" v="line_thin"/>
    <tag k="subtype" v="solid"/>
  </way>
  <way id="47664">
    <nd ref="47662"/>
    <nd ref="47663"/>
    <tag k="type" v="line_thin"/>
    <tag k="subtype" v="solid"/>
  </way>
  <way id="47674">
    <nd ref="47649"/>
    <nd ref="47666"/>
    <nd ref="47667"/>
    <nd ref="47668"/>
    <nd ref="47669"/>
    <nd ref="47662"/>
    <tag k="type" v="line_thin"/>
    <tag k="subtype" v="solid"/>
  </way>
  <way id="47675">
    <nd ref="47651"/>
    <nd ref="47670"/>
    <nd ref="47671"/>
    <nd ref="47672"/>
    <nd ref="47673"/>
    <nd ref="47659"/>
    <tag k="type" v="line_thin"/>
    <tag k="subtype" v="solid"/>
  </way>
  <way id="47681">
    <nd ref="47663"/>
    <nd ref="47677"/>
    <nd ref="47678"/>
    <nd ref="45768"/>
    <tag k="type" v="line_thin"/>
    <tag k="subtype" v="solid"/>
  </way>
  <way id="47682">
    <nd ref="47660"/>
    <nd ref="47679"/>
    <nd ref="47680"/>
    <nd ref="45770"/>
    <tag k="type" v="line_thin"/>
    <tag k="subtype" v="solid"/>
  </way>
  <way id="47714">
    <nd ref="47712"/>
    <nd ref="47713"/>
    <tag k="type" v="line_thin"/>
    <tag k="subtype" v="solid"/>
  </way>
  <way id="47717">
    <nd ref="47715"/>
    <nd ref="47716"/>
    <tag k="type" v="line_thin"/>
    <tag k="subtype" v="solid"/>
  </way>
  <way id="47741">
    <nd ref="42624"/>
    <nd ref="47720"/>
    <nd ref="47722"/>
    <nd ref="47724"/>
    <nd ref="47726"/>
    <nd ref="47728"/>
    <nd ref="47715"/>
    <tag k="type" v="line_thin"/>
    <tag k="subtype" v="solid"/>
  </way>
  <way id="47742">
    <nd ref="42625"/>
    <nd ref="47731"/>
    <nd ref="47733"/>
    <nd ref="47735"/>
    <nd ref="47737"/>
    <nd ref="47739"/>
    <nd ref="47712"/>
    <tag k="type" v="line_thin"/>
    <tag k="subtype" v="solid"/>
  </way>
  <way id="47769">
    <nd ref="47767"/>
    <nd ref="47768"/>
    <tag k="type" v="line_thin"/>
    <tag k="subtype" v="solid"/>
  </way>
  <way id="47772">
    <nd ref="47770"/>
    <nd ref="47771"/>
    <tag k="type" v="line_thin"/>
    <tag k="subtype" v="solid"/>
  </way>
  <way id="47781">
    <nd ref="47771"/>
    <nd ref="47777"/>
    <tag k="type" v="line_thin"/>
    <tag k="subtype" v="solid"/>
  </way>
  <way id="47782">
    <nd ref="47768"/>
    <nd ref="47774"/>
    <tag k="type" v="line_thin"/>
    <tag k="subtype" v="solid"/>
  </way>
  <way id="47848">
    <nd ref="47777"/>
    <nd ref="47846"/>
    <tag k="type" v="line_thin"/>
    <tag k="subtype" v="solid"/>
  </way>
  <way id="47850">
    <nd ref="47774"/>
    <nd ref="47847"/>
    <tag k="type" v="line_thin"/>
    <tag k="subtype" v="solid"/>
  </way>
  <way id="47941">
    <nd ref="47846"/>
    <nd ref="47894"/>
    <nd ref="47896"/>
    <nd ref="47898"/>
    <nd ref="47923"/>
    <nd ref="47886"/>
    <nd ref="47911"/>
    <nd ref="47913"/>
    <nd ref="47930"/>
    <nd ref="44442"/>
    <tag k="type" v="line_thin"/>
    <tag k="subtype" v="solid"/>
  </way>
  <way id="47942">
    <nd ref="47847"/>
    <nd ref="47901"/>
    <nd ref="47903"/>
    <nd ref="47905"/>
    <nd ref="47924"/>
    <nd ref="47887"/>
    <nd ref="47916"/>
    <nd ref="47918"/>
    <nd ref="47931"/>
    <nd ref="44441"/>
    <tag k="type" v="line_thin"/>
    <tag k="subtype" v="solid"/>
  </way>
  <way id="47991">
    <nd ref="47716"/>
    <nd ref="47785"/>
    <nd ref="47787"/>
    <nd ref="47789"/>
    <nd ref="47791"/>
    <nd ref="47793"/>
    <nd ref="47989"/>
    <tag k="type" v="line_thin"/>
    <tag k="subtype" v="solid"/>
  </way>
  <way id="47992">
    <nd ref="47989"/>
    <nd ref="47770"/>
    <tag k="type" v="line_thin"/>
    <tag k="subtype" v="solid"/>
  </way>
  <way id="47993">
    <nd ref="47713"/>
    <nd ref="47795"/>
    <nd ref="47797"/>
    <nd ref="47799"/>
    <nd ref="47801"/>
    <nd ref="47803"/>
    <nd ref="47990"/>
    <tag k="type" v="line_thin"/>
    <tag k="subtype" v="solid"/>
  </way>
  <way id="47994">
    <nd ref="47990"/>
    <nd ref="47767"/>
    <tag k="type" v="line_thin"/>
    <tag k="subtype" v="solid"/>
  </way>
  <way id="48011">
    <nd ref="48004"/>
    <nd ref="48005"/>
    <nd ref="47989"/>
    <tag k="type" v="line_thin"/>
    <tag k="subtype" v="solid"/>
  </way>
  <way id="48012">
    <nd ref="48001"/>
    <nd ref="48002"/>
    <nd ref="47990"/>
    <tag k="type" v="line_thin"/>
    <tag k="subtype" v="solid"/>
  </way>
  <way id="48047">
    <nd ref="48034"/>
    <nd ref="48035"/>
    <nd ref="48036"/>
    <nd ref="48045"/>
    <tag k="type" v="line_thin"/>
    <tag k="subtype" v="solid"/>
  </way>
  <way id="48049">
    <nd ref="48038"/>
    <nd ref="48039"/>
    <nd ref="48040"/>
    <nd ref="48046"/>
    <tag k="type" v="line_thin"/>
    <tag k="subtype" v="solid"/>
  </way>
  <way id="48055">
    <nd ref="48052"/>
    <nd ref="32450"/>
    <tag k="type" v="line_thin"/>
    <tag k="subtype" v="solid"/>
  </way>
  <way id="48057">
    <nd ref="48053"/>
    <nd ref="32451"/>
    <tag k="type" v="line_thin"/>
    <tag k="subtype" v="solid"/>
  </way>
  <way id="48075">
    <nd ref="48045"/>
    <nd ref="48059"/>
    <nd ref="48061"/>
    <nd ref="48063"/>
    <nd ref="48065"/>
    <nd ref="48052"/>
    <tag k="type" v="line_thin"/>
    <tag k="subtype" v="solid"/>
  </way>
  <way id="48076">
    <nd ref="48046"/>
    <nd ref="48067"/>
    <nd ref="48069"/>
    <nd ref="48071"/>
    <nd ref="48073"/>
    <nd ref="48053"/>
    <tag k="type" v="line_thin"/>
    <tag k="subtype" v="solid"/>
  </way>
  <way id="48135">
    <nd ref="13138"/>
    <nd ref="48113"/>
    <nd ref="48115"/>
    <nd ref="48117"/>
    <nd ref="48119"/>
    <nd ref="48121"/>
    <nd ref="48123"/>
    <nd ref="48034"/>
    <tag k="type" v="line_thin"/>
    <tag k="subtype" v="solid"/>
  </way>
  <way id="48136">
    <nd ref="13135"/>
    <nd ref="48124"/>
    <nd ref="48126"/>
    <nd ref="48128"/>
    <nd ref="48130"/>
    <nd ref="48132"/>
    <nd ref="48134"/>
    <nd ref="48038"/>
    <tag k="type" v="line_thin"/>
    <tag k="subtype" v="solid"/>
  </way>
  <way id="48157">
    <nd ref="48154"/>
    <nd ref="48140"/>
    <tag k="type" v="line_thin"/>
    <tag k="subtype" v="solid"/>
  </way>
  <way id="48159">
    <nd ref="48155"/>
    <nd ref="48143"/>
    <tag k="type" v="line_thin"/>
    <tag k="subtype" v="solid"/>
  </way>
  <way id="48169">
    <nd ref="48140"/>
    <nd ref="48161"/>
    <nd ref="48162"/>
    <nd ref="48163"/>
    <nd ref="48164"/>
    <nd ref="38382"/>
    <tag k="type" v="line_thin"/>
    <tag k="subtype" v="solid"/>
  </way>
  <way id="48170">
    <nd ref="48143"/>
    <nd ref="48165"/>
    <nd ref="48166"/>
    <nd ref="48167"/>
    <nd ref="48168"/>
    <nd ref="38379"/>
    <tag k="type" v="line_thin"/>
    <tag k="subtype" v="solid"/>
  </way>
  <way id="48184">
    <nd ref="48140"/>
    <nd ref="48172"/>
    <nd ref="48173"/>
    <nd ref="48174"/>
    <nd ref="48175"/>
    <nd ref="48176"/>
    <nd ref="48177"/>
    <nd ref="44846"/>
    <tag k="type" v="line_thin"/>
    <tag k="subtype" v="solid"/>
  </way>
  <way id="48185">
    <nd ref="48143"/>
    <nd ref="48178"/>
    <nd ref="48179"/>
    <nd ref="48180"/>
    <nd ref="48181"/>
    <nd ref="48182"/>
    <nd ref="48183"/>
    <nd ref="44847"/>
    <tag k="type" v="line_thin"/>
    <tag k="subtype" v="solid"/>
  </way>
  <way id="48187">
    <nd ref="44738"/>
    <nd ref="48154"/>
    <tag k="type" v="line_thin"/>
    <tag k="subtype" v="solid"/>
  </way>
  <way id="48188">
    <nd ref="44739"/>
    <nd ref="48155"/>
    <tag k="type" v="line_thin"/>
    <tag k="subtype" v="solid"/>
  </way>
  <way id="48216">
    <nd ref="42860"/>
    <nd ref="42765"/>
    <nd ref="42766"/>
    <nd ref="48214"/>
    <tag k="type" v="line_thin"/>
    <tag k="subtype" v="solid"/>
  </way>
  <way id="48218">
    <nd ref="42861"/>
    <nd ref="42797"/>
    <nd ref="42798"/>
    <nd ref="48215"/>
    <tag k="type" v="line_thin"/>
    <tag k="subtype" v="solid"/>
  </way>
  <way id="48221">
    <nd ref="48214"/>
    <nd ref="42830"/>
    <nd ref="42818"/>
    <nd ref="42820"/>
    <nd ref="42810"/>
    <nd ref="13506"/>
    <tag k="type" v="line_thin"/>
    <tag k="subtype" v="solid"/>
  </way>
  <way id="48222">
    <nd ref="48215"/>
    <nd ref="42831"/>
    <nd ref="42822"/>
    <nd ref="42824"/>
    <nd ref="42826"/>
    <nd ref="42811"/>
    <nd ref="13503"/>
    <tag k="type" v="line_thin"/>
    <tag k="subtype" v="solid"/>
  </way>
  <way id="48241">
    <nd ref="13506"/>
    <nd ref="48223"/>
    <nd ref="48224"/>
    <nd ref="48226"/>
    <nd ref="48228"/>
    <nd ref="48230"/>
    <nd ref="37924"/>
    <tag k="type" v="line_thin"/>
    <tag k="subtype" v="solid"/>
  </way>
  <way id="48242">
    <nd ref="13503"/>
    <nd ref="48232"/>
    <nd ref="48233"/>
    <nd ref="48235"/>
    <nd ref="48237"/>
    <nd ref="48239"/>
    <nd ref="37921"/>
    <tag k="type" v="line_thin"/>
    <tag k="subtype" v="solid"/>
  </way>
  <relation id="15">
    <member type="way" role="left" ref="33141"/>
    <member type="way" role="right" ref="33143"/>
    <tag k="type" v="lanelet"/>
    <tag k="subtype" v="road"/>
    <tag k="speed_limit" v="8"/>
    <tag k="location" v="urban"/>
    <tag k="one_way" v="yes"/>
    <tag k="turn_direction" v="straight"/>
  </relation>
  <relation id="105">
    <member type="way" role="left" ref="78"/>
    <member type="way" role="right" ref="21"/>
    <tag k="type" v="lanelet"/>
    <tag k="subtype" v="road"/>
    <tag k="speed_limit" v="8"/>
    <tag k="location" v="urban"/>
    <tag k="one_way" v="yes"/>
    <tag k="turn_direction" v="straight"/>
  </relation>
  <relation id="189">
    <member type="way" role="left" ref="9782"/>
    <member type="way" role="right" ref="9784"/>
    <tag k="type" v="lanelet"/>
    <tag k="subtype" v="road"/>
    <tag k="speed_limit" v="8"/>
    <tag k="location" v="urban"/>
    <tag k="one_way" v="yes"/>
    <tag k="turn_direction" v="straight"/>
  </relation>
  <relation id="323">
    <member type="way" role="left" ref="315"/>
    <member type="way" role="right" ref="320"/>
    <tag k="type" v="lanelet"/>
    <tag k="subtype" v="road"/>
    <tag k="speed_limit" v="8"/>
    <tag k="location" v="urban"/>
    <tag k="one_way" v="yes"/>
    <tag k="turn_direction" v="straight"/>
  </relation>
  <relation id="406">
    <member type="way" role="left" ref="45348"/>
    <member type="way" role="right" ref="45350"/>
    <tag k="type" v="lanelet"/>
    <tag k="subtype" v="road"/>
    <tag k="speed_limit" v="8"/>
    <tag k="location" v="urban"/>
    <tag k="one_way" v="yes"/>
    <tag k="turn_direction" v="straight"/>
  </relation>
  <relation id="482">
    <member type="way" role="left" ref="470"/>
    <member type="way" role="right" ref="478"/>
    <tag k="type" v="lanelet"/>
    <tag k="subtype" v="road"/>
    <tag k="speed_limit" v="8"/>
    <tag k="location" v="urban"/>
    <tag k="one_way" v="yes"/>
    <tag k="turn_direction" v="straight"/>
  </relation>
  <relation id="521">
    <member type="way" role="left" ref="510"/>
    <member type="way" role="right" ref="516"/>
    <tag k="type" v="lanelet"/>
    <tag k="subtype" v="road"/>
    <tag k="speed_limit" v="8"/>
    <tag k="location" v="urban"/>
    <tag k="one_way" v="yes"/>
    <tag k="turn_direction" v="straight"/>
  </relation>
  <relation id="528">
    <member type="way" role="left" ref="523"/>
    <member type="way" role="right" ref="526"/>
    <tag k="type" v="lanelet"/>
    <tag k="subtype" v="road"/>
    <tag k="speed_limit" v="8"/>
    <tag k="location" v="urban"/>
    <tag k="one_way" v="yes"/>
    <tag k="turn_direction" v="left"/>
  </relation>
  <relation id="561">
    <member type="way" role="left" ref="4345"/>
    <member type="way" role="right" ref="4347"/>
    <tag k="type" v="lanelet"/>
    <tag k="subtype" v="road"/>
    <tag k="speed_limit" v="5"/>
    <tag k="location" v="urban"/>
    <tag k="one_way" v="yes"/>
    <tag k="turn_direction" v="left"/>
  </relation>
  <relation id="744">
    <member type="way" role="left" ref="9907"/>
    <member type="way" role="right" ref="9909"/>
    <tag k="type" v="lanelet"/>
    <tag k="subtype" v="road"/>
    <tag k="speed_limit" v="8"/>
    <tag k="location" v="urban"/>
    <tag k="one_way" v="yes"/>
    <tag k="turn_direction" v="straight"/>
  </relation>
  <relation id="761">
    <member type="way" role="left" ref="756"/>
    <member type="way" role="right" ref="746"/>
    <tag k="type" v="lanelet"/>
    <tag k="subtype" v="road"/>
    <tag k="speed_limit" v="8"/>
    <tag k="location" v="urban"/>
    <tag k="one_way" v="yes"/>
    <tag k="turn_direction" v="straight"/>
  </relation>
  <relation id="772">
    <member type="way" role="left" ref="9883"/>
    <member type="way" role="right" ref="9885"/>
    <tag k="type" v="lanelet"/>
    <tag k="subtype" v="road"/>
    <tag k="speed_limit" v="8"/>
    <tag k="location" v="urban"/>
    <tag k="one_way" v="yes"/>
    <tag k="turn_direction" v="straight"/>
  </relation>
  <relation id="1478">
    <member type="way" role="left" ref="2425"/>
    <member type="way" role="right" ref="2427"/>
    <tag k="type" v="lanelet"/>
    <tag k="subtype" v="road"/>
    <tag k="speed_limit" v="8"/>
    <tag k="location" v="urban"/>
    <tag k="one_way" v="yes"/>
    <tag k="turn_direction" v="straight"/>
  </relation>
  <relation id="1492">
    <member type="way" role="left" ref="1699"/>
    <member type="way" role="right" ref="1701"/>
    <tag k="type" v="lanelet"/>
    <tag k="subtype" v="road"/>
    <tag k="speed_limit" v="8"/>
    <tag k="location" v="urban"/>
    <tag k="one_way" v="yes"/>
    <tag k="turn_direction" v="straight"/>
  </relation>
  <relation id="1833">
    <member type="way" role="left" ref="28282"/>
    <member type="way" role="right" ref="28284"/>
    <tag k="type" v="lanelet"/>
    <tag k="subtype" v="road"/>
    <tag k="speed_limit" v="8"/>
    <tag k="location" v="urban"/>
    <tag k="one_way" v="yes"/>
    <tag k="turn_direction" v="straight"/>
  </relation>
  <relation id="1897">
    <member type="way" role="left" ref="33273"/>
    <member type="way" role="right" ref="33275"/>
    <tag k="type" v="lanelet"/>
    <tag k="subtype" v="road"/>
    <tag k="speed_limit" v="8"/>
    <tag k="location" v="urban"/>
    <tag k="one_way" v="yes"/>
    <tag k="turn_direction" v="straight"/>
  </relation>
  <relation id="1991">
    <member type="way" role="left" ref="39363"/>
    <member type="way" role="right" ref="39364"/>
    <tag k="type" v="lanelet"/>
    <tag k="subtype" v="road"/>
    <tag k="speed_limit" v="5"/>
    <tag k="location" v="urban"/>
    <tag k="one_way" v="yes"/>
    <tag k="turn_direction" v="right"/>
  </relation>
  <relation id="4098">
    <member type="way" role="left" ref="35342"/>
    <member type="way" role="right" ref="35344"/>
    <tag k="type" v="lanelet"/>
    <tag k="subtype" v="road"/>
    <tag k="speed_limit" v="8"/>
    <tag k="location" v="urban"/>
    <tag k="one_way" v="yes"/>
    <tag k="turn_direction" v="straight"/>
  </relation>
  <relation id="4349">
    <member type="way" role="left" ref="44371"/>
    <member type="way" role="right" ref="44373"/>
    <tag k="type" v="lanelet"/>
    <tag k="subtype" v="road"/>
    <tag k="speed_limit" v="5"/>
    <tag k="location" v="urban"/>
    <tag k="one_way" v="yes"/>
    <tag k="turn_direction" v="left"/>
  </relation>
  <relation id="4895">
    <member type="way" role="left" ref="4893"/>
    <member type="way" role="right" ref="4894"/>
    <tag k="type" v="lanelet"/>
    <tag k="subtype" v="road"/>
    <tag k="speed_limit" v="5"/>
    <tag k="location" v="urban"/>
    <tag k="one_way" v="yes"/>
    <tag k="turn_direction" v="left"/>
  </relation>
  <relation id="7021">
    <member type="way" role="left" ref="21138"/>
    <member type="way" role="right" ref="21140"/>
    <tag k="type" v="lanelet"/>
    <tag k="subtype" v="road"/>
    <tag k="speed_limit" v="8"/>
    <tag k="location" v="urban"/>
    <tag k="one_way" v="yes"/>
    <tag k="turn_direction" v="straight"/>
  </relation>
  <relation id="9887">
    <member type="way" role="left" ref="41101"/>
    <member type="way" role="right" ref="41103"/>
    <tag k="type" v="lanelet"/>
    <tag k="subtype" v="road"/>
    <tag k="speed_limit" v="8"/>
    <tag k="location" v="urban"/>
    <tag k="one_way" v="yes"/>
    <tag k="turn_direction" v="straight"/>
  </relation>
  <relation id="9911">
    <member type="way" role="left" ref="9908"/>
    <member type="way" role="right" ref="9910"/>
    <tag k="type" v="lanelet"/>
    <tag k="subtype" v="road"/>
    <tag k="speed_limit" v="8"/>
    <tag k="location" v="urban"/>
    <tag k="one_way" v="yes"/>
    <tag k="turn_direction" v="straight"/>
  </relation>
  <relation id="10793">
    <member type="way" role="left" ref="21773"/>
    <member type="way" role="right" ref="21774"/>
    <tag k="type" v="lanelet"/>
    <tag k="subtype" v="road"/>
    <tag k="speed_limit" v="8"/>
    <tag k="location" v="urban"/>
    <tag k="one_way" v="yes"/>
    <tag k="turn_direction" v="right"/>
  </relation>
  <relation id="10829">
    <member type="way" role="left" ref="10826"/>
    <member type="way" role="right" ref="10828"/>
    <tag k="type" v="lanelet"/>
    <tag k="subtype" v="road"/>
    <tag k="speed_limit" v="8"/>
    <tag k="location" v="urban"/>
    <tag k="one_way" v="yes"/>
    <tag k="turn_direction" v="right"/>
  </relation>
  <relation id="11572">
    <member type="way" role="left" ref="44907"/>
    <member type="way" role="right" ref="44909"/>
    <tag k="type" v="lanelet"/>
    <tag k="subtype" v="road"/>
    <tag k="speed_limit" v="8"/>
    <tag k="location" v="urban"/>
    <tag k="one_way" v="yes"/>
    <tag k="turn_direction" v="straight"/>
  </relation>
  <relation id="11923">
    <member type="way" role="left" ref="39359"/>
    <member type="way" role="right" ref="39360"/>
    <tag k="type" v="lanelet"/>
    <tag k="subtype" v="road"/>
    <tag k="speed_limit" v="8"/>
    <tag k="location" v="urban"/>
    <tag k="one_way" v="yes"/>
    <tag k="turn_direction" v="straight"/>
  </relation>
  <relation id="12384">
    <member type="way" role="left" ref="12381"/>
    <member type="way" role="right" ref="12383"/>
    <tag k="type" v="lanelet"/>
    <tag k="subtype" v="road"/>
    <tag k="speed_limit" v="8"/>
    <tag k="location" v="urban"/>
    <tag k="one_way" v="yes"/>
    <tag k="turn_direction" v="straight"/>
  </relation>
  <relation id="12387">
    <member type="way" role="left" ref="12385"/>
    <member type="way" role="right" ref="12386"/>
    <tag k="type" v="lanelet"/>
    <tag k="subtype" v="road"/>
    <tag k="speed_limit" v="3"/>
    <tag k="location" v="urban"/>
    <tag k="one_way" v="yes"/>
    <tag k="turn_direction" v="right"/>
  </relation>
  <relation id="12515">
    <member type="way" role="left" ref="44450"/>
    <member type="way" role="right" ref="44452"/>
    <tag k="type" v="lanelet"/>
    <tag k="subtype" v="road"/>
    <tag k="speed_limit" v="8"/>
    <tag k="location" v="urban"/>
    <tag k="one_way" v="yes"/>
    <tag k="turn_direction" v="straight"/>
  </relation>
  <relation id="14857">
    <member type="way" role="left" ref="14856"/>
    <member type="way" role="right" ref="14853"/>
    <tag k="type" v="lanelet"/>
    <tag k="subtype" v="road"/>
    <tag k="speed_limit" v="8"/>
    <tag k="location" v="urban"/>
    <tag k="one_way" v="yes"/>
    <tag k="turn_direction" v="right"/>
  </relation>
  <relation id="15112">
    <member type="way" role="left" ref="15111"/>
    <member type="way" role="right" ref="15108"/>
    <tag k="type" v="lanelet"/>
    <tag k="subtype" v="road"/>
    <tag k="speed_limit" v="8"/>
    <tag k="location" v="urban"/>
    <tag k="one_way" v="yes"/>
    <tag k="turn_direction" v="straight"/>
  </relation>
  <relation id="15279">
    <member type="way" role="left" ref="15277"/>
    <member type="way" role="right" ref="15278"/>
    <tag k="type" v="lanelet"/>
    <tag k="subtype" v="road"/>
    <tag k="speed_limit" v="8"/>
    <tag k="location" v="urban"/>
    <tag k="one_way" v="yes"/>
    <tag k="turn_direction" v="straight"/>
  </relation>
  <relation id="15786">
    <member type="way" role="left" ref="33009"/>
    <member type="way" role="right" ref="33011"/>
    <tag k="type" v="lanelet"/>
    <tag k="subtype" v="road"/>
    <tag k="speed_limit" v="8"/>
    <tag k="location" v="urban"/>
    <tag k="one_way" v="yes"/>
    <tag k="turn_direction" v="left"/>
  </relation>
  <relation id="15835">
    <member type="way" role="left" ref="33174"/>
    <member type="way" role="right" ref="33176"/>
    <tag k="type" v="lanelet"/>
    <tag k="subtype" v="road"/>
    <tag k="speed_limit" v="8"/>
    <tag k="location" v="urban"/>
    <tag k="one_way" v="yes"/>
    <tag k="turn_direction" v="left"/>
  </relation>
  <relation id="20945">
    <member type="way" role="left" ref="36292"/>
    <member type="way" role="right" ref="36294"/>
    <tag k="type" v="lanelet"/>
    <tag k="subtype" v="road"/>
    <tag k="speed_limit" v="8"/>
    <tag k="location" v="urban"/>
    <tag k="one_way" v="yes"/>
    <tag k="turn_direction" v="straight"/>
  </relation>
  <relation id="21010">
    <member type="way" role="left" ref="21008"/>
    <member type="way" role="right" ref="21009"/>
    <tag k="type" v="lanelet"/>
    <tag k="subtype" v="road"/>
    <tag k="speed_limit" v="8"/>
    <tag k="location" v="urban"/>
    <tag k="one_way" v="yes"/>
    <tag k="turn_direction" v="straight"/>
  </relation>
  <relation id="21053">
    <member type="way" role="left" ref="21051"/>
    <member type="way" role="right" ref="21052"/>
    <tag k="type" v="lanelet"/>
    <tag k="subtype" v="road"/>
    <tag k="speed_limit" v="8"/>
    <tag k="location" v="urban"/>
    <tag k="one_way" v="yes"/>
    <tag k="turn_direction" v="straight"/>
  </relation>
  <relation id="21079">
    <member type="way" role="left" ref="43883"/>
    <member type="way" role="right" ref="43884"/>
    <tag k="type" v="lanelet"/>
    <tag k="subtype" v="road"/>
    <tag k="speed_limit" v="6"/>
    <tag k="location" v="urban"/>
    <tag k="one_way" v="yes"/>
    <tag k="turn_direction" v="left"/>
  </relation>
  <relation id="21121">
    <member type="way" role="left" ref="21118"/>
    <member type="way" role="right" ref="21120"/>
    <tag k="type" v="lanelet"/>
    <tag k="subtype" v="road"/>
    <tag k="speed_limit" v="8"/>
    <tag k="location" v="urban"/>
    <tag k="one_way" v="yes"/>
    <tag k="turn_direction" v="straight"/>
  </relation>
  <relation id="21135">
    <member type="way" role="left" ref="21133"/>
    <member type="way" role="right" ref="21134"/>
    <tag k="type" v="lanelet"/>
    <tag k="subtype" v="road"/>
    <tag k="speed_limit" v="8"/>
    <tag k="location" v="urban"/>
    <tag k="one_way" v="yes"/>
    <tag k="turn_direction" v="straight"/>
  </relation>
  <relation id="21172">
    <member type="way" role="left" ref="21170"/>
    <member type="way" role="right" ref="21171"/>
    <tag k="type" v="lanelet"/>
    <tag k="subtype" v="road"/>
    <tag k="speed_limit" v="8"/>
    <tag k="location" v="urban"/>
    <tag k="one_way" v="yes"/>
    <tag k="turn_direction" v="straight"/>
  </relation>
  <relation id="21232">
    <member type="way" role="left" ref="21775"/>
    <member type="way" role="right" ref="21776"/>
    <tag k="type" v="lanelet"/>
    <tag k="subtype" v="road"/>
    <tag k="speed_limit" v="8"/>
    <tag k="location" v="urban"/>
    <tag k="one_way" v="yes"/>
    <tag k="turn_direction" v="right"/>
  </relation>
  <relation id="22009">
    <member type="way" role="left" ref="22020"/>
    <member type="way" role="right" ref="22021"/>
    <tag k="type" v="lanelet"/>
    <tag k="subtype" v="road"/>
    <tag k="speed_limit" v="8"/>
    <tag k="location" v="urban"/>
    <tag k="one_way" v="yes"/>
    <tag k="turn_direction" v="straight"/>
  </relation>
  <relation id="22046">
    <member type="way" role="left" ref="22079"/>
    <member type="way" role="right" ref="22080"/>
    <tag k="type" v="lanelet"/>
    <tag k="subtype" v="road"/>
    <tag k="speed_limit" v="8"/>
    <tag k="location" v="urban"/>
    <tag k="one_way" v="yes"/>
    <tag k="turn_direction" v="straight"/>
  </relation>
  <relation id="22344">
    <member type="way" role="left" ref="46084"/>
    <member type="way" role="right" ref="46085"/>
    <tag k="type" v="lanelet"/>
    <tag k="subtype" v="road"/>
    <tag k="speed_limit" v="8"/>
    <tag k="location" v="urban"/>
    <tag k="one_way" v="yes"/>
    <tag k="turn_direction" v="straight"/>
  </relation>
  <relation id="22400">
    <member type="way" role="left" ref="43836"/>
    <member type="way" role="right" ref="43838"/>
    <tag k="type" v="lanelet"/>
    <tag k="subtype" v="road"/>
    <tag k="speed_limit" v="5"/>
    <tag k="location" v="urban"/>
    <tag k="one_way" v="yes"/>
    <tag k="turn_direction" v="left"/>
  </relation>
  <relation id="22432">
    <member type="way" role="left" ref="22430"/>
    <member type="way" role="right" ref="22431"/>
    <tag k="type" v="lanelet"/>
    <tag k="subtype" v="road"/>
    <tag k="speed_limit" v="8"/>
    <tag k="location" v="urban"/>
    <tag k="one_way" v="yes"/>
    <tag k="turn_direction" v="left"/>
  </relation>
  <relation id="22825">
    <member type="way" role="left" ref="46100"/>
    <member type="way" role="right" ref="46102"/>
    <tag k="type" v="lanelet"/>
    <tag k="subtype" v="road"/>
    <tag k="speed_limit" v="10"/>
    <tag k="location" v="urban"/>
    <tag k="one_way" v="yes"/>
    <tag k="turn_direction" v="straight"/>
  </relation>
  <relation id="22983">
    <member type="way" role="left" ref="41199"/>
    <member type="way" role="right" ref="41201"/>
    <tag k="type" v="lanelet"/>
    <tag k="subtype" v="road"/>
    <tag k="speed_limit" v="8"/>
    <tag k="location" v="urban"/>
    <tag k="one_way" v="yes"/>
    <tag k="turn_direction" v="straight"/>
  </relation>
  <relation id="23733">
    <member type="way" role="left" ref="23754"/>
    <member type="way" role="right" ref="23756"/>
    <tag k="type" v="lanelet"/>
    <tag k="subtype" v="road"/>
    <tag k="speed_limit" v="8"/>
    <tag k="location" v="urban"/>
    <tag k="one_way" v="yes"/>
    <tag k="turn_direction" v="straight"/>
  </relation>
  <relation id="23758">
    <member type="way" role="left" ref="23755"/>
    <member type="way" role="right" ref="23757"/>
    <tag k="type" v="lanelet"/>
    <tag k="subtype" v="road"/>
    <tag k="speed_limit" v="8"/>
    <tag k="location" v="urban"/>
    <tag k="one_way" v="yes"/>
    <tag k="turn_direction" v="straight"/>
  </relation>
  <relation id="23881">
    <member type="way" role="left" ref="46086"/>
    <member type="way" role="right" ref="46087"/>
    <tag k="type" v="lanelet"/>
    <tag k="subtype" v="road"/>
    <tag k="speed_limit" v="8"/>
    <tag k="location" v="urban"/>
    <tag k="one_way" v="yes"/>
    <tag k="turn_direction" v="straight"/>
  </relation>
  <relation id="23909">
    <member type="way" role="left" ref="24358"/>
    <member type="way" role="right" ref="24359"/>
    <tag k="type" v="lanelet"/>
    <tag k="subtype" v="road"/>
    <tag k="speed_limit" v="8"/>
    <tag k="location" v="urban"/>
    <tag k="one_way" v="yes"/>
    <tag k="turn_direction" v="straight"/>
  </relation>
  <relation id="24145">
    <member type="way" role="left" ref="41981"/>
    <member type="way" role="right" ref="41982"/>
    <tag k="type" v="lanelet"/>
    <tag k="subtype" v="road"/>
    <tag k="speed_limit" v="5"/>
    <tag k="location" v="urban"/>
    <tag k="one_way" v="yes"/>
    <tag k="turn_direction" v="right"/>
  </relation>
  <relation id="24157">
    <member type="way" role="left" ref="24293"/>
    <member type="way" role="right" ref="24295"/>
    <tag k="type" v="lanelet"/>
    <tag k="subtype" v="road"/>
    <tag k="speed_limit" v="8"/>
    <tag k="location" v="urban"/>
    <tag k="one_way" v="yes"/>
    <tag k="turn_direction" v="straight"/>
  </relation>
  <relation id="24200">
    <member type="way" role="left" ref="24197"/>
    <member type="way" role="right" ref="24199"/>
    <tag k="type" v="lanelet"/>
    <tag k="subtype" v="road"/>
    <tag k="speed_limit" v="8"/>
    <tag k="location" v="urban"/>
    <tag k="one_way" v="yes"/>
    <tag k="turn_direction" v="straight"/>
  </relation>
  <relation id="24310">
    <member type="way" role="left" ref="41985"/>
    <member type="way" role="right" ref="41987"/>
    <tag k="type" v="lanelet"/>
    <tag k="subtype" v="road"/>
    <tag k="speed_limit" v="8"/>
    <tag k="location" v="urban"/>
    <tag k="one_way" v="yes"/>
    <tag k="turn_direction" v="left"/>
  </relation>
  <relation id="24354">
    <member type="way" role="left" ref="46793"/>
    <member type="way" role="right" ref="46795"/>
    <tag k="type" v="lanelet"/>
    <tag k="subtype" v="road"/>
    <tag k="speed_limit" v="8"/>
    <tag k="location" v="urban"/>
    <tag k="one_way" v="yes"/>
    <tag k="turn_direction" v="straight"/>
  </relation>
  <relation id="24357">
    <member type="way" role="left" ref="24355"/>
    <member type="way" role="right" ref="24356"/>
    <tag k="type" v="lanelet"/>
    <tag k="subtype" v="road"/>
    <tag k="speed_limit" v="8"/>
    <tag k="location" v="urban"/>
    <tag k="one_way" v="yes"/>
    <tag k="turn_direction" v="straight"/>
  </relation>
  <relation id="24555">
    <member type="way" role="left" ref="24582"/>
    <member type="way" role="right" ref="24583"/>
    <tag k="type" v="lanelet"/>
    <tag k="subtype" v="road"/>
    <tag k="speed_limit" v="8"/>
    <tag k="location" v="urban"/>
    <tag k="one_way" v="yes"/>
    <tag k="turn_direction" v="straight"/>
  </relation>
  <relation id="24607">
    <member type="way" role="left" ref="24605"/>
    <member type="way" role="right" ref="24606"/>
    <tag k="type" v="lanelet"/>
    <tag k="subtype" v="road"/>
    <tag k="speed_limit" v="8"/>
    <tag k="location" v="urban"/>
    <tag k="one_way" v="yes"/>
    <tag k="turn_direction" v="straight"/>
  </relation>
  <relation id="25042">
    <member type="way" role="left" ref="25242"/>
    <member type="way" role="right" ref="25244"/>
    <tag k="type" v="lanelet"/>
    <tag k="subtype" v="road"/>
    <tag k="speed_limit" v="8"/>
    <tag k="location" v="urban"/>
    <tag k="one_way" v="yes"/>
    <tag k="turn_direction" v="straight"/>
  </relation>
  <relation id="25088">
    <member type="way" role="left" ref="25086"/>
    <member type="way" role="right" ref="25087"/>
    <tag k="type" v="lanelet"/>
    <tag k="subtype" v="road"/>
    <tag k="speed_limit" v="8"/>
    <tag k="location" v="urban"/>
    <tag k="one_way" v="yes"/>
    <tag k="turn_direction" v="straight"/>
  </relation>
  <relation id="25194">
    <member type="way" role="left" ref="25227"/>
    <member type="way" role="right" ref="25228"/>
    <tag k="type" v="lanelet"/>
    <tag k="subtype" v="road"/>
    <tag k="speed_limit" v="5"/>
    <tag k="location" v="urban"/>
    <tag k="one_way" v="yes"/>
    <tag k="turn_direction" v="left"/>
  </relation>
  <relation id="25234">
    <member type="way" role="left" ref="46090"/>
    <member type="way" role="right" ref="46092"/>
    <tag k="type" v="lanelet"/>
    <tag k="subtype" v="road"/>
    <tag k="speed_limit" v="8"/>
    <tag k="location" v="urban"/>
    <tag k="one_way" v="yes"/>
    <tag k="turn_direction" v="straight"/>
  </relation>
  <relation id="25246">
    <member type="way" role="left" ref="25243"/>
    <member type="way" role="right" ref="25245"/>
    <tag k="type" v="lanelet"/>
    <tag k="subtype" v="road"/>
    <tag k="speed_limit" v="8"/>
    <tag k="location" v="urban"/>
    <tag k="one_way" v="yes"/>
    <tag k="turn_direction" v="left"/>
  </relation>
  <relation id="25389">
    <member type="way" role="left" ref="25386"/>
    <member type="way" role="right" ref="25388"/>
    <tag k="type" v="lanelet"/>
    <tag k="subtype" v="road"/>
    <tag k="speed_limit" v="8"/>
    <tag k="location" v="urban"/>
    <tag k="one_way" v="yes"/>
    <tag k="turn_direction" v="straight"/>
  </relation>
  <relation id="25396">
    <member type="way" role="left" ref="25394"/>
    <member type="way" role="right" ref="25395"/>
    <tag k="type" v="lanelet"/>
    <tag k="subtype" v="road"/>
    <tag k="speed_limit" v="8"/>
    <tag k="location" v="urban"/>
    <tag k="one_way" v="yes"/>
    <tag k="turn_direction" v="straight"/>
  </relation>
  <relation id="25408">
    <member type="way" role="left" ref="25409"/>
    <member type="way" role="right" ref="25410"/>
    <tag k="type" v="lanelet"/>
    <tag k="subtype" v="road"/>
    <tag k="speed_limit" v="8"/>
    <tag k="location" v="urban"/>
    <tag k="one_way" v="yes"/>
    <tag k="turn_direction" v="straight"/>
  </relation>
  <relation id="25413">
    <member type="way" role="left" ref="25411"/>
    <member type="way" role="right" ref="25412"/>
    <tag k="type" v="lanelet"/>
    <tag k="subtype" v="road"/>
    <tag k="speed_limit" v="8"/>
    <tag k="location" v="urban"/>
    <tag k="one_way" v="yes"/>
    <tag k="turn_direction" v="straight"/>
  </relation>
  <relation id="25422">
    <member type="way" role="left" ref="25747"/>
    <member type="way" role="right" ref="25748"/>
    <tag k="type" v="lanelet"/>
    <tag k="subtype" v="road"/>
    <tag k="speed_limit" v="8"/>
    <tag k="location" v="urban"/>
    <tag k="one_way" v="yes"/>
    <tag k="turn_direction" v="straight"/>
  </relation>
  <relation id="25713">
    <member type="way" role="left" ref="25710"/>
    <member type="way" role="right" ref="25712"/>
    <tag k="type" v="lanelet"/>
    <tag k="subtype" v="road"/>
    <tag k="speed_limit" v="8"/>
    <tag k="location" v="urban"/>
    <tag k="one_way" v="yes"/>
    <tag k="turn_direction" v="left"/>
  </relation>
  <relation id="25736">
    <member type="way" role="left" ref="25734"/>
    <member type="way" role="right" ref="25735"/>
    <tag k="type" v="lanelet"/>
    <tag k="subtype" v="road"/>
    <tag k="speed_limit" v="8"/>
    <tag k="location" v="urban"/>
    <tag k="one_way" v="yes"/>
    <tag k="turn_direction" v="left"/>
  </relation>
  <relation id="25891">
    <member type="way" role="left" ref="46836"/>
    <member type="way" role="right" ref="46837"/>
    <tag k="type" v="lanelet"/>
    <tag k="subtype" v="road"/>
    <tag k="speed_limit" v="8"/>
    <tag k="location" v="urban"/>
    <tag k="one_way" v="yes"/>
    <tag k="turn_direction" v="straight"/>
  </relation>
  <relation id="26139">
    <member type="way" role="left" ref="26169"/>
    <member type="way" role="right" ref="26170"/>
    <tag k="type" v="lanelet"/>
    <tag k="subtype" v="road"/>
    <tag k="speed_limit" v="8"/>
    <tag k="location" v="urban"/>
    <tag k="one_way" v="yes"/>
    <tag k="turn_direction" v="straight"/>
  </relation>
  <relation id="26259">
    <member type="way" role="left" ref="26254"/>
    <member type="way" role="right" ref="26255"/>
    <tag k="type" v="lanelet"/>
    <tag k="subtype" v="road"/>
    <tag k="speed_limit" v="8"/>
    <tag k="location" v="urban"/>
    <tag k="one_way" v="yes"/>
    <tag k="turn_direction" v="straight"/>
  </relation>
  <relation id="26387">
    <member type="way" role="left" ref="40636"/>
    <member type="way" role="right" ref="40638"/>
    <tag k="type" v="lanelet"/>
    <tag k="subtype" v="road"/>
    <tag k="speed_limit" v="5"/>
    <tag k="location" v="urban"/>
    <tag k="one_way" v="yes"/>
    <tag k="turn_direction" v="left"/>
  </relation>
  <relation id="26413">
    <member type="way" role="left" ref="40757"/>
    <member type="way" role="right" ref="40759"/>
    <tag k="type" v="lanelet"/>
    <tag k="subtype" v="road"/>
    <tag k="speed_limit" v="8"/>
    <tag k="location" v="urban"/>
    <tag k="one_way" v="yes"/>
    <tag k="turn_direction" v="straight"/>
  </relation>
  <relation id="26420">
    <member type="way" role="left" ref="26575"/>
    <member type="way" role="right" ref="26576"/>
    <tag k="type" v="lanelet"/>
    <tag k="subtype" v="road"/>
    <tag k="speed_limit" v="8"/>
    <tag k="location" v="urban"/>
    <tag k="one_way" v="yes"/>
    <tag k="turn_direction" v="straight"/>
  </relation>
  <relation id="26431">
    <member type="way" role="left" ref="26548"/>
    <member type="way" role="right" ref="26549"/>
    <tag k="type" v="lanelet"/>
    <tag k="subtype" v="road"/>
    <tag k="speed_limit" v="8"/>
    <tag k="location" v="urban"/>
    <tag k="one_way" v="yes"/>
    <tag k="turn_direction" v="straight"/>
  </relation>
  <relation id="26453">
    <member type="way" role="left" ref="40475"/>
    <member type="way" role="right" ref="40477"/>
    <tag k="type" v="lanelet"/>
    <tag k="subtype" v="road"/>
    <tag k="speed_limit" v="5"/>
    <tag k="location" v="urban"/>
    <tag k="one_way" v="yes"/>
    <tag k="turn_direction" v="left"/>
  </relation>
  <relation id="26561">
    <member type="way" role="left" ref="26584"/>
    <member type="way" role="right" ref="26585"/>
    <tag k="type" v="lanelet"/>
    <tag k="subtype" v="road"/>
    <tag k="speed_limit" v="8"/>
    <tag k="location" v="urban"/>
    <tag k="one_way" v="yes"/>
    <tag k="turn_direction" v="straight"/>
  </relation>
  <relation id="26713">
    <member type="way" role="left" ref="46273"/>
    <member type="way" role="right" ref="46275"/>
    <tag k="type" v="lanelet"/>
    <tag k="subtype" v="road"/>
    <tag k="speed_limit" v="8"/>
    <tag k="location" v="urban"/>
    <tag k="one_way" v="yes"/>
    <tag k="turn_direction" v="straight"/>
  </relation>
  <relation id="27346">
    <member type="way" role="left" ref="27343"/>
    <member type="way" role="right" ref="27345"/>
    <tag k="type" v="lanelet"/>
    <tag k="subtype" v="road"/>
    <tag k="speed_limit" v="8"/>
    <tag k="location" v="urban"/>
    <tag k="one_way" v="yes"/>
    <tag k="turn_direction" v="left"/>
  </relation>
  <relation id="27488">
    <member type="way" role="left" ref="32843"/>
    <member type="way" role="right" ref="32845"/>
    <tag k="type" v="lanelet"/>
    <tag k="subtype" v="road"/>
    <tag k="speed_limit" v="8"/>
    <tag k="location" v="urban"/>
    <tag k="one_way" v="yes"/>
    <tag k="turn_direction" v="straight"/>
  </relation>
  <relation id="27670">
    <member type="way" role="left" ref="27668"/>
    <member type="way" role="right" ref="27669"/>
    <tag k="type" v="lanelet"/>
    <tag k="subtype" v="road"/>
    <tag k="speed_limit" v="8"/>
    <tag k="location" v="urban"/>
    <tag k="one_way" v="yes"/>
    <tag k="turn_direction" v="straight"/>
  </relation>
  <relation id="28094">
    <member type="way" role="left" ref="37884"/>
    <member type="way" role="right" ref="37886"/>
    <tag k="type" v="lanelet"/>
    <tag k="subtype" v="road"/>
    <tag k="speed_limit" v="8"/>
    <tag k="location" v="urban"/>
    <tag k="one_way" v="yes"/>
    <tag k="turn_direction" v="straight"/>
  </relation>
  <relation id="28276">
    <member type="way" role="left" ref="28274"/>
    <member type="way" role="right" ref="28275"/>
    <tag k="type" v="lanelet"/>
    <tag k="subtype" v="road"/>
    <tag k="speed_limit" v="8"/>
    <tag k="location" v="urban"/>
    <tag k="one_way" v="yes"/>
    <tag k="turn_direction" v="straight"/>
  </relation>
  <relation id="28289">
    <member type="way" role="left" ref="28287"/>
    <member type="way" role="right" ref="28288"/>
    <tag k="type" v="lanelet"/>
    <tag k="subtype" v="road"/>
    <tag k="speed_limit" v="8"/>
    <tag k="location" v="urban"/>
    <tag k="one_way" v="yes"/>
    <tag k="turn_direction" v="straight"/>
  </relation>
  <relation id="28325">
    <member type="way" role="left" ref="45189"/>
    <member type="way" role="right" ref="45191"/>
    <tag k="type" v="lanelet"/>
    <tag k="subtype" v="road"/>
    <tag k="speed_limit" v="8"/>
    <tag k="location" v="urban"/>
    <tag k="one_way" v="yes"/>
    <tag k="turn_direction" v="straight"/>
  </relation>
  <relation id="28651">
    <member type="way" role="left" ref="28649"/>
    <member type="way" role="right" ref="28650"/>
    <tag k="type" v="lanelet"/>
    <tag k="subtype" v="road"/>
    <tag k="speed_limit" v="8"/>
    <tag k="location" v="urban"/>
    <tag k="one_way" v="yes"/>
    <tag k="turn_direction" v="straight"/>
  </relation>
  <relation id="28709">
    <member type="way" role="left" ref="28707"/>
    <member type="way" role="right" ref="28708"/>
    <tag k="type" v="lanelet"/>
    <tag k="subtype" v="road"/>
    <tag k="speed_limit" v="8"/>
    <tag k="location" v="urban"/>
    <tag k="one_way" v="yes"/>
    <tag k="turn_direction" v="straight"/>
  </relation>
  <relation id="28712">
    <member type="way" role="left" ref="28710"/>
    <member type="way" role="right" ref="28711"/>
    <tag k="type" v="lanelet"/>
    <tag k="subtype" v="road"/>
    <tag k="speed_limit" v="8"/>
    <tag k="location" v="urban"/>
    <tag k="one_way" v="yes"/>
    <tag k="turn_direction" v="straight"/>
  </relation>
  <relation id="29371">
    <member type="way" role="left" ref="29369"/>
    <member type="way" role="right" ref="29370"/>
    <tag k="type" v="lanelet"/>
    <tag k="subtype" v="road"/>
    <tag k="speed_limit" v="8"/>
    <tag k="location" v="urban"/>
    <tag k="one_way" v="yes"/>
    <tag k="turn_direction" v="straight"/>
  </relation>
  <relation id="30026">
    <member type="way" role="left" ref="47244"/>
    <member type="way" role="right" ref="47245"/>
    <tag k="type" v="lanelet"/>
    <tag k="subtype" v="road"/>
    <tag k="speed_limit" v="8"/>
    <tag k="location" v="urban"/>
    <tag k="one_way" v="yes"/>
    <tag k="turn_direction" v="straight"/>
  </relation>
  <relation id="30960">
    <member type="way" role="left" ref="30958"/>
    <member type="way" role="right" ref="30959"/>
    <tag k="type" v="lanelet"/>
    <tag k="subtype" v="road"/>
    <tag k="speed_limit" v="8"/>
    <tag k="location" v="urban"/>
    <tag k="one_way" v="yes"/>
    <tag k="turn_direction" v="straight"/>
  </relation>
  <relation id="31450">
    <member type="way" role="left" ref="39198"/>
    <member type="way" role="right" ref="39199"/>
    <tag k="type" v="lanelet"/>
    <tag k="subtype" v="road"/>
    <tag k="speed_limit" v="8"/>
    <tag k="location" v="urban"/>
    <tag k="one_way" v="yes"/>
    <tag k="turn_direction" v="straight"/>
  </relation>
  <relation id="31827">
    <member type="way" role="left" ref="39341"/>
    <member type="way" role="right" ref="39342"/>
    <tag k="type" v="lanelet"/>
    <tag k="subtype" v="road"/>
    <tag k="speed_limit" v="5"/>
    <tag k="location" v="urban"/>
    <tag k="one_way" v="yes"/>
    <tag k="turn_direction" v="right"/>
  </relation>
  <relation id="31850">
    <member type="way" role="left" ref="31853"/>
    <member type="way" role="right" ref="31855"/>
    <tag k="type" v="lanelet"/>
    <tag k="subtype" v="road"/>
    <tag k="speed_limit" v="8"/>
    <tag k="location" v="urban"/>
    <tag k="one_way" v="yes"/>
    <tag k="turn_direction" v="straight"/>
  </relation>
  <relation id="31959">
    <member type="way" role="left" ref="32486"/>
    <member type="way" role="right" ref="32488"/>
    <tag k="type" v="lanelet"/>
    <tag k="subtype" v="road"/>
    <tag k="speed_limit" v="8"/>
    <tag k="location" v="urban"/>
    <tag k="one_way" v="yes"/>
    <tag k="turn_direction" v="straight"/>
  </relation>
  <relation id="32268">
    <member type="way" role="left" ref="32266"/>
    <member type="way" role="right" ref="32267"/>
    <tag k="type" v="lanelet"/>
    <tag k="subtype" v="road"/>
    <tag k="speed_limit" v="8"/>
    <tag k="location" v="urban"/>
    <tag k="one_way" v="yes"/>
    <tag k="turn_direction" v="straight"/>
  </relation>
  <relation id="32456">
    <member type="way" role="left" ref="32453"/>
    <member type="way" role="right" ref="32455"/>
    <tag k="type" v="lanelet"/>
    <tag k="subtype" v="road"/>
    <tag k="speed_limit" v="5"/>
    <tag k="location" v="urban"/>
    <tag k="one_way" v="yes"/>
    <tag k="turn_direction" v="right"/>
  </relation>
  <relation id="32483">
    <member type="way" role="left" ref="32507"/>
    <member type="way" role="right" ref="32509"/>
    <tag k="type" v="lanelet"/>
    <tag k="subtype" v="road"/>
    <tag k="speed_limit" v="8"/>
    <tag k="location" v="urban"/>
    <tag k="one_way" v="yes"/>
    <tag k="turn_direction" v="right"/>
  </relation>
  <relation id="32490">
    <member type="way" role="left" ref="32487"/>
    <member type="way" role="right" ref="32489"/>
    <tag k="type" v="lanelet"/>
    <tag k="subtype" v="road"/>
    <tag k="speed_limit" v="8"/>
    <tag k="location" v="urban"/>
    <tag k="one_way" v="yes"/>
    <tag k="turn_direction" v="straight"/>
  </relation>
  <relation id="32497">
    <member type="way" role="left" ref="32786"/>
    <member type="way" role="right" ref="32787"/>
    <tag k="type" v="lanelet"/>
    <tag k="subtype" v="road"/>
    <tag k="speed_limit" v="10"/>
    <tag k="location" v="urban"/>
    <tag k="one_way" v="yes"/>
    <tag k="turn_direction" v="straight"/>
  </relation>
  <relation id="32511">
    <member type="way" role="left" ref="32508"/>
    <member type="way" role="right" ref="32510"/>
    <tag k="type" v="lanelet"/>
    <tag k="subtype" v="road"/>
    <tag k="speed_limit" v="8"/>
    <tag k="location" v="urban"/>
    <tag k="one_way" v="yes"/>
    <tag k="turn_direction" v="straight"/>
  </relation>
  <relation id="32865">
    <member type="way" role="left" ref="46604"/>
    <member type="way" role="right" ref="46605"/>
    <tag k="type" v="lanelet"/>
    <tag k="subtype" v="road"/>
    <tag k="speed_limit" v="5"/>
    <tag k="location" v="urban"/>
    <tag k="one_way" v="yes"/>
    <tag k="turn_direction" v="left"/>
  </relation>
  <relation id="32992">
    <member type="way" role="left" ref="33126"/>
    <member type="way" role="right" ref="33127"/>
    <tag k="type" v="lanelet"/>
    <tag k="subtype" v="road"/>
    <tag k="speed_limit" v="5"/>
    <tag k="location" v="urban"/>
    <tag k="one_way" v="yes"/>
    <tag k="turn_direction" v="left"/>
  </relation>
  <relation id="33089">
    <member type="way" role="left" ref="33286"/>
    <member type="way" role="right" ref="33288"/>
    <tag k="type" v="lanelet"/>
    <tag k="subtype" v="road"/>
    <tag k="speed_limit" v="8"/>
    <tag k="location" v="urban"/>
    <tag k="one_way" v="yes"/>
    <tag k="turn_direction" v="straight"/>
  </relation>
  <relation id="33118">
    <member type="way" role="left" ref="33116"/>
    <member type="way" role="right" ref="33117"/>
    <tag k="type" v="lanelet"/>
    <tag k="subtype" v="road"/>
    <tag k="speed_limit" v="5"/>
    <tag k="location" v="urban"/>
    <tag k="one_way" v="yes"/>
    <tag k="turn_direction" v="left"/>
  </relation>
  <relation id="33125">
    <member type="way" role="left" ref="33122"/>
    <member type="way" role="right" ref="33124"/>
    <tag k="type" v="lanelet"/>
    <tag k="subtype" v="road"/>
    <tag k="speed_limit" v="8"/>
    <tag k="location" v="urban"/>
    <tag k="one_way" v="yes"/>
    <tag k="turn_direction" v="straight"/>
  </relation>
  <relation id="33152">
    <member type="way" role="left" ref="33155"/>
    <member type="way" role="right" ref="33156"/>
    <tag k="type" v="lanelet"/>
    <tag k="subtype" v="road"/>
    <tag k="speed_limit" v="3"/>
    <tag k="location" v="urban"/>
    <tag k="one_way" v="yes"/>
    <tag k="turn_direction" v="right"/>
  </relation>
  <relation id="33159">
    <member type="way" role="left" ref="33157"/>
    <member type="way" role="right" ref="33158"/>
    <tag k="type" v="lanelet"/>
    <tag k="subtype" v="road"/>
    <tag k="speed_limit" v="8"/>
    <tag k="location" v="urban"/>
    <tag k="one_way" v="yes"/>
    <tag k="turn_direction" v="straight"/>
  </relation>
  <relation id="33168">
    <member type="way" role="left" ref="33166"/>
    <member type="way" role="right" ref="33167"/>
    <tag k="type" v="lanelet"/>
    <tag k="subtype" v="road"/>
    <tag k="speed_limit" v="8"/>
    <tag k="location" v="urban"/>
    <tag k="one_way" v="yes"/>
    <tag k="turn_direction" v="straight"/>
  </relation>
  <relation id="33171">
    <member type="way" role="left" ref="33169"/>
    <member type="way" role="right" ref="33170"/>
    <tag k="type" v="lanelet"/>
    <tag k="subtype" v="road"/>
    <tag k="speed_limit" v="8"/>
    <tag k="location" v="urban"/>
    <tag k="one_way" v="yes"/>
    <tag k="turn_direction" v="straight"/>
  </relation>
  <relation id="33192">
    <member type="way" role="left" ref="45270"/>
    <member type="way" role="right" ref="45272"/>
    <tag k="type" v="lanelet"/>
    <tag k="subtype" v="road"/>
    <tag k="speed_limit" v="8"/>
    <tag k="location" v="urban"/>
    <tag k="one_way" v="yes"/>
    <tag k="turn_direction" v="straight"/>
  </relation>
  <relation id="33232">
    <member type="way" role="left" ref="33230"/>
    <member type="way" role="right" ref="33231"/>
    <tag k="type" v="lanelet"/>
    <tag k="subtype" v="road"/>
    <tag k="speed_limit" v="5"/>
    <tag k="location" v="urban"/>
    <tag k="one_way" v="yes"/>
    <tag k="turn_direction" v="left"/>
  </relation>
  <relation id="33270">
    <member type="way" role="left" ref="33267"/>
    <member type="way" role="right" ref="33269"/>
    <tag k="type" v="lanelet"/>
    <tag k="subtype" v="road"/>
    <tag k="speed_limit" v="8"/>
    <tag k="location" v="urban"/>
    <tag k="one_way" v="yes"/>
    <tag k="turn_direction" v="straight"/>
  </relation>
  <relation id="33280">
    <member type="way" role="left" ref="33278"/>
    <member type="way" role="right" ref="33279"/>
    <tag k="type" v="lanelet"/>
    <tag k="subtype" v="road"/>
    <tag k="speed_limit" v="8"/>
    <tag k="location" v="urban"/>
    <tag k="one_way" v="yes"/>
    <tag k="turn_direction" v="straight"/>
  </relation>
  <relation id="33283">
    <member type="way" role="left" ref="33281"/>
    <member type="way" role="right" ref="33282"/>
    <tag k="type" v="lanelet"/>
    <tag k="subtype" v="road"/>
    <tag k="speed_limit" v="8"/>
    <tag k="location" v="urban"/>
    <tag k="one_way" v="yes"/>
    <tag k="turn_direction" v="straight"/>
  </relation>
  <relation id="33290">
    <member type="way" role="left" ref="33287"/>
    <member type="way" role="right" ref="33289"/>
    <tag k="type" v="lanelet"/>
    <tag k="subtype" v="road"/>
    <tag k="speed_limit" v="8"/>
    <tag k="location" v="urban"/>
    <tag k="one_way" v="yes"/>
    <tag k="turn_direction" v="straight"/>
  </relation>
  <relation id="33496">
    <member type="way" role="left" ref="33493"/>
    <member type="way" role="right" ref="33495"/>
    <tag k="type" v="lanelet"/>
    <tag k="subtype" v="road"/>
    <tag k="speed_limit" v="5"/>
    <tag k="location" v="urban"/>
    <tag k="one_way" v="yes"/>
    <tag k="turn_direction" v="left"/>
  </relation>
  <relation id="33708">
    <member type="way" role="left" ref="33740"/>
    <member type="way" role="right" ref="33741"/>
    <tag k="type" v="lanelet"/>
    <tag k="subtype" v="road"/>
    <tag k="speed_limit" v="5"/>
    <tag k="location" v="urban"/>
    <tag k="one_way" v="yes"/>
    <tag k="turn_direction" v="left"/>
  </relation>
  <relation id="33919">
    <member type="way" role="left" ref="42344"/>
    <member type="way" role="right" ref="42345"/>
    <tag k="type" v="lanelet"/>
    <tag k="subtype" v="road"/>
    <tag k="speed_limit" v="8"/>
    <tag k="location" v="urban"/>
    <tag k="one_way" v="yes"/>
    <tag k="turn_direction" v="straight"/>
  </relation>
  <relation id="34045">
    <member type="way" role="left" ref="39056"/>
    <member type="way" role="right" ref="39057"/>
    <tag k="type" v="lanelet"/>
    <tag k="subtype" v="road"/>
    <tag k="speed_limit" v="8"/>
    <tag k="location" v="urban"/>
    <tag k="one_way" v="yes"/>
    <tag k="turn_direction" v="straight"/>
  </relation>
  <relation id="34087">
    <member type="way" role="left" ref="39060"/>
    <member type="way" role="right" ref="39062"/>
    <tag k="type" v="lanelet"/>
    <tag k="subtype" v="road"/>
    <tag k="speed_limit" v="8"/>
    <tag k="location" v="urban"/>
    <tag k="one_way" v="yes"/>
    <tag k="turn_direction" v="right"/>
  </relation>
  <relation id="34426">
    <member type="way" role="left" ref="40442"/>
    <member type="way" role="right" ref="40444"/>
    <tag k="type" v="lanelet"/>
    <tag k="subtype" v="road"/>
    <tag k="speed_limit" v="8"/>
    <tag k="location" v="urban"/>
    <tag k="one_way" v="yes"/>
    <tag k="turn_direction" v="straight"/>
  </relation>
  <relation id="35105">
    <member type="way" role="left" ref="35102"/>
    <member type="way" role="right" ref="35104"/>
    <tag k="type" v="lanelet"/>
    <tag k="subtype" v="road"/>
    <tag k="speed_limit" v="8"/>
    <tag k="location" v="urban"/>
    <tag k="one_way" v="yes"/>
    <tag k="turn_direction" v="straight"/>
  </relation>
  <relation id="35339">
    <member type="way" role="left" ref="39003"/>
    <member type="way" role="right" ref="39004"/>
    <tag k="type" v="lanelet"/>
    <tag k="subtype" v="road"/>
    <tag k="speed_limit" v="8"/>
    <tag k="location" v="urban"/>
    <tag k="one_way" v="yes"/>
    <tag k="turn_direction" v="straight"/>
  </relation>
  <relation id="35346">
    <member type="way" role="left" ref="35343"/>
    <member type="way" role="right" ref="35345"/>
    <tag k="type" v="lanelet"/>
    <tag k="subtype" v="road"/>
    <tag k="speed_limit" v="8"/>
    <tag k="location" v="urban"/>
    <tag k="one_way" v="yes"/>
    <tag k="turn_direction" v="straight"/>
  </relation>
  <relation id="35353">
    <member type="way" role="left" ref="35413"/>
    <member type="way" role="right" ref="35414"/>
    <tag k="type" v="lanelet"/>
    <tag k="subtype" v="road"/>
    <tag k="speed_limit" v="8"/>
    <tag k="location" v="urban"/>
    <tag k="one_way" v="yes"/>
    <tag k="turn_direction" v="straight"/>
  </relation>
  <relation id="35624">
    <member type="way" role="left" ref="38535"/>
    <member type="way" role="right" ref="38536"/>
    <tag k="type" v="lanelet"/>
    <tag k="subtype" v="road"/>
    <tag k="speed_limit" v="8"/>
    <tag k="location" v="urban"/>
    <tag k="one_way" v="yes"/>
    <tag k="turn_direction" v="straight"/>
  </relation>
  <relation id="35641">
    <member type="way" role="left" ref="35652"/>
    <member type="way" role="right" ref="35653"/>
    <tag k="type" v="lanelet"/>
    <tag k="subtype" v="road"/>
    <tag k="speed_limit" v="8"/>
    <tag k="location" v="urban"/>
    <tag k="one_way" v="yes"/>
    <tag k="turn_direction" v="straight"/>
  </relation>
  <relation id="36296">
    <member type="way" role="left" ref="36299"/>
    <member type="way" role="right" ref="36301"/>
    <tag k="type" v="lanelet"/>
    <tag k="subtype" v="road"/>
    <tag k="speed_limit" v="8"/>
    <tag k="location" v="urban"/>
    <tag k="one_way" v="yes"/>
    <tag k="turn_direction" v="straight"/>
  </relation>
  <relation id="36875">
    <member type="way" role="left" ref="43848"/>
    <member type="way" role="right" ref="43850"/>
    <tag k="type" v="lanelet"/>
    <tag k="subtype" v="road"/>
    <tag k="speed_limit" v="8"/>
    <tag k="location" v="urban"/>
    <tag k="one_way" v="yes"/>
    <tag k="turn_direction" v="straight"/>
  </relation>
  <relation id="37118">
    <member type="way" role="left" ref="37131"/>
    <member type="way" role="right" ref="37132"/>
    <tag k="type" v="lanelet"/>
    <tag k="subtype" v="road"/>
    <tag k="speed_limit" v="8"/>
    <tag k="location" v="urban"/>
    <tag k="one_way" v="yes"/>
    <tag k="turn_direction" v="straight"/>
  </relation>
  <relation id="37888">
    <member type="way" role="left" ref="39367"/>
    <member type="way" role="right" ref="39369"/>
    <tag k="type" v="lanelet"/>
    <tag k="subtype" v="road"/>
    <tag k="speed_limit" v="8"/>
    <tag k="location" v="urban"/>
    <tag k="one_way" v="yes"/>
    <tag k="turn_direction" v="straight"/>
  </relation>
  <relation id="37927">
    <member type="way" role="left" ref="39207"/>
    <member type="way" role="right" ref="39209"/>
    <tag k="type" v="lanelet"/>
    <tag k="subtype" v="road"/>
    <tag k="speed_limit" v="6"/>
    <tag k="location" v="urban"/>
    <tag k="one_way" v="yes"/>
    <tag k="turn_direction" v="straight"/>
  </relation>
  <relation id="37934">
    <member type="way" role="left" ref="37932"/>
    <member type="way" role="right" ref="37933"/>
    <tag k="type" v="lanelet"/>
    <tag k="subtype" v="road"/>
    <tag k="speed_limit" v="6"/>
    <tag k="location" v="urban"/>
    <tag k="one_way" v="yes"/>
    <tag k="turn_direction" v="straight"/>
  </relation>
  <relation id="38056">
    <member type="way" role="left" ref="42848"/>
    <member type="way" role="right" ref="42850"/>
    <tag k="type" v="lanelet"/>
    <tag k="subtype" v="road"/>
    <tag k="speed_limit" v="8"/>
    <tag k="location" v="urban"/>
    <tag k="one_way" v="yes"/>
    <tag k="turn_direction" v="straight"/>
  </relation>
  <relation id="38074">
    <member type="way" role="left" ref="42841"/>
    <member type="way" role="right" ref="42843"/>
    <tag k="type" v="lanelet"/>
    <tag k="subtype" v="road"/>
    <tag k="speed_limit" v="8"/>
    <tag k="location" v="urban"/>
    <tag k="one_way" v="yes"/>
    <tag k="turn_direction" v="straight"/>
  </relation>
  <relation id="38199">
    <member type="way" role="left" ref="38196"/>
    <member type="way" role="right" ref="38198"/>
    <tag k="type" v="lanelet"/>
    <tag k="subtype" v="road"/>
    <tag k="speed_limit" v="5"/>
    <tag k="location" v="urban"/>
    <tag k="one_way" v="yes"/>
    <tag k="turn_direction" v="right"/>
  </relation>
  <relation id="38385">
    <member type="way" role="left" ref="38416"/>
    <member type="way" role="right" ref="38417"/>
    <tag k="type" v="lanelet"/>
    <tag k="subtype" v="road"/>
    <tag k="speed_limit" v="5"/>
    <tag k="location" v="urban"/>
    <tag k="one_way" v="yes"/>
    <tag k="turn_direction" v="right"/>
  </relation>
  <relation id="38438">
    <member type="way" role="left" ref="38491"/>
    <member type="way" role="right" ref="38492"/>
    <tag k="type" v="lanelet"/>
    <tag k="subtype" v="road"/>
    <tag k="speed_limit" v="8"/>
    <tag k="location" v="urban"/>
    <tag k="one_way" v="yes"/>
    <tag k="turn_direction" v="straight"/>
  </relation>
  <relation id="38531">
    <member type="way" role="left" ref="38680"/>
    <member type="way" role="right" ref="38682"/>
    <tag k="type" v="lanelet"/>
    <tag k="subtype" v="road"/>
    <tag k="speed_limit" v="8"/>
    <tag k="location" v="urban"/>
    <tag k="one_way" v="yes"/>
    <tag k="turn_direction" v="straight"/>
  </relation>
  <relation id="38881">
    <member type="way" role="left" ref="38916"/>
    <member type="way" role="right" ref="38917"/>
    <tag k="type" v="lanelet"/>
    <tag k="subtype" v="road"/>
    <tag k="speed_limit" v="8"/>
    <tag k="location" v="urban"/>
    <tag k="one_way" v="yes"/>
    <tag k="turn_direction" v="straight"/>
  </relation>
  <relation id="38912">
    <member type="way" role="left" ref="44317"/>
    <member type="way" role="right" ref="44319"/>
    <tag k="type" v="lanelet"/>
    <tag k="subtype" v="road"/>
    <tag k="speed_limit" v="8"/>
    <tag k="location" v="urban"/>
    <tag k="one_way" v="yes"/>
    <tag k="turn_direction" v="left"/>
  </relation>
  <relation id="39027">
    <member type="way" role="left" ref="39025"/>
    <member type="way" role="right" ref="39026"/>
    <tag k="type" v="lanelet"/>
    <tag k="subtype" v="road"/>
    <tag k="speed_limit" v="8"/>
    <tag k="location" v="urban"/>
    <tag k="one_way" v="yes"/>
    <tag k="turn_direction" v="right"/>
  </relation>
  <relation id="39083">
    <member type="way" role="left" ref="39081"/>
    <member type="way" role="right" ref="39082"/>
    <tag k="type" v="lanelet"/>
    <tag k="subtype" v="road"/>
    <tag k="speed_limit" v="8"/>
    <tag k="location" v="urban"/>
    <tag k="one_way" v="yes"/>
    <tag k="turn_direction" v="right"/>
  </relation>
  <relation id="39132">
    <member type="way" role="left" ref="39130"/>
    <member type="way" role="right" ref="39131"/>
    <tag k="type" v="lanelet"/>
    <tag k="subtype" v="road"/>
    <tag k="speed_limit" v="8"/>
    <tag k="location" v="urban"/>
    <tag k="one_way" v="yes"/>
    <tag k="turn_direction" v="right"/>
  </relation>
  <relation id="39337">
    <member type="way" role="left" ref="39335"/>
    <member type="way" role="right" ref="39336"/>
    <tag k="type" v="lanelet"/>
    <tag k="subtype" v="road"/>
    <tag k="speed_limit" v="5"/>
    <tag k="location" v="urban"/>
    <tag k="one_way" v="yes"/>
    <tag k="turn_direction" v="left"/>
  </relation>
  <relation id="40112">
    <member type="way" role="left" ref="40109"/>
    <member type="way" role="right" ref="40111"/>
    <tag k="type" v="lanelet"/>
    <tag k="subtype" v="road"/>
    <tag k="speed_limit" v="8"/>
    <tag k="location" v="urban"/>
    <tag k="one_way" v="yes"/>
    <tag k="turn_direction" v="straight"/>
  </relation>
  <relation id="40171">
    <member type="way" role="left" ref="40168"/>
    <member type="way" role="right" ref="40170"/>
    <tag k="type" v="lanelet"/>
    <tag k="subtype" v="road"/>
    <tag k="speed_limit" v="8"/>
    <tag k="location" v="urban"/>
    <tag k="one_way" v="yes"/>
    <tag k="turn_direction" v="right"/>
  </relation>
  <relation id="40202">
    <member type="way" role="left" ref="40200"/>
    <member type="way" role="right" ref="40201"/>
    <tag k="type" v="lanelet"/>
    <tag k="subtype" v="road"/>
    <tag k="speed_limit" v="8"/>
    <tag k="location" v="urban"/>
    <tag k="one_way" v="yes"/>
    <tag k="turn_direction" v="right"/>
  </relation>
  <relation id="40322">
    <member type="way" role="left" ref="40320"/>
    <member type="way" role="right" ref="40321"/>
    <tag k="type" v="lanelet"/>
    <tag k="subtype" v="road"/>
    <tag k="speed_limit" v="8"/>
    <tag k="location" v="urban"/>
    <tag k="one_way" v="yes"/>
    <tag k="turn_direction" v="straight"/>
  </relation>
  <relation id="40331">
    <member type="way" role="left" ref="40329"/>
    <member type="way" role="right" ref="40330"/>
    <tag k="type" v="lanelet"/>
    <tag k="subtype" v="road"/>
    <tag k="speed_limit" v="8"/>
    <tag k="location" v="urban"/>
    <tag k="one_way" v="yes"/>
    <tag k="turn_direction" v="straight"/>
  </relation>
  <relation id="40343">
    <member type="way" role="left" ref="42018"/>
    <member type="way" role="right" ref="42020"/>
    <tag k="type" v="lanelet"/>
    <tag k="subtype" v="road"/>
    <tag k="speed_limit" v="8"/>
    <tag k="location" v="urban"/>
    <tag k="one_way" v="yes"/>
    <tag k="turn_direction" v="straight"/>
  </relation>
  <relation id="40380">
    <member type="way" role="left" ref="40422"/>
    <member type="way" role="right" ref="40424"/>
    <tag k="type" v="lanelet"/>
    <tag k="subtype" v="road"/>
    <tag k="speed_limit" v="5"/>
    <tag k="location" v="urban"/>
    <tag k="one_way" v="yes"/>
    <tag k="turn_direction" v="right"/>
  </relation>
  <relation id="40419">
    <member type="way" role="left" ref="45417"/>
    <member type="way" role="right" ref="45418"/>
    <tag k="type" v="lanelet"/>
    <tag k="subtype" v="road"/>
    <tag k="speed_limit" v="5"/>
    <tag k="location" v="urban"/>
    <tag k="one_way" v="yes"/>
    <tag k="turn_direction" v="right"/>
  </relation>
  <relation id="40439">
    <member type="way" role="left" ref="40437"/>
    <member type="way" role="right" ref="40438"/>
    <tag k="type" v="lanelet"/>
    <tag k="subtype" v="road"/>
    <tag k="speed_limit" v="5"/>
    <tag k="location" v="urban"/>
    <tag k="one_way" v="yes"/>
    <tag k="turn_direction" v="right"/>
  </relation>
  <relation id="40469">
    <member type="way" role="left" ref="40467"/>
    <member type="way" role="right" ref="40468"/>
    <tag k="type" v="lanelet"/>
    <tag k="subtype" v="road"/>
    <tag k="speed_limit" v="8"/>
    <tag k="location" v="urban"/>
    <tag k="one_way" v="yes"/>
    <tag k="turn_direction" v="left"/>
  </relation>
  <relation id="40514">
    <member type="way" role="left" ref="40511"/>
    <member type="way" role="right" ref="40513"/>
    <tag k="type" v="lanelet"/>
    <tag k="subtype" v="road"/>
    <tag k="speed_limit" v="5"/>
    <tag k="location" v="urban"/>
    <tag k="one_way" v="yes"/>
    <tag k="turn_direction" v="right"/>
  </relation>
  <relation id="40596">
    <member type="way" role="left" ref="40593"/>
    <member type="way" role="right" ref="40595"/>
    <tag k="type" v="lanelet"/>
    <tag k="subtype" v="road"/>
    <tag k="speed_limit" v="8"/>
    <tag k="location" v="urban"/>
    <tag k="one_way" v="yes"/>
    <tag k="turn_direction" v="straight"/>
  </relation>
  <relation id="40754">
    <member type="way" role="left" ref="40864"/>
    <member type="way" role="right" ref="40865"/>
    <tag k="type" v="lanelet"/>
    <tag k="subtype" v="road"/>
    <tag k="speed_limit" v="5"/>
    <tag k="location" v="urban"/>
    <tag k="one_way" v="yes"/>
    <tag k="turn_direction" v="right"/>
  </relation>
  <relation id="40761">
    <member type="way" role="left" ref="40758"/>
    <member type="way" role="right" ref="40760"/>
    <tag k="type" v="lanelet"/>
    <tag k="subtype" v="road"/>
    <tag k="speed_limit" v="8"/>
    <tag k="location" v="urban"/>
    <tag k="one_way" v="yes"/>
    <tag k="turn_direction" v="straight"/>
  </relation>
  <relation id="40840">
    <member type="way" role="left" ref="40837"/>
    <member type="way" role="right" ref="40839"/>
    <tag k="type" v="lanelet"/>
    <tag k="subtype" v="road"/>
    <tag k="speed_limit" v="5"/>
    <tag k="location" v="urban"/>
    <tag k="one_way" v="yes"/>
    <tag k="turn_direction" v="right"/>
  </relation>
  <relation id="40853">
    <member type="way" role="left" ref="40851"/>
    <member type="way" role="right" ref="40852"/>
    <tag k="type" v="lanelet"/>
    <tag k="subtype" v="road"/>
    <tag k="speed_limit" v="5"/>
    <tag k="location" v="urban"/>
    <tag k="one_way" v="yes"/>
    <tag k="turn_direction" v="right"/>
  </relation>
  <relation id="40856">
    <member type="way" role="left" ref="40854"/>
    <member type="way" role="right" ref="40855"/>
    <tag k="type" v="lanelet"/>
    <tag k="subtype" v="road"/>
    <tag k="speed_limit" v="8"/>
    <tag k="location" v="urban"/>
    <tag k="one_way" v="yes"/>
    <tag k="turn_direction" v="straight"/>
  </relation>
  <relation id="40863">
    <member type="way" role="left" ref="40860"/>
    <member type="way" role="right" ref="40862"/>
    <tag k="type" v="lanelet"/>
    <tag k="subtype" v="road"/>
    <tag k="speed_limit" v="5"/>
    <tag k="location" v="urban"/>
    <tag k="one_way" v="yes"/>
    <tag k="turn_direction" v="right"/>
  </relation>
  <relation id="40880">
    <member type="way" role="left" ref="40878"/>
    <member type="way" role="right" ref="40879"/>
    <tag k="type" v="lanelet"/>
    <tag k="subtype" v="road"/>
    <tag k="speed_limit" v="5"/>
    <tag k="location" v="urban"/>
    <tag k="one_way" v="yes"/>
    <tag k="turn_direction" v="right"/>
  </relation>
  <relation id="41035">
    <member type="way" role="left" ref="41032"/>
    <member type="way" role="right" ref="41034"/>
    <tag k="type" v="lanelet"/>
    <tag k="subtype" v="road"/>
    <tag k="speed_limit" v="8"/>
    <tag k="location" v="urban"/>
    <tag k="one_way" v="yes"/>
    <tag k="turn_direction" v="straight"/>
  </relation>
  <relation id="41152">
    <member type="way" role="left" ref="41378"/>
    <member type="way" role="right" ref="41380"/>
    <tag k="type" v="lanelet"/>
    <tag k="subtype" v="road"/>
    <tag k="speed_limit" v="8"/>
    <tag k="location" v="urban"/>
    <tag k="one_way" v="yes"/>
    <tag k="turn_direction" v="left"/>
  </relation>
  <relation id="41165">
    <member type="way" role="left" ref="41163"/>
    <member type="way" role="right" ref="41164"/>
    <tag k="type" v="lanelet"/>
    <tag k="subtype" v="road"/>
    <tag k="speed_limit" v="8"/>
    <tag k="location" v="urban"/>
    <tag k="one_way" v="yes"/>
    <tag k="turn_direction" v="left"/>
  </relation>
  <relation id="41251">
    <member type="way" role="left" ref="41249"/>
    <member type="way" role="right" ref="41250"/>
    <tag k="type" v="lanelet"/>
    <tag k="subtype" v="road"/>
    <tag k="speed_limit" v="8"/>
    <tag k="location" v="urban"/>
    <tag k="one_way" v="yes"/>
    <tag k="turn_direction" v="straight"/>
  </relation>
  <relation id="41258">
    <member type="way" role="left" ref="41255"/>
    <member type="way" role="right" ref="41257"/>
    <tag k="type" v="lanelet"/>
    <tag k="subtype" v="road"/>
    <tag k="speed_limit" v="8"/>
    <tag k="location" v="urban"/>
    <tag k="one_way" v="yes"/>
    <tag k="turn_direction" v="straight"/>
  </relation>
  <relation id="41261">
    <member type="way" role="left" ref="43853"/>
    <member type="way" role="right" ref="43854"/>
    <tag k="type" v="lanelet"/>
    <tag k="subtype" v="road"/>
    <tag k="speed_limit" v="8"/>
    <tag k="location" v="urban"/>
    <tag k="one_way" v="yes"/>
    <tag k="turn_direction" v="straight"/>
  </relation>
  <relation id="41264">
    <member type="way" role="left" ref="41262"/>
    <member type="way" role="right" ref="41263"/>
    <tag k="type" v="lanelet"/>
    <tag k="subtype" v="road"/>
    <tag k="speed_limit" v="8"/>
    <tag k="location" v="urban"/>
    <tag k="one_way" v="yes"/>
  </relation>
  <relation id="41382">
    <member type="way" role="left" ref="41379"/>
    <member type="way" role="right" ref="41381"/>
    <tag k="type" v="lanelet"/>
    <tag k="subtype" v="road"/>
    <tag k="speed_limit" v="8"/>
    <tag k="location" v="urban"/>
    <tag k="one_way" v="yes"/>
    <tag k="turn_direction" v="right"/>
  </relation>
  <relation id="41400">
    <member type="way" role="left" ref="44853"/>
    <member type="way" role="right" ref="44854"/>
    <tag k="type" v="lanelet"/>
    <tag k="subtype" v="road"/>
    <tag k="speed_limit" v="8"/>
    <tag k="location" v="urban"/>
    <tag k="one_way" v="no"/>
    <tag k="turn_direction" v="straight"/>
  </relation>
  <relation id="41430">
    <member type="way" role="left" ref="41428"/>
    <member type="way" role="right" ref="41429"/>
    <tag k="type" v="lanelet"/>
    <tag k="subtype" v="road"/>
    <tag k="speed_limit" v="8"/>
    <tag k="location" v="urban"/>
    <tag k="one_way" v="yes"/>
    <tag k="turn_direction" v="right"/>
  </relation>
  <relation id="41449">
    <member type="way" role="left" ref="41447"/>
    <member type="way" role="right" ref="41448"/>
    <tag k="type" v="lanelet"/>
    <tag k="subtype" v="road"/>
    <tag k="speed_limit" v="8"/>
    <tag k="location" v="urban"/>
    <tag k="one_way" v="yes"/>
    <tag k="turn_direction" v="right"/>
  </relation>
  <relation id="41663">
    <member type="way" role="left" ref="41699"/>
    <member type="way" role="right" ref="41701"/>
    <tag k="type" v="lanelet"/>
    <tag k="subtype" v="road"/>
    <tag k="speed_limit" v="5"/>
    <tag k="location" v="urban"/>
    <tag k="one_way" v="yes"/>
    <tag k="turn_direction" v="right"/>
  </relation>
  <relation id="41678">
    <member type="way" role="left" ref="41676"/>
    <member type="way" role="right" ref="41677"/>
    <tag k="type" v="lanelet"/>
    <tag k="subtype" v="road"/>
    <tag k="speed_limit" v="5"/>
    <tag k="location" v="urban"/>
    <tag k="one_way" v="yes"/>
    <tag k="turn_direction" v="right"/>
  </relation>
  <relation id="41703">
    <member type="way" role="left" ref="41961"/>
    <member type="way" role="right" ref="41963"/>
    <tag k="type" v="lanelet"/>
    <tag k="subtype" v="road"/>
    <tag k="speed_limit" v="5"/>
    <tag k="location" v="urban"/>
    <tag k="one_way" v="yes"/>
    <tag k="turn_direction" v="right"/>
  </relation>
  <relation id="41722">
    <member type="way" role="left" ref="41725"/>
    <member type="way" role="right" ref="41727"/>
    <tag k="type" v="lanelet"/>
    <tag k="subtype" v="road"/>
    <tag k="speed_limit" v="8"/>
    <tag k="location" v="urban"/>
    <tag k="one_way" v="yes"/>
    <tag k="turn_direction" v="straight"/>
  </relation>
  <relation id="41729">
    <member type="way" role="left" ref="41726"/>
    <member type="way" role="right" ref="41728"/>
    <tag k="type" v="lanelet"/>
    <tag k="subtype" v="road"/>
    <tag k="speed_limit" v="5"/>
    <tag k="location" v="urban"/>
    <tag k="one_way" v="yes"/>
    <tag k="turn_direction" v="right"/>
  </relation>
  <relation id="41818">
    <member type="way" role="left" ref="41816"/>
    <member type="way" role="right" ref="41817"/>
    <tag k="type" v="lanelet"/>
    <tag k="subtype" v="road"/>
    <tag k="speed_limit" v="6"/>
    <tag k="location" v="urban"/>
    <tag k="one_way" v="yes"/>
    <tag k="turn_direction" v="right"/>
  </relation>
  <relation id="41837">
    <member type="way" role="left" ref="41835"/>
    <member type="way" role="right" ref="41836"/>
    <tag k="type" v="lanelet"/>
    <tag k="subtype" v="road"/>
    <tag k="speed_limit" v="5"/>
    <tag k="location" v="urban"/>
    <tag k="one_way" v="yes"/>
    <tag k="turn_direction" v="right"/>
  </relation>
  <relation id="41865">
    <member type="way" role="left" ref="41868"/>
    <member type="way" role="right" ref="41869"/>
    <tag k="type" v="lanelet"/>
    <tag k="subtype" v="road"/>
    <tag k="speed_limit" v="5"/>
    <tag k="location" v="urban"/>
    <tag k="one_way" v="yes"/>
    <tag k="turn_direction" v="right"/>
  </relation>
  <relation id="41915">
    <member type="way" role="left" ref="41913"/>
    <member type="way" role="right" ref="41914"/>
    <tag k="type" v="lanelet"/>
    <tag k="subtype" v="road"/>
    <tag k="speed_limit" v="8"/>
    <tag k="location" v="urban"/>
    <tag k="one_way" v="yes"/>
    <tag k="turn_direction" v="straight"/>
  </relation>
  <relation id="41958">
    <member type="way" role="left" ref="41955"/>
    <member type="way" role="right" ref="41957"/>
    <tag k="type" v="lanelet"/>
    <tag k="subtype" v="road"/>
    <tag k="speed_limit" v="8"/>
    <tag k="location" v="urban"/>
    <tag k="one_way" v="yes"/>
    <tag k="turn_direction" v="straight"/>
  </relation>
  <relation id="41980">
    <member type="way" role="left" ref="41978"/>
    <member type="way" role="right" ref="41979"/>
    <tag k="type" v="lanelet"/>
    <tag k="subtype" v="road"/>
    <tag k="speed_limit" v="5"/>
    <tag k="location" v="urban"/>
    <tag k="one_way" v="yes"/>
    <tag k="turn_direction" v="right"/>
  </relation>
  <relation id="41989">
    <member type="way" role="left" ref="46777"/>
    <member type="way" role="right" ref="46779"/>
    <tag k="type" v="lanelet"/>
    <tag k="subtype" v="road"/>
    <tag k="speed_limit" v="5"/>
    <tag k="location" v="urban"/>
    <tag k="one_way" v="yes"/>
    <tag k="turn_direction" v="left"/>
  </relation>
  <relation id="42029">
    <member type="way" role="left" ref="42026"/>
    <member type="way" role="right" ref="42028"/>
    <tag k="type" v="lanelet"/>
    <tag k="subtype" v="road"/>
    <tag k="speed_limit" v="8"/>
    <tag k="location" v="urban"/>
    <tag k="one_way" v="yes"/>
    <tag k="turn_direction" v="straight"/>
  </relation>
  <relation id="42036">
    <member type="way" role="left" ref="46162"/>
    <member type="way" role="right" ref="46164"/>
    <tag k="type" v="lanelet"/>
    <tag k="subtype" v="road"/>
    <tag k="speed_limit" v="5"/>
    <tag k="location" v="urban"/>
    <tag k="one_way" v="yes"/>
    <tag k="turn_direction" v="left"/>
  </relation>
  <relation id="42039">
    <member type="way" role="left" ref="42037"/>
    <member type="way" role="right" ref="42038"/>
    <tag k="type" v="lanelet"/>
    <tag k="subtype" v="road"/>
    <tag k="speed_limit" v="5"/>
    <tag k="location" v="urban"/>
    <tag k="one_way" v="yes"/>
    <tag k="turn_direction" v="left"/>
  </relation>
  <relation id="42120">
    <member type="way" role="left" ref="42118"/>
    <member type="way" role="right" ref="42119"/>
    <tag k="type" v="lanelet"/>
    <tag k="subtype" v="road"/>
    <tag k="speed_limit" v="5"/>
    <tag k="location" v="urban"/>
    <tag k="one_way" v="yes"/>
    <tag k="turn_direction" v="right"/>
  </relation>
  <relation id="42147">
    <member type="way" role="left" ref="42146"/>
    <member type="way" role="right" ref="42143"/>
    <tag k="type" v="lanelet"/>
    <tag k="subtype" v="road"/>
    <tag k="speed_limit" v="5"/>
    <tag k="location" v="urban"/>
    <tag k="one_way" v="yes"/>
    <tag k="turn_direction" v="straight"/>
  </relation>
  <relation id="42168">
    <member type="way" role="left" ref="42166"/>
    <member type="way" role="right" ref="42167"/>
    <tag k="type" v="lanelet"/>
    <tag k="subtype" v="road"/>
    <tag k="speed_limit" v="5"/>
    <tag k="location" v="urban"/>
    <tag k="one_way" v="yes"/>
    <tag k="turn_direction" v="right"/>
  </relation>
  <relation id="42186">
    <member type="way" role="left" ref="42192"/>
    <member type="way" role="right" ref="42193"/>
    <tag k="type" v="lanelet"/>
    <tag k="subtype" v="road"/>
    <tag k="speed_limit" v="5"/>
    <tag k="location" v="urban"/>
    <tag k="one_way" v="yes"/>
    <tag k="turn_direction" v="left"/>
  </relation>
  <relation id="42196">
    <member type="way" role="left" ref="42194"/>
    <member type="way" role="right" ref="42195"/>
    <tag k="type" v="lanelet"/>
    <tag k="subtype" v="road"/>
    <tag k="speed_limit" v="5"/>
    <tag k="location" v="urban"/>
    <tag k="one_way" v="yes"/>
    <tag k="turn_direction" v="right"/>
  </relation>
  <relation id="42244">
    <member type="way" role="left" ref="42242"/>
    <member type="way" role="right" ref="42243"/>
    <tag k="type" v="lanelet"/>
    <tag k="subtype" v="road"/>
    <tag k="speed_limit" v="5"/>
    <tag k="location" v="urban"/>
    <tag k="one_way" v="yes"/>
    <tag k="turn_direction" v="right"/>
  </relation>
  <relation id="42251">
    <member type="way" role="left" ref="42248"/>
    <member type="way" role="right" ref="42250"/>
    <tag k="type" v="lanelet"/>
    <tag k="subtype" v="road"/>
    <tag k="speed_limit" v="5"/>
    <tag k="location" v="urban"/>
    <tag k="one_way" v="yes"/>
    <tag k="turn_direction" v="right"/>
  </relation>
  <relation id="42331">
    <member type="way" role="left" ref="42329"/>
    <member type="way" role="right" ref="42330"/>
    <tag k="type" v="lanelet"/>
    <tag k="subtype" v="road"/>
    <tag k="speed_limit" v="8"/>
    <tag k="location" v="urban"/>
    <tag k="one_way" v="yes"/>
    <tag k="turn_direction" v="straight"/>
  </relation>
  <relation id="42584">
    <member type="way" role="left" ref="42581"/>
    <member type="way" role="right" ref="42583"/>
    <tag k="type" v="lanelet"/>
    <tag k="subtype" v="road"/>
    <tag k="speed_limit" v="8"/>
    <tag k="location" v="urban"/>
    <tag k="one_way" v="yes"/>
  </relation>
  <relation id="42596">
    <member type="way" role="left" ref="42593"/>
    <member type="way" role="right" ref="42595"/>
    <tag k="type" v="lanelet"/>
    <tag k="subtype" v="road"/>
    <tag k="speed_limit" v="5"/>
    <tag k="location" v="urban"/>
    <tag k="one_way" v="yes"/>
    <tag k="turn_direction" v="right"/>
  </relation>
  <relation id="42609">
    <member type="way" role="left" ref="42607"/>
    <member type="way" role="right" ref="42608"/>
    <tag k="type" v="lanelet"/>
    <tag k="subtype" v="road"/>
    <tag k="speed_limit" v="8"/>
    <tag k="location" v="urban"/>
    <tag k="one_way" v="yes"/>
  </relation>
  <relation id="42623">
    <member type="way" role="left" ref="42626"/>
    <member type="way" role="right" ref="42628"/>
    <tag k="type" v="lanelet"/>
    <tag k="subtype" v="road"/>
    <tag k="speed_limit" v="8"/>
    <tag k="location" v="urban"/>
    <tag k="one_way" v="yes"/>
    <tag k="turn_direction" v="straight"/>
  </relation>
  <relation id="42633">
    <member type="way" role="left" ref="42631"/>
    <member type="way" role="right" ref="42632"/>
    <tag k="type" v="lanelet"/>
    <tag k="subtype" v="road"/>
    <tag k="speed_limit" v="8"/>
    <tag k="location" v="urban"/>
    <tag k="one_way" v="yes"/>
    <tag k="turn_direction" v="straight"/>
  </relation>
  <relation id="42845">
    <member type="way" role="left" ref="42842"/>
    <member type="way" role="right" ref="42844"/>
    <tag k="type" v="lanelet"/>
    <tag k="subtype" v="road"/>
    <tag k="speed_limit" v="8"/>
    <tag k="location" v="urban"/>
    <tag k="one_way" v="yes"/>
    <tag k="turn_direction" v="straight"/>
  </relation>
  <relation id="42852">
    <member type="way" role="left" ref="42849"/>
    <member type="way" role="right" ref="42851"/>
    <tag k="type" v="lanelet"/>
    <tag k="subtype" v="road"/>
    <tag k="speed_limit" v="8"/>
    <tag k="location" v="urban"/>
    <tag k="one_way" v="yes"/>
    <tag k="turn_direction" v="straight"/>
  </relation>
  <relation id="42866">
    <member type="way" role="left" ref="48216"/>
    <member type="way" role="right" ref="48218"/>
    <tag k="type" v="lanelet"/>
    <tag k="subtype" v="road"/>
    <tag k="speed_limit" v="8"/>
    <tag k="location" v="urban"/>
    <tag k="one_way" v="yes"/>
    <tag k="turn_direction" v="straight"/>
  </relation>
  <relation id="43018">
    <member type="way" role="left" ref="43016"/>
    <member type="way" role="right" ref="43017"/>
    <tag k="type" v="lanelet"/>
    <tag k="subtype" v="road"/>
    <tag k="speed_limit" v="8"/>
    <tag k="location" v="urban"/>
    <tag k="one_way" v="yes"/>
    <tag k="turn_direction" v="straight"/>
  </relation>
  <relation id="43235">
    <member type="way" role="left" ref="43233"/>
    <member type="way" role="right" ref="43234"/>
    <tag k="type" v="lanelet"/>
    <tag k="subtype" v="road"/>
    <tag k="speed_limit" v="8"/>
    <tag k="location" v="urban"/>
    <tag k="one_way" v="yes"/>
    <tag k="turn_direction" v="left"/>
  </relation>
  <relation id="43242">
    <member type="way" role="left" ref="43241"/>
    <member type="way" role="right" ref="43238"/>
    <tag k="type" v="lanelet"/>
    <tag k="subtype" v="road"/>
    <tag k="speed_limit" v="8"/>
    <tag k="location" v="urban"/>
    <tag k="one_way" v="yes"/>
    <tag k="turn_direction" v="left"/>
  </relation>
  <relation id="43252">
    <member type="way" role="left" ref="43250"/>
    <member type="way" role="right" ref="43251"/>
    <tag k="type" v="lanelet"/>
    <tag k="subtype" v="road"/>
    <tag k="speed_limit" v="8"/>
    <tag k="location" v="urban"/>
    <tag k="one_way" v="yes"/>
    <tag k="turn_direction" v="left"/>
  </relation>
  <relation id="43255">
    <member type="way" role="left" ref="43253"/>
    <member type="way" role="right" ref="43254"/>
    <tag k="type" v="lanelet"/>
    <tag k="subtype" v="road"/>
    <tag k="speed_limit" v="8"/>
    <tag k="location" v="urban"/>
    <tag k="one_way" v="yes"/>
    <tag k="turn_direction" v="right"/>
  </relation>
  <relation id="43262">
    <member type="way" role="left" ref="43259"/>
    <member type="way" role="right" ref="43261"/>
    <tag k="type" v="lanelet"/>
    <tag k="subtype" v="road"/>
    <tag k="speed_limit" v="8"/>
    <tag k="location" v="urban"/>
    <tag k="one_way" v="yes"/>
    <tag k="turn_direction" v="right"/>
  </relation>
  <relation id="43289">
    <member type="way" role="left" ref="43287"/>
    <member type="way" role="right" ref="43288"/>
    <tag k="type" v="lanelet"/>
    <tag k="subtype" v="road"/>
    <tag k="speed_limit" v="8"/>
    <tag k="location" v="urban"/>
    <tag k="one_way" v="yes"/>
    <tag k="turn_direction" v="straight"/>
  </relation>
  <relation id="43292">
    <member type="way" role="left" ref="43290"/>
    <member type="way" role="right" ref="43291"/>
    <tag k="type" v="lanelet"/>
    <tag k="subtype" v="road"/>
    <tag k="speed_limit" v="8"/>
    <tag k="location" v="urban"/>
    <tag k="one_way" v="yes"/>
    <tag k="turn_direction" v="straight"/>
  </relation>
  <relation id="43353">
    <member type="way" role="left" ref="43351"/>
    <member type="way" role="right" ref="43352"/>
    <tag k="type" v="lanelet"/>
    <tag k="subtype" v="road"/>
    <tag k="speed_limit" v="8"/>
    <tag k="location" v="urban"/>
    <tag k="one_way" v="yes"/>
    <tag k="turn_direction" v="straight"/>
  </relation>
  <relation id="43395">
    <member type="way" role="left" ref="43393"/>
    <member type="way" role="right" ref="43394"/>
    <tag k="type" v="lanelet"/>
    <tag k="subtype" v="road"/>
    <tag k="speed_limit" v="8"/>
    <tag k="location" v="urban"/>
    <tag k="one_way" v="yes"/>
    <tag k="turn_direction" v="straight"/>
  </relation>
  <relation id="43748">
    <member type="way" role="left" ref="45525"/>
    <member type="way" role="right" ref="45526"/>
    <tag k="type" v="lanelet"/>
    <tag k="subtype" v="road"/>
    <tag k="speed_limit" v="8"/>
    <tag k="location" v="urban"/>
    <tag k="one_way" v="yes"/>
    <tag k="turn_direction" v="straight"/>
  </relation>
  <relation id="43821">
    <member type="way" role="left" ref="43825"/>
    <member type="way" role="right" ref="43826"/>
    <tag k="type" v="lanelet"/>
    <tag k="subtype" v="road"/>
    <tag k="speed_limit" v="8"/>
    <tag k="location" v="urban"/>
    <tag k="one_way" v="no"/>
    <tag k="turn_direction" v="straight"/>
  </relation>
  <relation id="43833">
    <member type="way" role="left" ref="43844"/>
    <member type="way" role="right" ref="43845"/>
    <tag k="type" v="lanelet"/>
    <tag k="subtype" v="road"/>
    <tag k="speed_limit" v="8"/>
    <tag k="location" v="urban"/>
    <tag k="one_way" v="yes"/>
    <tag k="turn_direction" v="straight"/>
  </relation>
  <relation id="43840">
    <member type="way" role="left" ref="43837"/>
    <member type="way" role="right" ref="43839"/>
    <tag k="type" v="lanelet"/>
    <tag k="subtype" v="road"/>
    <tag k="speed_limit" v="5"/>
    <tag k="location" v="urban"/>
    <tag k="one_way" v="yes"/>
    <tag k="turn_direction" v="left"/>
  </relation>
  <relation id="43852">
    <member type="way" role="left" ref="43849"/>
    <member type="way" role="right" ref="43851"/>
    <tag k="type" v="lanelet"/>
    <tag k="subtype" v="road"/>
    <tag k="speed_limit" v="8"/>
    <tag k="location" v="urban"/>
    <tag k="one_way" v="yes"/>
    <tag k="turn_direction" v="straight"/>
  </relation>
  <relation id="43872">
    <member type="way" role="left" ref="43870"/>
    <member type="way" role="right" ref="43871"/>
    <tag k="type" v="lanelet"/>
    <tag k="subtype" v="road"/>
    <tag k="speed_limit" v="8"/>
    <tag k="location" v="urban"/>
    <tag k="one_way" v="yes"/>
    <tag k="turn_direction" v="straight"/>
  </relation>
  <relation id="43891">
    <member type="way" role="left" ref="43888"/>
    <member type="way" role="right" ref="43890"/>
    <tag k="type" v="lanelet"/>
    <tag k="subtype" v="road"/>
    <tag k="speed_limit" v="6"/>
    <tag k="location" v="urban"/>
    <tag k="one_way" v="yes"/>
    <tag k="turn_direction" v="right"/>
  </relation>
  <relation id="43894">
    <member type="way" role="left" ref="43892"/>
    <member type="way" role="right" ref="43893"/>
    <tag k="type" v="lanelet"/>
    <tag k="subtype" v="road"/>
    <tag k="speed_limit" v="5"/>
    <tag k="location" v="urban"/>
    <tag k="one_way" v="yes"/>
    <tag k="turn_direction" v="right"/>
  </relation>
  <relation id="43949">
    <member type="way" role="left" ref="44343"/>
    <member type="way" role="right" ref="44345"/>
    <tag k="type" v="lanelet"/>
    <tag k="subtype" v="road"/>
    <tag k="speed_limit" v="5"/>
    <tag k="location" v="urban"/>
    <tag k="one_way" v="yes"/>
    <tag k="turn_direction" v="right"/>
  </relation>
  <relation id="44182">
    <member type="way" role="left" ref="44181"/>
    <member type="way" role="right" ref="44178"/>
    <tag k="type" v="lanelet"/>
    <tag k="subtype" v="road"/>
    <tag k="speed_limit" v="8"/>
    <tag k="location" v="urban"/>
    <tag k="one_way" v="yes"/>
    <tag k="turn_direction" v="straight"/>
  </relation>
  <relation id="44254">
    <member type="way" role="left" ref="44252"/>
    <member type="way" role="right" ref="44253"/>
    <tag k="type" v="lanelet"/>
    <tag k="subtype" v="road"/>
    <tag k="speed_limit" v="10"/>
    <tag k="location" v="urban"/>
    <tag k="one_way" v="yes"/>
  </relation>
  <relation id="44268">
    <member type="way" role="left" ref="44281"/>
    <member type="way" role="right" ref="44283"/>
    <tag k="type" v="lanelet"/>
    <tag k="subtype" v="road"/>
    <tag k="speed_limit" v="8"/>
    <tag k="location" v="urban"/>
    <tag k="one_way" v="yes"/>
    <tag k="turn_direction" v="straight"/>
  </relation>
  <relation id="44271">
    <member type="way" role="left" ref="44269"/>
    <member type="way" role="right" ref="44270"/>
    <tag k="type" v="lanelet"/>
    <tag k="subtype" v="road"/>
    <tag k="speed_limit" v="10"/>
    <tag k="location" v="urban"/>
    <tag k="one_way" v="yes"/>
  </relation>
  <relation id="44307">
    <member type="way" role="left" ref="44313"/>
    <member type="way" role="right" ref="44314"/>
    <tag k="type" v="lanelet"/>
    <tag k="subtype" v="road"/>
    <tag k="speed_limit" v="5"/>
    <tag k="location" v="urban"/>
    <tag k="one_way" v="yes"/>
    <tag k="turn_direction" v="right"/>
  </relation>
  <relation id="44321">
    <member type="way" role="left" ref="44318"/>
    <member type="way" role="right" ref="44320"/>
    <tag k="type" v="lanelet"/>
    <tag k="subtype" v="road"/>
    <tag k="speed_limit" v="8"/>
    <tag k="location" v="urban"/>
    <tag k="one_way" v="yes"/>
    <tag k="turn_direction" v="left"/>
  </relation>
  <relation id="44328">
    <member type="way" role="left" ref="44325"/>
    <member type="way" role="right" ref="44327"/>
    <tag k="type" v="lanelet"/>
    <tag k="subtype" v="road"/>
    <tag k="speed_limit" v="5"/>
    <tag k="location" v="urban"/>
    <tag k="one_way" v="yes"/>
    <tag k="turn_direction" v="left"/>
  </relation>
  <relation id="44340">
    <member type="way" role="left" ref="44337"/>
    <member type="way" role="right" ref="44339"/>
    <tag k="type" v="lanelet"/>
    <tag k="subtype" v="road"/>
    <tag k="speed_limit" v="5"/>
    <tag k="location" v="urban"/>
    <tag k="one_way" v="yes"/>
    <tag k="turn_direction" v="right"/>
  </relation>
  <relation id="44347">
    <member type="way" role="left" ref="44344"/>
    <member type="way" role="right" ref="44346"/>
    <tag k="type" v="lanelet"/>
    <tag k="subtype" v="road"/>
    <tag k="speed_limit" v="5"/>
    <tag k="location" v="urban"/>
    <tag k="one_way" v="yes"/>
    <tag k="turn_direction" v="right"/>
  </relation>
  <relation id="44375">
    <member type="way" role="left" ref="46560"/>
    <member type="way" role="right" ref="46561"/>
    <tag k="type" v="lanelet"/>
    <tag k="subtype" v="road"/>
    <tag k="speed_limit" v="5"/>
    <tag k="location" v="urban"/>
    <tag k="one_way" v="yes"/>
    <tag k="turn_direction" v="left"/>
  </relation>
  <relation id="44399">
    <member type="way" role="left" ref="44397"/>
    <member type="way" role="right" ref="44398"/>
    <tag k="type" v="lanelet"/>
    <tag k="subtype" v="road"/>
    <tag k="speed_limit" v="8"/>
    <tag k="location" v="urban"/>
    <tag k="one_way" v="yes"/>
    <tag k="turn_direction" v="straight"/>
  </relation>
  <relation id="44454">
    <member type="way" role="left" ref="44451"/>
    <member type="way" role="right" ref="44453"/>
    <tag k="type" v="lanelet"/>
    <tag k="subtype" v="road"/>
    <tag k="speed_limit" v="8"/>
    <tag k="location" v="urban"/>
    <tag k="one_way" v="yes"/>
    <tag k="turn_direction" v="straight"/>
  </relation>
  <relation id="44469">
    <member type="way" role="left" ref="44472"/>
    <member type="way" role="right" ref="44474"/>
    <tag k="type" v="lanelet"/>
    <tag k="subtype" v="road"/>
    <tag k="speed_limit" v="8"/>
    <tag k="location" v="urban"/>
    <tag k="one_way" v="yes"/>
    <tag k="turn_direction" v="right"/>
  </relation>
  <relation id="44476">
    <member type="way" role="left" ref="44473"/>
    <member type="way" role="right" ref="44475"/>
    <tag k="type" v="lanelet"/>
    <tag k="subtype" v="road"/>
    <tag k="speed_limit" v="8"/>
    <tag k="location" v="urban"/>
    <tag k="one_way" v="yes"/>
    <tag k="turn_direction" v="right"/>
  </relation>
  <relation id="44490">
    <member type="way" role="left" ref="44487"/>
    <member type="way" role="right" ref="44489"/>
    <tag k="type" v="lanelet"/>
    <tag k="subtype" v="road"/>
    <tag k="speed_limit" v="5"/>
    <tag k="location" v="urban"/>
    <tag k="one_way" v="yes"/>
    <tag k="turn_direction" v="left"/>
  </relation>
  <relation id="44509">
    <member type="way" role="left" ref="44507"/>
    <member type="way" role="right" ref="44508"/>
    <tag k="type" v="lanelet"/>
    <tag k="subtype" v="road"/>
    <tag k="speed_limit" v="5"/>
    <tag k="location" v="urban"/>
    <tag k="one_way" v="yes"/>
    <tag k="turn_direction" v="left"/>
  </relation>
  <relation id="44537">
    <member type="way" role="left" ref="44536"/>
    <member type="way" role="right" ref="44533"/>
    <tag k="type" v="lanelet"/>
    <tag k="subtype" v="road"/>
    <tag k="speed_limit" v="5"/>
    <tag k="location" v="urban"/>
    <tag k="one_way" v="yes"/>
    <tag k="turn_direction" v="right"/>
  </relation>
  <relation id="44546">
    <member type="way" role="left" ref="44544"/>
    <member type="way" role="right" ref="44545"/>
    <tag k="type" v="lanelet"/>
    <tag k="subtype" v="road"/>
    <tag k="speed_limit" v="5"/>
    <tag k="location" v="urban"/>
    <tag k="one_way" v="yes"/>
    <tag k="turn_direction" v="right"/>
  </relation>
  <relation id="44561">
    <member type="way" role="left" ref="44559"/>
    <member type="way" role="right" ref="44560"/>
    <tag k="type" v="lanelet"/>
    <tag k="subtype" v="road"/>
    <tag k="speed_limit" v="5"/>
    <tag k="location" v="urban"/>
    <tag k="one_way" v="yes"/>
    <tag k="turn_direction" v="right"/>
  </relation>
  <relation id="44568">
    <member type="way" role="left" ref="44671"/>
    <member type="way" role="right" ref="44672"/>
    <tag k="type" v="lanelet"/>
    <tag k="subtype" v="road"/>
    <tag k="speed_limit" v="8"/>
    <tag k="location" v="urban"/>
    <tag k="one_way" v="yes"/>
    <tag k="turn_direction" v="straight"/>
  </relation>
  <relation id="44575">
    <member type="way" role="left" ref="44574"/>
    <member type="way" role="right" ref="44571"/>
    <tag k="type" v="lanelet"/>
    <tag k="subtype" v="road"/>
    <tag k="speed_limit" v="5"/>
    <tag k="location" v="urban"/>
    <tag k="one_way" v="yes"/>
    <tag k="turn_direction" v="right"/>
  </relation>
  <relation id="44594">
    <member type="way" role="left" ref="44592"/>
    <member type="way" role="right" ref="44593"/>
    <tag k="type" v="lanelet"/>
    <tag k="subtype" v="road"/>
    <tag k="speed_limit" v="5"/>
    <tag k="location" v="urban"/>
    <tag k="one_way" v="yes"/>
    <tag k="turn_direction" v="right"/>
  </relation>
  <relation id="44609">
    <member type="way" role="left" ref="44607"/>
    <member type="way" role="right" ref="44608"/>
    <tag k="type" v="lanelet"/>
    <tag k="subtype" v="road"/>
    <tag k="speed_limit" v="5"/>
    <tag k="location" v="urban"/>
    <tag k="one_way" v="yes"/>
    <tag k="turn_direction" v="right"/>
  </relation>
  <relation id="44670">
    <member type="way" role="left" ref="44667"/>
    <member type="way" role="right" ref="44669"/>
    <tag k="type" v="lanelet"/>
    <tag k="subtype" v="road"/>
    <tag k="speed_limit" v="8"/>
    <tag k="location" v="urban"/>
    <tag k="one_way" v="yes"/>
    <tag k="turn_direction" v="straight"/>
  </relation>
  <relation id="44698">
    <member type="way" role="left" ref="44696"/>
    <member type="way" role="right" ref="44697"/>
    <tag k="type" v="lanelet"/>
    <tag k="subtype" v="road"/>
    <tag k="speed_limit" v="5"/>
    <tag k="location" v="urban"/>
    <tag k="one_way" v="yes"/>
    <tag k="turn_direction" v="right"/>
  </relation>
  <relation id="44734">
    <member type="way" role="left" ref="44732"/>
    <member type="way" role="right" ref="44733"/>
    <tag k="type" v="lanelet"/>
    <tag k="subtype" v="road"/>
    <tag k="speed_limit" v="8"/>
    <tag k="location" v="urban"/>
    <tag k="one_way" v="yes"/>
    <tag k="turn_direction" v="straight"/>
  </relation>
  <relation id="44852">
    <member type="way" role="left" ref="44849"/>
    <member type="way" role="right" ref="44851"/>
    <tag k="type" v="lanelet"/>
    <tag k="subtype" v="road"/>
    <tag k="speed_limit" v="5"/>
    <tag k="location" v="urban"/>
    <tag k="one_way" v="yes"/>
    <tag k="turn_direction" v="left"/>
  </relation>
  <relation id="44896">
    <member type="way" role="left" ref="44892"/>
    <member type="way" role="right" ref="44893"/>
    <tag k="type" v="lanelet"/>
    <tag k="subtype" v="road"/>
    <tag k="speed_limit" v="3"/>
    <tag k="location" v="urban"/>
    <tag k="one_way" v="yes"/>
    <tag k="turn_direction" v="left"/>
  </relation>
  <relation id="44897">
    <member type="way" role="left" ref="44894"/>
    <member type="way" role="right" ref="44895"/>
    <tag k="type" v="lanelet"/>
    <tag k="subtype" v="road"/>
    <tag k="speed_limit" v="3"/>
    <tag k="location" v="urban"/>
    <tag k="one_way" v="yes"/>
    <tag k="turn_direction" v="left"/>
  </relation>
  <relation id="44904">
    <member type="way" role="left" ref="44901"/>
    <member type="way" role="right" ref="44903"/>
    <tag k="type" v="lanelet"/>
    <tag k="subtype" v="road"/>
    <tag k="speed_limit" v="8"/>
    <tag k="location" v="urban"/>
    <tag k="one_way" v="yes"/>
    <tag k="turn_direction" v="straight"/>
  </relation>
  <relation id="44920">
    <member type="way" role="left" ref="44918"/>
    <member type="way" role="right" ref="44919"/>
    <tag k="type" v="lanelet"/>
    <tag k="subtype" v="road"/>
    <tag k="speed_limit" v="4"/>
    <tag k="location" v="urban"/>
    <tag k="one_way" v="yes"/>
    <tag k="turn_direction" v="left"/>
  </relation>
  <relation id="44929">
    <member type="way" role="left" ref="44927"/>
    <member type="way" role="right" ref="44928"/>
    <tag k="type" v="lanelet"/>
    <tag k="subtype" v="road"/>
    <tag k="speed_limit" v="8"/>
    <tag k="location" v="urban"/>
    <tag k="one_way" v="yes"/>
  </relation>
  <relation id="44986">
    <member type="way" role="left" ref="44983"/>
    <member type="way" role="right" ref="44985"/>
    <tag k="type" v="lanelet"/>
    <tag k="subtype" v="road"/>
    <tag k="speed_limit" v="8"/>
    <tag k="location" v="urban"/>
    <tag k="one_way" v="yes"/>
    <tag k="turn_direction" v="straight"/>
  </relation>
  <relation id="45002">
    <member type="way" role="left" ref="45036"/>
    <member type="way" role="right" ref="45037"/>
    <tag k="type" v="lanelet"/>
    <tag k="subtype" v="road"/>
    <tag k="speed_limit" v="10"/>
    <tag k="location" v="urban"/>
    <tag k="one_way" v="yes"/>
    <tag k="turn_direction" v="left"/>
  </relation>
  <relation id="45019">
    <member type="way" role="left" ref="45016"/>
    <member type="way" role="right" ref="45018"/>
    <tag k="type" v="lanelet"/>
    <tag k="subtype" v="road"/>
    <tag k="speed_limit" v="8"/>
    <tag k="location" v="urban"/>
    <tag k="one_way" v="yes"/>
    <tag k="turn_direction" v="straight"/>
  </relation>
  <relation id="45033">
    <member type="way" role="left" ref="45030"/>
    <member type="way" role="right" ref="45032"/>
    <tag k="type" v="lanelet"/>
    <tag k="subtype" v="road"/>
    <tag k="speed_limit" v="8"/>
    <tag k="location" v="urban"/>
    <tag k="one_way" v="yes"/>
    <tag k="turn_direction" v="straight"/>
  </relation>
  <relation id="45084">
    <member type="way" role="left" ref="45280"/>
    <member type="way" role="right" ref="45282"/>
    <tag k="type" v="lanelet"/>
    <tag k="subtype" v="road"/>
    <tag k="speed_limit" v="8"/>
    <tag k="location" v="urban"/>
    <tag k="one_way" v="yes"/>
  </relation>
  <relation id="45116">
    <member type="way" role="left" ref="45114"/>
    <member type="way" role="right" ref="45115"/>
    <tag k="type" v="lanelet"/>
    <tag k="subtype" v="road"/>
    <tag k="speed_limit" v="3"/>
    <tag k="location" v="urban"/>
    <tag k="one_way" v="yes"/>
    <tag k="turn_direction" v="right"/>
  </relation>
  <relation id="45119">
    <member type="way" role="left" ref="45117"/>
    <member type="way" role="right" ref="45118"/>
    <tag k="type" v="lanelet"/>
    <tag k="subtype" v="road"/>
    <tag k="speed_limit" v="3"/>
    <tag k="location" v="urban"/>
    <tag k="one_way" v="yes"/>
    <tag k="turn_direction" v="right"/>
  </relation>
  <relation id="45122">
    <member type="way" role="left" ref="45120"/>
    <member type="way" role="right" ref="45121"/>
    <tag k="type" v="lanelet"/>
    <tag k="subtype" v="road"/>
    <tag k="speed_limit" v="3"/>
    <tag k="location" v="urban"/>
    <tag k="one_way" v="yes"/>
  </relation>
  <relation id="45193">
    <member type="way" role="left" ref="45190"/>
    <member type="way" role="right" ref="45192"/>
    <tag k="type" v="lanelet"/>
    <tag k="subtype" v="road"/>
    <tag k="speed_limit" v="3"/>
    <tag k="location" v="urban"/>
    <tag k="one_way" v="yes"/>
    <tag k="turn_direction" v="right"/>
  </relation>
  <relation id="45196">
    <member type="way" role="left" ref="45194"/>
    <member type="way" role="right" ref="45195"/>
    <tag k="type" v="lanelet"/>
    <tag k="subtype" v="road"/>
    <tag k="speed_limit" v="8"/>
    <tag k="location" v="urban"/>
    <tag k="one_way" v="yes"/>
    <tag k="turn_direction" v="straight"/>
  </relation>
  <relation id="45199">
    <member type="way" role="left" ref="45197"/>
    <member type="way" role="right" ref="45198"/>
    <tag k="type" v="lanelet"/>
    <tag k="subtype" v="road"/>
    <tag k="speed_limit" v="8"/>
    <tag k="location" v="urban"/>
    <tag k="one_way" v="yes"/>
    <tag k="turn_direction" v="straight"/>
  </relation>
  <relation id="45215">
    <member type="way" role="left" ref="45216"/>
    <member type="way" role="right" ref="45217"/>
    <tag k="type" v="lanelet"/>
    <tag k="subtype" v="road"/>
    <tag k="speed_limit" v="5"/>
    <tag k="location" v="urban"/>
    <tag k="one_way" v="yes"/>
    <tag k="turn_direction" v="right"/>
  </relation>
  <relation id="45238">
    <member type="way" role="left" ref="45236"/>
    <member type="way" role="right" ref="45237"/>
    <tag k="type" v="lanelet"/>
    <tag k="subtype" v="road"/>
    <tag k="speed_limit" v="5"/>
    <tag k="location" v="urban"/>
    <tag k="one_way" v="yes"/>
    <tag k="turn_direction" v="right"/>
  </relation>
  <relation id="45265">
    <member type="way" role="left" ref="45263"/>
    <member type="way" role="right" ref="45264"/>
    <tag k="type" v="lanelet"/>
    <tag k="subtype" v="road"/>
    <tag k="speed_limit" v="3"/>
    <tag k="location" v="urban"/>
    <tag k="one_way" v="yes"/>
    <tag k="turn_direction" v="right"/>
  </relation>
  <relation id="45274">
    <member type="way" role="left" ref="45271"/>
    <member type="way" role="right" ref="45273"/>
    <tag k="type" v="lanelet"/>
    <tag k="subtype" v="road"/>
    <tag k="speed_limit" v="8"/>
    <tag k="location" v="urban"/>
    <tag k="one_way" v="yes"/>
    <tag k="turn_direction" v="straight"/>
  </relation>
  <relation id="45277">
    <member type="way" role="left" ref="45275"/>
    <member type="way" role="right" ref="45276"/>
    <tag k="type" v="lanelet"/>
    <tag k="subtype" v="road"/>
    <tag k="speed_limit" v="3"/>
    <tag k="location" v="urban"/>
    <tag k="one_way" v="yes"/>
    <tag k="turn_direction" v="right"/>
  </relation>
  <relation id="45284">
    <member type="way" role="left" ref="45281"/>
    <member type="way" role="right" ref="45283"/>
    <tag k="type" v="lanelet"/>
    <tag k="subtype" v="road"/>
    <tag k="speed_limit" v="8"/>
    <tag k="location" v="urban"/>
    <tag k="one_way" v="yes"/>
  </relation>
  <relation id="45287">
    <member type="way" role="left" ref="45285"/>
    <member type="way" role="right" ref="45286"/>
    <tag k="type" v="lanelet"/>
    <tag k="subtype" v="road"/>
    <tag k="speed_limit" v="3"/>
    <tag k="location" v="urban"/>
    <tag k="one_way" v="yes"/>
    <tag k="turn_direction" v="left"/>
  </relation>
  <relation id="45352">
    <member type="way" role="left" ref="45349"/>
    <member type="way" role="right" ref="45351"/>
    <tag k="type" v="lanelet"/>
    <tag k="subtype" v="road"/>
    <tag k="speed_limit" v="8"/>
    <tag k="location" v="urban"/>
    <tag k="one_way" v="yes"/>
    <tag k="turn_direction" v="straight"/>
  </relation>
  <relation id="45359">
    <member type="way" role="left" ref="45456"/>
    <member type="way" role="right" ref="45458"/>
    <tag k="type" v="lanelet"/>
    <tag k="subtype" v="road"/>
    <tag k="speed_limit" v="8"/>
    <tag k="location" v="urban"/>
    <tag k="one_way" v="yes"/>
    <tag k="turn_direction" v="straight"/>
  </relation>
  <relation id="45373">
    <member type="way" role="left" ref="45372"/>
    <member type="way" role="right" ref="45369"/>
    <tag k="type" v="lanelet"/>
    <tag k="subtype" v="road"/>
    <tag k="speed_limit" v="5"/>
    <tag k="location" v="urban"/>
    <tag k="one_way" v="yes"/>
    <tag k="turn_direction" v="left"/>
  </relation>
  <relation id="45390">
    <member type="way" role="left" ref="45388"/>
    <member type="way" role="right" ref="45389"/>
    <tag k="type" v="lanelet"/>
    <tag k="subtype" v="road"/>
    <tag k="speed_limit" v="5"/>
    <tag k="location" v="urban"/>
    <tag k="one_way" v="yes"/>
    <tag k="turn_direction" v="left"/>
  </relation>
  <relation id="45460">
    <member type="way" role="left" ref="45461"/>
    <member type="way" role="right" ref="45462"/>
    <tag k="type" v="lanelet"/>
    <tag k="subtype" v="road"/>
    <tag k="speed_limit" v="8"/>
    <tag k="location" v="urban"/>
    <tag k="one_way" v="yes"/>
    <tag k="turn_direction" v="straight"/>
  </relation>
  <relation id="45554">
    <member type="way" role="left" ref="45654"/>
    <member type="way" role="right" ref="45656"/>
    <tag k="type" v="lanelet"/>
    <tag k="subtype" v="road"/>
    <tag k="speed_limit" v="5"/>
    <tag k="location" v="urban"/>
    <tag k="one_way" v="yes"/>
    <tag k="turn_direction" v="right"/>
  </relation>
  <relation id="45774">
    <member type="way" role="left" ref="45772"/>
    <member type="way" role="right" ref="45773"/>
    <tag k="type" v="lanelet"/>
    <tag k="subtype" v="road"/>
    <tag k="speed_limit" v="8"/>
    <tag k="location" v="urban"/>
    <tag k="one_way" v="yes"/>
    <tag k="turn_direction" v="straight"/>
  </relation>
  <relation id="45866">
    <member type="way" role="left" ref="45867"/>
    <member type="way" role="right" ref="45868"/>
    <tag k="type" v="lanelet"/>
    <tag k="subtype" v="road"/>
    <tag k="speed_limit" v="10"/>
    <tag k="location" v="urban"/>
    <tag k="one_way" v="yes"/>
  </relation>
  <relation id="45878">
    <member type="way" role="left" ref="45891"/>
    <member type="way" role="right" ref="45892"/>
    <tag k="type" v="lanelet"/>
    <tag k="subtype" v="road"/>
    <tag k="speed_limit" v="8"/>
    <tag k="location" v="urban"/>
    <tag k="one_way" v="yes"/>
    <tag k="turn_direction" v="straight"/>
  </relation>
  <relation id="45902">
    <member type="way" role="left" ref="45905"/>
    <member type="way" role="right" ref="45907"/>
    <tag k="type" v="lanelet"/>
    <tag k="subtype" v="road"/>
    <tag k="speed_limit" v="8"/>
    <tag k="location" v="urban"/>
    <tag k="one_way" v="yes"/>
    <tag k="turn_direction" v="straight"/>
  </relation>
  <relation id="46033">
    <member type="way" role="left" ref="46031"/>
    <member type="way" role="right" ref="46032"/>
    <tag k="type" v="lanelet"/>
    <tag k="subtype" v="road"/>
    <tag k="speed_limit" v="5"/>
    <tag k="location" v="urban"/>
    <tag k="one_way" v="yes"/>
    <tag k="turn_direction" v="right"/>
  </relation>
  <relation id="46047">
    <member type="way" role="left" ref="46069"/>
    <member type="way" role="right" ref="46070"/>
    <tag k="type" v="lanelet"/>
    <tag k="subtype" v="road"/>
    <tag k="speed_limit" v="8"/>
    <tag k="location" v="urban"/>
    <tag k="one_way" v="yes"/>
    <tag k="turn_direction" v="left"/>
  </relation>
  <relation id="46094">
    <member type="way" role="left" ref="46091"/>
    <member type="way" role="right" ref="46093"/>
    <tag k="type" v="lanelet"/>
    <tag k="subtype" v="road"/>
    <tag k="speed_limit" v="8"/>
    <tag k="location" v="urban"/>
    <tag k="one_way" v="yes"/>
    <tag k="turn_direction" v="straight"/>
  </relation>
  <relation id="46097">
    <member type="way" role="left" ref="46095"/>
    <member type="way" role="right" ref="46096"/>
    <tag k="type" v="lanelet"/>
    <tag k="subtype" v="road"/>
    <tag k="speed_limit" v="8"/>
    <tag k="location" v="urban"/>
    <tag k="one_way" v="yes"/>
    <tag k="turn_direction" v="straight"/>
  </relation>
  <relation id="46107">
    <member type="way" role="left" ref="46105"/>
    <member type="way" role="right" ref="46106"/>
    <tag k="type" v="lanelet"/>
    <tag k="subtype" v="road"/>
    <tag k="speed_limit" v="8"/>
    <tag k="location" v="urban"/>
    <tag k="one_way" v="yes"/>
    <tag k="turn_direction" v="straight"/>
  </relation>
  <relation id="46188">
    <member type="way" role="left" ref="46186"/>
    <member type="way" role="right" ref="46187"/>
    <tag k="type" v="lanelet"/>
    <tag k="subtype" v="road"/>
    <tag k="speed_limit" v="8"/>
    <tag k="location" v="urban"/>
    <tag k="one_way" v="yes"/>
  </relation>
  <relation id="46200">
    <member type="way" role="left" ref="46198"/>
    <member type="way" role="right" ref="46199"/>
    <tag k="type" v="lanelet"/>
    <tag k="subtype" v="road"/>
    <tag k="speed_limit" v="8"/>
    <tag k="location" v="urban"/>
    <tag k="one_way" v="yes"/>
    <tag k="turn_direction" v="right"/>
  </relation>
  <relation id="46253">
    <member type="way" role="left" ref="46250"/>
    <member type="way" role="right" ref="46252"/>
    <tag k="type" v="lanelet"/>
    <tag k="subtype" v="road"/>
    <tag k="speed_limit" v="8"/>
    <tag k="location" v="urban"/>
    <tag k="one_way" v="yes"/>
    <tag k="turn_direction" v="straight"/>
  </relation>
  <relation id="46290">
    <member type="way" role="left" ref="46288"/>
    <member type="way" role="right" ref="46289"/>
    <tag k="type" v="lanelet"/>
    <tag k="subtype" v="road"/>
    <tag k="speed_limit" v="5"/>
    <tag k="location" v="urban"/>
    <tag k="one_way" v="yes"/>
    <tag k="turn_direction" v="left"/>
  </relation>
  <relation id="46309">
    <member type="way" role="left" ref="46307"/>
    <member type="way" role="right" ref="46308"/>
    <tag k="type" v="lanelet"/>
    <tag k="subtype" v="road"/>
    <tag k="speed_limit" v="5"/>
    <tag k="location" v="urban"/>
    <tag k="one_way" v="yes"/>
    <tag k="turn_direction" v="right"/>
  </relation>
  <relation id="46350">
    <member type="way" role="left" ref="46870"/>
    <member type="way" role="right" ref="46871"/>
    <tag k="type" v="lanelet"/>
    <tag k="subtype" v="road"/>
    <tag k="speed_limit" v="5"/>
    <tag k="location" v="urban"/>
    <tag k="one_way" v="yes"/>
    <tag k="turn_direction" v="right"/>
  </relation>
  <relation id="46373">
    <member type="way" role="left" ref="46371"/>
    <member type="way" role="right" ref="46372"/>
    <tag k="type" v="lanelet"/>
    <tag k="subtype" v="road"/>
    <tag k="speed_limit" v="5"/>
    <tag k="location" v="urban"/>
    <tag k="one_way" v="yes"/>
    <tag k="turn_direction" v="right"/>
  </relation>
  <relation id="46399">
    <member type="way" role="left" ref="46419"/>
    <member type="way" role="right" ref="46420"/>
    <tag k="type" v="lanelet"/>
    <tag k="subtype" v="road"/>
    <tag k="speed_limit" v="5"/>
    <tag k="location" v="urban"/>
    <tag k="one_way" v="yes"/>
    <tag k="turn_direction" v="right"/>
  </relation>
  <relation id="46427">
    <member type="way" role="left" ref="46424"/>
    <member type="way" role="right" ref="46426"/>
    <tag k="type" v="lanelet"/>
    <tag k="subtype" v="road"/>
    <tag k="speed_limit" v="8"/>
    <tag k="location" v="urban"/>
    <tag k="one_way" v="yes"/>
    <tag k="turn_direction" v="straight"/>
  </relation>
  <relation id="46430">
    <member type="way" role="left" ref="46428"/>
    <member type="way" role="right" ref="46429"/>
    <tag k="type" v="lanelet"/>
    <tag k="subtype" v="road"/>
    <tag k="speed_limit" v="8"/>
    <tag k="location" v="urban"/>
    <tag k="one_way" v="yes"/>
    <tag k="turn_direction" v="straight"/>
  </relation>
  <relation id="46449">
    <member type="way" role="left" ref="46447"/>
    <member type="way" role="right" ref="46448"/>
    <tag k="type" v="lanelet"/>
    <tag k="subtype" v="road"/>
    <tag k="speed_limit" v="5"/>
    <tag k="location" v="urban"/>
    <tag k="one_way" v="yes"/>
    <tag k="turn_direction" v="right"/>
  </relation>
  <relation id="46505">
    <member type="way" role="left" ref="46516"/>
    <member type="way" role="right" ref="46517"/>
    <tag k="type" v="lanelet"/>
    <tag k="subtype" v="road"/>
    <tag k="speed_limit" v="8"/>
    <tag k="location" v="urban"/>
    <tag k="one_way" v="yes"/>
    <tag k="turn_direction" v="straight"/>
  </relation>
  <relation id="46520">
    <member type="way" role="left" ref="46518"/>
    <member type="way" role="right" ref="46519"/>
    <tag k="type" v="lanelet"/>
    <tag k="subtype" v="road"/>
    <tag k="speed_limit" v="8"/>
    <tag k="location" v="urban"/>
    <tag k="one_way" v="yes"/>
    <tag k="turn_direction" v="straight"/>
  </relation>
  <relation id="46538">
    <member type="way" role="left" ref="46535"/>
    <member type="way" role="right" ref="46537"/>
    <tag k="type" v="lanelet"/>
    <tag k="subtype" v="road"/>
    <tag k="speed_limit" v="8"/>
    <tag k="location" v="urban"/>
    <tag k="one_way" v="yes"/>
    <tag k="turn_direction" v="straight"/>
  </relation>
  <relation id="46634">
    <member type="way" role="left" ref="46657"/>
    <member type="way" role="right" ref="46659"/>
    <tag k="type" v="lanelet"/>
    <tag k="subtype" v="road"/>
    <tag k="speed_limit" v="5"/>
    <tag k="location" v="urban"/>
    <tag k="one_way" v="yes"/>
    <tag k="turn_direction" v="right"/>
  </relation>
  <relation id="46709">
    <member type="way" role="left" ref="46706"/>
    <member type="way" role="right" ref="46708"/>
    <tag k="type" v="lanelet"/>
    <tag k="subtype" v="road"/>
    <tag k="speed_limit" v="5"/>
    <tag k="location" v="urban"/>
    <tag k="one_way" v="yes"/>
    <tag k="turn_direction" v="right"/>
  </relation>
  <relation id="46751">
    <member type="way" role="left" ref="46749"/>
    <member type="way" role="right" ref="46750"/>
    <tag k="type" v="lanelet"/>
    <tag k="subtype" v="road"/>
    <tag k="speed_limit" v="8"/>
    <tag k="location" v="urban"/>
    <tag k="one_way" v="yes"/>
    <tag k="turn_direction" v="left"/>
  </relation>
  <relation id="46754">
    <member type="way" role="left" ref="46752"/>
    <member type="way" role="right" ref="46753"/>
    <tag k="type" v="lanelet"/>
    <tag k="subtype" v="road"/>
    <tag k="speed_limit" v="8"/>
    <tag k="location" v="urban"/>
    <tag k="one_way" v="yes"/>
    <tag k="turn_direction" v="straight"/>
  </relation>
  <relation id="46761">
    <member type="way" role="left" ref="46758"/>
    <member type="way" role="right" ref="46760"/>
    <tag k="type" v="lanelet"/>
    <tag k="subtype" v="road"/>
    <tag k="speed_limit" v="5"/>
    <tag k="location" v="urban"/>
    <tag k="one_way" v="yes"/>
    <tag k="turn_direction" v="right"/>
  </relation>
  <relation id="46797">
    <member type="way" role="left" ref="46794"/>
    <member type="way" role="right" ref="46796"/>
    <tag k="type" v="lanelet"/>
    <tag k="subtype" v="road"/>
    <tag k="speed_limit" v="8"/>
    <tag k="location" v="urban"/>
    <tag k="one_way" v="yes"/>
    <tag k="turn_direction" v="straight"/>
  </relation>
  <relation id="46819">
    <member type="way" role="left" ref="46817"/>
    <member type="way" role="right" ref="46818"/>
    <tag k="type" v="lanelet"/>
    <tag k="subtype" v="road"/>
    <tag k="speed_limit" v="8"/>
    <tag k="location" v="urban"/>
    <tag k="one_way" v="yes"/>
    <tag k="turn_direction" v="straight"/>
  </relation>
  <relation id="46895">
    <member type="way" role="left" ref="46953"/>
    <member type="way" role="right" ref="46955"/>
    <tag k="type" v="lanelet"/>
    <tag k="subtype" v="road"/>
    <tag k="speed_limit" v="8"/>
    <tag k="location" v="urban"/>
    <tag k="one_way" v="yes"/>
  </relation>
  <relation id="46928">
    <member type="way" role="left" ref="46925"/>
    <member type="way" role="right" ref="46927"/>
    <tag k="type" v="lanelet"/>
    <tag k="subtype" v="road"/>
    <tag k="speed_limit" v="8"/>
    <tag k="location" v="urban"/>
    <tag k="one_way" v="yes"/>
    <tag k="turn_direction" v="straight"/>
  </relation>
  <relation id="46984">
    <member type="way" role="left" ref="47042"/>
    <member type="way" role="right" ref="47044"/>
    <tag k="type" v="lanelet"/>
    <tag k="subtype" v="road"/>
    <tag k="speed_limit" v="8"/>
    <tag k="location" v="urban"/>
    <tag k="one_way" v="yes"/>
    <tag k="turn_direction" v="straight"/>
  </relation>
  <relation id="47083">
    <member type="way" role="left" ref="47081"/>
    <member type="way" role="right" ref="47082"/>
    <tag k="type" v="lanelet"/>
    <tag k="subtype" v="road"/>
    <tag k="speed_limit" v="5"/>
    <tag k="location" v="urban"/>
    <tag k="one_way" v="yes"/>
    <tag k="turn_direction" v="right"/>
  </relation>
  <relation id="47094">
    <member type="way" role="left" ref="47092"/>
    <member type="way" role="right" ref="47093"/>
    <tag k="type" v="lanelet"/>
    <tag k="subtype" v="road"/>
    <tag k="speed_limit" v="5"/>
    <tag k="location" v="urban"/>
    <tag k="one_way" v="yes"/>
    <tag k="turn_direction" v="right"/>
  </relation>
  <relation id="47111">
    <member type="way" role="left" ref="47109"/>
    <member type="way" role="right" ref="47110"/>
    <tag k="type" v="lanelet"/>
    <tag k="subtype" v="road"/>
    <tag k="speed_limit" v="5"/>
    <tag k="location" v="urban"/>
    <tag k="one_way" v="yes"/>
    <tag k="turn_direction" v="left"/>
  </relation>
  <relation id="47114">
    <member type="way" role="left" ref="47112"/>
    <member type="way" role="right" ref="47113"/>
    <tag k="type" v="lanelet"/>
    <tag k="subtype" v="road"/>
    <tag k="speed_limit" v="8"/>
    <tag k="location" v="urban"/>
    <tag k="one_way" v="yes"/>
    <tag k="turn_direction" v="straight"/>
  </relation>
  <relation id="47133">
    <member type="way" role="left" ref="47131"/>
    <member type="way" role="right" ref="47132"/>
    <tag k="type" v="lanelet"/>
    <tag k="subtype" v="road"/>
    <tag k="speed_limit" v="5"/>
    <tag k="location" v="urban"/>
    <tag k="one_way" v="yes"/>
    <tag k="turn_direction" v="left"/>
  </relation>
  <relation id="47144">
    <member type="way" role="left" ref="47142"/>
    <member type="way" role="right" ref="47143"/>
    <tag k="type" v="lanelet"/>
    <tag k="subtype" v="road"/>
    <tag k="speed_limit" v="8"/>
    <tag k="location" v="urban"/>
    <tag k="one_way" v="yes"/>
    <tag k="turn_direction" v="right"/>
  </relation>
  <relation id="47155">
    <member type="way" role="left" ref="47153"/>
    <member type="way" role="right" ref="47154"/>
    <tag k="type" v="lanelet"/>
    <tag k="subtype" v="road"/>
    <tag k="speed_limit" v="5"/>
    <tag k="location" v="urban"/>
    <tag k="one_way" v="yes"/>
    <tag k="turn_direction" v="right"/>
  </relation>
  <relation id="47198">
    <member type="way" role="left" ref="47196"/>
    <member type="way" role="right" ref="47197"/>
    <tag k="type" v="lanelet"/>
    <tag k="subtype" v="road"/>
    <tag k="speed_limit" v="5"/>
    <tag k="location" v="urban"/>
    <tag k="one_way" v="yes"/>
    <tag k="turn_direction" v="left"/>
  </relation>
  <relation id="47285">
    <member type="way" role="left" ref="47283"/>
    <member type="way" role="right" ref="47284"/>
    <tag k="type" v="lanelet"/>
    <tag k="subtype" v="road"/>
    <tag k="speed_limit" v="5"/>
    <tag k="location" v="urban"/>
    <tag k="one_way" v="yes"/>
    <tag k="turn_direction" v="right"/>
  </relation>
  <relation id="47305">
    <member type="way" role="left" ref="47303"/>
    <member type="way" role="right" ref="47304"/>
    <tag k="type" v="lanelet"/>
    <tag k="subtype" v="road"/>
    <tag k="speed_limit" v="5"/>
    <tag k="location" v="urban"/>
    <tag k="one_way" v="yes"/>
    <tag k="turn_direction" v="left"/>
  </relation>
  <relation id="47325">
    <member type="way" role="left" ref="47323"/>
    <member type="way" role="right" ref="47324"/>
    <tag k="type" v="lanelet"/>
    <tag k="subtype" v="road"/>
    <tag k="speed_limit" v="5"/>
    <tag k="location" v="urban"/>
    <tag k="one_way" v="yes"/>
    <tag k="turn_direction" v="right"/>
  </relation>
  <relation id="47338">
    <member type="way" role="left" ref="47336"/>
    <member type="way" role="right" ref="47337"/>
    <tag k="type" v="lanelet"/>
    <tag k="subtype" v="road"/>
    <tag k="speed_limit" v="8"/>
    <tag k="location" v="urban"/>
    <tag k="one_way" v="yes"/>
    <tag k="turn_direction" v="straight"/>
  </relation>
  <relation id="47341">
    <member type="way" role="left" ref="47339"/>
    <member type="way" role="right" ref="47340"/>
    <tag k="type" v="lanelet"/>
    <tag k="subtype" v="road"/>
    <tag k="speed_limit" v="8"/>
    <tag k="location" v="urban"/>
    <tag k="one_way" v="yes"/>
    <tag k="turn_direction" v="straight"/>
  </relation>
  <relation id="47364">
    <member type="way" role="left" ref="47606"/>
    <member type="way" role="right" ref="47608"/>
    <tag k="type" v="lanelet"/>
    <tag k="subtype" v="road"/>
    <tag k="speed_limit" v="8"/>
    <tag k="location" v="urban"/>
    <tag k="one_way" v="yes"/>
    <tag k="turn_direction" v="straight"/>
  </relation>
  <relation id="47367">
    <member type="way" role="left" ref="47365"/>
    <member type="way" role="right" ref="47366"/>
    <tag k="type" v="lanelet"/>
    <tag k="subtype" v="road"/>
    <tag k="speed_limit" v="8"/>
    <tag k="location" v="urban"/>
    <tag k="one_way" v="yes"/>
    <tag k="turn_direction" v="straight"/>
  </relation>
  <relation id="47370">
    <member type="way" role="left" ref="47368"/>
    <member type="way" role="right" ref="47369"/>
    <tag k="type" v="lanelet"/>
    <tag k="subtype" v="road"/>
    <tag k="speed_limit" v="8"/>
    <tag k="location" v="urban"/>
    <tag k="one_way" v="yes"/>
    <tag k="turn_direction" v="straight"/>
  </relation>
  <relation id="47373">
    <member type="way" role="left" ref="47371"/>
    <member type="way" role="right" ref="47372"/>
    <tag k="type" v="lanelet"/>
    <tag k="subtype" v="road"/>
    <tag k="speed_limit" v="8"/>
    <tag k="location" v="urban"/>
    <tag k="one_way" v="yes"/>
    <tag k="turn_direction" v="straight"/>
  </relation>
  <relation id="47429">
    <member type="way" role="left" ref="47427"/>
    <member type="way" role="right" ref="47428"/>
    <tag k="type" v="lanelet"/>
    <tag k="subtype" v="road"/>
    <tag k="speed_limit" v="8"/>
    <tag k="location" v="urban"/>
    <tag k="one_way" v="yes"/>
    <tag k="turn_direction" v="straight"/>
  </relation>
  <relation id="47436">
    <member type="way" role="left" ref="47441"/>
    <member type="way" role="right" ref="47443"/>
    <tag k="type" v="lanelet"/>
    <tag k="subtype" v="road"/>
    <tag k="speed_limit" v="8"/>
    <tag k="location" v="urban"/>
    <tag k="one_way" v="yes"/>
    <tag k="turn_direction" v="left"/>
  </relation>
  <relation id="47445">
    <member type="way" role="left" ref="47442"/>
    <member type="way" role="right" ref="47444"/>
    <tag k="type" v="lanelet"/>
    <tag k="subtype" v="road"/>
    <tag k="speed_limit" v="8"/>
    <tag k="location" v="urban"/>
    <tag k="one_way" v="yes"/>
    <tag k="turn_direction" v="left"/>
  </relation>
  <relation id="47448">
    <member type="way" role="left" ref="47446"/>
    <member type="way" role="right" ref="47447"/>
    <tag k="type" v="lanelet"/>
    <tag k="subtype" v="road"/>
    <tag k="speed_limit" v="8"/>
    <tag k="location" v="urban"/>
    <tag k="one_way" v="yes"/>
    <tag k="turn_direction" v="straight"/>
  </relation>
  <relation id="47451">
    <member type="way" role="left" ref="47449"/>
    <member type="way" role="right" ref="47450"/>
    <tag k="type" v="lanelet"/>
    <tag k="subtype" v="road"/>
    <tag k="speed_limit" v="8"/>
    <tag k="location" v="urban"/>
    <tag k="one_way" v="yes"/>
    <tag k="turn_direction" v="straight"/>
  </relation>
  <relation id="47484">
    <member type="way" role="left" ref="47613"/>
    <member type="way" role="right" ref="47615"/>
    <tag k="type" v="lanelet"/>
    <tag k="subtype" v="road"/>
    <tag k="speed_limit" v="8"/>
    <tag k="location" v="urban"/>
    <tag k="one_way" v="yes"/>
    <tag k="turn_direction" v="straight"/>
  </relation>
  <relation id="47519">
    <member type="way" role="left" ref="47516"/>
    <member type="way" role="right" ref="47518"/>
    <tag k="type" v="lanelet"/>
    <tag k="subtype" v="road"/>
    <tag k="speed_limit" v="8"/>
    <tag k="location" v="urban"/>
    <tag k="one_way" v="yes"/>
    <tag k="turn_direction" v="straight"/>
  </relation>
  <relation id="47532">
    <member type="way" role="left" ref="47565"/>
    <member type="way" role="right" ref="47566"/>
    <tag k="type" v="lanelet"/>
    <tag k="subtype" v="road"/>
    <tag k="speed_limit" v="5"/>
    <tag k="location" v="urban"/>
    <tag k="one_way" v="yes"/>
    <tag k="turn_direction" v="right"/>
  </relation>
  <relation id="47547">
    <member type="way" role="left" ref="47545"/>
    <member type="way" role="right" ref="47546"/>
    <tag k="type" v="lanelet"/>
    <tag k="subtype" v="road"/>
    <tag k="speed_limit" v="5"/>
    <tag k="location" v="urban"/>
    <tag k="one_way" v="yes"/>
    <tag k="turn_direction" v="right"/>
  </relation>
  <relation id="47564">
    <member type="way" role="left" ref="47562"/>
    <member type="way" role="right" ref="47563"/>
    <tag k="type" v="lanelet"/>
    <tag k="subtype" v="road"/>
    <tag k="speed_limit" v="5"/>
    <tag k="location" v="urban"/>
    <tag k="one_way" v="yes"/>
    <tag k="turn_direction" v="right"/>
  </relation>
  <relation id="47587">
    <member type="way" role="left" ref="47585"/>
    <member type="way" role="right" ref="47586"/>
    <tag k="type" v="lanelet"/>
    <tag k="subtype" v="road"/>
    <tag k="speed_limit" v="8"/>
    <tag k="location" v="urban"/>
    <tag k="one_way" v="yes"/>
    <tag k="turn_direction" v="straight"/>
  </relation>
  <relation id="47594">
    <member type="way" role="left" ref="47591"/>
    <member type="way" role="right" ref="47593"/>
    <tag k="type" v="lanelet"/>
    <tag k="subtype" v="road"/>
    <tag k="speed_limit" v="5"/>
    <tag k="location" v="urban"/>
    <tag k="one_way" v="yes"/>
    <tag k="turn_direction" v="right"/>
  </relation>
  <relation id="47603">
    <member type="way" role="left" ref="47601"/>
    <member type="way" role="right" ref="47602"/>
    <tag k="type" v="lanelet"/>
    <tag k="subtype" v="road"/>
    <tag k="speed_limit" v="5"/>
    <tag k="location" v="urban"/>
    <tag k="one_way" v="yes"/>
    <tag k="turn_direction" v="right"/>
  </relation>
  <relation id="47610">
    <member type="way" role="left" ref="47607"/>
    <member type="way" role="right" ref="47609"/>
    <tag k="type" v="lanelet"/>
    <tag k="subtype" v="road"/>
    <tag k="speed_limit" v="8"/>
    <tag k="location" v="urban"/>
    <tag k="one_way" v="yes"/>
    <tag k="turn_direction" v="right"/>
  </relation>
  <relation id="47617">
    <member type="way" role="left" ref="47614"/>
    <member type="way" role="right" ref="47616"/>
    <tag k="type" v="lanelet"/>
    <tag k="subtype" v="road"/>
    <tag k="speed_limit" v="8"/>
    <tag k="location" v="urban"/>
    <tag k="one_way" v="yes"/>
    <tag k="turn_direction" v="right"/>
  </relation>
  <relation id="47624">
    <member type="way" role="left" ref="47622"/>
    <member type="way" role="right" ref="47623"/>
    <tag k="type" v="lanelet"/>
    <tag k="subtype" v="road"/>
    <tag k="speed_limit" v="8"/>
    <tag k="location" v="urban"/>
    <tag k="one_way" v="yes"/>
    <tag k="turn_direction" v="straight"/>
  </relation>
  <relation id="47627">
    <member type="way" role="left" ref="47625"/>
    <member type="way" role="right" ref="47626"/>
    <tag k="type" v="lanelet"/>
    <tag k="subtype" v="road"/>
    <tag k="speed_limit" v="8"/>
    <tag k="location" v="urban"/>
    <tag k="one_way" v="yes"/>
    <tag k="turn_direction" v="straight"/>
  </relation>
  <relation id="47648">
    <member type="way" role="left" ref="47646"/>
    <member type="way" role="right" ref="47647"/>
    <tag k="type" v="lanelet"/>
    <tag k="subtype" v="road"/>
    <tag k="speed_limit" v="5"/>
    <tag k="location" v="urban"/>
    <tag k="one_way" v="yes"/>
    <tag k="turn_direction" v="right"/>
  </relation>
  <relation id="47658">
    <member type="way" role="left" ref="47656"/>
    <member type="way" role="right" ref="47657"/>
    <tag k="type" v="lanelet"/>
    <tag k="subtype" v="road"/>
    <tag k="speed_limit" v="10"/>
    <tag k="location" v="urban"/>
    <tag k="one_way" v="yes"/>
  </relation>
  <relation id="47665">
    <member type="way" role="left" ref="47664"/>
    <member type="way" role="right" ref="47661"/>
    <tag k="type" v="lanelet"/>
    <tag k="subtype" v="road"/>
    <tag k="speed_limit" v="8"/>
    <tag k="location" v="urban"/>
    <tag k="one_way" v="yes"/>
  </relation>
  <relation id="47676">
    <member type="way" role="left" ref="47674"/>
    <member type="way" role="right" ref="47675"/>
    <tag k="type" v="lanelet"/>
    <tag k="subtype" v="road"/>
    <tag k="speed_limit" v="8"/>
    <tag k="location" v="urban"/>
    <tag k="one_way" v="yes"/>
  </relation>
  <relation id="47683">
    <member type="way" role="left" ref="47681"/>
    <member type="way" role="right" ref="47682"/>
    <tag k="type" v="lanelet"/>
    <tag k="subtype" v="road"/>
    <tag k="speed_limit" v="8"/>
    <tag k="location" v="urban"/>
    <tag k="one_way" v="yes"/>
  </relation>
  <relation id="47718">
    <member type="way" role="left" ref="47717"/>
    <member type="way" role="right" ref="47714"/>
    <tag k="type" v="lanelet"/>
    <tag k="subtype" v="road"/>
    <tag k="speed_limit" v="5"/>
    <tag k="location" v="urban"/>
    <tag k="one_way" v="yes"/>
    <tag k="turn_direction" v="right"/>
  </relation>
  <relation id="47743">
    <member type="way" role="left" ref="47741"/>
    <member type="way" role="right" ref="47742"/>
    <tag k="type" v="lanelet"/>
    <tag k="subtype" v="road"/>
    <tag k="speed_limit" v="5"/>
    <tag k="location" v="urban"/>
    <tag k="one_way" v="yes"/>
    <tag k="turn_direction" v="right"/>
  </relation>
  <relation id="47773">
    <member type="way" role="left" ref="47772"/>
    <member type="way" role="right" ref="47769"/>
    <tag k="type" v="lanelet"/>
    <tag k="subtype" v="road"/>
    <tag k="speed_limit" v="8"/>
    <tag k="location" v="urban"/>
    <tag k="one_way" v="yes"/>
    <tag k="turn_direction" v="straight"/>
  </relation>
  <relation id="47780">
    <member type="way" role="left" ref="47848"/>
    <member type="way" role="right" ref="47850"/>
    <tag k="type" v="lanelet"/>
    <tag k="subtype" v="road"/>
    <tag k="speed_limit" v="8"/>
    <tag k="location" v="urban"/>
    <tag k="one_way" v="yes"/>
    <tag k="turn_direction" v="straight"/>
  </relation>
  <relation id="47783">
    <member type="way" role="left" ref="47781"/>
    <member type="way" role="right" ref="47782"/>
    <tag k="type" v="lanelet"/>
    <tag k="subtype" v="road"/>
    <tag k="speed_limit" v="8"/>
    <tag k="location" v="urban"/>
    <tag k="one_way" v="yes"/>
    <tag k="turn_direction" v="straight"/>
  </relation>
  <relation id="47806">
    <member type="way" role="left" ref="47991"/>
    <member type="way" role="right" ref="47993"/>
    <tag k="type" v="lanelet"/>
    <tag k="subtype" v="road"/>
    <tag k="speed_limit" v="5"/>
    <tag k="location" v="urban"/>
    <tag k="one_way" v="yes"/>
    <tag k="turn_direction" v="left"/>
  </relation>
  <relation id="47909">
    <member type="way" role="left" ref="47941"/>
    <member type="way" role="right" ref="47942"/>
    <tag k="type" v="lanelet"/>
    <tag k="subtype" v="road"/>
    <tag k="speed_limit" v="5"/>
    <tag k="location" v="urban"/>
    <tag k="one_way" v="yes"/>
    <tag k="turn_direction" v="right"/>
  </relation>
  <relation id="47995">
    <member type="way" role="left" ref="47992"/>
    <member type="way" role="right" ref="47994"/>
    <tag k="type" v="lanelet"/>
    <tag k="subtype" v="road"/>
    <tag k="speed_limit" v="8"/>
    <tag k="location" v="urban"/>
    <tag k="one_way" v="yes"/>
    <tag k="turn_direction" v="straight"/>
  </relation>
  <relation id="48007">
    <member type="way" role="left" ref="48011"/>
    <member type="way" role="right" ref="48012"/>
    <tag k="type" v="lanelet"/>
    <tag k="subtype" v="road"/>
    <tag k="speed_limit" v="8"/>
    <tag k="location" v="urban"/>
    <tag k="one_way" v="yes"/>
    <tag k="turn_direction" v="straight"/>
  </relation>
  <relation id="48044">
    <member type="way" role="left" ref="48047"/>
    <member type="way" role="right" ref="48049"/>
    <tag k="type" v="lanelet"/>
    <tag k="subtype" v="road"/>
    <tag k="speed_limit" v="8"/>
    <tag k="location" v="urban"/>
    <tag k="one_way" v="yes"/>
    <tag k="turn_direction" v="straight"/>
  </relation>
  <relation id="48058">
    <member type="way" role="left" ref="48055"/>
    <member type="way" role="right" ref="48057"/>
    <tag k="type" v="lanelet"/>
    <tag k="subtype" v="road"/>
    <tag k="speed_limit" v="5"/>
    <tag k="location" v="urban"/>
    <tag k="one_way" v="yes"/>
    <tag k="turn_direction" v="left"/>
  </relation>
  <relation id="48077">
    <member type="way" role="left" ref="48075"/>
    <member type="way" role="right" ref="48076"/>
    <tag k="type" v="lanelet"/>
    <tag k="subtype" v="road"/>
    <tag k="speed_limit" v="5"/>
    <tag k="location" v="urban"/>
    <tag k="one_way" v="yes"/>
    <tag k="turn_direction" v="left"/>
  </relation>
  <relation id="48137">
    <member type="way" role="left" ref="48135"/>
    <member type="way" role="right" ref="48136"/>
    <tag k="type" v="lanelet"/>
    <tag k="subtype" v="road"/>
    <tag k="speed_limit" v="8"/>
    <tag k="location" v="urban"/>
    <tag k="one_way" v="yes"/>
    <tag k="turn_direction" v="straight"/>
  </relation>
  <relation id="48160">
    <member type="way" role="left" ref="48157"/>
    <member type="way" role="right" ref="48159"/>
    <tag k="type" v="lanelet"/>
    <tag k="subtype" v="road"/>
    <tag k="speed_limit" v="8"/>
    <tag k="location" v="urban"/>
    <tag k="one_way" v="yes"/>
    <tag k="turn_direction" v="straight"/>
  </relation>
  <relation id="48171">
    <member type="way" role="left" ref="48169"/>
    <member type="way" role="right" ref="48170"/>
    <tag k="type" v="lanelet"/>
    <tag k="subtype" v="road"/>
    <tag k="speed_limit" v="5"/>
    <tag k="location" v="urban"/>
    <tag k="one_way" v="yes"/>
    <tag k="turn_direction" v="right"/>
  </relation>
  <relation id="48186">
    <member type="way" role="left" ref="48184"/>
    <member type="way" role="right" ref="48185"/>
    <tag k="type" v="lanelet"/>
    <tag k="subtype" v="road"/>
    <tag k="speed_limit" v="5"/>
    <tag k="location" v="urban"/>
    <tag k="one_way" v="yes"/>
    <tag k="turn_direction" v="left"/>
  </relation>
  <relation id="48189">
    <member type="way" role="left" ref="48187"/>
    <member type="way" role="right" ref="48188"/>
    <tag k="type" v="lanelet"/>
    <tag k="subtype" v="road"/>
    <tag k="speed_limit" v="8"/>
    <tag k="location" v="urban"/>
    <tag k="one_way" v="yes"/>
    <tag k="turn_direction" v="straight"/>
  </relation>
  <relation id="48220">
    <member type="way" role="left" ref="48221"/>
    <member type="way" role="right" ref="48222"/>
    <tag k="type" v="lanelet"/>
    <tag k="subtype" v="road"/>
    <tag k="speed_limit" v="8"/>
    <tag k="location" v="urban"/>
    <tag k="one_way" v="yes"/>
    <tag k="turn_direction" v="straight"/>
  </relation>
  <relation id="48243">
    <member type="way" role="left" ref="48241"/>
    <member type="way" role="right" ref="48242"/>
    <tag k="type" v="lanelet"/>
    <tag k="subtype" v="road"/>
    <tag k="speed_limit" v="5"/>
    <tag k="location" v="urban"/>
    <tag k="one_way" v="yes"/>
    <tag k="turn_direction" v="left"/>
  </relation>
</osm>
