<?xml version="1.0" encoding="UTF-8"?>
<osm generator="VMB">
  <MetaInfo format_version="1" map_version="66" validation_version=""/>
  <node id="5" lat="-3.61097101983" lon="59.39618452606">
    <tag k="local_x" v="-487.4342"/>
    <tag k="local_y" v="79.8539"/>
    <tag k="ele" v="1.5005"/>
  </node>
  <node id="8" lat="-3.61095271439" lon="59.39642810795">
    <tag k="local_x" v="-460.3376"/>
    <tag k="local_y" v="81.9888"/>
    <tag k="ele" v="1.5454"/>
  </node>
  <node id="14" lat="-3.61097790951" lon="59.3964295542">
    <tag k="local_x" v="-460.1656"/>
    <tag k="local_y" v="79.199"/>
    <tag k="ele" v="1.5356"/>
  </node>
  <node id="20" lat="-3.61097197986" lon="59.39650584524">
    <tag k="local_x" v="-451.6789"/>
    <tag k="local_y" v="79.8894"/>
    <tag k="ele" v="1.5531"/>
  </node>
  <node id="77" lat="-3.61094665327" lon="59.39650448758">
    <tag k="local_x" v="-451.8411"/>
    <tag k="local_y" v="82.6938"/>
    <tag k="ele" v="1.5629"/>
  </node>
  <node id="79" lat="-3.61094102943" lon="59.39657323395">
    <tag k="local_x" v="-444.1938"/>
    <tag k="local_y" v="83.347"/>
    <tag k="ele" v="1.5472"/>
  </node>
  <node id="80" lat="-3.61093490017" lon="59.39665631077">
    <tag k="local_x" v="-434.9521"/>
    <tag k="local_y" v="84.0625"/>
    <tag k="ele" v="1.5787"/>
  </node>
  <node id="83" lat="-3.61096644022" lon="59.39657396941">
    <tag k="local_x" v="-444.1008"/>
    <tag k="local_y" v="80.533"/>
    <tag k="ele" v="1.5296"/>
  </node>
  <node id="104" lat="-3.61096024601" lon="59.39665841965">
    <tag k="local_x" v="-434.7063"/>
    <tag k="local_y" v="81.2563"/>
    <tag k="ele" v="1.5792"/>
  </node>
  <node id="164" lat="-3.61083096286" lon="59.397960374">
    <tag k="local_x" v="-289.8879"/>
    <tag k="local_y" v="96.1493"/>
    <tag k="ele" v="1.7781"/>
  </node>
  <node id="170" lat="-3.61085624361" lon="59.39796245532">
    <tag k="local_x" v="-289.6452"/>
    <tag k="local_y" v="93.3503"/>
    <tag k="ele" v="1.7848"/>
  </node>
  <node id="172" lat="-3.61099629972" lon="59.3961859477">
    <tag k="local_x" v="-487.2649"/>
    <tag k="local_y" v="77.0547"/>
    <tag k="ele" v="1.4971"/>
  </node>
  <node id="182" lat="-3.61080120939" lon="59.39834577268">
    <tag k="local_x" v="-247.0157"/>
    <tag k="local_y" v="99.6146"/>
    <tag k="ele" v="1.8585"/>
  </node>
  <node id="188" lat="-3.61082639487" lon="59.39834773576">
    <tag k="local_x" v="-246.7862"/>
    <tag k="local_y" v="96.8261"/>
    <tag k="ele" v="1.874"/>
  </node>
  <node id="266" lat="-3.61108947879" lon="59.39886236168">
    <tag k="local_x" v="-189.4057"/>
    <tag k="local_y" v="67.9158"/>
    <tag k="ele" v="1.8596"/>
  </node>
  <node id="272" lat="-3.61109054268" lon="59.39883726109">
    <tag k="local_x" v="-192.1983"/>
    <tag k="local_y" v="67.7869"/>
    <tag k="ele" v="1.8984"/>
  </node>
  <node id="302" lat="-3.61206914495" lon="59.39886084066">
    <tag k="local_x" v="-189.1448"/>
    <tag k="local_y" v="-40.5857"/>
    <tag k="ele" v="1.8418"/>
  </node>
  <node id="312" lat="-3.6120704743" lon="59.39883552242">
    <tag k="local_x" v="-191.9615"/>
    <tag k="local_y" v="-40.7441"/>
    <tag k="ele" v="1.8089"/>
  </node>
  <node id="314" lat="-3.61208075258" lon="59.39886147156">
    <tag k="local_x" v="-189.0695"/>
    <tag k="local_y" v="-41.871"/>
    <tag k="ele" v="1.8336"/>
  </node>
  <node id="318" lat="-3.61217974198" lon="59.39887203126">
    <tag k="local_x" v="-187.851"/>
    <tag k="local_y" v="-52.8297"/>
    <tag k="ele" v="1.8326"/>
  </node>
  <node id="319" lat="-3.6120822202" lon="59.39883641158">
    <tag k="local_x" v="-191.8574"/>
    <tag k="local_y" v="-42.0446"/>
    <tag k="ele" v="1.8011"/>
  </node>
  <node id="322" lat="-3.61218205514" lon="59.39884684932">
    <tag k="local_x" v="-190.6521"/>
    <tag k="local_y" v="-53.097"/>
    <tag k="ele" v="1.7849"/>
  </node>
  <node id="382" lat="-3.61241063572" lon="59.39858522598">
    <tag k="local_x" v="-219.6638"/>
    <tag k="local_y" v="-78.5284"/>
    <tag k="ele" v="1.7937"/>
  </node>
  <node id="387" lat="-3.61243640145" lon="59.3985868776">
    <tag k="local_x" v="-219.4687"/>
    <tag k="local_y" v="-81.3813"/>
    <tag k="ele" v="1.7889"/>
  </node>
  <node id="461" lat="-3.61222477506" lon="59.39754153901">
    <tag k="local_x" v="-335.8816"/>
    <tag k="local_y" v="-58.4044"/>
    <tag k="ele" v="1.7458"/>
  </node>
  <node id="467" lat="-3.61222604693" lon="59.39751653376">
    <tag k="local_x" v="-338.6635"/>
    <tag k="local_y" v="-58.5563"/>
    <tag k="ele" v="1.7432"/>
  </node>
  <node id="474" lat="-3.61213293839" lon="59.39750961939">
    <tag k="local_x" v="-339.4738"/>
    <tag k="local_y" v="-48.2473"/>
    <tag k="ele" v="1.7541"/>
  </node>
  <node id="476" lat="-3.61205561587" lon="59.39750394668">
    <tag k="local_x" v="-340.139"/>
    <tag k="local_y" v="-39.6861"/>
    <tag k="ele" v="1.753"/>
  </node>
  <node id="479" lat="-3.61213144126" lon="59.39753473966">
    <tag k="local_x" v="-336.6792"/>
    <tag k="local_y" v="-48.0704"/>
    <tag k="ele" v="1.7598"/>
  </node>
  <node id="481" lat="-3.612054485" lon="59.39752898911">
    <tag k="local_x" v="-337.3529"/>
    <tag k="local_y" v="-39.5498"/>
    <tag k="ele" v="1.7592"/>
  </node>
  <node id="502" lat="-3.61148870048" lon="59.39746430373">
    <tag k="local_x" v="-344.7993"/>
    <tag k="local_y" v="23.084"/>
    <tag k="ele" v="1.7616"/>
  </node>
  <node id="507" lat="-3.61148720732" lon="59.39748952012">
    <tag k="local_x" v="-341.994"/>
    <tag k="local_y" v="23.2605"/>
    <tag k="ele" v="1.7688"/>
  </node>
  <node id="511" lat="-3.61136759196" lon="59.39745470675">
    <tag k="local_x" v="-345.9204"/>
    <tag k="local_y" v="36.4929"/>
    <tag k="ele" v="1.7513"/>
  </node>
  <node id="513" lat="-3.61122194239" lon="59.39744330502">
    <tag k="local_x" v="-347.2531"/>
    <tag k="local_y" v="52.619"/>
    <tag k="ele" v="1.7388"/>
  </node>
  <node id="514" lat="-3.61114927085" lon="59.39743765522">
    <tag k="local_x" v="-347.9137"/>
    <tag k="local_y" v="60.6651"/>
    <tag k="ele" v="1.7454"/>
  </node>
  <node id="517" lat="-3.61136569584" lon="59.39747985822">
    <tag k="local_x" v="-343.1225"/>
    <tag k="local_y" v="36.714"/>
    <tag k="ele" v="1.7689"/>
  </node>
  <node id="519" lat="-3.61122101785" lon="59.39746847063">
    <tag k="local_x" v="-344.4532"/>
    <tag k="local_y" v="52.7325"/>
    <tag k="ele" v="1.7615"/>
  </node>
  <node id="520" lat="-3.61114805741" lon="59.39746282646">
    <tag k="local_x" v="-345.1133"/>
    <tag k="local_y" v="60.8106"/>
    <tag k="ele" v="1.7611"/>
  </node>
  <node id="538" lat="-3.61094892308" lon="59.39733222099">
    <tag k="local_x" v="-359.7339"/>
    <tag k="local_y" v="82.8077"/>
    <tag k="ele" v="1.7501"/>
  </node>
  <node id="539" lat="-3.61095208973" lon="59.39731526221">
    <tag k="local_x" v="-361.6196"/>
    <tag k="local_y" v="82.4495"/>
    <tag k="ele" v="1.749"/>
  </node>
  <node id="557" lat="-3.61092085537" lon="59.39731865846">
    <tag k="local_x" v="-361.2554"/>
    <tag k="local_y" v="85.9103"/>
    <tag k="ele" v="1.731"/>
  </node>
  <node id="607" lat="-3.61104658298" lon="59.39613504609">
    <tag k="local_x" v="-492.9069"/>
    <tag k="local_y" v="71.4632"/>
    <tag k="ele" v="1.4701"/>
  </node>
  <node id="609" lat="-3.61106122464" lon="59.39594296991">
    <tag k="local_x" v="-514.2738"/>
    <tag k="local_y" v="69.7568"/>
    <tag k="ele" v="1.4336"/>
  </node>
  <node id="612" lat="-3.61102093914" lon="59.39613360252">
    <tag k="local_x" v="-493.0788"/>
    <tag k="local_y" v="74.3027"/>
    <tag k="ele" v="1.4761"/>
  </node>
  <node id="614" lat="-3.61103576864" lon="59.39594130634">
    <tag k="local_x" v="-514.4701"/>
    <tag k="local_y" v="72.5754"/>
    <tag k="ele" v="1.4413"/>
  </node>
  <node id="705" lat="-3.6102403373" lon="59.39887812664">
    <tag k="local_x" v="-188.0242"/>
    <tag k="local_y" v="161.9676"/>
    <tag k="ele" v="1.8925"/>
  </node>
  <node id="706" lat="-3.6102408069" lon="59.3989479931">
    <tag k="local_x" v="-180.2496"/>
    <tag k="local_y" v="161.9464"/>
    <tag k="ele" v="1.8956"/>
  </node>
  <node id="722" lat="-3.6102125551" lon="59.39888865365">
    <tag k="local_x" v="-186.865"/>
    <tag k="local_y" v="165.0492"/>
    <tag k="ele" v="1.9064"/>
  </node>
  <node id="723" lat="-3.61021468582" lon="59.3989468964">
    <tag k="local_x" v="-180.3831"/>
    <tag k="local_y" v="164.8389"/>
    <tag k="ele" v="1.9143"/>
  </node>
  <node id="728" lat="-3.61022164696" lon="59.39919899829">
    <tag k="local_x" v="-152.3274"/>
    <tag k="local_y" v="164.1791"/>
    <tag k="ele" v="1.9469"/>
  </node>
  <node id="730" lat="-3.61020469667" lon="59.39941401638">
    <tag k="local_x" v="-128.4087"/>
    <tag k="local_y" v="166.1512"/>
    <tag k="ele" v="1.9517"/>
  </node>
  <node id="741" lat="-3.61019612318" lon="59.39919711378">
    <tag k="local_x" v="-152.5483"/>
    <tag k="local_y" v="167.0051"/>
    <tag k="ele" v="1.985"/>
  </node>
  <node id="743" lat="-3.6101790552" lon="59.39941228152">
    <tag k="local_x" v="-128.613"/>
    <tag k="local_y" v="168.9903"/>
    <tag k="ele" v="1.978"/>
  </node>
  <node id="748" lat="-3.61018851198" lon="59.3994673159">
    <tag k="local_x" v="-122.4849"/>
    <tag k="local_y" v="167.9672"/>
    <tag k="ele" v="1.9974"/>
  </node>
  <node id="749" lat="-3.61018139622" lon="59.39957371289">
    <tag k="local_x" v="-110.6487"/>
    <tag k="local_y" v="168.8022"/>
    <tag k="ele" v="1.9972"/>
  </node>
  <node id="750" lat="-3.61018590895" lon="59.39964537878">
    <tag k="local_x" v="-102.6721"/>
    <tag k="local_y" v="168.334"/>
    <tag k="ele" v="1.9689"/>
  </node>
  <node id="751" lat="-3.61018117757" lon="59.39972451047">
    <tag k="local_x" v="-93.8688"/>
    <tag k="local_y" v="168.8929"/>
    <tag k="ele" v="1.9652"/>
  </node>
  <node id="757" lat="-3.61016304998" lon="59.39946507616">
    <tag k="local_x" v="-122.7453"/>
    <tag k="local_y" v="170.7862"/>
    <tag k="ele" v="2.0325"/>
  </node>
  <node id="758" lat="-3.61015614628" lon="59.39957212115">
    <tag k="local_x" v="-110.8369"/>
    <tag k="local_y" v="171.598"/>
    <tag k="ele" v="2.048"/>
  </node>
  <node id="759" lat="-3.61016034349" lon="59.39964346117">
    <tag k="local_x" v="-102.8967"/>
    <tag k="local_y" v="171.1646"/>
    <tag k="ele" v="1.9926"/>
  </node>
  <node id="760" lat="-3.61015573191" lon="59.39972342816">
    <tag k="local_x" v="-94.0004"/>
    <tag k="local_y" v="171.7106"/>
    <tag k="ele" v="1.9772"/>
  </node>
  <node id="762" lat="-3.61016656544" lon="59.39990158728">
    <tag k="local_x" v="-74.171"/>
    <tag k="local_y" v="170.5893"/>
    <tag k="ele" v="1.9739"/>
  </node>
  <node id="764" lat="-3.61015144366" lon="59.40009694607">
    <tag k="local_x" v="-52.4391"/>
    <tag k="local_y" v="172.3502"/>
    <tag k="ele" v="2.0141"/>
  </node>
  <node id="767" lat="-3.61014163254" lon="59.3999002549">
    <tag k="local_x" v="-74.3302"/>
    <tag k="local_y" v="173.3501"/>
    <tag k="ele" v="1.995"/>
  </node>
  <node id="769" lat="-3.61012613585" lon="59.40009556574">
    <tag k="local_x" v="-52.6038"/>
    <tag k="local_y" v="175.1525"/>
    <tag k="ele" v="2.0214"/>
  </node>
  <node id="1093" lat="-3.61024104923" lon="59.39889070886">
    <tag k="local_x" v="-186.6238"/>
    <tag k="local_y" v="161.8943"/>
    <tag k="ele" v="1.8941"/>
  </node>
  <node id="1094" lat="-3.61024160153" lon="59.39890265725">
    <tag k="local_x" v="-185.294"/>
    <tag k="local_y" v="161.8384"/>
    <tag k="ele" v="1.8949"/>
  </node>
  <node id="1095" lat="-3.61024117017" lon="59.39893854301">
    <tag k="local_x" v="-181.301"/>
    <tag k="local_y" v="161.902"/>
    <tag k="ele" v="1.8953"/>
  </node>
  <node id="1099" lat="-3.61021439338" lon="59.39890814493">
    <tag k="local_x" v="-184.6953"/>
    <tag k="local_y" v="164.8542"/>
    <tag k="ele" v="1.9104"/>
  </node>
  <node id="1100" lat="-3.61021356248" lon="59.39889856475">
    <tag k="local_x" v="-185.7617"/>
    <tag k="local_y" v="164.942"/>
    <tag k="ele" v="1.9084"/>
  </node>
  <node id="1101" lat="-3.61021520696" lon="59.39892720709">
    <tag k="local_x" v="-182.5738"/>
    <tag k="local_y" v="164.7725"/>
    <tag k="ele" v="1.9124"/>
  </node>
  <node id="1146" lat="-3.6102148054" lon="59.39891796851">
    <tag k="local_x" v="-183.602"/>
    <tag k="local_y" v="164.8129"/>
    <tag k="ele" v="1.9114"/>
  </node>
  <node id="1147" lat="-3.61021518242" lon="59.39893759766">
    <tag k="local_x" v="-181.4176"/>
    <tag k="local_y" v="164.7798"/>
    <tag k="ele" v="1.9134"/>
  </node>
  <node id="1148" lat="-3.61024198515" lon="59.39891645937">
    <tag k="local_x" v="-183.758"/>
    <tag k="local_y" v="161.802"/>
    <tag k="ele" v="1.8951"/>
  </node>
  <node id="1149" lat="-3.61024182506" lon="59.39892704998">
    <tag k="local_x" v="-182.5796"/>
    <tag k="local_y" v="161.8244"/>
    <tag k="ele" v="1.8952"/>
  </node>
  <node id="1284" lat="-3.61092418331" lon="59.39730252223">
    <tag k="local_x" v="-363.0495"/>
    <tag k="local_y" v="85.5346"/>
    <tag k="ele" v="1.7291"/>
  </node>
  <node id="1390" lat="-3.61107835704" lon="59.39532928744">
    <tag k="local_x" v="-582.554"/>
    <tag k="local_y" v="67.5884"/>
    <tag k="ele" v="1.3163"/>
  </node>
  <node id="1393" lat="-3.6111064947" lon="59.39531714491">
    <tag k="local_x" v="-583.8928"/>
    <tag k="local_y" v="64.4667"/>
    <tag k="ele" v="1.3163"/>
  </node>
  <node id="1472" lat="-3.61135223067" lon="59.39524414766">
    <tag k="local_x" v="-591.9076"/>
    <tag k="local_y" v="37.2184"/>
    <tag k="ele" v="1.3469"/>
  </node>
  <node id="1475" lat="-3.61135443785" lon="59.39521890155">
    <tag k="local_x" v="-594.7159"/>
    <tag k="local_y" v="36.9628"/>
    <tag k="ele" v="1.3469"/>
  </node>
  <node id="1486" lat="-3.61177165846" lon="59.3952441742">
    <tag k="local_x" v="-591.7203"/>
    <tag k="local_y" v="-9.2346"/>
    <tag k="ele" v="1.3469"/>
  </node>
  <node id="1488" lat="-3.61176945129" lon="59.39526942032">
    <tag k="local_x" v="-588.912"/>
    <tag k="local_y" v="-8.979"/>
    <tag k="ele" v="1.3469"/>
  </node>
  <node id="1697" lat="-3.6115798878" lon="59.39522756755">
    <tag k="local_x" v="-593.6525"/>
    <tag k="local_y" v="11.9973"/>
    <tag k="ele" v="1.3244"/>
  </node>
  <node id="1698" lat="-3.61157768153" lon="59.39525281456">
    <tag k="local_x" v="-590.8441"/>
    <tag k="local_y" v="12.2528"/>
    <tag k="ele" v="1.3244"/>
  </node>
  <node id="1733" lat="-3.61110723287" lon="59.39530526515">
    <tag k="local_x" v="-585.2144"/>
    <tag k="local_y" v="64.3797"/>
    <tag k="ele" v="1.3163"/>
  </node>
  <node id="1737" lat="-3.61111222058" lon="59.39529349982">
    <tag k="local_x" v="-586.5214"/>
    <tag k="local_y" v="63.8221"/>
    <tag k="ele" v="1.3163"/>
  </node>
  <node id="1741" lat="-3.61112115454" lon="59.39528436279">
    <tag k="local_x" v="-587.5342"/>
    <tag k="local_y" v="62.8286"/>
    <tag k="ele" v="1.3163"/>
  </node>
  <node id="1745" lat="-3.61113279912" lon="59.39527909822">
    <tag k="local_x" v="-588.1149"/>
    <tag k="local_y" v="61.5366"/>
    <tag k="ele" v="1.3163"/>
  </node>
  <node id="1749" lat="-3.61114554996" lon="59.3952784134">
    <tag k="local_x" v="-588.1855"/>
    <tag k="local_y" v="60.1241"/>
    <tag k="ele" v="1.3163"/>
  </node>
  <node id="1752" lat="-3.61107798374" lon="59.39531378594">
    <tag k="local_x" v="-584.2791"/>
    <tag k="local_y" v="67.6229"/>
    <tag k="ele" v="1.3163"/>
  </node>
  <node id="1754" lat="-3.61107869371" lon="59.39530094921">
    <tag k="local_x" v="-585.7072"/>
    <tag k="local_y" v="67.5386"/>
    <tag k="ele" v="1.3163"/>
  </node>
  <node id="1757" lat="-3.61108692659" lon="59.395278795">
    <tag k="local_x" v="-588.1688"/>
    <tag k="local_y" v="66.617"/>
    <tag k="ele" v="1.3163"/>
  </node>
  <node id="1759" lat="-3.61109368578" lon="59.39526951469">
    <tag k="local_x" v="-589.1985"/>
    <tag k="local_y" v="65.8643"/>
    <tag k="ele" v="1.3163"/>
  </node>
  <node id="1761" lat="-3.61110282386" lon="59.39526175092">
    <tag k="local_x" v="-590.0584"/>
    <tag k="local_y" v="64.8488"/>
    <tag k="ele" v="1.3163"/>
  </node>
  <node id="1763" lat="-3.61111285386" lon="59.39525531007">
    <tag k="local_x" v="-590.7707"/>
    <tag k="local_y" v="63.7351"/>
    <tag k="ele" v="1.3163"/>
  </node>
  <node id="1765" lat="-3.61112225518" lon="59.39525106896">
    <tag k="local_x" v="-591.2385"/>
    <tag k="local_y" v="62.692"/>
    <tag k="ele" v="1.3163"/>
  </node>
  <node id="1767" lat="-3.61113376418" lon="59.39524916505">
    <tag k="local_x" v="-591.4453"/>
    <tag k="local_y" v="61.4165"/>
    <tag k="ele" v="1.3163"/>
  </node>
  <node id="1769" lat="-3.61114773299" lon="59.39524959876">
    <tag k="local_x" v="-591.3909"/>
    <tag k="local_y" v="59.8696"/>
    <tag k="ele" v="1.3163"/>
  </node>
  <node id="1775" lat="-3.61104877359" lon="59.39551758787">
    <tag k="local_x" v="-561.6138"/>
    <tag k="local_y" v="70.948"/>
    <tag k="ele" v="1.3619"/>
  </node>
  <node id="1778" lat="-3.6110233852" lon="59.39551566881">
    <tag k="local_x" v="-561.8385"/>
    <tag k="local_y" v="73.759"/>
    <tag k="ele" v="1.3619"/>
  </node>
  <node id="1817" lat="-3.61098034753" lon="59.3960675657">
    <tag k="local_x" v="-500.4449"/>
    <tag k="local_y" v="78.7692"/>
    <tag k="ele" v="1.4794"/>
  </node>
  <node id="1818" lat="-3.61100554097" lon="59.39606949993">
    <tag k="local_x" v="-500.2186"/>
    <tag k="local_y" v="75.9798"/>
    <tag k="ele" v="1.4759"/>
  </node>
  <node id="1966" lat="-3.61110584399" lon="59.39538108705">
    <tag k="local_x" v="-576.7779"/>
    <tag k="local_y" v="64.567"/>
    <tag k="ele" v="1.4467"/>
  </node>
  <node id="1967" lat="-3.61108045903" lon="59.39537912036">
    <tag k="local_x" v="-577.0079"/>
    <tag k="local_y" v="67.3776"/>
    <tag k="ele" v="1.4467"/>
  </node>
  <node id="1976" lat="-3.61110687145" lon="59.39536363349">
    <tag k="local_x" v="-578.7196"/>
    <tag k="local_y" v="64.4455"/>
    <tag k="ele" v="1.4467"/>
  </node>
  <node id="1980" lat="-3.61110715506" lon="59.39534621971">
    <tag k="local_x" v="-580.6572"/>
    <tag k="local_y" v="64.4064"/>
    <tag k="ele" v="1.4467"/>
  </node>
  <node id="1984" lat="-3.61108085034" lon="59.3953608632">
    <tag k="local_x" v="-579.0393"/>
    <tag k="local_y" v="67.3262"/>
    <tag k="ele" v="1.4467"/>
  </node>
  <node id="1988" lat="-3.61107991009" lon="59.39534288899">
    <tag k="local_x" v="-581.0398"/>
    <tag k="local_y" v="67.4224"/>
    <tag k="ele" v="1.4467"/>
  </node>
  <node id="2402" lat="-3.61110350207" lon="59.39541104003">
    <tag k="local_x" v="-573.4459"/>
    <tag k="local_y" v="64.8396"/>
    <tag k="ele" v="1.4685"/>
  </node>
  <node id="2403" lat="-3.61107811711" lon="59.39540907424">
    <tag k="local_x" v="-573.6758"/>
    <tag k="local_y" v="67.6502"/>
    <tag k="ele" v="1.4685"/>
  </node>
  <node id="2410" lat="-3.61108210264" lon="59.3952890589">
    <tag k="local_x" v="-587.0288"/>
    <tag k="local_y" v="67.1558"/>
    <tag k="ele" v="1.3163"/>
  </node>
  <node id="2423" lat="-3.61118665049" lon="59.3952034933">
    <tag k="local_x" v="-596.5042"/>
    <tag k="local_y" v="55.539"/>
    <tag k="ele" v="1.3244"/>
  </node>
  <node id="2424" lat="-3.61118444331" lon="59.3952287403">
    <tag k="local_x" v="-593.6958"/>
    <tag k="local_y" v="55.7946"/>
    <tag k="ele" v="1.3244"/>
  </node>
  <node id="4058" lat="-3.61122821177" lon="59.39529396646">
    <tag k="local_x" v="-586.4185"/>
    <tag k="local_y" v="50.9759"/>
    <tag k="ele" v="1.5265"/>
  </node>
  <node id="4059" lat="-3.61123023288" lon="59.39526870401">
    <tag k="local_x" v="-589.2287"/>
    <tag k="local_y" v="50.7409"/>
    <tag k="ele" v="1.5265"/>
  </node>
  <node id="4092" lat="-3.61087038259" lon="59.39796638694">
    <tag k="local_x" v="-289.2015"/>
    <tag k="local_y" v="91.7861"/>
    <tag k="ele" v="1.8205"/>
  </node>
  <node id="4093" lat="-3.61091234048" lon="59.39747446719">
    <tag k="local_x" v="-343.9215"/>
    <tag k="local_y" v="86.9221"/>
    <tag k="ele" v="1.7572"/>
  </node>
  <node id="4095" lat="-3.61089757278" lon="59.39796818663">
    <tag k="local_x" v="-288.9893"/>
    <tag k="local_y" v="88.7755"/>
    <tag k="ele" v="1.8205"/>
  </node>
  <node id="4096" lat="-3.61093773154" lon="59.39747636383">
    <tag k="local_x" v="-343.6993"/>
    <tag k="local_y" v="84.1108"/>
    <tag k="ele" v="1.7572"/>
  </node>
  <node id="4343" lat="-3.61094698551" lon="59.3973481028">
    <tag k="local_x" v="-357.9675"/>
    <tag k="local_y" v="83.0293"/>
    <tag k="ele" v="1.7532"/>
  </node>
  <node id="4344" lat="-3.61091761093" lon="59.39734555507">
    <tag k="local_x" v="-358.2639"/>
    <tag k="local_y" v="86.2815"/>
    <tag k="ele" v="1.7319"/>
  </node>
  <node id="4827" lat="-3.61115432502" lon="59.39528060295">
    <tag k="local_x" v="-587.938"/>
    <tag k="local_y" v="59.1532"/>
    <tag k="ele" v="1.3818"/>
  </node>
  <node id="4828" lat="-3.61116176266" lon="59.39525306884">
    <tag k="local_x" v="-590.9986"/>
    <tag k="local_y" v="58.3173"/>
    <tag k="ele" v="1.3818"/>
  </node>
  <node id="4868" lat="-3.61117131617" lon="59.39528541833">
    <tag k="local_x" v="-587.3947"/>
    <tag k="local_y" v="57.2735"/>
    <tag k="ele" v="1.3818"/>
  </node>
  <node id="4872" lat="-3.61118879901" lon="59.39528922705">
    <tag k="local_x" v="-586.9632"/>
    <tag k="local_y" v="55.3389"/>
    <tag k="ele" v="1.3818"/>
  </node>
  <node id="4876" lat="-3.6112064807" lon="59.39529195748">
    <tag k="local_x" v="-586.6516"/>
    <tag k="local_y" v="53.3818"/>
    <tag k="ele" v="1.3818"/>
  </node>
  <node id="4882" lat="-3.61117760274" lon="59.39525859782">
    <tag k="local_x" v="-590.3764"/>
    <tag k="local_y" v="56.5654"/>
    <tag k="ele" v="1.3818"/>
  </node>
  <node id="4886" lat="-3.61119355327" lon="59.39526261569">
    <tag k="local_x" v="-589.9223"/>
    <tag k="local_y" v="54.8006"/>
    <tag k="ele" v="1.3818"/>
  </node>
  <node id="4890" lat="-3.6112097892" lon="59.39526552168">
    <tag k="local_x" v="-589.5918"/>
    <tag k="local_y" v="53.0037"/>
    <tag k="ele" v="1.3818"/>
  </node>
  <node id="7015" lat="-3.61143870655" lon="59.39889018444">
    <tag k="local_x" v="-186.1564"/>
    <tag k="local_y" v="29.2501"/>
    <tag k="ele" v="1.858"/>
  </node>
  <node id="7016" lat="-3.61144061171" lon="59.39886525127">
    <tag k="local_x" v="-188.93"/>
    <tag k="local_y" v="29.0281"/>
    <tag k="ele" v="1.891"/>
  </node>
  <node id="8036" lat="-3.61130511083" lon="59.39887860551">
    <tag k="local_x" v="-187.5035"/>
    <tag k="local_y" v="44.0411"/>
    <tag k="ele" v="1.8594"/>
  </node>
  <node id="8037" lat="-3.6113071023" lon="59.39885358033">
    <tag k="local_x" v="-190.2873"/>
    <tag k="local_y" v="43.8095"/>
    <tag k="ele" v="1.895"/>
  </node>
  <node id="9780" lat="-3.61082300199" lon="59.3980610407">
    <tag k="local_x" v="-278.6897"/>
    <tag k="local_y" v="97.0754"/>
    <tag k="ele" v="1.7888"/>
  </node>
  <node id="9781" lat="-3.61084838616" lon="59.39806301827">
    <tag k="local_x" v="-278.4585"/>
    <tag k="local_y" v="94.2649"/>
    <tag k="ele" v="1.7986"/>
  </node>
  <node id="9881" lat="-3.61012260049" lon="59.40014195582">
    <tag k="local_x" v="-47.4433"/>
    <tag k="local_y" v="175.5645"/>
    <tag k="ele" v="2.0207"/>
  </node>
  <node id="9882" lat="-3.61014781111" lon="59.40014387214">
    <tag k="local_x" v="-47.219"/>
    <tag k="local_y" v="172.7732"/>
    <tag k="ele" v="2.0105"/>
  </node>
  <node id="9905" lat="-3.6102033693" lon="59.39909943346">
    <tag k="local_x" v="-163.4145"/>
    <tag k="local_y" v="166.1595"/>
    <tag k="ele" v="1.9497"/>
  </node>
  <node id="9906" lat="-3.61022910089" lon="59.39910135219">
    <tag k="local_x" v="-163.1897"/>
    <tag k="local_y" v="163.3105"/>
    <tag k="ele" v="1.9213"/>
  </node>
  <node id="10160" lat="-3.6110440991" lon="59.3988588921">
    <tag k="local_x" v="-189.8117"/>
    <tag k="local_y" v="72.9402"/>
    <tag k="ele" v="1.8619"/>
  </node>
  <node id="10161" lat="-3.61104604607" lon="59.39883379971">
    <tag k="local_x" v="-192.603"/>
    <tag k="local_y" v="72.7135"/>
    <tag k="ele" v="1.8993"/>
  </node>
  <node id="10167" lat="-3.61112776448" lon="59.39886542249">
    <tag k="local_x" v="-189.0483"/>
    <tag k="local_y" v="63.6769"/>
    <tag k="ele" v="1.8636"/>
  </node>
  <node id="10168" lat="-3.61112977473" lon="59.39884034872">
    <tag k="local_x" v="-191.8375"/>
    <tag k="local_y" v="63.4432"/>
    <tag k="ele" v="1.8973"/>
  </node>
  <node id="10332" lat="-3.61159279442" lon="59.39890190627">
    <tag k="local_x" v="-184.7844"/>
    <tag k="local_y" v="12.1896"/>
    <tag k="ele" v="1.8353"/>
  </node>
  <node id="10333" lat="-3.61159483785" lon="59.39887700669">
    <tag k="local_x" v="-187.5542"/>
    <tag k="local_y" v="11.9523"/>
    <tag k="ele" v="1.8775"/>
  </node>
  <node id="10339" lat="-3.61173183986" lon="59.39891319496">
    <tag k="local_x" v="-183.4672"/>
    <tag k="local_y" v="-3.2051"/>
    <tag k="ele" v="1.8289"/>
  </node>
  <node id="10340" lat="-3.61173388069" lon="59.39888832415">
    <tag k="local_x" v="-186.2338"/>
    <tag k="local_y" v="-3.4421"/>
    <tag k="ele" v="1.8761"/>
  </node>
  <node id="10718" lat="-3.61206718325" lon="59.39883531073">
    <tag k="local_x" v="-191.9865"/>
    <tag k="local_y" v="-40.3797"/>
    <tag k="ele" v="1.8428"/>
  </node>
  <node id="10741" lat="-3.61176826514" lon="59.39891410896">
    <tag k="local_x" v="-183.3495"/>
    <tag k="local_y" v="-7.2389"/>
    <tag k="ele" v="1.8516"/>
  </node>
  <node id="10743" lat="-3.61178070042" lon="59.39891466021">
    <tag k="local_x" v="-183.2827"/>
    <tag k="local_y" v="-8.6159"/>
    <tag k="ele" v="1.8516"/>
  </node>
  <node id="10746" lat="-3.61179155384" lon="59.39891408806">
    <tag k="local_x" v="-183.3416"/>
    <tag k="local_y" v="-9.8182"/>
    <tag k="ele" v="1.8516"/>
  </node>
  <node id="10749" lat="-3.61180556578" lon="59.39891264252">
    <tag k="local_x" v="-183.4963"/>
    <tag k="local_y" v="-11.3707"/>
    <tag k="ele" v="1.8516"/>
  </node>
  <node id="10752" lat="-3.6118194326" lon="59.39891012632">
    <tag k="local_x" v="-183.7702"/>
    <tag k="local_y" v="-12.9076"/>
    <tag k="ele" v="1.8516"/>
  </node>
  <node id="10755" lat="-3.61183943499" lon="59.39890450795">
    <tag k="local_x" v="-184.3866"/>
    <tag k="local_y" v="-15.1254"/>
    <tag k="ele" v="1.8516"/>
  </node>
  <node id="10766" lat="-3.61176934231" lon="59.39888917545">
    <tag k="local_x" v="-186.1235"/>
    <tag k="local_y" v="-7.3692"/>
    <tag k="ele" v="1.8516"/>
  </node>
  <node id="10769" lat="-3.61178163587" lon="59.39888928241">
    <tag k="local_x" v="-186.1062"/>
    <tag k="local_y" v="-8.7307"/>
    <tag k="ele" v="1.8516"/>
  </node>
  <node id="10772" lat="-3.61179373249" lon="59.39888845373">
    <tag k="local_x" v="-186.1931"/>
    <tag k="local_y" v="-10.0708"/>
    <tag k="ele" v="1.8516"/>
  </node>
  <node id="10775" lat="-3.61180572068" lon="59.39888670163">
    <tag k="local_x" v="-186.3828"/>
    <tag k="local_y" v="-11.3993"/>
    <tag k="ele" v="1.8516"/>
  </node>
  <node id="10778" lat="-3.61181753008" lon="59.39888403809">
    <tag k="local_x" v="-186.674"/>
    <tag k="local_y" v="-12.7084"/>
    <tag k="ele" v="1.8516"/>
  </node>
  <node id="10781" lat="-3.61182908943" lon="59.39888048045">
    <tag k="local_x" v="-187.0648"/>
    <tag k="local_y" v="-13.9902"/>
    <tag k="ele" v="1.8516"/>
  </node>
  <node id="10784" lat="-3.61184033199" lon="59.39887605145">
    <tag k="local_x" v="-187.5527"/>
    <tag k="local_y" v="-15.2373"/>
    <tag k="ele" v="1.8516"/>
  </node>
  <node id="10823" lat="-3.61198325665" lon="59.39885591247">
    <tag k="local_x" v="-189.7309"/>
    <tag k="local_y" v="-31.0755"/>
    <tag k="ele" v="1.8592"/>
  </node>
  <node id="10824" lat="-3.61198578431" lon="59.39882904288">
    <tag k="local_x" v="-192.7197"/>
    <tag k="local_y" v="-31.3673"/>
    <tag k="ele" v="1.8597"/>
  </node>
  <node id="10926" lat="-3.6116793036" lon="59.39538433372">
    <tag k="local_x" v="-576.1646"/>
    <tag k="local_y" v="1.0559"/>
    <tag k="ele" v="2.9548"/>
  </node>
  <node id="10927" lat="-3.61084021633" lon="59.39727464878">
    <tag k="local_x" v="-366.188"/>
    <tag k="local_y" v="94.8219"/>
    <tag k="ele" v="0.9723"/>
  </node>
  <node id="11380" lat="-3.61120082605" lon="59.39611740634">
    <tag k="local_x" v="-494.802"/>
    <tag k="local_y" v="54.3725"/>
    <tag k="ele" v="1.4548"/>
  </node>
  <node id="11381" lat="-3.61120279834" lon="59.39609325033">
    <tag k="local_x" v="-497.4891"/>
    <tag k="local_y" v="54.1434"/>
    <tag k="ele" v="1.4548"/>
  </node>
  <node id="11521" lat="-3.61114425318" lon="59.39663025586">
    <tag k="local_x" v="-437.7594"/>
    <tag k="local_y" v="60.8645"/>
    <tag k="ele" v="1.4548"/>
  </node>
  <node id="11522" lat="-3.61114622548" lon="59.39660609984">
    <tag k="local_x" v="-440.4465"/>
    <tag k="local_y" v="60.6354"/>
    <tag k="ele" v="1.4548"/>
  </node>
  <node id="11523" lat="-3.61115346379" lon="59.39657226589">
    <tag k="local_x" v="-444.2082"/>
    <tag k="local_y" v="59.8188"/>
    <tag k="ele" v="1.61"/>
  </node>
  <node id="11524" lat="-3.61115149703" lon="59.39659645065">
    <tag k="local_x" v="-441.5179"/>
    <tag k="local_y" v="60.0473"/>
    <tag k="ele" v="1.61"/>
  </node>
  <node id="11750" lat="-3.61102950901" lon="59.39636409609">
    <tag k="local_x" v="-467.4268"/>
    <tag k="local_y" v="73.4553"/>
    <tag k="ele" v="1.4962"/>
  </node>
  <node id="11751" lat="-3.61099988551" lon="59.39637430064">
    <tag k="local_x" v="-466.3043"/>
    <tag k="local_y" v="76.7407"/>
    <tag k="ele" v="1.5076"/>
  </node>
  <node id="11760" lat="-3.61102507037" lon="59.39633918983">
    <tag k="local_x" v="-470.2002"/>
    <tag k="local_y" v="73.9359"/>
    <tag k="ele" v="1.522"/>
  </node>
  <node id="11764" lat="-3.61102919599" lon="59.39635216116">
    <tag k="local_x" v="-468.755"/>
    <tag k="local_y" v="73.4847"/>
    <tag k="ele" v="1.5003"/>
  </node>
  <node id="11766" lat="-3.61099693453" lon="59.39637128556">
    <tag k="local_x" v="-466.6411"/>
    <tag k="local_y" v="77.0662"/>
    <tag k="ele" v="1.5003"/>
  </node>
  <node id="11771" lat="-3.61095548182" lon="59.39639118046">
    <tag k="local_x" v="-464.4455"/>
    <tag k="local_y" v="81.666"/>
    <tag k="ele" v="1.5289"/>
  </node>
  <node id="11772" lat="-3.6109805556" lon="59.39639276828">
    <tag k="local_x" v="-464.2578"/>
    <tag k="local_y" v="78.8897"/>
    <tag k="ele" v="1.5231"/>
  </node>
  <node id="11785" lat="-3.61101637224" lon="59.3963297989">
    <tag k="local_x" v="-471.249"/>
    <tag k="local_y" v="74.8951"/>
    <tag k="ele" v="1.5234"/>
  </node>
  <node id="11787" lat="-3.61100311752" lon="59.39632367645">
    <tag k="local_x" v="-471.9361"/>
    <tag k="local_y" v="76.3604"/>
    <tag k="ele" v="1.5234"/>
  </node>
  <node id="11789" lat="-3.61098935301" lon="59.39632239986">
    <tag k="local_x" v="-472.0842"/>
    <tag k="local_y" v="77.8843"/>
    <tag k="ele" v="1.5234"/>
  </node>
  <node id="11793" lat="-3.61099283264" lon="59.39637038601">
    <tag k="local_x" v="-466.743"/>
    <tag k="local_y" v="77.5201"/>
    <tag k="ele" v="1.5234"/>
  </node>
  <node id="11917" lat="-3.6111012976" lon="59.39543923287">
    <tag k="local_x" v="-570.3097"/>
    <tag k="local_y" v="65.0962"/>
    <tag k="ele" v="1.4739"/>
  </node>
  <node id="11918" lat="-3.61107591263" lon="59.39543726618">
    <tag k="local_x" v="-570.5397"/>
    <tag k="local_y" v="67.9068"/>
    <tag k="ele" v="1.4739"/>
  </node>
  <node id="12360" lat="-3.61108567812" lon="59.39564034537">
    <tag k="local_x" v="-547.9377"/>
    <tag k="local_y" v="66.9149"/>
    <tag k="ele" v="1.4739"/>
  </node>
  <node id="12365" lat="-3.61105663575" lon="59.3956463778">
    <tag k="local_x" v="-547.2792"/>
    <tag k="local_y" v="70.1341"/>
    <tag k="ele" v="1.4739"/>
  </node>
  <node id="12378" lat="-3.61108737996" lon="59.39561720594">
    <tag k="local_x" v="-550.5118"/>
    <tag k="local_y" v="66.7162"/>
    <tag k="ele" v="1.4767"/>
  </node>
  <node id="12379" lat="-3.61106199589" lon="59.39561524013">
    <tag k="local_x" v="-550.7417"/>
    <tag k="local_y" v="69.5267"/>
    <tag k="ele" v="1.4767"/>
  </node>
  <node id="12509" lat="-3.61038867514" lon="59.39736176608">
    <tag k="local_x" v="-356.6923"/>
    <tag k="local_y" v="144.8699"/>
    <tag k="ele" v="0.0182"/>
  </node>
  <node id="12512" lat="-3.61038431346" lon="59.39739311462">
    <tag k="local_x" v="-353.2059"/>
    <tag k="local_y" v="145.3668"/>
    <tag k="ele" v="0.0182"/>
  </node>
  <node id="13135" lat="-3.61022563662" lon="59.39861068445">
    <tag k="local_x" v="-217.7903"/>
    <tag k="local_y" v="163.4778"/>
    <tag k="ele" v="0.141"/>
  </node>
  <node id="13138" lat="-3.61025018915" lon="59.39860243842">
    <tag k="local_x" v="-218.6971"/>
    <tag k="local_y" v="160.7549"/>
    <tag k="ele" v="0.141"/>
  </node>
  <node id="13503" lat="-3.61039393306" lon="59.39616345862">
    <tag k="local_x" v="-490.032"/>
    <tag k="local_y" v="143.7588"/>
    <tag k="ele" v="-0.1174"/>
  </node>
  <node id="13506" lat="-3.61041465333" lon="59.39617894721">
    <tag k="local_x" v="-488.2994"/>
    <tag k="local_y" v="141.4708"/>
    <tag k="ele" v="-0.1174"/>
  </node>
  <node id="14851" lat="-3.61018478571" lon="59.3988012593">
    <tag k="local_x" v="-196.602"/>
    <tag k="local_y" v="168.0862"/>
    <tag k="ele" v="0.1406"/>
  </node>
  <node id="14852" lat="-3.61019980796" lon="59.39887077988">
    <tag k="local_x" v="-188.8595"/>
    <tag k="local_y" v="166.4531"/>
    <tag k="ele" v="0.2497"/>
  </node>
  <node id="14854" lat="-3.61015945175" lon="59.39880668297">
    <tag k="local_x" v="-196.0096"/>
    <tag k="local_y" v="170.8944"/>
    <tag k="ele" v="0.1406"/>
  </node>
  <node id="14855" lat="-3.610174474" lon="59.39887620355">
    <tag k="local_x" v="-188.2671"/>
    <tag k="local_y" v="169.2613"/>
    <tag k="ele" v="0.2497"/>
  </node>
  <node id="15106" lat="-3.6108234844" lon="59.39838164074">
    <tag k="local_x" v="-243.0147"/>
    <tag k="local_y" v="97.1634"/>
    <tag k="ele" v="1.8487"/>
  </node>
  <node id="15107" lat="-3.61079646249" lon="59.39869709485">
    <tag k="local_x" v="-207.9244"/>
    <tag k="local_y" v="100.2953"/>
    <tag k="ele" v="1.8368"/>
  </node>
  <node id="15109" lat="-3.61079846317" lon="59.39837965993">
    <tag k="local_x" v="-243.2461"/>
    <tag k="local_y" v="99.9337"/>
    <tag k="ele" v="1.8487"/>
  </node>
  <node id="15110" lat="-3.61077144125" lon="59.39869511314">
    <tag k="local_x" v="-208.1559"/>
    <tag k="local_y" v="103.0656"/>
    <tag k="ele" v="1.8368"/>
  </node>
  <node id="15635" lat="-3.61007739833" lon="59.40038478804">
    <tag k="local_x" v="-20.442"/>
    <tag k="local_y" v="180.6778"/>
    <tag k="ele" v="2.0368"/>
  </node>
  <node id="15636" lat="-3.61010926301" lon="59.4003850102">
    <tag k="local_x" v="-20.4033"/>
    <tag k="local_y" v="177.1488"/>
    <tag k="ele" v="2.0368"/>
  </node>
  <node id="15849" lat="-3.61106243611" lon="59.39609310268">
    <tag k="local_x" v="-497.5672"/>
    <tag k="local_y" v="69.6889"/>
    <tag k="ele" v="1.4923"/>
  </node>
  <node id="15853" lat="-3.61106776488" lon="59.39608829621">
    <tag k="local_x" v="-498.0997"/>
    <tag k="local_y" v="69.0966"/>
    <tag k="ele" v="1.4923"/>
  </node>
  <node id="15855" lat="-3.61107439012" lon="59.39608368862">
    <tag k="local_x" v="-498.6095"/>
    <tag k="local_y" v="68.3608"/>
    <tag k="ele" v="1.4923"/>
  </node>
  <node id="15857" lat="-3.61108371802" lon="59.39607982614">
    <tag k="local_x" v="-499.0352"/>
    <tag k="local_y" v="67.326"/>
    <tag k="ele" v="1.4923"/>
  </node>
  <node id="15859" lat="-3.61109341951" lon="59.39607726886">
    <tag k="local_x" v="-499.3155"/>
    <tag k="local_y" v="66.2504"/>
    <tag k="ele" v="1.4923"/>
  </node>
  <node id="15873" lat="-3.61103974902" lon="59.39607301347">
    <tag k="local_x" v="-499.8126"/>
    <tag k="local_y" v="72.1927"/>
    <tag k="ele" v="1.4923"/>
  </node>
  <node id="15875" lat="-3.61104782129" lon="59.39606583266">
    <tag k="local_x" v="-500.6081"/>
    <tag k="local_y" v="71.2955"/>
    <tag k="ele" v="1.4923"/>
  </node>
  <node id="15877" lat="-3.61105676411" lon="59.39605982028">
    <tag k="local_x" v="-501.2732"/>
    <tag k="local_y" v="70.3024"/>
    <tag k="ele" v="1.4923"/>
  </node>
  <node id="15879" lat="-3.61106641633" lon="59.3960557732">
    <tag k="local_x" v="-501.7193"/>
    <tag k="local_y" v="69.2316"/>
    <tag k="ele" v="1.4923"/>
  </node>
  <node id="15881" lat="-3.61107648321" lon="59.39605291701">
    <tag k="local_x" v="-502.0327"/>
    <tag k="local_y" v="68.1154"/>
    <tag k="ele" v="1.4923"/>
  </node>
  <node id="15883" lat="-3.61108681684" lon="59.39605129185">
    <tag k="local_x" v="-502.209"/>
    <tag k="local_y" v="66.9702"/>
    <tag k="ele" v="1.4923"/>
  </node>
  <node id="15885" lat="-3.61109689903" lon="59.39605091773">
    <tag k="local_x" v="-502.2462"/>
    <tag k="local_y" v="65.8534"/>
    <tag k="ele" v="1.4923"/>
  </node>
  <node id="16252" lat="-3.61185597975" lon="59.39889788773">
    <tag k="local_x" v="-185.116"/>
    <tag k="local_y" v="-16.9607"/>
    <tag k="ele" v="1.8516"/>
  </node>
  <node id="16253" lat="-3.61184452242" lon="59.39887401648">
    <tag k="local_x" v="-187.7773"/>
    <tag k="local_y" v="-15.7023"/>
    <tag k="ele" v="1.8516"/>
  </node>
  <node id="16259" lat="-3.6119265102" lon="59.39886536042">
    <tag k="local_x" v="-188.7045"/>
    <tag k="local_y" v="-24.7865"/>
    <tag k="ele" v="1.8516"/>
  </node>
  <node id="16262" lat="-3.61193763953" lon="59.39886129223">
    <tag k="local_x" v="-189.1523"/>
    <tag k="local_y" v="-26.0209"/>
    <tag k="ele" v="1.8516"/>
  </node>
  <node id="16265" lat="-3.61194889883" lon="59.39885834508">
    <tag k="local_x" v="-189.4753"/>
    <tag k="local_y" v="-27.2692"/>
    <tag k="ele" v="1.8516"/>
  </node>
  <node id="16268" lat="-3.61196038089" lon="59.39885646557">
    <tag k="local_x" v="-189.6794"/>
    <tag k="local_y" v="-28.5417"/>
    <tag k="ele" v="1.8516"/>
  </node>
  <node id="16271" lat="-3.61197198464" lon="59.39885566848">
    <tag k="local_x" v="-189.763"/>
    <tag k="local_y" v="-29.8272"/>
    <tag k="ele" v="1.8516"/>
  </node>
  <node id="16274" lat="-3.61191646616" lon="59.39884086711">
    <tag k="local_x" v="-191.4344"/>
    <tag k="local_y" v="-23.6849"/>
    <tag k="ele" v="1.8516"/>
  </node>
  <node id="16277" lat="-3.61192951815" lon="59.39883598163">
    <tag k="local_x" v="-191.9723"/>
    <tag k="local_y" v="-25.1326"/>
    <tag k="ele" v="1.8516"/>
  </node>
  <node id="16280" lat="-3.61194317888" lon="59.3988322764">
    <tag k="local_x" v="-192.3786"/>
    <tag k="local_y" v="-26.6472"/>
    <tag k="ele" v="1.8516"/>
  </node>
  <node id="16283" lat="-3.61195713459" lon="59.3988298632">
    <tag k="local_x" v="-192.641"/>
    <tag k="local_y" v="-28.1939"/>
    <tag k="ele" v="1.8516"/>
  </node>
  <node id="16286" lat="-3.61197126079" lon="59.39882876678">
    <tag k="local_x" v="-192.7568"/>
    <tag k="local_y" v="-29.7589"/>
    <tag k="ele" v="1.8516"/>
  </node>
  <node id="16452" lat="-3.61187606155" lon="59.3988573528">
    <tag k="local_x" v="-189.6177"/>
    <tag k="local_y" v="-19.2027"/>
    <tag k="ele" v="1.8516"/>
  </node>
  <node id="16455" lat="-3.61188708659" lon="59.39885430502">
    <tag k="local_x" v="-189.952"/>
    <tag k="local_y" v="-20.4251"/>
    <tag k="ele" v="1.8516"/>
  </node>
  <node id="16458" lat="-3.61189835255" lon="59.39885234818">
    <tag k="local_x" v="-190.1648"/>
    <tag k="local_y" v="-21.6737"/>
    <tag k="ele" v="1.8516"/>
  </node>
  <node id="16461" lat="-3.61190975024" lon="59.39885150158">
    <tag k="local_x" v="-190.254"/>
    <tag k="local_y" v="-22.9364"/>
    <tag k="ele" v="1.8516"/>
  </node>
  <node id="16465" lat="-3.61186312741" lon="59.39883379563">
    <tag k="local_x" v="-192.2447"/>
    <tag k="local_y" v="-17.7806"/>
    <tag k="ele" v="1.8516"/>
  </node>
  <node id="16468" lat="-3.6118765049" lon="59.39882947862">
    <tag k="local_x" v="-192.7192"/>
    <tag k="local_y" v="-19.2641"/>
    <tag k="ele" v="1.8516"/>
  </node>
  <node id="16471" lat="-3.61189024883" lon="59.39882648751">
    <tag k="local_x" v="-193.046"/>
    <tag k="local_y" v="-20.7876"/>
    <tag k="ele" v="1.8516"/>
  </node>
  <node id="16474" lat="-3.61190422751" lon="59.39882485068">
    <tag k="local_x" v="-193.222"/>
    <tag k="local_y" v="-22.3365"/>
    <tag k="ele" v="1.8516"/>
  </node>
  <node id="16477" lat="-3.61191808521" lon="59.39882457941">
    <tag k="local_x" v="-193.2461"/>
    <tag k="local_y" v="-23.8714"/>
    <tag k="ele" v="1.8516"/>
  </node>
  <node id="19125" lat="-3.61115315287" lon="59.40055941245">
    <tag k="local_x" v="-0.5387"/>
    <tag k="local_y" v="61.6121"/>
    <tag k="ele" v="1.9586"/>
  </node>
  <node id="19129" lat="-3.61115496413" lon="59.4005340132">
    <tag k="local_x" v="-3.3642"/>
    <tag k="local_y" v="61.4003"/>
    <tag k="ele" v="1.9412"/>
  </node>
  <node id="19406" lat="-3.61170579182" lon="59.40060415824">
    <tag k="local_x" v="4.6829"/>
    <tag k="local_y" v="0.4256"/>
    <tag k="ele" v="1.8893"/>
  </node>
  <node id="19409" lat="-3.61170820672" lon="59.4005788869">
    <tag k="local_x" v="1.8719"/>
    <tag k="local_y" v="0.147"/>
    <tag k="ele" v="1.8706"/>
  </node>
  <node id="20527" lat="-3.61068942996" lon="59.40018209325">
    <tag k="local_x" v="-42.7283"/>
    <tag k="local_y" v="112.8043"/>
    <tag k="ele" v="1.985"/>
  </node>
  <node id="20530" lat="-3.610715875" lon="59.4001690741">
    <tag k="local_x" v="-44.1654"/>
    <tag k="local_y" v="109.8697"/>
    <tag k="ele" v="1.985"/>
  </node>
  <node id="20535" lat="-3.61072554635" lon="59.40020769609">
    <tag k="local_x" v="-39.8635"/>
    <tag k="local_y" v="108.8156"/>
    <tag k="ele" v="1.9962"/>
  </node>
  <node id="20537" lat="-3.61072548914" lon="59.40019672708">
    <tag k="local_x" v="-41.0841"/>
    <tag k="local_y" v="108.8171"/>
    <tag k="ele" v="1.9962"/>
  </node>
  <node id="20539" lat="-3.61072464423" lon="59.40018725478">
    <tag k="local_x" v="-42.1385"/>
    <tag k="local_y" v="108.9065"/>
    <tag k="ele" v="1.9962"/>
  </node>
  <node id="20541" lat="-3.61072084382" lon="59.40017817067">
    <tag k="local_x" v="-43.151"/>
    <tag k="local_y" v="109.3234"/>
    <tag k="ele" v="1.9962"/>
  </node>
  <node id="20544" lat="-3.61069848236" lon="59.40021016813">
    <tag k="local_x" v="-39.6003"/>
    <tag k="local_y" v="111.8141"/>
    <tag k="ele" v="1.9962"/>
  </node>
  <node id="20547" lat="-3.61069661118" lon="59.40019896903">
    <tag k="local_x" v="-40.8473"/>
    <tag k="local_y" v="112.0164"/>
    <tag k="ele" v="1.9962"/>
  </node>
  <node id="20550" lat="-3.61069296567" lon="59.40018910246">
    <tag k="local_x" v="-41.9468"/>
    <tag k="local_y" v="112.4158"/>
    <tag k="ele" v="1.9962"/>
  </node>
  <node id="20554" lat="-3.61070495752" lon="59.40014720654">
    <tag k="local_x" v="-46.6035"/>
    <tag k="local_y" v="111.0692"/>
    <tag k="ele" v="1.9832"/>
  </node>
  <node id="20556" lat="-3.61070226204" lon="59.40013761032">
    <tag k="local_x" v="-47.6725"/>
    <tag k="local_y" v="111.3635"/>
    <tag k="ele" v="1.9832"/>
  </node>
  <node id="20557" lat="-3.61070007505" lon="59.40012646099">
    <tag k="local_x" v="-48.9141"/>
    <tag k="local_y" v="111.6008"/>
    <tag k="ele" v="1.9832"/>
  </node>
  <node id="20558" lat="-3.61067799563" lon="59.40016058361">
    <tag k="local_x" v="-45.1268"/>
    <tag k="local_y" v="114.0612"/>
    <tag k="ele" v="1.9832"/>
  </node>
  <node id="20559" lat="-3.61067438239" lon="59.40015315502">
    <tag k="local_x" v="-45.955"/>
    <tag k="local_y" v="114.4581"/>
    <tag k="ele" v="1.9832"/>
  </node>
  <node id="20560" lat="-3.61067292442" lon="59.40014436633">
    <tag k="local_x" v="-46.9336"/>
    <tag k="local_y" v="114.6157"/>
    <tag k="ele" v="1.9832"/>
  </node>
  <node id="20561" lat="-3.61067247826" lon="59.40013549007">
    <tag k="local_x" v="-47.9215"/>
    <tag k="local_y" v="114.6612"/>
    <tag k="ele" v="1.9832"/>
  </node>
  <node id="20589" lat="-3.61072352402" lon="59.39983736702">
    <tag k="local_x" v="-81.0727"/>
    <tag k="local_y" v="108.8763"/>
    <tag k="ele" v="1.9962"/>
  </node>
  <node id="20590" lat="-3.61069750531" lon="59.39982978596">
    <tag k="local_x" v="-81.9277"/>
    <tag k="local_y" v="111.7546"/>
    <tag k="ele" v="1.9962"/>
  </node>
  <node id="20616" lat="-3.61072711238" lon="59.39982584712">
    <tag k="local_x" v="-82.353"/>
    <tag k="local_y" v="108.4738"/>
    <tag k="ele" v="1.9962"/>
  </node>
  <node id="20620" lat="-3.61073156283" lon="59.39981745481">
    <tag k="local_x" v="-83.2849"/>
    <tag k="local_y" v="107.9772"/>
    <tag k="ele" v="1.9962"/>
  </node>
  <node id="20622" lat="-3.6107365169" lon="59.39980946492">
    <tag k="local_x" v="-84.1718"/>
    <tag k="local_y" v="107.425"/>
    <tag k="ele" v="1.9962"/>
  </node>
  <node id="20624" lat="-3.61069978938" lon="59.39981859653">
    <tag k="local_x" v="-83.1718"/>
    <tag k="local_y" v="111.4967"/>
    <tag k="ele" v="1.9962"/>
  </node>
  <node id="20626" lat="-3.61070318924" lon="59.39980871656">
    <tag k="local_x" v="-84.2697"/>
    <tag k="local_y" v="111.1158"/>
    <tag k="ele" v="1.9962"/>
  </node>
  <node id="20628" lat="-3.61070817919" lon="59.39979953399">
    <tag k="local_x" v="-85.2893"/>
    <tag k="local_y" v="110.5591"/>
    <tag k="ele" v="1.9962"/>
  </node>
  <node id="20630" lat="-3.6107138263" lon="59.39979167077">
    <tag k="local_x" v="-86.1618"/>
    <tag k="local_y" v="109.9302"/>
    <tag k="ele" v="1.9962"/>
  </node>
  <node id="20939" lat="-3.6109780475" lon="59.39885276222">
    <tag k="local_x" v="-190.5228"/>
    <tag k="local_y" v="80.2529"/>
    <tag k="ele" v="1.8671"/>
  </node>
  <node id="20940" lat="-3.61098009409" lon="59.39882774492">
    <tag k="local_x" v="-193.3057"/>
    <tag k="local_y" v="80.0152"/>
    <tag k="ele" v="1.8986"/>
  </node>
  <node id="20987" lat="-3.61120015135" lon="59.39887120834">
    <tag k="local_x" v="-188.3727"/>
    <tag k="local_y" v="55.6624"/>
    <tag k="ele" v="1.8666"/>
  </node>
  <node id="20988" lat="-3.61120216214" lon="59.3988460456">
    <tag k="local_x" v="-191.1718"/>
    <tag k="local_y" v="55.4286"/>
    <tag k="ele" v="1.8964"/>
  </node>
  <node id="20994" lat="-3.61098066178" lon="59.39881793544">
    <tag k="local_x" v="-194.397"/>
    <tag k="local_y" v="79.948"/>
    <tag k="ele" v="1.8671"/>
  </node>
  <node id="20996" lat="-3.61104666646" lon="59.39882316863">
    <tag k="local_x" v="-193.7857"/>
    <tag k="local_y" v="72.6401"/>
    <tag k="ele" v="1.8619"/>
  </node>
  <node id="20997" lat="-3.61109204615" lon="59.39882663821">
    <tag k="local_x" v="-193.3797"/>
    <tag k="local_y" v="67.6157"/>
    <tag k="ele" v="1.8596"/>
  </node>
  <node id="20998" lat="-3.61113033184" lon="59.39882969902">
    <tag k="local_x" v="-193.0223"/>
    <tag k="local_y" v="63.3768"/>
    <tag k="ele" v="1.8636"/>
  </node>
  <node id="20999" lat="-3.61116431379" lon="59.39883241555">
    <tag k="local_x" v="-192.7051"/>
    <tag k="local_y" v="59.6144"/>
    <tag k="ele" v="1.8656"/>
  </node>
  <node id="21000" lat="-3.61120271871" lon="59.39883548487">
    <tag k="local_x" v="-192.3467"/>
    <tag k="local_y" v="55.3623"/>
    <tag k="ele" v="1.8666"/>
  </node>
  <node id="21001" lat="-3.61098270836" lon="59.39879291815">
    <tag k="local_x" v="-197.1799"/>
    <tag k="local_y" v="79.7103"/>
    <tag k="ele" v="1.8986"/>
  </node>
  <node id="21003" lat="-3.61104861343" lon="59.39879807624">
    <tag k="local_x" v="-196.577"/>
    <tag k="local_y" v="72.4134"/>
    <tag k="ele" v="1.8993"/>
  </node>
  <node id="21004" lat="-3.61109311004" lon="59.39880153762">
    <tag k="local_x" v="-196.1723"/>
    <tag k="local_y" v="67.4868"/>
    <tag k="ele" v="1.8984"/>
  </node>
  <node id="21005" lat="-3.61113234209" lon="59.39880462525">
    <tag k="local_x" v="-195.8115"/>
    <tag k="local_y" v="63.1431"/>
    <tag k="ele" v="1.8973"/>
  </node>
  <node id="21006" lat="-3.61116632387" lon="59.39880729954">
    <tag k="local_x" v="-195.499"/>
    <tag k="local_y" v="59.3807"/>
    <tag k="ele" v="1.8967"/>
  </node>
  <node id="21007" lat="-3.61120472949" lon="59.39881032213">
    <tag k="local_x" v="-195.1458"/>
    <tag k="local_y" v="55.1285"/>
    <tag k="ele" v="1.8964"/>
  </node>
  <node id="21055" lat="-3.61127160401" lon="59.39883467837">
    <tag k="local_x" v="-192.4062"/>
    <tag k="local_y" v="47.7327"/>
    <tag k="ele" v="1.8868"/>
  </node>
  <node id="21058" lat="-3.61125363489" lon="59.3988543296">
    <tag k="local_x" v="-190.2274"/>
    <tag k="local_y" v="49.7315"/>
    <tag k="ele" v="1.8868"/>
  </node>
  <node id="21061" lat="-3.6112244009" lon="59.3988394865">
    <tag k="local_x" v="-191.8919"/>
    <tag k="local_y" v="52.9627"/>
    <tag k="ele" v="1.8817"/>
  </node>
  <node id="21067" lat="-3.61124000816" lon="59.39884549097">
    <tag k="local_x" v="-191.2169"/>
    <tag k="local_y" v="51.2368"/>
    <tag k="ele" v="1.8817"/>
  </node>
  <node id="21069" lat="-3.61123339794" lon="59.39881375069">
    <tag k="local_x" v="-194.7517"/>
    <tag k="local_y" v="51.9549"/>
    <tag k="ele" v="1.8817"/>
  </node>
  <node id="21072" lat="-3.61124739596" lon="59.39881787879">
    <tag k="local_x" v="-194.2862"/>
    <tag k="local_y" v="50.4064"/>
    <tag k="ele" v="1.8817"/>
  </node>
  <node id="21075" lat="-3.61126044959" lon="59.3988254202">
    <tag k="local_x" v="-193.4413"/>
    <tag k="local_y" v="48.964"/>
    <tag k="ele" v="1.8817"/>
  </node>
  <node id="21082" lat="-3.61126727853" lon="59.39886424297">
    <tag k="local_x" v="-189.1183"/>
    <tag k="local_y" v="48.2248"/>
    <tag k="ele" v="1.8837"/>
  </node>
  <node id="21085" lat="-3.61128055178" lon="59.39887161186">
    <tag k="local_x" v="-188.2925"/>
    <tag k="local_y" v="46.758"/>
    <tag k="ele" v="1.8837"/>
  </node>
  <node id="21094" lat="-3.61128505654" lon="59.39884398769">
    <tag k="local_x" v="-191.3644"/>
    <tag k="local_y" v="46.2469"/>
    <tag k="ele" v="1.8837"/>
  </node>
  <node id="21115" lat="-3.61156279131" lon="59.39889957127">
    <tag k="local_x" v="-185.0574"/>
    <tag k="local_y" v="15.5115"/>
    <tag k="ele" v="1.851"/>
  </node>
  <node id="21116" lat="-3.61156469651" lon="59.39887465157">
    <tag k="local_x" v="-187.8295"/>
    <tag k="local_y" v="15.2895"/>
    <tag k="ele" v="1.8835"/>
  </node>
  <node id="21125" lat="-3.61156558321" lon="59.39886310189">
    <tag k="local_x" v="-189.1143"/>
    <tag k="local_y" v="15.1862"/>
    <tag k="ele" v="1.851"/>
  </node>
  <node id="21126" lat="-3.6115838221" lon="59.39886448218">
    <tag k="local_x" v="-188.9527"/>
    <tag k="local_y" v="13.1668"/>
    <tag k="ele" v="1.8481"/>
  </node>
  <node id="21127" lat="-3.61159558632" lon="59.39886543689">
    <tag k="local_x" v="-188.8413"/>
    <tag k="local_y" v="11.8643"/>
    <tag k="ele" v="1.8353"/>
  </node>
  <node id="21128" lat="-3.61173463176" lon="59.39887672557">
    <tag k="local_x" v="-187.5241"/>
    <tag k="local_y" v="-3.5304"/>
    <tag k="ele" v="1.8289"/>
  </node>
  <node id="21129" lat="-3.61156748842" lon="59.3988381822">
    <tag k="local_x" v="-191.8864"/>
    <tag k="local_y" v="14.9642"/>
    <tag k="ele" v="1.8835"/>
  </node>
  <node id="21130" lat="-3.61158492167" lon="59.39883950276">
    <tag k="local_x" v="-191.7318"/>
    <tag k="local_y" v="13.034"/>
    <tag k="ele" v="1.8804"/>
  </node>
  <node id="21131" lat="-3.61159762975" lon="59.39884053731">
    <tag k="local_x" v="-191.6111"/>
    <tag k="local_y" v="11.627"/>
    <tag k="ele" v="1.8775"/>
  </node>
  <node id="21132" lat="-3.61173667259" lon="59.39885185476">
    <tag k="local_x" v="-190.2907"/>
    <tag k="local_y" v="-3.7674"/>
    <tag k="ele" v="1.8761"/>
  </node>
  <node id="21136" lat="-3.61146509667" lon="59.39889218141">
    <tag k="local_x" v="-185.9226"/>
    <tag k="local_y" v="26.3282"/>
    <tag k="ele" v="1.8573"/>
  </node>
  <node id="21137" lat="-3.61146700274" lon="59.39886725093">
    <tag k="local_x" v="-188.6959"/>
    <tag k="local_y" v="26.1061"/>
    <tag k="ele" v="1.8903"/>
  </node>
  <node id="21173" lat="-3.61151272964" lon="59.39885202848">
    <tag k="local_x" v="-190.3697"/>
    <tag k="local_y" v="21.035"/>
    <tag k="ele" v="1.8786"/>
  </node>
  <node id="21176" lat="-3.61153131396" lon="59.39887235508">
    <tag k="local_x" v="-188.0997"/>
    <tag k="local_y" v="18.9857"/>
    <tag k="ele" v="1.8786"/>
  </node>
  <node id="21182" lat="-3.61150292421" lon="59.39888743813">
    <tag k="local_x" v="-186.4338"/>
    <tag k="local_y" v="22.1366"/>
    <tag k="ele" v="1.8737"/>
  </node>
  <node id="21183" lat="-3.611511846" lon="59.39888384327">
    <tag k="local_x" v="-186.8299"/>
    <tag k="local_y" v="21.1469"/>
    <tag k="ele" v="1.8737"/>
  </node>
  <node id="21184" lat="-3.61151990198" lon="59.39887890741">
    <tag k="local_x" v="-187.3756"/>
    <tag k="local_y" v="20.2525"/>
    <tag k="ele" v="1.8737"/>
  </node>
  <node id="21186" lat="-3.61149013095" lon="59.3988632064">
    <tag k="local_x" v="-189.1358"/>
    <tag k="local_y" v="23.5428"/>
    <tag k="ele" v="1.8737"/>
  </node>
  <node id="21188" lat="-3.61150162002" lon="59.39885832709">
    <tag k="local_x" v="-189.6737"/>
    <tag k="local_y" v="22.2682"/>
    <tag k="ele" v="1.8737"/>
  </node>
  <node id="21194" lat="-3.61154326688" lon="59.39886741283">
    <tag k="local_x" v="-188.6444"/>
    <tag k="local_y" v="17.6597"/>
    <tag k="ele" v="1.8837"/>
  </node>
  <node id="21196" lat="-3.61155310308" lon="59.39886466541">
    <tag k="local_x" v="-188.9458"/>
    <tag k="local_y" v="16.5691"/>
    <tag k="ele" v="1.8837"/>
  </node>
  <node id="21197" lat="-3.61152319506" lon="59.39884517253">
    <tag k="local_x" v="-191.128"/>
    <tag k="local_y" v="19.8729"/>
    <tag k="ele" v="1.8837"/>
  </node>
  <node id="21198" lat="-3.61153059119" lon="59.39884141474">
    <tag k="local_x" v="-191.5429"/>
    <tag k="local_y" v="19.0521"/>
    <tag k="ele" v="1.8837"/>
  </node>
  <node id="21199" lat="-3.61153941733" lon="59.39883851494">
    <tag k="local_x" v="-191.8617"/>
    <tag k="local_y" v="18.0733"/>
    <tag k="ele" v="1.8837"/>
  </node>
  <node id="21200" lat="-3.6115475489" lon="59.39883759676">
    <tag k="local_x" v="-191.9603"/>
    <tag k="local_y" v="17.1723"/>
    <tag k="ele" v="1.8837"/>
  </node>
  <node id="21208" lat="-3.61176595408" lon="59.39887907333">
    <tag k="local_x" v="-187.2491"/>
    <tag k="local_y" v="-6.9984"/>
    <tag k="ele" v="1.8519"/>
  </node>
  <node id="21210" lat="-3.61178418716" lon="59.39887922245">
    <tag k="local_x" v="-187.2245"/>
    <tag k="local_y" v="-9.0177"/>
    <tag k="ele" v="1.8519"/>
  </node>
  <node id="21212" lat="-3.61180263915" lon="59.398877887">
    <tag k="local_x" v="-187.365"/>
    <tag k="local_y" v="-11.0619"/>
    <tag k="ele" v="1.8519"/>
  </node>
  <node id="21214" lat="-3.61182093444" lon="59.39887506665">
    <tag k="local_x" v="-187.6708"/>
    <tag k="local_y" v="-13.0894"/>
    <tag k="ele" v="1.8519"/>
  </node>
  <node id="21216" lat="-3.6118389512" lon="59.39887077807">
    <tag k="local_x" v="-188.1401"/>
    <tag k="local_y" v="-15.0867"/>
    <tag k="ele" v="1.8519"/>
  </node>
  <node id="21218" lat="-3.61185631881" lon="59.39886513955">
    <tag k="local_x" v="-188.7599"/>
    <tag k="local_y" v="-17.0127"/>
    <tag k="ele" v="1.8519"/>
  </node>
  <node id="21219" lat="-3.61176647227" lon="59.39885412135">
    <tag k="local_x" v="-190.0254"/>
    <tag k="local_y" v="-7.0668"/>
    <tag k="ele" v="1.8519"/>
  </node>
  <node id="21221" lat="-3.61178316928" lon="59.39885398717">
    <tag k="local_x" v="-190.033"/>
    <tag k="local_y" v="-8.9161"/>
    <tag k="ele" v="1.8519"/>
  </node>
  <node id="21223" lat="-3.61179953411" lon="59.39885251976">
    <tag k="local_x" v="-190.1891"/>
    <tag k="local_y" v="-10.7292"/>
    <tag k="ele" v="1.8519"/>
  </node>
  <node id="21225" lat="-3.61181571495" lon="59.39884974011">
    <tag k="local_x" v="-190.4913"/>
    <tag k="local_y" v="-12.5225"/>
    <tag k="ele" v="1.8519"/>
  </node>
  <node id="21227" lat="-3.61183160351" lon="59.39884566842">
    <tag k="local_x" v="-190.9374"/>
    <tag k="local_y" v="-14.284"/>
    <tag k="ele" v="1.8519"/>
  </node>
  <node id="21229" lat="-3.61184734942" lon="59.39884023939">
    <tag k="local_x" v="-191.5346"/>
    <tag k="local_y" v="-16.0303"/>
    <tag k="ele" v="1.8519"/>
  </node>
  <node id="21739" lat="-3.61188274253" lon="59.39888554485">
    <tag k="local_x" v="-186.4777"/>
    <tag k="local_y" v="-19.9302"/>
    <tag k="ele" v="1.8516"/>
  </node>
  <node id="21740" lat="-3.61187157726" lon="59.39886155023">
    <tag k="local_x" v="-189.1526"/>
    <tag k="local_y" v="-18.7042"/>
    <tag k="ele" v="1.8516"/>
  </node>
  <node id="21994" lat="-3.61143839685" lon="59.39885255274">
    <tag k="local_x" v="-190.344"/>
    <tag k="local_y" v="29.2678"/>
    <tag k="ele" v="1.8353"/>
  </node>
  <node id="21998" lat="-3.61144044028" lon="59.39882765317">
    <tag k="local_x" v="-193.1138"/>
    <tag k="local_y" v="29.0305"/>
    <tag k="ele" v="1.8775"/>
  </node>
  <node id="22003" lat="-3.61143281415" lon="59.39885209937">
    <tag k="local_x" v="-190.3969"/>
    <tag k="local_y" v="29.8859"/>
    <tag k="ele" v="1.8417"/>
  </node>
  <node id="22004" lat="-3.61143485668" lon="59.3988271989">
    <tag k="local_x" v="-193.1668"/>
    <tag k="local_y" v="29.6487"/>
    <tag k="ele" v="1.879"/>
  </node>
  <node id="22011" lat="-3.61150568774" lon="59.39883296391">
    <tag k="local_x" v="-192.4942"/>
    <tag k="local_y" v="21.8065"/>
    <tag k="ele" v="1.8768"/>
  </node>
  <node id="22040" lat="-3.61175509634" lon="59.39881214957">
    <tag k="local_x" v="-194.7008"/>
    <tag k="local_y" v="-5.8254"/>
    <tag k="ele" v="1.8284"/>
  </node>
  <node id="22043" lat="-3.61175300862" lon="59.39883884847">
    <tag k="local_x" v="-191.7308"/>
    <tag k="local_y" v="-5.5824"/>
    <tag k="ele" v="1.8284"/>
  </node>
  <node id="22047" lat="-3.61182570714" lon="59.39884444432">
    <tag k="local_x" v="-191.0762"/>
    <tag k="local_y" v="-13.6315"/>
    <tag k="ele" v="1.8189"/>
  </node>
  <node id="22048" lat="-3.61182778131" lon="59.39881774457">
    <tag k="local_x" v="-194.0463"/>
    <tag k="local_y" v="-13.873"/>
    <tag k="ele" v="1.8189"/>
  </node>
  <node id="22055" lat="-3.6118547175" lon="59.3988466664">
    <tag k="local_x" v="-190.8162"/>
    <tag k="local_y" v="-16.8435"/>
    <tag k="ele" v="1.8185"/>
  </node>
  <node id="22058" lat="-3.61189337634" lon="59.39884956215">
    <tag k="local_x" v="-190.477"/>
    <tag k="local_y" v="-21.1238"/>
    <tag k="ele" v="1.8185"/>
  </node>
  <node id="22061" lat="-3.61193204203" lon="59.39885236351">
    <tag k="local_x" v="-190.1483"/>
    <tag k="local_y" v="-25.4049"/>
    <tag k="ele" v="1.8185"/>
  </node>
  <node id="22066" lat="-3.61185675004" lon="59.39881994255">
    <tag k="local_x" v="-193.789"/>
    <tag k="local_y" v="-17.0804"/>
    <tag k="ele" v="1.8185"/>
  </node>
  <node id="22068" lat="-3.61188248063" lon="59.39882183966">
    <tag k="local_x" v="-193.5666"/>
    <tag k="local_y" v="-19.9293"/>
    <tag k="ele" v="1.8185"/>
  </node>
  <node id="22073" lat="-3.61194682037" lon="59.39882639637">
    <tag k="local_x" v="-193.0313"/>
    <tag k="local_y" v="-27.0531"/>
    <tag k="ele" v="1.8185"/>
  </node>
  <node id="22338" lat="-3.61060410088" lon="59.39873087463">
    <tag k="local_x" v="-204.25"/>
    <tag k="local_y" v="121.6148"/>
    <tag k="ele" v="1.8872"/>
  </node>
  <node id="22339" lat="-3.61060202201" lon="59.39875640248">
    <tag k="local_x" v="-201.4103"/>
    <tag k="local_y" v="121.8563"/>
    <tag k="ele" v="1.8872"/>
  </node>
  <node id="22354" lat="-3.6107674622" lon="59.39871190888">
    <tag k="local_x" v="-206.2887"/>
    <tag k="local_y" v="103.5137"/>
    <tag k="ele" v="1.8364"/>
  </node>
  <node id="22358" lat="-3.61076126049" lon="59.39872515824">
    <tag k="local_x" v="-204.8171"/>
    <tag k="local_y" v="104.2064"/>
    <tag k="ele" v="1.8364"/>
  </node>
  <node id="22362" lat="-3.61075211446" lon="59.39873592899">
    <tag k="local_x" v="-203.6226"/>
    <tag k="local_y" v="105.2241"/>
    <tag k="ele" v="1.8364"/>
  </node>
  <node id="22366" lat="-3.61074072635" lon="59.39874462006">
    <tag k="local_x" v="-202.6605"/>
    <tag k="local_y" v="106.4892"/>
    <tag k="ele" v="1.8364"/>
  </node>
  <node id="22370" lat="-3.61072743097" lon="59.39874937977">
    <tag k="local_x" v="-202.1367"/>
    <tag k="local_y" v="107.9638"/>
    <tag k="ele" v="1.8364"/>
  </node>
  <node id="22374" lat="-3.61071275602" lon="59.39875098249">
    <tag k="local_x" v="-201.9648"/>
    <tag k="local_y" v="109.5898"/>
    <tag k="ele" v="1.8364"/>
  </node>
  <node id="22375" lat="-3.61079503015" lon="59.39871243099">
    <tag k="local_x" v="-206.2185"/>
    <tag k="local_y" v="100.4607"/>
    <tag k="ele" v="1.8364"/>
  </node>
  <node id="22378" lat="-3.61079134926" lon="59.39872723769">
    <tag k="local_x" v="-204.5725"/>
    <tag k="local_y" v="100.8749"/>
    <tag k="ele" v="1.8364"/>
  </node>
  <node id="22380" lat="-3.6107872188" lon="59.39873684914">
    <tag k="local_x" v="-203.5048"/>
    <tag k="local_y" v="101.3366"/>
    <tag k="ele" v="1.8364"/>
  </node>
  <node id="22384" lat="-3.61077536263" lon="59.39875406958">
    <tag k="local_x" v="-201.5938"/>
    <tag k="local_y" v="102.6573"/>
    <tag k="ele" v="1.8364"/>
  </node>
  <node id="22388" lat="-3.61075941805" lon="59.39876765484">
    <tag k="local_x" v="-200.0891"/>
    <tag k="local_y" v="104.4292"/>
    <tag k="ele" v="1.8364"/>
  </node>
  <node id="22392" lat="-3.61074046844" lon="59.39877667051">
    <tag k="local_x" v="-199.0942"/>
    <tag k="local_y" v="106.5319"/>
    <tag k="ele" v="1.8364"/>
  </node>
  <node id="22396" lat="-3.6107198034" lon="59.39878049591">
    <tag k="local_x" v="-198.6776"/>
    <tag k="local_y" v="108.8223"/>
    <tag k="ele" v="1.8364"/>
  </node>
  <node id="22405" lat="-3.6106595475" lon="59.39877343728">
    <tag k="local_x" v="-199.4895"/>
    <tag k="local_y" v="115.4927"/>
    <tag k="ele" v="1.9683"/>
  </node>
  <node id="22408" lat="-3.6106649953" lon="59.39874840568">
    <tag k="local_x" v="-202.2725"/>
    <tag k="local_y" v="114.8783"/>
    <tag k="ele" v="1.9683"/>
  </node>
  <node id="22413" lat="-3.61069645607" lon="59.39875105847">
    <tag k="local_x" v="-201.9635"/>
    <tag k="local_y" v="111.3951"/>
    <tag k="ele" v="1.7923"/>
  </node>
  <node id="22417" lat="-3.61067988109" lon="59.39875009039">
    <tag k="local_x" v="-202.0785"/>
    <tag k="local_y" v="113.2304"/>
    <tag k="ele" v="1.7923"/>
  </node>
  <node id="22420" lat="-3.61069812022" lon="59.39877964683">
    <tag k="local_x" v="-198.7816"/>
    <tag k="local_y" v="111.2234"/>
    <tag k="ele" v="1.7923"/>
  </node>
  <node id="22424" lat="-3.61067976777" lon="59.39877741054">
    <tag k="local_x" v="-199.0385"/>
    <tag k="local_y" v="113.255"/>
    <tag k="ele" v="1.7923"/>
  </node>
  <node id="22609" lat="-3.61034345939" lon="59.40052991853">
    <tag k="local_x" v="-4.1759"/>
    <tag k="local_y" v="151.2748"/>
    <tag k="ele" v="2.1251"/>
  </node>
  <node id="22610" lat="-3.61034548755" lon="59.40050501721">
    <tag k="local_x" v="-6.9459"/>
    <tag k="local_y" v="151.0392"/>
    <tag k="ele" v="2.1251"/>
  </node>
  <node id="22819" lat="-3.61006463188" lon="59.400507486">
    <tag k="local_x" v="-6.7944"/>
    <tag k="local_y" v="182.1458"/>
    <tag k="ele" v="2.1269"/>
  </node>
  <node id="22820" lat="-3.61006675225" lon="59.40047988831">
    <tag k="local_x" v="-9.8644"/>
    <tag k="local_y" v="181.8988"/>
    <tag k="ele" v="2.1269"/>
  </node>
  <node id="22900" lat="-3.61055786134" lon="59.40053941245">
    <tag k="local_x" v="-3.0254"/>
    <tag k="local_y" v="127.5334"/>
    <tag k="ele" v="2.1269"/>
  </node>
  <node id="22901" lat="-3.61055990034" lon="59.40051406174">
    <tag k="local_x" v="-5.8454"/>
    <tag k="local_y" v="127.2964"/>
    <tag k="ele" v="2.1269"/>
  </node>
  <node id="22977" lat="-3.61023393442" lon="59.4005188437">
    <tag k="local_x" v="-5.4563"/>
    <tag k="local_y" v="163.4001"/>
    <tag k="ele" v="2.126"/>
  </node>
  <node id="22978" lat="-3.61023691774" lon="59.40049073485">
    <tag k="local_x" v="-8.5828"/>
    <tag k="local_y" v="163.0573"/>
    <tag k="ele" v="2.126"/>
  </node>
  <node id="23559" lat="-3.61013369316" lon="59.40054133555">
    <tag k="local_x" v="-2.9975"/>
    <tag k="local_y" v="174.512"/>
    <tag k="ele" v="2.0627"/>
  </node>
  <node id="23560" lat="-3.61004979847" lon="59.40052010168">
    <tag k="local_x" v="-5.3971"/>
    <tag k="local_y" v="183.7942"/>
    <tag k="ele" v="2.0627"/>
  </node>
  <node id="23727" lat="-3.61046047462" lon="59.40053978025">
    <tag k="local_x" v="-3.0272"/>
    <tag k="local_y" v="138.3194"/>
    <tag k="ele" v="2.1269"/>
  </node>
  <node id="23728" lat="-3.61046259219" lon="59.40051488667">
    <tag k="local_x" v="-5.7963"/>
    <tag k="local_y" v="138.0739"/>
    <tag k="ele" v="2.1269"/>
  </node>
  <node id="23737" lat="-3.61034443414" lon="59.40048875713">
    <tag k="local_x" v="-8.7557"/>
    <tag k="local_y" v="151.1487"/>
    <tag k="ele" v="2.1251"/>
  </node>
  <node id="23740" lat="-3.6103464623" lon="59.40046385582">
    <tag k="local_x" v="-11.5257"/>
    <tag k="local_y" v="150.9131"/>
    <tag k="ele" v="2.1251"/>
  </node>
  <node id="23752" lat="-3.61054983728" lon="59.40053876469">
    <tag k="local_x" v="-3.101"/>
    <tag k="local_y" v="128.4218"/>
    <tag k="ele" v="2.1277"/>
  </node>
  <node id="23753" lat="-3.61055187629" lon="59.40051341398">
    <tag k="local_x" v="-5.921"/>
    <tag k="local_y" v="128.1848"/>
    <tag k="ele" v="2.1277"/>
  </node>
  <node id="23776" lat="-3.61042797709" lon="59.40049579778">
    <tag k="local_x" v="-7.9356"/>
    <tag k="local_y" v="141.8992"/>
    <tag k="ele" v="2.126"/>
  </node>
  <node id="23777" lat="-3.61043009466" lon="59.4004709042">
    <tag k="local_x" v="-10.7047"/>
    <tag k="local_y" v="141.6537"/>
    <tag k="ele" v="2.126"/>
  </node>
  <node id="23875" lat="-3.61086331715" lon="59.40051002012">
    <tag k="local_x" v="-6.162"/>
    <tag k="local_y" v="93.6904"/>
    <tag k="ele" v="2.012"/>
  </node>
  <node id="23876" lat="-3.61103056531" lon="59.40052358125">
    <tag k="local_x" v="-4.5796"/>
    <tag k="local_y" v="75.1732"/>
    <tag k="ele" v="1.9923"/>
  </node>
  <node id="23878" lat="-3.61086122739" lon="59.40053554717">
    <tag k="local_x" v="-3.3224"/>
    <tag k="local_y" v="93.9331"/>
    <tag k="ele" v="2.012"/>
  </node>
  <node id="23879" lat="-3.61102847556" lon="59.40054910921">
    <tag k="local_x" v="-1.7399"/>
    <tag k="local_y" v="75.4159"/>
    <tag k="ele" v="1.9923"/>
  </node>
  <node id="23903" lat="-3.61073425493" lon="59.40013397752">
    <tag k="local_x" v="-48.0627"/>
    <tag k="local_y" v="107.8186"/>
    <tag k="ele" v="1.9962"/>
  </node>
  <node id="23904" lat="-3.61070909915" lon="59.40013200438">
    <tag k="local_x" v="-48.2933"/>
    <tag k="local_y" v="110.6038"/>
    <tag k="ele" v="1.9962"/>
  </node>
  <node id="23924" lat="-3.61079329978" lon="59.39937827224">
    <tag k="local_x" v="-132.1278"/>
    <tag k="local_y" v="100.946"/>
    <tag k="ele" v="1.9614"/>
  </node>
  <node id="23925" lat="-3.61076799218" lon="59.39937625928">
    <tag k="local_x" v="-132.3629"/>
    <tag k="local_y" v="103.748"/>
    <tag k="ele" v="1.9792"/>
  </node>
  <node id="23952" lat="-3.61081596816" lon="59.3990977495">
    <tag k="local_x" v="-163.333"/>
    <tag k="local_y" v="98.3117"/>
    <tag k="ele" v="1.934"/>
  </node>
  <node id="23953" lat="-3.61079051907" lon="59.39909580092">
    <tag k="local_x" v="-163.561"/>
    <tag k="local_y" v="101.1294"/>
    <tag k="ele" v="1.9474"/>
  </node>
  <node id="24027" lat="-3.61072302909" lon="59.40023538254">
    <tag k="local_x" v="-36.7838"/>
    <tag k="local_y" v="109.1066"/>
    <tag k="ele" v="1.9962"/>
  </node>
  <node id="24029" lat="-3.61069601219" lon="59.40023358209">
    <tag k="local_x" v="-36.996"/>
    <tag k="local_y" v="112.098"/>
    <tag k="ele" v="1.9962"/>
  </node>
  <node id="24151" lat="-3.6106993384" lon="59.4001135652">
    <tag k="local_x" v="-50.3494"/>
    <tag k="local_y" v="111.6767"/>
    <tag k="ele" v="1.9962"/>
  </node>
  <node id="24153" lat="-3.61067418263" lon="59.40011159206">
    <tag k="local_x" v="-50.58"/>
    <tag k="local_y" v="114.4619"/>
    <tag k="ele" v="1.9962"/>
  </node>
  <node id="24194" lat="-3.61068833202" lon="59.40024832729">
    <tag k="local_x" v="-35.3586"/>
    <tag k="local_y" v="112.9551"/>
    <tag k="ele" v="1.9962"/>
  </node>
  <node id="24195" lat="-3.61066318142" lon="59.40024629212">
    <tag k="local_x" v="-35.5961"/>
    <tag k="local_y" v="115.7397"/>
    <tag k="ele" v="1.9962"/>
  </node>
  <node id="24263" lat="-3.61076416691" lon="59.39975393456">
    <tag k="local_x" v="-90.3388"/>
    <tag k="local_y" v="104.3382"/>
    <tag k="ele" v="1.9804"/>
  </node>
  <node id="24264" lat="-3.61073908208" lon="59.39975186319">
    <tag k="local_x" v="-90.5803"/>
    <tag k="local_y" v="107.1155"/>
    <tag k="ele" v="1.982"/>
  </node>
  <node id="24284" lat="-3.61075446962" lon="59.39988320324">
    <tag k="local_x" v="-75.9587"/>
    <tag k="local_y" v="105.4692"/>
    <tag k="ele" v="1.9941"/>
  </node>
  <node id="24285" lat="-3.61072930217" lon="59.39988124453">
    <tag k="local_x" v="-76.1877"/>
    <tag k="local_y" v="108.2557"/>
    <tag k="ele" v="1.9948"/>
  </node>
  <node id="24291" lat="-3.61071471833" lon="59.3999225207">
    <tag k="local_x" v="-71.6011"/>
    <tag k="local_y" v="109.8891"/>
    <tag k="ele" v="1.9962"/>
  </node>
  <node id="24292" lat="-3.61068956424" lon="59.3999205152">
    <tag k="local_x" v="-71.8353"/>
    <tag k="local_y" v="112.6741"/>
    <tag k="ele" v="1.9962"/>
  </node>
  <node id="24311" lat="-3.61076790762" lon="59.39970652186">
    <tag k="local_x" v="-95.613"/>
    <tag k="local_y" v="103.903"/>
    <tag k="ele" v="1.9962"/>
  </node>
  <node id="24323" lat="-3.61075740436" lon="59.39963811299">
    <tag k="local_x" v="-103.2298"/>
    <tag k="local_y" v="105.0361"/>
    <tag k="ele" v="1.985"/>
  </node>
  <node id="24328" lat="-3.61074104749" lon="59.39958375822">
    <tag k="local_x" v="-109.2853"/>
    <tag k="local_y" v="106.8237"/>
    <tag k="ele" v="1.9962"/>
  </node>
  <node id="24329" lat="-3.6107428548" lon="59.39970500576">
    <tag k="local_x" v="-95.7927"/>
    <tag k="local_y" v="106.677"/>
    <tag k="ele" v="1.9962"/>
  </node>
  <node id="24338" lat="-3.61073030318" lon="59.39965006442">
    <tag k="local_x" v="-101.9118"/>
    <tag k="local_y" v="108.0429"/>
    <tag k="ele" v="1.985"/>
  </node>
  <node id="24344" lat="-3.61071589173" lon="59.39958178509">
    <tag k="local_x" v="-109.5159"/>
    <tag k="local_y" v="109.6089"/>
    <tag k="ele" v="1.9962"/>
  </node>
  <node id="24389" lat="-3.61075394767" lon="59.39942213812">
    <tag k="local_x" v="-127.2639"/>
    <tag k="local_y" v="105.3237"/>
    <tag k="ele" v="1.9962"/>
  </node>
  <node id="24391" lat="-3.61072879359" lon="59.39942013264">
    <tag k="local_x" v="-127.4981"/>
    <tag k="local_y" v="108.1087"/>
    <tag k="ele" v="1.9962"/>
  </node>
  <node id="24483" lat="-3.61078850049" lon="59.39943805936">
    <tag k="local_x" v="-125.4771"/>
    <tag k="local_y" v="101.5039"/>
    <tag k="ele" v="1.9614"/>
  </node>
  <node id="24484" lat="-3.61076319289" lon="59.3994360464">
    <tag k="local_x" v="-125.7122"/>
    <tag k="local_y" v="104.3059"/>
    <tag k="ele" v="1.9802"/>
  </node>
  <node id="24549" lat="-3.61077731293" lon="59.39958443298">
    <tag k="local_x" v="-109.1943"/>
    <tag k="local_y" v="102.8075"/>
    <tag k="ele" v="1.9614"/>
  </node>
  <node id="24550" lat="-3.61078211223" lon="59.39952464585">
    <tag k="local_x" v="-115.845"/>
    <tag k="local_y" v="102.2496"/>
    <tag k="ele" v="1.9614"/>
  </node>
  <node id="24551" lat="-3.61075200532" lon="59.39958242001">
    <tag k="local_x" v="-109.4294"/>
    <tag k="local_y" v="105.6095"/>
    <tag k="ele" v="1.9802"/>
  </node>
  <node id="24552" lat="-3.61075680462" lon="59.39952263289">
    <tag k="local_x" v="-116.0801"/>
    <tag k="local_y" v="105.0516"/>
    <tag k="ele" v="1.9792"/>
  </node>
  <node id="24608" lat="-3.61075046249" lon="59.39962602263">
    <tag k="local_x" v="-104.5782"/>
    <tag k="local_y" v="105.7996"/>
    <tag k="ele" v="1.9841"/>
  </node>
  <node id="24609" lat="-3.61072224895" lon="59.39963503079">
    <tag k="local_x" v="-103.5882"/>
    <tag k="local_y" v="108.9283"/>
    <tag k="ele" v="1.9841"/>
  </node>
  <node id="24618" lat="-3.61074499987" lon="59.3996108278">
    <tag k="local_x" v="-106.2714"/>
    <tag k="local_y" v="106.3979"/>
    <tag k="ele" v="1.9841"/>
  </node>
  <node id="24622" lat="-3.61074218748" lon="59.39959703974">
    <tag k="local_x" v="-107.8069"/>
    <tag k="local_y" v="106.7033"/>
    <tag k="ele" v="1.9841"/>
  </node>
  <node id="24628" lat="-3.61071552777" lon="59.39961713951">
    <tag k="local_x" v="-105.582"/>
    <tag k="local_y" v="109.6648"/>
    <tag k="ele" v="1.9841"/>
  </node>
  <node id="24632" lat="-3.61071500118" lon="59.39959849678">
    <tag k="local_x" v="-107.6567"/>
    <tag k="local_y" v="109.7149"/>
    <tag k="ele" v="1.9841"/>
  </node>
  <node id="24827" lat="-3.61151686259" lon="59.40058915946">
    <tag k="local_x" v="2.931"/>
    <tag k="local_y" v="21.3434"/>
    <tag k="ele" v="1.9012"/>
  </node>
  <node id="24828" lat="-3.61151887683" lon="59.40056394632">
    <tag k="local_x" v="0.1263"/>
    <tag k="local_y" v="21.1092"/>
    <tag k="ele" v="1.8835"/>
  </node>
  <node id="24860" lat="-3.61082109729" lon="59.40051101429">
    <tag k="local_x" v="-6.0699"/>
    <tag k="local_y" v="98.3668"/>
    <tag k="ele" v="1.9439"/>
  </node>
  <node id="24861" lat="-3.61082813468" lon="59.40050786004">
    <tag k="local_x" v="-6.4178"/>
    <tag k="local_y" v="97.586"/>
    <tag k="ele" v="1.9403"/>
  </node>
  <node id="24880" lat="-3.61080909374" lon="59.40048645946">
    <tag k="local_x" v="-8.8075"/>
    <tag k="local_y" v="99.6854"/>
    <tag k="ele" v="1.9439"/>
  </node>
  <node id="24882" lat="-3.61081648357" lon="59.40048247435">
    <tag k="local_x" v="-9.2477"/>
    <tag k="local_y" v="98.8652"/>
    <tag k="ele" v="1.9403"/>
  </node>
  <node id="24899" lat="-3.61102961329" lon="59.40051079145">
    <tag k="local_x" v="-6.0032"/>
    <tag k="local_y" v="75.273"/>
    <tag k="ele" v="1.9923"/>
  </node>
  <node id="24901" lat="-3.61103170304" lon="59.40048526349">
    <tag k="local_x" v="-8.8429"/>
    <tag k="local_y" v="75.0303"/>
    <tag k="ele" v="1.9923"/>
  </node>
  <node id="25036" lat="-3.6108727023" lon="59.40049806756">
    <tag k="local_x" v="-7.4879"/>
    <tag k="local_y" v="92.6457"/>
    <tag k="ele" v="2.0022"/>
  </node>
  <node id="25037" lat="-3.61087479206" lon="59.40047254051">
    <tag k="local_x" v="-10.3275"/>
    <tag k="local_y" v="92.403"/>
    <tag k="ele" v="2.0022"/>
  </node>
  <node id="25043" lat="-3.61083623433" lon="59.40050458838">
    <tag k="local_x" v="-6.7783"/>
    <tag k="local_y" v="96.6875"/>
    <tag k="ele" v="1.9402"/>
  </node>
  <node id="25045" lat="-3.61084350009" lon="59.40050209915">
    <tag k="local_x" v="-7.0521"/>
    <tag k="local_y" v="95.8817"/>
    <tag k="ele" v="1.9402"/>
  </node>
  <node id="25047" lat="-3.61085068296" lon="59.40050033458">
    <tag k="local_x" v="-7.2453"/>
    <tag k="local_y" v="95.0854"/>
    <tag k="ele" v="1.9402"/>
  </node>
  <node id="25049" lat="-3.61085800201" lon="59.40049920934">
    <tag k="local_x" v="-7.3673"/>
    <tag k="local_y" v="94.2743"/>
    <tag k="ele" v="1.9402"/>
  </node>
  <node id="25051" lat="-3.61086550336" lon="59.40049828827">
    <tag k="local_x" v="-7.4665"/>
    <tag k="local_y" v="93.4431"/>
    <tag k="ele" v="1.9402"/>
  </node>
  <node id="25053" lat="-3.61082713583" lon="59.40047786168">
    <tag k="local_x" v="-9.7563"/>
    <tag k="local_y" v="97.6834"/>
    <tag k="ele" v="1.9402"/>
  </node>
  <node id="25055" lat="-3.61083613831" lon="59.40047502231">
    <tag k="local_x" v="-10.0683"/>
    <tag k="local_y" v="96.6851"/>
    <tag k="ele" v="1.9402"/>
  </node>
  <node id="25057" lat="-3.61084563488" lon="59.40047291341">
    <tag k="local_x" v="-10.2988"/>
    <tag k="local_y" v="95.6324"/>
    <tag k="ele" v="1.9402"/>
  </node>
  <node id="25059" lat="-3.61085533162" lon="59.40047209782">
    <tag k="local_x" v="-10.3853"/>
    <tag k="local_y" v="94.5581"/>
    <tag k="ele" v="1.9402"/>
  </node>
  <node id="25061" lat="-3.61086509407" lon="59.40047213661">
    <tag k="local_x" v="-10.3767"/>
    <tag k="local_y" v="93.4769"/>
    <tag k="ele" v="1.9402"/>
  </node>
  <node id="25077" lat="-3.6107703075" lon="59.40052325413">
    <tag k="local_x" v="-4.7302"/>
    <tag k="local_y" v="103.9973"/>
    <tag k="ele" v="1.9985"/>
  </node>
  <node id="25078" lat="-3.6107726873" lon="59.40049460124">
    <tag k="local_x" v="-7.9175"/>
    <tag k="local_y" v="103.7211"/>
    <tag k="ele" v="1.9967"/>
  </node>
  <node id="25160" lat="-3.61110340375" lon="59.40051008527">
    <tag k="local_x" v="-6.0494"/>
    <tag k="local_y" v="67.1002"/>
    <tag k="ele" v="1.9823"/>
  </node>
  <node id="25168" lat="-3.61104430199" lon="59.40051354189">
    <tag k="local_x" v="-5.6907"/>
    <tag k="local_y" v="73.6474"/>
    <tag k="ele" v="1.9918"/>
  </node>
  <node id="25172" lat="-3.61106305324" lon="59.40051909995">
    <tag k="local_x" v="-5.064"/>
    <tag k="local_y" v="71.5731"/>
    <tag k="ele" v="1.9918"/>
  </node>
  <node id="25176" lat="-3.61107675899" lon="59.40052601334">
    <tag k="local_x" v="-4.2887"/>
    <tag k="local_y" v="70.0582"/>
    <tag k="ele" v="1.9918"/>
  </node>
  <node id="25179" lat="-3.61104417766" lon="59.40048638977">
    <tag k="local_x" v="-8.7121"/>
    <tag k="local_y" v="73.6492"/>
    <tag k="ele" v="1.9918"/>
  </node>
  <node id="25183" lat="-3.61106326372" lon="59.40049009164">
    <tag k="local_x" v="-8.2918"/>
    <tag k="local_y" v="71.537"/>
    <tag k="ele" v="1.9918"/>
  </node>
  <node id="25187" lat="-3.61108177456" lon="59.40049695193">
    <tag k="local_x" v="-7.5203"/>
    <tag k="local_y" v="69.4899"/>
    <tag k="ele" v="1.9918"/>
  </node>
  <node id="25195" lat="-3.61114163099" lon="59.40055696585">
    <tag k="local_x" v="-0.816"/>
    <tag k="local_y" v="62.8871"/>
    <tag k="ele" v="1.9739"/>
  </node>
  <node id="25202" lat="-3.611097696" lon="59.40054082454">
    <tag k="local_x" v="-2.6314"/>
    <tag k="local_y" v="67.7459"/>
    <tag k="ele" v="1.9653"/>
  </node>
  <node id="25206" lat="-3.61111440943" lon="59.40054934458">
    <tag k="local_x" v="-1.676"/>
    <tag k="local_y" v="65.8986"/>
    <tag k="ele" v="1.9653"/>
  </node>
  <node id="25210" lat="-3.61112929716" lon="59.40055355369">
    <tag k="local_x" v="-1.2011"/>
    <tag k="local_y" v="64.2516"/>
    <tag k="ele" v="1.9653"/>
  </node>
  <node id="25214" lat="-3.61111848461" lon="59.40052039472">
    <tag k="local_x" v="-4.8956"/>
    <tag k="local_y" v="65.4345"/>
    <tag k="ele" v="1.9653"/>
  </node>
  <node id="25218" lat="-3.61113712293" lon="59.40052888651">
    <tag k="local_x" v="-3.9425"/>
    <tag k="local_y" v="63.374"/>
    <tag k="ele" v="1.9653"/>
  </node>
  <node id="25240" lat="-3.61099816281" lon="59.40050824101">
    <tag k="local_x" v="-6.3008"/>
    <tag k="local_y" v="78.7551"/>
    <tag k="ele" v="1.9973"/>
  </node>
  <node id="25241" lat="-3.61100025166" lon="59.40048271306">
    <tag k="local_x" v="-9.1405"/>
    <tag k="local_y" v="78.5125"/>
    <tag k="ele" v="1.9973"/>
  </node>
  <node id="25328" lat="-3.61142922001" lon="59.40055072181">
    <tag k="local_x" v="-1.3846"/>
    <tag k="local_y" v="31.0331"/>
    <tag k="ele" v="1.9402"/>
  </node>
  <node id="25330" lat="-3.61143961824" lon="59.40054784457">
    <tag k="local_x" v="-1.7002"/>
    <tag k="local_y" v="29.8802"/>
    <tag k="ele" v="1.9402"/>
  </node>
  <node id="25332" lat="-3.61144949261" lon="59.4005467416">
    <tag k="local_x" v="-1.8186"/>
    <tag k="local_y" v="28.7861"/>
    <tag k="ele" v="1.9402"/>
  </node>
  <node id="25334" lat="-3.61145927612" lon="59.40054639926">
    <tag k="local_x" v="-1.8524"/>
    <tag k="local_y" v="27.7024"/>
    <tag k="ele" v="2.0022"/>
  </node>
  <node id="25352" lat="-3.6114249362" lon="59.40052182108">
    <tag k="local_x" v="-4.6024"/>
    <tag k="local_y" v="31.4948"/>
    <tag k="ele" v="1.9402"/>
  </node>
  <node id="25354" lat="-3.61143516115" lon="59.40052032579">
    <tag k="local_x" v="-4.7643"/>
    <tag k="local_y" v="30.3617"/>
    <tag k="ele" v="1.9402"/>
  </node>
  <node id="25356" lat="-3.61144245991" lon="59.40052000045">
    <tag k="local_x" v="-4.7973"/>
    <tag k="local_y" v="29.5532"/>
    <tag k="ele" v="1.9402"/>
  </node>
  <node id="25358" lat="-3.61145166787" lon="59.40052046829">
    <tag k="local_x" v="-4.7412"/>
    <tag k="local_y" v="28.5336"/>
    <tag k="ele" v="1.9402"/>
  </node>
  <node id="25360" lat="-3.61146136586" lon="59.40052087219">
    <tag k="local_x" v="-4.692"/>
    <tag k="local_y" v="27.4597"/>
    <tag k="ele" v="2.0022"/>
  </node>
  <node id="25383" lat="-3.61160447825" lon="59.40059611475">
    <tag k="local_x" v="3.7434"/>
    <tag k="local_y" v="11.6428"/>
    <tag k="ele" v="1.8953"/>
  </node>
  <node id="25384" lat="-3.61160649684" lon="59.40057086026">
    <tag k="local_x" v="0.9341"/>
    <tag k="local_y" v="11.4081"/>
    <tag k="ele" v="1.8771"/>
  </node>
  <node id="25390" lat="-3.61151855315" lon="59.40055113695">
    <tag k="local_x" v="-1.2992"/>
    <tag k="local_y" v="21.1394"/>
    <tag k="ele" v="1.9012"/>
  </node>
  <node id="25391" lat="-3.61160616881" lon="59.40055809225">
    <tag k="local_x" v="-0.4868"/>
    <tag k="local_y" v="11.4388"/>
    <tag k="ele" v="1.8953"/>
  </node>
  <node id="25392" lat="-3.6115205674" lon="59.40052592382">
    <tag k="local_x" v="-4.1039"/>
    <tag k="local_y" v="20.9052"/>
    <tag k="ele" v="1.8835"/>
  </node>
  <node id="25393" lat="-3.6116081874" lon="59.40053283775">
    <tag k="local_x" v="-3.2961"/>
    <tag k="local_y" v="11.2041"/>
    <tag k="ele" v="1.8771"/>
  </node>
  <node id="25402" lat="-3.61145614591" lon="59.40058409582">
    <tag k="local_x" v="2.3409"/>
    <tag k="local_y" v="28.0657"/>
    <tag k="ele" v="1.9468"/>
  </node>
  <node id="25403" lat="-3.6114583042" lon="59.40055877608">
    <tag k="local_x" v="-0.4756"/>
    <tag k="local_y" v="27.8155"/>
    <tag k="ele" v="1.9379"/>
  </node>
  <node id="25414" lat="-3.61073715561" lon="59.40048818371">
    <tag k="local_x" v="-8.6472"/>
    <tag k="local_y" v="107.6535"/>
    <tag k="ele" v="1.921"/>
  </node>
  <node id="25417" lat="-3.61073877387" lon="59.40046170412">
    <tag k="local_x" v="-11.593"/>
    <tag k="local_y" v="107.4626"/>
    <tag k="ele" v="1.9049"/>
  </node>
  <node id="25672" lat="-3.61172567339" lon="59.40057181012">
    <tag k="local_x" v="1.0921"/>
    <tag k="local_y" v="-1.7906"/>
    <tag k="ele" v="1.9157"/>
  </node>
  <node id="25673" lat="-3.6117269717" lon="59.40054661867">
    <tag k="local_x" v="-1.7105"/>
    <tag k="local_y" v="-1.9455"/>
    <tag k="ele" v="1.9157"/>
  </node>
  <node id="25707" lat="-3.61168720997" lon="59.40056494945">
    <tag k="local_x" v="0.3118"/>
    <tag k="local_y" v="2.4663"/>
    <tag k="ele" v="1.9127"/>
  </node>
  <node id="25708" lat="-3.61168850829" lon="59.400539758">
    <tag k="local_x" v="-2.4908"/>
    <tag k="local_y" v="2.3114"/>
    <tag k="ele" v="1.9127"/>
  </node>
  <node id="25730" lat="-3.61167916352" lon="59.40056389199">
    <tag k="local_x" v="0.1906"/>
    <tag k="local_y" v="3.357"/>
    <tag k="ele" v="1.8813"/>
  </node>
  <node id="25732" lat="-3.61168242141" lon="59.40053876561">
    <tag k="local_x" v="-2.6039"/>
    <tag k="local_y" v="2.9851"/>
    <tag k="ele" v="1.8813"/>
  </node>
  <node id="25885" lat="-3.61189041959" lon="59.40016201238">
    <tag k="local_x" v="-44.4357"/>
    <tag k="local_y" v="-20.2174"/>
    <tag k="ele" v="2.0367"/>
  </node>
  <node id="25887" lat="-3.61186538544" lon="59.40016019785">
    <tag k="local_x" v="-44.6486"/>
    <tag k="local_y" v="-17.4456"/>
    <tag k="ele" v="2.0367"/>
  </node>
  <node id="25895" lat="-3.61196575035" lon="59.39919461432">
    <tag k="local_x" v="-152.0496"/>
    <tag k="local_y" v="-28.9872"/>
    <tag k="ele" v="2.0367"/>
  </node>
  <node id="25897" lat="-3.61194071622" lon="59.39919279983">
    <tag k="local_x" v="-152.2625"/>
    <tag k="local_y" v="-26.2154"/>
    <tag k="ele" v="2.0367"/>
  </node>
  <node id="25919" lat="-3.61191229071" lon="59.39942491692">
    <tag k="local_x" v="-126.4462"/>
    <tag k="local_y" v="-22.9648"/>
    <tag k="ele" v="1.9962"/>
  </node>
  <node id="25934" lat="-3.61188727805" lon="59.39942282553">
    <tag k="local_x" v="-126.6899"/>
    <tag k="local_y" v="-20.1955"/>
    <tag k="ele" v="1.9962"/>
  </node>
  <node id="25955" lat="-3.61194755602" lon="59.39942929542">
    <tag k="local_x" v="-125.9435"/>
    <tag k="local_y" v="-26.8686"/>
    <tag k="ele" v="2.094"/>
  </node>
  <node id="25956" lat="-3.61192253221" lon="59.39942735146">
    <tag k="local_x" v="-126.1708"/>
    <tag k="local_y" v="-24.098"/>
    <tag k="ele" v="2.094"/>
  </node>
  <node id="26015" lat="-3.61191781549" lon="59.39980053558">
    <tag k="local_x" v="-84.6469"/>
    <tag k="local_y" v="-23.411"/>
    <tag k="ele" v="1.9962"/>
  </node>
  <node id="26029" lat="-3.61189873547" lon="59.39971423636">
    <tag k="local_x" v="-94.2582"/>
    <tag k="local_y" v="-21.3359"/>
    <tag k="ele" v="1.9841"/>
  </node>
  <node id="26040" lat="-3.61189265882" lon="59.39979856338">
    <tag k="local_x" v="-84.8774"/>
    <tag k="local_y" v="-20.6257"/>
    <tag k="ele" v="1.9962"/>
  </node>
  <node id="26050" lat="-3.61187482403" lon="59.39972816132">
    <tag k="local_x" v="-92.7192"/>
    <tag k="local_y" v="-18.6815"/>
    <tag k="ele" v="1.9841"/>
  </node>
  <node id="26053" lat="-3.61186977604" lon="59.3997148332">
    <tag k="local_x" v="-94.2045"/>
    <tag k="local_y" v="-18.1283"/>
    <tag k="ele" v="1.9841"/>
  </node>
  <node id="26126" lat="-3.61193318212" lon="59.39961258326">
    <tag k="local_x" v="-105.5545"/>
    <tag k="local_y" v="-25.1958"/>
    <tag k="ele" v="2.1011"/>
  </node>
  <node id="26127" lat="-3.6119081583" lon="59.3996106393">
    <tag k="local_x" v="-105.7818"/>
    <tag k="local_y" v="-22.4252"/>
    <tag k="ele" v="2.1011"/>
  </node>
  <node id="26133" lat="-3.61189294978" lon="59.39966666887">
    <tag k="local_x" v="-99.5538"/>
    <tag k="local_y" v="-20.7161"/>
    <tag k="ele" v="2.1083"/>
  </node>
  <node id="26134" lat="-3.61189841045" lon="59.39959703315">
    <tag k="local_x" v="-107.3001"/>
    <tag k="local_y" v="-21.3516"/>
    <tag k="ele" v="2.1011"/>
  </node>
  <node id="26135" lat="-3.61186747532" lon="59.39966470332">
    <tag k="local_x" v="-99.7837"/>
    <tag k="local_y" v="-17.8956"/>
    <tag k="ele" v="2.1083"/>
  </node>
  <node id="26136" lat="-3.61187293599" lon="59.3995950676">
    <tag k="local_x" v="-107.53"/>
    <tag k="local_y" v="-18.5311"/>
    <tag k="ele" v="2.1011"/>
  </node>
  <node id="26147" lat="-3.61186817097" lon="59.39970856138">
    <tag k="local_x" v="-94.9031"/>
    <tag k="local_y" v="-17.9533"/>
    <tag k="ele" v="1.9841"/>
  </node>
  <node id="26153" lat="-3.61189467254" lon="59.39970181201">
    <tag k="local_x" v="-95.6425"/>
    <tag k="local_y" v="-20.8914"/>
    <tag k="ele" v="1.9841"/>
  </node>
  <node id="26154" lat="-3.61189285722" lon="59.39968990541">
    <tag k="local_x" v="-96.9682"/>
    <tag k="local_y" v="-20.6956"/>
    <tag k="ele" v="1.9841"/>
  </node>
  <node id="26156" lat="-3.6118926031" lon="59.39967982956">
    <tag k="local_x" v="-98.0895"/>
    <tag k="local_y" v="-20.6719"/>
    <tag k="ele" v="1.9841"/>
  </node>
  <node id="26158" lat="-3.61186649319" lon="59.39969922446">
    <tag k="local_x" v="-95.9428"/>
    <tag k="local_y" v="-17.7716"/>
    <tag k="ele" v="1.9841"/>
  </node>
  <node id="26160" lat="-3.61186616212" lon="59.39968977888">
    <tag k="local_x" v="-96.994"/>
    <tag k="local_y" v="-17.7391"/>
    <tag k="ele" v="1.9841"/>
  </node>
  <node id="26171" lat="-3.61187486819" lon="59.39991949659">
    <tag k="local_x" v="-71.4284"/>
    <tag k="local_y" v="-18.602"/>
    <tag k="ele" v="1.9962"/>
  </node>
  <node id="26186" lat="-3.61184895416" lon="59.39991734314">
    <tag k="local_x" v="-71.6794"/>
    <tag k="local_y" v="-15.7329"/>
    <tag k="ele" v="1.9962"/>
  </node>
  <node id="26205" lat="-3.61185417511" lon="59.40016116501">
    <tag k="local_x" v="-44.5459"/>
    <tag k="local_y" v="-16.2036"/>
    <tag k="ele" v="2.1083"/>
  </node>
  <node id="26206" lat="-3.61185963583" lon="59.40009152927">
    <tag k="local_x" v="-52.2922"/>
    <tag k="local_y" v="-16.8391"/>
    <tag k="ele" v="2.1011"/>
  </node>
  <node id="26207" lat="-3.61182915128" lon="59.40015922103">
    <tag k="local_x" v="-44.7732"/>
    <tag k="local_y" v="-13.433"/>
    <tag k="ele" v="2.1083"/>
  </node>
  <node id="26208" lat="-3.61183461199" lon="59.40008958529">
    <tag k="local_x" v="-52.5195"/>
    <tag k="local_y" v="-14.0685"/>
    <tag k="ele" v="2.1011"/>
  </node>
  <node id="26222" lat="-3.61185958208" lon="59.40021135816">
    <tag k="local_x" v="-38.9583"/>
    <tag k="local_y" v="-16.7803"/>
    <tag k="ele" v="1.9841"/>
  </node>
  <node id="26225" lat="-3.61185580144" lon="59.40020179767">
    <tag k="local_x" v="-40.0238"/>
    <tag k="local_y" v="-16.3658"/>
    <tag k="ele" v="1.9841"/>
  </node>
  <node id="26228" lat="-3.61185377835" lon="59.40019417229">
    <tag k="local_x" v="-40.8732"/>
    <tag k="local_y" v="-16.1451"/>
    <tag k="ele" v="1.9841"/>
  </node>
  <node id="26231" lat="-3.6118524807" lon="59.40018370063">
    <tag k="local_x" v="-42.039"/>
    <tag k="local_y" v="-16.006"/>
    <tag k="ele" v="1.9841"/>
  </node>
  <node id="26242" lat="-3.61183827943" lon="59.40022785113">
    <tag k="local_x" v="-37.1324"/>
    <tag k="local_y" v="-14.4137"/>
    <tag k="ele" v="1.9841"/>
  </node>
  <node id="26244" lat="-3.61183243672" lon="59.4002138036">
    <tag k="local_x" v="-38.6981"/>
    <tag k="local_y" v="-13.7728"/>
    <tag k="ele" v="1.9841"/>
  </node>
  <node id="26246" lat="-3.6118297788" lon="59.40020479676">
    <tag k="local_x" v="-39.7015"/>
    <tag k="local_y" v="-13.4824"/>
    <tag k="ele" v="1.9841"/>
  </node>
  <node id="26249" lat="-3.61182771849" lon="59.4001937206">
    <tag k="local_x" v="-40.9349"/>
    <tag k="local_y" v="-13.2591"/>
    <tag k="ele" v="1.9841"/>
  </node>
  <node id="26251" lat="-3.61182738743" lon="59.40018427502">
    <tag k="local_x" v="-41.9861"/>
    <tag k="local_y" v="-13.2266"/>
    <tag k="ele" v="1.9841"/>
  </node>
  <node id="26377" lat="-3.61188004443" lon="59.39990744019">
    <tag k="local_x" v="-72.7677"/>
    <tag k="local_y" v="-19.1806"/>
    <tag k="ele" v="1.9962"/>
  </node>
  <node id="26382" lat="-3.61185244679" lon="59.39990083325">
    <tag k="local_x" v="-73.515"/>
    <tag k="local_y" v="-16.127"/>
    <tag k="ele" v="1.9962"/>
  </node>
  <node id="26384" lat="-3.61185705727" lon="59.39989113632">
    <tag k="local_x" v="-74.592"/>
    <tag k="local_y" v="-16.6419"/>
    <tag k="ele" v="1.9962"/>
  </node>
  <node id="26407" lat="-3.61186363904" lon="59.40045017728">
    <tag k="local_x" v="-12.382"/>
    <tag k="local_y" v="-17.1243"/>
    <tag k="ele" v="1.934"/>
  </node>
  <node id="26408" lat="-3.61183684773" lon="59.40044811534">
    <tag k="local_x" v="-12.6232"/>
    <tag k="local_y" v="-14.158"/>
    <tag k="ele" v="1.934"/>
  </node>
  <node id="26414" lat="-3.61184372604" lon="59.40029639241">
    <tag k="local_x" v="-29.5031"/>
    <tag k="local_y" v="-14.9867"/>
    <tag k="ele" v="1.9133"/>
  </node>
  <node id="26415" lat="-3.61181845008" lon="59.4002943964">
    <tag k="local_x" v="-29.7363"/>
    <tag k="local_y" v="-12.1882"/>
    <tag k="ele" v="1.936"/>
  </node>
  <node id="26421" lat="-3.61188212677" lon="59.39980229669">
    <tag k="local_x" v="-84.4666"/>
    <tag k="local_y" v="-19.4576"/>
    <tag k="ele" v="1.9133"/>
  </node>
  <node id="26425" lat="-3.61185685083" lon="59.3998003007">
    <tag k="local_x" v="-84.6998"/>
    <tag k="local_y" v="-16.6591"/>
    <tag k="ele" v="1.936"/>
  </node>
  <node id="26432" lat="-3.6119248141" lon="59.39940224782">
    <tag k="local_x" v="-128.9632"/>
    <tag k="local_y" v="-24.3618"/>
    <tag k="ele" v="1.9852"/>
  </node>
  <node id="26433" lat="-3.6119050294" lon="59.39938476755">
    <tag k="local_x" v="-130.917"/>
    <tag k="local_y" v="-22.1783"/>
    <tag k="ele" v="1.9852"/>
  </node>
  <node id="26441" lat="-3.61191446452" lon="59.39941642843">
    <tag k="local_x" v="-127.3898"/>
    <tag k="local_y" v="-23.2093"/>
    <tag k="ele" v="1.9962"/>
  </node>
  <node id="26444" lat="-3.61191929524" lon="59.39940852798">
    <tag k="local_x" v="-128.2668"/>
    <tag k="local_y" v="-23.7478"/>
    <tag k="ele" v="1.9962"/>
  </node>
  <node id="26447" lat="-3.61189044489" lon="59.39940749241">
    <tag k="local_x" v="-128.3947"/>
    <tag k="local_y" v="-20.553"/>
    <tag k="ele" v="1.9962"/>
  </node>
  <node id="26450" lat="-3.61189728186" lon="59.39939392328">
    <tag k="local_x" v="-129.9016"/>
    <tag k="local_y" v="-21.3162"/>
    <tag k="ele" v="1.9962"/>
  </node>
  <node id="26529" lat="-3.61188559765" lon="59.39975901262">
    <tag k="local_x" v="-89.2815"/>
    <tag k="local_y" v="-19.8611"/>
    <tag k="ele" v="1.9246"/>
  </node>
  <node id="26538" lat="-3.61186026574" lon="59.39975702134">
    <tag k="local_x" v="-89.5142"/>
    <tag k="local_y" v="-17.0564"/>
    <tag k="ele" v="1.9246"/>
  </node>
  <node id="26555" lat="-3.61192848878" lon="59.39967243386">
    <tag k="local_x" v="-98.8967"/>
    <tag k="local_y" v="-24.6496"/>
    <tag k="ele" v="2.1047"/>
  </node>
  <node id="26556" lat="-3.61190346496" lon="59.39967048989">
    <tag k="local_x" v="-99.124"/>
    <tag k="local_y" v="-21.879"/>
    <tag k="ele" v="2.1047"/>
  </node>
  <node id="26565" lat="-3.61184521615" lon="59.40027787379">
    <tag k="local_x" v="-31.5631"/>
    <tag k="local_y" v="-15.1599"/>
    <tag k="ele" v="1.9131"/>
  </node>
  <node id="26566" lat="-3.61181991486" lon="59.4002758662">
    <tag k="local_x" v="-31.7976"/>
    <tag k="local_y" v="-12.3586"/>
    <tag k="ele" v="1.936"/>
  </node>
  <node id="26614" lat="-3.61199448254" lon="59.39888786912">
    <tag k="local_x" v="-186.17"/>
    <tag k="local_y" v="-32.3047"/>
    <tag k="ele" v="1.7679"/>
  </node>
  <node id="26616" lat="-3.61201305942" lon="59.39887391306">
    <tag k="local_x" v="-187.7148"/>
    <tag k="local_y" v="-34.3683"/>
    <tag k="ele" v="1.7679"/>
  </node>
  <node id="26618" lat="-3.6120344091" lon="59.39886470725">
    <tag k="local_x" v="-188.7298"/>
    <tag k="local_y" v="-36.7369"/>
    <tag k="ele" v="1.7679"/>
  </node>
  <node id="26620" lat="-3.61205808464" lon="59.39886070278">
    <tag k="local_x" v="-189.165"/>
    <tag k="local_y" v="-39.3608"/>
    <tag k="ele" v="1.7679"/>
  </node>
  <node id="26627" lat="-3.6119769381" lon="59.39886974376">
    <tag k="local_x" v="-188.1946"/>
    <tag k="local_y" v="-30.3696"/>
    <tag k="ele" v="1.7679"/>
  </node>
  <node id="26629" lat="-3.61200026598" lon="59.39885213202">
    <tag k="local_x" v="-190.1441"/>
    <tag k="local_y" v="-32.961"/>
    <tag k="ele" v="1.7679"/>
  </node>
  <node id="26631" lat="-3.61202711097" lon="59.39884047989">
    <tag k="local_x" v="-191.4289"/>
    <tag k="local_y" v="-35.9393"/>
    <tag k="ele" v="1.7679"/>
  </node>
  <node id="26633" lat="-3.61205521144" lon="59.39883550986">
    <tag k="local_x" v="-191.9696"/>
    <tag k="local_y" v="-39.0537"/>
    <tag k="ele" v="1.7679"/>
  </node>
  <node id="26684" lat="-3.61252830642" lon="59.39803455357">
    <tag k="local_x" v="-280.8881"/>
    <tag k="local_y" v="-91.8038"/>
    <tag k="ele" v="1.7798"/>
  </node>
  <node id="26685" lat="-3.61253659218" lon="59.39793072385">
    <tag k="local_x" v="-292.4381"/>
    <tag k="local_y" v="-92.7673"/>
    <tag k="ele" v="1.7773"/>
  </node>
  <node id="26686" lat="-3.61254099698" lon="59.3978746381">
    <tag k="local_x" v="-298.6771"/>
    <tag k="local_y" v="-93.2799"/>
    <tag k="ele" v="1.7703"/>
  </node>
  <node id="26689" lat="-3.61251114352" lon="59.39792955808">
    <tag k="local_x" v="-292.579"/>
    <tag k="local_y" v="-89.9493"/>
    <tag k="ele" v="1.7801"/>
  </node>
  <node id="26690" lat="-3.61251584868" lon="59.39787294094">
    <tag k="local_x" v="-298.877"/>
    <tag k="local_y" v="-90.4954"/>
    <tag k="ele" v="1.7698"/>
  </node>
  <node id="26692" lat="-3.6125546342" lon="59.39769331337">
    <tag k="local_x" v="-318.848"/>
    <tag k="local_y" v="-94.8703"/>
    <tag k="ele" v="1.7574"/>
  </node>
  <node id="26694" lat="-3.6125619883" lon="59.39759315575">
    <tag k="local_x" v="-329.9898"/>
    <tag k="local_y" v="-95.729"/>
    <tag k="ele" v="1.7673"/>
  </node>
  <node id="26696" lat="-3.61252938645" lon="59.39769226185">
    <tag k="local_x" v="-318.9761"/>
    <tag k="local_y" v="-92.0745"/>
    <tag k="ele" v="1.7717"/>
  </node>
  <node id="26698" lat="-3.61253697245" lon="59.39759070678">
    <tag k="local_x" v="-330.2733"/>
    <tag k="local_y" v="-92.9595"/>
    <tag k="ele" v="1.7715"/>
  </node>
  <node id="26707" lat="-3.61252829524" lon="59.39803469471">
    <tag k="local_x" v="-280.8724"/>
    <tag k="local_y" v="-91.8025"/>
    <tag k="ele" v="1.7697"/>
  </node>
  <node id="26708" lat="-3.61250318216" lon="59.39803277273">
    <tag k="local_x" v="-281.0973"/>
    <tag k="local_y" v="-89.022"/>
    <tag k="ele" v="1.7837"/>
  </node>
  <node id="27340" lat="-3.61089586644" lon="59.39798975974">
    <tag k="local_x" v="-286.5895"/>
    <tag k="local_y" v="88.974"/>
    <tag k="ele" v="2.0206"/>
  </node>
  <node id="27341" lat="-3.61086884997" lon="59.39798805013">
    <tag k="local_x" v="-286.7916"/>
    <tag k="local_y" v="91.9654"/>
    <tag k="ele" v="2.0206"/>
  </node>
  <node id="27482" lat="-3.61104093776" lon="59.39621495764">
    <tag k="local_x" v="-484.0172"/>
    <tag k="local_y" v="72.1237"/>
    <tag k="ele" v="1.4788"/>
  </node>
  <node id="27483" lat="-3.61101542901" lon="59.39621320169">
    <tag k="local_x" v="-484.2238"/>
    <tag k="local_y" v="74.9481"/>
    <tag k="ele" v="1.4866"/>
  </node>
  <node id="27562" lat="-3.61103504424" lon="59.396295324">
    <tag k="local_x" v="-475.077"/>
    <tag k="local_y" v="72.8119"/>
    <tag k="ele" v="1.494"/>
  </node>
  <node id="27563" lat="-3.61100966811" lon="59.39629331501">
    <tag k="local_x" v="-475.3117"/>
    <tag k="local_y" v="75.6215"/>
    <tag k="ele" v="1.505"/>
  </node>
  <node id="28060" lat="-3.61097381311" lon="59.39632785414">
    <tag k="local_x" v="-471.4841"/>
    <tag k="local_y" v="79.6078"/>
    <tag k="ele" v="1.5234"/>
  </node>
  <node id="28062" lat="-3.6109630369" lon="59.39633918311">
    <tag k="local_x" v="-470.2282"/>
    <tag k="local_y" v="80.8063"/>
    <tag k="ele" v="1.5234"/>
  </node>
  <node id="28065" lat="-3.61095748649" lon="59.39635838269">
    <tag k="local_x" v="-468.0942"/>
    <tag k="local_y" v="81.4295"/>
    <tag k="ele" v="1.5234"/>
  </node>
  <node id="28067" lat="-3.61098877216" lon="59.39637081273">
    <tag k="local_x" v="-466.6973"/>
    <tag k="local_y" v="77.97"/>
    <tag k="ele" v="1.5234"/>
  </node>
  <node id="28068" lat="-3.61098590817" lon="59.39637331606">
    <tag k="local_x" v="-466.42"/>
    <tag k="local_y" v="78.2883"/>
    <tag k="ele" v="1.5234"/>
  </node>
  <node id="28071" lat="-3.61098416816" lon="59.39637759252">
    <tag k="local_x" v="-465.9449"/>
    <tag k="local_y" v="78.4829"/>
    <tag k="ele" v="1.5234"/>
  </node>
  <node id="28078" lat="-3.61147718429" lon="59.39531101138">
    <tag k="local_x" v="-584.4124"/>
    <tag k="local_y" v="23.4089"/>
    <tag k="ele" v="1.5322"/>
  </node>
  <node id="28079" lat="-3.6114792054" lon="59.39528574892">
    <tag k="local_x" v="-587.2226"/>
    <tag k="local_y" v="23.1739"/>
    <tag k="ele" v="1.5322"/>
  </node>
  <node id="28158" lat="-3.61103945198" lon="59.39532778573">
    <tag k="local_x" v="-582.7382"/>
    <tag k="local_y" v="71.8966"/>
    <tag k="ele" v="1.3263"/>
  </node>
  <node id="28159" lat="-3.61106478533" lon="59.39532971579">
    <tag k="local_x" v="-582.5123"/>
    <tag k="local_y" v="69.0917"/>
    <tag k="ele" v="1.3263"/>
  </node>
  <node id="28280" lat="-3.61102003845" lon="59.39555946711">
    <tag k="local_x" v="-556.9663"/>
    <tag k="local_y" v="74.149"/>
    <tag k="ele" v="1.3677"/>
  </node>
  <node id="28281" lat="-3.61104542685" lon="59.39556138886">
    <tag k="local_x" v="-556.7413"/>
    <tag k="local_y" v="71.338"/>
    <tag k="ele" v="1.3677"/>
  </node>
  <node id="28645" lat="-3.6109721835" lon="59.39616998095">
    <tag k="local_x" v="-489.0522"/>
    <tag k="local_y" v="79.7186"/>
    <tag k="ele" v="1.5005"/>
  </node>
  <node id="28646" lat="-3.61097159525" lon="59.39617711513">
    <tag k="local_x" v="-488.2586"/>
    <tag k="local_y" v="79.7869"/>
    <tag k="ele" v="1.5005"/>
  </node>
  <node id="28647" lat="-3.61099737435" lon="59.39617194574">
    <tag k="local_x" v="-488.8225"/>
    <tag k="local_y" v="76.9295"/>
    <tag k="ele" v="1.5005"/>
  </node>
  <node id="28648" lat="-3.61099683849" lon="59.39617908421">
    <tag k="local_x" v="-488.0284"/>
    <tag k="local_y" v="76.992"/>
    <tag k="ele" v="1.5005"/>
  </node>
  <node id="28652" lat="-3.61098647868" lon="59.39599041747">
    <tag k="local_x" v="-509.0269"/>
    <tag k="local_y" v="78.0561"/>
    <tag k="ele" v="1.4348"/>
  </node>
  <node id="28653" lat="-3.61101170847" lon="59.39599240996">
    <tag k="local_x" v="-508.7941"/>
    <tag k="local_y" v="75.2627"/>
    <tag k="ele" v="1.433"/>
  </node>
  <node id="28700" lat="-3.61085920916" lon="59.39760126311">
    <tag k="local_x" v="-329.8356"/>
    <tag k="local_y" v="92.8625"/>
    <tag k="ele" v="1.7366"/>
  </node>
  <node id="28701" lat="-3.61088428167" lon="59.39760342971">
    <tag k="local_x" v="-329.5835"/>
    <tag k="local_y" v="90.0866"/>
    <tag k="ele" v="1.7508"/>
  </node>
  <node id="29931" lat="-3.61232938269" lon="59.39813200219">
    <tag k="local_x" v="-270.1319"/>
    <tag k="local_y" v="-69.7294"/>
    <tag k="ele" v="1.7466"/>
  </node>
  <node id="29932" lat="-3.61232729772" lon="59.39815734318">
    <tag k="local_x" v="-267.313"/>
    <tag k="local_y" v="-69.4873"/>
    <tag k="ele" v="1.7466"/>
  </node>
  <node id="30020" lat="-3.61178810974" lon="59.39811188932">
    <tag k="local_x" v="-272.6077"/>
    <tag k="local_y" v="-9.7907"/>
    <tag k="ele" v="1.7262"/>
  </node>
  <node id="30021" lat="-3.61178602334" lon="59.39813732646">
    <tag k="local_x" v="-269.7781"/>
    <tag k="local_y" v="-9.5484"/>
    <tag k="ele" v="1.7262"/>
  </node>
  <node id="30537" lat="-3.6113378036" lon="59.39807532101">
    <tag k="local_x" v="-276.8746"/>
    <tag k="local_y" v="40.0659"/>
    <tag k="ele" v="1.7282"/>
  </node>
  <node id="30546" lat="-3.61133557348" lon="59.39810072365">
    <tag k="local_x" v="-274.0489"/>
    <tag k="local_y" v="40.3241"/>
    <tag k="ele" v="1.7282"/>
  </node>
  <node id="30869" lat="-3.612010246" lon="59.39812876227">
    <tag k="local_x" v="-270.6326"/>
    <tag k="local_y" v="-34.3855"/>
    <tag k="ele" v="1.7406"/>
  </node>
  <node id="30870" lat="-3.61200815584" lon="59.39815416348">
    <tag k="local_x" v="-267.807"/>
    <tag k="local_y" v="-34.1428"/>
    <tag k="ele" v="1.7406"/>
  </node>
  <node id="30876" lat="-3.61212778736" lon="59.39813771911">
    <tag k="local_x" v="-269.5843"/>
    <tag k="local_y" v="-47.3996"/>
    <tag k="ele" v="1.7436"/>
  </node>
  <node id="30877" lat="-3.61212569629" lon="59.39816311674">
    <tag k="local_x" v="-266.7591"/>
    <tag k="local_y" v="-47.1568"/>
    <tag k="ele" v="1.7436"/>
  </node>
  <node id="31035" lat="-3.611640248" lon="59.39809982227">
    <tag k="local_x" v="-274.0154"/>
    <tag k="local_y" v="6.5801"/>
    <tag k="ele" v="1.7269"/>
  </node>
  <node id="31036" lat="-3.61163805132" lon="59.39812522928">
    <tag k="local_x" v="-271.1892"/>
    <tag k="local_y" v="6.8346"/>
    <tag k="ele" v="1.7269"/>
  </node>
  <node id="31444" lat="-3.6114583601" lon="59.39808526626">
    <tag k="local_x" v="-275.715"/>
    <tag k="local_y" v="26.7183"/>
    <tag k="ele" v="1.8626"/>
  </node>
  <node id="31445" lat="-3.6114562537" lon="59.39811067291">
    <tag k="local_x" v="-272.8888"/>
    <tag k="local_y" v="26.9628"/>
    <tag k="ele" v="1.8626"/>
  </node>
  <node id="31729" lat="-3.61132530816" lon="59.40057291914">
    <tag k="local_x" v="1.0398"/>
    <tag k="local_y" v="42.5514"/>
    <tag k="ele" v="2.0022"/>
  </node>
  <node id="31730" lat="-3.6113273979" lon="59.40054739117">
    <tag k="local_x" v="-1.7999"/>
    <tag k="local_y" v="42.3087"/>
    <tag k="ele" v="2.0022"/>
  </node>
  <node id="31790" lat="-3.61142142497" lon="59.40055362113">
    <tag k="local_x" v="-1.0654"/>
    <tag k="local_y" v="31.8977"/>
    <tag k="ele" v="1.9402"/>
  </node>
  <node id="31791" lat="-3.61141373185" lon="59.40052542313">
    <tag k="local_x" v="-4.2065"/>
    <tag k="local_y" v="32.7373"/>
    <tag k="ele" v="1.9402"/>
  </node>
  <node id="31800" lat="-3.6113438751" lon="59.40057277851">
    <tag k="local_x" v="1.0323"/>
    <tag k="local_y" v="40.495"/>
    <tag k="ele" v="2.0022"/>
  </node>
  <node id="31804" lat="-3.611361884" lon="59.40057149338">
    <tag k="local_x" v="0.8972"/>
    <tag k="local_y" v="38.4999"/>
    <tag k="ele" v="2.0022"/>
  </node>
  <node id="31808" lat="-3.6113764756" lon="59.40056890426">
    <tag k="local_x" v="0.6155"/>
    <tag k="local_y" v="36.8827"/>
    <tag k="ele" v="2.0022"/>
  </node>
  <node id="31810" lat="-3.61138973033" lon="59.40056526806">
    <tag k="local_x" v="0.2167"/>
    <tag k="local_y" v="35.4131"/>
    <tag k="ele" v="2.0022"/>
  </node>
  <node id="31814" lat="-3.61134291089" lon="59.40054581482">
    <tag k="local_x" v="-1.9685"/>
    <tag k="local_y" v="40.5899"/>
    <tag k="ele" v="2.0022"/>
  </node>
  <node id="31818" lat="-3.61135838245" lon="59.40054381087">
    <tag k="local_x" v="-2.1847"/>
    <tag k="local_y" v="38.8755"/>
    <tag k="ele" v="2.0022"/>
  </node>
  <node id="31822" lat="-3.61137041576" lon="59.40054113478">
    <tag k="local_x" v="-2.4772"/>
    <tag k="local_y" v="37.5416"/>
    <tag k="ele" v="2.0022"/>
  </node>
  <node id="31824" lat="-3.61138230237" lon="59.40053767293">
    <tag k="local_x" v="-2.8572"/>
    <tag k="local_y" v="36.2236"/>
    <tag k="ele" v="2.0022"/>
  </node>
  <node id="31828" lat="-3.61127735394" lon="59.40053151031">
    <tag k="local_x" v="-3.589"/>
    <tag k="local_y" v="47.8442"/>
    <tag k="ele" v="1.921"/>
  </node>
  <node id="31838" lat="-3.61127934152" lon="59.40050640333">
    <tag k="local_x" v="-6.3819"/>
    <tag k="local_y" v="47.613"/>
    <tag k="ele" v="1.9049"/>
  </node>
  <node id="31851" lat="-3.61131192564" lon="59.40053425063">
    <tag k="local_x" v="-3.2689"/>
    <tag k="local_y" v="44.0165"/>
    <tag k="ele" v="1.9128"/>
  </node>
  <node id="31852" lat="-3.61131395011" lon="59.40050911025">
    <tag k="local_x" v="-6.0655"/>
    <tag k="local_y" v="43.7812"/>
    <tag k="ele" v="1.9128"/>
  </node>
  <node id="31953" lat="-3.61032803415" lon="59.3978233418">
    <tag k="local_x" v="-305.357"/>
    <tag k="local_y" v="151.7897"/>
    <tag k="ele" v="1.9087"/>
  </node>
  <node id="31954" lat="-3.61034376817" lon="59.39760116819">
    <tag k="local_x" v="-330.0725"/>
    <tag k="local_y" v="149.9491"/>
    <tag k="ele" v="1.8909"/>
  </node>
  <node id="31956" lat="-3.61035415973" lon="59.39782512323">
    <tag k="local_x" v="-305.1473"/>
    <tag k="local_y" v="148.897"/>
    <tag k="ele" v="1.9087"/>
  </node>
  <node id="31957" lat="-3.61036989375" lon="59.39760294962">
    <tag k="local_x" v="-329.8628"/>
    <tag k="local_y" v="147.0564"/>
    <tag k="ele" v="1.8909"/>
  </node>
  <node id="32262" lat="-3.6103163669" lon="59.39782179359">
    <tag k="local_x" v="-305.5344"/>
    <tag k="local_y" v="153.0812"/>
    <tag k="ele" v="1.9087"/>
  </node>
  <node id="32263" lat="-3.61033210092" lon="59.39759961998">
    <tag k="local_x" v="-330.2499"/>
    <tag k="local_y" v="151.2406"/>
    <tag k="ele" v="1.8909"/>
  </node>
  <node id="32264" lat="-3.61029024132" lon="59.39782001215">
    <tag k="local_x" v="-305.7441"/>
    <tag k="local_y" v="155.9739"/>
    <tag k="ele" v="1.9087"/>
  </node>
  <node id="32265" lat="-3.61030597535" lon="59.39759783855">
    <tag k="local_x" v="-330.4596"/>
    <tag k="local_y" v="154.1333"/>
    <tag k="ele" v="1.8909"/>
  </node>
  <node id="32281" lat="-3.61029570318" lon="59.398020002">
    <tag k="local_x" v="-283.4878"/>
    <tag k="local_y" v="155.4572"/>
    <tag k="ele" v="-0.6867"/>
  </node>
  <node id="32287" lat="-3.61030840271" lon="59.39799576859">
    <tag k="local_x" v="-286.1788"/>
    <tag k="local_y" v="154.04"/>
    <tag k="ele" v="-0.6867"/>
  </node>
  <node id="32293" lat="-3.61031965209" lon="59.39797083545">
    <tag k="local_x" v="-288.9483"/>
    <tag k="local_y" v="152.7831"/>
    <tag k="ele" v="-0.6867"/>
  </node>
  <node id="32299" lat="-3.61032941193" lon="59.3979452899">
    <tag k="local_x" v="-291.7866"/>
    <tag k="local_y" v="151.6909"/>
    <tag k="ele" v="-0.6867"/>
  </node>
  <node id="32305" lat="-3.61033764828" lon="59.39791921925">
    <tag k="local_x" v="-294.684"/>
    <tag k="local_y" v="150.7672"/>
    <tag k="ele" v="-0.6867"/>
  </node>
  <node id="32311" lat="-3.6103443335" lon="59.39789271347">
    <tag k="local_x" v="-297.6305"/>
    <tag k="local_y" v="150.0151"/>
    <tag k="ele" v="-0.6867"/>
  </node>
  <node id="32317" lat="-3.61034944447" lon="59.39786586341">
    <tag k="local_x" v="-300.616"/>
    <tag k="local_y" v="149.4372"/>
    <tag k="ele" v="-0.6867"/>
  </node>
  <node id="32323" lat="-3.61035296352" lon="59.39783876172">
    <tag k="local_x" v="-303.6302"/>
    <tag k="local_y" v="149.0355"/>
    <tag k="ele" v="-0.6867"/>
  </node>
  <node id="32335" lat="-3.61027266572" lon="59.39800715559">
    <tag k="local_x" v="-284.9274"/>
    <tag k="local_y" v="158.003"/>
    <tag k="ele" v="-0.6867"/>
  </node>
  <node id="32341" lat="-3.61028467551" lon="59.39798430257">
    <tag k="local_x" v="-287.4651"/>
    <tag k="local_y" v="156.6628"/>
    <tag k="ele" v="-0.6867"/>
  </node>
  <node id="32347" lat="-3.61029531746" lon="59.39796078724">
    <tag k="local_x" v="-290.0771"/>
    <tag k="local_y" v="155.4738"/>
    <tag k="ele" v="-0.6867"/>
  </node>
  <node id="32353" lat="-3.61030455487" lon="59.39793668972">
    <tag k="local_x" v="-292.7545"/>
    <tag k="local_y" v="154.4401"/>
    <tag k="ele" v="-0.6867"/>
  </node>
  <node id="32359" lat="-3.61031235556" lon="59.39791209371">
    <tag k="local_x" v="-295.488"/>
    <tag k="local_y" v="153.5653"/>
    <tag k="ele" v="-0.6867"/>
  </node>
  <node id="32365" lat="-3.6103186937" lon="59.39788708289">
    <tag k="local_x" v="-298.2683"/>
    <tag k="local_y" v="152.8523"/>
    <tag k="ele" v="-0.6867"/>
  </node>
  <node id="32371" lat="-3.61032354615" lon="59.39786174543">
    <tag k="local_x" v="-301.0856"/>
    <tag k="local_y" v="152.3037"/>
    <tag k="ele" v="-0.6867"/>
  </node>
  <node id="32377" lat="-3.610326897" lon="59.39783616586">
    <tag k="local_x" v="-303.9305"/>
    <tag k="local_y" v="151.9213"/>
    <tag k="ele" v="-0.6867"/>
  </node>
  <node id="32450" lat="-3.61028702638" lon="59.39803478166">
    <tag k="local_x" v="-281.847"/>
    <tag k="local_y" v="156.4247"/>
    <tag k="ele" v="-0.6867"/>
  </node>
  <node id="32451" lat="-3.61026442733" lon="59.39802115168">
    <tag k="local_x" v="-283.3736"/>
    <tag k="local_y" v="158.9216"/>
    <tag k="ele" v="-0.6867"/>
  </node>
  <node id="32457" lat="-3.61028955646" lon="59.39803050388">
    <tag k="local_x" v="-282.3219"/>
    <tag k="local_y" v="156.1426"/>
    <tag k="ele" v="-0.6867"/>
  </node>
  <node id="32461" lat="-3.61029765922" lon="59.39801328478">
    <tag k="local_x" v="-284.2344"/>
    <tag k="local_y" v="155.2376"/>
    <tag k="ele" v="-0.6867"/>
  </node>
  <node id="32465" lat="-3.61030320005" lon="59.39799484012">
    <tag k="local_x" v="-286.2844"/>
    <tag k="local_y" v="154.6158"/>
    <tag k="ele" v="-0.6867"/>
  </node>
  <node id="32473" lat="-3.61027307434" lon="59.39800388011">
    <tag k="local_x" v="-285.2917"/>
    <tag k="local_y" v="157.9563"/>
    <tag k="ele" v="-0.6867"/>
  </node>
  <node id="32477" lat="-3.61027757365" lon="59.39798917265">
    <tag k="local_x" v="-286.9263"/>
    <tag k="local_y" v="157.4515"/>
    <tag k="ele" v="-0.6867"/>
  </node>
  <node id="32484" lat="-3.61036374326" lon="59.39768980277">
    <tag k="local_x" v="-320.2009"/>
    <tag k="local_y" v="147.7759"/>
    <tag k="ele" v="1.8998"/>
  </node>
  <node id="32485" lat="-3.6103376211" lon="59.397687971">
    <tag k="local_x" v="-320.4162"/>
    <tag k="local_y" v="150.6682"/>
    <tag k="ele" v="1.8998"/>
  </node>
  <node id="32491" lat="-3.61029579922" lon="59.39811621089">
    <tag k="local_x" v="-272.7821"/>
    <tag k="local_y" v="155.489"/>
    <tag k="ele" v="1.9087"/>
  </node>
  <node id="32493" lat="-3.61026967363" lon="59.39811442944">
    <tag k="local_x" v="-272.9918"/>
    <tag k="local_y" v="158.3817"/>
    <tag k="ele" v="1.9087"/>
  </node>
  <node id="32498" lat="-3.61029811156" lon="59.39808356015">
    <tag k="local_x" v="-276.4143"/>
    <tag k="local_y" v="155.2185"/>
    <tag k="ele" v="1.9043"/>
  </node>
  <node id="32499" lat="-3.61027198938" lon="59.39808172747">
    <tag k="local_x" v="-276.6297"/>
    <tag k="local_y" v="158.1108"/>
    <tag k="ele" v="1.9043"/>
  </node>
  <node id="32505" lat="-3.6103058555" lon="59.39797556569">
    <tag k="local_x" v="-288.428"/>
    <tag k="local_y" v="154.3132"/>
    <tag k="ele" v="0.611"/>
  </node>
  <node id="32506" lat="-3.61027977061" lon="59.39797380026">
    <tag k="local_x" v="-288.6359"/>
    <tag k="local_y" v="157.2014"/>
    <tag k="ele" v="0.611"/>
  </node>
  <node id="32526" lat="-3.6103465005" lon="59.39793148356">
    <tag k="local_x" v="-293.3154"/>
    <tag k="local_y" v="149.7922"/>
    <tag k="ele" v="1.8998"/>
  </node>
  <node id="32527" lat="-3.61032037923" lon="59.39792965089">
    <tag k="local_x" v="-293.5308"/>
    <tag k="local_y" v="152.6844"/>
    <tag k="ele" v="1.8998"/>
  </node>
  <node id="32841" lat="-3.61104658471" lon="59.39613502721">
    <tag k="local_x" v="-492.909"/>
    <tag k="local_y" v="71.463"/>
    <tag k="ele" v="1.4518"/>
  </node>
  <node id="32842" lat="-3.61102097949" lon="59.39613307933">
    <tag k="local_x" v="-493.137"/>
    <tag k="local_y" v="74.298"/>
    <tag k="ele" v="1.4587"/>
  </node>
  <node id="32855" lat="-3.61105394843" lon="59.39610547765">
    <tag k="local_x" v="-496.1939"/>
    <tag k="local_y" v="70.6344"/>
    <tag k="ele" v="1.3153"/>
  </node>
  <node id="32857" lat="-3.61105761907" lon="59.39609898733">
    <tag k="local_x" v="-496.9145"/>
    <tag k="local_y" v="70.225"/>
    <tag k="ele" v="1.3153"/>
  </node>
  <node id="32859" lat="-3.61102629277" lon="59.39609448465">
    <tag k="local_x" v="-497.4293"/>
    <tag k="local_y" v="73.6925"/>
    <tag k="ele" v="1.3153"/>
  </node>
  <node id="32862" lat="-3.61103117716" lon="59.39608397607">
    <tag k="local_x" v="-498.5965"/>
    <tag k="local_y" v="73.1469"/>
    <tag k="ele" v="1.3153"/>
  </node>
  <node id="32967" lat="-3.61100915832" lon="59.39662056229">
    <tag k="local_x" v="-438.8974"/>
    <tag k="local_y" v="75.8224"/>
    <tag k="ele" v="1.6645"/>
  </node>
  <node id="32968" lat="-3.61098367658" lon="59.39661856269">
    <tag k="local_x" v="-439.1311"/>
    <tag k="local_y" v="78.6437"/>
    <tag k="ele" v="1.6649"/>
  </node>
  <node id="32993" lat="-3.6110289541" lon="59.3963709875">
    <tag k="local_x" v="-466.6602"/>
    <tag k="local_y" v="73.5198"/>
    <tag k="ele" v="1.5005"/>
  </node>
  <node id="32994" lat="-3.61100063547" lon="59.39637896808">
    <tag k="local_x" v="-465.7846"/>
    <tag k="local_y" v="76.6597"/>
    <tag k="ele" v="1.5128"/>
  </node>
  <node id="33007" lat="-3.611037385" lon="59.39659721029">
    <tag k="local_x" v="-441.4835"/>
    <tag k="local_y" v="72.6859"/>
    <tag k="ele" v="1.4127"/>
  </node>
  <node id="33008" lat="-3.61103538311" lon="59.39662119118">
    <tag k="local_x" v="-438.8159"/>
    <tag k="local_y" v="72.9182"/>
    <tag k="ele" v="1.4127"/>
  </node>
  <node id="33083" lat="-3.61101360705" lon="59.39656326244">
    <tag k="local_x" v="-445.2715"/>
    <tag k="local_y" v="75.3044"/>
    <tag k="ele" v="1.5826"/>
  </node>
  <node id="33084" lat="-3.61098834021" lon="59.39656126469">
    <tag k="local_x" v="-445.5049"/>
    <tag k="local_y" v="78.1019"/>
    <tag k="ele" v="1.5888"/>
  </node>
  <node id="33093" lat="-3.6110291694" lon="59.39659357794">
    <tag k="local_x" v="-441.8913"/>
    <tag k="local_y" v="73.5942"/>
    <tag k="ele" v="1.4127"/>
  </node>
  <node id="33097" lat="-3.61102027493" lon="59.39658453466">
    <tag k="local_x" v="-442.9015"/>
    <tag k="local_y" v="74.5753"/>
    <tag k="ele" v="1.4127"/>
  </node>
  <node id="33101" lat="-3.61101535523" lon="59.39657394974">
    <tag k="local_x" v="-444.0815"/>
    <tag k="local_y" v="75.1155"/>
    <tag k="ele" v="1.4127"/>
  </node>
  <node id="33105" lat="-3.6110200321" lon="59.39661944096">
    <tag k="local_x" v="-439.0174"/>
    <tag k="local_y" v="74.6176"/>
    <tag k="ele" v="1.4127"/>
  </node>
  <node id="33106" lat="-3.61100752345" lon="59.39661293452">
    <tag k="local_x" v="-439.7469"/>
    <tag k="local_y" v="76.0001"/>
    <tag k="ele" v="1.4127"/>
  </node>
  <node id="33109" lat="-3.61099533256" lon="59.3966002916">
    <tag k="local_x" v="-441.1591"/>
    <tag k="local_y" v="77.3447"/>
    <tag k="ele" v="1.4127"/>
  </node>
  <node id="33112" lat="-3.61098877328" lon="59.39658769384">
    <tag k="local_x" v="-442.5638"/>
    <tag k="local_y" v="78.0656"/>
    <tag k="ele" v="1.4127"/>
  </node>
  <node id="33115" lat="-3.61098738361" lon="59.39657339605">
    <tag k="local_x" v="-444.1554"/>
    <tag k="local_y" v="78.2132"/>
    <tag k="ele" v="1.4127"/>
  </node>
  <node id="33119" lat="-3.61106939109" lon="59.39658990174">
    <tag k="local_x" v="-442.2827"/>
    <tag k="local_y" v="69.1379"/>
    <tag k="ele" v="1.5512"/>
  </node>
  <node id="33120" lat="-3.61107131401" lon="59.39656581692">
    <tag k="local_x" v="-444.9619"/>
    <tag k="local_y" v="68.9143"/>
    <tag k="ele" v="1.5512"/>
  </node>
  <node id="33139" lat="-3.61096250413" lon="59.39629363152">
    <tag k="local_x" v="-475.2972"/>
    <tag k="local_y" v="80.8452"/>
    <tag k="ele" v="1.5065"/>
  </node>
  <node id="33140" lat="-3.61098781049" lon="59.39629557968">
    <tag k="local_x" v="-475.0693"/>
    <tag k="local_y" v="78.0433"/>
    <tag k="ele" v="1.5039"/>
  </node>
  <node id="33146" lat="-3.61102676547" lon="59.39639840744">
    <tag k="local_x" v="-463.61"/>
    <tag k="local_y" v="73.7743"/>
    <tag k="ele" v="1.5416"/>
  </node>
  <node id="33147" lat="-3.61100149863" lon="59.3963964088">
    <tag k="local_x" v="-463.8435"/>
    <tag k="local_y" v="76.5718"/>
    <tag k="ele" v="1.5508"/>
  </node>
  <node id="33172" lat="-3.61108363122" lon="59.39608296824">
    <tag k="local_x" v="-498.6856"/>
    <tag k="local_y" v="67.337"/>
    <tag k="ele" v="1.4058"/>
  </node>
  <node id="33173" lat="-3.61107520497" lon="59.39610803492">
    <tag k="local_x" v="-495.9"/>
    <tag k="local_y" v="68.2813"/>
    <tag k="ele" v="1.4058"/>
  </node>
  <node id="33186" lat="-3.61105342646" lon="59.39604134418">
    <tag k="local_x" v="-503.3306"/>
    <tag k="local_y" v="70.6639"/>
    <tag k="ele" v="1.4553"/>
  </node>
  <node id="33187" lat="-3.61102637719" lon="59.39603909467">
    <tag k="local_x" v="-503.5928"/>
    <tag k="local_y" v="73.6587"/>
    <tag k="ele" v="1.4553"/>
  </node>
  <node id="33205" lat="-3.61107669016" lon="59.39608082805">
    <tag k="local_x" v="-498.9268"/>
    <tag k="local_y" v="68.1048"/>
    <tag k="ele" v="1.4058"/>
  </node>
  <node id="33207" lat="-3.61107098609" lon="59.39607868837">
    <tag k="local_x" v="-499.1674"/>
    <tag k="local_y" v="68.7356"/>
    <tag k="ele" v="1.4058"/>
  </node>
  <node id="33209" lat="-3.61106454812" lon="59.3960747794">
    <tag k="local_x" v="-499.6052"/>
    <tag k="local_y" v="69.4469"/>
    <tag k="ele" v="1.4058"/>
  </node>
  <node id="33211" lat="-3.61105988447" lon="59.39606999082">
    <tag k="local_x" v="-500.1401"/>
    <tag k="local_y" v="69.9613"/>
    <tag k="ele" v="1.4058"/>
  </node>
  <node id="33213" lat="-3.61105661903" lon="59.39606464942">
    <tag k="local_x" v="-500.7359"/>
    <tag k="local_y" v="70.3206"/>
    <tag k="ele" v="1.4058"/>
  </node>
  <node id="33215" lat="-3.61105444759" lon="59.39605809319">
    <tag k="local_x" v="-501.4664"/>
    <tag k="local_y" v="70.5582"/>
    <tag k="ele" v="1.4058"/>
  </node>
  <node id="33216" lat="-3.61105361629" lon="59.39604910167">
    <tag k="local_x" v="-502.4673"/>
    <tag k="local_y" v="70.6463"/>
    <tag k="ele" v="1.4058"/>
  </node>
  <node id="33218" lat="-3.61106581078" lon="59.39610727309">
    <tag k="local_x" v="-495.9889"/>
    <tag k="local_y" v="69.3214"/>
    <tag k="ele" v="1.4058"/>
  </node>
  <node id="33219" lat="-3.61105903365" lon="59.3961057128">
    <tag k="local_x" v="-496.1655"/>
    <tag k="local_y" v="70.0713"/>
    <tag k="ele" v="1.4058"/>
  </node>
  <node id="33220" lat="-3.61105236836" lon="59.39610231068">
    <tag k="local_x" v="-496.547"/>
    <tag k="local_y" v="70.808"/>
    <tag k="ele" v="1.4058"/>
  </node>
  <node id="33222" lat="-3.61104489618" lon="59.39609762665">
    <tag k="local_x" v="-497.0715"/>
    <tag k="local_y" v="71.6335"/>
    <tag k="ele" v="1.4058"/>
  </node>
  <node id="33223" lat="-3.61103919441" lon="59.39609221309">
    <tag k="local_x" v="-497.6764"/>
    <tag k="local_y" v="72.2626"/>
    <tag k="ele" v="1.4058"/>
  </node>
  <node id="33224" lat="-3.61103387556" lon="59.39608614289">
    <tag k="local_x" v="-498.3542"/>
    <tag k="local_y" v="72.849"/>
    <tag k="ele" v="1.4058"/>
  </node>
  <node id="33226" lat="-3.61102931797" lon="59.39607942085">
    <tag k="local_x" v="-499.1042"/>
    <tag k="local_y" v="73.3508"/>
    <tag k="ele" v="1.4058"/>
  </node>
  <node id="33227" lat="-3.61102621107" lon="59.39606945426">
    <tag k="local_x" v="-500.2146"/>
    <tag k="local_y" v="73.6905"/>
    <tag k="ele" v="1.4058"/>
  </node>
  <node id="33228" lat="-3.61102521255" lon="59.39605860404">
    <tag k="local_x" v="-501.4224"/>
    <tag k="local_y" v="73.7963"/>
    <tag k="ele" v="1.4058"/>
  </node>
  <node id="33229" lat="-3.61102586134" lon="59.39604853725">
    <tag k="local_x" v="-502.5423"/>
    <tag k="local_y" v="73.72"/>
    <tag k="ele" v="1.4058"/>
  </node>
  <node id="33233" lat="-3.61107553445" lon="59.3957686789">
    <tag k="local_x" v="-533.6618"/>
    <tag k="local_y" v="68.095"/>
    <tag k="ele" v="1.5416"/>
  </node>
  <node id="33251" lat="-3.61100425084" lon="59.39576145198">
    <tag k="local_x" v="-534.4973"/>
    <tag k="local_y" v="75.9867"/>
    <tag k="ele" v="1.5289"/>
  </node>
  <node id="33252" lat="-3.61105026763" lon="59.39576668028">
    <tag k="local_x" v="-533.8953"/>
    <tag k="local_y" v="70.8925"/>
    <tag k="ele" v="1.5508"/>
  </node>
  <node id="33260" lat="-3.61102932461" lon="59.39576303978">
    <tag k="local_x" v="-534.3096"/>
    <tag k="local_y" v="73.2104"/>
    <tag k="ele" v="1.5231"/>
  </node>
  <node id="33264" lat="-3.61100219902" lon="59.39579260625">
    <tag k="local_x" v="-531.0315"/>
    <tag k="local_y" v="76.2277"/>
    <tag k="ele" v="1.4125"/>
  </node>
  <node id="33265" lat="-3.61102753357" lon="59.3957946073">
    <tag k="local_x" v="-530.7977"/>
    <tag k="local_y" v="73.4227"/>
    <tag k="ele" v="1.4116"/>
  </node>
  <node id="33271" lat="-3.61107307459" lon="59.39579849217">
    <tag k="local_x" v="-530.3454"/>
    <tag k="local_y" v="68.3806"/>
    <tag k="ele" v="1.4478"/>
  </node>
  <node id="33272" lat="-3.61104768921" lon="59.39579642571">
    <tag k="local_x" v="-530.5865"/>
    <tag k="local_y" v="71.1912"/>
    <tag k="ele" v="1.4535"/>
  </node>
  <node id="33284" lat="-3.61102387339" lon="59.39643464075">
    <tag k="local_x" v="-459.5794"/>
    <tag k="local_y" v="74.1106"/>
    <tag k="ele" v="1.5621"/>
  </node>
  <node id="33285" lat="-3.61099860655" lon="59.396432643">
    <tag k="local_x" v="-459.8128"/>
    <tag k="local_y" v="76.9081"/>
    <tag k="ele" v="1.5698"/>
  </node>
  <node id="33291" lat="-3.61101344151" lon="59.3956361795">
    <tag k="local_x" v="-548.433"/>
    <tag k="local_y" v="74.9135"/>
    <tag k="ele" v="1.3733"/>
  </node>
  <node id="33292" lat="-3.61104083234" lon="59.39564393471">
    <tag k="local_x" v="-547.558"/>
    <tag k="local_y" v="71.8833"/>
    <tag k="ele" v="1.3733"/>
  </node>
  <node id="33483" lat="-3.61197479871" lon="59.39903737592">
    <tag k="local_x" v="-169.5423"/>
    <tag k="local_y" v="-30.0587"/>
    <tag k="ele" v="2.0511"/>
  </node>
  <node id="33484" lat="-3.61194977491" lon="59.39903543198">
    <tag k="local_x" v="-169.7696"/>
    <tag k="local_y" v="-27.2881"/>
    <tag k="ele" v="2.0511"/>
  </node>
  <node id="33490" lat="-3.61198054171" lon="59.39890467096">
    <tag k="local_x" v="-184.3065"/>
    <tag k="local_y" v="-30.7533"/>
    <tag k="ele" v="1.7679"/>
  </node>
  <node id="33491" lat="-3.6119601244" lon="59.39888999437">
    <tag k="local_x" v="-185.9486"/>
    <tag k="local_y" v="-28.4985"/>
    <tag k="ele" v="1.7679"/>
  </node>
  <node id="33497" lat="-3.61194941562" lon="59.39899555735">
    <tag k="local_x" v="-174.2068"/>
    <tag k="local_y" v="-27.2659"/>
    <tag k="ele" v="1.8028"/>
  </node>
  <node id="33500" lat="-3.61197497138" lon="59.39899345605">
    <tag k="local_x" v="-174.4294"/>
    <tag k="local_y" v="-30.0972"/>
    <tag k="ele" v="1.8028"/>
  </node>
  <node id="33661" lat="-3.61046671653" lon="59.40049896564">
    <tag k="local_x" v="-7.5661"/>
    <tag k="local_y" v="137.6101"/>
    <tag k="ele" v="2.1256"/>
  </node>
  <node id="33662" lat="-3.6104688341" lon="59.40047407206">
    <tag k="local_x" v="-10.3352"/>
    <tag k="local_y" v="137.3646"/>
    <tag k="ele" v="2.1256"/>
  </node>
  <node id="33668" lat="-3.61045448338" lon="59.40049793457">
    <tag k="local_x" v="-7.6862"/>
    <tag k="local_y" v="138.9645"/>
    <tag k="ele" v="2.1254"/>
  </node>
  <node id="33669" lat="-3.61045660185" lon="59.40047304098">
    <tag k="local_x" v="-10.4553"/>
    <tag k="local_y" v="138.7189"/>
    <tag k="ele" v="2.1254"/>
  </node>
  <node id="33685" lat="-3.61051089094" lon="59.40048656318">
    <tag k="local_x" v="-8.9268"/>
    <tag k="local_y" v="132.7122"/>
    <tag k="ele" v="2.0751"/>
  </node>
  <node id="33696" lat="-3.6104838403" lon="59.40050645689">
    <tag k="local_x" v="-6.725"/>
    <tag k="local_y" v="135.7169"/>
    <tag k="ele" v="2.1256"/>
  </node>
  <node id="33698" lat="-3.61049141951" lon="59.40051194218">
    <tag k="local_x" v="-6.1113"/>
    <tag k="local_y" v="134.8799"/>
    <tag k="ele" v="2.1256"/>
  </node>
  <node id="33701" lat="-3.61048801951" lon="59.40047710134">
    <tag k="local_x" v="-9.9897"/>
    <tag k="local_y" v="135.2411"/>
    <tag k="ele" v="2.1256"/>
  </node>
  <node id="33704" lat="-3.61049959072" lon="59.40048082656">
    <tag k="local_x" v="-9.5701"/>
    <tag k="local_y" v="133.9612"/>
    <tag k="ele" v="2.1256"/>
  </node>
  <node id="33709" lat="-3.61050747976" lon="59.40052422666">
    <tag k="local_x" v="-4.7373"/>
    <tag k="local_y" v="133.1066"/>
    <tag k="ele" v="1.7388"/>
  </node>
  <node id="33710" lat="-3.61051750594" lon="59.40053063872">
    <tag k="local_x" v="-4.0194"/>
    <tag k="local_y" v="131.999"/>
    <tag k="ele" v="1.7388"/>
  </node>
  <node id="33711" lat="-3.6105275194" lon="59.40053498838">
    <tag k="local_x" v="-3.531"/>
    <tag k="local_y" v="130.8919"/>
    <tag k="ele" v="1.7388"/>
  </node>
  <node id="33712" lat="-3.61053842388" lon="59.40053725678">
    <tag k="local_x" v="-3.2738"/>
    <tag k="local_y" v="129.6852"/>
    <tag k="ele" v="1.7388"/>
  </node>
  <node id="33714" lat="-3.61052846638" lon="59.40049955524">
    <tag k="local_x" v="-7.4734"/>
    <tag k="local_y" v="130.7714"/>
    <tag k="ele" v="1.7388"/>
  </node>
  <node id="33715" lat="-3.61053612242" lon="59.40050619323">
    <tag k="local_x" v="-6.7314"/>
    <tag k="local_y" v="129.9264"/>
    <tag k="ele" v="1.7388"/>
  </node>
  <node id="33716" lat="-3.61054285381" lon="59.40051032127">
    <tag k="local_x" v="-6.2691"/>
    <tag k="local_y" v="129.1827"/>
    <tag k="ele" v="1.7388"/>
  </node>
  <node id="33729" lat="-3.61047589142" lon="59.40050224019">
    <tag k="local_x" v="-7.1977"/>
    <tag k="local_y" v="136.5954"/>
    <tag k="ele" v="2.1256"/>
  </node>
  <node id="33730" lat="-3.61047735995" lon="59.40047488859">
    <tag k="local_x" v="-10.2406"/>
    <tag k="local_y" v="136.4207"/>
    <tag k="ele" v="2.1256"/>
  </node>
  <node id="33913" lat="-3.61263687464" lon="59.39753740193">
    <tag k="local_x" v="-336.1609"/>
    <tag k="local_y" v="-104.0475"/>
    <tag k="ele" v="1.7487"/>
  </node>
  <node id="33914" lat="-3.61263537323" lon="59.39756869433">
    <tag k="local_x" v="-332.6795"/>
    <tag k="local_y" v="-103.8674"/>
    <tag k="ele" v="1.7528"/>
  </node>
  <node id="34039" lat="-3.60998973337" lon="59.39842096321">
    <tag k="local_x" v="-239.0051"/>
    <tag k="local_y" v="189.5211"/>
    <tag k="ele" v="1.8768"/>
  </node>
  <node id="34042" lat="-3.6099879137" lon="59.39847848189">
    <tag k="local_x" v="-232.6055"/>
    <tag k="local_y" v="189.748"/>
    <tag k="ele" v="1.8768"/>
  </node>
  <node id="34081" lat="-3.61011075956" lon="59.39856971863">
    <tag k="local_x" v="-222.3992"/>
    <tag k="local_y" v="176.1827"/>
    <tag k="ele" v="0.0092"/>
  </node>
  <node id="34082" lat="-3.61013623905" lon="59.39856501691">
    <tag k="local_x" v="-222.9112"/>
    <tag k="local_y" v="173.3587"/>
    <tag k="ele" v="0.0092"/>
  </node>
  <node id="34420" lat="-3.61193910698" lon="59.39912994738">
    <tag k="local_x" v="-159.2571"/>
    <tag k="local_y" v="-26.0649"/>
    <tag k="ele" v="2.0654"/>
  </node>
  <node id="34422" lat="-3.61191408317" lon="59.39912800344">
    <tag k="local_x" v="-159.4844"/>
    <tag k="local_y" v="-23.2943"/>
    <tag k="ele" v="2.0654"/>
  </node>
  <node id="35086" lat="-3.61012964342" lon="59.39832742197">
    <tag k="local_x" v="-249.3525"/>
    <tag k="local_y" v="173.9844"/>
    <tag k="ele" v="1.855"/>
  </node>
  <node id="35089" lat="-3.61010406915" lon="59.39832555116">
    <tag k="local_x" v="-249.5719"/>
    <tag k="local_y" v="176.816"/>
    <tag k="ele" v="1.855"/>
  </node>
  <node id="35099" lat="-3.61011050298" lon="59.39823840569">
    <tag k="local_x" v="-259.2662"/>
    <tag k="local_y" v="176.065"/>
    <tag k="ele" v="1.85"/>
  </node>
  <node id="35100" lat="-3.61013607724" lon="59.39824027649">
    <tag k="local_x" v="-259.0468"/>
    <tag k="local_y" v="173.2334"/>
    <tag k="ele" v="1.85"/>
  </node>
  <node id="35333" lat="-3.61007223967" lon="59.39817883441">
    <tag k="local_x" v="-265.9118"/>
    <tag k="local_y" v="180.2765"/>
    <tag k="ele" v="1.8513"/>
  </node>
  <node id="35334" lat="-3.61011182785" lon="59.39818157286">
    <tag k="local_x" v="-265.5897"/>
    <tag k="local_y" v="175.8932"/>
    <tag k="ele" v="1.8513"/>
  </node>
  <node id="35340" lat="-3.61091186639" lon="59.39781940601">
    <tag k="local_x" v="-305.5386"/>
    <tag k="local_y" v="87.1268"/>
    <tag k="ele" v="1.7889"/>
  </node>
  <node id="35341" lat="-3.61088647532" lon="59.39781750936">
    <tag k="local_x" v="-305.7608"/>
    <tag k="local_y" v="89.9381"/>
    <tag k="ele" v="1.7889"/>
  </node>
  <node id="35347" lat="-3.61088846249" lon="59.39812687626">
    <tag k="local_x" v="-271.3351"/>
    <tag k="local_y" v="89.8545"/>
    <tag k="ele" v="1.8205"/>
  </node>
  <node id="35349" lat="-3.61085876852" lon="59.3981248492">
    <tag k="local_x" v="-271.5737"/>
    <tag k="local_y" v="93.1423"/>
    <tag k="ele" v="1.8205"/>
  </node>
  <node id="35618" lat="-3.61052953293" lon="59.39740240178">
    <tag k="local_x" v="-352.1087"/>
    <tag k="local_y" v="129.2874"/>
    <tag k="ele" v="0.083"/>
  </node>
  <node id="35619" lat="-3.61053141325" lon="59.39737667884">
    <tag k="local_x" v="-354.9702"/>
    <tag k="local_y" v="129.0678"/>
    <tag k="ele" v="0.083"/>
  </node>
  <node id="35635" lat="-3.61073039707" lon="59.39971696144">
    <tag k="local_x" v="-94.4678"/>
    <tag k="local_y" v="108.062"/>
    <tag k="ele" v="1.9962"/>
  </node>
  <node id="35637" lat="-3.61070524647" lon="59.39971492628">
    <tag k="local_x" v="-94.7053"/>
    <tag k="local_y" v="110.8466"/>
    <tag k="ele" v="1.9962"/>
  </node>
  <node id="35726" lat="-3.61046936944" lon="59.39872000375">
    <tag k="local_x" v="-205.5188"/>
    <tag k="local_y" v="136.5319"/>
    <tag k="ele" v="1.907"/>
  </node>
  <node id="35727" lat="-3.61046728966" lon="59.39874553161">
    <tag k="local_x" v="-202.6791"/>
    <tag k="local_y" v="136.7735"/>
    <tag k="ele" v="1.907"/>
  </node>
  <node id="36290" lat="-3.61099651691" lon="59.39885511937">
    <tag k="local_x" v="-190.2524"/>
    <tag k="local_y" v="78.2084"/>
    <tag k="ele" v="1.8645"/>
  </node>
  <node id="36291" lat="-3.610998502" lon="59.39883007895">
    <tag k="local_x" v="-193.0379"/>
    <tag k="local_y" v="77.9775"/>
    <tag k="ele" v="1.899"/>
  </node>
  <node id="36297" lat="-3.6111302826" lon="59.39886562375">
    <tag k="local_x" v="-189.0248"/>
    <tag k="local_y" v="63.3981"/>
    <tag k="ele" v="1.8646"/>
  </node>
  <node id="36298" lat="-3.61113228922" lon="59.3988405464">
    <tag k="local_x" v="-191.8144"/>
    <tag k="local_y" v="63.1648"/>
    <tag k="ele" v="1.897"/>
  </node>
  <node id="36441" lat="-3.61059258108" lon="59.39730987094">
    <tag k="local_x" v="-362.3774"/>
    <tag k="local_y" v="122.2638"/>
    <tag k="ele" v="0.1408"/>
  </node>
  <node id="36443" lat="-3.61059076309" lon="59.39733559993">
    <tag k="local_x" v="-359.5152"/>
    <tag k="local_y" v="122.4765"/>
    <tag k="ele" v="0.1408"/>
  </node>
  <node id="36866" lat="-3.61072225827" lon="59.39731903607">
    <tag k="local_x" v="-361.3006"/>
    <tag k="local_y" v="107.9057"/>
    <tag k="ele" v="0.1101"/>
  </node>
  <node id="36867" lat="-3.61072045216" lon="59.39734615976">
    <tag k="local_x" v="-358.2832"/>
    <tag k="local_y" v="108.1177"/>
    <tag k="ele" v="0.1101"/>
  </node>
  <node id="37110" lat="-3.61033318982" lon="59.39811806921">
    <tag k="local_x" v="-272.5589"/>
    <tag k="local_y" v="151.3487"/>
    <tag k="ele" v="1.9087"/>
  </node>
  <node id="37113" lat="-3.61030706424" lon="59.39811628776">
    <tag k="local_x" v="-272.7686"/>
    <tag k="local_y" v="154.2414"/>
    <tag k="ele" v="1.9087"/>
  </node>
  <node id="37882" lat="-3.61248561593" lon="59.39538872348">
    <tag k="local_x" v="-575.3217"/>
    <tag k="local_y" v="-88.2439"/>
    <tag k="ele" v="1.5252"/>
  </node>
  <node id="37883" lat="-3.61248753315" lon="59.39536345331">
    <tag k="local_x" v="-578.1328"/>
    <tag k="local_y" v="-88.4674"/>
    <tag k="ele" v="1.5252"/>
  </node>
  <node id="37921" lat="-3.61046123076" lon="59.39604277187">
    <tag k="local_x" v="-503.4319"/>
    <tag k="local_y" v="136.2521"/>
    <tag k="ele" v="2.6469"/>
  </node>
  <node id="37924" lat="-3.61048091973" lon="59.39604462269">
    <tag k="local_x" v="-503.2173"/>
    <tag k="local_y" v="134.0723"/>
    <tag k="ele" v="2.6469"/>
  </node>
  <node id="37928" lat="-3.61044964318" lon="59.39604149927">
    <tag k="local_x" v="-503.5786"/>
    <tag k="local_y" v="137.5349"/>
    <tag k="ele" v="2.6469"/>
  </node>
  <node id="37929" lat="-3.6104669484" lon="59.39584191512">
    <tag k="local_x" v="-525.7798"/>
    <tag k="local_y" v="135.5302"/>
    <tag k="ele" v="2.9298"/>
  </node>
  <node id="37930" lat="-3.61042668805" lon="59.39604001721">
    <tag k="local_x" v="-503.7536"/>
    <tag k="local_y" v="140.0766"/>
    <tag k="ele" v="2.6469"/>
  </node>
  <node id="37931" lat="-3.61044399328" lon="59.39584043307">
    <tag k="local_x" v="-525.9548"/>
    <tag k="local_y" v="138.0719"/>
    <tag k="ele" v="2.9298"/>
  </node>
  <node id="38050" lat="-3.61046079757" lon="59.3963049772">
    <tag k="local_x" v="-474.2551"/>
    <tag k="local_y" v="136.4158"/>
    <tag k="ele" v="2.2996"/>
  </node>
  <node id="38052" lat="-3.61043523627" lon="59.39630295005">
    <tag k="local_x" v="-474.4919"/>
    <tag k="local_y" v="139.2459"/>
    <tag k="ele" v="2.2996"/>
  </node>
  <node id="38064" lat="-3.61042931912" lon="59.39630307945">
    <tag k="local_x" v="-474.4801"/>
    <tag k="local_y" v="139.9013"/>
    <tag k="ele" v="2.2996"/>
  </node>
  <node id="38066" lat="-3.61040375783" lon="59.39630105229">
    <tag k="local_x" v="-474.7169"/>
    <tag k="local_y" v="142.7314"/>
    <tag k="ele" v="2.2996"/>
  </node>
  <node id="38193" lat="-3.61021154935" lon="59.39888028557">
    <tag k="local_x" v="-187.7966"/>
    <tag k="local_y" v="165.1569"/>
    <tag k="ele" v="1.9067"/>
  </node>
  <node id="38194" lat="-3.61024024573" lon="59.39887712587">
    <tag k="local_x" v="-188.1356"/>
    <tag k="local_y" v="161.9773"/>
    <tag k="ele" v="1.8926"/>
  </node>
  <node id="38379" lat="-3.6102711207" lon="59.39878118567">
    <tag k="local_x" v="-198.7978"/>
    <tag k="local_y" v="158.5155"/>
    <tag k="ele" v="1.9943"/>
  </node>
  <node id="38382" lat="-3.61024975829" lon="59.39876361638">
    <tag k="local_x" v="-200.7622"/>
    <tag k="local_y" v="160.8737"/>
    <tag k="ele" v="1.9943"/>
  </node>
  <node id="38393" lat="-3.61022872074" lon="59.39880042098">
    <tag k="local_x" v="-196.676"/>
    <tag k="local_y" v="163.2199"/>
    <tag k="ele" v="1.9571"/>
  </node>
  <node id="38394" lat="-3.6102247357" lon="59.39880823539">
    <tag k="local_x" v="-195.8082"/>
    <tag k="local_y" v="163.6647"/>
    <tag k="ele" v="1.9571"/>
  </node>
  <node id="38395" lat="-3.61022109173" lon="59.39881666854">
    <tag k="local_x" v="-194.8714"/>
    <tag k="local_y" v="164.072"/>
    <tag k="ele" v="1.9571"/>
  </node>
  <node id="38396" lat="-3.61021798768" lon="59.39882532693">
    <tag k="local_x" v="-193.9093"/>
    <tag k="local_y" v="164.4196"/>
    <tag k="ele" v="1.9571"/>
  </node>
  <node id="38397" lat="-3.61021543698" lon="59.39883417545">
    <tag k="local_x" v="-192.9258"/>
    <tag k="local_y" v="164.706"/>
    <tag k="ele" v="1.9571"/>
  </node>
  <node id="38398" lat="-3.61021345211" lon="59.3988431799">
    <tag k="local_x" v="-191.9247"/>
    <tag k="local_y" v="164.9298"/>
    <tag k="ele" v="1.9571"/>
  </node>
  <node id="38399" lat="-3.61021204107" lon="59.39885230341">
    <tag k="local_x" v="-190.9101"/>
    <tag k="local_y" v="165.0901"/>
    <tag k="ele" v="1.9571"/>
  </node>
  <node id="38400" lat="-3.61021121274" lon="59.39886151">
    <tag k="local_x" v="-189.886"/>
    <tag k="local_y" v="165.1859"/>
    <tag k="ele" v="1.9571"/>
  </node>
  <node id="38401" lat="-3.61021096697" lon="59.39887030809">
    <tag k="local_x" v="-188.9071"/>
    <tag k="local_y" v="165.217"/>
    <tag k="ele" v="1.9571"/>
  </node>
  <node id="38402" lat="-3.61025262675" lon="59.39881234735">
    <tag k="local_x" v="-195.3384"/>
    <tag k="local_y" v="160.5775"/>
    <tag k="ele" v="1.9571"/>
  </node>
  <node id="38404" lat="-3.61024642222" lon="59.39882738147">
    <tag k="local_x" v="-193.6682"/>
    <tag k="local_y" v="161.2713"/>
    <tag k="ele" v="1.9571"/>
  </node>
  <node id="38406" lat="-3.61024299489" lon="59.39884079242">
    <tag k="local_x" v="-192.1774"/>
    <tag k="local_y" v="161.6568"/>
    <tag k="ele" v="1.9571"/>
  </node>
  <node id="38408" lat="-3.61024136446" lon="59.39885173482">
    <tag k="local_x" v="-190.9605"/>
    <tag k="local_y" v="161.8422"/>
    <tag k="ele" v="1.9571"/>
  </node>
  <node id="38410" lat="-3.61024063956" lon="59.39886537416">
    <tag k="local_x" v="-189.4431"/>
    <tag k="local_y" v="161.9285"/>
    <tag k="ele" v="1.9571"/>
  </node>
  <node id="38425" lat="-3.61018568373" lon="59.39875014458">
    <tag k="local_x" v="-202.2894"/>
    <tag k="local_y" v="167.9642"/>
    <tag k="ele" v="2.0262"/>
  </node>
  <node id="38426" lat="-3.61021643708" lon="59.39874157574">
    <tag k="local_x" v="-203.2294"/>
    <tag k="local_y" v="164.5544"/>
    <tag k="ele" v="2.0262"/>
  </node>
  <node id="38432" lat="-3.61017868918" lon="59.3987252762">
    <tag k="local_x" v="-205.0597"/>
    <tag k="local_y" v="168.7279"/>
    <tag k="ele" v="2.0205"/>
  </node>
  <node id="38433" lat="-3.61020944343" lon="59.39871670826">
    <tag k="local_x" v="-205.9996"/>
    <tag k="local_y" v="165.318"/>
    <tag k="ele" v="2.0205"/>
  </node>
  <node id="38470" lat="-3.61018989299" lon="59.39876553574">
    <tag k="local_x" v="-200.5749"/>
    <tag k="local_y" v="167.5048"/>
    <tag k="ele" v="2.0269"/>
  </node>
  <node id="38471" lat="-3.61019327323" lon="59.39877816854">
    <tag k="local_x" v="-199.1677"/>
    <tag k="local_y" v="167.136"/>
    <tag k="ele" v="2.0269"/>
  </node>
  <node id="38472" lat="-3.6101963886" lon="59.39879072331">
    <tag k="local_x" v="-197.7693"/>
    <tag k="local_y" v="166.7965"/>
    <tag k="ele" v="2.0269"/>
  </node>
  <node id="38473" lat="-3.61019927396" lon="59.3988033356">
    <tag k="local_x" v="-196.3646"/>
    <tag k="local_y" v="166.4825"/>
    <tag k="ele" v="2.0269"/>
  </node>
  <node id="38474" lat="-3.61020192929" lon="59.39881600182">
    <tag k="local_x" v="-194.954"/>
    <tag k="local_y" v="166.194"/>
    <tag k="ele" v="2.0269"/>
  </node>
  <node id="38475" lat="-3.61020435278" lon="59.39882871749">
    <tag k="local_x" v="-193.538"/>
    <tag k="local_y" v="165.9312"/>
    <tag k="ele" v="2.0269"/>
  </node>
  <node id="38476" lat="-3.61020654348" lon="59.3988414781">
    <tag k="local_x" v="-192.1171"/>
    <tag k="local_y" v="165.6942"/>
    <tag k="ele" v="2.0269"/>
  </node>
  <node id="38477" lat="-3.6102085005" lon="59.39885428008">
    <tag k="local_x" v="-190.6917"/>
    <tag k="local_y" v="165.4831"/>
    <tag k="ele" v="2.0269"/>
  </node>
  <node id="38478" lat="-3.61021023878" lon="59.39886724918">
    <tag k="local_x" v="-189.2478"/>
    <tag k="local_y" v="165.2963"/>
    <tag k="ele" v="2.0269"/>
  </node>
  <node id="38479" lat="-3.61022086999" lon="59.39875780717">
    <tag k="local_x" v="-201.4213"/>
    <tag k="local_y" v="164.0706"/>
    <tag k="ele" v="2.0269"/>
  </node>
  <node id="38480" lat="-3.61022394743" lon="59.39877081053">
    <tag k="local_x" v="-199.973"/>
    <tag k="local_y" v="163.7355"/>
    <tag k="ele" v="2.0269"/>
  </node>
  <node id="38481" lat="-3.61022681795" lon="59.39878400522">
    <tag k="local_x" v="-198.5035"/>
    <tag k="local_y" v="163.4234"/>
    <tag k="ele" v="2.0269"/>
  </node>
  <node id="38482" lat="-3.61022944668" lon="59.3987972458">
    <tag k="local_x" v="-197.029"/>
    <tag k="local_y" v="163.1381"/>
    <tag k="ele" v="2.0269"/>
  </node>
  <node id="38483" lat="-3.61023183179" lon="59.39881052957">
    <tag k="local_x" v="-195.5498"/>
    <tag k="local_y" v="162.8798"/>
    <tag k="ele" v="2.0269"/>
  </node>
  <node id="38484" lat="-3.61023397236" lon="59.39882385026">
    <tag k="local_x" v="-194.0666"/>
    <tag k="local_y" v="162.6486"/>
    <tag k="ele" v="2.0269"/>
  </node>
  <node id="38485" lat="-3.61023586837" lon="59.39883720427">
    <tag k="local_x" v="-192.5798"/>
    <tag k="local_y" v="162.4445"/>
    <tag k="ele" v="2.0269"/>
  </node>
  <node id="38486" lat="-3.61023751891" lon="59.3988505871">
    <tag k="local_x" v="-191.0899"/>
    <tag k="local_y" v="162.2676"/>
    <tag k="ele" v="2.0269"/>
  </node>
  <node id="38487" lat="-3.61023890899" lon="59.39886386402">
    <tag k="local_x" v="-189.6119"/>
    <tag k="local_y" v="162.1195"/>
    <tag k="ele" v="2.0269"/>
  </node>
  <node id="38525" lat="-3.61069807214" lon="59.39738954795">
    <tag k="local_x" v="-353.465"/>
    <tag k="local_y" v="110.6155"/>
    <tag k="ele" v="1.8128"/>
  </node>
  <node id="38528" lat="-3.61069582857" lon="59.39741497217">
    <tag k="local_x" v="-350.6369"/>
    <tag k="local_y" v="110.8752"/>
    <tag k="ele" v="1.8128"/>
  </node>
  <node id="38652" lat="-3.61087629997" lon="59.39746699677">
    <tag k="local_x" v="-344.7686"/>
    <tag k="local_y" v="90.9104"/>
    <tag k="ele" v="1.7522"/>
  </node>
  <node id="38653" lat="-3.6109056563" lon="59.39746904222">
    <tag k="local_x" v="-344.5281"/>
    <tag k="local_y" v="87.66"/>
    <tag k="ele" v="1.7636"/>
  </node>
  <node id="38678" lat="-3.61075293312" lon="59.39741996361">
    <tag k="local_x" v="-350.0564"/>
    <tag k="local_y" v="104.5529"/>
    <tag k="ele" v="1.8118"/>
  </node>
  <node id="38679" lat="-3.61075517669" lon="59.39739453938">
    <tag k="local_x" v="-352.8845"/>
    <tag k="local_y" v="104.2932"/>
    <tag k="ele" v="1.8118"/>
  </node>
  <node id="38686" lat="-3.61085327319" lon="59.39740901089">
    <tag k="local_x" v="-351.2311"/>
    <tag k="local_y" v="93.4351"/>
    <tag k="ele" v="1.8108"/>
  </node>
  <node id="38867" lat="-3.61086478035" lon="59.39753174311">
    <tag k="local_x" v="-337.569"/>
    <tag k="local_y" v="92.2148"/>
    <tag k="ele" v="1.7231"/>
  </node>
  <node id="38869" lat="-3.6108899252" lon="59.39753302963">
    <tag k="local_x" v="-337.4148"/>
    <tag k="local_y" v="89.4305"/>
    <tag k="ele" v="1.7407"/>
  </node>
  <node id="38871" lat="-3.61086675043" lon="59.39752107258">
    <tag k="local_x" v="-338.7555"/>
    <tag k="local_y" v="91.9919"/>
    <tag k="ele" v="0.7491"/>
  </node>
  <node id="38874" lat="-3.61089310058" lon="59.3975221135">
    <tag k="local_x" v="-338.6281"/>
    <tag k="local_y" v="89.074"/>
    <tag k="ele" v="0.7491"/>
  </node>
  <node id="38904" lat="-3.6108745549" lon="59.39748609866">
    <tag k="local_x" v="-342.6438"/>
    <tag k="local_y" v="91.1121"/>
    <tag k="ele" v="1.7579"/>
  </node>
  <node id="38905" lat="-3.61087218113" lon="59.39749810622">
    <tag k="local_x" v="-341.3087"/>
    <tag k="local_y" v="91.3803"/>
    <tag k="ele" v="1.7579"/>
  </node>
  <node id="38906" lat="-3.61086943994" lon="59.39751035697">
    <tag k="local_x" v="-339.9467"/>
    <tag k="local_y" v="91.6893"/>
    <tag k="ele" v="1.7579"/>
  </node>
  <node id="38907" lat="-3.61090303938" lon="59.39748528887">
    <tag k="local_x" v="-342.7214"/>
    <tag k="local_y" v="87.957"/>
    <tag k="ele" v="1.7579"/>
  </node>
  <node id="38908" lat="-3.6109002617" lon="59.39749631218">
    <tag k="local_x" v="-341.496"/>
    <tag k="local_y" v="88.2695"/>
    <tag k="ele" v="1.7579"/>
  </node>
  <node id="38909" lat="-3.61089760912" lon="59.39750700608">
    <tag k="local_x" v="-340.3072"/>
    <tag k="local_y" v="88.568"/>
    <tag k="ele" v="1.7579"/>
  </node>
  <node id="38938" lat="-3.61006818781" lon="59.39823561958">
    <tag k="local_x" v="-259.5948"/>
    <tag k="local_y" v="180.7503"/>
    <tag k="ele" v="1.8507"/>
  </node>
  <node id="38939" lat="-3.61010796302" lon="59.39823838786">
    <tag k="local_x" v="-259.2693"/>
    <tag k="local_y" v="176.3463"/>
    <tag k="ele" v="1.8507"/>
  </node>
  <node id="38978" lat="-3.61006715263" lon="59.39825319273">
    <tag k="local_x" v="-257.6398"/>
    <tag k="local_y" v="180.8727"/>
    <tag k="ele" v="1.8507"/>
  </node>
  <node id="38979" lat="-3.61006720118" lon="59.39827037427">
    <tag k="local_x" v="-255.7279"/>
    <tag k="local_y" v="180.8749"/>
    <tag k="ele" v="1.8507"/>
  </node>
  <node id="38980" lat="-3.61006760894" lon="59.39828774402">
    <tag k="local_x" v="-253.7949"/>
    <tag k="local_y" v="180.8374"/>
    <tag k="ele" v="1.8507"/>
  </node>
  <node id="38981" lat="-3.61006838409" lon="59.39830508805">
    <tag k="local_x" v="-251.8646"/>
    <tag k="local_y" v="180.7592"/>
    <tag k="ele" v="1.8507"/>
  </node>
  <node id="38982" lat="-3.61006952477" lon="59.39832239649">
    <tag k="local_x" v="-249.9381"/>
    <tag k="local_y" v="180.6405"/>
    <tag k="ele" v="1.8507"/>
  </node>
  <node id="38983" lat="-3.61007103096" lon="59.39833966305">
    <tag k="local_x" v="-248.0161"/>
    <tag k="local_y" v="180.4813"/>
    <tag k="ele" v="1.8507"/>
  </node>
  <node id="38984" lat="-3.61007289992" lon="59.39835687966">
    <tag k="local_x" v="-246.0995"/>
    <tag k="local_y" v="180.2819"/>
    <tag k="ele" v="1.8507"/>
  </node>
  <node id="38985" lat="-3.61007513253" lon="59.3983740391">
    <tag k="local_x" v="-244.1891"/>
    <tag k="local_y" v="180.0422"/>
    <tag k="ele" v="1.8507"/>
  </node>
  <node id="38986" lat="-3.61007772513" lon="59.39839113243">
    <tag k="local_x" v="-242.2859"/>
    <tag k="local_y" v="179.7626"/>
    <tag k="ele" v="1.8507"/>
  </node>
  <node id="38987" lat="-3.61008067591" lon="59.39840815425">
    <tag k="local_x" v="-240.3905"/>
    <tag k="local_y" v="179.4433"/>
    <tag k="ele" v="1.8507"/>
  </node>
  <node id="38988" lat="-3.61008396352" lon="59.39842496175">
    <tag k="local_x" v="-238.5188"/>
    <tag k="local_y" v="179.0866"/>
    <tag k="ele" v="1.8507"/>
  </node>
  <node id="38989" lat="-3.6101069968" lon="59.39825468731">
    <tag k="local_x" v="-257.456"/>
    <tag k="local_y" v="176.4605"/>
    <tag k="ele" v="1.8507"/>
  </node>
  <node id="38990" lat="-3.6101056639" lon="59.39827141418">
    <tag k="local_x" v="-255.5953"/>
    <tag k="local_y" v="176.6155"/>
    <tag k="ele" v="1.8507"/>
  </node>
  <node id="38991" lat="-3.61010468877" lon="59.39828796979">
    <tag k="local_x" v="-253.7535"/>
    <tag k="local_y" v="176.7308"/>
    <tag k="ele" v="1.8507"/>
  </node>
  <node id="38992" lat="-3.610104065" lon="59.39830455727">
    <tag k="local_x" v="-251.908"/>
    <tag k="local_y" v="176.8072"/>
    <tag k="ele" v="1.8507"/>
  </node>
  <node id="38993" lat="-3.61010379166" lon="59.39832116943">
    <tag k="local_x" v="-250.0596"/>
    <tag k="local_y" v="176.8448"/>
    <tag k="ele" v="1.8507"/>
  </node>
  <node id="38994" lat="-3.61010387052" lon="59.39833779727">
    <tag k="local_x" v="-248.2093"/>
    <tag k="local_y" v="176.8434"/>
    <tag k="ele" v="1.8507"/>
  </node>
  <node id="38995" lat="-3.61010430155" lon="59.39835443541">
    <tag k="local_x" v="-246.3577"/>
    <tag k="local_y" v="176.803"/>
    <tag k="ele" v="1.8507"/>
  </node>
  <node id="38996" lat="-3.61010508562" lon="59.39837107395">
    <tag k="local_x" v="-244.5059"/>
    <tag k="local_y" v="176.7235"/>
    <tag k="ele" v="1.8507"/>
  </node>
  <node id="38997" lat="-3.61010622361" lon="59.3983877084">
    <tag k="local_x" v="-242.6544"/>
    <tag k="local_y" v="176.6048"/>
    <tag k="ele" v="1.8507"/>
  </node>
  <node id="38998" lat="-3.61010771369" lon="59.39840432888">
    <tag k="local_x" v="-240.8043"/>
    <tag k="local_y" v="176.4471"/>
    <tag k="ele" v="1.8507"/>
  </node>
  <node id="38999" lat="-3.61010957983" lon="59.3984210629">
    <tag k="local_x" v="-238.9414"/>
    <tag k="local_y" v="176.2478"/>
    <tag k="ele" v="1.8507"/>
  </node>
  <node id="39005" lat="-3.61009916677" lon="59.39839481509">
    <tag k="local_x" v="-241.8667"/>
    <tag k="local_y" v="177.3895"/>
    <tag k="ele" v="1.858"/>
  </node>
  <node id="39006" lat="-3.6100984804" lon="59.39841223409">
    <tag k="local_x" v="-239.9287"/>
    <tag k="local_y" v="177.4732"/>
    <tag k="ele" v="1.858"/>
  </node>
  <node id="39007" lat="-3.61009820007" lon="59.39842981324">
    <tag k="local_x" v="-237.9727"/>
    <tag k="local_y" v="177.512"/>
    <tag k="ele" v="1.858"/>
  </node>
  <node id="39008" lat="-3.61009833238" lon="59.39844739437">
    <tag k="local_x" v="-236.0163"/>
    <tag k="local_y" v="177.5051"/>
    <tag k="ele" v="1.858"/>
  </node>
  <node id="39009" lat="-3.61009887639" lon="59.39846496758">
    <tag k="local_x" v="-234.0606"/>
    <tag k="local_y" v="177.4526"/>
    <tag k="ele" v="1.858"/>
  </node>
  <node id="39010" lat="-3.61009983115" lon="59.39848252479">
    <tag k="local_x" v="-232.1065"/>
    <tag k="local_y" v="177.3546"/>
    <tag k="ele" v="1.858"/>
  </node>
  <node id="39011" lat="-3.61010119844" lon="59.39850005432">
    <tag k="local_x" v="-230.1553"/>
    <tag k="local_y" v="177.2109"/>
    <tag k="ele" v="1.858"/>
  </node>
  <node id="39012" lat="-3.6101029755" lon="59.39851754898">
    <tag k="local_x" v="-228.2078"/>
    <tag k="local_y" v="177.0218"/>
    <tag k="ele" v="1.858"/>
  </node>
  <node id="39013" lat="-3.61010516321" lon="59.39853499708">
    <tag k="local_x" v="-226.2653"/>
    <tag k="local_y" v="176.7872"/>
    <tag k="ele" v="1.858"/>
  </node>
  <node id="39014" lat="-3.61010773474" lon="59.39855224147">
    <tag k="local_x" v="-224.3453"/>
    <tag k="local_y" v="176.51"/>
    <tag k="ele" v="1.858"/>
  </node>
  <node id="39015" lat="-3.61012479076" lon="59.39839579421">
    <tag k="local_x" v="-241.7465"/>
    <tag k="local_y" v="174.552"/>
    <tag k="ele" v="1.858"/>
  </node>
  <node id="39016" lat="-3.61012414474" lon="59.39841291559">
    <tag k="local_x" v="-239.8416"/>
    <tag k="local_y" v="174.6311"/>
    <tag k="ele" v="1.858"/>
  </node>
  <node id="39017" lat="-3.61012390357" lon="59.39842989877">
    <tag k="local_x" v="-237.9519"/>
    <tag k="local_y" v="174.6653"/>
    <tag k="ele" v="1.858"/>
  </node>
  <node id="39018" lat="-3.61012406059" lon="59.39844688308">
    <tag k="local_x" v="-236.0619"/>
    <tag k="local_y" v="174.6554"/>
    <tag k="ele" v="1.858"/>
  </node>
  <node id="39019" lat="-3.61012461486" lon="59.39846385774">
    <tag k="local_x" v="-234.1728"/>
    <tag k="local_y" v="174.6015"/>
    <tag k="ele" v="1.858"/>
  </node>
  <node id="39020" lat="-3.61012556814" lon="59.39848081554">
    <tag k="local_x" v="-232.2854"/>
    <tag k="local_y" v="174.5034"/>
    <tag k="ele" v="1.858"/>
  </node>
  <node id="39021" lat="-3.61012691769" lon="59.39849774572">
    <tag k="local_x" v="-230.4009"/>
    <tag k="local_y" v="174.3614"/>
    <tag k="ele" v="1.858"/>
  </node>
  <node id="39022" lat="-3.61012866347" lon="59.39851463929">
    <tag k="local_x" v="-228.5203"/>
    <tag k="local_y" v="174.1755"/>
    <tag k="ele" v="1.858"/>
  </node>
  <node id="39023" lat="-3.61013080545" lon="59.39853148816">
    <tag k="local_x" v="-226.6445"/>
    <tag k="local_y" v="173.9457"/>
    <tag k="ele" v="1.858"/>
  </node>
  <node id="39024" lat="-3.61013336405" lon="59.39854843065">
    <tag k="local_x" v="-224.7581"/>
    <tag k="local_y" v="173.6698"/>
    <tag k="ele" v="1.858"/>
  </node>
  <node id="39028" lat="-3.61000027084" lon="59.3984791386">
    <tag k="local_x" v="-232.527"/>
    <tag k="local_y" v="188.3797"/>
    <tag k="ele" v="1.8561"/>
  </node>
  <node id="39029" lat="-3.61000335486" lon="59.39842168773">
    <tag k="local_x" v="-238.9185"/>
    <tag k="local_y" v="188.0128"/>
    <tag k="ele" v="1.8561"/>
  </node>
  <node id="39035" lat="-3.61001155282" lon="59.39848030012">
    <tag k="local_x" v="-232.3928"/>
    <tag k="local_y" v="187.1307"/>
    <tag k="ele" v="1.8561"/>
  </node>
  <node id="39036" lat="-3.61002689611" lon="59.39848214568">
    <tag k="local_x" v="-232.1807"/>
    <tag k="local_y" v="185.4322"/>
    <tag k="ele" v="1.8561"/>
  </node>
  <node id="39037" lat="-3.61004029399" lon="59.39848544129">
    <tag k="local_x" v="-231.8081"/>
    <tag k="local_y" v="183.9498"/>
    <tag k="ele" v="1.8561"/>
  </node>
  <node id="39038" lat="-3.61005336254" lon="59.39849061283">
    <tag k="local_x" v="-231.2269"/>
    <tag k="local_y" v="182.5047"/>
    <tag k="ele" v="1.8561"/>
  </node>
  <node id="39039" lat="-3.6100658344" lon="59.3984976299">
    <tag k="local_x" v="-230.4406"/>
    <tag k="local_y" v="181.1265"/>
    <tag k="ele" v="1.8561"/>
  </node>
  <node id="39040" lat="-3.61007744654" lon="59.39850642345">
    <tag k="local_x" v="-229.457"/>
    <tag k="local_y" v="179.8443"/>
    <tag k="ele" v="1.8561"/>
  </node>
  <node id="39041" lat="-3.6100879403" lon="59.39851688575">
    <tag k="local_x" v="-228.2882"/>
    <tag k="local_y" v="178.6867"/>
    <tag k="ele" v="1.8561"/>
  </node>
  <node id="39042" lat="-3.61009707403" lon="59.39852887487">
    <tag k="local_x" v="-226.9501"/>
    <tag k="local_y" v="177.6804"/>
    <tag k="ele" v="1.8561"/>
  </node>
  <node id="39043" lat="-3.61010491977" lon="59.3985430196">
    <tag k="local_x" v="-225.3727"/>
    <tag k="local_y" v="176.8177"/>
    <tag k="ele" v="1.8561"/>
  </node>
  <node id="39044" lat="-3.6100260494" lon="59.39842460606">
    <tag k="local_x" v="-238.5838"/>
    <tag k="local_y" v="185.5006"/>
    <tag k="ele" v="1.8561"/>
  </node>
  <node id="39045" lat="-3.61004383542" lon="59.39843130291">
    <tag k="local_x" v="-237.8308"/>
    <tag k="local_y" v="183.5337"/>
    <tag k="ele" v="1.8561"/>
  </node>
  <node id="39046" lat="-3.61006213033" lon="59.39844085913">
    <tag k="local_x" v="-236.7594"/>
    <tag k="local_y" v="181.5117"/>
    <tag k="ele" v="1.8561"/>
  </node>
  <node id="39047" lat="-3.61007875552" lon="59.39845262189">
    <tag k="local_x" v="-235.4432"/>
    <tag k="local_y" v="179.6756"/>
    <tag k="ele" v="1.8561"/>
  </node>
  <node id="39048" lat="-3.61009344986" lon="59.39846631992">
    <tag k="local_x" v="-233.9125"/>
    <tag k="local_y" v="178.0542"/>
    <tag k="ele" v="1.8561"/>
  </node>
  <node id="39049" lat="-3.61010599547" lon="59.39848165393">
    <tag k="local_x" v="-232.2007"/>
    <tag k="local_y" v="176.6715"/>
    <tag k="ele" v="1.8561"/>
  </node>
  <node id="39050" lat="-3.61011621861" lon="59.39849830287">
    <tag k="local_x" v="-230.3436"/>
    <tag k="local_y" v="175.5466"/>
    <tag k="ele" v="1.8561"/>
  </node>
  <node id="39051" lat="-3.61012399513" lon="59.39851592753">
    <tag k="local_x" v="-228.379"/>
    <tag k="local_y" v="174.6931"/>
    <tag k="ele" v="1.8561"/>
  </node>
  <node id="39052" lat="-3.61012895205" lon="59.398533371">
    <tag k="local_x" v="-226.4358"/>
    <tag k="local_y" v="174.1518"/>
    <tag k="ele" v="1.8561"/>
  </node>
  <node id="39058" lat="-3.61011268587" lon="59.39858002331">
    <tag k="local_x" v="-221.2517"/>
    <tag k="local_y" v="175.9739"/>
    <tag k="ele" v="0.0092"/>
  </node>
  <node id="39059" lat="-3.61013815798" lon="59.39857528388">
    <tag k="local_x" v="-221.7679"/>
    <tag k="local_y" v="173.1507"/>
    <tag k="ele" v="0.0092"/>
  </node>
  <node id="39065" lat="-3.61011586443" lon="59.39859688067">
    <tag k="local_x" v="-219.3745"/>
    <tag k="local_y" v="175.6293"/>
    <tag k="ele" v="0.0092"/>
  </node>
  <node id="39066" lat="-3.61011908979" lon="59.39861370011">
    <tag k="local_x" v="-217.5015"/>
    <tag k="local_y" v="175.2795"/>
    <tag k="ele" v="0.0092"/>
  </node>
  <node id="39067" lat="-3.61012237116" lon="59.39863052921">
    <tag k="local_x" v="-215.6274"/>
    <tag k="local_y" v="174.9235"/>
    <tag k="ele" v="0.0092"/>
  </node>
  <node id="39068" lat="-3.61012570486" lon="59.39864734821">
    <tag k="local_x" v="-213.7544"/>
    <tag k="local_y" v="174.5617"/>
    <tag k="ele" v="0.0092"/>
  </node>
  <node id="39069" lat="-3.61012909089" lon="59.39866415623">
    <tag k="local_x" v="-211.8826"/>
    <tag k="local_y" v="174.1941"/>
    <tag k="ele" v="0.0092"/>
  </node>
  <node id="39070" lat="-3.61013252925" lon="59.39868095416">
    <tag k="local_x" v="-210.0119"/>
    <tag k="local_y" v="173.8207"/>
    <tag k="ele" v="0.0092"/>
  </node>
  <node id="39071" lat="-3.61013602083" lon="59.39869774109">
    <tag k="local_x" v="-208.1424"/>
    <tag k="local_y" v="173.4414"/>
    <tag k="ele" v="0.0092"/>
  </node>
  <node id="39072" lat="-3.61013955924" lon="59.39871449819">
    <tag k="local_x" v="-206.2762"/>
    <tag k="local_y" v="173.0569"/>
    <tag k="ele" v="0.0092"/>
  </node>
  <node id="39073" lat="-3.6101413181" lon="59.39859204515">
    <tag k="local_x" v="-219.9014"/>
    <tag k="local_y" v="172.8081"/>
    <tag k="ele" v="0.0092"/>
  </node>
  <node id="39074" lat="-3.61014453608" lon="59.39860882598">
    <tag k="local_x" v="-218.0327"/>
    <tag k="local_y" v="172.4591"/>
    <tag k="ele" v="0.0092"/>
  </node>
  <node id="39075" lat="-3.61014780179" lon="59.39862557605">
    <tag k="local_x" v="-216.1674"/>
    <tag k="local_y" v="172.1048"/>
    <tag k="ele" v="0.0092"/>
  </node>
  <node id="39076" lat="-3.61015111983" lon="59.39864231694">
    <tag k="local_x" v="-214.3031"/>
    <tag k="local_y" v="171.7447"/>
    <tag k="ele" v="0.0092"/>
  </node>
  <node id="39077" lat="-3.6101544911" lon="59.39865904683">
    <tag k="local_x" v="-212.44"/>
    <tag k="local_y" v="171.3787"/>
    <tag k="ele" v="0.0092"/>
  </node>
  <node id="39078" lat="-3.61015791289" lon="59.39867576574">
    <tag k="local_x" v="-210.5781"/>
    <tag k="local_y" v="171.0071"/>
    <tag k="ele" v="0.0092"/>
  </node>
  <node id="39079" lat="-3.61016138791" lon="59.39869247456">
    <tag k="local_x" v="-208.7173"/>
    <tag k="local_y" v="170.6296"/>
    <tag k="ele" v="0.0092"/>
  </node>
  <node id="39080" lat="-3.61016491895" lon="59.39870919304">
    <tag k="local_x" v="-206.8554"/>
    <tag k="local_y" v="170.2459"/>
    <tag k="ele" v="0.0092"/>
  </node>
  <node id="39110" lat="-3.6101965352" lon="59.3989790219">
    <tag k="local_x" v="-176.8163"/>
    <tag k="local_y" v="166.8633"/>
    <tag k="ele" v="0.3927"/>
  </node>
  <node id="39111" lat="-3.6101986572" lon="59.39899108272">
    <tag k="local_x" v="-175.4733"/>
    <tag k="local_y" v="166.6336"/>
    <tag k="ele" v="0.3927"/>
  </node>
  <node id="39112" lat="-3.61020043655" lon="59.39900302897">
    <tag k="local_x" v="-174.1432"/>
    <tag k="local_y" v="166.4418"/>
    <tag k="ele" v="0.3927"/>
  </node>
  <node id="39113" lat="-3.61020190276" lon="59.39901501689">
    <tag k="local_x" v="-172.8086"/>
    <tag k="local_y" v="166.2847"/>
    <tag k="ele" v="0.3927"/>
  </node>
  <node id="39114" lat="-3.61020305488" lon="59.3990270393">
    <tag k="local_x" v="-171.4703"/>
    <tag k="local_y" v="166.1624"/>
    <tag k="ele" v="0.3927"/>
  </node>
  <node id="39115" lat="-3.610203892" lon="59.39903908722">
    <tag k="local_x" v="-170.1293"/>
    <tag k="local_y" v="166.075"/>
    <tag k="ele" v="0.3927"/>
  </node>
  <node id="39116" lat="-3.61020441316" lon="59.39905115346">
    <tag k="local_x" v="-168.7864"/>
    <tag k="local_y" v="166.0226"/>
    <tag k="ele" v="0.3927"/>
  </node>
  <node id="39117" lat="-3.61020461835" lon="59.39906322904">
    <tag k="local_x" v="-167.4426"/>
    <tag k="local_y" v="166.0052"/>
    <tag k="ele" v="0.3927"/>
  </node>
  <node id="39118" lat="-3.61020450842" lon="59.39907530585">
    <tag k="local_x" v="-166.0988"/>
    <tag k="local_y" v="166.0227"/>
    <tag k="ele" v="0.3927"/>
  </node>
  <node id="39119" lat="-3.61020407409" lon="59.39908754302">
    <tag k="local_x" v="-164.7373"/>
    <tag k="local_y" v="166.0762"/>
    <tag k="ele" v="0.3927"/>
  </node>
  <node id="39120" lat="-3.61022206271" lon="59.3989745887">
    <tag k="local_x" v="-177.2984"/>
    <tag k="local_y" v="164.0341"/>
    <tag k="ele" v="0.3927"/>
  </node>
  <node id="39121" lat="-3.61022422848" lon="59.39898698276">
    <tag k="local_x" v="-175.9183"/>
    <tag k="local_y" v="163.7997"/>
    <tag k="ele" v="0.3927"/>
  </node>
  <node id="39122" lat="-3.61022609536" lon="59.39899959458">
    <tag k="local_x" v="-174.5141"/>
    <tag k="local_y" v="163.5985"/>
    <tag k="ele" v="0.3927"/>
  </node>
  <node id="39123" lat="-3.61022763013" lon="59.39901225085">
    <tag k="local_x" v="-173.1051"/>
    <tag k="local_y" v="163.4341"/>
    <tag k="ele" v="0.3927"/>
  </node>
  <node id="39124" lat="-3.61022883458" lon="59.39902494167">
    <tag k="local_x" v="-171.6924"/>
    <tag k="local_y" v="163.3063"/>
    <tag k="ele" v="0.3927"/>
  </node>
  <node id="39125" lat="-3.61022970506" lon="59.39903765987">
    <tag k="local_x" v="-170.2768"/>
    <tag k="local_y" v="163.2155"/>
    <tag k="ele" v="0.3927"/>
  </node>
  <node id="39126" lat="-3.61023024335" lon="59.39905039645">
    <tag k="local_x" v="-168.8593"/>
    <tag k="local_y" v="163.1615"/>
    <tag k="ele" v="0.3927"/>
  </node>
  <node id="39127" lat="-3.61023044759" lon="59.39906314154">
    <tag k="local_x" v="-167.441"/>
    <tag k="local_y" v="163.1445"/>
    <tag k="ele" v="0.3927"/>
  </node>
  <node id="39128" lat="-3.61023031866" lon="59.39907588795">
    <tag k="local_x" v="-166.0227"/>
    <tag k="local_y" v="163.1644"/>
    <tag k="ele" v="0.3927"/>
  </node>
  <node id="39129" lat="-3.61022986218" lon="59.3990884595">
    <tag k="local_x" v="-164.624"/>
    <tag k="local_y" v="163.2205"/>
    <tag k="ele" v="0.3927"/>
  </node>
  <node id="39205" lat="-3.61049683509" lon="59.39585788154">
    <tag k="local_x" v="-523.99"/>
    <tag k="local_y" v="132.2272"/>
    <tag k="ele" v="2.7177"/>
  </node>
  <node id="39206" lat="-3.6104771383" lon="59.39585610625">
    <tag k="local_x" v="-524.1962"/>
    <tag k="local_y" v="134.4079"/>
    <tag k="ele" v="2.7177"/>
  </node>
  <node id="39317" lat="-3.61042024702" lon="59.39617105996">
    <tag k="local_x" v="-489.1746"/>
    <tag k="local_y" v="140.8478"/>
    <tag k="ele" v="-0.1174"/>
  </node>
  <node id="39318" lat="-3.610424833" lon="59.39616338337">
    <tag k="local_x" v="-490.0268"/>
    <tag k="local_y" v="140.3365"/>
    <tag k="ele" v="-0.1174"/>
  </node>
  <node id="39319" lat="-3.61042915587" lon="59.39615516234">
    <tag k="local_x" v="-490.9397"/>
    <tag k="local_y" v="139.8541"/>
    <tag k="ele" v="-0.1174"/>
  </node>
  <node id="39320" lat="-3.61043300565" lon="59.39614672389">
    <tag k="local_x" v="-491.877"/>
    <tag k="local_y" v="139.424"/>
    <tag k="ele" v="-0.1174"/>
  </node>
  <node id="39321" lat="-3.61043637253" lon="59.39613809593">
    <tag k="local_x" v="-492.8356"/>
    <tag k="local_y" v="139.0473"/>
    <tag k="ele" v="-0.1174"/>
  </node>
  <node id="39322" lat="-3.61043924577" lon="59.39612930547">
    <tag k="local_x" v="-493.8125"/>
    <tag k="local_y" v="138.7252"/>
    <tag k="ele" v="-0.1174"/>
  </node>
  <node id="39323" lat="-3.61044162007" lon="59.39612038127">
    <tag k="local_x" v="-494.8045"/>
    <tag k="local_y" v="138.4583"/>
    <tag k="ele" v="-0.1174"/>
  </node>
  <node id="39324" lat="-3.6104434865" lon="59.39611134945">
    <tag k="local_x" v="-495.8087"/>
    <tag k="local_y" v="138.2476"/>
    <tag k="ele" v="-0.1174"/>
  </node>
  <node id="39325" lat="-3.61044479406" lon="59.39610254899">
    <tag k="local_x" v="-496.7874"/>
    <tag k="local_y" v="138.0989"/>
    <tag k="ele" v="-0.1174"/>
  </node>
  <node id="39326" lat="-3.61039829776" lon="59.3961573511">
    <tag k="local_x" v="-490.7097"/>
    <tag k="local_y" v="143.2727"/>
    <tag k="ele" v="-0.1174"/>
  </node>
  <node id="39327" lat="-3.61040286988" lon="59.39615050135">
    <tag k="local_x" v="-491.4699"/>
    <tag k="local_y" v="142.7633"/>
    <tag k="ele" v="-0.1174"/>
  </node>
  <node id="39328" lat="-3.61040687792" lon="59.39614371134">
    <tag k="local_x" v="-492.2237"/>
    <tag k="local_y" v="142.3164"/>
    <tag k="ele" v="-0.1174"/>
  </node>
  <node id="39329" lat="-3.61041050405" lon="59.39613669817">
    <tag k="local_x" v="-493.0025"/>
    <tag k="local_y" v="141.9117"/>
    <tag k="ele" v="-0.1174"/>
  </node>
  <node id="39330" lat="-3.6104137357" lon="59.39612948436">
    <tag k="local_x" v="-493.8038"/>
    <tag k="local_y" v="141.5506"/>
    <tag k="ele" v="-0.1174"/>
  </node>
  <node id="39331" lat="-3.61041656305" lon="59.39612209151">
    <tag k="local_x" v="-494.6252"/>
    <tag k="local_y" v="141.2342"/>
    <tag k="ele" v="-0.1174"/>
  </node>
  <node id="39332" lat="-3.61041897352" lon="59.39611454124">
    <tag k="local_x" v="-495.4643"/>
    <tag k="local_y" v="140.9639"/>
    <tag k="ele" v="-0.1174"/>
  </node>
  <node id="39333" lat="-3.61042096091" lon="59.39610685874">
    <tag k="local_x" v="-496.3183"/>
    <tag k="local_y" v="140.7404"/>
    <tag k="ele" v="-0.1174"/>
  </node>
  <node id="39365" lat="-3.61265949043" lon="59.39540088486">
    <tag k="local_x" v="-573.892"/>
    <tag k="local_y" v="-107.4957"/>
    <tag k="ele" v="1.5217"/>
  </node>
  <node id="39366" lat="-3.61266127578" lon="59.39537560533">
    <tag k="local_x" v="-576.7042"/>
    <tag k="local_y" v="-107.7046"/>
    <tag k="ele" v="1.5217"/>
  </node>
  <node id="39884" lat="-3.61243089489" lon="59.39865040427">
    <tag k="local_x" v="-212.4022"/>
    <tag k="local_y" v="-80.7434"/>
    <tag k="ele" v="1.7823"/>
  </node>
  <node id="39888" lat="-3.61240569427" lon="59.3986491755">
    <tag k="local_x" v="-212.55"/>
    <tag k="local_y" v="-77.9529"/>
    <tag k="ele" v="1.7908"/>
  </node>
  <node id="40106" lat="-3.61242967121" lon="59.39866643519">
    <tag k="local_x" v="-210.6189"/>
    <tag k="local_y" v="-80.6008"/>
    <tag k="ele" v="1.7832"/>
  </node>
  <node id="40107" lat="-3.61240448405" lon="59.39866450629">
    <tag k="local_x" v="-210.8446"/>
    <tag k="local_y" v="-77.8121"/>
    <tag k="ele" v="1.7912"/>
  </node>
  <node id="40118" lat="-3.6123865498" lon="59.39877924545">
    <tag k="local_x" v="-198.0849"/>
    <tag k="local_y" v="-75.7752"/>
    <tag k="ele" v="1.8169"/>
  </node>
  <node id="40120" lat="-3.61240165652" lon="59.39875661108">
    <tag k="local_x" v="-200.5969"/>
    <tag k="local_y" v="-77.4583"/>
    <tag k="ele" v="1.8169"/>
  </node>
  <node id="40122" lat="-3.61241375328" lon="59.39873225145">
    <tag k="local_x" v="-203.3022"/>
    <tag k="local_y" v="-78.8088"/>
    <tag k="ele" v="1.8169"/>
  </node>
  <node id="40124" lat="-3.61242264481" lon="59.39870655915">
    <tag k="local_x" v="-206.1572"/>
    <tag k="local_y" v="-79.8049"/>
    <tag k="ele" v="1.8169"/>
  </node>
  <node id="40126" lat="-3.61242757046" lon="59.39868600317">
    <tag k="local_x" v="-208.4424"/>
    <tag k="local_y" v="-80.3595"/>
    <tag k="ele" v="1.8169"/>
  </node>
  <node id="40132" lat="-3.61236643188" lon="59.39876402129">
    <tag k="local_x" v="-199.7878"/>
    <tag k="local_y" v="-73.5538"/>
    <tag k="ele" v="1.8169"/>
  </node>
  <node id="40134" lat="-3.61237976146" lon="59.39874405402">
    <tag k="local_x" v="-202.0038"/>
    <tag k="local_y" v="-75.0389"/>
    <tag k="ele" v="1.8169"/>
  </node>
  <node id="40136" lat="-3.61239043583" lon="59.39872256409">
    <tag k="local_x" v="-204.3904"/>
    <tag k="local_y" v="-76.2306"/>
    <tag k="ele" v="1.8169"/>
  </node>
  <node id="40138" lat="-3.61239828301" lon="59.39869989816">
    <tag k="local_x" v="-206.9091"/>
    <tag k="local_y" v="-77.1097"/>
    <tag k="ele" v="1.8169"/>
  </node>
  <node id="40140" lat="-3.61240289038" lon="59.39868149576">
    <tag k="local_x" v="-208.9548"/>
    <tag k="local_y" v="-77.6281"/>
    <tag k="ele" v="1.8169"/>
  </node>
  <node id="40165" lat="-3.61237256025" lon="59.39879560175">
    <tag k="local_x" v="-196.271"/>
    <tag k="local_y" v="-74.2186"/>
    <tag k="ele" v="1.8169"/>
  </node>
  <node id="40166" lat="-3.61235439515" lon="59.39877874778">
    <tag k="local_x" v="-198.1544"/>
    <tag k="local_y" v="-72.2142"/>
    <tag k="ele" v="1.8169"/>
  </node>
  <node id="40173" lat="-3.61220692944" lon="59.39887336814">
    <tag k="local_x" v="-187.6903"/>
    <tag k="local_y" v="-55.8402"/>
    <tag k="ele" v="1.8088"/>
  </node>
  <node id="40175" lat="-3.61223434174" lon="59.39887130623">
    <tag k="local_x" v="-187.9077"/>
    <tag k="local_y" v="-58.8771"/>
    <tag k="ele" v="1.8088"/>
  </node>
  <node id="40177" lat="-3.61226128007" lon="59.39886585908">
    <tag k="local_x" v="-188.502"/>
    <tag k="local_y" v="-61.863"/>
    <tag k="ele" v="1.8088"/>
  </node>
  <node id="40179" lat="-3.612287324" lon="59.39885711103">
    <tag k="local_x" v="-189.464"/>
    <tag k="local_y" v="-64.7513"/>
    <tag k="ele" v="1.8088"/>
  </node>
  <node id="40181" lat="-3.61231206777" lon="59.39884519848">
    <tag k="local_x" v="-190.7787"/>
    <tag k="local_y" v="-67.497"/>
    <tag k="ele" v="1.8088"/>
  </node>
  <node id="40183" lat="-3.61233512478" lon="59.39883030898">
    <tag k="local_x" v="-192.4254"/>
    <tag k="local_y" v="-70.0572"/>
    <tag k="ele" v="1.8088"/>
  </node>
  <node id="40185" lat="-3.61235584603" lon="59.39881294207">
    <tag k="local_x" v="-194.3488"/>
    <tag k="local_y" v="-72.3598"/>
    <tag k="ele" v="1.8088"/>
  </node>
  <node id="40187" lat="-3.61220661204" lon="59.39884809053">
    <tag k="local_x" v="-190.5032"/>
    <tag k="local_y" v="-55.8162"/>
    <tag k="ele" v="1.8088"/>
  </node>
  <node id="40189" lat="-3.61223086248" lon="59.39884628824">
    <tag k="local_x" v="-190.6931"/>
    <tag k="local_y" v="-58.5028"/>
    <tag k="ele" v="1.8088"/>
  </node>
  <node id="40191" lat="-3.61225470008" lon="59.39884148959">
    <tag k="local_x" v="-191.2166"/>
    <tag k="local_y" v="-61.145"/>
    <tag k="ele" v="1.8088"/>
  </node>
  <node id="40193" lat="-3.61227775044" lon="59.39883376976">
    <tag k="local_x" v="-192.0655"/>
    <tag k="local_y" v="-63.7013"/>
    <tag k="ele" v="1.8088"/>
  </node>
  <node id="40195" lat="-3.61229965558" lon="59.39882324788">
    <tag k="local_x" v="-193.2267"/>
    <tag k="local_y" v="-66.132"/>
    <tag k="ele" v="1.8088"/>
  </node>
  <node id="40197" lat="-3.61232007305" lon="59.39881008797">
    <tag k="local_x" v="-194.6821"/>
    <tag k="local_y" v="-68.3991"/>
    <tag k="ele" v="1.8088"/>
  </node>
  <node id="40199" lat="-3.61233897281" lon="59.39879422993">
    <tag k="local_x" v="-196.4384"/>
    <tag k="local_y" v="-70.4993"/>
    <tag k="ele" v="1.8088"/>
  </node>
  <node id="40420" lat="-3.61197093376" lon="59.39894250538">
    <tag k="local_x" v="-180.1007"/>
    <tag k="local_y" v="-29.6725"/>
    <tag k="ele" v="1.6561"/>
  </node>
  <node id="40421" lat="-3.61194546869" lon="59.39894447961">
    <tag k="local_x" v="-179.8922"/>
    <tag k="local_y" v="-26.8513"/>
    <tag k="ele" v="1.6561"/>
  </node>
  <node id="40428" lat="-3.61197118671" lon="59.39892758007">
    <tag k="local_x" v="-181.7614"/>
    <tag k="local_y" v="-29.7071"/>
    <tag k="ele" v="1.6489"/>
  </node>
  <node id="40430" lat="-3.61197448418" lon="59.39891557783">
    <tag k="local_x" v="-183.0955"/>
    <tag k="local_y" v="-30.0776"/>
    <tag k="ele" v="1.6489"/>
  </node>
  <node id="40433" lat="-3.61194604564" lon="59.39892362536">
    <tag k="local_x" v="-182.2125"/>
    <tag k="local_y" v="-26.9244"/>
    <tag k="ele" v="1.6489"/>
  </node>
  <node id="40435" lat="-3.61195111925" lon="59.3989059841">
    <tag k="local_x" v="-184.1733"/>
    <tag k="local_y" v="-27.4941"/>
    <tag k="ele" v="1.6489"/>
  </node>
  <node id="40440" lat="-3.61194636946" lon="59.39903732904">
    <tag k="local_x" v="-169.56"/>
    <tag k="local_y" v="-26.9101"/>
    <tag k="ele" v="2.0583"/>
  </node>
  <node id="40441" lat="-3.61192134565" lon="59.3990353851">
    <tag k="local_x" v="-169.7873"/>
    <tag k="local_y" v="-24.1395"/>
    <tag k="ele" v="2.0583"/>
  </node>
  <node id="40447" lat="-3.61195114713" lon="59.39897871293">
    <tag k="local_x" v="-176.0804"/>
    <tag k="local_y" v="-27.4651"/>
    <tag k="ele" v="2.0544"/>
  </node>
  <node id="40449" lat="-3.61195404283" lon="59.39896263677">
    <tag k="local_x" v="-177.868"/>
    <tag k="local_y" v="-27.7929"/>
    <tag k="ele" v="2.0544"/>
  </node>
  <node id="40451" lat="-3.61195845538" lon="59.39894723043">
    <tag k="local_x" v="-179.5804"/>
    <tag k="local_y" v="-28.2884"/>
    <tag k="ele" v="2.0544"/>
  </node>
  <node id="40453" lat="-3.61196438507" lon="59.39893233754">
    <tag k="local_x" v="-181.235"/>
    <tag k="local_y" v="-28.9517"/>
    <tag k="ele" v="2.0544"/>
  </node>
  <node id="40455" lat="-3.61197177288" lon="59.39891810661">
    <tag k="local_x" v="-182.8153"/>
    <tag k="local_y" v="-29.7762"/>
    <tag k="ele" v="2.0544"/>
  </node>
  <node id="40457" lat="-3.61192633896" lon="59.39897491596">
    <tag k="local_x" v="-176.5138"/>
    <tag k="local_y" v="-24.7192"/>
    <tag k="ele" v="2.0544"/>
  </node>
  <node id="40459" lat="-3.61192956955" lon="59.39895700249">
    <tag k="local_x" v="-178.5057"/>
    <tag k="local_y" v="-25.0849"/>
    <tag k="ele" v="2.0544"/>
  </node>
  <node id="40461" lat="-3.61193464882" lon="59.39893919586">
    <tag k="local_x" v="-180.4849"/>
    <tag k="local_y" v="-25.6553"/>
    <tag k="ele" v="2.0544"/>
  </node>
  <node id="40463" lat="-3.61194148209" lon="59.39892197902">
    <tag k="local_x" v="-182.3977"/>
    <tag k="local_y" v="-26.4197"/>
    <tag k="ele" v="2.0544"/>
  </node>
  <node id="40465" lat="-3.61195000232" lon="59.3989055221">
    <tag k="local_x" v="-184.2252"/>
    <tag k="local_y" v="-27.3706"/>
    <tag k="ele" v="2.0544"/>
  </node>
  <node id="40473" lat="-3.61193613406" lon="59.3993898176">
    <tag k="local_x" v="-130.3414"/>
    <tag k="local_y" v="-25.621"/>
    <tag k="ele" v="1.9729"/>
  </node>
  <node id="40474" lat="-3.61191638877" lon="59.39937157779">
    <tag k="local_x" v="-132.3797"/>
    <tag k="local_y" v="-23.4422"/>
    <tag k="ele" v="1.9741"/>
  </node>
  <node id="40508" lat="-3.61191080113" lon="59.39973691898">
    <tag k="local_x" v="-91.7289"/>
    <tag k="local_y" v="-22.6622"/>
    <tag k="ele" v="1.9908"/>
  </node>
  <node id="40509" lat="-3.61188527444" lon="59.39974859374">
    <tag k="local_x" v="-90.441"/>
    <tag k="local_y" v="-19.8299"/>
    <tag k="ele" v="1.9852"/>
  </node>
  <node id="40529" lat="-3.6118630542" lon="59.40021985403">
    <tag k="local_x" v="-38.0114"/>
    <tag k="local_y" v="-17.1611"/>
    <tag k="ele" v="1.9846"/>
  </node>
  <node id="40590" lat="-3.61191671758" lon="59.39981709533">
    <tag k="local_x" v="-82.8047"/>
    <tag k="local_y" v="-23.2821"/>
    <tag k="ele" v="2.002"/>
  </node>
  <node id="40591" lat="-3.61189155139" lon="59.39981545208">
    <tag k="local_x" v="-82.9986"/>
    <tag k="local_y" v="-20.4956"/>
    <tag k="ele" v="2.002"/>
  </node>
  <node id="40634" lat="-3.61188850067" lon="59.39989667393">
    <tag k="local_x" v="-73.962"/>
    <tag k="local_y" v="-20.1219"/>
    <tag k="ele" v="1.9849"/>
  </node>
  <node id="40635" lat="-3.61186517619" lon="59.39988068953">
    <tag k="local_x" v="-75.7509"/>
    <tag k="local_y" v="-17.5457"/>
    <tag k="ele" v="1.9907"/>
  </node>
  <node id="40659" lat="-3.61187283467" lon="59.4003087719">
    <tag k="local_x" v="-28.1128"/>
    <tag k="local_y" v="-18.2051"/>
    <tag k="ele" v="1.953"/>
  </node>
  <node id="40660" lat="-3.61184773066" lon="59.40030687496">
    <tag k="local_x" v="-28.3349"/>
    <tag k="local_y" v="-15.4256"/>
    <tag k="ele" v="1.953"/>
  </node>
  <node id="40736" lat="-3.61175719228" lon="59.40060401482">
    <tag k="local_x" v="4.6895"/>
    <tag k="local_y" v="-5.2672"/>
    <tag k="ele" v="1.8774"/>
  </node>
  <node id="40738" lat="-3.61177659595" lon="59.40060131145">
    <tag k="local_x" v="4.3972"/>
    <tag k="local_y" v="-7.4174"/>
    <tag k="ele" v="1.8774"/>
  </node>
  <node id="40740" lat="-3.61179563313" lon="59.40059409638">
    <tag k="local_x" v="3.6027"/>
    <tag k="local_y" v="-9.529"/>
    <tag k="ele" v="1.8774"/>
  </node>
  <node id="40742" lat="-3.61181258986" lon="59.40058276188">
    <tag k="local_x" v="2.3489"/>
    <tag k="local_y" v="-11.412"/>
    <tag k="ele" v="1.8774"/>
  </node>
  <node id="40744" lat="-3.61175486775" lon="59.40057873431">
    <tag k="local_x" v="1.8754"/>
    <tag k="local_y" v="-5.0209"/>
    <tag k="ele" v="1.8774"/>
  </node>
  <node id="40746" lat="-3.6117698682" lon="59.4005763278">
    <tag k="local_x" v="1.6142"/>
    <tag k="local_y" v="-6.6833"/>
    <tag k="ele" v="1.8774"/>
  </node>
  <node id="40748" lat="-3.61178319141" lon="59.40057084275">
    <tag k="local_x" v="1.0097"/>
    <tag k="local_y" v="-8.1613"/>
    <tag k="ele" v="1.8774"/>
  </node>
  <node id="40755" lat="-3.61186491933" lon="59.40043383787">
    <tag k="local_x" v="-14.1996"/>
    <tag k="local_y" v="-17.2733"/>
    <tag k="ele" v="1.9226"/>
  </node>
  <node id="40756" lat="-3.61183811807" lon="59.40043177328">
    <tag k="local_x" v="-14.4411"/>
    <tag k="local_y" v="-14.3059"/>
    <tag k="ele" v="1.9226"/>
  </node>
  <node id="40784" lat="-3.61179647354" lon="59.40056093636">
    <tag k="local_x" v="-0.0868"/>
    <tag k="local_y" v="-9.6367"/>
    <tag k="ele" v="1.8774"/>
  </node>
  <node id="40791" lat="-3.61183298413" lon="59.40056058207">
    <tag k="local_x" v="-0.1102"/>
    <tag k="local_y" v="-13.6805"/>
    <tag k="ele" v="1.8774"/>
  </node>
  <node id="40792" lat="-3.61184046665" lon="59.40054949253">
    <tag k="local_x" v="-1.3409"/>
    <tag k="local_y" v="-14.5141"/>
    <tag k="ele" v="1.8774"/>
  </node>
  <node id="40793" lat="-3.61184687485" lon="59.40053775569">
    <tag k="local_x" v="-2.6441"/>
    <tag k="local_y" v="-15.229"/>
    <tag k="ele" v="1.8774"/>
  </node>
  <node id="40794" lat="-3.61185215224" lon="59.40052547602">
    <tag k="local_x" v="-4.0082"/>
    <tag k="local_y" v="-15.8189"/>
    <tag k="ele" v="1.8774"/>
  </node>
  <node id="40795" lat="-3.6118562541" lon="59.40051275973">
    <tag k="local_x" v="-5.4214"/>
    <tag k="local_y" v="-16.2788"/>
    <tag k="ele" v="1.8774"/>
  </node>
  <node id="40796" lat="-3.61185902171" lon="59.40050033269">
    <tag k="local_x" v="-6.803"/>
    <tag k="local_y" v="-16.5908"/>
    <tag k="ele" v="1.8774"/>
  </node>
  <node id="40798" lat="-3.61181132539" lon="59.40054456589">
    <tag k="local_x" v="-1.9019"/>
    <tag k="local_y" v="-11.2888"/>
    <tag k="ele" v="1.8774"/>
  </node>
  <node id="40799" lat="-3.61181741765" lon="59.40053557217">
    <tag k="local_x" v="-2.9"/>
    <tag k="local_y" v="-11.9675"/>
    <tag k="ele" v="1.8774"/>
  </node>
  <node id="40800" lat="-3.61182264011" lon="59.40052604985">
    <tag k="local_x" v="-3.9573"/>
    <tag k="local_y" v="-12.5501"/>
    <tag k="ele" v="1.8774"/>
  </node>
  <node id="40801" lat="-3.61182694524" lon="59.40051608272">
    <tag k="local_x" v="-5.0645"/>
    <tag k="local_y" v="-13.0313"/>
    <tag k="ele" v="1.8774"/>
  </node>
  <node id="40802" lat="-3.61183029727" lon="59.40050575717">
    <tag k="local_x" v="-6.212"/>
    <tag k="local_y" v="-13.4071"/>
    <tag k="ele" v="1.8774"/>
  </node>
  <node id="40803" lat="-3.61183278622" lon="59.40049455074">
    <tag k="local_x" v="-7.4579"/>
    <tag k="local_y" v="-13.6877"/>
    <tag k="ele" v="1.8774"/>
  </node>
  <node id="40834" lat="-3.61186710424" lon="59.40022859117">
    <tag k="local_x" v="-37.0374"/>
    <tag k="local_y" v="-17.6058"/>
    <tag k="ele" v="1.9942"/>
  </node>
  <node id="40835" lat="-3.61184403519" lon="59.40023843282">
    <tag k="local_x" v="-35.9524"/>
    <tag k="local_y" v="-15.0465"/>
    <tag k="ele" v="1.9942"/>
  </node>
  <node id="40841" lat="-3.61187718332" lon="59.40027322555">
    <tag k="local_x" v="-32.0663"/>
    <tag k="local_y" v="-18.7024"/>
    <tag k="ele" v="1.9593"/>
  </node>
  <node id="40842" lat="-3.61187675079" lon="59.40026437349">
    <tag k="local_x" v="-33.0515"/>
    <tag k="local_y" v="-18.6584"/>
    <tag k="ele" v="1.9593"/>
  </node>
  <node id="40843" lat="-3.61187548932" lon="59.40025505289">
    <tag k="local_x" v="-34.0892"/>
    <tag k="local_y" v="-18.5228"/>
    <tag k="ele" v="1.9593"/>
  </node>
  <node id="40844" lat="-3.61187342033" lon="59.40024587747">
    <tag k="local_x" v="-35.1111"/>
    <tag k="local_y" v="-18.2977"/>
    <tag k="ele" v="1.9593"/>
  </node>
  <node id="40845" lat="-3.61187073664" lon="59.40023742791">
    <tag k="local_x" v="-36.0525"/>
    <tag k="local_y" v="-18.0042"/>
    <tag k="ele" v="1.9593"/>
  </node>
  <node id="40846" lat="-3.61185203367" lon="59.4002743807">
    <tag k="local_x" v="-31.9488"/>
    <tag k="local_y" v="-15.9165"/>
    <tag k="ele" v="1.9593"/>
  </node>
  <node id="40847" lat="-3.61185169485" lon="59.40026661207">
    <tag k="local_x" v="-32.8134"/>
    <tag k="local_y" v="-15.8824"/>
    <tag k="ele" v="1.9593"/>
  </node>
  <node id="40848" lat="-3.61185074081" lon="59.4002594408">
    <tag k="local_x" v="-33.6118"/>
    <tag k="local_y" v="-15.7799"/>
    <tag k="ele" v="1.9593"/>
  </node>
  <node id="40849" lat="-3.6118491669" lon="59.40025237802">
    <tag k="local_x" v="-34.3984"/>
    <tag k="local_y" v="-15.6087"/>
    <tag k="ele" v="1.9593"/>
  </node>
  <node id="40850" lat="-3.61184680786" lon="59.40024496425">
    <tag k="local_x" v="-35.2244"/>
    <tag k="local_y" v="-15.3507"/>
    <tag k="ele" v="1.9593"/>
  </node>
  <node id="40857" lat="-3.61183964713" lon="59.40055070718">
    <tag k="local_x" v="-1.2061"/>
    <tag k="local_y" v="-14.4228"/>
    <tag k="ele" v="1.8774"/>
  </node>
  <node id="40858" lat="-3.61181730455" lon="59.40053573887">
    <tag k="local_x" v="-2.8815"/>
    <tag k="local_y" v="-11.9549"/>
    <tag k="ele" v="1.8774"/>
  </node>
  <node id="40866" lat="-3.61178314619" lon="59.4005819353">
    <tag k="local_x" v="2.244"/>
    <tag k="local_y" v="-8.1514"/>
    <tag k="ele" v="1.9195"/>
  </node>
  <node id="40868" lat="-3.61180166226" lon="59.40057990495">
    <tag k="local_x" v="2.0262"/>
    <tag k="local_y" v="-10.203"/>
    <tag k="ele" v="1.9195"/>
  </node>
  <node id="40870" lat="-3.61181966157" lon="59.40057054073">
    <tag k="local_x" v="0.9921"/>
    <tag k="local_y" v="-12.2006"/>
    <tag k="ele" v="1.9195"/>
  </node>
  <node id="40871" lat="-3.61182966186" lon="59.40056273762">
    <tag k="local_x" v="0.1282"/>
    <tag k="local_y" v="-13.3116"/>
    <tag k="ele" v="1.9195"/>
  </node>
  <node id="40872" lat="-3.61178019421" lon="59.40055508638">
    <tag k="local_x" v="-0.7449"/>
    <tag k="local_y" v="-7.8363"/>
    <tag k="ele" v="1.9195"/>
  </node>
  <node id="40874" lat="-3.61179737275" lon="59.4005525212">
    <tag k="local_x" v="-1.0228"/>
    <tag k="local_y" v="-9.74"/>
    <tag k="ele" v="1.9195"/>
  </node>
  <node id="40876" lat="-3.61180839738" lon="59.40054550757">
    <tag k="local_x" v="-1.7984"/>
    <tag k="local_y" v="-10.9641"/>
    <tag k="ele" v="1.9195"/>
  </node>
  <node id="41029" lat="-3.6123021776" lon="59.39528616373">
    <tag k="local_x" v="-586.8147"/>
    <tag k="local_y" v="-67.9728"/>
    <tag k="ele" v="1.3679"/>
  </node>
  <node id="41030" lat="-3.61230015921" lon="59.3953114244">
    <tag k="local_x" v="-584.0047"/>
    <tag k="local_y" v="-67.7381"/>
    <tag k="ele" v="1.3679"/>
  </node>
  <node id="41099" lat="-3.61011314424" lon="59.40021136274">
    <tag k="local_x" v="-39.7242"/>
    <tag k="local_y" v="176.6424"/>
    <tag k="ele" v="2.0203"/>
  </node>
  <node id="41100" lat="-3.61014221277" lon="59.40021367096">
    <tag k="local_x" v="-39.4546"/>
    <tag k="local_y" v="173.424"/>
    <tag k="ele" v="2.0069"/>
  </node>
  <node id="41113" lat="-3.61012742555" lon="59.40029982325">
    <tag k="local_x" v="-29.8745"/>
    <tag k="local_y" v="175.0997"/>
    <tag k="ele" v="2.121"/>
  </node>
  <node id="41116" lat="-3.6100984964" lon="59.40028716264">
    <tag k="local_x" v="-31.296"/>
    <tag k="local_y" v="178.2981"/>
    <tag k="ele" v="2.121"/>
  </node>
  <node id="41136" lat="-3.61008628912" lon="59.40031985515">
    <tag k="local_x" v="-27.6635"/>
    <tag k="local_y" v="179.6645"/>
    <tag k="ele" v="2.3285"/>
  </node>
  <node id="41137" lat="-3.61008251608" lon="59.40033397923">
    <tag k="local_x" v="-26.0935"/>
    <tag k="local_y" v="180.0886"/>
    <tag k="ele" v="2.3285"/>
  </node>
  <node id="41139" lat="-3.61007986193" lon="59.40034746713">
    <tag k="local_x" v="-24.5938"/>
    <tag k="local_y" v="180.3885"/>
    <tag k="ele" v="2.3285"/>
  </node>
  <node id="41143" lat="-3.61011664642" lon="59.40032859371">
    <tag k="local_x" v="-26.6778"/>
    <tag k="local_y" v="176.3062"/>
    <tag k="ele" v="2.3285"/>
  </node>
  <node id="41144" lat="-3.61011327451" lon="59.40034096379">
    <tag k="local_x" v="-25.3028"/>
    <tag k="local_y" v="176.6851"/>
    <tag k="ele" v="2.3285"/>
  </node>
  <node id="41146" lat="-3.61011128739" lon="59.40035167395">
    <tag k="local_x" v="-24.1119"/>
    <tag k="local_y" v="176.9099"/>
    <tag k="ele" v="2.3285"/>
  </node>
  <node id="41153" lat="-3.61010852967" lon="59.40025270382">
    <tag k="local_x" v="-35.126"/>
    <tag k="local_y" v="177.1717"/>
    <tag k="ele" v="2.0126"/>
  </node>
  <node id="41155" lat="-3.61010411139" lon="59.40027145143">
    <tag k="local_x" v="-33.0418"/>
    <tag k="local_y" v="177.6693"/>
    <tag k="ele" v="2.0126"/>
  </node>
  <node id="41158" lat="-3.61013727261" lon="59.40025760061">
    <tag k="local_x" v="-34.5685"/>
    <tag k="local_y" v="173.9905"/>
    <tag k="ele" v="2.0126"/>
  </node>
  <node id="41160" lat="-3.61013368654" lon="59.40028013375">
    <tag k="local_x" v="-32.0627"/>
    <tag k="local_y" v="174.3976"/>
    <tag k="ele" v="2.0126"/>
  </node>
  <node id="41197" lat="-3.61025878592" lon="59.40052308543">
    <tag k="local_x" v="-4.9734"/>
    <tag k="local_y" v="160.6496"/>
    <tag k="ele" v="2.1256"/>
  </node>
  <node id="41198" lat="-3.61026236117" lon="59.40049556197">
    <tag k="local_x" v="-8.0345"/>
    <tag k="local_y" v="160.2415"/>
    <tag k="ele" v="2.1256"/>
  </node>
  <node id="41245" lat="-3.61023713348" lon="59.40048141922">
    <tag k="local_x" v="-9.6193"/>
    <tag k="local_y" v="163.0293"/>
    <tag k="ele" v="2.126"/>
  </node>
  <node id="41246" lat="-3.6102589675" lon="59.40048318082">
    <tag k="local_x" v="-9.4137"/>
    <tag k="local_y" v="160.6119"/>
    <tag k="ele" v="2.1256"/>
  </node>
  <node id="41247" lat="-3.61023925567" lon="59.40045292284">
    <tag k="local_x" v="-12.7893"/>
    <tag k="local_y" v="162.7817"/>
    <tag k="ele" v="2.126"/>
  </node>
  <node id="41248" lat="-3.6102610906" lon="59.40045468443">
    <tag k="local_x" v="-12.5837"/>
    <tag k="local_y" v="160.3642"/>
    <tag k="ele" v="2.1256"/>
  </node>
  <node id="41252" lat="-3.61031921581" lon="59.40048672221">
    <tag k="local_x" v="-8.9932"/>
    <tag k="local_y" v="153.9408"/>
    <tag k="ele" v="2.1254"/>
  </node>
  <node id="41253" lat="-3.61032124397" lon="59.40046182089">
    <tag k="local_x" v="-11.7632"/>
    <tag k="local_y" v="153.7052"/>
    <tag k="ele" v="2.1254"/>
  </node>
  <node id="41376" lat="-3.61007824984" lon="59.40036415739">
    <tag k="local_x" v="-22.7373"/>
    <tag k="local_y" v="180.5744"/>
    <tag k="ele" v="2.3285"/>
  </node>
  <node id="41377" lat="-3.61010995075" lon="59.40036611104">
    <tag k="local_x" v="-22.506"/>
    <tag k="local_y" v="177.0643"/>
    <tag k="ele" v="2.3285"/>
  </node>
  <node id="41394" lat="-3.6100873468" lon="59.40012666277">
    <tag k="local_x" v="-49.1605"/>
    <tag k="local_y" v="179.4622"/>
    <tag k="ele" v="2.3285"/>
  </node>
  <node id="41396" lat="-3.61011904771" lon="59.40012861641">
    <tag k="local_x" v="-48.9292"/>
    <tag k="local_y" v="175.9521"/>
    <tag k="ele" v="2.3285"/>
  </node>
  <node id="41404" lat="-3.61007780023" lon="59.40039956158">
    <tag k="local_x" v="-18.7979"/>
    <tag k="local_y" v="180.6398"/>
    <tag k="ele" v="2.0368"/>
  </node>
  <node id="41405" lat="-3.61007981866" lon="59.40041282347">
    <tag k="local_x" v="-17.3213"/>
    <tag k="local_y" v="180.4221"/>
    <tag k="ele" v="2.0368"/>
  </node>
  <node id="41406" lat="-3.61008359098" lon="59.40042665089">
    <tag k="local_x" v="-15.781"/>
    <tag k="local_y" v="180.0104"/>
    <tag k="ele" v="2.0368"/>
  </node>
  <node id="41407" lat="-3.61008896197" lon="59.40043992742">
    <tag k="local_x" v="-14.3013"/>
    <tag k="local_y" v="179.4214"/>
    <tag k="ele" v="2.0368"/>
  </node>
  <node id="41408" lat="-3.61009585235" lon="59.40045246912">
    <tag k="local_x" v="-12.9027"/>
    <tag k="local_y" v="178.6638"/>
    <tag k="ele" v="2.0368"/>
  </node>
  <node id="41409" lat="-3.61010416393" lon="59.40046410656">
    <tag k="local_x" v="-11.6041"/>
    <tag k="local_y" v="177.7484"/>
    <tag k="ele" v="2.0368"/>
  </node>
  <node id="41410" lat="-3.61011377869" lon="59.40047468021">
    <tag k="local_x" v="-10.4233"/>
    <tag k="local_y" v="176.6882"/>
    <tag k="ele" v="2.0368"/>
  </node>
  <node id="41411" lat="-3.61012456063" lon="59.40048404683">
    <tag k="local_x" v="-9.3763"/>
    <tag k="local_y" v="175.4982"/>
    <tag k="ele" v="2.0368"/>
  </node>
  <node id="41412" lat="-3.61013635846" lon="59.40049208031">
    <tag k="local_x" v="-8.4772"/>
    <tag k="local_y" v="174.1951"/>
    <tag k="ele" v="2.0368"/>
  </node>
  <node id="41413" lat="-3.61014900652" lon="59.40049867346">
    <tag k="local_x" v="-7.738"/>
    <tag k="local_y" v="172.7972"/>
    <tag k="ele" v="2.0368"/>
  </node>
  <node id="41414" lat="-3.61016232929" lon="59.40050373709">
    <tag k="local_x" v="-7.1687"/>
    <tag k="local_y" v="171.3239"/>
    <tag k="ele" v="2.0368"/>
  </node>
  <node id="41415" lat="-3.6101753181" lon="59.40050701727">
    <tag k="local_x" v="-6.798"/>
    <tag k="local_y" v="169.8868"/>
    <tag k="ele" v="2.0368"/>
  </node>
  <node id="41416" lat="-3.61010936409" lon="59.40039520977">
    <tag k="local_x" v="-19.2683"/>
    <tag k="local_y" v="177.1421"/>
    <tag k="ele" v="2.0368"/>
  </node>
  <node id="41417" lat="-3.61011078943" lon="59.40040668922">
    <tag k="local_x" v="-17.9903"/>
    <tag k="local_y" v="176.9893"/>
    <tag k="ele" v="2.0368"/>
  </node>
  <node id="41418" lat="-3.61011335243" lon="59.40041703096">
    <tag k="local_x" v="-16.8384"/>
    <tag k="local_y" v="176.71"/>
    <tag k="ele" v="2.0368"/>
  </node>
  <node id="41419" lat="-3.61011712301" lon="59.40042701745">
    <tag k="local_x" v="-15.7255"/>
    <tag k="local_y" v="176.2968"/>
    <tag k="ele" v="2.0368"/>
  </node>
  <node id="41420" lat="-3.61012205276" lon="59.4004365096">
    <tag k="local_x" v="-14.6671"/>
    <tag k="local_y" v="175.755"/>
    <tag k="ele" v="2.0368"/>
  </node>
  <node id="41421" lat="-3.61012807706" lon="59.40044537375">
    <tag k="local_x" v="-13.6781"/>
    <tag k="local_y" v="175.0917"/>
    <tag k="ele" v="2.0368"/>
  </node>
  <node id="41422" lat="-3.61013511505" lon="59.4004534871">
    <tag k="local_x" v="-12.7722"/>
    <tag k="local_y" v="174.3158"/>
    <tag k="ele" v="2.0368"/>
  </node>
  <node id="41423" lat="-3.61014307417" lon="59.4004607323">
    <tag k="local_x" v="-11.9625"/>
    <tag k="local_y" v="173.4375"/>
    <tag k="ele" v="2.0368"/>
  </node>
  <node id="41424" lat="-3.61015184567" lon="59.40046700911">
    <tag k="local_x" v="-11.2602"/>
    <tag k="local_y" v="172.4688"/>
    <tag k="ele" v="2.0368"/>
  </node>
  <node id="41425" lat="-3.6101613109" lon="59.40047222545">
    <tag k="local_x" v="-10.6756"/>
    <tag k="local_y" v="171.4228"/>
    <tag k="ele" v="2.0368"/>
  </node>
  <node id="41426" lat="-3.61017134225" lon="59.40047630633">
    <tag k="local_x" v="-10.2171"/>
    <tag k="local_y" v="170.3136"/>
    <tag k="ele" v="2.0368"/>
  </node>
  <node id="41427" lat="-3.61018262284" lon="59.40047938296">
    <tag k="local_x" v="-9.8698"/>
    <tag k="local_y" v="169.0656"/>
    <tag k="ele" v="2.0368"/>
  </node>
  <node id="41431" lat="-3.61007834669" lon="59.40040074568">
    <tag k="local_x" v="-18.6659"/>
    <tag k="local_y" v="180.5798"/>
    <tag k="ele" v="2.0368"/>
  </node>
  <node id="41432" lat="-3.61008159094" lon="59.40041415191">
    <tag k="local_x" v="-17.1727"/>
    <tag k="local_y" v="180.2264"/>
    <tag k="ele" v="2.0368"/>
  </node>
  <node id="41433" lat="-3.61008750706" lon="59.40042805086">
    <tag k="local_x" v="-15.6235"/>
    <tag k="local_y" v="179.5773"/>
    <tag k="ele" v="2.0368"/>
  </node>
  <node id="41434" lat="-3.6100956783" lon="59.40044072322">
    <tag k="local_x" v="-14.2098"/>
    <tag k="local_y" v="178.6779"/>
    <tag k="ele" v="2.0368"/>
  </node>
  <node id="41435" lat="-3.61010585852" lon="59.40045180959">
    <tag k="local_x" v="-12.9717"/>
    <tag k="local_y" v="177.5553"/>
    <tag k="ele" v="2.0368"/>
  </node>
  <node id="41436" lat="-3.61011774492" lon="59.40046100021">
    <tag k="local_x" v="-11.9438"/>
    <tag k="local_y" v="176.2429"/>
    <tag k="ele" v="2.0368"/>
  </node>
  <node id="41437" lat="-3.61013098797" lon="59.40046803945">
    <tag k="local_x" v="-11.1547"/>
    <tag k="local_y" v="174.7793"/>
    <tag k="ele" v="2.0368"/>
  </node>
  <node id="41438" lat="-3.6101440334" lon="59.40047238703">
    <tag k="local_x" v="-10.6652"/>
    <tag k="local_y" v="173.3364"/>
    <tag k="ele" v="2.0368"/>
  </node>
  <node id="41440" lat="-3.61011321531" lon="59.40040458395">
    <tag k="local_x" v="-18.2235"/>
    <tag k="local_y" v="176.7197"/>
    <tag k="ele" v="2.0368"/>
  </node>
  <node id="41442" lat="-3.61012293322" lon="59.40042201768">
    <tag k="local_x" v="-16.2793"/>
    <tag k="local_y" v="175.6511"/>
    <tag k="ele" v="2.0368"/>
  </node>
  <node id="41444" lat="-3.61013643439" lon="59.40043583641">
    <tag k="local_x" v="-14.7357"/>
    <tag k="local_y" v="174.1619"/>
    <tag k="ele" v="2.0368"/>
  </node>
  <node id="41446" lat="-3.61015555396" lon="59.40044455546">
    <tag k="local_x" v="-13.7571"/>
    <tag k="local_y" v="172.0482"/>
    <tag k="ele" v="2.0368"/>
  </node>
  <node id="41628" lat="-3.61065053443" lon="59.40049742665">
    <tag k="local_x" v="-7.6567"/>
    <tag k="local_y" v="117.2511"/>
    <tag k="ele" v="2.0725"/>
  </node>
  <node id="41629" lat="-3.61062530215" lon="59.40047827381">
    <tag k="local_x" v="-9.799"/>
    <tag k="local_y" v="120.0372"/>
    <tag k="ele" v="2.0725"/>
  </node>
  <node id="41635" lat="-3.61065852806" lon="59.40048611855">
    <tag k="local_x" v="-8.9115"/>
    <tag k="local_y" v="116.3608"/>
    <tag k="ele" v="2.0725"/>
  </node>
  <node id="41636" lat="-3.61066560834" lon="59.400474912">
    <tag k="local_x" v="-10.1554"/>
    <tag k="local_y" v="115.5717"/>
    <tag k="ele" v="2.0725"/>
  </node>
  <node id="41637" lat="-3.6106724049" lon="59.40046320061">
    <tag k="local_x" v="-11.4556"/>
    <tag k="local_y" v="114.8138"/>
    <tag k="ele" v="2.0725"/>
  </node>
  <node id="41638" lat="-3.61067874542" lon="59.40045124658">
    <tag k="local_x" v="-12.783"/>
    <tag k="local_y" v="114.1063"/>
    <tag k="ele" v="2.0725"/>
  </node>
  <node id="41639" lat="-3.61068462186" lon="59.40043906702">
    <tag k="local_x" v="-14.1357"/>
    <tag k="local_y" v="113.4501"/>
    <tag k="ele" v="2.0725"/>
  </node>
  <node id="41648" lat="-3.6106324354" lon="59.40046926252">
    <tag k="local_x" v="-10.7986"/>
    <tag k="local_y" v="119.2432"/>
    <tag k="ele" v="2.0725"/>
  </node>
  <node id="41649" lat="-3.61063961879" lon="59.40045855253">
    <tag k="local_x" v="-11.9872"/>
    <tag k="local_y" v="118.4429"/>
    <tag k="ele" v="2.0725"/>
  </node>
  <node id="41650" lat="-3.61064604254" lon="59.40044822568">
    <tag k="local_x" v="-13.1335"/>
    <tag k="local_y" v="117.7269"/>
    <tag k="ele" v="2.0725"/>
  </node>
  <node id="41651" lat="-3.61065216384" lon="59.40043745337">
    <tag k="local_x" v="-14.3295"/>
    <tag k="local_y" v="117.0442"/>
    <tag k="ele" v="2.0725"/>
  </node>
  <node id="41652" lat="-3.61065787251" lon="59.40042645084">
    <tag k="local_x" v="-15.5513"/>
    <tag k="local_y" v="116.4071"/>
    <tag k="ele" v="2.0725"/>
  </node>
  <node id="41664" lat="-3.61057345284" lon="59.40053941208">
    <tag k="local_x" v="-3.0186"/>
    <tag k="local_y" v="125.8066"/>
    <tag k="ele" v="2.1269"/>
  </node>
  <node id="41665" lat="-3.61058714708" lon="59.4005379921">
    <tag k="local_x" v="-3.1706"/>
    <tag k="local_y" v="124.2893"/>
    <tag k="ele" v="2.1269"/>
  </node>
  <node id="41666" lat="-3.61060147522" lon="59.40053431573">
    <tag k="local_x" v="-3.5734"/>
    <tag k="local_y" v="122.7008"/>
    <tag k="ele" v="2.1269"/>
  </node>
  <node id="41667" lat="-3.61061517559" lon="59.40052853715">
    <tag k="local_x" v="-4.2104"/>
    <tag k="local_y" v="121.1809"/>
    <tag k="ele" v="2.1269"/>
  </node>
  <node id="41668" lat="-3.61062793622" lon="59.40052076271">
    <tag k="local_x" v="-5.0699"/>
    <tag k="local_y" v="119.7642"/>
    <tag k="ele" v="2.1269"/>
  </node>
  <node id="41669" lat="-3.61063863765" lon="59.40051194225">
    <tag k="local_x" v="-6.0467"/>
    <tag k="local_y" v="118.5751"/>
    <tag k="ele" v="2.1269"/>
  </node>
  <node id="41670" lat="-3.61056940515" lon="59.40051288744">
    <tag k="local_x" v="-5.9719"/>
    <tag k="local_y" v="126.2432"/>
    <tag k="ele" v="2.1269"/>
  </node>
  <node id="41671" lat="-3.61058029879" lon="59.40051061937">
    <tag k="local_x" v="-6.2195"/>
    <tag k="local_y" v="125.0357"/>
    <tag k="ele" v="2.1269"/>
  </node>
  <node id="41672" lat="-3.61059074618" lon="59.40050693494">
    <tag k="local_x" v="-6.6249"/>
    <tag k="local_y" v="123.877"/>
    <tag k="ele" v="2.1269"/>
  </node>
  <node id="41673" lat="-3.61060027799" lon="59.40050143071">
    <tag k="local_x" v="-7.2332"/>
    <tag k="local_y" v="122.8189"/>
    <tag k="ele" v="2.1269"/>
  </node>
  <node id="41674" lat="-3.61060864251" lon="59.40049528943">
    <tag k="local_x" v="-7.9129"/>
    <tag k="local_y" v="121.8898"/>
    <tag k="ele" v="2.1269"/>
  </node>
  <node id="41675" lat="-3.61061709475" lon="59.40048736932">
    <tag k="local_x" v="-8.7905"/>
    <tag k="local_y" v="120.9502"/>
    <tag k="ele" v="2.1269"/>
  </node>
  <node id="41697" lat="-3.61067943409" lon="59.40044982036">
    <tag k="local_x" v="-12.9414"/>
    <tag k="local_y" v="114.0294"/>
    <tag k="ele" v="2.0725"/>
  </node>
  <node id="41698" lat="-3.61065265756" lon="59.40043650153">
    <tag k="local_x" v="-14.4352"/>
    <tag k="local_y" v="116.9891"/>
    <tag k="ele" v="2.0725"/>
  </node>
  <node id="41704" lat="-3.6105868309" lon="59.40050800722">
    <tag k="local_x" v="-6.5073"/>
    <tag k="local_y" v="124.3111"/>
    <tag k="ele" v="2.1273"/>
  </node>
  <node id="41705" lat="-3.61060024966" lon="59.40050678963">
    <tag k="local_x" v="-6.6369"/>
    <tag k="local_y" v="122.8244"/>
    <tag k="ele" v="2.1273"/>
  </node>
  <node id="41706" lat="-3.61061424668" lon="59.40050362951">
    <tag k="local_x" v="-6.9824"/>
    <tag k="local_y" v="121.2728"/>
    <tag k="ele" v="2.1273"/>
  </node>
  <node id="41707" lat="-3.61062774251" lon="59.40049863717">
    <tag k="local_x" v="-7.532"/>
    <tag k="local_y" v="119.7759"/>
    <tag k="ele" v="2.1273"/>
  </node>
  <node id="41708" lat="-3.61064049729" lon="59.40049189084">
    <tag k="local_x" v="-8.2771"/>
    <tag k="local_y" v="118.3603"/>
    <tag k="ele" v="2.1273"/>
  </node>
  <node id="41709" lat="-3.6106522794" lon="59.40048349748">
    <tag k="local_x" v="-9.2059"/>
    <tag k="local_y" v="117.0517"/>
    <tag k="ele" v="2.1273"/>
  </node>
  <node id="41710" lat="-3.6106628763" lon="59.40047359453">
    <tag k="local_x" v="-10.3032"/>
    <tag k="local_y" v="115.8737"/>
    <tag k="ele" v="2.1273"/>
  </node>
  <node id="41711" lat="-3.610671509" lon="59.40046314842">
    <tag k="local_x" v="-11.4618"/>
    <tag k="local_y" v="114.913"/>
    <tag k="ele" v="2.1273"/>
  </node>
  <node id="41712" lat="-3.61058396469" lon="59.4004831881">
    <tag k="local_x" v="-9.2703"/>
    <tag k="local_y" v="124.6176"/>
    <tag k="ele" v="2.1273"/>
  </node>
  <node id="41713" lat="-3.61059561292" lon="59.40048153804">
    <tag k="local_x" v="-9.4488"/>
    <tag k="local_y" v="123.3268"/>
    <tag k="ele" v="2.1273"/>
  </node>
  <node id="41714" lat="-3.61060608206" lon="59.40047855629">
    <tag k="local_x" v="-9.776"/>
    <tag k="local_y" v="122.166"/>
    <tag k="ele" v="2.1273"/>
  </node>
  <node id="41715" lat="-3.6106160213" lon="59.4004742394">
    <tag k="local_x" v="-10.252"/>
    <tag k="local_y" v="121.0633"/>
    <tag k="ele" v="2.1273"/>
  </node>
  <node id="41716" lat="-3.61062525852" lon="59.40046867432">
    <tag k="local_x" v="-10.8672"/>
    <tag k="local_y" v="120.0378"/>
    <tag k="ele" v="2.1273"/>
  </node>
  <node id="41717" lat="-3.61063363975" lon="59.4004619695">
    <tag k="local_x" v="-11.6096"/>
    <tag k="local_y" v="119.1066"/>
    <tag k="ele" v="2.1273"/>
  </node>
  <node id="41718" lat="-3.61064102376" lon="59.40045425311">
    <tag k="local_x" v="-12.465"/>
    <tag k="local_y" v="118.2854"/>
    <tag k="ele" v="2.1273"/>
  </node>
  <node id="41719" lat="-3.61064787202" lon="59.4004448682">
    <tag k="local_x" v="-13.5063"/>
    <tag k="local_y" v="117.5228"/>
    <tag k="ele" v="2.1273"/>
  </node>
  <node id="41723" lat="-3.61056101973" lon="59.40050606451">
    <tag k="local_x" v="-6.7348"/>
    <tag k="local_y" v="127.1689"/>
    <tag k="ele" v="2.1265"/>
  </node>
  <node id="41724" lat="-3.61056292199" lon="59.40048152225">
    <tag k="local_x" v="-9.4649"/>
    <tag k="local_y" v="126.9474"/>
    <tag k="ele" v="2.1265"/>
  </node>
  <node id="41730" lat="-3.61081501486" lon="59.40051386011">
    <tag k="local_x" v="-5.7559"/>
    <tag k="local_y" v="99.0417"/>
    <tag k="ele" v="1.9337"/>
  </node>
  <node id="41801" lat="-3.61067959782" lon="59.40051114447">
    <tag k="local_x" v="-6.1175"/>
    <tag k="local_y" v="114.0383"/>
    <tag k="ele" v="2.0615"/>
  </node>
  <node id="41804" lat="-3.61069742628" lon="59.40053711511">
    <tag k="local_x" v="-3.2198"/>
    <tag k="local_y" v="112.0752"/>
    <tag k="ele" v="2.0615"/>
  </node>
  <node id="41808" lat="-3.61063456508" lon="59.4005449541">
    <tag k="local_x" v="-2.3751"/>
    <tag k="local_y" v="119.0407"/>
    <tag k="ele" v="2.1178"/>
  </node>
  <node id="41809" lat="-3.61065740481" lon="59.4005457726">
    <tag k="local_x" v="-2.274"/>
    <tag k="local_y" v="116.5115"/>
    <tag k="ele" v="2.1178"/>
  </node>
  <node id="41810" lat="-3.61067582297" lon="59.40054454877">
    <tag k="local_x" v="-2.4021"/>
    <tag k="local_y" v="114.4711"/>
    <tag k="ele" v="2.1178"/>
  </node>
  <node id="41811" lat="-3.61068836814" lon="59.40054094324">
    <tag k="local_x" v="-2.7978"/>
    <tag k="local_y" v="113.0801"/>
    <tag k="ele" v="2.1178"/>
  </node>
  <node id="41812" lat="-3.61063675898" lon="59.40051859536">
    <tag k="local_x" v="-5.3072"/>
    <tag k="local_y" v="118.7861"/>
    <tag k="ele" v="2.1178"/>
  </node>
  <node id="41813" lat="-3.61064961356" lon="59.40051832001">
    <tag k="local_x" v="-5.3322"/>
    <tag k="local_y" v="117.3623"/>
    <tag k="ele" v="2.1178"/>
  </node>
  <node id="41814" lat="-3.61066062924" lon="59.40051744979">
    <tag k="local_x" v="-5.4242"/>
    <tag k="local_y" v="116.1419"/>
    <tag k="ele" v="2.1178"/>
  </node>
  <node id="41815" lat="-3.61067121431" lon="59.40051455566">
    <tag k="local_x" v="-5.7416"/>
    <tag k="local_y" v="114.9683"/>
    <tag k="ele" v="2.1178"/>
  </node>
  <node id="41820" lat="-3.6107099632" lon="59.40053075877">
    <tag k="local_x" v="-3.9216"/>
    <tag k="local_y" v="110.6839"/>
    <tag k="ele" v="2.0615"/>
  </node>
  <node id="41822" lat="-3.61072416829" lon="59.40052565669">
    <tag k="local_x" v="-4.4831"/>
    <tag k="local_y" v="109.1084"/>
    <tag k="ele" v="2.0615"/>
  </node>
  <node id="41824" lat="-3.61073901727" lon="59.40052262622">
    <tag k="local_x" v="-4.8138"/>
    <tag k="local_y" v="107.4625"/>
    <tag k="ele" v="2.0615"/>
  </node>
  <node id="41826" lat="-3.61075472449" lon="59.40052175637">
    <tag k="local_x" v="-4.9037"/>
    <tag k="local_y" v="105.7225"/>
    <tag k="ele" v="2.0615"/>
  </node>
  <node id="41828" lat="-3.61069801808" lon="59.40050205542">
    <tag k="local_x" v="-7.1208"/>
    <tag k="local_y" v="111.9942"/>
    <tag k="ele" v="2.0615"/>
  </node>
  <node id="41830" lat="-3.61071667551" lon="59.40049629324">
    <tag k="local_x" v="-7.7538"/>
    <tag k="local_y" v="109.9253"/>
    <tag k="ele" v="2.0615"/>
  </node>
  <node id="41832" lat="-3.61073591627" lon="59.40049326521">
    <tag k="local_x" v="-8.0823"/>
    <tag k="local_y" v="107.793"/>
    <tag k="ele" v="2.0615"/>
  </node>
  <node id="41834" lat="-3.61075481772" lon="59.40049300556">
    <tag k="local_x" v="-8.1029"/>
    <tag k="local_y" v="105.6995"/>
    <tag k="ele" v="2.0615"/>
  </node>
  <node id="41857" lat="-3.61078182315" lon="59.40052345586">
    <tag k="local_x" v="-4.7027"/>
    <tag k="local_y" v="102.722"/>
    <tag k="ele" v="1.9976"/>
  </node>
  <node id="41858" lat="-3.61079150953" lon="59.40052252977">
    <tag k="local_x" v="-4.8015"/>
    <tag k="local_y" v="101.6488"/>
    <tag k="ele" v="1.9976"/>
  </node>
  <node id="41859" lat="-3.61080077232" lon="59.400519533">
    <tag k="local_x" v="-5.1309"/>
    <tag k="local_y" v="100.6216"/>
    <tag k="ele" v="1.9976"/>
  </node>
  <node id="41860" lat="-3.6107806682" lon="59.40049416087">
    <tag k="local_x" v="-7.963"/>
    <tag k="local_y" v="102.837"/>
    <tag k="ele" v="1.9976"/>
  </node>
  <node id="41861" lat="-3.61078895421" lon="59.40049324929">
    <tag k="local_x" v="-8.0608"/>
    <tag k="local_y" v="101.9189"/>
    <tag k="ele" v="1.9976"/>
  </node>
  <node id="41862" lat="-3.61079913346" lon="59.40049070634">
    <tag k="local_x" v="-8.3393"/>
    <tag k="local_y" v="100.7904"/>
    <tag k="ele" v="1.9976"/>
  </node>
  <node id="41916" lat="-3.61071341327" lon="59.40016443945">
    <tag k="local_x" v="-44.6822"/>
    <tag k="local_y" v="110.1403"/>
    <tag k="ele" v="1.9841"/>
  </node>
  <node id="41917" lat="-3.61068689456" lon="59.40017732409">
    <tag k="local_x" v="-43.2601"/>
    <tag k="local_y" v="113.083"/>
    <tag k="ele" v="1.9841"/>
  </node>
  <node id="41952" lat="-3.61071925522" lon="59.40027265832">
    <tag k="local_x" v="-32.6376"/>
    <tag k="local_y" v="109.541"/>
    <tag k="ele" v="1.9962"/>
  </node>
  <node id="41953" lat="-3.61069351949" lon="59.40027016084">
    <tag k="local_x" v="-32.9268"/>
    <tag k="local_y" v="112.3902"/>
    <tag k="ele" v="1.9962"/>
  </node>
  <node id="41959" lat="-3.61068819727" lon="59.40043086958">
    <tag k="local_x" v="-15.0463"/>
    <tag k="local_y" v="113.0505"/>
    <tag k="ele" v="2.0725"/>
  </node>
  <node id="41960" lat="-3.61066136885" lon="59.40041903106">
    <tag k="local_x" v="-16.3754"/>
    <tag k="local_y" v="116.0166"/>
    <tag k="ele" v="2.0725"/>
  </node>
  <node id="41966" lat="-3.61069330516" lon="59.40041887727">
    <tag k="local_x" v="-16.3785"/>
    <tag k="local_y" v="112.4795"/>
    <tag k="ele" v="2.0725"/>
  </node>
  <node id="41967" lat="-3.61069737455" lon="59.4004070706">
    <tag k="local_x" v="-17.6905"/>
    <tag k="local_y" v="112.0236"/>
    <tag k="ele" v="2.0725"/>
  </node>
  <node id="41968" lat="-3.61070102319" lon="59.40039481445">
    <tag k="local_x" v="-19.0527"/>
    <tag k="local_y" v="111.6141"/>
    <tag k="ele" v="2.0725"/>
  </node>
  <node id="41969" lat="-3.61070413046" lon="59.40038242653">
    <tag k="local_x" v="-20.4298"/>
    <tag k="local_y" v="111.2645"/>
    <tag k="ele" v="2.0725"/>
  </node>
  <node id="41970" lat="-3.61070669195" lon="59.40036993202">
    <tag k="local_x" v="-21.819"/>
    <tag k="local_y" v="110.9753"/>
    <tag k="ele" v="2.0725"/>
  </node>
  <node id="41971" lat="-3.61070865646" lon="59.40035762679">
    <tag k="local_x" v="-23.1874"/>
    <tag k="local_y" v="110.7523"/>
    <tag k="ele" v="2.0725"/>
  </node>
  <node id="41972" lat="-3.61066582484" lon="59.4004086266">
    <tag k="local_x" v="-17.5312"/>
    <tag k="local_y" v="115.5185"/>
    <tag k="ele" v="2.0725"/>
  </node>
  <node id="41973" lat="-3.61067033542" lon="59.40039764496">
    <tag k="local_x" v="-18.7512"/>
    <tag k="local_y" v="115.0141"/>
    <tag k="ele" v="2.0725"/>
  </node>
  <node id="41974" lat="-3.61067426764" lon="59.40038676536">
    <tag k="local_x" v="-19.9601"/>
    <tag k="local_y" v="114.5738"/>
    <tag k="ele" v="2.0725"/>
  </node>
  <node id="41975" lat="-3.61067772604" lon="59.40037571059">
    <tag k="local_x" v="-21.1887"/>
    <tag k="local_y" v="114.1859"/>
    <tag k="ele" v="2.0725"/>
  </node>
  <node id="41976" lat="-3.61068070257" lon="59.40036450315">
    <tag k="local_x" v="-22.4345"/>
    <tag k="local_y" v="113.8513"/>
    <tag k="ele" v="2.0725"/>
  </node>
  <node id="41977" lat="-3.61068324047" lon="59.40035288854">
    <tag k="local_x" v="-23.7258"/>
    <tag k="local_y" v="113.5651"/>
    <tag k="ele" v="2.0725"/>
  </node>
  <node id="41983" lat="-3.61072068554" lon="59.39985104527">
    <tag k="local_x" v="-79.5519"/>
    <tag k="local_y" v="109.1967"/>
    <tag k="ele" v="1.9962"/>
  </node>
  <node id="41984" lat="-3.61069600132" lon="59.39984890222">
    <tag k="local_x" v="-79.8012"/>
    <tag k="local_y" v="111.9296"/>
    <tag k="ele" v="1.9962"/>
  </node>
  <node id="41993" lat="-3.61076553483" lon="59.39932079826">
    <tag k="local_x" v="-138.5354"/>
    <tag k="local_y" v="103.9957"/>
    <tag k="ele" v="1.9962"/>
  </node>
  <node id="41994" lat="-3.61076905254" lon="59.39930945209">
    <tag k="local_x" v="-139.7964"/>
    <tag k="local_y" v="103.6011"/>
    <tag k="ele" v="1.9962"/>
  </node>
  <node id="41995" lat="-3.61077350222" lon="59.39930086837">
    <tag k="local_x" v="-140.7496"/>
    <tag k="local_y" v="103.1045"/>
    <tag k="ele" v="1.9962"/>
  </node>
  <node id="42003" lat="-3.61073800619" lon="59.39931291942">
    <tag k="local_x" v="-139.4242"/>
    <tag k="local_y" v="107.0411"/>
    <tag k="ele" v="1.9962"/>
  </node>
  <node id="42004" lat="-3.61074029024" lon="59.39930173">
    <tag k="local_x" v="-140.6683"/>
    <tag k="local_y" v="106.7832"/>
    <tag k="ele" v="1.9962"/>
  </node>
  <node id="42005" lat="-3.61074369009" lon="59.39929185003">
    <tag k="local_x" v="-141.7662"/>
    <tag k="local_y" v="106.4023"/>
    <tag k="ele" v="1.9962"/>
  </node>
  <node id="42006" lat="-3.61074868004" lon="59.39928266746">
    <tag k="local_x" v="-142.7858"/>
    <tag k="local_y" v="105.8456"/>
    <tag k="ele" v="1.9962"/>
  </node>
  <node id="42016" lat="-3.61076139978" lon="59.39934626595">
    <tag k="local_x" v="-135.7033"/>
    <tag k="local_y" v="104.4649"/>
    <tag k="ele" v="1.9962"/>
  </node>
  <node id="42017" lat="-3.61073564911" lon="59.39934386561">
    <tag k="local_x" v="-135.9817"/>
    <tag k="local_y" v="107.3158"/>
    <tag k="ele" v="1.9962"/>
  </node>
  <node id="42023" lat="-3.61080761975" lon="59.39920837876">
    <tag k="local_x" v="-151.0264"/>
    <tag k="local_y" v="99.2851"/>
    <tag k="ele" v="1.9409"/>
  </node>
  <node id="42024" lat="-3.61078221962" lon="59.3992064839">
    <tag k="local_x" v="-151.2484"/>
    <tag k="local_y" v="102.0974"/>
    <tag k="ele" v="1.9554"/>
  </node>
  <node id="42087" lat="-3.61081261999" lon="59.3989578067">
    <tag k="local_x" v="-178.9066"/>
    <tag k="local_y" v="98.6208"/>
    <tag k="ele" v="1.6978"/>
  </node>
  <node id="42088" lat="-3.61081092548" lon="59.3989295285">
    <tag k="local_x" v="-182.054"/>
    <tag k="local_y" v="98.796"/>
    <tag k="ele" v="1.7565"/>
  </node>
  <node id="42092" lat="-3.61078197356" lon="59.39895173123">
    <tag k="local_x" v="-179.5961"/>
    <tag k="local_y" v="102.0123"/>
    <tag k="ele" v="1.6978"/>
  </node>
  <node id="42093" lat="-3.61078027905" lon="59.39892345303">
    <tag k="local_x" v="-182.7435"/>
    <tag k="local_y" v="102.1875"/>
    <tag k="ele" v="1.7565"/>
  </node>
  <node id="42097" lat="-3.61081195975" lon="59.3989049241">
    <tag k="local_x" v="-184.7914"/>
    <tag k="local_y" v="98.6706"/>
    <tag k="ele" v="1.8134"/>
  </node>
  <node id="42098" lat="-3.61078111208" lon="59.39890363846">
    <tag k="local_x" v="-184.948"/>
    <tag k="local_y" v="102.0865"/>
    <tag k="ele" v="1.8134"/>
  </node>
  <node id="42111" lat="-3.61081562646" lon="59.39886456363">
    <tag k="local_x" v="-189.2809"/>
    <tag k="local_y" v="98.2467"/>
    <tag k="ele" v="2.0045"/>
  </node>
  <node id="42112" lat="-3.61078412736" lon="59.39886203411">
    <tag k="local_x" v="-189.5762"/>
    <tag k="local_y" v="101.7342"/>
    <tag k="ele" v="2.0045"/>
  </node>
  <node id="42141" lat="-3.61086238226" lon="59.39879074088">
    <tag k="local_x" v="-197.475"/>
    <tag k="local_y" v="93.0358"/>
    <tag k="ele" v="1.7418"/>
  </node>
  <node id="42142" lat="-3.61089432716" lon="59.39879298376">
    <tag k="local_x" v="-197.2114"/>
    <tag k="local_y" v="89.4988"/>
    <tag k="ele" v="1.7448"/>
  </node>
  <node id="42144" lat="-3.61086015784" lon="59.3988221161">
    <tag k="local_x" v="-193.9847"/>
    <tag k="local_y" v="93.296"/>
    <tag k="ele" v="1.7418"/>
  </node>
  <node id="42145" lat="-3.61089210364" lon="59.39882435897">
    <tag k="local_x" v="-193.7211"/>
    <tag k="local_y" v="89.7589"/>
    <tag k="ele" v="1.7448"/>
  </node>
  <node id="42148" lat="-3.61081714049" lon="59.39885477738">
    <tag k="local_x" v="-190.3692"/>
    <tag k="local_y" v="98.0747"/>
    <tag k="ele" v="2.0264"/>
  </node>
  <node id="42149" lat="-3.61081947441" lon="59.3988474952">
    <tag k="local_x" v="-191.1785"/>
    <tag k="local_y" v="97.813"/>
    <tag k="ele" v="2.0264"/>
  </node>
  <node id="42151" lat="-3.6108257384" lon="59.39883650846">
    <tag k="local_x" v="-192.3983"/>
    <tag k="local_y" v="97.1144"/>
    <tag k="ele" v="2.0264"/>
  </node>
  <node id="42153" lat="-3.61083549184" lon="59.39882816982">
    <tag k="local_x" v="-193.3219"/>
    <tag k="local_y" v="96.0305"/>
    <tag k="ele" v="2.0264"/>
  </node>
  <node id="42155" lat="-3.61084734719" lon="59.39882321359">
    <tag k="local_x" v="-193.8682"/>
    <tag k="local_y" v="94.7153"/>
    <tag k="ele" v="2.0264"/>
  </node>
  <node id="42157" lat="-3.61078664802" lon="59.39884496373">
    <tag k="local_x" v="-191.4746"/>
    <tag k="local_y" v="101.4475"/>
    <tag k="ele" v="2.0264"/>
  </node>
  <node id="42159" lat="-3.61079499746" lon="59.39882529206">
    <tag k="local_x" v="-193.6599"/>
    <tag k="local_y" v="100.5141"/>
    <tag k="ele" v="2.0264"/>
  </node>
  <node id="42161" lat="-3.61080969611" lon="59.39880810084">
    <tag k="local_x" v="-195.5664"/>
    <tag k="local_y" v="98.8786"/>
    <tag k="ele" v="2.0264"/>
  </node>
  <node id="42163" lat="-3.61082898739" lon="59.39879623142">
    <tag k="local_x" v="-196.8787"/>
    <tag k="local_y" v="96.7368"/>
    <tag k="ele" v="2.0264"/>
  </node>
  <node id="42165" lat="-3.61084978491" lon="59.3987909829">
    <tag k="local_x" v="-197.4536"/>
    <tag k="local_y" v="94.4311"/>
    <tag k="ele" v="2.0264"/>
  </node>
  <node id="42169" lat="-3.61090072651" lon="59.3988255094">
    <tag k="local_x" v="-193.5893"/>
    <tag k="local_y" v="88.8044"/>
    <tag k="ele" v="1.762"/>
  </node>
  <node id="42170" lat="-3.61091146848" lon="59.39882869147">
    <tag k="local_x" v="-193.2305"/>
    <tag k="local_y" v="87.6161"/>
    <tag k="ele" v="1.9306"/>
  </node>
  <node id="42172" lat="-3.61092196465" lon="59.39883386327">
    <tag k="local_x" v="-192.6504"/>
    <tag k="local_y" v="86.4559"/>
    <tag k="ele" v="1.8846"/>
  </node>
  <node id="42173" lat="-3.61093592847" lon="59.39884209846">
    <tag k="local_x" v="-191.7279"/>
    <tag k="local_y" v="84.913"/>
    <tag k="ele" v="1.7617"/>
  </node>
  <node id="42174" lat="-3.61095119383" lon="59.39884818157">
    <tag k="local_x" v="-191.0443"/>
    <tag k="local_y" v="83.225"/>
    <tag k="ele" v="1.8902"/>
  </node>
  <node id="42175" lat="-3.61096700206" lon="59.39885136971">
    <tag k="local_x" v="-190.6826"/>
    <tag k="local_y" v="81.4756"/>
    <tag k="ele" v="1.7756"/>
  </node>
  <node id="42176" lat="-3.61090492377" lon="59.39879458113">
    <tag k="local_x" v="-197.029"/>
    <tag k="local_y" v="88.3259"/>
    <tag k="ele" v="1.762"/>
  </node>
  <node id="42177" lat="-3.61091553713" lon="59.39879811689">
    <tag k="local_x" v="-196.6309"/>
    <tag k="local_y" v="87.152"/>
    <tag k="ele" v="1.9306"/>
  </node>
  <node id="42178" lat="-3.61093113283" lon="59.39880666106">
    <tag k="local_x" v="-195.6733"/>
    <tag k="local_y" v="85.4285"/>
    <tag k="ele" v="1.8846"/>
  </node>
  <node id="42179" lat="-3.6109437199" lon="59.39881449278">
    <tag k="local_x" v="-194.7963"/>
    <tag k="local_y" v="84.0379"/>
    <tag k="ele" v="1.7617"/>
  </node>
  <node id="42180" lat="-3.61095766897" lon="59.39882152021">
    <tag k="local_x" v="-194.0082"/>
    <tag k="local_y" v="82.4961"/>
    <tag k="ele" v="1.8902"/>
  </node>
  <node id="42181" lat="-3.61096940252" lon="59.39882565455">
    <tag k="local_x" v="-193.543"/>
    <tag k="local_y" v="81.1984"/>
    <tag k="ele" v="1.7756"/>
  </node>
  <node id="42197" lat="-3.6109657841" lon="59.39881828711">
    <tag k="local_x" v="-194.3644"/>
    <tag k="local_y" v="81.5959"/>
    <tag k="ele" v="1.806"/>
  </node>
  <node id="42198" lat="-3.61091408978" lon="59.39882419494">
    <tag k="local_x" v="-193.7297"/>
    <tag k="local_y" v="87.3238"/>
    <tag k="ele" v="1.7754"/>
  </node>
  <node id="42199" lat="-3.61093147789" lon="59.39882279451">
    <tag k="local_x" v="-193.8779"/>
    <tag k="local_y" v="85.3974"/>
    <tag k="ele" v="1.7907"/>
  </node>
  <node id="42200" lat="-3.6109497838" lon="59.39881992022">
    <tag k="local_x" v="-194.1897"/>
    <tag k="local_y" v="83.3687"/>
    <tag k="ele" v="1.7984"/>
  </node>
  <node id="42201" lat="-3.61096844157" lon="59.39879158419">
    <tag k="local_x" v="-197.3346"/>
    <tag k="local_y" v="81.2898"/>
    <tag k="ele" v="1.8217"/>
  </node>
  <node id="42202" lat="-3.61095117798" lon="59.39879114814">
    <tag k="local_x" v="-197.3907"/>
    <tag k="local_y" v="83.2016"/>
    <tag k="ele" v="1.7833"/>
  </node>
  <node id="42203" lat="-3.61093231168" lon="59.3987916108">
    <tag k="local_x" v="-197.3475"/>
    <tag k="local_y" v="85.2913"/>
    <tag k="ele" v="1.7641"/>
  </node>
  <node id="42204" lat="-3.61091550131" lon="59.39879207164">
    <tag k="local_x" v="-197.3036"/>
    <tag k="local_y" v="87.1533"/>
    <tag k="ele" v="1.7545"/>
  </node>
  <node id="42214" lat="-3.61076955923" lon="59.39872449733">
    <tag k="local_x" v="-204.887"/>
    <tag k="local_y" v="103.287"/>
    <tag k="ele" v="1.8361"/>
  </node>
  <node id="42216" lat="-3.61077163992" lon="59.39874431927">
    <tag k="local_x" v="-202.6804"/>
    <tag k="local_y" v="103.0653"/>
    <tag k="ele" v="1.8361"/>
  </node>
  <node id="42218" lat="-3.61077805764" lon="59.39876400188">
    <tag k="local_x" v="-200.4874"/>
    <tag k="local_y" v="102.3632"/>
    <tag k="ele" v="1.8361"/>
  </node>
  <node id="42220" lat="-3.61078853716" lon="59.39878199604">
    <tag k="local_x" v="-198.4805"/>
    <tag k="local_y" v="101.2105"/>
    <tag k="ele" v="1.8361"/>
  </node>
  <node id="42222" lat="-3.61080264901" lon="59.39879747665">
    <tag k="local_x" v="-196.7517"/>
    <tag k="local_y" v="99.6544"/>
    <tag k="ele" v="1.8361"/>
  </node>
  <node id="42224" lat="-3.61081979803" lon="59.39880972533">
    <tag k="local_x" v="-195.3812"/>
    <tag k="local_y" v="97.7605"/>
    <tag k="ele" v="1.8361"/>
  </node>
  <node id="42226" lat="-3.61083924511" lon="59.39881815996">
    <tag k="local_x" v="-194.4341"/>
    <tag k="local_y" v="95.6104"/>
    <tag k="ele" v="1.8361"/>
  </node>
  <node id="42228" lat="-3.61079549105" lon="59.39872273877">
    <tag k="local_x" v="-205.0713"/>
    <tag k="local_y" v="100.4142"/>
    <tag k="ele" v="1.8361"/>
  </node>
  <node id="42230" lat="-3.6107970412" lon="59.39873834532">
    <tag k="local_x" v="-203.334"/>
    <tag k="local_y" v="100.2494"/>
    <tag k="ele" v="1.8361"/>
  </node>
  <node id="42232" lat="-3.61080253823" lon="59.39875242923">
    <tag k="local_x" v="-201.7644"/>
    <tag k="local_y" v="99.6468"/>
    <tag k="ele" v="1.8361"/>
  </node>
  <node id="42234" lat="-3.61081082631" lon="59.3987649627">
    <tag k="local_x" v="-200.3661"/>
    <tag k="local_y" v="98.7344"/>
    <tag k="ele" v="1.8361"/>
  </node>
  <node id="42236" lat="-3.61082149879" lon="59.39877540992">
    <tag k="local_x" v="-199.1989"/>
    <tag k="local_y" v="97.557"/>
    <tag k="ele" v="1.8361"/>
  </node>
  <node id="42238" lat="-3.61083404922" lon="59.39878333614">
    <tag k="local_x" v="-198.3114"/>
    <tag k="local_y" v="96.1705"/>
    <tag k="ele" v="1.8361"/>
  </node>
  <node id="42240" lat="-3.61084789396" lon="59.39878842554">
    <tag k="local_x" v="-197.739"/>
    <tag k="local_y" v="94.6394"/>
    <tag k="ele" v="1.8361"/>
  </node>
  <node id="42245" lat="-3.61236612288" lon="59.39813536558">
    <tag k="local_x" v="-269.7415"/>
    <tag k="local_y" v="-73.797"/>
    <tag k="ele" v="1.7587"/>
  </node>
  <node id="42246" lat="-3.6123637823" lon="59.39816068422">
    <tag k="local_x" v="-266.9252"/>
    <tag k="local_y" v="-73.5266"/>
    <tag k="ele" v="1.7587"/>
  </node>
  <node id="42320" lat="-3.61244638986" lon="59.39755379278">
    <tag k="local_x" v="-334.4207"/>
    <tag k="local_y" v="-82.9435"/>
    <tag k="ele" v="1.7761"/>
  </node>
  <node id="42321" lat="-3.61244860696" lon="59.39752241668">
    <tag k="local_x" v="-337.9111"/>
    <tag k="local_y" v="-83.2029"/>
    <tag k="ele" v="1.7761"/>
  </node>
  <node id="42364" lat="-3.61092485475" lon="59.3980630688">
    <tag k="local_x" v="-278.4193"/>
    <tag k="local_y" v="85.7958"/>
    <tag k="ele" v="1.8922"/>
  </node>
  <node id="42365" lat="-3.61093678489" lon="59.39803314351">
    <tag k="local_x" v="-281.744"/>
    <tag k="local_y" v="84.4613"/>
    <tag k="ele" v="1.8922"/>
  </node>
  <node id="42480" lat="-3.61092382107" lon="59.39802797158">
    <tag k="local_x" v="-282.3252"/>
    <tag k="local_y" v="85.8948"/>
    <tag k="ele" v="1.8922"/>
  </node>
  <node id="42482" lat="-3.61091453722" lon="59.3980227285">
    <tag k="local_x" v="-282.9127"/>
    <tag k="local_y" v="86.9207"/>
    <tag k="ele" v="1.8922"/>
  </node>
  <node id="42484" lat="-3.61090602963" lon="59.39801606156">
    <tag k="local_x" v="-283.6583"/>
    <tag k="local_y" v="87.86"/>
    <tag k="ele" v="1.8922"/>
  </node>
  <node id="42486" lat="-3.61090068135" lon="59.39800849606">
    <tag k="local_x" v="-284.5025"/>
    <tag k="local_y" v="88.449"/>
    <tag k="ele" v="1.8922"/>
  </node>
  <node id="42487" lat="-3.61089738422" lon="59.39800063759">
    <tag k="local_x" v="-285.3784"/>
    <tag k="local_y" v="88.8107"/>
    <tag k="ele" v="1.8922"/>
  </node>
  <node id="42488" lat="-3.6108959674" lon="59.39799379798">
    <tag k="local_x" v="-286.1401"/>
    <tag k="local_y" v="88.9646"/>
    <tag k="ele" v="1.8922"/>
  </node>
  <node id="42489" lat="-3.61091493613" lon="59.39806099066">
    <tag k="local_x" v="-278.6549"/>
    <tag k="local_y" v="86.8934"/>
    <tag k="ele" v="1.8922"/>
  </node>
  <node id="42490" lat="-3.61090622821" lon="59.39805775475">
    <tag k="local_x" v="-279.0188"/>
    <tag k="local_y" v="87.8564"/>
    <tag k="ele" v="1.8922"/>
  </node>
  <node id="42491" lat="-3.61089647734" lon="59.39805290984">
    <tag k="local_x" v="-279.5622"/>
    <tag k="local_y" v="88.9342"/>
    <tag k="ele" v="1.8922"/>
  </node>
  <node id="42492" lat="-3.61088850143" lon="59.39804688784">
    <tag k="local_x" v="-280.2358"/>
    <tag k="local_y" v="89.8149"/>
    <tag k="ele" v="1.8922"/>
  </node>
  <node id="42493" lat="-3.61088109212" lon="59.3980391759">
    <tag k="local_x" v="-281.0972"/>
    <tag k="local_y" v="90.6321"/>
    <tag k="ele" v="1.8922"/>
  </node>
  <node id="42494" lat="-3.61087475894" lon="59.39802938737">
    <tag k="local_x" v="-282.1892"/>
    <tag k="local_y" v="91.3292"/>
    <tag k="ele" v="1.8922"/>
  </node>
  <node id="42495" lat="-3.61086991013" lon="59.39801483541">
    <tag k="local_x" v="-283.8106"/>
    <tag k="local_y" v="91.8598"/>
    <tag k="ele" v="1.8922"/>
  </node>
  <node id="42496" lat="-3.61086839621" lon="59.39800039341">
    <tag k="local_x" v="-285.4183"/>
    <tag k="local_y" v="92.0211"/>
    <tag k="ele" v="1.8922"/>
  </node>
  <node id="42549" lat="-3.61045809025" lon="59.39568724834">
    <tag k="local_x" v="-542.9943"/>
    <tag k="local_y" v="136.443"/>
    <tag k="ele" v="2.3257"/>
  </node>
  <node id="42551" lat="-3.61043252897" lon="59.3956852212">
    <tag k="local_x" v="-543.2311"/>
    <tag k="local_y" v="139.2731"/>
    <tag k="ele" v="2.3257"/>
  </node>
  <node id="42565" lat="-3.6104546683" lon="59.39577539543">
    <tag k="local_x" v="-533.1872"/>
    <tag k="local_y" v="136.8609"/>
    <tag k="ele" v="2.3669"/>
  </node>
  <node id="42567" lat="-3.61045254456" lon="59.39576109697">
    <tag k="local_x" v="-534.7792"/>
    <tag k="local_y" v="137.0898"/>
    <tag k="ele" v="2.3669"/>
  </node>
  <node id="42572" lat="-3.61043000285" lon="59.395781788">
    <tag k="local_x" v="-532.4867"/>
    <tag k="local_y" v="139.5955"/>
    <tag k="ele" v="2.3669"/>
  </node>
  <node id="42574" lat="-3.61042692992" lon="59.39576380694">
    <tag k="local_x" v="-534.4889"/>
    <tag k="local_y" v="139.9279"/>
    <tag k="ele" v="2.3669"/>
  </node>
  <node id="42578" lat="-3.61045359892" lon="59.39574608499">
    <tag k="local_x" v="-536.4492"/>
    <tag k="local_y" v="136.9664"/>
    <tag k="ele" v="2.3463"/>
  </node>
  <node id="42579" lat="-3.61042832456" lon="59.39574423466">
    <tag k="local_x" v="-536.6662"/>
    <tag k="local_y" v="139.7648"/>
    <tag k="ele" v="2.3463"/>
  </node>
  <node id="42590" lat="-3.61045621114" lon="59.39577918892">
    <tag k="local_x" v="-532.7644"/>
    <tag k="local_y" v="136.6917"/>
    <tag k="ele" v="2.3669"/>
  </node>
  <node id="42591" lat="-3.61043302484" lon="59.39578880188">
    <tag k="local_x" v="-531.7049"/>
    <tag k="local_y" v="139.2639"/>
    <tag k="ele" v="2.3669"/>
  </node>
  <node id="42597" lat="-3.6104682538" lon="59.3958284964">
    <tag k="local_x" v="-527.2724"/>
    <tag k="local_y" v="135.3797"/>
    <tag k="ele" v="2.9298"/>
  </node>
  <node id="42599" lat="-3.61046708173" lon="59.39581510633">
    <tag k="local_x" v="-528.7629"/>
    <tag k="local_y" v="135.5036"/>
    <tag k="ele" v="2.9298"/>
  </node>
  <node id="42601" lat="-3.61046359707" lon="59.39579780359">
    <tag k="local_x" v="-530.6898"/>
    <tag k="local_y" v="135.8819"/>
    <tag k="ele" v="2.9298"/>
  </node>
  <node id="42602" lat="-3.61044474125" lon="59.39582942229">
    <tag k="local_x" v="-527.1797"/>
    <tag k="local_y" v="137.9842"/>
    <tag k="ele" v="2.9298"/>
  </node>
  <node id="42604" lat="-3.61044353224" lon="59.39581877242">
    <tag k="local_x" v="-528.3653"/>
    <tag k="local_y" v="138.1134"/>
    <tag k="ele" v="2.9298"/>
  </node>
  <node id="42606" lat="-3.61043942897" lon="59.39580461118">
    <tag k="local_x" v="-529.9429"/>
    <tag k="local_y" v="138.5616"/>
    <tag k="ele" v="2.9298"/>
  </node>
  <node id="42617" lat="-3.61048350888" lon="59.39537008517">
    <tag k="local_x" v="-578.2756"/>
    <tag k="local_y" v="133.4878"/>
    <tag k="ele" v="2.3387"/>
  </node>
  <node id="42618" lat="-3.6104579476" lon="59.39536805715">
    <tag k="local_x" v="-578.5125"/>
    <tag k="local_y" v="136.3179"/>
    <tag k="ele" v="2.3387"/>
  </node>
  <node id="42624" lat="-3.61048479986" lon="59.39535395882">
    <tag k="local_x" v="-580.0695"/>
    <tag k="local_y" v="133.3377"/>
    <tag k="ele" v="2.3452"/>
  </node>
  <node id="42625" lat="-3.61045923859" lon="59.39535193169">
    <tag k="local_x" v="-580.3063"/>
    <tag k="local_y" v="136.1678"/>
    <tag k="ele" v="2.3452"/>
  </node>
  <node id="42736" lat="-3.6103216804" lon="59.39716237238">
    <tag k="local_x" v="-378.9093"/>
    <tag k="local_y" v="152.2018"/>
    <tag k="ele" v="-0.2247"/>
  </node>
  <node id="42765" lat="-3.61036978984" lon="59.39653816253">
    <tag k="local_x" v="-448.3473"/>
    <tag k="local_y" v="146.5981"/>
    <tag k="ele" v="2.039"/>
  </node>
  <node id="42766" lat="-3.61038747614" lon="59.39631725671">
    <tag k="local_x" v="-472.9209"/>
    <tag k="local_y" v="144.5418"/>
    <tag k="ele" v="2.2475"/>
  </node>
  <node id="42768" lat="-3.61029583528" lon="59.39716049819">
    <tag k="local_x" v="-379.1292"/>
    <tag k="local_y" v="155.0634"/>
    <tag k="ele" v="-0.2247"/>
  </node>
  <node id="42797" lat="-3.61034422854" lon="59.39653613537">
    <tag k="local_x" v="-448.5841"/>
    <tag k="local_y" v="149.4282"/>
    <tag k="ele" v="2.039"/>
  </node>
  <node id="42798" lat="-3.61036191484" lon="59.39631522955">
    <tag k="local_x" v="-473.1577"/>
    <tag k="local_y" v="147.3719"/>
    <tag k="ele" v="2.2475"/>
  </node>
  <node id="42810" lat="-3.61040985623" lon="59.39618530538">
    <tag k="local_x" v="-487.594"/>
    <tag k="local_y" v="142.0049"/>
    <tag k="ele" v="-0.1323"/>
  </node>
  <node id="42811" lat="-3.61038913506" lon="59.39616981769">
    <tag k="local_x" v="-489.3265"/>
    <tag k="local_y" v="144.293"/>
    <tag k="ele" v="-0.1323"/>
  </node>
  <node id="42818" lat="-3.61039636734" lon="59.39621830303">
    <tag k="local_x" v="-483.9281"/>
    <tag k="local_y" v="143.5134"/>
    <tag k="ele" v="2.3337"/>
  </node>
  <node id="42820" lat="-3.61040203663" lon="59.39619947774">
    <tag k="local_x" v="-486.0204"/>
    <tag k="local_y" v="142.8772"/>
    <tag k="ele" v="2.3337"/>
  </node>
  <node id="42822" lat="-3.6103705771" lon="59.39621365535">
    <tag k="local_x" v="-484.4566"/>
    <tag k="local_y" v="146.3677"/>
    <tag k="ele" v="2.3337"/>
  </node>
  <node id="42824" lat="-3.6103755396" lon="59.39619555629">
    <tag k="local_x" v="-486.4684"/>
    <tag k="local_y" v="145.8101"/>
    <tag k="ele" v="2.3337"/>
  </node>
  <node id="42826" lat="-3.610383742" lon="59.39617865764">
    <tag k="local_x" v="-488.3452"/>
    <tag k="local_y" v="144.8942"/>
    <tag k="ele" v="2.3337"/>
  </node>
  <node id="42830" lat="-3.61039423877" lon="59.39623564591">
    <tag k="local_x" v="-481.9992"/>
    <tag k="local_y" v="143.7568"/>
    <tag k="ele" v="2.2906"/>
  </node>
  <node id="42831" lat="-3.6103688821" lon="59.39623353257">
    <tag k="local_x" v="-482.2455"/>
    <tag k="local_y" v="146.5642"/>
    <tag k="ele" v="2.2906"/>
  </node>
  <node id="42839" lat="-3.61043058899" lon="59.39628708707">
    <tag k="local_x" v="-476.2591"/>
    <tag k="local_y" v="139.7536"/>
    <tag k="ele" v="2.4733"/>
  </node>
  <node id="42840" lat="-3.61040522512" lon="59.39628498095">
    <tag k="local_x" v="-476.5046"/>
    <tag k="local_y" v="142.5618"/>
    <tag k="ele" v="2.4733"/>
  </node>
  <node id="42846" lat="-3.61046207609" lon="59.39628843569">
    <tag k="local_x" v="-476.0952"/>
    <tag k="local_y" v="136.2669"/>
    <tag k="ele" v="2.4733"/>
  </node>
  <node id="42847" lat="-3.61043684473" lon="59.39628627603">
    <tag k="local_x" v="-476.3466"/>
    <tag k="local_y" v="139.0604"/>
    <tag k="ele" v="2.4733"/>
  </node>
  <node id="42860" lat="-3.61036382939" lon="59.39661467022">
    <tag k="local_x" v="-439.8365"/>
    <tag k="local_y" v="147.292"/>
    <tag k="ele" v="0.9072"/>
  </node>
  <node id="42861" lat="-3.61033799892" lon="59.39661261896">
    <tag k="local_x" v="-440.0761"/>
    <tag k="local_y" v="150.1519"/>
    <tag k="ele" v="0.9072"/>
  </node>
  <node id="42968" lat="-3.61032298106" lon="59.39714458342">
    <tag k="local_x" v="-380.8882"/>
    <tag k="local_y" v="152.0499"/>
    <tag k="ele" v="-0.2247"/>
  </node>
  <node id="42969" lat="-3.61032428532" lon="59.39712679534">
    <tag k="local_x" v="-382.867"/>
    <tag k="local_y" v="151.8976"/>
    <tag k="ele" v="-0.2247"/>
  </node>
  <node id="42970" lat="-3.61032559502" lon="59.39710900904">
    <tag k="local_x" v="-384.8456"/>
    <tag k="local_y" v="151.7447"/>
    <tag k="ele" v="-0.2247"/>
  </node>
  <node id="42971" lat="-3.61032691013" lon="59.39709122272">
    <tag k="local_x" v="-386.8242"/>
    <tag k="local_y" v="151.5912"/>
    <tag k="ele" v="-0.2247"/>
  </node>
  <node id="42972" lat="-3.61032822885" lon="59.39707343638">
    <tag k="local_x" v="-388.8028"/>
    <tag k="local_y" v="151.4373"/>
    <tag k="ele" v="-0.2247"/>
  </node>
  <node id="42973" lat="-3.61032955299" lon="59.39705565092">
    <tag k="local_x" v="-390.7813"/>
    <tag k="local_y" v="151.2828"/>
    <tag k="ele" v="-0.2247"/>
  </node>
  <node id="42974" lat="-3.61033088165" lon="59.39703786634">
    <tag k="local_x" v="-392.7597"/>
    <tag k="local_y" v="151.1278"/>
    <tag k="ele" v="-0.2247"/>
  </node>
  <node id="42975" lat="-3.61033221482" lon="59.39702008175">
    <tag k="local_x" v="-394.7381"/>
    <tag k="local_y" v="150.9723"/>
    <tag k="ele" v="-0.2247"/>
  </node>
  <node id="42976" lat="-3.61033355251" lon="59.39700229714">
    <tag k="local_x" v="-396.7165"/>
    <tag k="local_y" v="150.8163"/>
    <tag k="ele" v="-0.2247"/>
  </node>
  <node id="42977" lat="-3.61033489562" lon="59.3969845134">
    <tag k="local_x" v="-398.6948"/>
    <tag k="local_y" v="150.6597"/>
    <tag k="ele" v="-0.2247"/>
  </node>
  <node id="42978" lat="-3.61033624324" lon="59.39696672965">
    <tag k="local_x" v="-400.6731"/>
    <tag k="local_y" v="150.5026"/>
    <tag k="ele" v="-0.2247"/>
  </node>
  <node id="42979" lat="-3.61033759628" lon="59.39694894588">
    <tag k="local_x" v="-402.6514"/>
    <tag k="local_y" v="150.3449"/>
    <tag k="ele" v="-0.2247"/>
  </node>
  <node id="42980" lat="-3.61033895293" lon="59.39693116299">
    <tag k="local_x" v="-404.6296"/>
    <tag k="local_y" v="150.1868"/>
    <tag k="ele" v="-0.2247"/>
  </node>
  <node id="42981" lat="-3.610340315" lon="59.39691338008">
    <tag k="local_x" v="-406.6078"/>
    <tag k="local_y" v="150.0281"/>
    <tag k="ele" v="-0.2247"/>
  </node>
  <node id="42982" lat="-3.61034168159" lon="59.39689559805">
    <tag k="local_x" v="-408.5859"/>
    <tag k="local_y" v="149.8689"/>
    <tag k="ele" v="-0.2247"/>
  </node>
  <node id="42983" lat="-3.61034305269" lon="59.39687781601">
    <tag k="local_x" v="-410.564"/>
    <tag k="local_y" v="149.7092"/>
    <tag k="ele" v="-0.2247"/>
  </node>
  <node id="42984" lat="-3.61034442921" lon="59.39686003484">
    <tag k="local_x" v="-412.542"/>
    <tag k="local_y" v="149.5489"/>
    <tag k="ele" v="-0.2247"/>
  </node>
  <node id="42985" lat="-3.61034581025" lon="59.39684225365">
    <tag k="local_x" v="-414.52"/>
    <tag k="local_y" v="149.3881"/>
    <tag k="ele" v="-0.2247"/>
  </node>
  <node id="42986" lat="-3.6103471958" lon="59.39682447245">
    <tag k="local_x" v="-416.498"/>
    <tag k="local_y" v="149.2268"/>
    <tag k="ele" v="-0.2247"/>
  </node>
  <node id="42987" lat="-3.61034858587" lon="59.39680669213">
    <tag k="local_x" v="-418.4759"/>
    <tag k="local_y" v="149.065"/>
    <tag k="ele" v="-0.2247"/>
  </node>
  <node id="42988" lat="-3.61034998136" lon="59.39678891268">
    <tag k="local_x" v="-420.4537"/>
    <tag k="local_y" v="148.9026"/>
    <tag k="ele" v="-0.2247"/>
  </node>
  <node id="42989" lat="-3.61035138136" lon="59.39677113232">
    <tag k="local_x" v="-422.4316"/>
    <tag k="local_y" v="148.7397"/>
    <tag k="ele" v="-0.2247"/>
  </node>
  <node id="42990" lat="-3.61035278588" lon="59.39675335374">
    <tag k="local_x" v="-424.4093"/>
    <tag k="local_y" v="148.5763"/>
    <tag k="ele" v="-0.2247"/>
  </node>
  <node id="42991" lat="-3.61035419581" lon="59.39673557244">
    <tag k="local_x" v="-426.3873"/>
    <tag k="local_y" v="148.4123"/>
    <tag k="ele" v="-0.2247"/>
  </node>
  <node id="42992" lat="-3.61029713592" lon="59.39714270564">
    <tag k="local_x" v="-381.1085"/>
    <tag k="local_y" v="154.9115"/>
    <tag k="ele" v="-0.2247"/>
  </node>
  <node id="42993" lat="-3.61029844107" lon="59.39712491396">
    <tag k="local_x" v="-383.0877"/>
    <tag k="local_y" v="154.7591"/>
    <tag k="ele" v="-0.2247"/>
  </node>
  <node id="42994" lat="-3.61029975164" lon="59.39710712047">
    <tag k="local_x" v="-385.0671"/>
    <tag k="local_y" v="154.6061"/>
    <tag k="ele" v="-0.2247"/>
  </node>
  <node id="42995" lat="-3.61030106672" lon="59.39708932696">
    <tag k="local_x" v="-387.0465"/>
    <tag k="local_y" v="154.4526"/>
    <tag k="ele" v="-0.2247"/>
  </node>
  <node id="42996" lat="-3.61030238632" lon="59.39707153433">
    <tag k="local_x" v="-389.0258"/>
    <tag k="local_y" v="154.2986"/>
    <tag k="ele" v="-0.2247"/>
  </node>
  <node id="42997" lat="-3.61030371044" lon="59.39705374258">
    <tag k="local_x" v="-391.005"/>
    <tag k="local_y" v="154.1441"/>
    <tag k="ele" v="-0.2247"/>
  </node>
  <node id="42998" lat="-3.61030503997" lon="59.39703594991">
    <tag k="local_x" v="-392.9843"/>
    <tag k="local_y" v="153.989"/>
    <tag k="ele" v="-0.2247"/>
  </node>
  <node id="42999" lat="-3.61030637402" lon="59.39701815902">
    <tag k="local_x" v="-394.9634"/>
    <tag k="local_y" v="153.8334"/>
    <tag k="ele" v="-0.2247"/>
  </node>
  <node id="43000" lat="-3.61030771258" lon="59.39700036722">
    <tag k="local_x" v="-396.9426"/>
    <tag k="local_y" v="153.6773"/>
    <tag k="ele" v="-0.2247"/>
  </node>
  <node id="43001" lat="-3.61030905566" lon="59.3969825763">
    <tag k="local_x" v="-398.9217"/>
    <tag k="local_y" v="153.5207"/>
    <tag k="ele" v="-0.2247"/>
  </node>
  <node id="43002" lat="-3.61031040416" lon="59.39696478625">
    <tag k="local_x" v="-400.9007"/>
    <tag k="local_y" v="153.3635"/>
    <tag k="ele" v="-0.2247"/>
  </node>
  <node id="43003" lat="-3.61031175718" lon="59.39694699619">
    <tag k="local_x" v="-402.8797"/>
    <tag k="local_y" v="153.2058"/>
    <tag k="ele" v="-0.2247"/>
  </node>
  <node id="43004" lat="-3.6103131147" lon="59.39692920611">
    <tag k="local_x" v="-404.8587"/>
    <tag k="local_y" v="153.0476"/>
    <tag k="ele" v="-0.2247"/>
  </node>
  <node id="43005" lat="-3.61031447675" lon="59.39691141691">
    <tag k="local_x" v="-406.8376"/>
    <tag k="local_y" v="152.8889"/>
    <tag k="ele" v="-0.2247"/>
  </node>
  <node id="43006" lat="-3.61031584421" lon="59.39689362769">
    <tag k="local_x" v="-408.8165"/>
    <tag k="local_y" v="152.7296"/>
    <tag k="ele" v="-0.2247"/>
  </node>
  <node id="43007" lat="-3.61031721619" lon="59.39687583845">
    <tag k="local_x" v="-410.7954"/>
    <tag k="local_y" v="152.5698"/>
    <tag k="ele" v="-0.2247"/>
  </node>
  <node id="43008" lat="-3.61031859268" lon="59.39685805009">
    <tag k="local_x" v="-412.7742"/>
    <tag k="local_y" v="152.4095"/>
    <tag k="ele" v="-0.2247"/>
  </node>
  <node id="43009" lat="-3.6103199746" lon="59.39684026261">
    <tag k="local_x" v="-414.7529"/>
    <tag k="local_y" v="152.2486"/>
    <tag k="ele" v="-0.2247"/>
  </node>
  <node id="43010" lat="-3.61032136103" lon="59.39682247511">
    <tag k="local_x" v="-416.7316"/>
    <tag k="local_y" v="152.0872"/>
    <tag k="ele" v="-0.2247"/>
  </node>
  <node id="43011" lat="-3.61032275197" lon="59.3968046876">
    <tag k="local_x" v="-418.7103"/>
    <tag k="local_y" v="151.9253"/>
    <tag k="ele" v="-0.2247"/>
  </node>
  <node id="43012" lat="-3.61032414743" lon="59.39678690097">
    <tag k="local_x" v="-420.6889"/>
    <tag k="local_y" v="151.7629"/>
    <tag k="ele" v="-0.2247"/>
  </node>
  <node id="43013" lat="-3.61032554831" lon="59.39676911431">
    <tag k="local_x" v="-422.6675"/>
    <tag k="local_y" v="151.5999"/>
    <tag k="ele" v="-0.2247"/>
  </node>
  <node id="43014" lat="-3.6103269528" lon="59.39675132764">
    <tag k="local_x" v="-424.6461"/>
    <tag k="local_y" v="151.4365"/>
    <tag k="ele" v="-0.2247"/>
  </node>
  <node id="43015" lat="-3.61032836272" lon="59.39673354365">
    <tag k="local_x" v="-426.6244"/>
    <tag k="local_y" v="151.2725"/>
    <tag k="ele" v="-0.2247"/>
  </node>
  <node id="43164" lat="-3.61048046755" lon="59.39734066068">
    <tag k="local_x" v="-359.0005"/>
    <tag k="local_y" v="134.6943"/>
    <tag k="ele" v="1.5189"/>
  </node>
  <node id="43165" lat="-3.61047846715" lon="59.39730926984">
    <tag k="local_x" v="-362.4944"/>
    <tag k="local_y" v="134.902"/>
    <tag k="ele" v="1.5189"/>
  </node>
  <node id="43172" lat="-3.61036098334" lon="59.3973394382">
    <tag k="local_x" v="-359.189"/>
    <tag k="local_y" v="147.927"/>
    <tag k="ele" v="1.5724"/>
  </node>
  <node id="43173" lat="-3.61036684922" lon="59.39730853127">
    <tag k="local_x" v="-362.6256"/>
    <tag k="local_y" v="147.2637"/>
    <tag k="ele" v="1.5724"/>
  </node>
  <node id="43204" lat="-3.61028691804" lon="59.39724932312">
    <tag k="local_x" v="-369.2491"/>
    <tag k="local_y" v="156.0902"/>
    <tag k="ele" v="1.726"/>
  </node>
  <node id="43207" lat="-3.61031843259" lon="59.39725166291">
    <tag k="local_x" v="-368.9749"/>
    <tag k="local_y" v="152.6009"/>
    <tag k="ele" v="1.726"/>
  </node>
  <node id="43212" lat="-3.61034926183" lon="59.39730364179">
    <tag k="local_x" v="-363.1774"/>
    <tag k="local_y" v="149.2094"/>
    <tag k="ele" v="1.5922"/>
  </node>
  <node id="43214" lat="-3.61033829363" lon="59.39729692706">
    <tag k="local_x" v="-363.9294"/>
    <tag k="local_y" v="150.4212"/>
    <tag k="ele" v="1.5922"/>
  </node>
  <node id="43216" lat="-3.61032927144" lon="59.39728778272">
    <tag k="local_x" v="-364.9509"/>
    <tag k="local_y" v="151.4164"/>
    <tag k="ele" v="1.5922"/>
  </node>
  <node id="43218" lat="-3.61032272562" lon="59.3972767459">
    <tag k="local_x" v="-366.1819"/>
    <tag k="local_y" v="152.1365"/>
    <tag k="ele" v="1.5922"/>
  </node>
  <node id="43220" lat="-3.61031904159" lon="59.3972644657">
    <tag k="local_x" v="-367.55"/>
    <tag k="local_y" v="152.5391"/>
    <tag k="ele" v="1.5922"/>
  </node>
  <node id="43222" lat="-3.61034478254" lon="59.39733561088">
    <tag k="local_x" v="-359.622"/>
    <tag k="local_y" v="149.7196"/>
    <tag k="ele" v="1.5922"/>
  </node>
  <node id="43224" lat="-3.61032701672" lon="59.3973274087">
    <tag k="local_x" v="-360.5425"/>
    <tag k="local_y" v="151.6836"/>
    <tag k="ele" v="1.5922"/>
  </node>
  <node id="43226" lat="-3.61031095557" lon="59.3973146669">
    <tag k="local_x" v="-361.9674"/>
    <tag k="local_y" v="153.4568"/>
    <tag k="ele" v="1.5922"/>
  </node>
  <node id="43228" lat="-3.61029844707" lon="59.39729845119">
    <tag k="local_x" v="-363.7773"/>
    <tag k="local_y" v="154.835"/>
    <tag k="ele" v="1.5922"/>
  </node>
  <node id="43230" lat="-3.61029022729" lon="59.39727971664">
    <tag k="local_x" v="-365.8656"/>
    <tag k="local_y" v="155.7371"/>
    <tag k="ele" v="1.5922"/>
  </node>
  <node id="43232" lat="-3.61028685518" lon="59.39726051543">
    <tag k="local_x" v="-368.0037"/>
    <tag k="local_y" v="156.1021"/>
    <tag k="ele" v="1.5922"/>
  </node>
  <node id="43236" lat="-3.61040926359" lon="59.39734484281">
    <tag k="local_x" v="-358.5664"/>
    <tag k="local_y" v="142.5822"/>
    <tag k="ele" v="6.7122"/>
  </node>
  <node id="43237" lat="-3.61037187121" lon="59.39734139837">
    <tag k="local_x" v="-358.9661"/>
    <tag k="local_y" v="146.722"/>
    <tag k="ele" v="1.8078"/>
  </node>
  <node id="43239" lat="-3.61041217622" lon="59.39731352335">
    <tag k="local_x" v="-362.0502"/>
    <tag k="local_y" v="142.2458"/>
    <tag k="ele" v="6.7122"/>
  </node>
  <node id="43240" lat="-3.61037478474" lon="59.39731007892">
    <tag k="local_x" v="-362.4499"/>
    <tag k="local_y" v="146.3855"/>
    <tag k="ele" v="1.8078"/>
  </node>
  <node id="43243" lat="-3.61044380264" lon="59.39731266882">
    <tag k="local_x" v="-362.1314"/>
    <tag k="local_y" v="138.7427"/>
    <tag k="ele" v="1.5086"/>
  </node>
  <node id="43244" lat="-3.61044690873" lon="59.39734396632">
    <tag k="local_x" v="-358.6474"/>
    <tag k="local_y" v="138.4125"/>
    <tag k="ele" v="1.5086"/>
  </node>
  <node id="43256" lat="-3.61053256431" lon="59.3973070604">
    <tag k="local_x" v="-362.7165"/>
    <tag k="local_y" v="128.9096"/>
    <tag k="ele" v="1.6428"/>
  </node>
  <node id="43257" lat="-3.61053325403" lon="59.39733627263">
    <tag k="local_x" v="-359.4656"/>
    <tag k="local_y" v="128.8461"/>
    <tag k="ele" v="1.6428"/>
  </node>
  <node id="43280" lat="-3.61056909034" lon="59.39730812407">
    <tag k="local_x" v="-362.5821"/>
    <tag k="local_y" v="124.8647"/>
    <tag k="ele" v="0.1447"/>
  </node>
  <node id="43281" lat="-3.61054966913" lon="59.39730708366">
    <tag k="local_x" v="-362.7064"/>
    <tag k="local_y" v="127.0152"/>
    <tag k="ele" v="0.1447"/>
  </node>
  <node id="43284" lat="-3.61056951772" lon="59.39733494237">
    <tag k="local_x" v="-359.5977"/>
    <tag k="local_y" v="124.8292"/>
    <tag k="ele" v="0.1447"/>
  </node>
  <node id="43285" lat="-3.610550035" lon="59.39733501027">
    <tag k="local_x" v="-359.5987"/>
    <tag k="local_y" v="126.987"/>
    <tag k="ele" v="0.1447"/>
  </node>
  <node id="43306" lat="-3.61083700981" lon="59.39737520049">
    <tag k="local_x" v="-355.0005"/>
    <tag k="local_y" v="95.2214"/>
    <tag k="ele" v="1.5"/>
  </node>
  <node id="43307" lat="-3.61083941368" lon="59.39734174059">
    <tag k="local_x" v="-358.7227"/>
    <tag k="local_y" v="94.9404"/>
    <tag k="ele" v="1.5"/>
  </node>
  <node id="43308" lat="-3.6108200543" lon="59.39737072551">
    <tag k="local_x" v="-355.5059"/>
    <tag k="local_y" v="97.0973"/>
    <tag k="ele" v="1.8078"/>
  </node>
  <node id="43309" lat="-3.61082742706" lon="59.3973379919">
    <tag k="local_x" v="-359.1451"/>
    <tag k="local_y" v="96.2663"/>
    <tag k="ele" v="1.8078"/>
  </node>
  <node id="43310" lat="-3.61080485751" lon="59.39736530718">
    <tag k="local_x" v="-356.1155"/>
    <tag k="local_y" v="98.778"/>
    <tag k="ele" v="1.8136"/>
  </node>
  <node id="43311" lat="-3.61081564365" lon="59.39733402673">
    <tag k="local_x" v="-359.5915"/>
    <tag k="local_y" v="97.5696"/>
    <tag k="ele" v="1.8136"/>
  </node>
  <node id="43312" lat="-3.6107906459" lon="59.3973605958">
    <tag k="local_x" v="-356.646"/>
    <tag k="local_y" v="100.3499"/>
    <tag k="ele" v="1.8085"/>
  </node>
  <node id="43313" lat="-3.61080144478" lon="59.39733001987">
    <tag k="local_x" v="-360.0436"/>
    <tag k="local_y" v="99.1404"/>
    <tag k="ele" v="1.8085"/>
  </node>
  <node id="43314" lat="-3.61077554026" lon="59.39735675428">
    <tag k="local_x" v="-357.0801"/>
    <tag k="local_y" v="102.0212"/>
    <tag k="ele" v="1.7943"/>
  </node>
  <node id="43315" lat="-3.61078168376" lon="59.39732618414">
    <tag k="local_x" v="-360.4791"/>
    <tag k="local_y" v="101.3273"/>
    <tag k="ele" v="1.7943"/>
  </node>
  <node id="43322" lat="-3.61076239384" lon="59.39732365142">
    <tag k="local_x" v="-360.7694"/>
    <tag k="local_y" v="103.4626"/>
    <tag k="ele" v="1.7733"/>
  </node>
  <node id="43324" lat="-3.61074265834" lon="59.3973212337">
    <tag k="local_x" v="-361.0471"/>
    <tag k="local_y" v="105.6473"/>
    <tag k="ele" v="1.7733"/>
  </node>
  <node id="43325" lat="-3.61075803851" lon="59.39735296355">
    <tag k="local_x" v="-357.5096"/>
    <tag k="local_y" v="103.9579"/>
    <tag k="ele" v="1.7733"/>
  </node>
  <node id="43326" lat="-3.61073835545" lon="59.39734875187">
    <tag k="local_x" v="-357.9869"/>
    <tag k="local_y" v="106.136"/>
    <tag k="ele" v="1.7733"/>
  </node>
  <node id="43333" lat="-3.61105054718" lon="59.39611250072">
    <tag k="local_x" v="-495.4139"/>
    <tag k="local_y" v="71.0142"/>
    <tag k="ele" v="1.3836"/>
  </node>
  <node id="43334" lat="-3.61104760446" lon="59.3961203937">
    <tag k="local_x" v="-494.5369"/>
    <tag k="local_y" v="71.3436"/>
    <tag k="ele" v="1.4177"/>
  </node>
  <node id="43335" lat="-3.61102434357" lon="59.39610630899">
    <tag k="local_x" v="-496.1144"/>
    <tag k="local_y" v="73.9136"/>
    <tag k="ele" v="1.387"/>
  </node>
  <node id="43336" lat="-3.61102205796" lon="59.39612072013">
    <tag k="local_x" v="-494.5118"/>
    <tag k="local_y" v="74.1731"/>
    <tag k="ele" v="1.4229"/>
  </node>
  <node id="43337" lat="-3.61108991853" lon="59.39608351048">
    <tag k="local_x" v="-498.6225"/>
    <tag k="local_y" v="66.6409"/>
    <tag k="ele" v="1.4303"/>
  </node>
  <node id="43338" lat="-3.61108363224" lon="59.39610768891">
    <tag k="local_x" v="-495.9348"/>
    <tag k="local_y" v="67.3478"/>
    <tag k="ele" v="1.4303"/>
  </node>
  <node id="43470" lat="-3.61281969506" lon="59.39538523776">
    <tag k="local_x" v="-575.5627"/>
    <tag k="local_y" v="-125.2458"/>
    <tag k="ele" v="1.2835"/>
  </node>
  <node id="43471" lat="-3.61284604282" lon="59.39538614737">
    <tag k="local_x" v="-575.4499"/>
    <tag k="local_y" v="-128.1635"/>
    <tag k="ele" v="1.2761"/>
  </node>
  <node id="43473" lat="-3.61281741837" lon="59.39541296813">
    <tag k="local_x" v="-572.478"/>
    <tag k="local_y" v="-124.9814"/>
    <tag k="ele" v="1.2835"/>
  </node>
  <node id="43474" lat="-3.61284938745" lon="59.39541518826">
    <tag k="local_x" v="-572.2169"/>
    <tag k="local_y" v="-128.5211"/>
    <tag k="ele" v="1.2761"/>
  </node>
  <node id="43815" lat="-3.61072659142" lon="59.39881902316">
    <tag k="local_x" v="-194.3875"/>
    <tag k="local_y" v="108.0875"/>
    <tag k="ele" v="1.7418"/>
  </node>
  <node id="43817" lat="-3.6107277186" lon="59.39878419508">
    <tag k="local_x" v="-198.2625"/>
    <tag k="local_y" v="107.9473"/>
    <tag k="ele" v="1.7418"/>
  </node>
  <node id="43828" lat="-3.61088949255" lon="59.3987903823">
    <tag k="local_x" v="-197.503"/>
    <tag k="local_y" v="90.0331"/>
    <tag k="ele" v="1.7448"/>
  </node>
  <node id="43830" lat="-3.61089171607" lon="59.39875900708">
    <tag k="local_x" v="-200.9933"/>
    <tag k="local_y" v="89.773"/>
    <tag k="ele" v="1.7448"/>
  </node>
  <node id="43834" lat="-3.6106977147" lon="59.39875105261">
    <tag k="local_x" v="-201.9636"/>
    <tag k="local_y" v="111.2557"/>
    <tag k="ele" v="1.8144"/>
  </node>
  <node id="43835" lat="-3.61069589527" lon="59.39877937612">
    <tag k="local_x" v="-198.8127"/>
    <tag k="local_y" v="111.4697"/>
    <tag k="ele" v="1.7923"/>
  </node>
  <node id="43846" lat="-3.61070474412" lon="59.39731779852">
    <tag k="local_x" v="-361.446"/>
    <tag k="local_y" v="109.8449"/>
    <tag k="ele" v="0.1255"/>
  </node>
  <node id="43847" lat="-3.61070290897" lon="59.39734352579">
    <tag k="local_x" v="-358.584"/>
    <tag k="local_y" v="110.0595"/>
    <tag k="ele" v="0.1255"/>
  </node>
  <node id="43855" lat="-3.61016646906" lon="59.40044654434">
    <tag k="local_x" v="-13.531"/>
    <tag k="local_y" v="170.8402"/>
    <tag k="ele" v="2.0814"/>
  </node>
  <node id="43873" lat="-3.61128741955" lon="59.39887438953">
    <tag k="local_x" v="-187.9804"/>
    <tag k="local_y" v="45.9986"/>
    <tag k="ele" v="1.8837"/>
  </node>
  <node id="43874" lat="-3.61129373544" lon="59.39884877843">
    <tag k="local_x" v="-190.8275"/>
    <tag k="local_y" v="45.2878"/>
    <tag k="ele" v="1.8837"/>
  </node>
  <node id="43885" lat="-3.61149316779" lon="59.39889004234">
    <tag k="local_x" v="-186.1483"/>
    <tag k="local_y" v="23.2183"/>
    <tag k="ele" v="1.8737"/>
  </node>
  <node id="43886" lat="-3.61148601406" lon="59.39886489059">
    <tag k="local_x" v="-188.9502"/>
    <tag k="local_y" v="23.9995"/>
    <tag k="ele" v="1.8737"/>
  </node>
  <node id="43895" lat="-3.61076372425" lon="59.39742007918">
    <tag k="local_x" v="-350.0388"/>
    <tag k="local_y" v="103.3578"/>
    <tag k="ele" v="1.8108"/>
  </node>
  <node id="43896" lat="-3.61077512905" lon="59.39741830243">
    <tag k="local_x" v="-350.2315"/>
    <tag k="local_y" v="102.0939"/>
    <tag k="ele" v="1.8107"/>
  </node>
  <node id="43897" lat="-3.61078981998" lon="59.39741572907">
    <tag k="local_x" v="-350.5114"/>
    <tag k="local_y" v="100.4657"/>
    <tag k="ele" v="1.8107"/>
  </node>
  <node id="43898" lat="-3.61080190502" lon="59.3974120013">
    <tag k="local_x" v="-350.9209"/>
    <tag k="local_y" v="99.1256"/>
    <tag k="ele" v="1.8107"/>
  </node>
  <node id="43899" lat="-3.61081061694" lon="59.39740921698">
    <tag k="local_x" v="-351.2269"/>
    <tag k="local_y" v="98.1595"/>
    <tag k="ele" v="1.8107"/>
  </node>
  <node id="43900" lat="-3.61082040263" lon="59.3974073927">
    <tag k="local_x" v="-351.4256"/>
    <tag k="local_y" v="97.0749"/>
    <tag k="ele" v="1.8107"/>
  </node>
  <node id="43901" lat="-3.61082847063" lon="59.39740706519">
    <tag k="local_x" v="-351.4585"/>
    <tag k="local_y" v="96.1812"/>
    <tag k="ele" v="1.8107"/>
  </node>
  <node id="43903" lat="-3.6107652754" lon="59.39739309579">
    <tag k="local_x" v="-353.0407"/>
    <tag k="local_y" v="103.1741"/>
    <tag k="ele" v="1.8108"/>
  </node>
  <node id="43904" lat="-3.61077523065" lon="59.39739009178">
    <tag k="local_x" v="-353.3706"/>
    <tag k="local_y" v="102.0702"/>
    <tag k="ele" v="1.8107"/>
  </node>
  <node id="43905" lat="-3.61078648715" lon="59.39738485932">
    <tag k="local_x" v="-353.9479"/>
    <tag k="local_y" v="100.8212"/>
    <tag k="ele" v="1.8107"/>
  </node>
  <node id="43906" lat="-3.6107964817" lon="59.39737993468">
    <tag k="local_x" v="-354.4915"/>
    <tag k="local_y" v="99.7121"/>
    <tag k="ele" v="1.8107"/>
  </node>
  <node id="43907" lat="-3.61080660462" lon="59.39737731554">
    <tag k="local_x" v="-354.7785"/>
    <tag k="local_y" v="98.5898"/>
    <tag k="ele" v="1.8107"/>
  </node>
  <node id="43908" lat="-3.61081793397" lon="59.39737586351">
    <tag k="local_x" v="-354.9351"/>
    <tag k="local_y" v="97.3344"/>
    <tag k="ele" v="1.8107"/>
  </node>
  <node id="43909" lat="-3.61082835652" lon="59.39737570375">
    <tag k="local_x" v="-354.9483"/>
    <tag k="local_y" v="96.18"/>
    <tag k="ele" v="1.8107"/>
  </node>
  <node id="43921" lat="-3.61086144704" lon="59.39741236213">
    <tag k="local_x" v="-350.8546"/>
    <tag k="local_y" v="92.5313"/>
    <tag k="ele" v="1.8108"/>
  </node>
  <node id="43922" lat="-3.61086788137" lon="59.39741739806">
    <tag k="local_x" v="-350.2914"/>
    <tag k="local_y" v="91.8209"/>
    <tag k="ele" v="1.8108"/>
  </node>
  <node id="43924" lat="-3.61087253861" lon="59.39742420421">
    <tag k="local_x" v="-349.532"/>
    <tag k="local_y" v="91.3081"/>
    <tag k="ele" v="1.8108"/>
  </node>
  <node id="43925" lat="-3.61087602252" lon="59.39743293725">
    <tag k="local_x" v="-348.5587"/>
    <tag k="local_y" v="90.9261"/>
    <tag k="ele" v="1.8108"/>
  </node>
  <node id="43926" lat="-3.61087733442" lon="59.39744879545">
    <tag k="local_x" v="-346.7935"/>
    <tag k="local_y" v="90.7878"/>
    <tag k="ele" v="1.8108"/>
  </node>
  <node id="43927" lat="-3.61086947884" lon="59.39737983261">
    <tag k="local_x" v="-354.4708"/>
    <tag k="local_y" v="91.6274"/>
    <tag k="ele" v="1.8108"/>
  </node>
  <node id="43928" lat="-3.61088155276" lon="59.39738464498">
    <tag k="local_x" v="-353.93"/>
    <tag k="local_y" v="90.2923"/>
    <tag k="ele" v="1.8108"/>
  </node>
  <node id="43929" lat="-3.61089132417" lon="59.39739147498">
    <tag k="local_x" v="-353.1657"/>
    <tag k="local_y" v="89.2131"/>
    <tag k="ele" v="1.8108"/>
  </node>
  <node id="43930" lat="-3.61090108274" lon="59.3974041446">
    <tag k="local_x" v="-351.7516"/>
    <tag k="local_y" v="88.1379"/>
    <tag k="ele" v="1.8108"/>
  </node>
  <node id="43931" lat="-3.61090611944" lon="59.39742279736">
    <tag k="local_x" v="-349.6738"/>
    <tag k="local_y" v="87.5883"/>
    <tag k="ele" v="1.8108"/>
  </node>
  <node id="43932" lat="-3.61090687125" lon="59.39744583547">
    <tag k="local_x" v="-347.1099"/>
    <tag k="local_y" v="87.5152"/>
    <tag k="ele" v="1.8108"/>
  </node>
  <node id="44176" lat="-3.61243548407" lon="59.3953283456">
    <tag k="local_x" v="-582.0623"/>
    <tag k="local_y" v="-82.7183"/>
    <tag k="ele" v="1.1497"/>
  </node>
  <node id="44177" lat="-3.61240674135" lon="59.39532596623">
    <tag k="local_x" v="-582.3397"/>
    <tag k="local_y" v="-79.536"/>
    <tag k="ele" v="0.9774"/>
  </node>
  <node id="44179" lat="-3.61243810301" lon="59.39529700123">
    <tag k="local_x" v="-585.549"/>
    <tag k="local_y" v="-83.0222"/>
    <tag k="ele" v="1.1497"/>
  </node>
  <node id="44180" lat="-3.61240936119" lon="59.39529462186">
    <tag k="local_x" v="-585.8264"/>
    <tag k="local_y" v="-79.84"/>
    <tag k="ele" v="0.9774"/>
  </node>
  <node id="44221" lat="-3.61245274822" lon="59.39529724173">
    <tag k="local_x" v="-585.5158"/>
    <tag k="local_y" v="-84.6441"/>
    <tag k="ele" v="1.246"/>
  </node>
  <node id="44231" lat="-3.6124730457" lon="59.39532647534">
    <tag k="local_x" v="-582.2539"/>
    <tag k="local_y" v="-86.8792"/>
    <tag k="ele" v="1.246"/>
  </node>
  <node id="44233" lat="-3.61245432718" lon="59.39532865489">
    <tag k="local_x" v="-582.0196"/>
    <tag k="local_y" v="-84.8051"/>
    <tag k="ele" v="1.246"/>
  </node>
  <node id="44262" lat="-3.61114104444" lon="59.39520027554">
    <tag k="local_x" v="-596.8823"/>
    <tag k="local_y" v="60.5886"/>
    <tag k="ele" v="1.3357"/>
  </node>
  <node id="44263" lat="-3.61113883726" lon="59.39522552165">
    <tag k="local_x" v="-594.074"/>
    <tag k="local_y" v="60.8442"/>
    <tag k="ele" v="1.3357"/>
  </node>
  <node id="44279" lat="-3.61109748668" lon="59.3951965033">
    <tag k="local_x" v="-597.3212"/>
    <tag k="local_y" v="65.4111"/>
    <tag k="ele" v="1.3329"/>
  </node>
  <node id="44280" lat="-3.6110952804" lon="59.3952217494">
    <tag k="local_x" v="-594.5129"/>
    <tag k="local_y" v="65.6666"/>
    <tag k="ele" v="1.3329"/>
  </node>
  <node id="44286" lat="-3.61108544451" lon="59.39522637596">
    <tag k="local_x" v="-594.0024"/>
    <tag k="local_y" v="66.758"/>
    <tag k="ele" v="1.3148"/>
  </node>
  <node id="44287" lat="-3.61107762995" lon="59.39523364922">
    <tag k="local_x" v="-593.1965"/>
    <tag k="local_y" v="67.6267"/>
    <tag k="ele" v="1.3163"/>
  </node>
  <node id="44289" lat="-3.61107217008" lon="59.39524316524">
    <tag k="local_x" v="-592.14"/>
    <tag k="local_y" v="68.2356"/>
    <tag k="ele" v="1.3172"/>
  </node>
  <node id="44290" lat="-3.61106781178" lon="59.39525540348">
    <tag k="local_x" v="-590.7801"/>
    <tag k="local_y" v="68.7237"/>
    <tag k="ele" v="1.2273"/>
  </node>
  <node id="44291" lat="-3.61106497314" lon="59.39526969638">
    <tag k="local_x" v="-589.1909"/>
    <tag k="local_y" v="69.0444"/>
    <tag k="ele" v="1.2676"/>
  </node>
  <node id="44292" lat="-3.61106479152" lon="59.39528325266">
    <tag k="local_x" v="-587.6825"/>
    <tag k="local_y" v="69.0705"/>
    <tag k="ele" v="1.3197"/>
  </node>
  <node id="44293" lat="-3.61106598443" lon="59.39529733641">
    <tag k="local_x" v="-586.1148"/>
    <tag k="local_y" v="68.9446"/>
    <tag k="ele" v="1.3124"/>
  </node>
  <node id="44294" lat="-3.61106599761" lon="59.39531377845">
    <tag k="local_x" v="-584.2852"/>
    <tag k="local_y" v="68.9504"/>
    <tag k="ele" v="1.2863"/>
  </node>
  <node id="44296" lat="-3.61107690782" lon="59.39519746078">
    <tag k="local_x" v="-597.2237"/>
    <tag k="local_y" v="67.6907"/>
    <tag k="ele" v="1.3701"/>
  </node>
  <node id="44298" lat="-3.61106055293" lon="59.39520910565">
    <tag k="local_x" v="-595.9351"/>
    <tag k="local_y" v="69.5072"/>
    <tag k="ele" v="1.3839"/>
  </node>
  <node id="44299" lat="-3.61104705729" lon="59.39522748195">
    <tag k="local_x" v="-593.8962"/>
    <tag k="local_y" v="71.01"/>
    <tag k="ele" v="1.3532"/>
  </node>
  <node id="44300" lat="-3.61103871712" lon="59.39525148695">
    <tag k="local_x" v="-591.2287"/>
    <tag k="local_y" v="71.9443"/>
    <tag k="ele" v="1.3436"/>
  </node>
  <node id="44301" lat="-3.6110353746" lon="59.39527527719">
    <tag k="local_x" v="-588.5829"/>
    <tag k="local_y" v="72.325"/>
    <tag k="ele" v="1.3276"/>
  </node>
  <node id="44302" lat="-3.61103607772" lon="59.39529854551">
    <tag k="local_x" v="-585.9934"/>
    <tag k="local_y" v="72.2574"/>
    <tag k="ele" v="1.3181"/>
  </node>
  <node id="44303" lat="-3.61103936619" lon="59.39531396541">
    <tag k="local_x" v="-584.2761"/>
    <tag k="local_y" v="71.9"/>
    <tag k="ele" v="1.313"/>
  </node>
  <node id="44315" lat="-3.61087560227" lon="59.39747431292">
    <tag k="local_x" v="-343.9548"/>
    <tag k="local_y" v="90.9909"/>
    <tag k="ele" v="1.7551"/>
  </node>
  <node id="44316" lat="-3.6109048927" lon="59.39747681516">
    <tag k="local_x" v="-343.6635"/>
    <tag k="local_y" v="87.748"/>
    <tag k="ele" v="1.7608"/>
  </node>
  <node id="44322" lat="-3.61081608847" lon="59.39733417685">
    <tag k="local_x" v="-359.5746"/>
    <tag k="local_y" v="97.5204"/>
    <tag k="ele" v="1.8107"/>
  </node>
  <node id="44323" lat="-3.61080510797" lon="59.39736539605">
    <tag k="local_x" v="-356.1055"/>
    <tag k="local_y" v="98.7503"/>
    <tag k="ele" v="1.8107"/>
  </node>
  <node id="44334" lat="-3.61085315848" lon="59.39740900056">
    <tag k="local_x" v="-351.2323"/>
    <tag k="local_y" v="93.4478"/>
    <tag k="ele" v="1.811"/>
  </node>
  <node id="44335" lat="-3.610855975" lon="59.39737735974">
    <tag k="local_x" v="-354.7519"/>
    <tag k="local_y" v="93.1219"/>
    <tag k="ele" v="1.811"/>
  </node>
  <node id="44341" lat="-3.61083790928" lon="59.39740765252">
    <tag k="local_x" v="-351.389"/>
    <tag k="local_y" v="95.1361"/>
    <tag k="ele" v="1.8112"/>
  </node>
  <node id="44342" lat="-3.61084060501" lon="59.39737606071">
    <tag k="local_x" v="-354.9032"/>
    <tag k="local_y" v="94.8236"/>
    <tag k="ele" v="1.8112"/>
  </node>
  <node id="44369" lat="-3.6109486174" lon="59.3973345893">
    <tag k="local_x" v="-359.4705"/>
    <tag k="local_y" v="82.8426"/>
    <tag k="ele" v="1.7517"/>
  </node>
  <node id="44370" lat="-3.610918628" lon="59.39733115162">
    <tag k="local_x" v="-359.8662"/>
    <tag k="local_y" v="86.1625"/>
    <tag k="ele" v="1.7315"/>
  </node>
  <node id="44441" lat="-3.61027959021" lon="59.39731169924">
    <tag k="local_x" v="-362.3114"/>
    <tag k="local_y" v="156.9293"/>
    <tag k="ele" v="1.7151"/>
  </node>
  <node id="44442" lat="-3.6102644192" lon="59.39733587319">
    <tag k="local_x" v="-359.6281"/>
    <tag k="local_y" v="158.6202"/>
    <tag k="ele" v="1.7151"/>
  </node>
  <node id="44448" lat="-3.61040116083" lon="59.39739310924">
    <tag k="local_x" v="-353.1991"/>
    <tag k="local_y" v="143.5009"/>
    <tag k="ele" v="0.0506"/>
  </node>
  <node id="44449" lat="-3.61040333901" lon="59.39736282796">
    <tag k="local_x" v="-356.5677"/>
    <tag k="local_y" v="143.2463"/>
    <tag k="ele" v="0.0506"/>
  </node>
  <node id="44456" lat="-3.61034331738" lon="59.39738078395">
    <tag k="local_x" v="-354.596"/>
    <tag k="local_y" v="149.9018"/>
    <tag k="ele" v="1.7203"/>
  </node>
  <node id="44458" lat="-3.6103552733" lon="59.39738589245">
    <tag k="local_x" v="-354.0223"/>
    <tag k="local_y" v="148.5799"/>
    <tag k="ele" v="1.7203"/>
  </node>
  <node id="44459" lat="-3.61036886199" lon="59.39738994756">
    <tag k="local_x" v="-353.5651"/>
    <tag k="local_y" v="147.0767"/>
    <tag k="ele" v="1.7203"/>
  </node>
  <node id="44463" lat="-3.61035262792" lon="59.39735261066">
    <tag k="local_x" v="-357.7269"/>
    <tag k="local_y" v="148.8582"/>
    <tag k="ele" v="1.7203"/>
  </node>
  <node id="44465" lat="-3.61036838373" lon="59.39735851298">
    <tag k="local_x" v="-357.0632"/>
    <tag k="local_y" v="147.1158"/>
    <tag k="ele" v="1.7203"/>
  </node>
  <node id="44470" lat="-3.61032388366" lon="59.3973702572">
    <tag k="local_x" v="-355.7759"/>
    <tag k="local_y" v="152.0495"/>
    <tag k="ele" v="1.7177"/>
  </node>
  <node id="44471" lat="-3.61033822523" lon="59.39734571537">
    <tag k="local_x" v="-358.5005"/>
    <tag k="local_y" v="150.4503"/>
    <tag k="ele" v="1.7177"/>
  </node>
  <node id="44477" lat="-3.6103478355" lon="59.39743608032">
    <tag k="local_x" v="-348.4409"/>
    <tag k="local_y" v="149.4258"/>
    <tag k="ele" v="1.8196"/>
  </node>
  <node id="44478" lat="-3.61031607412" lon="59.39743365522">
    <tag k="local_x" v="-348.7247"/>
    <tag k="local_y" v="152.9424"/>
    <tag k="ele" v="1.8196"/>
  </node>
  <node id="44484" lat="-3.61034607191" lon="59.39744804053">
    <tag k="local_x" v="-347.1108"/>
    <tag k="local_y" v="149.6264"/>
    <tag k="ele" v="1.8179"/>
  </node>
  <node id="44485" lat="-3.61031502352" lon="59.39744576629">
    <tag k="local_x" v="-347.3775"/>
    <tag k="local_y" v="153.0641"/>
    <tag k="ele" v="1.8179"/>
  </node>
  <node id="44491" lat="-3.6103498733" lon="59.39742608803">
    <tag k="local_x" v="-349.5519"/>
    <tag k="local_y" v="149.1957"/>
    <tag k="ele" v="1.8212"/>
  </node>
  <node id="44492" lat="-3.61035450571" lon="59.39741487678">
    <tag k="local_x" v="-350.7974"/>
    <tag k="local_y" v="148.6777"/>
    <tag k="ele" v="1.8212"/>
  </node>
  <node id="44493" lat="-3.6103629878" lon="59.3974044888">
    <tag k="local_x" v="-351.9496"/>
    <tag k="local_y" v="147.7337"/>
    <tag k="ele" v="1.8212"/>
  </node>
  <node id="44496" lat="-3.61037203187" lon="59.39739714241">
    <tag k="local_x" v="-352.7631"/>
    <tag k="local_y" v="146.7288"/>
    <tag k="ele" v="1.8212"/>
  </node>
  <node id="44499" lat="-3.61031823552" lon="59.39741661415">
    <tag k="local_x" v="-350.62"/>
    <tag k="local_y" v="152.6955"/>
    <tag k="ele" v="1.8212"/>
  </node>
  <node id="44500" lat="-3.61032186159" lon="59.39740278275">
    <tag k="local_x" v="-352.1575"/>
    <tag k="local_y" v="152.2878"/>
    <tag k="ele" v="1.8212"/>
  </node>
  <node id="44501" lat="-3.61032878378" lon="59.39739021086">
    <tag k="local_x" v="-353.5534"/>
    <tag k="local_y" v="151.5156"/>
    <tag k="ele" v="1.8212"/>
  </node>
  <node id="44502" lat="-3.61033619668" lon="59.39738137372">
    <tag k="local_x" v="-354.5335"/>
    <tag k="local_y" v="150.6907"/>
    <tag k="ele" v="1.8212"/>
  </node>
  <node id="44503" lat="-3.61034502101" lon="59.39737394372">
    <tag k="local_x" v="-355.3564"/>
    <tag k="local_y" v="149.7101"/>
    <tag k="ele" v="1.8212"/>
  </node>
  <node id="44504" lat="-3.6103549922" lon="59.39736814028">
    <tag k="local_x" v="-355.9978"/>
    <tag k="local_y" v="148.6032"/>
    <tag k="ele" v="1.8212"/>
  </node>
  <node id="44505" lat="-3.61036581117" lon="59.39736413534">
    <tag k="local_x" v="-356.4387"/>
    <tag k="local_y" v="147.4032"/>
    <tag k="ele" v="1.8212"/>
  </node>
  <node id="44506" lat="-3.61037584846" lon="59.39736223368">
    <tag k="local_x" v="-356.6459"/>
    <tag k="local_y" v="146.2907"/>
    <tag k="ele" v="1.8212"/>
  </node>
  <node id="44531" lat="-3.61033116466" lon="59.39756268553">
    <tag k="local_x" v="-334.3602"/>
    <tag k="local_y" v="151.328"/>
    <tag k="ele" v="1.8393"/>
  </node>
  <node id="44532" lat="-3.61032225856" lon="59.39754029429">
    <tag k="local_x" v="-336.8557"/>
    <tag k="local_y" v="152.3045"/>
    <tag k="ele" v="1.827"/>
  </node>
  <node id="44534" lat="-3.610360548" lon="59.3975511088">
    <tag k="local_x" v="-335.6355"/>
    <tag k="local_y" v="148.0686"/>
    <tag k="ele" v="1.8393"/>
  </node>
  <node id="44535" lat="-3.61035164189" lon="59.39752871667">
    <tag k="local_x" v="-338.1311"/>
    <tag k="local_y" v="149.0451"/>
    <tag k="ele" v="1.827"/>
  </node>
  <node id="44538" lat="-3.61037062163" lon="59.39758915571">
    <tag k="local_x" v="-331.3974"/>
    <tag k="local_y" v="146.9697"/>
    <tag k="ele" v="1.8909"/>
  </node>
  <node id="44539" lat="-3.61036890631" lon="59.3975749284">
    <tag k="local_x" v="-332.9813"/>
    <tag k="local_y" v="147.1534"/>
    <tag k="ele" v="1.8909"/>
  </node>
  <node id="44540" lat="-3.61036513417" lon="59.39756092848">
    <tag k="local_x" v="-334.5408"/>
    <tag k="local_y" v="147.565"/>
    <tag k="ele" v="1.8909"/>
  </node>
  <node id="44541" lat="-3.61034239229" lon="59.3975905522">
    <tag k="local_x" v="-331.2544"/>
    <tag k="local_y" v="150.0968"/>
    <tag k="ele" v="1.8909"/>
  </node>
  <node id="44542" lat="-3.61033975944" lon="59.39758171965">
    <tag k="local_x" v="-332.2384"/>
    <tag k="local_y" v="150.3845"/>
    <tag k="ele" v="1.8909"/>
  </node>
  <node id="44543" lat="-3.61033548274" lon="59.39757139101">
    <tag k="local_x" v="-333.3896"/>
    <tag k="local_y" v="150.8536"/>
    <tag k="ele" v="1.8909"/>
  </node>
  <node id="44548" lat="-3.61034687955" lon="59.39751411316">
    <tag k="local_x" v="-339.7582"/>
    <tag k="local_y" v="149.5661"/>
    <tag k="ele" v="1.827"/>
  </node>
  <node id="44550" lat="-3.61034404746" lon="59.39749901045">
    <tag k="local_x" v="-341.44"/>
    <tag k="local_y" v="149.8731"/>
    <tag k="ele" v="1.827"/>
  </node>
  <node id="44552" lat="-3.61034324207" lon="59.39748314397">
    <tag k="local_x" v="-343.2059"/>
    <tag k="local_y" v="149.9553"/>
    <tag k="ele" v="1.827"/>
  </node>
  <node id="44554" lat="-3.61031631019" lon="59.39752170894">
    <tag k="local_x" v="-338.9264"/>
    <tag k="local_y" v="152.9551"/>
    <tag k="ele" v="1.827"/>
  </node>
  <node id="44556" lat="-3.61031292454" lon="59.39750250508">
    <tag k="local_x" v="-341.0648"/>
    <tag k="local_y" v="153.3216"/>
    <tag k="ele" v="1.827"/>
  </node>
  <node id="44558" lat="-3.61031211226" lon="59.39748354989">
    <tag k="local_x" v="-343.1744"/>
    <tag k="local_y" v="153.4032"/>
    <tag k="ele" v="1.827"/>
  </node>
  <node id="44562" lat="-3.6102746394" lon="59.39740890213">
    <tag k="local_x" v="-351.4973"/>
    <tag k="local_y" v="157.5205"/>
    <tag k="ele" v="1.8089"/>
  </node>
  <node id="44565" lat="-3.61030615905" lon="59.39741116103">
    <tag k="local_x" v="-351.2321"/>
    <tag k="local_y" v="154.0306"/>
    <tag k="ele" v="1.8089"/>
  </node>
  <node id="44569" lat="-3.61029345284" lon="59.39752800807">
    <tag k="local_x" v="-338.2355"/>
    <tag k="local_y" v="155.4894"/>
    <tag k="ele" v="1.8157"/>
  </node>
  <node id="44570" lat="-3.61028339771" lon="59.39750344658">
    <tag k="local_x" v="-340.973"/>
    <tag k="local_y" v="156.5922"/>
    <tag k="ele" v="1.7815"/>
  </node>
  <node id="44572" lat="-3.61032271854" lon="59.39751613974">
    <tag k="local_x" v="-339.5433"/>
    <tag k="local_y" v="152.2429"/>
    <tag k="ele" v="1.8157"/>
  </node>
  <node id="44573" lat="-3.61031266341" lon="59.39749157825">
    <tag k="local_x" v="-342.2808"/>
    <tag k="local_y" v="153.3457"/>
    <tag k="ele" v="1.7815"/>
  </node>
  <node id="44576" lat="-3.61033290516" lon="59.39758482106">
    <tag k="local_x" v="-331.8963"/>
    <tag k="local_y" v="151.145"/>
    <tag k="ele" v="1.8904"/>
  </node>
  <node id="44578" lat="-3.61033312768" lon="59.39756769597">
    <tag k="local_x" v="-333.8018"/>
    <tag k="local_y" v="151.1128"/>
    <tag k="ele" v="1.8904"/>
  </node>
  <node id="44580" lat="-3.61033156108" lon="59.39755022925">
    <tag k="local_x" v="-335.7461"/>
    <tag k="local_y" v="151.2786"/>
    <tag k="ele" v="1.8904"/>
  </node>
  <node id="44582" lat="-3.6103282047" lon="59.39753293496">
    <tag k="local_x" v="-337.672"/>
    <tag k="local_y" v="151.6427"/>
    <tag k="ele" v="1.8904"/>
  </node>
  <node id="44584" lat="-3.61030638901" lon="59.39758404319">
    <tag k="local_x" v="-331.9945"/>
    <tag k="local_y" v="154.0814"/>
    <tag k="ele" v="1.8904"/>
  </node>
  <node id="44586" lat="-3.61030548688" lon="59.39756995826">
    <tag k="local_x" v="-333.5622"/>
    <tag k="local_y" v="154.1751"/>
    <tag k="ele" v="1.8904"/>
  </node>
  <node id="44588" lat="-3.61030277314" lon="59.39755555246">
    <tag k="local_x" v="-335.1664"/>
    <tag k="local_y" v="154.4693"/>
    <tag k="ele" v="1.8904"/>
  </node>
  <node id="44590" lat="-3.61029862275" lon="59.39754157021">
    <tag k="local_x" v="-336.7241"/>
    <tag k="local_y" v="154.9228"/>
    <tag k="ele" v="1.8904"/>
  </node>
  <node id="44596" lat="-3.61030773351" lon="59.3974768406">
    <tag k="local_x" v="-343.9229"/>
    <tag k="local_y" v="153.8852"/>
    <tag k="ele" v="1.7815"/>
  </node>
  <node id="44598" lat="-3.61030478163" lon="59.39746158829">
    <tag k="local_x" v="-345.6214"/>
    <tag k="local_y" v="154.2054"/>
    <tag k="ele" v="1.7815"/>
  </node>
  <node id="44600" lat="-3.61030385193" lon="59.39744556773">
    <tag k="local_x" v="-347.4045"/>
    <tag k="local_y" v="154.3013"/>
    <tag k="ele" v="1.7815"/>
  </node>
  <node id="44602" lat="-3.61027716108" lon="59.39748480036">
    <tag k="local_x" v="-343.0506"/>
    <tag k="local_y" v="157.2747"/>
    <tag k="ele" v="1.7815"/>
  </node>
  <node id="44604" lat="-3.61027342562" lon="59.39746550263">
    <tag k="local_x" v="-345.1996"/>
    <tag k="local_y" v="157.6799"/>
    <tag k="ele" v="1.7815"/>
  </node>
  <node id="44606" lat="-3.61027226152" lon="59.39744639964">
    <tag k="local_x" v="-347.3258"/>
    <tag k="local_y" v="157.8004"/>
    <tag k="ele" v="1.7815"/>
  </node>
  <node id="44664" lat="-3.6103083055" lon="59.39738311397">
    <tag k="local_x" v="-354.3521"/>
    <tag k="local_y" v="153.7805"/>
    <tag k="ele" v="1.7501"/>
  </node>
  <node id="44665" lat="-3.61027679611" lon="59.39738070945">
    <tag k="local_x" v="-354.6335"/>
    <tag k="local_y" v="157.2692"/>
    <tag k="ele" v="1.7501"/>
  </node>
  <node id="44686" lat="-3.61031163015" lon="59.39744842717">
    <tag k="local_x" v="-347.0829"/>
    <tag k="local_y" v="153.4411"/>
    <tag k="ele" v="1.3099"/>
  </node>
  <node id="44687" lat="-3.6103090875" lon="59.39744070772">
    <tag k="local_x" v="-347.943"/>
    <tag k="local_y" v="153.7193"/>
    <tag k="ele" v="1.3099"/>
  </node>
  <node id="44688" lat="-3.61030739728" lon="59.3974334603">
    <tag k="local_x" v="-348.7502"/>
    <tag k="local_y" v="153.9033"/>
    <tag k="ele" v="1.3099"/>
  </node>
  <node id="44689" lat="-3.61030634494" lon="59.39742609354">
    <tag k="local_x" v="-349.5704"/>
    <tag k="local_y" v="154.0166"/>
    <tag k="ele" v="1.3099"/>
  </node>
  <node id="44690" lat="-3.61030591715" lon="59.39741798201">
    <tag k="local_x" v="-350.4732"/>
    <tag k="local_y" v="154.0604"/>
    <tag k="ele" v="1.3099"/>
  </node>
  <node id="44691" lat="-3.6102815831" lon="59.39745817052">
    <tag k="local_x" v="-346.0119"/>
    <tag k="local_y" v="156.7732"/>
    <tag k="ele" v="1.3099"/>
  </node>
  <node id="44692" lat="-3.61027864429" lon="59.39744914327">
    <tag k="local_x" v="-347.0177"/>
    <tag k="local_y" v="157.0947"/>
    <tag k="ele" v="1.3099"/>
  </node>
  <node id="44693" lat="-3.6102763331" lon="59.39743923463">
    <tag k="local_x" v="-348.1213"/>
    <tag k="local_y" v="157.3463"/>
    <tag k="ele" v="1.3099"/>
  </node>
  <node id="44694" lat="-3.61027489528" lon="59.39742916349">
    <tag k="local_x" v="-349.2426"/>
    <tag k="local_y" v="157.5011"/>
    <tag k="ele" v="1.3099"/>
  </node>
  <node id="44695" lat="-3.61027436274" lon="59.39741968909">
    <tag k="local_x" v="-350.2971"/>
    <tag k="local_y" v="157.5559"/>
    <tag k="ele" v="1.3099"/>
  </node>
  <node id="44738" lat="-3.61039916993" lon="59.39871433954">
    <tag k="local_x" v="-206.1799"/>
    <tag k="local_y" v="144.3042"/>
    <tag k="ele" v="1.9169"/>
  </node>
  <node id="44739" lat="-3.61039709105" lon="59.39873986739">
    <tag k="local_x" v="-203.3402"/>
    <tag k="local_y" v="144.5457"/>
    <tag k="ele" v="1.9169"/>
  </node>
  <node id="44846" lat="-3.61026879195" lon="59.39865643465">
    <tag k="local_x" v="-212.6805"/>
    <tag k="local_y" v="158.7184"/>
    <tag k="ele" v="1.085"/>
  </node>
  <node id="44847" lat="-3.61024470657" lon="59.3986647687">
    <tag k="local_x" v="-211.7637"/>
    <tag k="local_y" v="161.3896"/>
    <tag k="ele" v="1.085"/>
  </node>
  <node id="44855" lat="-3.6113102607" lon="59.39660568229">
    <tag k="local_x" v="-440.4209"/>
    <tag k="local_y" v="42.4678"/>
    <tag k="ele" v="1.634"/>
  </node>
  <node id="44856" lat="-3.6113211114" lon="59.39661077716">
    <tag k="local_x" v="-439.8492"/>
    <tag k="local_y" v="41.2683"/>
    <tag k="ele" v="1.6324"/>
  </node>
  <node id="44858" lat="-3.61132940736" lon="59.39661735415">
    <tag k="local_x" v="-439.1137"/>
    <tag k="local_y" v="40.3524"/>
    <tag k="ele" v="1.6313"/>
  </node>
  <node id="44860" lat="-3.61133203704" lon="59.39662198811">
    <tag k="local_x" v="-438.5969"/>
    <tag k="local_y" v="40.0632"/>
    <tag k="ele" v="1.6313"/>
  </node>
  <node id="44862" lat="-3.61132893243" lon="59.39662641734">
    <tag k="local_x" v="-438.1054"/>
    <tag k="local_y" v="40.409"/>
    <tag k="ele" v="1.6262"/>
  </node>
  <node id="44864" lat="-3.61132281169" lon="59.39662734198">
    <tag k="local_x" v="-438.0052"/>
    <tag k="local_y" v="41.0873"/>
    <tag k="ele" v="1.6919"/>
  </node>
  <node id="44865" lat="-3.6113136389" lon="59.39658018618">
    <tag k="local_x" v="-443.2565"/>
    <tag k="local_y" v="42.0824"/>
    <tag k="ele" v="1.634"/>
  </node>
  <node id="44866" lat="-3.61132657094" lon="59.39658304862">
    <tag k="local_x" v="-442.9323"/>
    <tag k="local_y" v="40.6514"/>
    <tag k="ele" v="1.6324"/>
  </node>
  <node id="44867" lat="-3.61133872058" lon="59.3965866978">
    <tag k="local_x" v="-442.5209"/>
    <tag k="local_y" v="39.3074"/>
    <tag k="ele" v="1.6313"/>
  </node>
  <node id="44868" lat="-3.61134881771" lon="59.39659211108">
    <tag k="local_x" v="-441.9141"/>
    <tag k="local_y" v="38.1915"/>
    <tag k="ele" v="1.6313"/>
  </node>
  <node id="44870" lat="-3.61135648123" lon="59.39659745399">
    <tag k="local_x" v="-441.3162"/>
    <tag k="local_y" v="37.3451"/>
    <tag k="ele" v="1.6313"/>
  </node>
  <node id="44872" lat="-3.61136403284" lon="59.39660507727">
    <tag k="local_x" v="-440.4646"/>
    <tag k="local_y" v="36.5121"/>
    <tag k="ele" v="1.6313"/>
  </node>
  <node id="44874" lat="-3.61136939715" lon="59.39661553012">
    <tag k="local_x" v="-439.2991"/>
    <tag k="local_y" v="35.9226"/>
    <tag k="ele" v="1.6313"/>
  </node>
  <node id="44876" lat="-3.61137066189" lon="59.39662883807">
    <tag k="local_x" v="-437.8177"/>
    <tag k="local_y" v="35.7884"/>
    <tag k="ele" v="1.6262"/>
  </node>
  <node id="44878" lat="-3.61136750182" lon="59.39664268562">
    <tag k="local_x" v="-436.2782"/>
    <tag k="local_y" v="36.1445"/>
    <tag k="ele" v="1.6262"/>
  </node>
  <node id="44880" lat="-3.61135856355" lon="59.3966557319">
    <tag k="local_x" v="-434.8304"/>
    <tag k="local_y" v="37.1402"/>
    <tag k="ele" v="1.6262"/>
  </node>
  <node id="44882" lat="-3.61134312125" lon="59.39666188676">
    <tag k="local_x" v="-434.1523"/>
    <tag k="local_y" v="38.8532"/>
    <tag k="ele" v="1.6262"/>
  </node>
  <node id="44883" lat="-3.61132791664" lon="59.39666379446">
    <tag k="local_x" v="-433.9467"/>
    <tag k="local_y" v="40.538"/>
    <tag k="ele" v="1.6919"/>
  </node>
  <node id="44884" lat="-3.61131421239" lon="59.39662553095">
    <tag k="local_x" v="-438.2105"/>
    <tag k="local_y" v="42.0389"/>
    <tag k="ele" v="1.7026"/>
  </node>
  <node id="44885" lat="-3.61130400591" lon="59.39662281322">
    <tag k="local_x" v="-438.5174"/>
    <tag k="local_y" v="43.1681"/>
    <tag k="ele" v="1.7079"/>
  </node>
  <node id="44886" lat="-3.6112928104" lon="59.3966195566">
    <tag k="local_x" v="-438.8847"/>
    <tag k="local_y" v="44.4066"/>
    <tag k="ele" v="1.7106"/>
  </node>
  <node id="44887" lat="-3.61128095907" lon="59.39661644815">
    <tag k="local_x" v="-439.2358"/>
    <tag k="local_y" v="45.7178"/>
    <tag k="ele" v="1.7132"/>
  </node>
  <node id="44888" lat="-3.6113105049" lon="59.39665879829">
    <tag k="local_x" v="-434.5103"/>
    <tag k="local_y" v="42.4642"/>
    <tag k="ele" v="1.7026"/>
  </node>
  <node id="44889" lat="-3.61129785928" lon="59.39665145393">
    <tag k="local_x" v="-435.3331"/>
    <tag k="local_y" v="43.8615"/>
    <tag k="ele" v="1.7079"/>
  </node>
  <node id="44890" lat="-3.61128746205" lon="59.39664482503">
    <tag k="local_x" v="-436.0753"/>
    <tag k="local_y" v="45.0101"/>
    <tag k="ele" v="1.7106"/>
  </node>
  <node id="44891" lat="-3.61127940262" lon="59.39664118577">
    <tag k="local_x" v="-436.4838"/>
    <tag k="local_y" v="45.9011"/>
    <tag k="ele" v="1.7132"/>
  </node>
  <node id="44898" lat="-3.6112865945" lon="59.39660023181">
    <tag k="local_x" v="-441.0378"/>
    <tag k="local_y" v="45.0865"/>
    <tag k="ele" v="1.6425"/>
  </node>
  <node id="44899" lat="-3.61128856036" lon="59.39657604706">
    <tag k="local_x" v="-443.7281"/>
    <tag k="local_y" v="44.8581"/>
    <tag k="ele" v="1.6425"/>
  </node>
  <node id="44905" lat="-3.61122617468" lon="59.39661136766">
    <tag k="local_x" v="-439.8252"/>
    <tag k="local_y" v="51.7831"/>
    <tag k="ele" v="1.4961"/>
  </node>
  <node id="44906" lat="-3.611224553" lon="59.39663559599">
    <tag k="local_x" v="-437.1299"/>
    <tag k="local_y" v="51.9734"/>
    <tag k="ele" v="1.4961"/>
  </node>
  <node id="44923" lat="-3.61127083589" lon="59.39661446879">
    <tag k="local_x" v="-439.4605"/>
    <tag k="local_y" v="46.8381"/>
    <tag k="ele" v="1.7132"/>
  </node>
  <node id="44926" lat="-3.61126716191" lon="59.39663847427">
    <tag k="local_x" v="-436.7909"/>
    <tag k="local_y" v="47.2556"/>
    <tag k="ele" v="1.7132"/>
  </node>
  <node id="44930" lat="-3.61131932283" lon="59.39608704501">
    <tag k="local_x" v="-498.1284"/>
    <tag k="local_y" v="41.2352"/>
    <tag k="ele" v="1.634"/>
  </node>
  <node id="44931" lat="-3.61132577398" lon="59.39608995639">
    <tag k="local_x" v="-497.8016"/>
    <tag k="local_y" v="40.522"/>
    <tag k="ele" v="1.6324"/>
  </node>
  <node id="44932" lat="-3.61132527178" lon="59.39609557328">
    <tag k="local_x" v="-497.1768"/>
    <tag k="local_y" v="40.5801"/>
    <tag k="ele" v="1.6313"/>
  </node>
  <node id="44933" lat="-3.61131783797" lon="59.39609779719">
    <tag k="local_x" v="-496.9326"/>
    <tag k="local_y" v="41.4044"/>
    <tag k="ele" v="1.6313"/>
  </node>
  <node id="44939" lat="-3.61131076757" lon="59.39609945261">
    <tag k="local_x" v="-496.7515"/>
    <tag k="local_y" v="42.1882"/>
    <tag k="ele" v="1.6919"/>
  </node>
  <node id="44940" lat="-3.61133616171" lon="59.39606316909">
    <tag k="local_x" v="-500.7778"/>
    <tag k="local_y" v="39.3597"/>
    <tag k="ele" v="1.634"/>
  </node>
  <node id="44942" lat="-3.61135212929" lon="59.39606738192">
    <tag k="local_x" v="-500.302"/>
    <tag k="local_y" v="37.5931"/>
    <tag k="ele" v="1.6313"/>
  </node>
  <node id="44945" lat="-3.61136755937" lon="59.39607424706">
    <tag k="local_x" v="-499.5313"/>
    <tag k="local_y" v="35.8872"/>
    <tag k="ele" v="1.6313"/>
  </node>
  <node id="44947" lat="-3.61137746519" lon="59.39608353706">
    <tag k="local_x" v="-498.4932"/>
    <tag k="local_y" v="34.7942"/>
    <tag k="ele" v="1.6313"/>
  </node>
  <node id="44949" lat="-3.61138533431" lon="59.39609402675">
    <tag k="local_x" v="-497.3225"/>
    <tag k="local_y" v="33.9273"/>
    <tag k="ele" v="1.6313"/>
  </node>
  <node id="44951" lat="-3.6113865065" lon="59.39610948288">
    <tag k="local_x" v="-495.6021"/>
    <tag k="local_y" v="33.8043"/>
    <tag k="ele" v="1.6262"/>
  </node>
  <node id="44954" lat="-3.61137993218" lon="59.3961216535">
    <tag k="local_x" v="-494.2507"/>
    <tag k="local_y" v="34.5378"/>
    <tag k="ele" v="1.6262"/>
  </node>
  <node id="44956" lat="-3.61136934802" lon="59.39612951464">
    <tag k="local_x" v="-493.3806"/>
    <tag k="local_y" v="35.7135"/>
    <tag k="ele" v="1.6262"/>
  </node>
  <node id="44957" lat="-3.61135506644" lon="59.39613375076">
    <tag k="local_x" v="-492.9155"/>
    <tag k="local_y" v="37.2971"/>
    <tag k="ele" v="1.6262"/>
  </node>
  <node id="44958" lat="-3.61133630372" lon="59.39613322723">
    <tag k="local_x" v="-492.982"/>
    <tag k="local_y" v="39.3749"/>
    <tag k="ele" v="1.6919"/>
  </node>
  <node id="44996" lat="-3.6113114244" lon="59.39608437928">
    <tag k="local_x" v="-498.4285"/>
    <tag k="local_y" v="42.1088"/>
    <tag k="ele" v="1.6278"/>
  </node>
  <node id="44999" lat="-3.61131976969" lon="59.39606006869">
    <tag k="local_x" v="-501.13"/>
    <tag k="local_y" v="41.1738"/>
    <tag k="ele" v="1.6278"/>
  </node>
  <node id="45013" lat="-3.6113004025" lon="59.39609930661">
    <tag k="local_x" v="-496.7723"/>
    <tag k="local_y" v="43.3361"/>
    <tag k="ele" v="1.646"/>
  </node>
  <node id="45014" lat="-3.6112968225" lon="59.39612762803">
    <tag k="local_x" v="-493.6224"/>
    <tag k="local_y" v="43.7451"/>
    <tag k="ele" v="1.646"/>
  </node>
  <node id="45027" lat="-3.6112387835" lon="59.39607732935">
    <tag k="local_x" v="-499.2449"/>
    <tag k="local_y" v="50.1509"/>
    <tag k="ele" v="1.6189"/>
  </node>
  <node id="45028" lat="-3.61124056598" lon="59.39605312646">
    <tag k="local_x" v="-501.9373"/>
    <tag k="local_y" v="49.9428"/>
    <tag k="ele" v="1.6189"/>
  </node>
  <node id="45088" lat="-3.6110091754" lon="59.39569216112">
    <tag k="local_x" v="-542.2055"/>
    <tag k="local_y" v="75.4107"/>
    <tag k="ele" v="1.3733"/>
  </node>
  <node id="45089" lat="-3.61100686395" lon="59.39572024835">
    <tag k="local_x" v="-539.0811"/>
    <tag k="local_y" v="75.6791"/>
    <tag k="ele" v="1.3748"/>
  </node>
  <node id="45091" lat="-3.61101134611" lon="59.39573296483">
    <tag k="local_x" v="-537.6641"/>
    <tag k="local_y" v="75.1883"/>
    <tag k="ele" v="1.3748"/>
  </node>
  <node id="45093" lat="-3.61102139787" lon="59.39574330389">
    <tag k="local_x" v="-536.5092"/>
    <tag k="local_y" v="74.0796"/>
    <tag k="ele" v="1.3748"/>
  </node>
  <node id="45095" lat="-3.61103446954" lon="59.3957485814">
    <tag k="local_x" v="-535.9162"/>
    <tag k="local_y" v="72.6342"/>
    <tag k="ele" v="1.3748"/>
  </node>
  <node id="45097" lat="-3.61104611306" lon="59.39574939096">
    <tag k="local_x" v="-535.821"/>
    <tag k="local_y" v="71.345"/>
    <tag k="ele" v="1.3702"/>
  </node>
  <node id="45099" lat="-3.61105788164" lon="59.39574669161">
    <tag k="local_x" v="-536.1162"/>
    <tag k="local_y" v="70.0404"/>
    <tag k="ele" v="1.3702"/>
  </node>
  <node id="45101" lat="-3.61106955025" lon="59.39574179271">
    <tag k="local_x" v="-536.6562"/>
    <tag k="local_y" v="68.7459"/>
    <tag k="ele" v="1.3702"/>
  </node>
  <node id="45102" lat="-3.61107528946" lon="59.3957346238">
    <tag k="local_x" v="-537.4514"/>
    <tag k="local_y" v="68.1071"/>
    <tag k="ele" v="1.3702"/>
  </node>
  <node id="45104" lat="-3.61107852338" lon="59.39572367779">
    <tag k="local_x" v="-538.668"/>
    <tag k="local_y" v="67.7441"/>
    <tag k="ele" v="1.3702"/>
  </node>
  <node id="45105" lat="-3.61108141201" lon="59.395696327">
    <tag k="local_x" v="-541.7102"/>
    <tag k="local_y" v="67.4121"/>
    <tag k="ele" v="1.4739"/>
  </node>
  <node id="45106" lat="-3.61104074399" lon="59.39567318683">
    <tag k="local_x" v="-544.303"/>
    <tag k="local_y" v="71.906"/>
    <tag k="ele" v="1.3733"/>
  </node>
  <node id="45107" lat="-3.61104378826" lon="59.3956796722">
    <tag k="local_x" v="-543.58"/>
    <tag k="local_y" v="71.5717"/>
    <tag k="ele" v="1.3748"/>
  </node>
  <node id="45112" lat="-3.61104800129" lon="59.39567991348">
    <tag k="local_x" v="-543.5513"/>
    <tag k="local_y" v="71.1052"/>
    <tag k="ele" v="1.3702"/>
  </node>
  <node id="45113" lat="-3.61105190289" lon="59.39567428497">
    <tag k="local_x" v="-544.1759"/>
    <tag k="local_y" v="70.6706"/>
    <tag k="ele" v="1.4739"/>
  </node>
  <node id="45187" lat="-3.61101588787" lon="59.39560773497">
    <tag k="local_x" v="-551.5971"/>
    <tag k="local_y" v="74.63"/>
    <tag k="ele" v="1.3705"/>
  </node>
  <node id="45188" lat="-3.61104274243" lon="59.39560961409">
    <tag k="local_x" v="-551.3762"/>
    <tag k="local_y" v="71.6566"/>
    <tag k="ele" v="1.3705"/>
  </node>
  <node id="45200" lat="-3.61049794307" lon="59.39583751777">
    <tag k="local_x" v="-526.2555"/>
    <tag k="local_y" v="132.0955"/>
    <tag k="ele" v="2.9298"/>
  </node>
  <node id="45201" lat="-3.61049758327" lon="59.39582336152">
    <tag k="local_x" v="-527.8309"/>
    <tag k="local_y" v="132.1291"/>
    <tag k="ele" v="2.9298"/>
  </node>
  <node id="45202" lat="-3.61049646317" lon="59.3958091912">
    <tag k="local_x" v="-529.4082"/>
    <tag k="local_y" v="132.2469"/>
    <tag k="ele" v="2.9298"/>
  </node>
  <node id="45203" lat="-3.61049412077" lon="59.39579825104">
    <tag k="local_x" v="-530.6266"/>
    <tag k="local_y" v="132.5015"/>
    <tag k="ele" v="2.9298"/>
  </node>
  <node id="45204" lat="-3.61048673483" lon="59.39577963637">
    <tag k="local_x" v="-532.7012"/>
    <tag k="local_y" v="133.3113"/>
    <tag k="ele" v="2.3669"/>
  </node>
  <node id="45205" lat="-3.61047725481" lon="59.3958429753">
    <tag k="local_x" v="-525.6573"/>
    <tag k="local_y" v="134.3892"/>
    <tag k="ele" v="2.9298"/>
  </node>
  <node id="45206" lat="-3.61047625082" lon="59.39582984698">
    <tag k="local_x" v="-527.1186"/>
    <tag k="local_y" v="134.4946"/>
    <tag k="ele" v="2.9298"/>
  </node>
  <node id="45207" lat="-3.61047400191" lon="59.39581767167">
    <tag k="local_x" v="-528.4744"/>
    <tag k="local_y" v="134.7383"/>
    <tag k="ele" v="2.9298"/>
  </node>
  <node id="45208" lat="-3.61046995267" lon="59.39580505863">
    <tag k="local_x" v="-529.8797"/>
    <tag k="local_y" v="135.1812"/>
    <tag k="ele" v="2.9298"/>
  </node>
  <node id="45209" lat="-3.61046354854" lon="59.39578924933">
    <tag k="local_x" v="-531.6417"/>
    <tag k="local_y" v="135.8835"/>
    <tag k="ele" v="2.3669"/>
  </node>
  <node id="45218" lat="-3.61046247633" lon="59.39571890289">
    <tag k="local_x" v="-539.47"/>
    <tag k="local_y" v="135.9712"/>
    <tag k="ele" v="0.474"/>
  </node>
  <node id="45221" lat="-3.61045969405" lon="59.39570837605">
    <tag k="local_x" v="-540.6426"/>
    <tag k="local_y" v="136.2747"/>
    <tag k="ele" v="0.474"/>
  </node>
  <node id="45224" lat="-3.61045844496" lon="59.39569786384">
    <tag k="local_x" v="-541.8129"/>
    <tag k="local_y" v="136.4084"/>
    <tag k="ele" v="0.474"/>
  </node>
  <node id="45227" lat="-3.61043856075" lon="59.39572654255">
    <tag k="local_x" v="-538.6304"/>
    <tag k="local_y" v="138.6233"/>
    <tag k="ele" v="0.474"/>
  </node>
  <node id="45230" lat="-3.61043486374" lon="59.39571327748">
    <tag k="local_x" v="-540.1081"/>
    <tag k="local_y" v="139.0269"/>
    <tag k="ele" v="0.474"/>
  </node>
  <node id="45233" lat="-3.61043297709" lon="59.39569933846">
    <tag k="local_x" v="-541.66"/>
    <tag k="local_y" v="139.2297"/>
    <tag k="ele" v="0.474"/>
  </node>
  <node id="45241" lat="-3.61105867153" lon="59.39597567009">
    <tag k="local_x" v="-510.6362"/>
    <tag k="local_y" v="70.054"/>
    <tag k="ele" v="1.4962"/>
  </node>
  <node id="45242" lat="-3.61105855902" lon="59.39596465821">
    <tag k="local_x" v="-511.8616"/>
    <tag k="local_y" v="70.0616"/>
    <tag k="ele" v="1.5003"/>
  </node>
  <node id="45244" lat="-3.6110544334" lon="59.39595168689">
    <tag k="local_x" v="-513.3068"/>
    <tag k="local_y" v="70.5128"/>
    <tag k="ele" v="1.522"/>
  </node>
  <node id="45246" lat="-3.61104573527" lon="59.39594229596">
    <tag k="local_x" v="-514.3556"/>
    <tag k="local_y" v="71.472"/>
    <tag k="ele" v="1.5234"/>
  </node>
  <node id="45248" lat="-3.61103248055" lon="59.39593617352">
    <tag k="local_x" v="-515.0427"/>
    <tag k="local_y" v="72.9373"/>
    <tag k="ele" v="1.5234"/>
  </node>
  <node id="45250" lat="-3.61101871604" lon="59.39593489694">
    <tag k="local_x" v="-515.1908"/>
    <tag k="local_y" v="74.4612"/>
    <tag k="ele" v="1.5234"/>
  </node>
  <node id="45252" lat="-3.61100317616" lon="59.39594035123">
    <tag k="local_x" v="-514.5907"/>
    <tag k="local_y" v="76.1847"/>
    <tag k="ele" v="1.5234"/>
  </node>
  <node id="45254" lat="-3.61099170086" lon="59.39595048503">
    <tag k="local_x" v="-513.4681"/>
    <tag k="local_y" v="77.4601"/>
    <tag k="ele" v="1.5234"/>
  </node>
  <node id="45256" lat="-3.61098581015" lon="59.39596834693">
    <tag k="local_x" v="-511.4831"/>
    <tag k="local_y" v="78.1204"/>
    <tag k="ele" v="1.5234"/>
  </node>
  <node id="45257" lat="-3.61098393251" lon="59.39600061936">
    <tag k="local_x" v="-507.8928"/>
    <tag k="local_y" v="78.3426"/>
    <tag k="ele" v="1.5289"/>
  </node>
  <node id="45258" lat="-3.61102605712" lon="59.39599458201">
    <tag k="local_x" v="-508.5461"/>
    <tag k="local_y" v="73.6745"/>
    <tag k="ele" v="1.5102"/>
  </node>
  <node id="45259" lat="-3.61102282208" lon="59.39599143236">
    <tag k="local_x" v="-508.898"/>
    <tag k="local_y" v="74.0314"/>
    <tag k="ele" v="1.5003"/>
  </node>
  <node id="45260" lat="-3.61101805073" lon="59.3959917882">
    <tag k="local_x" v="-508.8605"/>
    <tag k="local_y" v="74.56"/>
    <tag k="ele" v="1.5234"/>
  </node>
  <node id="45261" lat="-3.61101492612" lon="59.39599640892">
    <tag k="local_x" v="-508.3477"/>
    <tag k="local_y" v="74.9081"/>
    <tag k="ele" v="1.5234"/>
  </node>
  <node id="45262" lat="-3.61101038247" lon="59.39601334436">
    <tag k="local_x" v="-506.4652"/>
    <tag k="local_y" v="75.4188"/>
    <tag k="ele" v="1.5231"/>
  </node>
  <node id="45268" lat="-3.61105557396" lon="59.39601425782">
    <tag k="local_x" v="-506.3437"/>
    <tag k="local_y" v="70.4141"/>
    <tag k="ele" v="1.4445"/>
  </node>
  <node id="45269" lat="-3.61102898058" lon="59.39601198763">
    <tag k="local_x" v="-506.608"/>
    <tag k="local_y" v="73.3584"/>
    <tag k="ele" v="1.4483"/>
  </node>
  <node id="45278" lat="-3.61098329316" lon="59.39603049823">
    <tag k="local_x" v="-504.5683"/>
    <tag k="local_y" v="78.4266"/>
    <tag k="ele" v="1.4571"/>
  </node>
  <node id="45279" lat="-3.61100850217" lon="59.39603248991">
    <tag k="local_x" v="-504.3356"/>
    <tag k="local_y" v="75.6355"/>
    <tag k="ele" v="1.4545"/>
  </node>
  <node id="45289" lat="-3.6125048705" lon="59.39833840474">
    <tag k="local_x" v="-247.0874"/>
    <tag k="local_y" v="-89.0741"/>
    <tag k="ele" v="1.7823"/>
  </node>
  <node id="45290" lat="-3.61251399941" lon="59.39822296616">
    <tag k="local_x" v="-259.9288"/>
    <tag k="local_y" v="-90.1361"/>
    <tag k="ele" v="1.7784"/>
  </node>
  <node id="45293" lat="-3.61247966989" lon="59.39833717598">
    <tag k="local_x" v="-247.2352"/>
    <tag k="local_y" v="-86.2836"/>
    <tag k="ele" v="1.7908"/>
  </node>
  <node id="45294" lat="-3.61248821507" lon="59.39822185294">
    <tag k="local_x" v="-260.064"/>
    <tag k="local_y" v="-87.2809"/>
    <tag k="ele" v="1.7841"/>
  </node>
  <node id="45346" lat="-3.61244240559" lon="59.398508191">
    <tag k="local_x" v="-228.2219"/>
    <tag k="local_y" v="-82.081"/>
    <tag k="ele" v="1.7856"/>
  </node>
  <node id="45347" lat="-3.61241687336" lon="59.39850622303">
    <tag k="local_x" v="-228.4521"/>
    <tag k="local_y" v="-79.2541"/>
    <tag k="ele" v="1.7923"/>
  </node>
  <node id="45353" lat="-3.61250219497" lon="59.39837347265">
    <tag k="local_x" v="-243.1864"/>
    <tag k="local_y" v="-88.7623"/>
    <tag k="ele" v="1.784"/>
  </node>
  <node id="45354" lat="-3.6124769572" lon="59.39837153138">
    <tag k="local_x" v="-243.4135"/>
    <tag k="local_y" v="-85.968"/>
    <tag k="ele" v="1.7916"/>
  </node>
  <node id="45367" lat="-3.61243121288" lon="59.39846349281">
    <tag k="local_x" v="-233.2006"/>
    <tag k="local_y" v="-80.8611"/>
    <tag k="ele" v="1.7428"/>
  </node>
  <node id="45368" lat="-3.61245954496" lon="59.39841649706">
    <tag k="local_x" v="-238.4176"/>
    <tag k="local_y" v="-84.0197"/>
    <tag k="ele" v="1.715"/>
  </node>
  <node id="45370" lat="-3.61245443955" lon="59.39847736475">
    <tag k="local_x" v="-231.6468"/>
    <tag k="local_y" v="-83.4274"/>
    <tag k="ele" v="1.7428"/>
  </node>
  <node id="45371" lat="-3.61248277163" lon="59.3984303681">
    <tag k="local_x" v="-236.8639"/>
    <tag k="local_y" v="-86.586"/>
    <tag k="ele" v="1.715"/>
  </node>
  <node id="45376" lat="-3.61244435221" lon="59.39849797885">
    <tag k="local_x" v="-229.3574"/>
    <tag k="local_y" v="-82.3011"/>
    <tag k="ele" v="1.789"/>
  </node>
  <node id="45379" lat="-3.61244814037" lon="59.39848834807">
    <tag k="local_x" v="-230.4274"/>
    <tag k="local_y" v="-82.7249"/>
    <tag k="ele" v="1.789"/>
  </node>
  <node id="45383" lat="-3.61241906758" lon="59.39849153001">
    <tag k="local_x" v="-230.0861"/>
    <tag k="local_y" v="-79.5036"/>
    <tag k="ele" v="1.789"/>
  </node>
  <node id="45386" lat="-3.61242368361" lon="59.39847734236">
    <tag k="local_x" v="-231.6628"/>
    <tag k="local_y" v="-80.0211"/>
    <tag k="ele" v="1.789"/>
  </node>
  <node id="45410" lat="-3.61197564895" lon="59.39901689983">
    <tag k="local_x" v="-171.8204"/>
    <tag k="local_y" v="-30.1619"/>
    <tag k="ele" v="2.0511"/>
  </node>
  <node id="45411" lat="-3.61195030325" lon="59.39901642559">
    <tag k="local_x" v="-171.8843"/>
    <tag k="local_y" v="-27.355"/>
    <tag k="ele" v="2.0511"/>
  </node>
  <node id="45454" lat="-3.61251592178" lon="59.39819624724">
    <tag k="local_x" v="-262.9011"/>
    <tag k="local_y" v="-90.3608"/>
    <tag k="ele" v="1.7737"/>
  </node>
  <node id="45455" lat="-3.61249033207" lon="59.3981943532">
    <tag k="local_x" v="-263.1231"/>
    <tag k="local_y" v="-87.5275"/>
    <tag k="ele" v="1.7784"/>
  </node>
  <node id="45548" lat="-3.61299572005" lon="59.39537017517">
    <tag k="local_x" v="-577.1614"/>
    <tag k="local_y" v="-144.7478"/>
    <tag k="ele" v="1.2154"/>
  </node>
  <node id="45549" lat="-3.61294996488" lon="59.39536624633">
    <tag k="local_x" v="-577.6187"/>
    <tag k="local_y" v="-139.682"/>
    <tag k="ele" v="1.2154"/>
  </node>
  <node id="45652" lat="-3.61299708025" lon="59.39535172003">
    <tag k="local_x" v="-579.2144"/>
    <tag k="local_y" v="-144.9066"/>
    <tag k="ele" v="1.2206"/>
  </node>
  <node id="45653" lat="-3.61295132509" lon="59.39534779209">
    <tag k="local_x" v="-579.6716"/>
    <tag k="local_y" v="-139.8408"/>
    <tag k="ele" v="1.2206"/>
  </node>
  <node id="45768" lat="-3.61090026509" lon="59.39688529538">
    <tag k="local_x" v="-409.487"/>
    <tag k="local_y" v="87.9995"/>
    <tag k="ele" v="1.754"/>
  </node>
  <node id="45769" lat="-3.61088565267" lon="59.3970766158">
    <tag k="local_x" v="-388.2042"/>
    <tag k="local_y" v="89.7023"/>
    <tag k="ele" v="2.8294"/>
  </node>
  <node id="45770" lat="-3.61092547289" lon="59.39688720261">
    <tag k="local_x" v="-409.2637"/>
    <tag k="local_y" v="85.2085"/>
    <tag k="ele" v="1.7619"/>
  </node>
  <node id="45771" lat="-3.61091085957" lon="59.39707852304">
    <tag k="local_x" v="-387.9809"/>
    <tag k="local_y" v="86.9114"/>
    <tag k="ele" v="1.8082"/>
  </node>
  <node id="45779" lat="-3.61088167184" lon="59.39728807399">
    <tag k="local_x" v="-364.6759"/>
    <tag k="local_y" v="90.2365"/>
    <tag k="ele" v="1.7037"/>
  </node>
  <node id="45781" lat="-3.61091240399" lon="59.39729006728">
    <tag k="local_x" v="-364.4406"/>
    <tag k="local_y" v="86.8337"/>
    <tag k="ele" v="1.7117"/>
  </node>
  <node id="45850" lat="-3.61087752284" lon="59.39732362211">
    <tag k="local_x" v="-360.7221"/>
    <tag k="local_y" v="90.7117"/>
    <tag k="ele" v="1.6407"/>
  </node>
  <node id="45852" lat="-3.61087167649" lon="59.39733427289">
    <tag k="local_x" v="-359.5395"/>
    <tag k="local_y" v="91.3639"/>
    <tag k="ele" v="1.6407"/>
  </node>
  <node id="45854" lat="-3.61086328279" lon="59.39734055539">
    <tag k="local_x" v="-358.8441"/>
    <tag k="local_y" v="92.2963"/>
    <tag k="ele" v="1.6407"/>
  </node>
  <node id="45856" lat="-3.61085159542" lon="59.39734324811">
    <tag k="local_x" v="-358.5496"/>
    <tag k="local_y" v="93.5919"/>
    <tag k="ele" v="1.6407"/>
  </node>
  <node id="45857" lat="-3.61090607438" lon="59.39733511219">
    <tag k="local_x" v="-359.431"/>
    <tag k="local_y" v="87.5546"/>
    <tag k="ele" v="1.6407"/>
  </node>
  <node id="45858" lat="-3.61090243218" lon="59.39734443862">
    <tag k="local_x" v="-358.3948"/>
    <tag k="local_y" v="87.9621"/>
    <tag k="ele" v="1.6407"/>
  </node>
  <node id="45859" lat="-3.61089618325" lon="59.39735421209">
    <tag k="local_x" v="-357.31"/>
    <tag k="local_y" v="88.6585"/>
    <tag k="ele" v="1.6407"/>
  </node>
  <node id="45860" lat="-3.61088807235" lon="59.39736258109">
    <tag k="local_x" v="-356.3823"/>
    <tag k="local_y" v="89.5605"/>
    <tag k="ele" v="1.6407"/>
  </node>
  <node id="45861" lat="-3.61087841228" lon="59.39736919481">
    <tag k="local_x" v="-355.6506"/>
    <tag k="local_y" v="90.6333"/>
    <tag k="ele" v="1.6407"/>
  </node>
  <node id="45862" lat="-3.61086758117" lon="59.39737377585">
    <tag k="local_x" v="-355.1456"/>
    <tag k="local_y" v="91.8349"/>
    <tag k="ele" v="1.6407"/>
  </node>
  <node id="45863" lat="-3.61085766667" lon="59.3973759026">
    <tag k="local_x" v="-354.9133"/>
    <tag k="local_y" v="92.9339"/>
    <tag k="ele" v="1.6407"/>
  </node>
  <node id="45872" lat="-3.61088757763" lon="59.39721778613">
    <tag k="local_x" v="-372.4946"/>
    <tag k="local_y" v="89.5514"/>
    <tag k="ele" v="1.777"/>
  </node>
  <node id="45874" lat="-3.61091828557" lon="59.39722050204">
    <tag k="local_x" v="-372.1789"/>
    <tag k="local_y" v="86.1516"/>
    <tag k="ele" v="1.7892"/>
  </node>
  <node id="45896" lat="-3.61092139465" lon="59.3970059936">
    <tag k="local_x" v="-396.047"/>
    <tag k="local_y" v="85.7126"/>
    <tag k="ele" v="1.754"/>
  </node>
  <node id="45898" lat="-3.61094660246" lon="59.39700790084">
    <tag k="local_x" v="-395.8237"/>
    <tag k="local_y" v="82.9216"/>
    <tag k="ele" v="1.7619"/>
  </node>
  <node id="45903" lat="-3.61091549407" lon="59.39708324884">
    <tag k="local_x" v="-387.453"/>
    <tag k="local_y" v="86.4002"/>
    <tag k="ele" v="2.2917"/>
  </node>
  <node id="45904" lat="-3.61094070188" lon="59.39708515698">
    <tag k="local_x" v="-387.2296"/>
    <tag k="local_y" v="83.6092"/>
    <tag k="ele" v="1.7851"/>
  </node>
  <node id="46035" lat="-3.61093180602" lon="59.3971478287">
    <tag k="local_x" v="-380.2597"/>
    <tag k="local_y" v="84.6221"/>
    <tag k="ele" v="1.8393"/>
  </node>
  <node id="46037" lat="-3.6109078214" lon="59.39713430128">
    <tag k="local_x" v="-381.7755"/>
    <tag k="local_y" v="87.2725"/>
    <tag k="ele" v="1.8359"/>
  </node>
  <node id="46041" lat="-3.61091332995" lon="59.39710662737">
    <tag k="local_x" v="-384.8525"/>
    <tag k="local_y" v="86.6502"/>
    <tag k="ele" v="2.1435"/>
  </node>
  <node id="46042" lat="-3.61091065509" lon="59.39712170059">
    <tag k="local_x" v="-383.1764"/>
    <tag k="local_y" v="86.9531"/>
    <tag k="ele" v="2.1435"/>
  </node>
  <node id="46043" lat="-3.61093826878" lon="59.39711195782">
    <tag k="local_x" v="-384.2484"/>
    <tag k="local_y" v="83.8905"/>
    <tag k="ele" v="2.1435"/>
  </node>
  <node id="46044" lat="-3.61093603571" lon="59.39712936315">
    <tag k="local_x" v="-382.3126"/>
    <tag k="local_y" v="84.1455"/>
    <tag k="ele" v="2.1435"/>
  </node>
  <node id="46049" lat="-3.61090021972" lon="59.39715716657">
    <tag k="local_x" v="-379.2345"/>
    <tag k="local_y" v="88.1245"/>
    <tag k="ele" v="1.8402"/>
  </node>
  <node id="46051" lat="-3.61089535589" lon="59.39717420034">
    <tag k="local_x" v="-377.3412"/>
    <tag k="local_y" v="88.6707"/>
    <tag k="ele" v="1.8402"/>
  </node>
  <node id="46053" lat="-3.61089142403" lon="59.39719150004">
    <tag k="local_x" v="-375.4179"/>
    <tag k="local_y" v="89.1138"/>
    <tag k="ele" v="1.8402"/>
  </node>
  <node id="46055" lat="-3.61088846283" lon="59.39720880939">
    <tag k="local_x" v="-373.4931"/>
    <tag k="local_y" v="89.4494"/>
    <tag k="ele" v="1.8402"/>
  </node>
  <node id="46057" lat="-3.61092681025" lon="59.39716460687">
    <tag k="local_x" v="-378.3949"/>
    <tag k="local_y" v="85.1828"/>
    <tag k="ele" v="1.8402"/>
  </node>
  <node id="46059" lat="-3.61092335644" lon="59.39718042277">
    <tag k="local_x" v="-376.6365"/>
    <tag k="local_y" v="85.5723"/>
    <tag k="ele" v="1.8402"/>
  </node>
  <node id="46061" lat="-3.61092077808" lon="59.39719637361">
    <tag k="local_x" v="-374.8627"/>
    <tag k="local_y" v="85.8649"/>
    <tag k="ele" v="1.8402"/>
  </node>
  <node id="46088" lat="-3.61119637753" lon="59.40056246464">
    <tag k="local_x" v="-0.1801"/>
    <tag k="local_y" v="56.8262"/>
    <tag k="ele" v="2.0071"/>
  </node>
  <node id="46089" lat="-3.61119846727" lon="59.40053693668">
    <tag k="local_x" v="-3.0198"/>
    <tag k="local_y" v="56.5835"/>
    <tag k="ele" v="2.0071"/>
  </node>
  <node id="46098" lat="-3.61009629727" lon="59.40051004102">
    <tag k="local_x" v="-6.4962"/>
    <tag k="local_y" v="178.6399"/>
    <tag k="ele" v="2.1265"/>
  </node>
  <node id="46099" lat="-3.61009854408" lon="59.4004824536">
    <tag k="local_x" v="-9.565"/>
    <tag k="local_y" v="178.3789"/>
    <tag k="ele" v="2.1265"/>
  </node>
  <node id="46160" lat="-3.61077898326" lon="59.39929324845">
    <tag k="local_x" v="-141.5951"/>
    <tag k="local_y" v="102.4941"/>
    <tag k="ele" v="1.9962"/>
  </node>
  <node id="46161" lat="-3.61075390781" lon="59.39927538824">
    <tag k="local_x" v="-143.5935"/>
    <tag k="local_y" v="105.2634"/>
    <tag k="ele" v="1.9962"/>
  </node>
  <node id="46247" lat="-3.61195612143" lon="59.39931740788">
    <tag k="local_x" v="-138.39"/>
    <tag k="local_y" v="-27.8666"/>
    <tag k="ele" v="2.0511"/>
  </node>
  <node id="46248" lat="-3.61193109762" lon="59.39931546393">
    <tag k="local_x" v="-138.6173"/>
    <tag k="local_y" v="-25.096"/>
    <tag k="ele" v="2.0511"/>
  </node>
  <node id="46271" lat="-3.61254486031" lon="59.39782541948">
    <tag k="local_x" v="-304.1522"/>
    <tag k="local_y" v="-93.7295"/>
    <tag k="ele" v="1.7693"/>
  </node>
  <node id="46272" lat="-3.61251971191" lon="59.39782346978">
    <tag k="local_x" v="-304.3802"/>
    <tag k="local_y" v="-90.9451"/>
    <tag k="ele" v="1.7733"/>
  </node>
  <node id="46278" lat="-3.61249168376" lon="59.39841483435">
    <tag k="local_x" v="-238.5885"/>
    <tag k="local_y" v="-87.5799"/>
    <tag k="ele" v="1.7106"/>
  </node>
  <node id="46279" lat="-3.61249486259" lon="59.39840727652">
    <tag k="local_x" v="-239.4281"/>
    <tag k="local_y" v="-87.9353"/>
    <tag k="ele" v="1.7106"/>
  </node>
  <node id="46280" lat="-3.61249762784" lon="59.39839902655">
    <tag k="local_x" v="-240.3449"/>
    <tag k="local_y" v="-88.2452"/>
    <tag k="ele" v="1.7106"/>
  </node>
  <node id="46281" lat="-3.61249974051" lon="59.3983906066">
    <tag k="local_x" v="-241.2809"/>
    <tag k="local_y" v="-88.4829"/>
    <tag k="ele" v="1.7106"/>
  </node>
  <node id="46282" lat="-3.61250110699" lon="59.39838254458">
    <tag k="local_x" v="-242.1774"/>
    <tag k="local_y" v="-88.6378"/>
    <tag k="ele" v="1.7106"/>
  </node>
  <node id="46283" lat="-3.61246700178" lon="59.39840372709">
    <tag k="local_x" v="-239.8353"/>
    <tag k="local_y" v="-84.8512"/>
    <tag k="ele" v="1.7106"/>
  </node>
  <node id="46284" lat="-3.61247017876" lon="59.39839729262">
    <tag k="local_x" v="-240.5499"/>
    <tag k="local_y" v="-85.2059"/>
    <tag k="ele" v="1.7106"/>
  </node>
  <node id="46285" lat="-3.6124726669" lon="59.3983911026">
    <tag k="local_x" v="-241.2376"/>
    <tag k="local_y" v="-85.4842"/>
    <tag k="ele" v="1.7106"/>
  </node>
  <node id="46286" lat="-3.61247467122" lon="59.39838472308">
    <tag k="local_x" v="-241.9466"/>
    <tag k="local_y" v="-85.709"/>
    <tag k="ele" v="1.7106"/>
  </node>
  <node id="46287" lat="-3.61247626311" lon="59.39837771341">
    <tag k="local_x" v="-242.7259"/>
    <tag k="local_y" v="-85.8884"/>
    <tag k="ele" v="1.7106"/>
  </node>
  <node id="46332" lat="-3.61251563798" lon="59.39818484776">
    <tag k="local_x" v="-264.1697"/>
    <tag k="local_y" v="-90.3344"/>
    <tag k="ele" v="1.7761"/>
  </node>
  <node id="46333" lat="-3.61251388282" lon="59.39817580862">
    <tag k="local_x" v="-265.1763"/>
    <tag k="local_y" v="-90.144"/>
    <tag k="ele" v="1.7761"/>
  </node>
  <node id="46334" lat="-3.61251025349" lon="59.39816615769">
    <tag k="local_x" v="-266.2518"/>
    <tag k="local_y" v="-89.7463"/>
    <tag k="ele" v="1.7761"/>
  </node>
  <node id="46335" lat="-3.6125050128" lon="59.39815727161">
    <tag k="local_x" v="-267.2429"/>
    <tag k="local_y" v="-89.1698"/>
    <tag k="ele" v="1.7761"/>
  </node>
  <node id="46336" lat="-3.61249831891" lon="59.39814941395">
    <tag k="local_x" v="-268.1202"/>
    <tag k="local_y" v="-88.4319"/>
    <tag k="ele" v="1.7761"/>
  </node>
  <node id="46337" lat="-3.61249036958" lon="59.3981428185">
    <tag k="local_x" v="-268.8576"/>
    <tag k="local_y" v="-87.5544"/>
    <tag k="ele" v="1.7761"/>
  </node>
  <node id="46338" lat="-3.61248140127" lon="59.39813768023">
    <tag k="local_x" v="-269.4333"/>
    <tag k="local_y" v="-86.5634"/>
    <tag k="ele" v="1.7761"/>
  </node>
  <node id="46339" lat="-3.61247273142" lon="59.39813448282">
    <tag k="local_x" v="-269.7929"/>
    <tag k="local_y" v="-85.6046"/>
    <tag k="ele" v="1.7761"/>
  </node>
  <node id="46340" lat="-3.61249041492" lon="59.39818954226">
    <tag k="local_x" v="-263.6584"/>
    <tag k="local_y" v="-87.5388"/>
    <tag k="ele" v="1.7761"/>
  </node>
  <node id="46341" lat="-3.61248917573" lon="59.39818264442">
    <tag k="local_x" v="-264.4265"/>
    <tag k="local_y" v="-87.4046"/>
    <tag k="ele" v="1.7761"/>
  </node>
  <node id="46342" lat="-3.61248710767" lon="59.39817710776">
    <tag k="local_x" v="-265.0435"/>
    <tag k="local_y" v="-87.178"/>
    <tag k="ele" v="1.7761"/>
  </node>
  <node id="46343" lat="-3.61248411315" lon="59.39817200522">
    <tag k="local_x" v="-265.6126"/>
    <tag k="local_y" v="-86.8486"/>
    <tag k="ele" v="1.7761"/>
  </node>
  <node id="46344" lat="-3.61248028216" lon="59.39816748922">
    <tag k="local_x" v="-266.1168"/>
    <tag k="local_y" v="-86.4263"/>
    <tag k="ele" v="1.7761"/>
  </node>
  <node id="46345" lat="-3.61247572811" lon="59.39816369412">
    <tag k="local_x" v="-266.5411"/>
    <tag k="local_y" v="-85.9236"/>
    <tag k="ele" v="1.7761"/>
  </node>
  <node id="46346" lat="-3.61247058597" lon="59.39816073261">
    <tag k="local_x" v="-266.8729"/>
    <tag k="local_y" v="-85.3554"/>
    <tag k="ele" v="1.7761"/>
  </node>
  <node id="46351" lat="-3.61246340444" lon="59.39813337203">
    <tag k="local_x" v="-269.9206"/>
    <tag k="local_y" v="-84.5721"/>
    <tag k="ele" v="1.7674"/>
  </node>
  <node id="46352" lat="-3.61246059893" lon="59.39815802748">
    <tag k="local_x" v="-267.1783"/>
    <tag k="local_y" v="-84.2505"/>
    <tag k="ele" v="1.7674"/>
  </node>
  <node id="46375" lat="-3.6122428468" lon="59.39816348738">
    <tag k="local_x" v="-266.6664"/>
    <tag k="local_y" v="-60.1314"/>
    <tag k="ele" v="1.7736"/>
  </node>
  <node id="46378" lat="-3.6122375452" lon="59.39813704861">
    <tag k="local_x" v="-269.6107"/>
    <tag k="local_y" v="-59.5559"/>
    <tag k="ele" v="1.7736"/>
  </node>
  <node id="46382" lat="-3.61231029016" lon="59.39813074662">
    <tag k="local_x" v="-270.28"/>
    <tag k="local_y" v="-67.6154"/>
    <tag k="ele" v="1.7465"/>
  </node>
  <node id="46384" lat="-3.61229146484" lon="59.39813061154">
    <tag k="local_x" v="-270.3033"/>
    <tag k="local_y" v="-65.5305"/>
    <tag k="ele" v="1.7465"/>
  </node>
  <node id="46386" lat="-3.61227265424" lon="59.39813167883">
    <tag k="local_x" v="-270.1928"/>
    <tag k="local_y" v="-63.4467"/>
    <tag k="ele" v="1.7465"/>
  </node>
  <node id="46388" lat="-3.61225415258" lon="59.39813391318">
    <tag k="local_x" v="-269.9523"/>
    <tag k="local_y" v="-61.3966"/>
    <tag k="ele" v="1.7465"/>
  </node>
  <node id="46390" lat="-3.61230957969" lon="59.39815638144">
    <tag k="local_x" v="-267.4278"/>
    <tag k="local_y" v="-67.5254"/>
    <tag k="ele" v="1.7465"/>
  </node>
  <node id="46392" lat="-3.61229242286" lon="59.39815667743">
    <tag k="local_x" v="-267.4024"/>
    <tag k="local_y" v="-65.6251"/>
    <tag k="ele" v="1.7465"/>
  </node>
  <node id="46394" lat="-3.61227533359" lon="59.39815806684">
    <tag k="local_x" v="-267.2553"/>
    <tag k="local_y" v="-63.7318"/>
    <tag k="ele" v="1.7465"/>
  </node>
  <node id="46396" lat="-3.61225816932" lon="59.3981605754">
    <tag k="local_x" v="-266.9837"/>
    <tag k="local_y" v="-61.8297"/>
    <tag k="ele" v="1.7465"/>
  </node>
  <node id="46401" lat="-3.61222247781" lon="59.39813963606">
    <tag k="local_x" v="-269.3294"/>
    <tag k="local_y" v="-57.886"/>
    <tag k="ele" v="1.7736"/>
  </node>
  <node id="46403" lat="-3.61220726595" lon="59.39814131732">
    <tag k="local_x" v="-269.149"/>
    <tag k="local_y" v="-56.2005"/>
    <tag k="ele" v="1.7736"/>
  </node>
  <node id="46405" lat="-3.61219195696" lon="59.39814196189">
    <tag k="local_x" v="-269.084"/>
    <tag k="local_y" v="-54.5047"/>
    <tag k="ele" v="1.7736"/>
  </node>
  <node id="46408" lat="-3.61222591963" lon="59.3981661298">
    <tag k="local_x" v="-266.3798"/>
    <tag k="local_y" v="-58.2555"/>
    <tag k="ele" v="1.7736"/>
  </node>
  <node id="46410" lat="-3.61220885282" lon="59.39816749126">
    <tag k="local_x" v="-266.2358"/>
    <tag k="local_y" v="-56.3647"/>
    <tag k="ele" v="1.7736"/>
  </node>
  <node id="46412" lat="-3.61219174888" lon="59.39816768998">
    <tag k="local_x" v="-266.2212"/>
    <tag k="local_y" v="-54.4703"/>
    <tag k="ele" v="1.7736"/>
  </node>
  <node id="46421" lat="-3.61254874971" lon="59.39776937621">
    <tag k="local_x" v="-310.3867"/>
    <tag k="local_y" v="-94.185"/>
    <tag k="ele" v="1.7628"/>
  </node>
  <node id="46422" lat="-3.61252357792" lon="59.39776744818">
    <tag k="local_x" v="-310.6123"/>
    <tag k="local_y" v="-91.398"/>
    <tag k="ele" v="1.7742"/>
  </node>
  <node id="46431" lat="-3.61256168062" lon="59.39758097542">
    <tag k="local_x" v="-331.3453"/>
    <tag k="local_y" v="-95.7003"/>
    <tag k="ele" v="1.7694"/>
  </node>
  <node id="46432" lat="-3.61256020672" lon="59.39757137441">
    <tag k="local_x" v="-332.4143"/>
    <tag k="local_y" v="-95.5413"/>
    <tag k="ele" v="1.7694"/>
  </node>
  <node id="46433" lat="-3.61255665779" lon="59.39756105455">
    <tag k="local_x" v="-333.5642"/>
    <tag k="local_y" v="-95.1528"/>
    <tag k="ele" v="1.7694"/>
  </node>
  <node id="46434" lat="-3.61255128423" lon="59.39755145456">
    <tag k="local_x" v="-334.6348"/>
    <tag k="local_y" v="-94.5619"/>
    <tag k="ele" v="1.7694"/>
  </node>
  <node id="46435" lat="-3.61254423179" lon="59.39754289287">
    <tag k="local_x" v="-335.5906"/>
    <tag k="local_y" v="-93.7846"/>
    <tag k="ele" v="1.7694"/>
  </node>
  <node id="46436" lat="-3.61253570206" lon="59.39753565986">
    <tag k="local_x" v="-336.3992"/>
    <tag k="local_y" v="-92.8431"/>
    <tag k="ele" v="1.7694"/>
  </node>
  <node id="46437" lat="-3.61252594617" lon="59.39753000797">
    <tag k="local_x" v="-337.0324"/>
    <tag k="local_y" v="-91.7651"/>
    <tag k="ele" v="1.7694"/>
  </node>
  <node id="46438" lat="-3.61251546835" lon="59.39752672424">
    <tag k="local_x" v="-337.4024"/>
    <tag k="local_y" v="-90.6061"/>
    <tag k="ele" v="1.7694"/>
  </node>
  <node id="46439" lat="-3.61253436721" lon="59.3975820116">
    <tag k="local_x" v="-331.242"/>
    <tag k="local_y" v="-92.6748"/>
    <tag k="ele" v="1.7694"/>
  </node>
  <node id="46440" lat="-3.61252869961" lon="59.39757339411">
    <tag k="local_x" v="-332.2034"/>
    <tag k="local_y" v="-92.0509"/>
    <tag k="ele" v="1.7694"/>
  </node>
  <node id="46441" lat="-3.6125196458" lon="59.39756560869">
    <tag k="local_x" v="-333.0737"/>
    <tag k="local_y" v="-91.0516"/>
    <tag k="ele" v="1.7694"/>
  </node>
  <node id="46444" lat="-3.61250857569" lon="59.3975609703">
    <tag k="local_x" v="-333.5947"/>
    <tag k="local_y" v="-89.8276"/>
    <tag k="ele" v="1.7694"/>
  </node>
  <node id="46445" lat="-3.61249652556" lon="59.39755872986">
    <tag k="local_x" v="-333.8493"/>
    <tag k="local_y" v="-88.494"/>
    <tag k="ele" v="1.7694"/>
  </node>
  <node id="46446" lat="-3.61248333647" lon="59.39755730091">
    <tag k="local_x" v="-334.0141"/>
    <tag k="local_y" v="-87.0339"/>
    <tag k="ele" v="1.7694"/>
  </node>
  <node id="46495" lat="-3.61180479411" lon="59.39748951651">
    <tag k="local_x" v="-341.8549"/>
    <tag k="local_y" v="-11.9132"/>
    <tag k="ele" v="1.7616"/>
  </node>
  <node id="46499" lat="-3.61180330096" lon="59.39751473292">
    <tag k="local_x" v="-339.0496"/>
    <tag k="local_y" v="-11.7367"/>
    <tag k="ele" v="1.7688"/>
  </node>
  <node id="46524" lat="-3.61099870378" lon="59.39690634464">
    <tag k="local_x" v="-407.1015"/>
    <tag k="local_y" v="77.1064"/>
    <tag k="ele" v="1.8452"/>
  </node>
  <node id="46528" lat="-3.61097357524" lon="59.39690438947">
    <tag k="local_x" v="-407.3301"/>
    <tag k="local_y" v="79.8886"/>
    <tag k="ele" v="1.8498"/>
  </node>
  <node id="46532" lat="-3.61097575042" lon="59.39719899195">
    <tag k="local_x" v="-374.5472"/>
    <tag k="local_y" v="79.7777"/>
    <tag k="ele" v="1.859"/>
  </node>
  <node id="46533" lat="-3.61095057582" lon="59.39719703425">
    <tag k="local_x" v="-374.7761"/>
    <tag k="local_y" v="82.565"/>
    <tag k="ele" v="1.8637"/>
  </node>
  <node id="46546" lat="-3.61095401671" lon="59.39730691761">
    <tag k="local_x" v="-362.5473"/>
    <tag k="local_y" v="82.2324"/>
    <tag k="ele" v="1.7455"/>
  </node>
  <node id="46547" lat="-3.61092515181" lon="59.3972992688">
    <tag k="local_x" v="-363.4111"/>
    <tag k="local_y" v="85.4259"/>
    <tag k="ele" v="1.7281"/>
  </node>
  <node id="46553" lat="-3.61096799667" lon="59.39725507639">
    <tag k="local_x" v="-368.3098"/>
    <tag k="local_y" v="80.6612"/>
    <tag k="ele" v="1.7076"/>
  </node>
  <node id="46554" lat="-3.61097401564" lon="59.39722860648">
    <tag k="local_x" v="-371.2526"/>
    <tag k="local_y" v="79.9829"/>
    <tag k="ele" v="1.7076"/>
  </node>
  <node id="46555" lat="-3.61094238972" lon="59.39724839518">
    <tag k="local_x" v="-369.0645"/>
    <tag k="local_y" v="83.4943"/>
    <tag k="ele" v="1.7076"/>
  </node>
  <node id="46556" lat="-3.61094785987" lon="59.39722672095">
    <tag k="local_x" v="-371.4739"/>
    <tag k="local_y" v="82.8789"/>
    <tag k="ele" v="1.7076"/>
  </node>
  <node id="46575" lat="-3.61112545507" lon="59.39607554812">
    <tag k="local_x" v="-499.4929"/>
    <tag k="local_y" v="62.7016"/>
    <tag k="ele" v="1.5994"/>
  </node>
  <node id="46578" lat="-3.6111516116" lon="59.39607536666">
    <tag k="local_x" v="-499.5016"/>
    <tag k="local_y" v="59.8046"/>
    <tag k="ele" v="1.5994"/>
  </node>
  <node id="46581" lat="-3.61117772514" lon="59.39607572457">
    <tag k="local_x" v="-499.4503"/>
    <tag k="local_y" v="56.9126"/>
    <tag k="ele" v="1.5994"/>
  </node>
  <node id="46584" lat="-3.61120382547" lon="59.39607661993">
    <tag k="local_x" v="-499.3392"/>
    <tag k="local_y" v="54.0223"/>
    <tag k="ele" v="1.5994"/>
  </node>
  <node id="46588" lat="-3.6111251547" lon="59.39605093108">
    <tag k="local_x" v="-502.2323"/>
    <tag k="local_y" v="62.724"/>
    <tag k="ele" v="1.5994"/>
  </node>
  <node id="46591" lat="-3.61115173684" lon="59.39605083601">
    <tag k="local_x" v="-502.2312"/>
    <tag k="local_y" v="59.7799"/>
    <tag k="ele" v="1.5994"/>
  </node>
  <node id="46594" lat="-3.6111783582" lon="59.39605128897">
    <tag k="local_x" v="-502.1691"/>
    <tag k="local_y" v="56.8317"/>
    <tag k="ele" v="1.5994"/>
  </node>
  <node id="46597" lat="-3.61120496277" lon="59.39605229018">
    <tag k="local_x" v="-502.046"/>
    <tag k="local_y" v="53.8856"/>
    <tag k="ele" v="1.5994"/>
  </node>
  <node id="46655" lat="-3.61288249181" lon="59.39541613047">
    <tag k="local_x" v="-572.0975"/>
    <tag k="local_y" v="-132.1871"/>
    <tag k="ele" v="1.2695"/>
  </node>
  <node id="46656" lat="-3.61288342847" lon="59.39538792101">
    <tag k="local_x" v="-575.2361"/>
    <tag k="local_y" v="-132.3033"/>
    <tag k="ele" v="1.2695"/>
  </node>
  <node id="46703" lat="-3.61081589376" lon="59.39897589938">
    <tag k="local_x" v="-176.8919"/>
    <tag k="local_y" v="98.2662"/>
    <tag k="ele" v="1.7471"/>
  </node>
  <node id="46704" lat="-3.61078754141" lon="59.39898110582">
    <tag k="local_x" v="-176.325"/>
    <tag k="local_y" v="101.4086"/>
    <tag k="ele" v="1.7471"/>
  </node>
  <node id="46733" lat="-3.6107891161" lon="59.39927860142">
    <tag k="local_x" v="-143.2205"/>
    <tag k="local_y" v="101.3654"/>
    <tag k="ele" v="1.9962"/>
  </node>
  <node id="46734" lat="-3.61079328338" lon="59.39927075123">
    <tag k="local_x" v="-144.0922"/>
    <tag k="local_y" v="100.9004"/>
    <tag k="ele" v="1.9962"/>
  </node>
  <node id="46735" lat="-3.61079717277" lon="59.39926227307">
    <tag k="local_x" v="-145.0339"/>
    <tag k="local_y" v="100.4659"/>
    <tag k="ele" v="1.9962"/>
  </node>
  <node id="46736" lat="-3.61080052866" lon="59.3992535975">
    <tag k="local_x" v="-145.9978"/>
    <tag k="local_y" v="100.0904"/>
    <tag k="ele" v="1.9962"/>
  </node>
  <node id="46737" lat="-3.61080334214" lon="59.39924475602">
    <tag k="local_x" v="-146.9804"/>
    <tag k="local_y" v="99.7749"/>
    <tag k="ele" v="1.9962"/>
  </node>
  <node id="46738" lat="-3.61080560432" lon="59.39923578372">
    <tag k="local_x" v="-147.9778"/>
    <tag k="local_y" v="99.5204"/>
    <tag k="ele" v="1.9962"/>
  </node>
  <node id="46741" lat="-3.61076250963" lon="59.3992630892">
    <tag k="local_x" v="-144.9583"/>
    <tag k="local_y" v="104.3053"/>
    <tag k="ele" v="1.9962"/>
  </node>
  <node id="46742" lat="-3.61076688927" lon="59.39925641544">
    <tag k="local_x" v="-145.699"/>
    <tag k="local_y" v="103.8173"/>
    <tag k="ele" v="1.9962"/>
  </node>
  <node id="46743" lat="-3.61077064645" lon="59.39924988073">
    <tag k="local_x" v="-146.4245"/>
    <tag k="local_y" v="103.3983"/>
    <tag k="ele" v="1.9962"/>
  </node>
  <node id="46744" lat="-3.61077400902" lon="59.39924311033">
    <tag k="local_x" v="-147.1764"/>
    <tag k="local_y" v="103.0229"/>
    <tag k="ele" v="1.9962"/>
  </node>
  <node id="46745" lat="-3.61077695992" lon="59.39923612767">
    <tag k="local_x" v="-147.9521"/>
    <tag k="local_y" v="102.693"/>
    <tag k="ele" v="1.9962"/>
  </node>
  <node id="46746" lat="-3.6107794857" lon="59.39922895706">
    <tag k="local_x" v="-148.7489"/>
    <tag k="local_y" v="102.4101"/>
    <tag k="ele" v="1.9962"/>
  </node>
  <node id="46755" lat="-3.61075982091" lon="59.39964160559">
    <tag k="local_x" v="-102.8401"/>
    <tag k="local_y" v="104.77"/>
    <tag k="ele" v="1.9906"/>
  </node>
  <node id="46756" lat="-3.61073539635" lon="59.39965796076">
    <tag k="local_x" v="-101.0309"/>
    <tag k="local_y" v="107.4823"/>
    <tag k="ele" v="1.9906"/>
  </node>
  <node id="46775" lat="-3.61073861108" lon="59.39980705271">
    <tag k="local_x" v="-84.4393"/>
    <tag k="local_y" v="107.192"/>
    <tag k="ele" v="1.9846"/>
  </node>
  <node id="46776" lat="-3.61071667886" lon="59.39978833532">
    <tag k="local_x" v="-86.5317"/>
    <tag k="local_y" v="109.6128"/>
    <tag k="ele" v="1.9852"/>
  </node>
  <node id="46791" lat="-3.61076595135" lon="59.39973132673">
    <tag k="local_x" v="-92.8537"/>
    <tag k="local_y" v="104.1306"/>
    <tag k="ele" v="1.9883"/>
  </node>
  <node id="46792" lat="-3.61074089578" lon="59.39972934781">
    <tag k="local_x" v="-93.0849"/>
    <tag k="local_y" v="106.9047"/>
    <tag k="ele" v="1.9891"/>
  </node>
  <node id="46922" lat="-3.61100087757" lon="59.39672497042">
    <tag k="local_x" v="-427.283"/>
    <tag k="local_y" v="76.7856"/>
    <tag k="ele" v="1.7282"/>
  </node>
  <node id="46923" lat="-3.61097541479" lon="59.39672297253">
    <tag k="local_x" v="-427.5165"/>
    <tag k="local_y" v="79.6048"/>
    <tag k="ele" v="1.7293"/>
  </node>
  <node id="46929" lat="-3.61100188606" lon="59.39677979086">
    <tag k="local_x" v="-421.1824"/>
    <tag k="local_y" v="76.6981"/>
    <tag k="ele" v="1.7282"/>
  </node>
  <node id="46930" lat="-3.61100012803" lon="59.39677252305">
    <tag k="local_x" v="-421.9919"/>
    <tag k="local_y" v="76.8896"/>
    <tag k="ele" v="1.7282"/>
  </node>
  <node id="46931" lat="-3.6109990307" lon="59.39676564984">
    <tag k="local_x" v="-422.7572"/>
    <tag k="local_y" v="77.0081"/>
    <tag k="ele" v="1.7282"/>
  </node>
  <node id="46932" lat="-3.61099847636" lon="59.39675818495">
    <tag k="local_x" v="-423.5881"/>
    <tag k="local_y" v="77.0662"/>
    <tag k="ele" v="1.7282"/>
  </node>
  <node id="46933" lat="-3.61097534117" lon="59.39678516097">
    <tag k="local_x" v="-420.5965"/>
    <tag k="local_y" v="79.6404"/>
    <tag k="ele" v="1.7282"/>
  </node>
  <node id="46934" lat="-3.61097389822" lon="59.3967767524">
    <tag k="local_x" v="-421.5328"/>
    <tag k="local_y" v="79.7965"/>
    <tag k="ele" v="1.7282"/>
  </node>
  <node id="46935" lat="-3.61097305874" lon="59.39676774472">
    <tag k="local_x" v="-422.5355"/>
    <tag k="local_y" v="79.8855"/>
    <tag k="ele" v="1.7282"/>
  </node>
  <node id="46936" lat="-3.61097295527" lon="59.39675922661">
    <tag k="local_x" v="-423.4834"/>
    <tag k="local_y" v="79.8932"/>
    <tag k="ele" v="1.7282"/>
  </node>
  <node id="46951" lat="-3.61100193228" lon="59.3968650289">
    <tag k="local_x" v="-411.6975"/>
    <tag k="local_y" v="76.7306"/>
    <tag k="ele" v="1.847"/>
  </node>
  <node id="46952" lat="-3.61097679567" lon="59.39686308634">
    <tag k="local_x" v="-411.9247"/>
    <tag k="local_y" v="79.5137"/>
    <tag k="ele" v="1.8516"/>
  </node>
  <node id="46978" lat="-3.61280218205" lon="59.39527946484">
    <tag k="local_x" v="-587.3403"/>
    <tag k="local_y" v="-123.3529"/>
    <tag k="ele" v="2.4035"/>
  </node>
  <node id="46980" lat="-3.61279990453" lon="59.39531083573">
    <tag k="local_x" v="-583.8505"/>
    <tag k="local_y" v="-123.0868"/>
    <tag k="ele" v="2.4035"/>
  </node>
  <node id="47026" lat="-3.6124697983" lon="59.39529487017">
    <tag k="local_x" v="-585.7722"/>
    <tag k="local_y" v="-86.5335"/>
    <tag k="ele" v="1.246"/>
  </node>
  <node id="47040" lat="-3.61261323325" lon="59.39526587666">
    <tag k="local_x" v="-588.9354"/>
    <tag k="local_y" v="-102.4322"/>
    <tag k="ele" v="2.2172"/>
  </node>
  <node id="47041" lat="-3.61261095573" lon="59.39529724754">
    <tag k="local_x" v="-585.4456"/>
    <tag k="local_y" v="-102.1661"/>
    <tag k="ele" v="2.2172"/>
  </node>
  <node id="47065" lat="-3.61081938343" lon="59.39905047652">
    <tag k="local_x" v="-168.5918"/>
    <tag k="local_y" v="97.9126"/>
    <tag k="ele" v="1.9382"/>
  </node>
  <node id="47066" lat="-3.61081991128" lon="59.39904131694">
    <tag k="local_x" v="-169.6108"/>
    <tag k="local_y" v="97.8501"/>
    <tag k="ele" v="1.9382"/>
  </node>
  <node id="47067" lat="-3.6108201783" lon="59.39903195889">
    <tag k="local_x" v="-170.652"/>
    <tag k="local_y" v="97.8164"/>
    <tag k="ele" v="1.9382"/>
  </node>
  <node id="47068" lat="-3.6108201762" lon="59.39902259021">
    <tag k="local_x" v="-171.6945"/>
    <tag k="local_y" v="97.8125"/>
    <tag k="ele" v="1.9382"/>
  </node>
  <node id="47069" lat="-3.61081990503" lon="59.3990132181">
    <tag k="local_x" v="-172.7375"/>
    <tag k="local_y" v="97.8384"/>
    <tag k="ele" v="1.9382"/>
  </node>
  <node id="47070" lat="-3.6108193639" lon="59.39900385065">
    <tag k="local_x" v="-173.7801"/>
    <tag k="local_y" v="97.8942"/>
    <tag k="ele" v="1.9382"/>
  </node>
  <node id="47071" lat="-3.61081855376" lon="59.39899449685">
    <tag k="local_x" v="-174.8213"/>
    <tag k="local_y" v="97.9798"/>
    <tag k="ele" v="1.9382"/>
  </node>
  <node id="47072" lat="-3.61081750342" lon="59.39898536506">
    <tag k="local_x" v="-175.8379"/>
    <tag k="local_y" v="98.0921"/>
    <tag k="ele" v="1.9382"/>
  </node>
  <node id="47073" lat="-3.61079387116" lon="59.3990496668">
    <tag k="local_x" v="-168.6931"/>
    <tag k="local_y" v="100.7378"/>
    <tag k="ele" v="1.9382"/>
  </node>
  <node id="47074" lat="-3.61079391826" lon="59.3990408632">
    <tag k="local_x" v="-169.6727"/>
    <tag k="local_y" v="100.7287"/>
    <tag k="ele" v="1.9382"/>
  </node>
  <node id="47075" lat="-3.6107937106" lon="59.39903224932">
    <tag k="local_x" v="-170.6313"/>
    <tag k="local_y" v="100.7479"/>
    <tag k="ele" v="1.9382"/>
  </node>
  <node id="47076" lat="-3.61079325561" lon="59.3990236517">
    <tag k="local_x" v="-171.5882"/>
    <tag k="local_y" v="100.7945"/>
    <tag k="ele" v="1.9382"/>
  </node>
  <node id="47077" lat="-3.61079255511" lon="59.39901507661">
    <tag k="local_x" v="-172.5427"/>
    <tag k="local_y" v="100.8683"/>
    <tag k="ele" v="1.9382"/>
  </node>
  <node id="47078" lat="-3.61079160825" lon="59.39900653215">
    <tag k="local_x" v="-173.4939"/>
    <tag k="local_y" v="100.9694"/>
    <tag k="ele" v="1.9382"/>
  </node>
  <node id="47079" lat="-3.61079041774" lon="59.3989980255">
    <tag k="local_x" v="-174.441"/>
    <tag k="local_y" v="101.0975"/>
    <tag k="ele" v="1.9382"/>
  </node>
  <node id="47080" lat="-3.61078895392" lon="59.39898935907">
    <tag k="local_x" v="-175.406"/>
    <tag k="local_y" v="101.2558"/>
    <tag k="ele" v="1.9382"/>
  </node>
  <node id="47084" lat="-3.61076952455" lon="59.39967676754">
    <tag k="local_x" v="-98.9232"/>
    <tag k="local_y" v="103.7108"/>
    <tag k="ele" v="2.0023"/>
  </node>
  <node id="47085" lat="-3.61076919554" lon="59.39966828803">
    <tag k="local_x" v="-99.8669"/>
    <tag k="local_y" v="103.7435"/>
    <tag k="ele" v="2.0023"/>
  </node>
  <node id="47086" lat="-3.61076753612" lon="59.39965902384">
    <tag k="local_x" v="-100.8985"/>
    <tag k="local_y" v="103.9232"/>
    <tag k="ele" v="2.0023"/>
  </node>
  <node id="47087" lat="-3.61076502061" lon="59.39965085941">
    <tag k="local_x" v="-101.8081"/>
    <tag k="local_y" v="104.1982"/>
    <tag k="ele" v="2.0023"/>
  </node>
  <node id="47088" lat="-3.61074460616" lon="59.39967975955">
    <tag k="local_x" v="-98.6012"/>
    <tag k="local_y" v="106.4719"/>
    <tag k="ele" v="2.0023"/>
  </node>
  <node id="47089" lat="-3.61074311004" lon="59.39967318445">
    <tag k="local_x" v="-99.3335"/>
    <tag k="local_y" v="106.6347"/>
    <tag k="ele" v="2.0023"/>
  </node>
  <node id="47090" lat="-3.6107409585" lon="59.39966776584">
    <tag k="local_x" v="-99.9374"/>
    <tag k="local_y" v="106.8706"/>
    <tag k="ele" v="2.0023"/>
  </node>
  <node id="47091" lat="-3.61073774417" lon="59.39966187871">
    <tag k="local_x" v="-100.5939"/>
    <tag k="local_y" v="107.224"/>
    <tag k="ele" v="2.0023"/>
  </node>
  <node id="47095" lat="-3.61074482964" lon="59.39979916567">
    <tag k="local_x" v="-85.3142"/>
    <tag k="local_y" v="106.4998"/>
    <tag k="ele" v="1.9849"/>
  </node>
  <node id="47096" lat="-3.6107495209" lon="59.39979161357">
    <tag k="local_x" v="-86.1525"/>
    <tag k="local_y" v="105.9769"/>
    <tag k="ele" v="1.9849"/>
  </node>
  <node id="47097" lat="-3.61075387757" lon="59.39978325309">
    <tag k="local_x" v="-87.0809"/>
    <tag k="local_y" v="105.4907"/>
    <tag k="ele" v="1.9849"/>
  </node>
  <node id="47098" lat="-3.61075755048" lon="59.39977459963">
    <tag k="local_x" v="-88.0422"/>
    <tag k="local_y" v="105.0801"/>
    <tag k="ele" v="1.9849"/>
  </node>
  <node id="47099" lat="-3.61076052088" lon="59.399765709">
    <tag k="local_x" v="-89.0302"/>
    <tag k="local_y" v="104.7472"/>
    <tag k="ele" v="1.9849"/>
  </node>
  <node id="47100" lat="-3.61076277364" lon="59.39975663698">
    <tag k="local_x" v="-90.0387"/>
    <tag k="local_y" v="104.4937"/>
    <tag k="ele" v="1.9849"/>
  </node>
  <node id="47101" lat="-3.6107642125" lon="59.39974792404">
    <tag k="local_x" v="-91.0076"/>
    <tag k="local_y" v="104.3305"/>
    <tag k="ele" v="1.9849"/>
  </node>
  <node id="47102" lat="-3.61072082432" lon="59.39978316597">
    <tag k="local_x" v="-87.1051"/>
    <tag k="local_y" v="109.1514"/>
    <tag k="ele" v="1.9849"/>
  </node>
  <node id="47103" lat="-3.61072543579" lon="59.3997768912">
    <tag k="local_x" v="-87.8013"/>
    <tag k="local_y" v="108.6379"/>
    <tag k="ele" v="1.9849"/>
  </node>
  <node id="47104" lat="-3.61072926313" lon="59.39977074175">
    <tag k="local_x" v="-88.4839"/>
    <tag k="local_y" v="108.2113"/>
    <tag k="ele" v="1.9849"/>
  </node>
  <node id="47105" lat="-3.6107326026" lon="59.39976428957">
    <tag k="local_x" v="-89.2004"/>
    <tag k="local_y" v="107.8386"/>
    <tag k="ele" v="1.9849"/>
  </node>
  <node id="47106" lat="-3.61073543177" lon="59.39975757339">
    <tag k="local_x" v="-89.9465"/>
    <tag k="local_y" v="107.5223"/>
    <tag k="ele" v="1.9849"/>
  </node>
  <node id="47107" lat="-3.61073772914" lon="59.39975063285">
    <tag k="local_x" v="-90.7178"/>
    <tag k="local_y" v="107.2648"/>
    <tag k="ele" v="1.9849"/>
  </node>
  <node id="47108" lat="-3.61073956427" lon="59.39974302731">
    <tag k="local_x" v="-91.5633"/>
    <tag k="local_y" v="107.0582"/>
    <tag k="ele" v="1.9849"/>
  </node>
  <node id="47115" lat="-3.61189390018" lon="59.39988921608">
    <tag k="local_x" v="-74.7895"/>
    <tag k="local_y" v="-20.7232"/>
    <tag k="ele" v="1.9878"/>
  </node>
  <node id="47116" lat="-3.61189855345" lon="59.39988142238">
    <tag k="local_x" v="-75.6547"/>
    <tag k="local_y" v="-21.242"/>
    <tag k="ele" v="1.9878"/>
  </node>
  <node id="47117" lat="-3.61190290153" lon="59.39987294598">
    <tag k="local_x" v="-76.596"/>
    <tag k="local_y" v="-21.7273"/>
    <tag k="ele" v="1.9878"/>
  </node>
  <node id="47118" lat="-3.61190667073" lon="59.39986421574">
    <tag k="local_x" v="-77.5658"/>
    <tag k="local_y" v="-22.1486"/>
    <tag k="ele" v="1.9878"/>
  </node>
  <node id="47119" lat="-3.61190984767" lon="59.39985527036">
    <tag k="local_x" v="-78.5598"/>
    <tag k="local_y" v="-22.5044"/>
    <tag k="ele" v="1.9878"/>
  </node>
  <node id="47120" lat="-3.61191241986" lon="59.39984614943">
    <tag k="local_x" v="-79.5736"/>
    <tag k="local_y" v="-22.7933"/>
    <tag k="ele" v="1.9878"/>
  </node>
  <node id="47121" lat="-3.61191437753" lon="59.39983689343">
    <tag k="local_x" v="-80.6027"/>
    <tag k="local_y" v="-23.0142"/>
    <tag k="ele" v="1.9878"/>
  </node>
  <node id="47122" lat="-3.61191565296" lon="59.39982795375">
    <tag k="local_x" v="-81.5969"/>
    <tag k="local_y" v="-23.1594"/>
    <tag k="ele" v="1.9878"/>
  </node>
  <node id="47123" lat="-3.61186992681" lon="59.39987421379">
    <tag k="local_x" v="-76.4694"/>
    <tag k="local_y" v="-18.0747"/>
    <tag k="ele" v="1.9878"/>
  </node>
  <node id="47124" lat="-3.61187447669" lon="59.39986743869">
    <tag k="local_x" v="-77.2213"/>
    <tag k="local_y" v="-18.5816"/>
    <tag k="ele" v="1.9878"/>
  </node>
  <node id="47125" lat="-3.6118783453" lon="59.39986077232">
    <tag k="local_x" v="-77.9614"/>
    <tag k="local_y" v="-19.013"/>
    <tag k="ele" v="1.9878"/>
  </node>
  <node id="47126" lat="-3.61188176958" lon="59.39985385249">
    <tag k="local_x" v="-78.7299"/>
    <tag k="local_y" v="-19.3953"/>
    <tag k="ele" v="1.9878"/>
  </node>
  <node id="47127" lat="-3.61188473158" lon="59.3998467098">
    <tag k="local_x" v="-79.5234"/>
    <tag k="local_y" v="-19.7265"/>
    <tag k="ele" v="1.9878"/>
  </node>
  <node id="47128" lat="-3.61188721787" lon="59.39983937308">
    <tag k="local_x" v="-80.3387"/>
    <tag k="local_y" v="-20.0051"/>
    <tag k="ele" v="1.9878"/>
  </node>
  <node id="47129" lat="-3.61188921505" lon="59.39983187563">
    <tag k="local_x" v="-81.1721"/>
    <tag k="local_y" v="-20.2296"/>
    <tag k="ele" v="1.9878"/>
  </node>
  <node id="47130" lat="-3.61189077397" lon="59.39982383801">
    <tag k="local_x" v="-82.0658"/>
    <tag k="local_y" v="-20.4058"/>
    <tag k="ele" v="1.9878"/>
  </node>
  <node id="47134" lat="-3.6119190185" lon="59.39977295854">
    <tag k="local_x" v="-87.715"/>
    <tag k="local_y" v="-23.5564"/>
    <tag k="ele" v="1.9902"/>
  </node>
  <node id="47135" lat="-3.61191860201" lon="59.39976405609">
    <tag k="local_x" v="-88.7058"/>
    <tag k="local_y" v="-23.5142"/>
    <tag k="ele" v="1.9902"/>
  </node>
  <node id="47136" lat="-3.6119170842" lon="59.39975452982">
    <tag k="local_x" v="-89.7665"/>
    <tag k="local_y" v="-23.3503"/>
    <tag k="ele" v="1.9902"/>
  </node>
  <node id="47137" lat="-3.61191477717" lon="59.39974589096">
    <tag k="local_x" v="-90.7288"/>
    <tag k="local_y" v="-23.0986"/>
    <tag k="ele" v="1.9902"/>
  </node>
  <node id="47138" lat="-3.61189390381" lon="59.39977540586">
    <tag k="local_x" v="-87.4537"/>
    <tag k="local_y" v="-20.7738"/>
    <tag k="ele" v="1.9902"/>
  </node>
  <node id="47139" lat="-3.61189271679" lon="59.39976800276">
    <tag k="local_x" v="-88.278"/>
    <tag k="local_y" v="-20.6456"/>
    <tag k="ele" v="1.9902"/>
  </node>
  <node id="47140" lat="-3.61189086157" lon="59.39976149287">
    <tag k="local_x" v="-89.0032"/>
    <tag k="local_y" v="-20.443"/>
    <tag k="ele" v="1.9902"/>
  </node>
  <node id="47141" lat="-3.61188806742" lon="59.39975455623">
    <tag k="local_x" v="-89.7763"/>
    <tag k="local_y" v="-20.1366"/>
    <tag k="ele" v="1.9902"/>
  </node>
  <node id="47145" lat="-3.61194272173" lon="59.39938121105">
    <tag k="local_x" v="-131.2962"/>
    <tag k="local_y" v="-26.3544"/>
    <tag k="ele" v="1.9735"/>
  </node>
  <node id="47146" lat="-3.61194683816" lon="59.39937351831">
    <tag k="local_x" v="-132.1504"/>
    <tag k="local_y" v="-26.8137"/>
    <tag k="ele" v="1.9735"/>
  </node>
  <node id="47147" lat="-3.61195027712" lon="59.39936461863">
    <tag k="local_x" v="-133.1392"/>
    <tag k="local_y" v="-27.1985"/>
    <tag k="ele" v="1.9735"/>
  </node>
  <node id="47148" lat="-3.61195234094" lon="59.39935617102">
    <tag k="local_x" v="-134.0783"/>
    <tag k="local_y" v="-27.4308"/>
    <tag k="ele" v="1.9735"/>
  </node>
  <node id="47149" lat="-3.61191944508" lon="59.39936771401">
    <tag k="local_x" v="-132.8083"/>
    <tag k="local_y" v="-23.7824"/>
    <tag k="ele" v="1.9735"/>
  </node>
  <node id="47150" lat="-3.61192328693" lon="59.39936180893">
    <tag k="local_x" v="-133.4637"/>
    <tag k="local_y" v="-24.2105"/>
    <tag k="ele" v="1.9735"/>
  </node>
  <node id="47151" lat="-3.61192599142" lon="59.39935620939">
    <tag k="local_x" v="-134.0856"/>
    <tag k="local_y" v="-24.5125"/>
    <tag k="ele" v="1.9735"/>
  </node>
  <node id="47152" lat="-3.61192815423" lon="59.39934949314">
    <tag k="local_x" v="-134.832"/>
    <tag k="local_y" v="-24.755"/>
    <tag k="ele" v="1.9735"/>
  </node>
  <node id="47179" lat="-3.61185920376" lon="59.39811703761">
    <tag k="local_x" v="-272.0036"/>
    <tag k="local_y" v="-17.6623"/>
    <tag k="ele" v="1.7269"/>
  </node>
  <node id="47180" lat="-3.61184878321" lon="59.3981152095">
    <tag k="local_x" v="-272.2116"/>
    <tag k="local_y" v="-16.509"/>
    <tag k="ele" v="1.7269"/>
  </node>
  <node id="47181" lat="-3.61184124534" lon="59.39811194291">
    <tag k="local_x" v="-272.5784"/>
    <tag k="local_y" v="-15.6756"/>
    <tag k="ele" v="2.5366"/>
  </node>
  <node id="47182" lat="-3.61183604651" lon="59.39810925752">
    <tag k="local_x" v="-272.8795"/>
    <tag k="local_y" v="-15.101"/>
    <tag k="ele" v="2.5366"/>
  </node>
  <node id="47183" lat="-3.61180843006" lon="59.39809179833">
    <tag k="local_x" v="-274.8344"/>
    <tag k="local_y" v="-12.0501"/>
    <tag k="ele" v="3.0765"/>
  </node>
  <node id="47184" lat="-3.61178955472" lon="59.39808024308">
    <tag k="local_x" v="-276.1285"/>
    <tag k="local_y" v="-9.9647"/>
    <tag k="ele" v="3.3328"/>
  </node>
  <node id="47185" lat="-3.61178013103" lon="59.39807706661">
    <tag k="local_x" v="-276.4861"/>
    <tag k="local_y" v="-8.9224"/>
    <tag k="ele" v="3.3328"/>
  </node>
  <node id="47186" lat="-3.61177028528" lon="59.39807537732">
    <tag k="local_x" v="-276.6784"/>
    <tag k="local_y" v="-7.8327"/>
    <tag k="ele" v="3.3328"/>
  </node>
  <node id="47187" lat="-3.61176454937" lon="59.39807453993">
    <tag k="local_x" v="-276.7741"/>
    <tag k="local_y" v="-7.1978"/>
    <tag k="ele" v="2.2015"/>
  </node>
  <node id="47188" lat="-3.61185700708" lon="59.39814244463">
    <tag k="local_x" v="-269.1774"/>
    <tag k="local_y" v="-17.4078"/>
    <tag k="ele" v="1.7269"/>
  </node>
  <node id="47189" lat="-3.61184442412" lon="59.39814108517">
    <tag k="local_x" v="-269.3342"/>
    <tag k="local_y" v="-16.0148"/>
    <tag k="ele" v="1.7269"/>
  </node>
  <node id="47190" lat="-3.61183639417" lon="59.39813918112">
    <tag k="local_x" v="-269.5496"/>
    <tag k="local_y" v="-15.1263"/>
    <tag k="ele" v="2.5366"/>
  </node>
  <node id="47191" lat="-3.61182440009" lon="59.39813424082">
    <tag k="local_x" v="-270.1046"/>
    <tag k="local_y" v="-13.8001"/>
    <tag k="ele" v="2.5366"/>
  </node>
  <node id="47192" lat="-3.61179405344" lon="59.39811524847">
    <tag k="local_x" v="-272.2313"/>
    <tag k="local_y" v="-10.4475"/>
    <tag k="ele" v="3.0765"/>
  </node>
  <node id="47193" lat="-3.61177802851" lon="59.39810525825">
    <tag k="local_x" v="-273.35"/>
    <tag k="local_y" v="-8.6771"/>
    <tag k="ele" v="3.3328"/>
  </node>
  <node id="47194" lat="-3.61177180268" lon="59.3981022462">
    <tag k="local_x" v="-273.6879"/>
    <tag k="local_y" v="-7.9889"/>
    <tag k="ele" v="3.3328"/>
  </node>
  <node id="47195" lat="-3.61176244375" lon="59.39809991423">
    <tag k="local_x" v="-273.9515"/>
    <tag k="local_y" v="-6.9534"/>
    <tag k="ele" v="2.2015"/>
  </node>
  <node id="47266" lat="-3.61166294088" lon="59.39806606206">
    <tag k="local_x" v="-277.7621"/>
    <tag k="local_y" v="4.0519"/>
    <tag k="ele" v="2.1426"/>
  </node>
  <node id="47267" lat="-3.6116529421" lon="59.398065849">
    <tag k="local_x" v="-277.7902"/>
    <tag k="local_y" v="5.1592"/>
    <tag k="ele" v="2.1426"/>
  </node>
  <node id="47268" lat="-3.61164516303" lon="59.39806617626">
    <tag k="local_x" v="-277.7572"/>
    <tag k="local_y" v="6.0209"/>
    <tag k="ele" v="2.1426"/>
  </node>
  <node id="47269" lat="-3.61162735337" lon="59.39807099964">
    <tag k="local_x" v="-277.2283"/>
    <tag k="local_y" v="7.9955"/>
    <tag k="ele" v="2.1426"/>
  </node>
  <node id="47270" lat="-3.61160895056" lon="59.39807832818">
    <tag k="local_x" v="-276.4209"/>
    <tag k="local_y" v="10.0369"/>
    <tag k="ele" v="1.6714"/>
  </node>
  <node id="47271" lat="-3.61159307146" lon="59.3980849988">
    <tag k="local_x" v="-275.6856"/>
    <tag k="local_y" v="11.7985"/>
    <tag k="ele" v="1.4329"/>
  </node>
  <node id="47272" lat="-3.61158575405" lon="59.3980876608">
    <tag k="local_x" v="-275.3926"/>
    <tag k="local_y" v="12.6101"/>
    <tag k="ele" v="1.4329"/>
  </node>
  <node id="47273" lat="-3.61157445707" lon="59.39809089298">
    <tag k="local_x" v="-275.0379"/>
    <tag k="local_y" v="13.8627"/>
    <tag k="ele" v="1.4329"/>
  </node>
  <node id="47274" lat="-3.61156268518" lon="59.39809322298">
    <tag k="local_x" v="-274.7838"/>
    <tag k="local_y" v="15.1675"/>
    <tag k="ele" v="1.8626"/>
  </node>
  <node id="47275" lat="-3.61166082902" lon="59.39809145616">
    <tag k="local_x" v="-274.9373"/>
    <tag k="local_y" v="4.297"/>
    <tag k="ele" v="2.1426"/>
  </node>
  <node id="47276" lat="-3.61164930628" lon="59.39809354702">
    <tag k="local_x" v="-274.7097"/>
    <tag k="local_y" v="5.5741"/>
    <tag k="ele" v="2.1426"/>
  </node>
  <node id="47277" lat="-3.61163710781" lon="59.39809713594">
    <tag k="local_x" v="-274.3157"/>
    <tag k="local_y" v="6.9267"/>
    <tag k="ele" v="2.1426"/>
  </node>
  <node id="47278" lat="-3.6116172061" lon="59.39810535648">
    <tag k="local_x" v="-273.4097"/>
    <tag k="local_y" v="9.1345"/>
    <tag k="ele" v="1.6714"/>
  </node>
  <node id="47279" lat="-3.6115988985" lon="59.39811278619">
    <tag k="local_x" v="-272.591"/>
    <tag k="local_y" v="11.1654"/>
    <tag k="ele" v="1.4329"/>
  </node>
  <node id="47280" lat="-3.61158680928" lon="59.39811660115">
    <tag k="local_x" v="-272.1718"/>
    <tag k="local_y" v="12.506"/>
    <tag k="ele" v="1.4329"/>
  </node>
  <node id="47281" lat="-3.6115770448" lon="59.39811808745">
    <tag k="local_x" v="-272.0107"/>
    <tag k="local_y" v="13.5881"/>
    <tag k="ele" v="1.4329"/>
  </node>
  <node id="47282" lat="-3.61156057878" lon="59.39811862963">
    <tag k="local_x" v="-271.9576"/>
    <tag k="local_y" v="15.412"/>
    <tag k="ele" v="1.8626"/>
  </node>
  <node id="47286" lat="-3.61154580715" lon="59.39809188316">
    <tag k="local_x" v="-274.9403"/>
    <tag k="local_y" v="17.0362"/>
    <tag k="ele" v="1.7269"/>
  </node>
  <node id="47287" lat="-3.61153541552" lon="59.39808915626">
    <tag k="local_x" v="-275.2483"/>
    <tag k="local_y" v="18.1859"/>
    <tag k="ele" v="1.7269"/>
  </node>
  <node id="47288" lat="-3.61152787765" lon="59.39808588967">
    <tag k="local_x" v="-275.6151"/>
    <tag k="local_y" v="19.0193"/>
    <tag k="ele" v="2.5366"/>
  </node>
  <node id="47289" lat="-3.61152267883" lon="59.39808320428">
    <tag k="local_x" v="-275.9162"/>
    <tag k="local_y" v="19.5939"/>
    <tag k="ele" v="2.5366"/>
  </node>
  <node id="47290" lat="-3.61149506238" lon="59.39806574508">
    <tag k="local_x" v="-277.8711"/>
    <tag k="local_y" v="22.6448"/>
    <tag k="ele" v="3.0765"/>
  </node>
  <node id="47291" lat="-3.61147618705" lon="59.39805418983">
    <tag k="local_x" v="-279.1652"/>
    <tag k="local_y" v="24.7302"/>
    <tag k="ele" v="3.3328"/>
  </node>
  <node id="47292" lat="-3.61146676336" lon="59.39805101336">
    <tag k="local_x" v="-279.5228"/>
    <tag k="local_y" v="25.7725"/>
    <tag k="ele" v="3.3328"/>
  </node>
  <node id="47293" lat="-3.61145691762" lon="59.39804932407">
    <tag k="local_x" v="-279.7151"/>
    <tag k="local_y" v="26.8622"/>
    <tag k="ele" v="3.3328"/>
  </node>
  <node id="47294" lat="-3.6114513054" lon="59.39804848619">
    <tag k="local_x" v="-279.8108"/>
    <tag k="local_y" v="27.4834"/>
    <tag k="ele" v="2.2015"/>
  </node>
  <node id="47295" lat="-3.61154361046" lon="59.39811729017">
    <tag k="local_x" v="-272.1141"/>
    <tag k="local_y" v="17.2907"/>
    <tag k="ele" v="1.7269"/>
  </node>
  <node id="47296" lat="-3.61153105643" lon="59.39811503192">
    <tag k="local_x" v="-272.3709"/>
    <tag k="local_y" v="18.6801"/>
    <tag k="ele" v="1.7269"/>
  </node>
  <node id="47297" lat="-3.61152302648" lon="59.39811312787">
    <tag k="local_x" v="-272.5863"/>
    <tag k="local_y" v="19.5686"/>
    <tag k="ele" v="2.5366"/>
  </node>
  <node id="47298" lat="-3.6115110324" lon="59.39810818756">
    <tag k="local_x" v="-273.1413"/>
    <tag k="local_y" v="20.8948"/>
    <tag k="ele" v="2.5366"/>
  </node>
  <node id="47299" lat="-3.61148068576" lon="59.39808919522">
    <tag k="local_x" v="-275.268"/>
    <tag k="local_y" v="24.2474"/>
    <tag k="ele" v="3.0765"/>
  </node>
  <node id="47300" lat="-3.61146466084" lon="59.39807920499">
    <tag k="local_x" v="-276.3867"/>
    <tag k="local_y" v="26.0178"/>
    <tag k="ele" v="3.3328"/>
  </node>
  <node id="47301" lat="-3.61145843501" lon="59.39807619294">
    <tag k="local_x" v="-276.7246"/>
    <tag k="local_y" v="26.706"/>
    <tag k="ele" v="3.3328"/>
  </node>
  <node id="47302" lat="-3.61144919977" lon="59.39807386048">
    <tag k="local_x" v="-276.9882"/>
    <tag k="local_y" v="27.7278"/>
    <tag k="ele" v="2.2015"/>
  </node>
  <node id="47306" lat="-3.61131025826" lon="59.3980387674">
    <tag k="local_x" v="-280.9542"/>
    <tag k="local_y" v="43.1005"/>
    <tag k="ele" v="2.1426"/>
  </node>
  <node id="47307" lat="-3.61130013579" lon="59.39803855482">
    <tag k="local_x" v="-280.9823"/>
    <tag k="local_y" v="44.2215"/>
    <tag k="ele" v="2.1426"/>
  </node>
  <node id="47308" lat="-3.61129235671" lon="59.39803888208">
    <tag k="local_x" v="-280.9493"/>
    <tag k="local_y" v="45.0832"/>
    <tag k="ele" v="2.1426"/>
  </node>
  <node id="47309" lat="-3.61127454706" lon="59.39804370546">
    <tag k="local_x" v="-280.4204"/>
    <tag k="local_y" v="47.0578"/>
    <tag k="ele" v="2.1426"/>
  </node>
  <node id="47310" lat="-3.61125614424" lon="59.39805103398">
    <tag k="local_x" v="-279.613"/>
    <tag k="local_y" v="49.0992"/>
    <tag k="ele" v="1.6714"/>
  </node>
  <node id="47311" lat="-3.61124026514" lon="59.3980577046">
    <tag k="local_x" v="-278.8777"/>
    <tag k="local_y" v="50.8608"/>
    <tag k="ele" v="1.4329"/>
  </node>
  <node id="47312" lat="-3.61123294773" lon="59.39806036659">
    <tag k="local_x" v="-278.5847"/>
    <tag k="local_y" v="51.6724"/>
    <tag k="ele" v="1.4329"/>
  </node>
  <node id="47313" lat="-3.61122165075" lon="59.39806359877">
    <tag k="local_x" v="-278.23"/>
    <tag k="local_y" v="52.925"/>
    <tag k="ele" v="1.4329"/>
  </node>
  <node id="47314" lat="-3.61120987885" lon="59.39806592876">
    <tag k="local_x" v="-277.9759"/>
    <tag k="local_y" v="54.2298"/>
    <tag k="ele" v="1.8626"/>
  </node>
  <node id="47315" lat="-3.61130814639" lon="59.39806416149">
    <tag k="local_x" v="-278.1294"/>
    <tag k="local_y" v="43.3456"/>
    <tag k="ele" v="2.1426"/>
  </node>
  <node id="47316" lat="-3.61129649995" lon="59.39806625283">
    <tag k="local_x" v="-277.9018"/>
    <tag k="local_y" v="44.6364"/>
    <tag k="ele" v="2.1426"/>
  </node>
  <node id="47317" lat="-3.61128430148" lon="59.39806984175">
    <tag k="local_x" v="-277.5078"/>
    <tag k="local_y" v="45.989"/>
    <tag k="ele" v="2.1426"/>
  </node>
  <node id="47318" lat="-3.61126439978" lon="59.39807806228">
    <tag k="local_x" v="-276.6018"/>
    <tag k="local_y" v="48.1968"/>
    <tag k="ele" v="1.6714"/>
  </node>
  <node id="47319" lat="-3.61124609216" lon="59.39808549197">
    <tag k="local_x" v="-275.7831"/>
    <tag k="local_y" v="50.2277"/>
    <tag k="ele" v="1.4329"/>
  </node>
  <node id="47320" lat="-3.61123400294" lon="59.39808930692">
    <tag k="local_x" v="-275.3639"/>
    <tag k="local_y" v="51.5683"/>
    <tag k="ele" v="1.4329"/>
  </node>
  <node id="47321" lat="-3.61122423847" lon="59.39809079322">
    <tag k="local_x" v="-275.2028"/>
    <tag k="local_y" v="52.6504"/>
    <tag k="ele" v="1.4329"/>
  </node>
  <node id="47322" lat="-3.61120777245" lon="59.3980913354">
    <tag k="local_x" v="-275.1497"/>
    <tag k="local_y" v="54.4743"/>
    <tag k="ele" v="1.8626"/>
  </node>
  <node id="47423" lat="-3.61115617018" lon="59.39806095626">
    <tag k="local_x" v="-278.5528"/>
    <tag k="local_y" v="60.176"/>
    <tag k="ele" v="1.7262"/>
  </node>
  <node id="47424" lat="-3.61100830845" lon="59.39804888912">
    <tag k="local_x" v="-279.9605"/>
    <tag k="local_y" v="76.5468"/>
    <tag k="ele" v="1.7269"/>
  </node>
  <node id="47425" lat="-3.61115408376" lon="59.39808639338">
    <tag k="local_x" v="-275.7232"/>
    <tag k="local_y" v="60.4183"/>
    <tag k="ele" v="1.7262"/>
  </node>
  <node id="47426" lat="-3.61100611175" lon="59.39807429611">
    <tag k="local_x" v="-277.1343"/>
    <tag k="local_y" v="76.8013"/>
    <tag k="ele" v="1.7269"/>
  </node>
  <node id="47430" lat="-3.61098187063" lon="59.39804442908">
    <tag k="local_x" v="-280.4684"/>
    <tag k="local_y" v="79.4729"/>
    <tag k="ele" v="1.7269"/>
  </node>
  <node id="47432" lat="-3.61097738839" lon="59.39807022164">
    <tag k="local_x" v="-277.6003"/>
    <tag k="local_y" v="79.9807"/>
    <tag k="ele" v="1.7269"/>
  </node>
  <node id="47439" lat="-3.61095796352" lon="59.3980392545">
    <tag k="local_x" v="-281.0547"/>
    <tag k="local_y" v="82.1184"/>
    <tag k="ele" v="1.7269"/>
  </node>
  <node id="47440" lat="-3.61095222989" lon="59.39806732474">
    <tag k="local_x" v="-277.9337"/>
    <tag k="local_y" v="82.7658"/>
    <tag k="ele" v="1.8096"/>
  </node>
  <node id="47513" lat="-3.61286169275" lon="59.39528446087">
    <tag k="local_x" v="-586.7582"/>
    <tag k="local_y" v="-129.9417"/>
    <tag k="ele" v="1.8121"/>
  </node>
  <node id="47514" lat="-3.61285916477" lon="59.3953150608">
    <tag k="local_x" v="-583.3543"/>
    <tag k="local_y" v="-129.6482"/>
    <tag k="ele" v="1.8121"/>
  </node>
  <node id="47522" lat="-3.61258713502" lon="59.39526618287">
    <tag k="local_x" v="-588.9128"/>
    <tag k="local_y" v="-99.5416"/>
    <tag k="ele" v="2.2172"/>
  </node>
  <node id="47524" lat="-3.61257034733" lon="59.39526869089">
    <tag k="local_x" v="-588.6411"/>
    <tag k="local_y" v="-97.6812"/>
    <tag k="ele" v="2.2172"/>
  </node>
  <node id="47527" lat="-3.61259005955" lon="59.39529742716">
    <tag k="local_x" v="-585.4348"/>
    <tag k="local_y" v="-99.8517"/>
    <tag k="ele" v="2.2172"/>
  </node>
  <node id="47529" lat="-3.61257583625" lon="59.39529951705">
    <tag k="local_x" v="-585.2085"/>
    <tag k="local_y" v="-98.2755"/>
    <tag k="ele" v="2.2172"/>
  </node>
  <node id="47533" lat="-3.61294521251" lon="59.39541686311">
    <tag k="local_x" v="-571.9884"/>
    <tag k="local_y" v="-139.1333"/>
    <tag k="ele" v="1.2602"/>
  </node>
  <node id="47534" lat="-3.61295549492" lon="59.39541552839">
    <tag k="local_x" v="-572.1324"/>
    <tag k="local_y" v="-140.2727"/>
    <tag k="ele" v="1.2602"/>
  </node>
  <node id="47535" lat="-3.61296697139" lon="59.39541113077">
    <tag k="local_x" v="-572.6167"/>
    <tag k="local_y" v="-141.5457"/>
    <tag k="ele" v="1.2602"/>
  </node>
  <node id="47536" lat="-3.61297749743" lon="59.3954040966">
    <tag k="local_x" v="-573.3948"/>
    <tag k="local_y" v="-142.7146"/>
    <tag k="ele" v="1.2602"/>
  </node>
  <node id="47537" lat="-3.61298645718" lon="59.39539463861">
    <tag k="local_x" v="-574.4433"/>
    <tag k="local_y" v="-143.7111"/>
    <tag k="ele" v="1.2602"/>
  </node>
  <node id="47538" lat="-3.61299242495" lon="59.39538547103">
    <tag k="local_x" v="-575.4608"/>
    <tag k="local_y" v="-144.3761"/>
    <tag k="ele" v="1.2602"/>
  </node>
  <node id="47539" lat="-3.61291864555" lon="59.39538838847">
    <tag k="local_x" v="-575.1686"/>
    <tag k="local_y" v="-136.2035"/>
    <tag k="ele" v="1.2602"/>
  </node>
  <node id="47541" lat="-3.61293692458" lon="59.39538219269">
    <tag k="local_x" v="-575.85"/>
    <tag k="local_y" v="-138.2307"/>
    <tag k="ele" v="1.2602"/>
  </node>
  <node id="47543" lat="-3.61294620168" lon="59.39537420097">
    <tag k="local_x" v="-576.7352"/>
    <tag k="local_y" v="-139.2617"/>
    <tag k="ele" v="1.2602"/>
  </node>
  <node id="47548" lat="-3.6129964079" lon="59.39533663127">
    <tag k="local_x" v="-580.8937"/>
    <tag k="local_y" v="-144.8388"/>
    <tag k="ele" v="1.2206"/>
  </node>
  <node id="47549" lat="-3.61299283073" lon="59.39532693434">
    <tag k="local_x" v="-581.9743"/>
    <tag k="local_y" v="-144.4469"/>
    <tag k="ele" v="1.2206"/>
  </node>
  <node id="47550" lat="-3.61298671967" lon="59.39531625079">
    <tag k="local_x" v="-583.1658"/>
    <tag k="local_y" v="-143.7748"/>
    <tag k="ele" v="1.2206"/>
  </node>
  <node id="47551" lat="-3.61297877753" lon="59.39530715525">
    <tag k="local_x" v="-584.1814"/>
    <tag k="local_y" v="-142.8992"/>
    <tag k="ele" v="1.2206"/>
  </node>
  <node id="47552" lat="-3.61296938741" lon="59.39529994006">
    <tag k="local_x" v="-584.9884"/>
    <tag k="local_y" v="-141.8624"/>
    <tag k="ele" v="1.2206"/>
  </node>
  <node id="47553" lat="-3.61295897358" lon="59.39529481204">
    <tag k="local_x" v="-585.5636"/>
    <tag k="local_y" v="-140.7113"/>
    <tag k="ele" v="1.2206"/>
  </node>
  <node id="47554" lat="-3.61294941647" lon="59.39529236317">
    <tag k="local_x" v="-585.8403"/>
    <tag k="local_y" v="-139.6539"/>
    <tag k="ele" v="1.2206"/>
  </node>
  <node id="47558" lat="-3.61294794804" lon="59.39533484567">
    <tag k="local_x" v="-581.1137"/>
    <tag k="local_y" v="-139.4725"/>
    <tag k="ele" v="1.2206"/>
  </node>
  <node id="47559" lat="-3.61294327604" lon="59.39532887087">
    <tag k="local_x" v="-581.7806"/>
    <tag k="local_y" v="-138.9577"/>
    <tag k="ele" v="1.2206"/>
  </node>
  <node id="47560" lat="-3.61293320551" lon="59.3953233362">
    <tag k="local_x" v="-582.4009"/>
    <tag k="local_y" v="-137.8448"/>
    <tag k="ele" v="1.2206"/>
  </node>
  <node id="47561" lat="-3.61292030614" lon="59.39532006028">
    <tag k="local_x" v="-582.7711"/>
    <tag k="local_y" v="-136.4176"/>
    <tag k="ele" v="1.2206"/>
  </node>
  <node id="47588" lat="-3.61100385339" lon="59.39678814615">
    <tag k="local_x" v="-420.2518"/>
    <tag k="local_y" v="76.4839"/>
    <tag k="ele" v="1.7895"/>
  </node>
  <node id="47589" lat="-3.61097762079" lon="59.39679439482">
    <tag k="local_x" v="-419.568"/>
    <tag k="local_y" v="79.392"/>
    <tag k="ele" v="1.7895"/>
  </node>
  <node id="47595" lat="-3.61100577458" lon="59.39681120659">
    <tag k="local_x" v="-417.6849"/>
    <tag k="local_y" v="76.2813"/>
    <tag k="ele" v="1.8513"/>
  </node>
  <node id="47596" lat="-3.61100590854" lon="59.39680381178">
    <tag k="local_x" v="-418.5077"/>
    <tag k="local_y" v="76.2632"/>
    <tag k="ele" v="1.8513"/>
  </node>
  <node id="47597" lat="-3.61100547912" lon="59.39679642729">
    <tag k="local_x" v="-419.3296"/>
    <tag k="local_y" v="76.3075"/>
    <tag k="ele" v="1.8513"/>
  </node>
  <node id="47598" lat="-3.61098058289" lon="59.3968122101">
    <tag k="local_x" v="-417.5843"/>
    <tag k="local_y" v="79.0718"/>
    <tag k="ele" v="1.8513"/>
  </node>
  <node id="47599" lat="-3.61097989669" lon="59.39680586638">
    <tag k="local_x" v="-418.2905"/>
    <tag k="local_y" v="79.145"/>
    <tag k="ele" v="1.8513"/>
  </node>
  <node id="47600" lat="-3.61097869431" lon="59.3967995975">
    <tag k="local_x" v="-418.9886"/>
    <tag k="local_y" v="79.2754"/>
    <tag k="ele" v="1.8513"/>
  </node>
  <node id="47604" lat="-3.61169186168" lon="59.39806847499">
    <tag k="local_x" v="-277.4809"/>
    <tag k="local_y" v="0.8499"/>
    <tag k="ele" v="2.172"/>
  </node>
  <node id="47605" lat="-3.61168972541" lon="59.39809386109">
    <tag k="local_x" v="-274.657"/>
    <tag k="local_y" v="1.0977"/>
    <tag k="ele" v="2.172"/>
  </node>
  <node id="47611" lat="-3.61134003719" lon="59.39804081928">
    <tag k="local_x" v="-280.7128"/>
    <tag k="local_y" v="39.8033"/>
    <tag k="ele" v="2.172"/>
  </node>
  <node id="47612" lat="-3.61133827122" lon="59.39806623267">
    <tag k="local_x" v="-277.8857"/>
    <tag k="local_y" v="40.0101"/>
    <tag k="ele" v="2.172"/>
  </node>
  <node id="47618" lat="-3.61080982665" lon="59.39742434207">
    <tag k="local_x" v="-349.5442"/>
    <tag k="local_y" v="98.2537"/>
    <tag k="ele" v="1.8128"/>
  </node>
  <node id="47619" lat="-3.61086693121" lon="59.3974293335">
    <tag k="local_x" v="-348.9637"/>
    <tag k="local_y" v="91.9314"/>
    <tag k="ele" v="1.8118"/>
  </node>
  <node id="47620" lat="-3.61081207022" lon="59.39739891784">
    <tag k="local_x" v="-352.3723"/>
    <tag k="local_y" v="97.994"/>
    <tag k="ele" v="1.8128"/>
  </node>
  <node id="47621" lat="-3.61086917477" lon="59.39740390927">
    <tag k="local_x" v="-351.7918"/>
    <tag k="local_y" v="91.6717"/>
    <tag k="ele" v="1.8118"/>
  </node>
  <node id="47628" lat="-3.6108788767" lon="59.39742933308">
    <tag k="local_x" v="-348.9585"/>
    <tag k="local_y" v="90.6084"/>
    <tag k="ele" v="1.8118"/>
  </node>
  <node id="47629" lat="-3.61088877304" lon="59.39742808531">
    <tag k="local_x" v="-349.093"/>
    <tag k="local_y" v="89.5118"/>
    <tag k="ele" v="1.8118"/>
  </node>
  <node id="47630" lat="-3.61089935571" lon="59.39742505456">
    <tag k="local_x" v="-349.4256"/>
    <tag k="local_y" v="88.3384"/>
    <tag k="ele" v="1.8118"/>
  </node>
  <node id="47631" lat="-3.61090937034" lon="59.39742040933">
    <tag k="local_x" v="-349.9381"/>
    <tag k="local_y" v="87.2272"/>
    <tag k="ele" v="1.8118"/>
  </node>
  <node id="47632" lat="-3.61091857083" lon="59.39741425216">
    <tag k="local_x" v="-350.6192"/>
    <tag k="local_y" v="86.2055"/>
    <tag k="ele" v="1.8118"/>
  </node>
  <node id="47633" lat="-3.61092672662" lon="59.39740672323">
    <tag k="local_x" v="-351.4534"/>
    <tag k="local_y" v="85.2989"/>
    <tag k="ele" v="1.8118"/>
  </node>
  <node id="47634" lat="-3.61093363161" lon="59.39739799593">
    <tag k="local_x" v="-352.4215"/>
    <tag k="local_y" v="84.5303"/>
    <tag k="ele" v="1.8118"/>
  </node>
  <node id="47635" lat="-3.61093911057" lon="59.39738827492">
    <tag k="local_x" v="-353.5008"/>
    <tag k="local_y" v="83.9192"/>
    <tag k="ele" v="1.8118"/>
  </node>
  <node id="47636" lat="-3.61094268569" lon="59.39737888405">
    <tag k="local_x" v="-354.5442"/>
    <tag k="local_y" v="83.5191"/>
    <tag k="ele" v="1.8118"/>
  </node>
  <node id="47637" lat="-3.61087514279" lon="59.39740408252">
    <tag k="local_x" v="-351.7699"/>
    <tag k="local_y" v="91.0108"/>
    <tag k="ele" v="1.8118"/>
  </node>
  <node id="47638" lat="-3.61088297016" lon="59.39740273417">
    <tag k="local_x" v="-351.9165"/>
    <tag k="local_y" v="90.1433"/>
    <tag k="ele" v="1.8118"/>
  </node>
  <node id="47639" lat="-3.61088949186" lon="59.39740046265">
    <tag k="local_x" v="-352.1664"/>
    <tag k="local_y" v="89.42"/>
    <tag k="ele" v="1.8118"/>
  </node>
  <node id="47640" lat="-3.61089554743" lon="59.39739722779">
    <tag k="local_x" v="-352.5237"/>
    <tag k="local_y" v="88.7479"/>
    <tag k="ele" v="1.8118"/>
  </node>
  <node id="47641" lat="-3.61090099366" lon="59.39739311913">
    <tag k="local_x" v="-352.9785"/>
    <tag k="local_y" v="88.1429"/>
    <tag k="ele" v="1.8118"/>
  </node>
  <node id="47642" lat="-3.6109057073" lon="59.3973882441">
    <tag k="local_x" v="-353.5189"/>
    <tag k="local_y" v="87.6187"/>
    <tag k="ele" v="1.8118"/>
  </node>
  <node id="47643" lat="-3.61090958138" lon="59.39738272982">
    <tag k="local_x" v="-354.1308"/>
    <tag k="local_y" v="87.1872"/>
    <tag k="ele" v="1.8118"/>
  </node>
  <node id="47644" lat="-3.61091253071" lon="59.39737671684">
    <tag k="local_x" v="-354.7986"/>
    <tag k="local_y" v="86.8579"/>
    <tag k="ele" v="1.8118"/>
  </node>
  <node id="47645" lat="-3.61091482871" lon="59.39736926227">
    <tag k="local_x" v="-355.6271"/>
    <tag k="local_y" v="86.6001"/>
    <tag k="ele" v="1.8118"/>
  </node>
  <node id="47649" lat="-3.6109300731" lon="59.39672312276">
    <tag k="local_x" v="-427.5197"/>
    <tag k="local_y" v="84.6266"/>
    <tag k="ele" v="1.754"/>
  </node>
  <node id="47651" lat="-3.61095528089" lon="59.39672502999">
    <tag k="local_x" v="-427.2964"/>
    <tag k="local_y" v="81.8356"/>
    <tag k="ele" v="1.7619"/>
  </node>
  <node id="47659" lat="-3.61094125073" lon="59.3968388142">
    <tag k="local_x" v="-414.6412"/>
    <tag k="local_y" v="83.4397"/>
    <tag k="ele" v="1.7515"/>
  </node>
  <node id="47660" lat="-3.61093704317" lon="59.39685036977">
    <tag k="local_x" v="-413.3572"/>
    <tag k="local_y" v="83.9108"/>
    <tag k="ele" v="1.7438"/>
  </node>
  <node id="47662" lat="-3.61091663365" lon="59.39682993453">
    <tag k="local_x" v="-415.6401"/>
    <tag k="local_y" v="86.1622"/>
    <tag k="ele" v="1.7515"/>
  </node>
  <node id="47663" lat="-3.61091242609" lon="59.3968414901">
    <tag k="local_x" v="-414.3561"/>
    <tag k="local_y" v="86.6333"/>
    <tag k="ele" v="1.7438"/>
  </node>
  <node id="47666" lat="-3.61092420319" lon="59.39680059265">
    <tag k="local_x" v="-418.9018"/>
    <tag k="local_y" v="85.3109"/>
    <tag k="ele" v="1.9466"/>
  </node>
  <node id="47667" lat="-3.61092283813" lon="59.39680833021">
    <tag k="local_x" v="-418.0414"/>
    <tag k="local_y" v="85.4655"/>
    <tag k="ele" v="1.9466"/>
  </node>
  <node id="47668" lat="-3.6109211183" lon="59.39681563423">
    <tag k="local_x" v="-417.2294"/>
    <tag k="local_y" v="85.6592"/>
    <tag k="ele" v="1.9466"/>
  </node>
  <node id="47669" lat="-3.61091890008" lon="59.39682317026">
    <tag k="local_x" v="-416.3918"/>
    <tag k="local_y" v="85.9082"/>
    <tag k="ele" v="1.9466"/>
  </node>
  <node id="47670" lat="-3.61094917963" lon="59.39680448596">
    <tag k="local_x" v="-418.4576"/>
    <tag k="local_y" v="82.5464"/>
    <tag k="ele" v="1.9466"/>
  </node>
  <node id="47671" lat="-3.61094799357" lon="59.39681295973">
    <tag k="local_x" v="-417.5152"/>
    <tag k="local_y" v="82.6815"/>
    <tag k="ele" v="1.9466"/>
  </node>
  <node id="47672" lat="-3.61094627225" lon="59.39682170252">
    <tag k="local_x" v="-416.5431"/>
    <tag k="local_y" v="82.876"/>
    <tag k="ele" v="1.9466"/>
  </node>
  <node id="47673" lat="-3.61094416813" lon="59.39683000198">
    <tag k="local_x" v="-415.6205"/>
    <tag k="local_y" v="83.1127"/>
    <tag k="ele" v="1.9466"/>
  </node>
  <node id="47677" lat="-3.61090223128" lon="59.39687070485">
    <tag k="local_x" v="-411.1097"/>
    <tag k="local_y" v="87.7753"/>
    <tag k="ele" v="1.7296"/>
  </node>
  <node id="47678" lat="-3.61090130079" lon="59.39687715291">
    <tag k="local_x" v="-410.3926"/>
    <tag k="local_y" v="87.8812"/>
    <tag k="ele" v="1.7296"/>
  </node>
  <node id="47679" lat="-3.61092782981" lon="59.39687618277">
    <tag k="local_x" v="-410.4889"/>
    <tag k="local_y" v="84.9426"/>
    <tag k="ele" v="1.7296"/>
  </node>
  <node id="47680" lat="-3.61092601643" lon="59.39688244199">
    <tag k="local_x" v="-409.7932"/>
    <tag k="local_y" v="85.1462"/>
    <tag k="ele" v="1.7296"/>
  </node>
  <node id="47712" lat="-3.61040900534" lon="59.39529099976">
    <tag k="local_x" v="-587.1086"/>
    <tag k="local_y" v="141.7044"/>
    <tag k="ele" v="2.8112"/>
  </node>
  <node id="47713" lat="-3.61037915536" lon="59.39528854653">
    <tag k="local_x" v="-587.3947"/>
    <tag k="local_y" v="145.0093"/>
    <tag k="ele" v="1.9444"/>
  </node>
  <node id="47715" lat="-3.61041123497" lon="59.39526413149">
    <tag k="local_x" v="-590.0974"/>
    <tag k="local_y" v="141.4456"/>
    <tag k="ele" v="2.8112"/>
  </node>
  <node id="47716" lat="-3.610381385" lon="59.39526167826">
    <tag k="local_x" v="-590.3835"/>
    <tag k="local_y" v="144.7505"/>
    <tag k="ele" v="1.9444"/>
  </node>
  <node id="47720" lat="-3.61048400534" lon="59.39533040779">
    <tag k="local_x" v="-582.6905"/>
    <tag k="local_y" v="133.4153"/>
    <tag k="ele" v="2.3463"/>
  </node>
  <node id="47722" lat="-3.61047766303" lon="59.39531040326">
    <tag k="local_x" v="-584.9193"/>
    <tag k="local_y" v="134.1089"/>
    <tag k="ele" v="2.3463"/>
  </node>
  <node id="47724" lat="-3.61046632319" lon="59.39529267772">
    <tag k="local_x" v="-586.8967"/>
    <tag k="local_y" v="135.357"/>
    <tag k="ele" v="2.3463"/>
  </node>
  <node id="47726" lat="-3.61045073825" lon="59.39527844411">
    <tag k="local_x" v="-588.4874"/>
    <tag k="local_y" v="137.0768"/>
    <tag k="ele" v="2.3463"/>
  </node>
  <node id="47728" lat="-3.61043195498" lon="59.39526868412">
    <tag k="local_x" v="-589.5817"/>
    <tag k="local_y" v="139.1528"/>
    <tag k="ele" v="2.3463"/>
  </node>
  <node id="47731" lat="-3.610458644" lon="59.39533504892">
    <tag k="local_x" v="-582.1852"/>
    <tag k="local_y" v="136.2262"/>
    <tag k="ele" v="2.3463"/>
  </node>
  <node id="47733" lat="-3.61045410628" lon="59.39532153106">
    <tag k="local_x" v="-583.6914"/>
    <tag k="local_y" v="136.7228"/>
    <tag k="ele" v="2.3463"/>
  </node>
  <node id="47735" lat="-3.61044623351" lon="59.39530967183">
    <tag k="local_x" v="-585.0145"/>
    <tag k="local_y" v="137.5895"/>
    <tag k="ele" v="2.3463"/>
  </node>
  <node id="47737" lat="-3.61043557872" lon="59.39530026348">
    <tag k="local_x" v="-586.0661"/>
    <tag k="local_y" v="138.7654"/>
    <tag k="ele" v="2.3463"/>
  </node>
  <node id="47739" lat="-3.61042287576" lon="59.39529393218">
    <tag k="local_x" v="-586.7762"/>
    <tag k="local_y" v="140.1695"/>
    <tag k="ele" v="2.3463"/>
  </node>
  <node id="47767" lat="-3.61032426367" lon="59.39540060193">
    <tag k="local_x" v="-574.9498"/>
    <tag k="local_y" v="151.1382"/>
    <tag k="ele" v="2.0024"/>
  </node>
  <node id="47768" lat="-3.61024875285" lon="59.39628906028">
    <tag k="local_x" v="-476.1194"/>
    <tag k="local_y" v="159.8934"/>
    <tag k="ele" v="1.8258"/>
  </node>
  <node id="47770" lat="-3.61029727302" lon="59.39539832972">
    <tag k="local_x" v="-575.2145"/>
    <tag k="local_y" v="154.1265"/>
    <tag k="ele" v="2.0024"/>
  </node>
  <node id="47771" lat="-3.61022176218" lon="59.39628678714">
    <tag k="local_x" v="-476.3842"/>
    <tag k="local_y" v="162.8817"/>
    <tag k="ele" v="1.8258"/>
  </node>
  <node id="47774" lat="-3.61024776839" lon="59.39629963614">
    <tag k="local_x" v="-474.943"/>
    <tag k="local_y" v="160.0071"/>
    <tag k="ele" v="1.8709"/>
  </node>
  <node id="47777" lat="-3.61022075623" lon="59.39629763808">
    <tag k="local_x" v="-475.1772"/>
    <tag k="local_y" v="162.9979"/>
    <tag k="ele" v="1.8709"/>
  </node>
  <node id="47785" lat="-3.61036084425" lon="59.39526291146">
    <tag k="local_x" v="-590.2553"/>
    <tag k="local_y" v="147.026"/>
    <tag k="ele" v="1.9444"/>
  </node>
  <node id="47787" lat="-3.61034148285" lon="59.39526984656">
    <tag k="local_x" v="-589.4921"/>
    <tag k="local_y" v="149.1734"/>
    <tag k="ele" v="1.9444"/>
  </node>
  <node id="47789" lat="-3.61032486422" lon="59.39528192471">
    <tag k="local_x" v="-588.1554"/>
    <tag k="local_y" v="151.0193"/>
    <tag k="ele" v="1.9444"/>
  </node>
  <node id="47791" lat="-3.61031233159" lon="59.39529816824">
    <tag k="local_x" v="-586.3534"/>
    <tag k="local_y" v="152.4145"/>
    <tag k="ele" v="1.9444"/>
  </node>
  <node id="47793" lat="-3.61030514825" lon="59.39531633806">
    <tag k="local_x" v="-584.3347"/>
    <tag k="local_y" v="153.2181"/>
    <tag k="ele" v="1.9444"/>
  </node>
  <node id="47795" lat="-3.61036630194" lon="59.39528931801">
    <tag k="local_x" v="-587.3145"/>
    <tag k="local_y" v="146.4332"/>
    <tag k="ele" v="1.9444"/>
  </node>
  <node id="47797" lat="-3.61035418506" lon="59.39529365881">
    <tag k="local_x" v="-586.8368"/>
    <tag k="local_y" v="147.7771"/>
    <tag k="ele" v="1.9444"/>
  </node>
  <node id="47799" lat="-3.61034378479" lon="59.39530121635">
    <tag k="local_x" v="-586.0004"/>
    <tag k="local_y" v="148.9323"/>
    <tag k="ele" v="1.9444"/>
  </node>
  <node id="47801" lat="-3.61033594203" lon="59.39531138253">
    <tag k="local_x" v="-584.8726"/>
    <tag k="local_y" v="149.8054"/>
    <tag k="ele" v="1.9444"/>
  </node>
  <node id="47803" lat="-3.61033103911" lon="59.39532426186">
    <tag k="local_x" v="-583.4416"/>
    <tag k="local_y" v="150.3541"/>
    <tag k="ele" v="1.9444"/>
  </node>
  <node id="47846" lat="-3.61015472904" lon="59.39718169484">
    <tag k="local_x" v="-376.8325"/>
    <tag k="local_y" v="170.7007"/>
    <tag k="ele" v="1.8293"/>
  </node>
  <node id="47847" lat="-3.61018174122" lon="59.39718369294">
    <tag k="local_x" v="-376.5983"/>
    <tag k="local_y" v="167.7099"/>
    <tag k="ele" v="1.8293"/>
  </node>
  <node id="47886" lat="-3.61019969508" lon="59.39728760837">
    <tag k="local_x" v="-365.0272"/>
    <tag k="local_y" v="165.7673"/>
    <tag k="ele" v="1.7121"/>
  </node>
  <node id="47887" lat="-3.61022408361" lon="59.39726880267">
    <tag k="local_x" v="-367.1091"/>
    <tag k="local_y" v="163.0579"/>
    <tag k="ele" v="1.7269"/>
  </node>
  <node id="47894" lat="-3.61015476526" lon="59.39720144033">
    <tag k="local_x" v="-374.6353"/>
    <tag k="local_y" v="170.7054"/>
    <tag k="ele" v="1.8293"/>
  </node>
  <node id="47896" lat="-3.61015813335" lon="59.39722099383">
    <tag k="local_x" v="-372.458"/>
    <tag k="local_y" v="170.341"/>
    <tag k="ele" v="1.8293"/>
  </node>
  <node id="47898" lat="-3.61016507274" lon="59.39723971275">
    <tag k="local_x" v="-370.372"/>
    <tag k="local_y" v="169.5807"/>
    <tag k="ele" v="1.8293"/>
  </node>
  <node id="47901" lat="-3.61018231368" lon="59.3971984298">
    <tag k="local_x" v="-374.9582"/>
    <tag k="local_y" v="167.653"/>
    <tag k="ele" v="1.8293"/>
  </node>
  <node id="47903" lat="-3.61018586827" lon="59.39721266872">
    <tag k="local_x" v="-373.3722"/>
    <tag k="local_y" v="167.2656"/>
    <tag k="ele" v="1.8293"/>
  </node>
  <node id="47905" lat="-3.61019193081" lon="59.39722591639">
    <tag k="local_x" v="-371.8954"/>
    <tag k="local_y" v="166.6"/>
    <tag k="ele" v="1.8293"/>
  </node>
  <node id="47911" lat="-3.61021171249" lon="59.39730090084">
    <tag k="local_x" v="-363.5428"/>
    <tag k="local_y" v="164.4422"/>
    <tag k="ele" v="1.7195"/>
  </node>
  <node id="47913" lat="-3.61022559252" lon="59.39731235986">
    <tag k="local_x" v="-362.2616"/>
    <tag k="local_y" v="162.91"/>
    <tag k="ele" v="1.7195"/>
  </node>
  <node id="47916" lat="-3.61023320193" lon="59.39727964242">
    <tag k="local_x" v="-365.8989"/>
    <tag k="local_y" v="162.0528"/>
    <tag k="ele" v="1.7195"/>
  </node>
  <node id="47918" lat="-3.61024343723" lon="59.397289367">
    <tag k="local_x" v="-364.8123"/>
    <tag k="local_y" v="160.9235"/>
    <tag k="ele" v="1.7195"/>
  </node>
  <node id="47923" lat="-3.61017700833" lon="59.39725785478">
    <tag k="local_x" v="-368.348"/>
    <tag k="local_y" v="168.2668"/>
    <tag k="ele" v="1.7707"/>
  </node>
  <node id="47924" lat="-3.61020136551" lon="59.39723933857">
    <tag k="local_x" v="-370.3977"/>
    <tag k="local_y" v="165.561"/>
    <tag k="ele" v="1.7781"/>
  </node>
  <node id="47930" lat="-3.61024071258" lon="59.39732186387">
    <tag k="local_x" v="-361.1974"/>
    <tag k="local_y" v="161.2396"/>
    <tag k="ele" v="1.7173"/>
  </node>
  <node id="47931" lat="-3.61025523145" lon="59.39729740402">
    <tag k="local_x" v="-363.9128"/>
    <tag k="local_y" v="159.6208"/>
    <tag k="ele" v="1.7173"/>
  </node>
  <node id="47989" lat="-3.61030315602" lon="59.39533707736">
    <tag k="local_x" v="-582.0278"/>
    <tag k="local_y" v="153.4479"/>
    <tag k="ele" v="1.9734"/>
  </node>
  <node id="47990" lat="-3.61032968333" lon="59.39533953923">
    <tag k="local_x" v="-581.7422"/>
    <tag k="local_y" v="150.511"/>
    <tag k="ele" v="1.9734"/>
  </node>
  <node id="48001" lat="-3.61036093286" lon="59.3951607799">
    <tag k="local_x" v="-601.62"/>
    <tag k="local_y" v="146.9711"/>
    <tag k="ele" v="2.1041"/>
  </node>
  <node id="48002" lat="-3.61035466704" lon="59.39524287213">
    <tag k="local_x" v="-592.4879"/>
    <tag k="local_y" v="147.7013"/>
    <tag k="ele" v="2.0743"/>
  </node>
  <node id="48004" lat="-3.61031434532" lon="59.39515642197">
    <tag k="local_x" v="-602.1254"/>
    <tag k="local_y" v="152.1289"/>
    <tag k="ele" v="2.1041"/>
  </node>
  <node id="48005" lat="-3.6103080795" lon="59.3952385142">
    <tag k="local_x" v="-592.9933"/>
    <tag k="local_y" v="152.8591"/>
    <tag k="ele" v="2.0743"/>
  </node>
  <node id="48034" lat="-3.61023363443" lon="59.398428791">
    <tag k="local_x" v="-238.027"/>
    <tag k="local_y" v="162.5118"/>
    <tag k="ele" v="1.9087"/>
  </node>
  <node id="48035" lat="-3.61023594678" lon="59.39839614026">
    <tag k="local_x" v="-241.6592"/>
    <tag k="local_y" v="162.2413"/>
    <tag k="ele" v="1.9043"/>
  </node>
  <node id="48036" lat="-3.61024369077" lon="59.39828814576">
    <tag k="local_x" v="-253.6729"/>
    <tag k="local_y" v="161.336"/>
    <tag k="ele" v="0.611"/>
  </node>
  <node id="48038" lat="-3.61020750883" lon="59.39842700954">
    <tag k="local_x" v="-238.2367"/>
    <tag k="local_y" v="165.4045"/>
    <tag k="ele" v="1.9087"/>
  </node>
  <node id="48039" lat="-3.61020982459" lon="59.39839430756">
    <tag k="local_x" v="-241.8746"/>
    <tag k="local_y" v="165.1336"/>
    <tag k="ele" v="1.9043"/>
  </node>
  <node id="48040" lat="-3.61021760587" lon="59.39828638033">
    <tag k="local_x" v="-253.8808"/>
    <tag k="local_y" v="164.2242"/>
    <tag k="ele" v="0.611"/>
  </node>
  <node id="48045" lat="-3.61025047461" lon="59.39818890995">
    <tag k="local_x" v="-264.7124"/>
    <tag k="local_y" v="160.5409"/>
    <tag k="ele" v="1.2599"/>
  </node>
  <node id="48046" lat="-3.61022436263" lon="59.39818714552">
    <tag k="local_x" v="-264.9202"/>
    <tag k="local_y" v="163.4321"/>
    <tag k="ele" v="1.2599"/>
  </node>
  <node id="48052" lat="-3.61027799026" lon="59.39804888874">
    <tag k="local_x" v="-280.2812"/>
    <tag k="local_y" v="157.4317"/>
    <tag k="ele" v="-0.6867"/>
  </node>
  <node id="48053" lat="-3.61025593215" lon="59.39803437682">
    <tag k="local_x" v="-281.9057"/>
    <tag k="local_y" v="159.8683"/>
    <tag k="ele" v="-0.6867"/>
  </node>
  <node id="48059" lat="-3.61025620575" lon="59.39810783689">
    <tag k="local_x" v="-273.7313"/>
    <tag k="local_y" v="159.8704"/>
    <tag k="ele" v="1.7412"/>
  </node>
  <node id="48061" lat="-3.61025916563" lon="59.39809200137">
    <tag k="local_x" v="-275.4921"/>
    <tag k="local_y" v="159.5356"/>
    <tag k="ele" v="1.7412"/>
  </node>
  <node id="48063" lat="-3.61026383161" lon="59.39807697242">
    <tag k="local_x" v="-277.1624"/>
    <tag k="local_y" v="159.0122"/>
    <tag k="ele" v="1.7412"/>
  </node>
  <node id="48065" lat="-3.61027019397" lon="59.39806257753">
    <tag k="local_x" v="-278.7614"/>
    <tag k="local_y" v="158.3012"/>
    <tag k="ele" v="1.7412"/>
  </node>
  <node id="48067" lat="-3.61023034314" lon="59.39810384546">
    <tag k="local_x" v="-274.1868"/>
    <tag k="local_y" v="162.733"/>
    <tag k="ele" v="1.7412"/>
  </node>
  <node id="48069" lat="-3.6102336689" lon="59.39808579328">
    <tag k="local_x" v="-276.1941"/>
    <tag k="local_y" v="162.3567"/>
    <tag k="ele" v="1.7412"/>
  </node>
  <node id="48071" lat="-3.61023914411" lon="59.3980678728">
    <tag k="local_x" v="-278.1858"/>
    <tag k="local_y" v="161.7424"/>
    <tag k="ele" v="1.7412"/>
  </node>
  <node id="48073" lat="-3.61024664658" lon="59.39805069112">
    <tag k="local_x" v="-280.0944"/>
    <tag k="local_y" v="160.9039"/>
    <tag k="ele" v="1.7412"/>
  </node>
  <node id="48113" lat="-3.61024645027" lon="59.39859112">
    <tag k="local_x" v="-219.9582"/>
    <tag k="local_y" v="161.164"/>
    <tag k="ele" v="0.141"/>
  </node>
  <node id="48115" lat="-3.61024005114" lon="59.39856771322">
    <tag k="local_x" v="-222.5656"/>
    <tag k="local_y" v="161.8624"/>
    <tag k="ele" v="0.141"/>
  </node>
  <node id="48117" lat="-3.61023530007" lon="59.39854414447">
    <tag k="local_x" v="-225.1903"/>
    <tag k="local_y" v="162.3782"/>
    <tag k="ele" v="0.141"/>
  </node>
  <node id="48119" lat="-3.61023215333" lon="59.39852031237">
    <tag k="local_x" v="-227.8436"/>
    <tag k="local_y" v="162.7162"/>
    <tag k="ele" v="0.141"/>
  </node>
  <node id="48121" lat="-3.6102306267" lon="59.39849632561">
    <tag k="local_x" v="-230.5134"/>
    <tag k="local_y" v="162.8747"/>
    <tag k="ele" v="0.141"/>
  </node>
  <node id="48123" lat="-3.61023073237" lon="59.39847207358">
    <tag k="local_x" v="-233.212"/>
    <tag k="local_y" v="162.8523"/>
    <tag k="ele" v="0.141"/>
  </node>
  <node id="48124" lat="-3.61022157128" lon="59.39859833114">
    <tag k="local_x" v="-219.1667"/>
    <tag k="local_y" v="163.9226"/>
    <tag k="ele" v="0.141"/>
  </node>
  <node id="48126" lat="-3.61021478525" lon="59.39857367763">
    <tag k="local_x" v="-221.913"/>
    <tag k="local_y" v="164.6633"/>
    <tag k="ele" v="0.141"/>
  </node>
  <node id="48128" lat="-3.61020963285" lon="59.39854841107">
    <tag k="local_x" v="-224.7268"/>
    <tag k="local_y" v="165.2228"/>
    <tag k="ele" v="0.141"/>
  </node>
  <node id="48130" lat="-3.61020620206" lon="59.39852285465">
    <tag k="local_x" v="-227.5721"/>
    <tag k="local_y" v="165.5915"/>
    <tag k="ele" v="0.141"/>
  </node>
  <node id="48132" lat="-3.61020450686" lon="59.39849712422">
    <tag k="local_x" v="-230.436"/>
    <tag k="local_y" v="165.7679"/>
    <tag k="ele" v="0.141"/>
  </node>
  <node id="48134" lat="-3.61020455132" lon="59.39847155678">
    <tag k="local_x" v="-233.281"/>
    <tag k="local_y" v="165.7517"/>
    <tag k="ele" v="0.141"/>
  </node>
  <node id="48140" lat="-3.6103243795" lon="59.39870831779">
    <tag k="local_x" v="-206.8828"/>
    <tag k="local_y" v="152.5848"/>
    <tag k="ele" v="1.9169"/>
  </node>
  <node id="48143" lat="-3.61032214247" lon="59.39873698533">
    <tag k="local_x" v="-203.6938"/>
    <tag k="local_y" v="152.8452"/>
    <tag k="ele" v="1.9169"/>
  </node>
  <node id="48154" lat="-3.61034428696" lon="59.39870992428">
    <tag k="local_x" v="-206.6953"/>
    <tag k="local_y" v="150.3807"/>
    <tag k="ele" v="1.9145"/>
  </node>
  <node id="48155" lat="-3.61034204903" lon="59.39873859182">
    <tag k="local_x" v="-203.5063"/>
    <tag k="local_y" v="150.6412"/>
    <tag k="ele" v="1.9145"/>
  </node>
  <node id="48161" lat="-3.61030802824" lon="59.39870911381">
    <tag k="local_x" v="-206.8014"/>
    <tag k="local_y" v="154.3961"/>
    <tag k="ele" v="1.9169"/>
  </node>
  <node id="48162" lat="-3.61029536845" lon="59.3987127234">
    <tag k="local_x" v="-206.4053"/>
    <tag k="local_y" v="155.7998"/>
    <tag k="ele" v="1.9169"/>
  </node>
  <node id="48163" lat="-3.61028239614" lon="59.39871970784">
    <tag k="local_x" v="-205.6338"/>
    <tag k="local_y" v="157.2396"/>
    <tag k="ele" v="1.9169"/>
  </node>
  <node id="48164" lat="-3.61027248117" lon="59.39872829693">
    <tag k="local_x" v="-204.6824"/>
    <tag k="local_y" v="158.3415"/>
    <tag k="ele" v="1.9169"/>
  </node>
  <node id="48165" lat="-3.6103153776" lon="59.39873692125">
    <tag k="local_x" v="-203.7039"/>
    <tag k="local_y" v="153.5944"/>
    <tag k="ele" v="1.9169"/>
  </node>
  <node id="48166" lat="-3.61030567122" lon="59.39873916758">
    <tag k="local_x" v="-203.4582"/>
    <tag k="local_y" v="154.6704"/>
    <tag k="ele" v="1.9169"/>
  </node>
  <node id="48167" lat="-3.61029815748" lon="59.3987428674">
    <tag k="local_x" v="-203.0498"/>
    <tag k="local_y" v="155.5042"/>
    <tag k="ele" v="1.9169"/>
  </node>
  <node id="48168" lat="-3.61029050454" lon="59.39874924852">
    <tag k="local_x" v="-202.3431"/>
    <tag k="local_y" v="156.3546"/>
    <tag k="ele" v="1.9169"/>
  </node>
  <node id="48172" lat="-3.61031632084" lon="59.39870713907">
    <tag k="local_x" v="-207.0175"/>
    <tag k="local_y" v="153.4768"/>
    <tag k="ele" v="1.9169"/>
  </node>
  <node id="48173" lat="-3.61030616814" lon="59.39870410026">
    <tag k="local_x" v="-207.3601"/>
    <tag k="local_y" v="154.5999"/>
    <tag k="ele" v="1.9169"/>
  </node>
  <node id="48174" lat="-3.61029767773" lon="59.39869993425">
    <tag k="local_x" v="-207.8274"/>
    <tag k="local_y" v="155.5384"/>
    <tag k="ele" v="1.9169"/>
  </node>
  <node id="48175" lat="-3.61028994665" lon="59.39869440195">
    <tag k="local_x" v="-208.4464"/>
    <tag k="local_y" v="156.3922"/>
    <tag k="ele" v="1.9169"/>
  </node>
  <node id="48176" lat="-3.61028319754" lon="59.39868763909">
    <tag k="local_x" v="-209.2019"/>
    <tag k="local_y" v="157.1367"/>
    <tag k="ele" v="1.9169"/>
  </node>
  <node id="48177" lat="-3.61027708442" lon="59.39867891821">
    <tag k="local_x" v="-210.175"/>
    <tag k="local_y" v="157.8099"/>
    <tag k="ele" v="1.9169"/>
  </node>
  <node id="48178" lat="-3.6103069974" lon="59.39873435444">
    <tag k="local_x" v="-203.9932"/>
    <tag k="local_y" v="154.5214"/>
    <tag k="ele" v="1.9169"/>
  </node>
  <node id="48179" lat="-3.61029489215" lon="59.39872983962">
    <tag k="local_x" v="-204.5009"/>
    <tag k="local_y" v="155.8601"/>
    <tag k="ele" v="1.9169"/>
  </node>
  <node id="48180" lat="-3.61028267346" lon="59.39872291231">
    <tag k="local_x" v="-205.2771"/>
    <tag k="local_y" v="157.2103"/>
    <tag k="ele" v="1.9169"/>
  </node>
  <node id="48181" lat="-3.61027180981" lon="59.39871411491">
    <tag k="local_x" v="-206.2608"/>
    <tag k="local_y" v="158.4096"/>
    <tag k="ele" v="1.9169"/>
  </node>
  <node id="48182" lat="-3.61026258483" lon="59.39870369972">
    <tag k="local_x" v="-207.4238"/>
    <tag k="local_y" v="159.4267"/>
    <tag k="ele" v="1.9169"/>
  </node>
  <node id="48183" lat="-3.61025577797" lon="59.39869286251">
    <tag k="local_x" v="-208.6327"/>
    <tag k="local_y" v="160.1758"/>
    <tag k="ele" v="1.9169"/>
  </node>
  <node id="48214" lat="-3.61039254338" lon="59.39625610726">
    <tag k="local_x" v="-479.7231"/>
    <tag k="local_y" v="143.9536"/>
    <tag k="ele" v="2.2691"/>
  </node>
  <node id="48215" lat="-3.61036713789" lon="59.39625398064">
    <tag k="local_x" v="-479.9709"/>
    <tag k="local_y" v="146.7664"/>
    <tag k="ele" v="2.2691"/>
  </node>
  <node id="48223" lat="-3.61045612868" lon="59.39612349631">
    <tag k="local_x" v="-494.4515"/>
    <tag k="local_y" v="136.8528"/>
    <tag k="ele" v="-0.0062"/>
  </node>
  <node id="48224" lat="-3.61046062004" lon="59.39611564127">
    <tag k="local_x" v="-495.3236"/>
    <tag k="local_y" v="136.3519"/>
    <tag k="ele" v="-0.0062"/>
  </node>
  <node id="48226" lat="-3.61046855758" lon="59.39609866458">
    <tag k="local_x" v="-497.2092"/>
    <tag k="local_y" v="135.4653"/>
    <tag k="ele" v="-0.0062"/>
  </node>
  <node id="48228" lat="-3.61047451046" lon="59.39608099207">
    <tag k="local_x" v="-499.1731"/>
    <tag k="local_y" v="134.7982"/>
    <tag k="ele" v="-0.0062"/>
  </node>
  <node id="48230" lat="-3.61047842089" lon="59.39606285043">
    <tag k="local_x" v="-501.1901"/>
    <tag k="local_y" v="134.3571"/>
    <tag k="ele" v="-0.0062"/>
  </node>
  <node id="48232" lat="-3.61043417673" lon="59.39610979196">
    <tag k="local_x" v="-495.9861"/>
    <tag k="local_y" v="139.278"/>
    <tag k="ele" v="-0.0062"/>
  </node>
  <node id="48233" lat="-3.610438952" lon="59.39610294051">
    <tag k="local_x" v="-496.7464"/>
    <tag k="local_y" v="138.7461"/>
    <tag k="ele" v="-0.0062"/>
  </node>
  <node id="48235" lat="-3.61044700125" lon="59.39608907458">
    <tag k="local_x" v="-498.2858"/>
    <tag k="local_y" v="137.8485"/>
    <tag k="ele" v="-0.0062"/>
  </node>
  <node id="48237" lat="-3.6104534741" lon="59.3960743216">
    <tag k="local_x" v="-499.9246"/>
    <tag k="local_y" v="137.1251"/>
    <tag k="ele" v="-0.0062"/>
  </node>
  <node id="48239" lat="-3.61045827283" lon="59.39605885809">
    <tag k="local_x" v="-501.6432"/>
    <tag k="local_y" v="136.5868"/>
    <tag k="ele" v="-0.0062"/>
  </node>
  <node id="48244" lat="-3.61092487143" lon="59.39679177673">
    <tag k="local_x" v="-419.8825"/>
    <tag k="local_y" v="85.233"/>
    <tag k="ele" v="1.8503"/>
  </node>
  <node id="48245" lat="-3.61095000967" lon="59.39679367704">
    <tag k="local_x" v="-419.66"/>
    <tag k="local_y" v="82.4497"/>
    <tag k="ele" v="1.8543"/>
  </node>
  <node id="48251" lat="-3.61171519896" lon="59.3974824166">
    <tag k="local_x" v="-342.6843"/>
    <tag k="local_y" v="-1.9934"/>
    <tag k="ele" v="1.7591"/>
  </node>
  <node id="48252" lat="-3.61171318367" lon="59.39750756766">
    <tag k="local_x" v="-339.8865"/>
    <tag k="local_y" v="-1.7591"/>
    <tag k="ele" v="1.7689"/>
  </node>
  <node id="48266" lat="-3.61099662538" lon="59.39663560253">
    <tag k="local_x" v="-437.2293"/>
    <tag k="local_y" v="77.2171"/>
    <tag k="ele" v="1.6645"/>
  </node>
  <node id="48268" lat="-3.61097114364" lon="59.39663360292">
    <tag k="local_x" v="-437.463"/>
    <tag k="local_y" v="80.0384"/>
    <tag k="ele" v="1.6649"/>
  </node>
  <node id="48319" lat="-3.61099798073" lon="59.39662701306">
    <tag k="local_x" v="-438.1845"/>
    <tag k="local_y" v="77.0632"/>
    <tag k="ele" v="1.6647"/>
  </node>
  <node id="48320" lat="-3.61100192352" lon="59.39661653604">
    <tag k="local_x" v="-439.3486"/>
    <tag k="local_y" v="76.6219"/>
    <tag k="ele" v="1.6647"/>
  </node>
  <node id="48321" lat="-3.61100723148" lon="59.39660809273">
    <tag k="local_x" v="-440.2858"/>
    <tag k="local_y" v="76.0303"/>
    <tag k="ele" v="1.6647"/>
  </node>
  <node id="48322" lat="-3.61101410798" lon="59.39660082767">
    <tag k="local_x" v="-441.0912"/>
    <tag k="local_y" v="75.2655"/>
    <tag k="ele" v="1.6647"/>
  </node>
  <node id="48323" lat="-3.61102229411" lon="59.39659502588">
    <tag k="local_x" v="-441.7332"/>
    <tag k="local_y" v="74.3563"/>
    <tag k="ele" v="1.6647"/>
  </node>
  <node id="48324" lat="-3.61103147928" lon="59.39659091773">
    <tag k="local_x" v="-442.1863"/>
    <tag k="local_y" v="73.3372"/>
    <tag k="ele" v="1.6647"/>
  </node>
  <node id="48325" lat="-3.61104248954" lon="59.39658847211">
    <tag k="local_x" v="-442.4536"/>
    <tag k="local_y" v="72.1167"/>
    <tag k="ele" v="1.6647"/>
  </node>
  <node id="48326" lat="-3.610974181" lon="59.39661773386">
    <tag k="local_x" v="-439.2275"/>
    <tag k="local_y" v="79.695"/>
    <tag k="ele" v="1.6647"/>
  </node>
  <node id="48327" lat="-3.61097934305" lon="59.39660507634">
    <tag k="local_x" v="-440.6337"/>
    <tag k="local_y" v="79.1177"/>
    <tag k="ele" v="1.6647"/>
  </node>
  <node id="48328" lat="-3.61098750077" lon="59.39659259932">
    <tag k="local_x" v="-442.0185"/>
    <tag k="local_y" v="78.2087"/>
    <tag k="ele" v="1.6647"/>
  </node>
  <node id="48329" lat="-3.61099793393" lon="59.39658196099">
    <tag k="local_x" v="-443.1977"/>
    <tag k="local_y" v="77.0485"/>
    <tag k="ele" v="1.6647"/>
  </node>
  <node id="48330" lat="-3.61101023512" lon="59.39657356735">
    <tag k="local_x" v="-444.1263"/>
    <tag k="local_y" v="75.6824"/>
    <tag k="ele" v="1.6647"/>
  </node>
  <node id="48331" lat="-3.61102392615" lon="59.39656773214">
    <tag k="local_x" v="-444.7696"/>
    <tag k="local_y" v="74.1635"/>
    <tag k="ele" v="1.6647"/>
  </node>
  <node id="48332" lat="-3.61103730307" lon="59.39656486918">
    <tag k="local_x" v="-445.0823"/>
    <tag k="local_y" v="72.6807"/>
    <tag k="ele" v="1.6647"/>
  </node>
  <node id="48339" lat="-3.61099418984" lon="59.39666631619">
    <tag k="local_x" v="-433.8127"/>
    <tag k="local_y" v="77.5004"/>
    <tag k="ele" v="1.6964"/>
  </node>
  <node id="48340" lat="-3.61096871351" lon="59.39666431567">
    <tag k="local_x" v="-434.0465"/>
    <tag k="local_y" v="80.3211"/>
    <tag k="ele" v="1.6971"/>
  </node>
  <node id="48349" lat="-3.61099441421" lon="59.39668025012">
    <tag k="local_x" v="-432.2621"/>
    <tag k="local_y" v="77.4817"/>
    <tag k="ele" v="1.7123"/>
  </node>
  <node id="48350" lat="-3.61096885188" lon="59.39668181857">
    <tag k="local_x" v="-432.0988"/>
    <tag k="local_y" v="80.3135"/>
    <tag k="ele" v="1.7132"/>
  </node>
  <node id="48356" lat="-3.61099951313" lon="59.39670567501">
    <tag k="local_x" v="-429.4307"/>
    <tag k="local_y" v="76.9282"/>
    <tag k="ele" v="1.7203"/>
  </node>
  <node id="48357" lat="-3.61097406074" lon="59.39670764293">
    <tag k="local_x" v="-429.2229"/>
    <tag k="local_y" v="79.748"/>
    <tag k="ele" v="1.7213"/>
  </node>
  <node id="48363" lat="-3.61098641076" lon="59.39676339007">
    <tag k="local_x" v="-423.0142"/>
    <tag k="local_y" v="78.4048"/>
    <tag k="ele" v="1.7282"/>
  </node>
  <node id="48365" lat="-3.61096094798" lon="59.39676139218">
    <tag k="local_x" v="-423.2477"/>
    <tag k="local_y" v="81.224"/>
    <tag k="ele" v="1.7293"/>
  </node>
  <node id="48386" lat="-3.61130333002" lon="59.39608216366">
    <tag k="local_x" v="-498.6786"/>
    <tag k="local_y" v="43.0043"/>
    <tag k="ele" v="1.6233"/>
  </node>
  <node id="48387" lat="-3.6113051463" lon="59.39605783212">
    <tag k="local_x" v="-501.3853"/>
    <tag k="local_y" v="42.7924"/>
    <tag k="ele" v="1.6233"/>
  </node>
  <node id="48393" lat="-3.61127311477" lon="59.39609793874">
    <tag k="local_x" v="-496.9365"/>
    <tag k="local_y" v="46.3577"/>
    <tag k="ele" v="1.5274"/>
  </node>
  <node id="48394" lat="-3.61127148395" lon="59.39612213474">
    <tag k="local_x" v="-494.2448"/>
    <tag k="local_y" v="46.549"/>
    <tag k="ele" v="1.5274"/>
  </node>
  <node id="48401" lat="-3.61131448459" lon="59.39605929424">
    <tag k="local_x" v="-501.2185"/>
    <tag k="local_y" v="41.7588"/>
    <tag k="ele" v="1.6278"/>
  </node>
  <node id="48415" lat="-3.61109856318" lon="59.39607699243">
    <tag k="local_x" v="-499.344"/>
    <tag k="local_y" v="65.6806"/>
    <tag k="ele" v="1.5459"/>
  </node>
  <node id="48416" lat="-3.61109771526" lon="59.39605091811">
    <tag k="local_x" v="-502.2458"/>
    <tag k="local_y" v="65.763"/>
    <tag k="ele" v="1.5459"/>
  </node>
  <node id="48424" lat="-3.61099701671" lon="59.39742471944">
    <tag k="local_x" v="-349.42"/>
    <tag k="local_y" v="77.522"/>
    <tag k="ele" v="1.7388"/>
  </node>
  <node id="48428" lat="-3.61099652599" lon="59.3974511244">
    <tag k="local_x" v="-346.482"/>
    <tag k="local_y" v="77.588"/>
    <tag k="ele" v="1.7615"/>
  </node>
  <node id="48440" lat="-3.61098255426" lon="59.39742254241">
    <tag k="local_x" v="-349.6686"/>
    <tag k="local_y" v="79.1228"/>
    <tag k="ele" v="1.7405"/>
  </node>
  <node id="48441" lat="-3.61097919561" lon="59.39744978368">
    <tag k="local_x" v="-346.6388"/>
    <tag k="local_y" v="79.5068"/>
    <tag k="ele" v="1.7614"/>
  </node>
  <node id="48447" lat="-3.6110106859" lon="59.39742699485">
    <tag k="local_x" v="-349.1608"/>
    <tag k="local_y" v="76.0091"/>
    <tag k="ele" v="1.7451"/>
  </node>
  <node id="48448" lat="-3.61100870194" lon="59.39745208285">
    <tag k="local_x" v="-346.37"/>
    <tag k="local_y" v="76.2399"/>
    <tag k="ele" v="1.7652"/>
  </node>
  <node id="48458" lat="-3.61097001038" lon="59.39741898016">
    <tag k="local_x" v="-350.0705"/>
    <tag k="local_y" v="80.5105"/>
    <tag k="ele" v="1.751"/>
  </node>
  <node id="48460" lat="-3.61095883854" lon="59.39741169377">
    <tag k="local_x" v="-350.8862"/>
    <tag k="local_y" v="81.7446"/>
    <tag k="ele" v="1.751"/>
  </node>
  <node id="48462" lat="-3.6109492899" lon="59.39739981505">
    <tag k="local_x" v="-352.2122"/>
    <tag k="local_y" v="82.7969"/>
    <tag k="ele" v="1.751"/>
  </node>
  <node id="48464" lat="-3.61094571007" lon="59.39738785615">
    <tag k="local_x" v="-353.5445"/>
    <tag k="local_y" v="83.1881"/>
    <tag k="ele" v="1.751"/>
  </node>
  <node id="48467" lat="-3.61095808266" lon="59.39744497193">
    <tag k="local_x" v="-347.1835"/>
    <tag k="local_y" v="81.843"/>
    <tag k="ele" v="1.751"/>
  </node>
  <node id="48469" lat="-3.61093930255" lon="59.3974339708">
    <tag k="local_x" v="-348.4159"/>
    <tag k="local_y" v="83.9181"/>
    <tag k="ele" v="1.751"/>
  </node>
  <node id="48471" lat="-3.61092482394" lon="59.39741753999">
    <tag k="local_x" v="-350.2506"/>
    <tag k="local_y" v="85.5144"/>
    <tag k="ele" v="1.751"/>
  </node>
  <node id="48473" lat="-3.6109161854" lon="59.39739726856">
    <tag k="local_x" v="-352.5101"/>
    <tag k="local_y" v="86.4622"/>
    <tag k="ele" v="1.751"/>
  </node>
  <node id="48501" lat="-3.61107809613" lon="59.39743218014">
    <tag k="local_x" v="-348.5542"/>
    <tag k="local_y" v="68.5455"/>
    <tag k="ele" v="1.7453"/>
  </node>
  <node id="48502" lat="-3.61107614473" lon="59.3974572824">
    <tag k="local_x" v="-345.7618"/>
    <tag k="local_y" v="68.7727"/>
    <tag k="ele" v="1.7632"/>
  </node>
  <way id="21">
    <nd ref="14"/>
    <nd ref="20"/>
    <nd ref="83"/>
    <nd ref="104"/>
    <tag k="type" v="line_thin"/>
    <tag k="subtype" v="solid"/>
  </way>
  <way id="78">
    <nd ref="8"/>
    <nd ref="77"/>
    <nd ref="79"/>
    <nd ref="80"/>
    <tag k="type" v="line_thin"/>
    <tag k="subtype" v="solid"/>
  </way>
  <way id="315">
    <nd ref="302"/>
    <nd ref="314"/>
    <nd ref="318"/>
    <tag k="type" v="line_thin"/>
    <tag k="subtype" v="solid"/>
  </way>
  <way id="320">
    <nd ref="312"/>
    <nd ref="319"/>
    <nd ref="322"/>
    <tag k="type" v="line_thin"/>
    <tag k="subtype" v="solid"/>
  </way>
  <way id="470">
    <nd ref="467"/>
    <nd ref="474"/>
    <nd ref="476"/>
    <tag k="type" v="line_thin"/>
    <tag k="subtype" v="solid"/>
  </way>
  <way id="478">
    <nd ref="461"/>
    <nd ref="479"/>
    <nd ref="481"/>
    <tag k="type" v="line_thin"/>
    <tag k="subtype" v="solid"/>
  </way>
  <way id="510">
    <nd ref="502"/>
    <nd ref="511"/>
    <nd ref="513"/>
    <nd ref="514"/>
    <tag k="type" v="line_thin"/>
    <tag k="subtype" v="solid"/>
  </way>
  <way id="516">
    <nd ref="507"/>
    <nd ref="517"/>
    <nd ref="519"/>
    <nd ref="520"/>
    <tag k="type" v="line_thin"/>
    <tag k="subtype" v="solid"/>
  </way>
  <way id="746">
    <nd ref="730"/>
    <nd ref="748"/>
    <nd ref="749"/>
    <nd ref="750"/>
    <nd ref="751"/>
    <tag k="type" v="line_thin"/>
    <tag k="subtype" v="solid"/>
  </way>
  <way id="756">
    <nd ref="743"/>
    <nd ref="757"/>
    <nd ref="758"/>
    <nd ref="759"/>
    <nd ref="760"/>
    <tag k="type" v="line_thin"/>
    <tag k="subtype" v="solid"/>
  </way>
  <way id="1699">
    <nd ref="1486"/>
    <nd ref="1697"/>
    <tag k="type" v="line_thin"/>
    <tag k="subtype" v="solid"/>
  </way>
  <way id="1701">
    <nd ref="1488"/>
    <nd ref="1698"/>
    <tag k="type" v="line_thin"/>
    <tag k="subtype" v="solid"/>
  </way>
  <way id="2425">
    <nd ref="1475"/>
    <nd ref="2423"/>
    <tag k="type" v="line_thin"/>
    <tag k="subtype" v="solid"/>
  </way>
  <way id="2427">
    <nd ref="1472"/>
    <nd ref="2424"/>
    <tag k="type" v="line_thin"/>
    <tag k="subtype" v="solid"/>
  </way>
  <way id="4893">
    <nd ref="4827"/>
    <nd ref="4868"/>
    <nd ref="4872"/>
    <nd ref="4876"/>
    <nd ref="4058"/>
    <tag k="type" v="line_thin"/>
    <tag k="subtype" v="solid"/>
  </way>
  <way id="4894">
    <nd ref="4828"/>
    <nd ref="4882"/>
    <nd ref="4886"/>
    <nd ref="4890"/>
    <nd ref="4059"/>
    <tag k="type" v="line_thin"/>
    <tag k="subtype" v="solid"/>
  </way>
  <way id="9782">
    <nd ref="164"/>
    <nd ref="9780"/>
    <tag k="type" v="line_thin"/>
    <tag k="subtype" v="solid"/>
  </way>
  <way id="9784">
    <nd ref="170"/>
    <nd ref="9781"/>
    <tag k="type" v="line_thin"/>
    <tag k="subtype" v="solid"/>
  </way>
  <way id="9883">
    <nd ref="760"/>
    <nd ref="767"/>
    <nd ref="769"/>
    <nd ref="9881"/>
    <tag k="type" v="line_thin"/>
    <tag k="subtype" v="solid"/>
  </way>
  <way id="9885">
    <nd ref="751"/>
    <nd ref="762"/>
    <nd ref="764"/>
    <nd ref="9882"/>
    <tag k="type" v="line_thin"/>
    <tag k="subtype" v="solid"/>
  </way>
  <way id="9907">
    <nd ref="723"/>
    <nd ref="9905"/>
    <tag k="type" v="line_thin"/>
    <tag k="subtype" v="solid"/>
  </way>
  <way id="9908">
    <nd ref="9905"/>
    <nd ref="741"/>
    <nd ref="743"/>
    <tag k="type" v="line_thin"/>
    <tag k="subtype" v="solid"/>
  </way>
  <way id="9909">
    <nd ref="706"/>
    <nd ref="9906"/>
    <tag k="type" v="line_thin"/>
    <tag k="subtype" v="solid"/>
  </way>
  <way id="9910">
    <nd ref="9906"/>
    <nd ref="728"/>
    <nd ref="730"/>
    <tag k="type" v="line_thin"/>
    <tag k="subtype" v="solid"/>
  </way>
  <way id="10721">
    <nd ref="10718"/>
    <nd ref="312"/>
    <tag k="type" v="line_thin"/>
    <tag k="subtype" v="solid"/>
    <tag k="lane_change" v="yes"/>
  </way>
  <way id="10826">
    <nd ref="10823"/>
    <nd ref="302"/>
    <tag k="type" v="line_thin"/>
    <tag k="subtype" v="solid"/>
    <tag k="lane_change" v="yes"/>
  </way>
  <way id="10828">
    <nd ref="10824"/>
    <nd ref="10718"/>
    <nd ref="312"/>
    <tag k="type" v="line_thin"/>
    <tag k="subtype" v="solid"/>
    <tag k="lane_change" v="yes"/>
  </way>
  <way id="12381">
    <nd ref="12378"/>
    <nd ref="11917"/>
    <tag k="type" v="line_thin"/>
    <tag k="subtype" v="solid"/>
  </way>
  <way id="12383">
    <nd ref="12379"/>
    <nd ref="11918"/>
    <tag k="type" v="line_thin"/>
    <tag k="subtype" v="solid"/>
  </way>
  <way id="12385">
    <nd ref="12360"/>
    <nd ref="12378"/>
    <tag k="type" v="line_thin"/>
    <tag k="subtype" v="solid"/>
  </way>
  <way id="12386">
    <nd ref="12365"/>
    <nd ref="12379"/>
    <tag k="type" v="line_thin"/>
    <tag k="subtype" v="solid"/>
  </way>
  <way id="14853">
    <nd ref="14851"/>
    <nd ref="14852"/>
    <tag k="type" v="line_thin"/>
    <tag k="subtype" v="solid"/>
  </way>
  <way id="14856">
    <nd ref="14854"/>
    <nd ref="14855"/>
    <tag k="type" v="line_thin"/>
    <tag k="subtype" v="solid"/>
  </way>
  <way id="15108">
    <nd ref="15106"/>
    <nd ref="15107"/>
    <tag k="type" v="line_thin"/>
    <tag k="subtype" v="solid"/>
  </way>
  <way id="15111">
    <nd ref="15109"/>
    <nd ref="15110"/>
    <tag k="type" v="line_thin"/>
    <tag k="subtype" v="solid"/>
  </way>
  <way id="15277">
    <nd ref="182"/>
    <nd ref="15109"/>
    <tag k="type" v="line_thin"/>
    <tag k="subtype" v="solid"/>
  </way>
  <way id="15278">
    <nd ref="188"/>
    <nd ref="15106"/>
    <tag k="type" v="line_thin"/>
    <tag k="subtype" v="solid"/>
  </way>
  <way id="21008">
    <nd ref="20994"/>
    <nd ref="20996"/>
    <nd ref="20997"/>
    <nd ref="20998"/>
    <nd ref="20999"/>
    <nd ref="21000"/>
    <tag k="type" v="line_thin"/>
    <tag k="subtype" v="solid"/>
  </way>
  <way id="21009">
    <nd ref="21001"/>
    <nd ref="21003"/>
    <nd ref="21004"/>
    <nd ref="21005"/>
    <nd ref="21006"/>
    <nd ref="21007"/>
    <tag k="type" v="line_thin"/>
    <tag k="subtype" v="solid"/>
  </way>
  <way id="21051">
    <nd ref="20987"/>
    <nd ref="8036"/>
    <tag k="type" v="line_thin"/>
    <tag k="subtype" v="solid"/>
  </way>
  <way id="21052">
    <nd ref="20988"/>
    <nd ref="8037"/>
    <tag k="type" v="line_thin"/>
    <tag k="subtype" v="solid"/>
  </way>
  <way id="21118">
    <nd ref="21115"/>
    <nd ref="10332"/>
    <nd ref="10339"/>
    <tag k="type" v="line_thin"/>
    <tag k="subtype" v="solid"/>
  </way>
  <way id="21120">
    <nd ref="21116"/>
    <nd ref="10333"/>
    <nd ref="10340"/>
    <tag k="type" v="line_thin"/>
    <tag k="subtype" v="solid"/>
  </way>
  <way id="21133">
    <nd ref="21125"/>
    <nd ref="21126"/>
    <nd ref="21127"/>
    <nd ref="21128"/>
    <tag k="type" v="line_thin"/>
    <tag k="subtype" v="solid"/>
  </way>
  <way id="21134">
    <nd ref="21129"/>
    <nd ref="21130"/>
    <nd ref="21131"/>
    <nd ref="21132"/>
    <tag k="type" v="line_thin"/>
    <tag k="subtype" v="solid"/>
  </way>
  <way id="21138">
    <nd ref="7015"/>
    <nd ref="21136"/>
    <tag k="type" v="line_thin"/>
    <tag k="subtype" v="solid"/>
  </way>
  <way id="21140">
    <nd ref="7016"/>
    <nd ref="21137"/>
    <tag k="type" v="line_thin"/>
    <tag k="subtype" v="solid"/>
  </way>
  <way id="21170">
    <nd ref="21136"/>
    <nd ref="21115"/>
    <tag k="type" v="line_thin"/>
    <tag k="subtype" v="solid"/>
  </way>
  <way id="21171">
    <nd ref="21137"/>
    <nd ref="21116"/>
    <tag k="type" v="line_thin"/>
    <tag k="subtype" v="solid"/>
  </way>
  <way id="21773">
    <nd ref="10339"/>
    <nd ref="10741"/>
    <nd ref="10743"/>
    <nd ref="10746"/>
    <nd ref="10749"/>
    <nd ref="10752"/>
    <nd ref="10755"/>
    <nd ref="16252"/>
    <nd ref="21739"/>
    <nd ref="16259"/>
    <nd ref="16262"/>
    <nd ref="16265"/>
    <nd ref="16268"/>
    <nd ref="16271"/>
    <nd ref="10823"/>
    <tag k="type" v="line_thin"/>
    <tag k="subtype" v="solid"/>
  </way>
  <way id="21774">
    <nd ref="10340"/>
    <nd ref="10766"/>
    <nd ref="10769"/>
    <nd ref="10772"/>
    <nd ref="10775"/>
    <nd ref="10778"/>
    <nd ref="10781"/>
    <nd ref="10784"/>
    <nd ref="16253"/>
    <nd ref="21740"/>
    <nd ref="16274"/>
    <nd ref="16277"/>
    <nd ref="16280"/>
    <nd ref="16283"/>
    <nd ref="16286"/>
    <nd ref="10824"/>
    <tag k="type" v="line_thin"/>
    <tag k="subtype" v="solid"/>
  </way>
  <way id="21775">
    <nd ref="21128"/>
    <nd ref="21208"/>
    <nd ref="21210"/>
    <nd ref="21212"/>
    <nd ref="21214"/>
    <nd ref="21216"/>
    <nd ref="21218"/>
    <nd ref="16452"/>
    <nd ref="16455"/>
    <nd ref="16458"/>
    <nd ref="16461"/>
    <nd ref="10823"/>
    <tag k="type" v="line_thin"/>
    <tag k="subtype" v="solid"/>
  </way>
  <way id="21776">
    <nd ref="21132"/>
    <nd ref="21219"/>
    <nd ref="21221"/>
    <nd ref="21223"/>
    <nd ref="21225"/>
    <nd ref="21227"/>
    <nd ref="21229"/>
    <nd ref="16465"/>
    <nd ref="16468"/>
    <nd ref="16471"/>
    <nd ref="16474"/>
    <nd ref="16477"/>
    <nd ref="10824"/>
    <tag k="type" v="line_thin"/>
    <tag k="subtype" v="solid"/>
  </way>
  <way id="22020">
    <nd ref="22003"/>
    <nd ref="21994"/>
    <nd ref="21125"/>
    <tag k="type" v="line_thin"/>
    <tag k="subtype" v="solid"/>
  </way>
  <way id="22021">
    <nd ref="22004"/>
    <nd ref="21998"/>
    <nd ref="22011"/>
    <nd ref="21129"/>
    <tag k="type" v="line_thin"/>
    <tag k="subtype" v="solid"/>
  </way>
  <way id="22079">
    <nd ref="22043"/>
    <nd ref="22047"/>
    <nd ref="22055"/>
    <nd ref="22058"/>
    <nd ref="22061"/>
    <nd ref="10823"/>
    <tag k="type" v="line_thin"/>
    <tag k="subtype" v="solid"/>
  </way>
  <way id="22080">
    <nd ref="22040"/>
    <nd ref="22048"/>
    <nd ref="22066"/>
    <nd ref="22068"/>
    <nd ref="22073"/>
    <nd ref="10824"/>
    <tag k="type" v="line_thin"/>
    <tag k="subtype" v="solid"/>
  </way>
  <way id="22430">
    <nd ref="22408"/>
    <nd ref="22338"/>
    <tag k="type" v="line_thin"/>
    <tag k="subtype" v="solid"/>
  </way>
  <way id="22431">
    <nd ref="22405"/>
    <nd ref="22339"/>
    <tag k="type" v="line_thin"/>
    <tag k="subtype" v="solid"/>
  </way>
  <way id="23754">
    <nd ref="23727"/>
    <nd ref="23752"/>
    <tag k="type" v="line_thin"/>
    <tag k="subtype" v="solid"/>
  </way>
  <way id="23755">
    <nd ref="23752"/>
    <nd ref="22900"/>
    <tag k="type" v="line_thin"/>
    <tag k="subtype" v="solid"/>
  </way>
  <way id="23756">
    <nd ref="23728"/>
    <nd ref="23753"/>
    <tag k="type" v="line_thin"/>
    <tag k="subtype" v="solid"/>
  </way>
  <way id="23757">
    <nd ref="23753"/>
    <nd ref="22901"/>
    <tag k="type" v="line_thin"/>
    <tag k="subtype" v="solid"/>
  </way>
  <way id="24197">
    <nd ref="24194"/>
    <nd ref="24151"/>
    <tag k="type" v="line_thin"/>
    <tag k="subtype" v="solid"/>
  </way>
  <way id="24199">
    <nd ref="24195"/>
    <nd ref="24153"/>
    <tag k="type" v="line_thin"/>
    <tag k="subtype" v="solid"/>
  </way>
  <way id="24293">
    <nd ref="24151"/>
    <nd ref="24291"/>
    <tag k="type" v="line_thin"/>
    <tag k="subtype" v="solid"/>
  </way>
  <way id="24295">
    <nd ref="24153"/>
    <nd ref="24292"/>
    <tag k="type" v="line_thin"/>
    <tag k="subtype" v="solid"/>
  </way>
  <way id="24355">
    <nd ref="24284"/>
    <nd ref="24263"/>
    <tag k="type" v="line_thin"/>
    <tag k="subtype" v="solid"/>
  </way>
  <way id="24356">
    <nd ref="24285"/>
    <nd ref="24264"/>
    <tag k="type" v="line_thin"/>
    <tag k="subtype" v="solid"/>
  </way>
  <way id="24358">
    <nd ref="23903"/>
    <nd ref="24284"/>
    <tag k="type" v="line_thin"/>
    <tag k="subtype" v="solid"/>
  </way>
  <way id="24359">
    <nd ref="23904"/>
    <nd ref="24285"/>
    <tag k="type" v="line_thin"/>
    <tag k="subtype" v="solid"/>
  </way>
  <way id="24582">
    <nd ref="24549"/>
    <nd ref="24550"/>
    <nd ref="24483"/>
    <nd ref="23924"/>
    <tag k="type" v="line_thin"/>
    <tag k="subtype" v="solid"/>
  </way>
  <way id="24583">
    <nd ref="24551"/>
    <nd ref="24552"/>
    <nd ref="24484"/>
    <nd ref="23925"/>
    <tag k="type" v="line_thin"/>
    <tag k="subtype" v="solid"/>
  </way>
  <way id="24605">
    <nd ref="24328"/>
    <nd ref="24389"/>
    <tag k="type" v="line_thin"/>
    <tag k="subtype" v="solid"/>
  </way>
  <way id="24606">
    <nd ref="24344"/>
    <nd ref="24391"/>
    <tag k="type" v="line_thin"/>
    <tag k="subtype" v="solid"/>
  </way>
  <way id="25086">
    <nd ref="25077"/>
    <nd ref="23878"/>
    <tag k="type" v="line_thin"/>
    <tag k="subtype" v="solid"/>
  </way>
  <way id="25087">
    <nd ref="25078"/>
    <nd ref="23875"/>
    <tag k="type" v="line_thin"/>
    <tag k="subtype" v="solid"/>
  </way>
  <way id="25227">
    <nd ref="24899"/>
    <nd ref="25168"/>
    <nd ref="25172"/>
    <nd ref="25176"/>
    <nd ref="25202"/>
    <nd ref="25206"/>
    <nd ref="25210"/>
    <nd ref="25195"/>
    <nd ref="19125"/>
    <tag k="type" v="line_thin"/>
    <tag k="subtype" v="solid"/>
  </way>
  <way id="25228">
    <nd ref="24901"/>
    <nd ref="25179"/>
    <nd ref="25183"/>
    <nd ref="25187"/>
    <nd ref="25160"/>
    <nd ref="25214"/>
    <nd ref="25218"/>
    <nd ref="19129"/>
    <tag k="type" v="line_thin"/>
    <tag k="subtype" v="solid"/>
  </way>
  <way id="25242">
    <nd ref="25036"/>
    <nd ref="25240"/>
    <tag k="type" v="line_thin"/>
    <tag k="subtype" v="solid"/>
  </way>
  <way id="25243">
    <nd ref="25240"/>
    <nd ref="24899"/>
    <tag k="type" v="line_thin"/>
    <tag k="subtype" v="solid"/>
  </way>
  <way id="25244">
    <nd ref="25037"/>
    <nd ref="25241"/>
    <tag k="type" v="line_thin"/>
    <tag k="subtype" v="solid"/>
  </way>
  <way id="25245">
    <nd ref="25241"/>
    <nd ref="24901"/>
    <tag k="type" v="line_thin"/>
    <tag k="subtype" v="solid"/>
  </way>
  <way id="25386">
    <nd ref="25383"/>
    <nd ref="19406"/>
    <tag k="type" v="line_thin"/>
    <tag k="subtype" v="solid"/>
  </way>
  <way id="25388">
    <nd ref="25384"/>
    <nd ref="19409"/>
    <tag k="type" v="line_thin"/>
    <tag k="subtype" v="solid"/>
  </way>
  <way id="25394">
    <nd ref="25390"/>
    <nd ref="25391"/>
    <tag k="type" v="line_thin"/>
    <tag k="subtype" v="solid"/>
  </way>
  <way id="25395">
    <nd ref="25392"/>
    <nd ref="25393"/>
    <tag k="type" v="line_thin"/>
    <tag k="subtype" v="solid"/>
  </way>
  <way id="25409">
    <nd ref="25402"/>
    <nd ref="24827"/>
    <nd ref="25383"/>
    <tag k="type" v="line_thin"/>
    <tag k="subtype" v="solid"/>
  </way>
  <way id="25410">
    <nd ref="25403"/>
    <nd ref="24828"/>
    <nd ref="25384"/>
    <tag k="type" v="line_thin"/>
    <tag k="subtype" v="solid"/>
  </way>
  <way id="25411">
    <nd ref="25334"/>
    <nd ref="25390"/>
    <tag k="type" v="line_thin"/>
    <tag k="subtype" v="solid"/>
  </way>
  <way id="25412">
    <nd ref="25360"/>
    <nd ref="25392"/>
    <tag k="type" v="line_thin"/>
    <tag k="subtype" v="solid"/>
  </way>
  <way id="25710">
    <nd ref="25707"/>
    <nd ref="25672"/>
    <tag k="type" v="line_thin"/>
    <tag k="subtype" v="solid"/>
  </way>
  <way id="25712">
    <nd ref="25708"/>
    <nd ref="25673"/>
    <tag k="type" v="line_thin"/>
    <tag k="subtype" v="solid"/>
  </way>
  <way id="25734">
    <nd ref="25391"/>
    <nd ref="25730"/>
    <nd ref="25707"/>
    <tag k="type" v="line_thin"/>
    <tag k="subtype" v="solid"/>
  </way>
  <way id="25735">
    <nd ref="25393"/>
    <nd ref="25732"/>
    <nd ref="25708"/>
    <tag k="type" v="line_thin"/>
    <tag k="subtype" v="solid"/>
  </way>
  <way id="25747">
    <nd ref="25414"/>
    <nd ref="25036"/>
    <tag k="type" v="line_thin"/>
    <tag k="subtype" v="solid"/>
  </way>
  <way id="25748">
    <nd ref="25417"/>
    <nd ref="25037"/>
    <tag k="type" v="line_thin"/>
    <tag k="subtype" v="solid"/>
  </way>
  <way id="26169">
    <nd ref="26133"/>
    <nd ref="26134"/>
    <nd ref="25919"/>
    <tag k="type" v="line_thin"/>
    <tag k="subtype" v="solid"/>
  </way>
  <way id="26170">
    <nd ref="26135"/>
    <nd ref="26136"/>
    <nd ref="25934"/>
    <tag k="type" v="line_thin"/>
    <tag k="subtype" v="solid"/>
  </way>
  <way id="26254">
    <nd ref="26205"/>
    <nd ref="26206"/>
    <nd ref="26171"/>
    <tag k="type" v="line_thin"/>
    <tag k="subtype" v="solid"/>
  </way>
  <way id="26255">
    <nd ref="26207"/>
    <nd ref="26208"/>
    <nd ref="26186"/>
    <tag k="type" v="line_thin"/>
    <tag k="subtype" v="solid"/>
  </way>
  <way id="26548">
    <nd ref="26421"/>
    <nd ref="26529"/>
    <nd ref="26133"/>
    <tag k="type" v="line_thin"/>
    <tag k="subtype" v="solid"/>
  </way>
  <way id="26549">
    <nd ref="26425"/>
    <nd ref="26538"/>
    <nd ref="26135"/>
    <tag k="type" v="line_thin"/>
    <tag k="subtype" v="solid"/>
  </way>
  <way id="26575">
    <nd ref="26414"/>
    <nd ref="26565"/>
    <nd ref="26205"/>
    <tag k="type" v="line_thin"/>
    <tag k="subtype" v="solid"/>
  </way>
  <way id="26576">
    <nd ref="26415"/>
    <nd ref="26566"/>
    <nd ref="26207"/>
    <tag k="type" v="line_thin"/>
    <tag k="subtype" v="solid"/>
  </way>
  <way id="26584">
    <nd ref="26555"/>
    <nd ref="26126"/>
    <nd ref="25955"/>
    <tag k="type" v="line_thin"/>
    <tag k="subtype" v="solid"/>
  </way>
  <way id="26585">
    <nd ref="26556"/>
    <nd ref="26127"/>
    <nd ref="25956"/>
    <tag k="type" v="line_thin"/>
    <tag k="subtype" v="solid"/>
  </way>
  <way id="27343">
    <nd ref="27340"/>
    <nd ref="4095"/>
    <tag k="type" v="line_thin"/>
    <tag k="subtype" v="solid"/>
  </way>
  <way id="27345">
    <nd ref="27341"/>
    <nd ref="4092"/>
    <tag k="type" v="line_thin"/>
    <tag k="subtype" v="solid"/>
  </way>
  <way id="27668">
    <nd ref="27562"/>
    <nd ref="27482"/>
    <tag k="type" v="line_thin"/>
    <tag k="subtype" v="solid"/>
  </way>
  <way id="27669">
    <nd ref="27563"/>
    <nd ref="27483"/>
    <tag k="type" v="line_thin"/>
    <tag k="subtype" v="solid"/>
  </way>
  <way id="28274">
    <nd ref="1697"/>
    <nd ref="1475"/>
    <tag k="type" v="line_thin"/>
    <tag k="subtype" v="solid"/>
  </way>
  <way id="28275">
    <nd ref="1698"/>
    <nd ref="1472"/>
    <tag k="type" v="line_thin"/>
    <tag k="subtype" v="solid"/>
  </way>
  <way id="28282">
    <nd ref="1778"/>
    <nd ref="28280"/>
    <tag k="type" v="line_thin"/>
    <tag k="subtype" v="solid"/>
  </way>
  <way id="28284">
    <nd ref="1775"/>
    <nd ref="28281"/>
    <tag k="type" v="line_thin"/>
    <tag k="subtype" v="solid"/>
  </way>
  <way id="28287">
    <nd ref="28158"/>
    <nd ref="1778"/>
    <tag k="type" v="line_thin"/>
    <tag k="subtype" v="solid"/>
  </way>
  <way id="28288">
    <nd ref="28159"/>
    <nd ref="1775"/>
    <tag k="type" v="line_thin"/>
    <tag k="subtype" v="solid"/>
  </way>
  <way id="28649">
    <nd ref="1817"/>
    <nd ref="28645"/>
    <nd ref="28646"/>
    <nd ref="5"/>
    <tag k="type" v="line_thin"/>
    <tag k="subtype" v="solid"/>
  </way>
  <way id="28650">
    <nd ref="1818"/>
    <nd ref="28647"/>
    <nd ref="28648"/>
    <nd ref="172"/>
    <tag k="type" v="line_thin"/>
    <tag k="subtype" v="solid"/>
  </way>
  <way id="28707">
    <nd ref="28700"/>
    <nd ref="164"/>
    <tag k="type" v="line_thin"/>
    <tag k="subtype" v="solid"/>
  </way>
  <way id="28708">
    <nd ref="28701"/>
    <nd ref="170"/>
    <tag k="type" v="line_thin"/>
    <tag k="subtype" v="solid"/>
  </way>
  <way id="28710">
    <nd ref="9780"/>
    <nd ref="182"/>
    <tag k="type" v="line_thin"/>
    <tag k="subtype" v="solid"/>
  </way>
  <way id="28711">
    <nd ref="9781"/>
    <nd ref="188"/>
    <tag k="type" v="line_thin"/>
    <tag k="subtype" v="solid"/>
  </way>
  <way id="29369">
    <nd ref="4058"/>
    <nd ref="28078"/>
    <tag k="type" v="line_thin"/>
    <tag k="subtype" v="solid"/>
  </way>
  <way id="29370">
    <nd ref="4059"/>
    <nd ref="28079"/>
    <tag k="type" v="line_thin"/>
    <tag k="subtype" v="solid"/>
  </way>
  <way id="30958">
    <nd ref="30876"/>
    <nd ref="30869"/>
    <tag k="type" v="line_thin"/>
    <tag k="subtype" v="solid"/>
  </way>
  <way id="30959">
    <nd ref="30877"/>
    <nd ref="30870"/>
    <tag k="type" v="line_thin"/>
    <tag k="subtype" v="solid"/>
  </way>
  <way id="31853">
    <nd ref="31828"/>
    <nd ref="31851"/>
    <tag k="type" v="line_thin"/>
    <tag k="subtype" v="solid"/>
  </way>
  <way id="31855">
    <nd ref="31838"/>
    <nd ref="31852"/>
    <tag k="type" v="line_thin"/>
    <tag k="subtype" v="solid"/>
  </way>
  <way id="32266">
    <nd ref="32262"/>
    <nd ref="32263"/>
    <tag k="type" v="line_thin"/>
    <tag k="subtype" v="solid"/>
  </way>
  <way id="32267">
    <nd ref="32264"/>
    <nd ref="32265"/>
    <tag k="type" v="line_thin"/>
    <tag k="subtype" v="solid"/>
  </way>
  <way id="32453">
    <nd ref="32450"/>
    <nd ref="32281"/>
    <nd ref="32287"/>
    <nd ref="32293"/>
    <nd ref="32299"/>
    <nd ref="32305"/>
    <nd ref="32311"/>
    <nd ref="32317"/>
    <nd ref="32323"/>
    <nd ref="31956"/>
    <tag k="type" v="line_thin"/>
    <tag k="subtype" v="solid"/>
  </way>
  <way id="32455">
    <nd ref="32451"/>
    <nd ref="32335"/>
    <nd ref="32341"/>
    <nd ref="32347"/>
    <nd ref="32353"/>
    <nd ref="32359"/>
    <nd ref="32365"/>
    <nd ref="32371"/>
    <nd ref="32377"/>
    <nd ref="31953"/>
    <tag k="type" v="line_thin"/>
    <tag k="subtype" v="solid"/>
  </way>
  <way id="32486">
    <nd ref="31956"/>
    <nd ref="32484"/>
    <tag k="type" v="line_thin"/>
    <tag k="subtype" v="solid"/>
  </way>
  <way id="32487">
    <nd ref="32484"/>
    <nd ref="31957"/>
    <tag k="type" v="line_thin"/>
    <tag k="subtype" v="solid"/>
  </way>
  <way id="32488">
    <nd ref="31953"/>
    <nd ref="32485"/>
    <tag k="type" v="line_thin"/>
    <tag k="subtype" v="solid"/>
  </way>
  <way id="32489">
    <nd ref="32485"/>
    <nd ref="31954"/>
    <tag k="type" v="line_thin"/>
    <tag k="subtype" v="solid"/>
  </way>
  <way id="32507">
    <nd ref="32450"/>
    <nd ref="32457"/>
    <nd ref="32461"/>
    <nd ref="32465"/>
    <nd ref="32505"/>
    <tag k="type" v="line_thin"/>
    <tag k="subtype" v="solid"/>
  </way>
  <way id="32508">
    <nd ref="32505"/>
    <nd ref="32262"/>
    <tag k="type" v="line_thin"/>
    <tag k="subtype" v="solid"/>
  </way>
  <way id="32509">
    <nd ref="32451"/>
    <nd ref="32473"/>
    <nd ref="32477"/>
    <nd ref="32506"/>
    <tag k="type" v="line_thin"/>
    <tag k="subtype" v="solid"/>
  </way>
  <way id="32510">
    <nd ref="32506"/>
    <nd ref="32264"/>
    <tag k="type" v="line_thin"/>
    <tag k="subtype" v="solid"/>
  </way>
  <way id="32786">
    <nd ref="32491"/>
    <nd ref="32498"/>
    <nd ref="32505"/>
    <tag k="type" v="line_thin"/>
    <tag k="subtype" v="solid"/>
  </way>
  <way id="32787">
    <nd ref="32493"/>
    <nd ref="32499"/>
    <nd ref="32506"/>
    <tag k="type" v="line_thin"/>
    <tag k="subtype" v="solid"/>
  </way>
  <way id="32843">
    <nd ref="27482"/>
    <nd ref="607"/>
    <nd ref="32841"/>
    <tag k="type" v="line_thin"/>
    <tag k="subtype" v="solid"/>
  </way>
  <way id="32845">
    <nd ref="27483"/>
    <nd ref="612"/>
    <nd ref="32842"/>
    <tag k="type" v="line_thin"/>
    <tag k="subtype" v="solid"/>
  </way>
  <way id="33009">
    <nd ref="11522"/>
    <nd ref="33007"/>
    <tag k="type" v="line_thin"/>
    <tag k="subtype" v="solid"/>
  </way>
  <way id="33011">
    <nd ref="11521"/>
    <nd ref="33008"/>
    <tag k="type" v="line_thin"/>
    <tag k="subtype" v="solid"/>
  </way>
  <way id="33116">
    <nd ref="33007"/>
    <nd ref="33093"/>
    <nd ref="33097"/>
    <nd ref="33101"/>
    <nd ref="33083"/>
    <tag k="type" v="line_thin"/>
    <tag k="subtype" v="solid"/>
  </way>
  <way id="33117">
    <nd ref="33008"/>
    <nd ref="33105"/>
    <nd ref="33106"/>
    <nd ref="33109"/>
    <nd ref="33112"/>
    <nd ref="33115"/>
    <nd ref="33084"/>
    <tag k="type" v="line_thin"/>
    <tag k="subtype" v="solid"/>
  </way>
  <way id="33122">
    <nd ref="33119"/>
    <nd ref="11524"/>
    <tag k="type" v="line_thin"/>
    <tag k="subtype" v="solid"/>
  </way>
  <way id="33124">
    <nd ref="33120"/>
    <nd ref="11523"/>
    <tag k="type" v="line_thin"/>
    <tag k="subtype" v="solid"/>
  </way>
  <way id="33141">
    <nd ref="5"/>
    <nd ref="33139"/>
    <tag k="type" v="line_thin"/>
    <tag k="subtype" v="solid"/>
  </way>
  <way id="33143">
    <nd ref="172"/>
    <nd ref="33140"/>
    <tag k="type" v="line_thin"/>
    <tag k="subtype" v="solid"/>
  </way>
  <way id="33155">
    <nd ref="33146"/>
    <nd ref="32993"/>
    <nd ref="11750"/>
    <nd ref="11764"/>
    <nd ref="11760"/>
    <nd ref="11785"/>
    <nd ref="11787"/>
    <nd ref="11789"/>
    <nd ref="28060"/>
    <nd ref="28062"/>
    <nd ref="28065"/>
    <nd ref="11771"/>
    <tag k="type" v="line_thin"/>
    <tag k="subtype" v="solid"/>
  </way>
  <way id="33156">
    <nd ref="33147"/>
    <nd ref="32994"/>
    <nd ref="11751"/>
    <nd ref="11766"/>
    <nd ref="11793"/>
    <nd ref="28067"/>
    <nd ref="28068"/>
    <nd ref="28071"/>
    <nd ref="11772"/>
    <tag k="type" v="line_thin"/>
    <tag k="subtype" v="solid"/>
  </way>
  <way id="33157">
    <nd ref="33146"/>
    <nd ref="27562"/>
    <tag k="type" v="line_thin"/>
    <tag k="subtype" v="solid"/>
  </way>
  <way id="33158">
    <nd ref="33147"/>
    <nd ref="27563"/>
    <tag k="type" v="line_thin"/>
    <tag k="subtype" v="solid"/>
  </way>
  <way id="33166">
    <nd ref="11771"/>
    <nd ref="8"/>
    <tag k="type" v="line_thin"/>
    <tag k="subtype" v="solid"/>
  </way>
  <way id="33167">
    <nd ref="11772"/>
    <nd ref="14"/>
    <tag k="type" v="line_thin"/>
    <tag k="subtype" v="solid"/>
  </way>
  <way id="33169">
    <nd ref="33139"/>
    <nd ref="11771"/>
    <tag k="type" v="line_thin"/>
    <tag k="subtype" v="solid"/>
  </way>
  <way id="33170">
    <nd ref="33140"/>
    <nd ref="11772"/>
    <tag k="type" v="line_thin"/>
    <tag k="subtype" v="solid"/>
  </way>
  <way id="33174">
    <nd ref="11381"/>
    <nd ref="43337"/>
    <nd ref="33172"/>
    <tag k="type" v="line_thin"/>
    <tag k="subtype" v="solid"/>
  </way>
  <way id="33176">
    <nd ref="11380"/>
    <nd ref="43338"/>
    <nd ref="33173"/>
    <tag k="type" v="line_thin"/>
    <tag k="subtype" v="solid"/>
  </way>
  <way id="33230">
    <nd ref="33172"/>
    <nd ref="33205"/>
    <nd ref="33207"/>
    <nd ref="33209"/>
    <nd ref="33211"/>
    <nd ref="33213"/>
    <nd ref="33215"/>
    <nd ref="33216"/>
    <nd ref="33186"/>
    <tag k="type" v="line_thin"/>
    <tag k="subtype" v="solid"/>
  </way>
  <way id="33231">
    <nd ref="33173"/>
    <nd ref="33218"/>
    <nd ref="33219"/>
    <nd ref="33220"/>
    <nd ref="33222"/>
    <nd ref="33223"/>
    <nd ref="33224"/>
    <nd ref="33226"/>
    <nd ref="33227"/>
    <nd ref="33228"/>
    <nd ref="33229"/>
    <nd ref="33187"/>
    <tag k="type" v="line_thin"/>
    <tag k="subtype" v="solid"/>
  </way>
  <way id="33267">
    <nd ref="33264"/>
    <nd ref="28652"/>
    <tag k="type" v="line_thin"/>
    <tag k="subtype" v="solid"/>
  </way>
  <way id="33269">
    <nd ref="33265"/>
    <nd ref="28653"/>
    <tag k="type" v="line_thin"/>
    <tag k="subtype" v="solid"/>
  </way>
  <way id="33273">
    <nd ref="609"/>
    <nd ref="33271"/>
    <tag k="type" v="line_thin"/>
    <tag k="subtype" v="solid"/>
  </way>
  <way id="33275">
    <nd ref="614"/>
    <nd ref="33272"/>
    <tag k="type" v="line_thin"/>
    <tag k="subtype" v="solid"/>
  </way>
  <way id="33278">
    <nd ref="33271"/>
    <nd ref="33233"/>
    <tag k="type" v="line_thin"/>
    <tag k="subtype" v="solid"/>
  </way>
  <way id="33279">
    <nd ref="33272"/>
    <nd ref="33252"/>
    <tag k="type" v="line_thin"/>
    <tag k="subtype" v="solid"/>
  </way>
  <way id="33281">
    <nd ref="33251"/>
    <nd ref="33264"/>
    <tag k="type" v="line_thin"/>
    <tag k="subtype" v="solid"/>
  </way>
  <way id="33282">
    <nd ref="33260"/>
    <nd ref="33265"/>
    <tag k="type" v="line_thin"/>
    <tag k="subtype" v="solid"/>
  </way>
  <way id="33286">
    <nd ref="33083"/>
    <nd ref="33284"/>
    <tag k="type" v="line_thin"/>
    <tag k="subtype" v="solid"/>
  </way>
  <way id="33287">
    <nd ref="33284"/>
    <nd ref="33146"/>
    <tag k="type" v="line_thin"/>
    <tag k="subtype" v="solid"/>
  </way>
  <way id="33288">
    <nd ref="33084"/>
    <nd ref="33285"/>
    <tag k="type" v="line_thin"/>
    <tag k="subtype" v="solid"/>
  </way>
  <way id="33289">
    <nd ref="33285"/>
    <nd ref="33147"/>
    <tag k="type" v="line_thin"/>
    <tag k="subtype" v="solid"/>
  </way>
  <way id="33493">
    <nd ref="33490"/>
    <nd ref="26614"/>
    <nd ref="26616"/>
    <nd ref="26618"/>
    <nd ref="26620"/>
    <nd ref="302"/>
    <tag k="type" v="line_thin"/>
    <tag k="subtype" v="solid"/>
  </way>
  <way id="33495">
    <nd ref="33491"/>
    <nd ref="26627"/>
    <nd ref="26629"/>
    <nd ref="26631"/>
    <nd ref="26633"/>
    <nd ref="312"/>
    <tag k="type" v="line_thin"/>
    <tag k="subtype" v="solid"/>
  </way>
  <way id="33740">
    <nd ref="33661"/>
    <nd ref="33729"/>
    <nd ref="33696"/>
    <nd ref="33698"/>
    <nd ref="33709"/>
    <nd ref="33710"/>
    <nd ref="33711"/>
    <nd ref="33712"/>
    <nd ref="23752"/>
    <tag k="type" v="line_thin"/>
    <tag k="subtype" v="solid"/>
  </way>
  <way id="33741">
    <nd ref="33662"/>
    <nd ref="33730"/>
    <nd ref="33701"/>
    <nd ref="33704"/>
    <nd ref="33685"/>
    <nd ref="33714"/>
    <nd ref="33715"/>
    <nd ref="33716"/>
    <nd ref="23753"/>
    <tag k="type" v="line_thin"/>
    <tag k="subtype" v="solid"/>
  </way>
  <way id="35102">
    <nd ref="35099"/>
    <nd ref="35089"/>
    <tag k="type" v="line_thin"/>
    <tag k="subtype" v="solid"/>
  </way>
  <way id="35104">
    <nd ref="35100"/>
    <nd ref="35086"/>
    <tag k="type" v="line_thin"/>
    <tag k="subtype" v="solid"/>
  </way>
  <way id="35342">
    <nd ref="4095"/>
    <nd ref="35340"/>
    <tag k="type" v="line_thin"/>
    <tag k="subtype" v="solid"/>
  </way>
  <way id="35343">
    <nd ref="35340"/>
    <nd ref="4096"/>
    <tag k="type" v="line_thin"/>
    <tag k="subtype" v="solid"/>
  </way>
  <way id="35344">
    <nd ref="4092"/>
    <nd ref="35341"/>
    <tag k="type" v="line_thin"/>
    <tag k="subtype" v="solid"/>
  </way>
  <way id="35345">
    <nd ref="35341"/>
    <nd ref="4093"/>
    <tag k="type" v="line_thin"/>
    <tag k="subtype" v="solid"/>
  </way>
  <way id="35413">
    <nd ref="35347"/>
    <nd ref="27340"/>
    <tag k="type" v="line_thin"/>
    <tag k="subtype" v="solid"/>
  </way>
  <way id="35414">
    <nd ref="35349"/>
    <nd ref="27341"/>
    <tag k="type" v="line_thin"/>
    <tag k="subtype" v="solid"/>
  </way>
  <way id="35652">
    <nd ref="35635"/>
    <nd ref="24328"/>
    <tag k="type" v="line_thin"/>
    <tag k="subtype" v="solid"/>
  </way>
  <way id="35653">
    <nd ref="35637"/>
    <nd ref="24344"/>
    <tag k="type" v="line_thin"/>
    <tag k="subtype" v="solid"/>
  </way>
  <way id="36292">
    <nd ref="20939"/>
    <nd ref="36290"/>
    <tag k="type" v="line_thin"/>
    <tag k="subtype" v="solid"/>
  </way>
  <way id="36294">
    <nd ref="20940"/>
    <nd ref="36291"/>
    <tag k="type" v="line_thin"/>
    <tag k="subtype" v="solid"/>
  </way>
  <way id="36299">
    <nd ref="36290"/>
    <nd ref="10160"/>
    <nd ref="266"/>
    <nd ref="10167"/>
    <nd ref="36297"/>
    <tag k="type" v="line_thin"/>
    <tag k="subtype" v="solid"/>
  </way>
  <way id="36301">
    <nd ref="36291"/>
    <nd ref="10161"/>
    <nd ref="272"/>
    <nd ref="10168"/>
    <nd ref="36298"/>
    <tag k="type" v="line_thin"/>
    <tag k="subtype" v="solid"/>
  </way>
  <way id="37131">
    <nd ref="37110"/>
    <nd ref="32526"/>
    <nd ref="31956"/>
    <tag k="type" v="line_thin"/>
    <tag k="subtype" v="solid"/>
  </way>
  <way id="37132">
    <nd ref="37113"/>
    <nd ref="32527"/>
    <nd ref="31953"/>
    <tag k="type" v="line_thin"/>
    <tag k="subtype" v="solid"/>
  </way>
  <way id="37884">
    <nd ref="28078"/>
    <nd ref="37882"/>
    <tag k="type" v="line_thin"/>
    <tag k="subtype" v="solid"/>
  </way>
  <way id="37886">
    <nd ref="28079"/>
    <nd ref="37883"/>
    <tag k="type" v="line_thin"/>
    <tag k="subtype" v="solid"/>
  </way>
  <way id="37932">
    <nd ref="37928"/>
    <nd ref="37929"/>
    <tag k="type" v="line_thin"/>
    <tag k="subtype" v="solid"/>
  </way>
  <way id="37933">
    <nd ref="37930"/>
    <nd ref="37931"/>
    <tag k="type" v="line_thin"/>
    <tag k="subtype" v="solid"/>
  </way>
  <way id="38196">
    <nd ref="38193"/>
    <nd ref="722"/>
    <nd ref="1100"/>
    <nd ref="1099"/>
    <nd ref="1146"/>
    <nd ref="1101"/>
    <nd ref="1147"/>
    <nd ref="723"/>
    <tag k="type" v="line_thin"/>
    <tag k="subtype" v="solid"/>
  </way>
  <way id="38198">
    <nd ref="38194"/>
    <nd ref="705"/>
    <nd ref="1093"/>
    <nd ref="1094"/>
    <nd ref="1148"/>
    <nd ref="1149"/>
    <nd ref="1095"/>
    <nd ref="706"/>
    <tag k="type" v="line_thin"/>
    <tag k="subtype" v="solid"/>
  </way>
  <way id="38416">
    <nd ref="38382"/>
    <nd ref="38393"/>
    <nd ref="38394"/>
    <nd ref="38395"/>
    <nd ref="38396"/>
    <nd ref="38397"/>
    <nd ref="38398"/>
    <nd ref="38399"/>
    <nd ref="38400"/>
    <nd ref="38401"/>
    <nd ref="38193"/>
    <tag k="type" v="line_thin"/>
    <tag k="subtype" v="solid"/>
  </way>
  <way id="38417">
    <nd ref="38379"/>
    <nd ref="38402"/>
    <nd ref="38404"/>
    <nd ref="38406"/>
    <nd ref="38408"/>
    <nd ref="38410"/>
    <nd ref="38194"/>
    <tag k="type" v="line_thin"/>
    <tag k="subtype" v="solid"/>
  </way>
  <way id="38491">
    <nd ref="38432"/>
    <nd ref="38425"/>
    <nd ref="38470"/>
    <nd ref="38471"/>
    <nd ref="38472"/>
    <nd ref="38473"/>
    <nd ref="38474"/>
    <nd ref="38475"/>
    <nd ref="38476"/>
    <nd ref="38477"/>
    <nd ref="38478"/>
    <nd ref="38193"/>
    <tag k="type" v="line_thin"/>
    <tag k="subtype" v="solid"/>
  </way>
  <way id="38492">
    <nd ref="38433"/>
    <nd ref="38426"/>
    <nd ref="38479"/>
    <nd ref="38480"/>
    <nd ref="38481"/>
    <nd ref="38482"/>
    <nd ref="38483"/>
    <nd ref="38484"/>
    <nd ref="38485"/>
    <nd ref="38486"/>
    <nd ref="38487"/>
    <nd ref="38194"/>
    <tag k="type" v="line_thin"/>
    <tag k="subtype" v="solid"/>
  </way>
  <way id="38535">
    <nd ref="35618"/>
    <nd ref="38528"/>
    <tag k="type" v="line_thin"/>
    <tag k="subtype" v="solid"/>
  </way>
  <way id="38536">
    <nd ref="35619"/>
    <nd ref="38525"/>
    <tag k="type" v="line_thin"/>
    <tag k="subtype" v="solid"/>
  </way>
  <way id="38680">
    <nd ref="38528"/>
    <nd ref="38678"/>
    <tag k="type" v="line_thin"/>
    <tag k="subtype" v="solid"/>
  </way>
  <way id="38682">
    <nd ref="38525"/>
    <nd ref="38679"/>
    <tag k="type" v="line_thin"/>
    <tag k="subtype" v="solid"/>
  </way>
  <way id="38916">
    <nd ref="38867"/>
    <nd ref="28700"/>
    <tag k="type" v="line_thin"/>
    <tag k="subtype" v="solid"/>
  </way>
  <way id="38917">
    <nd ref="38869"/>
    <nd ref="28701"/>
    <tag k="type" v="line_thin"/>
    <tag k="subtype" v="solid"/>
  </way>
  <way id="39003">
    <nd ref="35333"/>
    <nd ref="38938"/>
    <nd ref="38978"/>
    <nd ref="38979"/>
    <nd ref="38980"/>
    <nd ref="38981"/>
    <nd ref="38982"/>
    <nd ref="38983"/>
    <nd ref="38984"/>
    <nd ref="38985"/>
    <nd ref="38986"/>
    <nd ref="38987"/>
    <nd ref="38988"/>
    <nd ref="34081"/>
    <tag k="type" v="line_thin"/>
    <tag k="subtype" v="solid"/>
  </way>
  <way id="39004">
    <nd ref="35334"/>
    <nd ref="38939"/>
    <nd ref="38989"/>
    <nd ref="38990"/>
    <nd ref="38991"/>
    <nd ref="38992"/>
    <nd ref="38993"/>
    <nd ref="38994"/>
    <nd ref="38995"/>
    <nd ref="38996"/>
    <nd ref="38997"/>
    <nd ref="38998"/>
    <nd ref="38999"/>
    <nd ref="34082"/>
    <tag k="type" v="line_thin"/>
    <tag k="subtype" v="solid"/>
  </way>
  <way id="39025">
    <nd ref="35089"/>
    <nd ref="39005"/>
    <nd ref="39006"/>
    <nd ref="39007"/>
    <nd ref="39008"/>
    <nd ref="39009"/>
    <nd ref="39010"/>
    <nd ref="39011"/>
    <nd ref="39012"/>
    <nd ref="39013"/>
    <nd ref="39014"/>
    <nd ref="34081"/>
    <tag k="type" v="line_thin"/>
    <tag k="subtype" v="solid"/>
  </way>
  <way id="39026">
    <nd ref="35086"/>
    <nd ref="39015"/>
    <nd ref="39016"/>
    <nd ref="39017"/>
    <nd ref="39018"/>
    <nd ref="39019"/>
    <nd ref="39020"/>
    <nd ref="39021"/>
    <nd ref="39022"/>
    <nd ref="39023"/>
    <nd ref="39024"/>
    <nd ref="34082"/>
    <tag k="type" v="line_thin"/>
    <tag k="subtype" v="solid"/>
  </way>
  <way id="39056">
    <nd ref="34042"/>
    <nd ref="39028"/>
    <nd ref="39035"/>
    <nd ref="39036"/>
    <nd ref="39037"/>
    <nd ref="39038"/>
    <nd ref="39039"/>
    <nd ref="39040"/>
    <nd ref="39041"/>
    <nd ref="39042"/>
    <nd ref="39043"/>
    <nd ref="34081"/>
    <tag k="type" v="line_thin"/>
    <tag k="subtype" v="solid"/>
  </way>
  <way id="39057">
    <nd ref="34039"/>
    <nd ref="39029"/>
    <nd ref="39044"/>
    <nd ref="39045"/>
    <nd ref="39046"/>
    <nd ref="39047"/>
    <nd ref="39048"/>
    <nd ref="39049"/>
    <nd ref="39050"/>
    <nd ref="39051"/>
    <nd ref="39052"/>
    <nd ref="34082"/>
    <tag k="type" v="line_thin"/>
    <tag k="subtype" v="solid"/>
  </way>
  <way id="39060">
    <nd ref="34081"/>
    <nd ref="39058"/>
    <tag k="type" v="line_thin"/>
    <tag k="subtype" v="solid"/>
  </way>
  <way id="39062">
    <nd ref="34082"/>
    <nd ref="39059"/>
    <tag k="type" v="line_thin"/>
    <tag k="subtype" v="solid"/>
  </way>
  <way id="39081">
    <nd ref="39058"/>
    <nd ref="39065"/>
    <nd ref="39066"/>
    <nd ref="39067"/>
    <nd ref="39068"/>
    <nd ref="39069"/>
    <nd ref="39070"/>
    <nd ref="39071"/>
    <nd ref="39072"/>
    <nd ref="14854"/>
    <tag k="type" v="line_thin"/>
    <tag k="subtype" v="solid"/>
  </way>
  <way id="39082">
    <nd ref="39059"/>
    <nd ref="39073"/>
    <nd ref="39074"/>
    <nd ref="39075"/>
    <nd ref="39076"/>
    <nd ref="39077"/>
    <nd ref="39078"/>
    <nd ref="39079"/>
    <nd ref="39080"/>
    <nd ref="14851"/>
    <tag k="type" v="line_thin"/>
    <tag k="subtype" v="solid"/>
  </way>
  <way id="39130">
    <nd ref="14855"/>
    <nd ref="39110"/>
    <nd ref="39111"/>
    <nd ref="39112"/>
    <nd ref="39113"/>
    <nd ref="39114"/>
    <nd ref="39115"/>
    <nd ref="39116"/>
    <nd ref="39117"/>
    <nd ref="39118"/>
    <nd ref="39119"/>
    <nd ref="9905"/>
    <tag k="type" v="line_thin"/>
    <tag k="subtype" v="solid"/>
  </way>
  <way id="39131">
    <nd ref="14852"/>
    <nd ref="39120"/>
    <nd ref="39121"/>
    <nd ref="39122"/>
    <nd ref="39123"/>
    <nd ref="39124"/>
    <nd ref="39125"/>
    <nd ref="39126"/>
    <nd ref="39127"/>
    <nd ref="39128"/>
    <nd ref="39129"/>
    <nd ref="9906"/>
    <tag k="type" v="line_thin"/>
    <tag k="subtype" v="solid"/>
  </way>
  <way id="39198">
    <nd ref="31444"/>
    <nd ref="30537"/>
    <tag k="type" v="line_thin"/>
    <tag k="subtype" v="solid"/>
  </way>
  <way id="39199">
    <nd ref="31445"/>
    <nd ref="30546"/>
    <tag k="type" v="line_thin"/>
    <tag k="subtype" v="solid"/>
  </way>
  <way id="39207">
    <nd ref="37924"/>
    <nd ref="39205"/>
    <tag k="type" v="line_thin"/>
    <tag k="subtype" v="solid"/>
  </way>
  <way id="39209">
    <nd ref="37921"/>
    <nd ref="39206"/>
    <tag k="type" v="line_thin"/>
    <tag k="subtype" v="solid"/>
  </way>
  <way id="39335">
    <nd ref="13506"/>
    <nd ref="39317"/>
    <nd ref="39318"/>
    <nd ref="39319"/>
    <nd ref="39320"/>
    <nd ref="39321"/>
    <nd ref="39322"/>
    <nd ref="39323"/>
    <nd ref="39324"/>
    <nd ref="39325"/>
    <nd ref="37928"/>
    <tag k="type" v="line_thin"/>
    <tag k="subtype" v="solid"/>
  </way>
  <way id="39336">
    <nd ref="13503"/>
    <nd ref="39326"/>
    <nd ref="39327"/>
    <nd ref="39328"/>
    <nd ref="39329"/>
    <nd ref="39330"/>
    <nd ref="39331"/>
    <nd ref="39332"/>
    <nd ref="39333"/>
    <nd ref="37930"/>
    <tag k="type" v="line_thin"/>
    <tag k="subtype" v="solid"/>
  </way>
  <way id="39341">
    <nd ref="31729"/>
    <nd ref="31800"/>
    <nd ref="31804"/>
    <nd ref="31808"/>
    <nd ref="31810"/>
    <nd ref="31790"/>
    <nd ref="25328"/>
    <nd ref="25330"/>
    <nd ref="25332"/>
    <nd ref="25334"/>
    <tag k="type" v="line_thin"/>
    <tag k="subtype" v="solid"/>
  </way>
  <way id="39342">
    <nd ref="31730"/>
    <nd ref="31814"/>
    <nd ref="31818"/>
    <nd ref="31822"/>
    <nd ref="31824"/>
    <nd ref="31791"/>
    <nd ref="25352"/>
    <nd ref="25354"/>
    <nd ref="25356"/>
    <nd ref="25358"/>
    <nd ref="25360"/>
    <tag k="type" v="line_thin"/>
    <tag k="subtype" v="solid"/>
  </way>
  <way id="39359">
    <nd ref="11917"/>
    <nd ref="2402"/>
    <nd ref="1966"/>
    <tag k="type" v="line_thin"/>
    <tag k="subtype" v="solid"/>
  </way>
  <way id="39360">
    <nd ref="11918"/>
    <nd ref="2403"/>
    <nd ref="1967"/>
    <tag k="type" v="line_thin"/>
    <tag k="subtype" v="solid"/>
  </way>
  <way id="39363">
    <nd ref="1966"/>
    <nd ref="1976"/>
    <nd ref="1980"/>
    <nd ref="1393"/>
    <nd ref="1733"/>
    <nd ref="1737"/>
    <nd ref="1741"/>
    <nd ref="1745"/>
    <nd ref="1749"/>
    <nd ref="4827"/>
    <tag k="type" v="line_thin"/>
    <tag k="subtype" v="solid"/>
  </way>
  <way id="39364">
    <nd ref="1967"/>
    <nd ref="1984"/>
    <nd ref="1988"/>
    <nd ref="1390"/>
    <nd ref="1752"/>
    <nd ref="1754"/>
    <nd ref="2410"/>
    <nd ref="1757"/>
    <nd ref="1759"/>
    <nd ref="1761"/>
    <nd ref="1763"/>
    <nd ref="1765"/>
    <nd ref="1767"/>
    <nd ref="1769"/>
    <nd ref="4828"/>
    <tag k="type" v="line_thin"/>
    <tag k="subtype" v="solid"/>
  </way>
  <way id="39367">
    <nd ref="37882"/>
    <nd ref="39365"/>
    <tag k="type" v="line_thin"/>
    <tag k="subtype" v="solid"/>
  </way>
  <way id="39369">
    <nd ref="37883"/>
    <nd ref="39366"/>
    <tag k="type" v="line_thin"/>
    <tag k="subtype" v="solid"/>
  </way>
  <way id="40109">
    <nd ref="40106"/>
    <nd ref="39884"/>
    <nd ref="387"/>
    <tag k="type" v="line_thin"/>
    <tag k="subtype" v="solid"/>
  </way>
  <way id="40111">
    <nd ref="40107"/>
    <nd ref="39888"/>
    <nd ref="382"/>
    <tag k="type" v="line_thin"/>
    <tag k="subtype" v="solid"/>
  </way>
  <way id="40168">
    <nd ref="40165"/>
    <nd ref="40118"/>
    <nd ref="40120"/>
    <nd ref="40122"/>
    <nd ref="40124"/>
    <nd ref="40126"/>
    <nd ref="40106"/>
    <tag k="type" v="line_thin"/>
    <tag k="subtype" v="solid"/>
  </way>
  <way id="40170">
    <nd ref="40166"/>
    <nd ref="40132"/>
    <nd ref="40134"/>
    <nd ref="40136"/>
    <nd ref="40138"/>
    <nd ref="40140"/>
    <nd ref="40107"/>
    <tag k="type" v="line_thin"/>
    <tag k="subtype" v="solid"/>
  </way>
  <way id="40200">
    <nd ref="318"/>
    <nd ref="40173"/>
    <nd ref="40175"/>
    <nd ref="40177"/>
    <nd ref="40179"/>
    <nd ref="40181"/>
    <nd ref="40183"/>
    <nd ref="40185"/>
    <nd ref="40165"/>
    <tag k="type" v="line_thin"/>
    <tag k="subtype" v="solid"/>
  </way>
  <way id="40201">
    <nd ref="322"/>
    <nd ref="40187"/>
    <nd ref="40189"/>
    <nd ref="40191"/>
    <nd ref="40193"/>
    <nd ref="40195"/>
    <nd ref="40197"/>
    <nd ref="40199"/>
    <nd ref="40166"/>
    <tag k="type" v="line_thin"/>
    <tag k="subtype" v="solid"/>
  </way>
  <way id="40320">
    <nd ref="24027"/>
    <nd ref="23903"/>
    <tag k="type" v="line_thin"/>
    <tag k="subtype" v="solid"/>
  </way>
  <way id="40321">
    <nd ref="24029"/>
    <nd ref="23904"/>
    <tag k="type" v="line_thin"/>
    <tag k="subtype" v="solid"/>
  </way>
  <way id="40329">
    <nd ref="24311"/>
    <nd ref="24549"/>
    <tag k="type" v="line_thin"/>
    <tag k="subtype" v="solid"/>
  </way>
  <way id="40330">
    <nd ref="24329"/>
    <nd ref="24551"/>
    <tag k="type" v="line_thin"/>
    <tag k="subtype" v="solid"/>
  </way>
  <way id="40422">
    <nd ref="33500"/>
    <nd ref="40420"/>
    <tag k="type" v="line_thin"/>
    <tag k="subtype" v="solid"/>
  </way>
  <way id="40424">
    <nd ref="33497"/>
    <nd ref="40421"/>
    <tag k="type" v="line_thin"/>
    <tag k="subtype" v="solid"/>
  </way>
  <way id="40437">
    <nd ref="40420"/>
    <nd ref="40428"/>
    <nd ref="40430"/>
    <nd ref="33490"/>
    <tag k="type" v="line_thin"/>
    <tag k="subtype" v="solid"/>
  </way>
  <way id="40438">
    <nd ref="40421"/>
    <nd ref="40433"/>
    <nd ref="40435"/>
    <nd ref="33491"/>
    <tag k="type" v="line_thin"/>
    <tag k="subtype" v="solid"/>
  </way>
  <way id="40442">
    <nd ref="34420"/>
    <nd ref="40440"/>
    <tag k="type" v="line_thin"/>
    <tag k="subtype" v="solid"/>
  </way>
  <way id="40444">
    <nd ref="34422"/>
    <nd ref="40441"/>
    <tag k="type" v="line_thin"/>
    <tag k="subtype" v="solid"/>
  </way>
  <way id="40467">
    <nd ref="40440"/>
    <nd ref="40447"/>
    <nd ref="40449"/>
    <nd ref="40451"/>
    <nd ref="40453"/>
    <nd ref="40455"/>
    <nd ref="33490"/>
    <tag k="type" v="line_thin"/>
    <tag k="subtype" v="solid"/>
  </way>
  <way id="40468">
    <nd ref="40441"/>
    <nd ref="40457"/>
    <nd ref="40459"/>
    <nd ref="40461"/>
    <nd ref="40463"/>
    <nd ref="40465"/>
    <nd ref="33491"/>
    <tag k="type" v="line_thin"/>
    <tag k="subtype" v="solid"/>
  </way>
  <way id="40475">
    <nd ref="25919"/>
    <nd ref="26441"/>
    <nd ref="26444"/>
    <nd ref="26432"/>
    <nd ref="40473"/>
    <tag k="type" v="line_thin"/>
    <tag k="subtype" v="solid"/>
  </way>
  <way id="40477">
    <nd ref="25934"/>
    <nd ref="26447"/>
    <nd ref="26450"/>
    <nd ref="26433"/>
    <nd ref="40474"/>
    <tag k="type" v="line_thin"/>
    <tag k="subtype" v="solid"/>
  </way>
  <way id="40511">
    <nd ref="40508"/>
    <nd ref="26029"/>
    <nd ref="26153"/>
    <nd ref="26154"/>
    <nd ref="26156"/>
    <nd ref="26133"/>
    <tag k="type" v="line_thin"/>
    <tag k="subtype" v="solid"/>
  </way>
  <way id="40513">
    <nd ref="40509"/>
    <nd ref="26050"/>
    <nd ref="26053"/>
    <nd ref="26147"/>
    <nd ref="26158"/>
    <nd ref="26160"/>
    <nd ref="26135"/>
    <tag k="type" v="line_thin"/>
    <tag k="subtype" v="solid"/>
  </way>
  <way id="40593">
    <nd ref="40590"/>
    <nd ref="26015"/>
    <tag k="type" v="line_thin"/>
    <tag k="subtype" v="solid"/>
  </way>
  <way id="40595">
    <nd ref="40591"/>
    <nd ref="26040"/>
    <tag k="type" v="line_thin"/>
    <tag k="subtype" v="solid"/>
  </way>
  <way id="40636">
    <nd ref="26171"/>
    <nd ref="26377"/>
    <nd ref="40634"/>
    <tag k="type" v="line_thin"/>
    <tag k="subtype" v="solid"/>
  </way>
  <way id="40638">
    <nd ref="26186"/>
    <nd ref="26382"/>
    <nd ref="26384"/>
    <nd ref="40635"/>
    <tag k="type" v="line_thin"/>
    <tag k="subtype" v="solid"/>
  </way>
  <way id="40757">
    <nd ref="26407"/>
    <nd ref="40755"/>
    <tag k="type" v="line_thin"/>
    <tag k="subtype" v="solid"/>
  </way>
  <way id="40758">
    <nd ref="40755"/>
    <nd ref="40659"/>
    <tag k="type" v="line_thin"/>
    <tag k="subtype" v="solid"/>
  </way>
  <way id="40759">
    <nd ref="26408"/>
    <nd ref="40756"/>
    <tag k="type" v="line_thin"/>
    <tag k="subtype" v="solid"/>
  </way>
  <way id="40760">
    <nd ref="40756"/>
    <nd ref="40660"/>
    <tag k="type" v="line_thin"/>
    <tag k="subtype" v="solid"/>
  </way>
  <way id="40837">
    <nd ref="40834"/>
    <nd ref="40529"/>
    <nd ref="26222"/>
    <nd ref="26225"/>
    <nd ref="26228"/>
    <nd ref="26231"/>
    <nd ref="26205"/>
    <tag k="type" v="line_thin"/>
    <tag k="subtype" v="solid"/>
  </way>
  <way id="40839">
    <nd ref="40835"/>
    <nd ref="26242"/>
    <nd ref="26244"/>
    <nd ref="26246"/>
    <nd ref="26249"/>
    <nd ref="26251"/>
    <nd ref="26207"/>
    <tag k="type" v="line_thin"/>
    <tag k="subtype" v="solid"/>
  </way>
  <way id="40851">
    <nd ref="40659"/>
    <nd ref="40841"/>
    <nd ref="40842"/>
    <nd ref="40843"/>
    <nd ref="40844"/>
    <nd ref="40845"/>
    <nd ref="40834"/>
    <tag k="type" v="line_thin"/>
    <tag k="subtype" v="solid"/>
  </way>
  <way id="40852">
    <nd ref="40660"/>
    <nd ref="40846"/>
    <nd ref="40847"/>
    <nd ref="40848"/>
    <nd ref="40849"/>
    <nd ref="40850"/>
    <nd ref="40835"/>
    <tag k="type" v="line_thin"/>
    <tag k="subtype" v="solid"/>
  </way>
  <way id="40854">
    <nd ref="40659"/>
    <nd ref="25885"/>
    <tag k="type" v="line_thin"/>
    <tag k="subtype" v="solid"/>
  </way>
  <way id="40855">
    <nd ref="40660"/>
    <nd ref="25887"/>
    <tag k="type" v="line_thin"/>
    <tag k="subtype" v="solid"/>
  </way>
  <way id="40860">
    <nd ref="40857"/>
    <nd ref="40792"/>
    <nd ref="40793"/>
    <nd ref="40794"/>
    <nd ref="40795"/>
    <nd ref="40796"/>
    <nd ref="26407"/>
    <tag k="type" v="line_thin"/>
    <tag k="subtype" v="solid"/>
  </way>
  <way id="40862">
    <nd ref="40858"/>
    <nd ref="40799"/>
    <nd ref="40800"/>
    <nd ref="40801"/>
    <nd ref="40802"/>
    <nd ref="40803"/>
    <nd ref="26408"/>
    <tag k="type" v="line_thin"/>
    <tag k="subtype" v="solid"/>
  </way>
  <way id="40864">
    <nd ref="19406"/>
    <nd ref="40736"/>
    <nd ref="40738"/>
    <nd ref="40740"/>
    <nd ref="40742"/>
    <nd ref="40791"/>
    <nd ref="40857"/>
    <tag k="type" v="line_thin"/>
    <tag k="subtype" v="solid"/>
  </way>
  <way id="40865">
    <nd ref="19409"/>
    <nd ref="40744"/>
    <nd ref="40746"/>
    <nd ref="40748"/>
    <nd ref="40784"/>
    <nd ref="40798"/>
    <nd ref="40858"/>
    <tag k="type" v="line_thin"/>
    <tag k="subtype" v="solid"/>
  </way>
  <way id="40878">
    <nd ref="25672"/>
    <nd ref="40866"/>
    <nd ref="40868"/>
    <nd ref="40870"/>
    <nd ref="40871"/>
    <nd ref="40857"/>
    <tag k="type" v="line_thin"/>
    <tag k="subtype" v="solid"/>
  </way>
  <way id="40879">
    <nd ref="25673"/>
    <nd ref="40872"/>
    <nd ref="40874"/>
    <nd ref="40876"/>
    <nd ref="40858"/>
    <tag k="type" v="line_thin"/>
    <tag k="subtype" v="solid"/>
  </way>
  <way id="41032">
    <nd ref="41029"/>
    <nd ref="1486"/>
    <tag k="type" v="line_thin"/>
    <tag k="subtype" v="solid"/>
  </way>
  <way id="41034">
    <nd ref="41030"/>
    <nd ref="1488"/>
    <tag k="type" v="line_thin"/>
    <tag k="subtype" v="solid"/>
  </way>
  <way id="41101">
    <nd ref="9881"/>
    <nd ref="41099"/>
    <tag k="type" v="line_thin"/>
    <tag k="subtype" v="solid"/>
  </way>
  <way id="41103">
    <nd ref="9882"/>
    <nd ref="41100"/>
    <tag k="type" v="line_thin"/>
    <tag k="subtype" v="solid"/>
  </way>
  <way id="41163">
    <nd ref="41099"/>
    <nd ref="41153"/>
    <nd ref="41155"/>
    <nd ref="41116"/>
    <tag k="type" v="line_thin"/>
    <tag k="subtype" v="solid"/>
  </way>
  <way id="41164">
    <nd ref="41100"/>
    <nd ref="41158"/>
    <nd ref="41160"/>
    <nd ref="41113"/>
    <tag k="type" v="line_thin"/>
    <tag k="subtype" v="solid"/>
  </way>
  <way id="41199">
    <nd ref="22977"/>
    <nd ref="41197"/>
    <tag k="type" v="line_thin"/>
    <tag k="subtype" v="solid"/>
  </way>
  <way id="41201">
    <nd ref="22978"/>
    <nd ref="41198"/>
    <tag k="type" v="line_thin"/>
    <tag k="subtype" v="solid"/>
  </way>
  <way id="41249">
    <nd ref="41245"/>
    <nd ref="41246"/>
    <tag k="type" v="line_thin"/>
    <tag k="subtype" v="solid"/>
  </way>
  <way id="41250">
    <nd ref="41247"/>
    <nd ref="41248"/>
    <tag k="type" v="line_thin"/>
    <tag k="subtype" v="solid"/>
  </way>
  <way id="41255">
    <nd ref="41252"/>
    <nd ref="23737"/>
    <nd ref="23776"/>
    <nd ref="33668"/>
    <nd ref="33661"/>
    <tag k="type" v="line_thin"/>
    <tag k="subtype" v="solid"/>
  </way>
  <way id="41257">
    <nd ref="41253"/>
    <nd ref="23740"/>
    <nd ref="23777"/>
    <nd ref="33669"/>
    <nd ref="33662"/>
    <tag k="type" v="line_thin"/>
    <tag k="subtype" v="solid"/>
  </way>
  <way id="41262">
    <nd ref="41246"/>
    <nd ref="41252"/>
    <tag k="type" v="line_thin"/>
    <tag k="subtype" v="solid"/>
  </way>
  <way id="41263">
    <nd ref="41248"/>
    <nd ref="41253"/>
    <tag k="type" v="line_thin"/>
    <tag k="subtype" v="solid"/>
  </way>
  <way id="41378">
    <nd ref="41116"/>
    <nd ref="41136"/>
    <nd ref="41137"/>
    <nd ref="41139"/>
    <nd ref="41376"/>
    <tag k="type" v="line_thin"/>
    <tag k="subtype" v="solid"/>
  </way>
  <way id="41379">
    <nd ref="41376"/>
    <nd ref="15635"/>
    <tag k="type" v="line_thin"/>
    <tag k="subtype" v="solid"/>
  </way>
  <way id="41380">
    <nd ref="41113"/>
    <nd ref="41143"/>
    <nd ref="41144"/>
    <nd ref="41146"/>
    <nd ref="41377"/>
    <tag k="type" v="line_thin"/>
    <tag k="subtype" v="solid"/>
  </way>
  <way id="41381">
    <nd ref="41377"/>
    <nd ref="15636"/>
    <tag k="type" v="line_thin"/>
    <tag k="subtype" v="solid"/>
  </way>
  <way id="41428">
    <nd ref="15635"/>
    <nd ref="41404"/>
    <nd ref="41405"/>
    <nd ref="41406"/>
    <nd ref="41407"/>
    <nd ref="41408"/>
    <nd ref="41409"/>
    <nd ref="41410"/>
    <nd ref="41411"/>
    <nd ref="41412"/>
    <nd ref="41413"/>
    <nd ref="41414"/>
    <nd ref="41415"/>
    <nd ref="22977"/>
    <tag k="type" v="line_thin"/>
    <tag k="subtype" v="solid"/>
  </way>
  <way id="41429">
    <nd ref="15636"/>
    <nd ref="41416"/>
    <nd ref="41417"/>
    <nd ref="41418"/>
    <nd ref="41419"/>
    <nd ref="41420"/>
    <nd ref="41421"/>
    <nd ref="41422"/>
    <nd ref="41423"/>
    <nd ref="41424"/>
    <nd ref="41425"/>
    <nd ref="41426"/>
    <nd ref="41427"/>
    <nd ref="22978"/>
    <tag k="type" v="line_thin"/>
    <tag k="subtype" v="solid"/>
  </way>
  <way id="41447">
    <nd ref="15635"/>
    <nd ref="41431"/>
    <nd ref="41432"/>
    <nd ref="41433"/>
    <nd ref="41434"/>
    <nd ref="41435"/>
    <nd ref="41436"/>
    <nd ref="41437"/>
    <nd ref="41438"/>
    <nd ref="41245"/>
    <tag k="type" v="line_thin"/>
    <tag k="subtype" v="solid"/>
  </way>
  <way id="41448">
    <nd ref="15636"/>
    <nd ref="41440"/>
    <nd ref="41442"/>
    <nd ref="41444"/>
    <nd ref="41446"/>
    <nd ref="43855"/>
    <nd ref="41247"/>
    <tag k="type" v="line_thin"/>
    <tag k="subtype" v="solid"/>
  </way>
  <way id="41676">
    <nd ref="22900"/>
    <nd ref="41664"/>
    <nd ref="41665"/>
    <nd ref="41666"/>
    <nd ref="41667"/>
    <nd ref="41668"/>
    <nd ref="41669"/>
    <nd ref="41628"/>
    <tag k="type" v="line_thin"/>
    <tag k="subtype" v="solid"/>
  </way>
  <way id="41677">
    <nd ref="22901"/>
    <nd ref="41670"/>
    <nd ref="41671"/>
    <nd ref="41672"/>
    <nd ref="41673"/>
    <nd ref="41674"/>
    <nd ref="41675"/>
    <nd ref="41629"/>
    <tag k="type" v="line_thin"/>
    <tag k="subtype" v="solid"/>
  </way>
  <way id="41699">
    <nd ref="41628"/>
    <nd ref="41635"/>
    <nd ref="41636"/>
    <nd ref="41637"/>
    <nd ref="41638"/>
    <nd ref="41697"/>
    <tag k="type" v="line_thin"/>
    <tag k="subtype" v="solid"/>
  </way>
  <way id="41701">
    <nd ref="41629"/>
    <nd ref="41648"/>
    <nd ref="41649"/>
    <nd ref="41650"/>
    <nd ref="41651"/>
    <nd ref="41698"/>
    <tag k="type" v="line_thin"/>
    <tag k="subtype" v="solid"/>
  </way>
  <way id="41725">
    <nd ref="33661"/>
    <nd ref="41723"/>
    <tag k="type" v="line_thin"/>
    <tag k="subtype" v="solid"/>
  </way>
  <way id="41726">
    <nd ref="41723"/>
    <nd ref="41704"/>
    <nd ref="41705"/>
    <nd ref="41706"/>
    <nd ref="41707"/>
    <nd ref="41708"/>
    <nd ref="41709"/>
    <nd ref="41710"/>
    <nd ref="41711"/>
    <nd ref="41697"/>
    <tag k="type" v="line_thin"/>
    <tag k="subtype" v="solid"/>
  </way>
  <way id="41727">
    <nd ref="33662"/>
    <nd ref="41724"/>
    <tag k="type" v="line_thin"/>
    <tag k="subtype" v="solid"/>
  </way>
  <way id="41728">
    <nd ref="41724"/>
    <nd ref="41712"/>
    <nd ref="41713"/>
    <nd ref="41714"/>
    <nd ref="41715"/>
    <nd ref="41716"/>
    <nd ref="41717"/>
    <nd ref="41718"/>
    <nd ref="41719"/>
    <nd ref="41698"/>
    <tag k="type" v="line_thin"/>
    <tag k="subtype" v="solid"/>
  </way>
  <way id="41816">
    <nd ref="22900"/>
    <nd ref="41808"/>
    <nd ref="41809"/>
    <nd ref="41810"/>
    <nd ref="41811"/>
    <nd ref="41804"/>
    <tag k="type" v="line_thin"/>
    <tag k="subtype" v="solid"/>
  </way>
  <way id="41817">
    <nd ref="22901"/>
    <nd ref="41812"/>
    <nd ref="41813"/>
    <nd ref="41814"/>
    <nd ref="41815"/>
    <nd ref="41801"/>
    <tag k="type" v="line_thin"/>
    <tag k="subtype" v="solid"/>
  </way>
  <way id="41835">
    <nd ref="41804"/>
    <nd ref="41820"/>
    <nd ref="41822"/>
    <nd ref="41824"/>
    <nd ref="41826"/>
    <nd ref="25077"/>
    <tag k="type" v="line_thin"/>
    <tag k="subtype" v="solid"/>
  </way>
  <way id="41836">
    <nd ref="41801"/>
    <nd ref="41828"/>
    <nd ref="41830"/>
    <nd ref="41832"/>
    <nd ref="41834"/>
    <nd ref="25078"/>
    <tag k="type" v="line_thin"/>
    <tag k="subtype" v="solid"/>
  </way>
  <way id="41868">
    <nd ref="25077"/>
    <nd ref="41857"/>
    <nd ref="41858"/>
    <nd ref="41859"/>
    <nd ref="41730"/>
    <nd ref="24860"/>
    <nd ref="24861"/>
    <nd ref="25043"/>
    <nd ref="25045"/>
    <nd ref="25047"/>
    <nd ref="25049"/>
    <nd ref="25051"/>
    <nd ref="25036"/>
    <tag k="type" v="line_thin"/>
    <tag k="subtype" v="solid"/>
  </way>
  <way id="41869">
    <nd ref="25078"/>
    <nd ref="41860"/>
    <nd ref="41861"/>
    <nd ref="41862"/>
    <nd ref="24880"/>
    <nd ref="24882"/>
    <nd ref="25053"/>
    <nd ref="25055"/>
    <nd ref="25057"/>
    <nd ref="25059"/>
    <nd ref="25061"/>
    <nd ref="25037"/>
    <tag k="type" v="line_thin"/>
    <tag k="subtype" v="solid"/>
  </way>
  <way id="41913">
    <nd ref="31851"/>
    <nd ref="25334"/>
    <tag k="type" v="line_thin"/>
    <tag k="subtype" v="solid"/>
  </way>
  <way id="41914">
    <nd ref="31852"/>
    <nd ref="25360"/>
    <tag k="type" v="line_thin"/>
    <tag k="subtype" v="solid"/>
  </way>
  <way id="41955">
    <nd ref="41952"/>
    <nd ref="24027"/>
    <tag k="type" v="line_thin"/>
    <tag k="subtype" v="solid"/>
  </way>
  <way id="41957">
    <nd ref="41953"/>
    <nd ref="24029"/>
    <tag k="type" v="line_thin"/>
    <tag k="subtype" v="solid"/>
  </way>
  <way id="41961">
    <nd ref="41697"/>
    <nd ref="41639"/>
    <nd ref="41959"/>
    <tag k="type" v="line_thin"/>
    <tag k="subtype" v="solid"/>
  </way>
  <way id="41963">
    <nd ref="41698"/>
    <nd ref="41652"/>
    <nd ref="41960"/>
    <tag k="type" v="line_thin"/>
    <tag k="subtype" v="solid"/>
  </way>
  <way id="41978">
    <nd ref="41959"/>
    <nd ref="41966"/>
    <nd ref="41967"/>
    <nd ref="41968"/>
    <nd ref="41969"/>
    <nd ref="41970"/>
    <nd ref="41971"/>
    <nd ref="41952"/>
    <tag k="type" v="line_thin"/>
    <tag k="subtype" v="solid"/>
  </way>
  <way id="41979">
    <nd ref="41960"/>
    <nd ref="41972"/>
    <nd ref="41973"/>
    <nd ref="41974"/>
    <nd ref="41975"/>
    <nd ref="41976"/>
    <nd ref="41977"/>
    <nd ref="41953"/>
    <tag k="type" v="line_thin"/>
    <tag k="subtype" v="solid"/>
  </way>
  <way id="41981">
    <nd ref="24027"/>
    <nd ref="20535"/>
    <nd ref="20537"/>
    <nd ref="20539"/>
    <nd ref="20541"/>
    <nd ref="20530"/>
    <nd ref="41916"/>
    <nd ref="20554"/>
    <nd ref="20556"/>
    <nd ref="20557"/>
    <nd ref="24151"/>
    <tag k="type" v="line_thin"/>
    <tag k="subtype" v="solid"/>
  </way>
  <way id="41982">
    <nd ref="24029"/>
    <nd ref="20544"/>
    <nd ref="20547"/>
    <nd ref="20550"/>
    <nd ref="20527"/>
    <nd ref="41917"/>
    <nd ref="20558"/>
    <nd ref="20559"/>
    <nd ref="20560"/>
    <nd ref="20561"/>
    <nd ref="24153"/>
    <tag k="type" v="line_thin"/>
    <tag k="subtype" v="solid"/>
  </way>
  <way id="41985">
    <nd ref="24291"/>
    <nd ref="41983"/>
    <tag k="type" v="line_thin"/>
    <tag k="subtype" v="solid"/>
  </way>
  <way id="41987">
    <nd ref="24292"/>
    <nd ref="41984"/>
    <tag k="type" v="line_thin"/>
    <tag k="subtype" v="solid"/>
  </way>
  <way id="42018">
    <nd ref="24389"/>
    <nd ref="42016"/>
    <tag k="type" v="line_thin"/>
    <tag k="subtype" v="solid"/>
  </way>
  <way id="42020">
    <nd ref="24391"/>
    <nd ref="42017"/>
    <tag k="type" v="line_thin"/>
    <tag k="subtype" v="solid"/>
  </way>
  <way id="42026">
    <nd ref="42023"/>
    <nd ref="23952"/>
    <tag k="type" v="line_thin"/>
    <tag k="subtype" v="solid"/>
  </way>
  <way id="42028">
    <nd ref="42024"/>
    <nd ref="23953"/>
    <tag k="type" v="line_thin"/>
    <tag k="subtype" v="solid"/>
  </way>
  <way id="42037">
    <nd ref="42016"/>
    <nd ref="41993"/>
    <tag k="type" v="line_thin"/>
    <tag k="subtype" v="solid"/>
  </way>
  <way id="42038">
    <nd ref="42017"/>
    <nd ref="42003"/>
    <tag k="type" v="line_thin"/>
    <tag k="subtype" v="solid"/>
  </way>
  <way id="42118">
    <nd ref="42097"/>
    <nd ref="42111"/>
    <tag k="type" v="line_thin"/>
    <tag k="subtype" v="solid"/>
  </way>
  <way id="42119">
    <nd ref="42098"/>
    <nd ref="42112"/>
    <tag k="type" v="line_thin"/>
    <tag k="subtype" v="solid"/>
  </way>
  <way id="42143">
    <nd ref="42141"/>
    <nd ref="42142"/>
    <tag k="type" v="line_thin"/>
    <tag k="subtype" v="solid"/>
  </way>
  <way id="42146">
    <nd ref="42144"/>
    <nd ref="42145"/>
    <tag k="type" v="line_thin"/>
    <tag k="subtype" v="solid"/>
  </way>
  <way id="42166">
    <nd ref="42111"/>
    <nd ref="42148"/>
    <nd ref="42149"/>
    <nd ref="42151"/>
    <nd ref="42153"/>
    <nd ref="42155"/>
    <nd ref="42144"/>
    <tag k="type" v="line_thin"/>
    <tag k="subtype" v="solid"/>
  </way>
  <way id="42167">
    <nd ref="42112"/>
    <nd ref="42157"/>
    <nd ref="42159"/>
    <nd ref="42161"/>
    <nd ref="42163"/>
    <nd ref="42165"/>
    <nd ref="42141"/>
    <tag k="type" v="line_thin"/>
    <tag k="subtype" v="solid"/>
  </way>
  <way id="42192">
    <nd ref="42145"/>
    <nd ref="42169"/>
    <nd ref="42170"/>
    <nd ref="42172"/>
    <nd ref="42173"/>
    <nd ref="42174"/>
    <nd ref="42175"/>
    <nd ref="20939"/>
    <tag k="type" v="line_thin"/>
    <tag k="subtype" v="solid"/>
  </way>
  <way id="42193">
    <nd ref="42142"/>
    <nd ref="42176"/>
    <nd ref="42177"/>
    <nd ref="42178"/>
    <nd ref="42179"/>
    <nd ref="42180"/>
    <nd ref="42181"/>
    <nd ref="20940"/>
    <tag k="type" v="line_thin"/>
    <tag k="subtype" v="solid"/>
  </way>
  <way id="42194">
    <nd ref="42145"/>
    <nd ref="42198"/>
    <nd ref="42199"/>
    <nd ref="42200"/>
    <nd ref="42197"/>
    <nd ref="20994"/>
    <tag k="type" v="line_thin"/>
    <tag k="subtype" v="solid"/>
  </way>
  <way id="42195">
    <nd ref="42142"/>
    <nd ref="42204"/>
    <nd ref="42203"/>
    <nd ref="42202"/>
    <nd ref="42201"/>
    <nd ref="21001"/>
    <tag k="type" v="line_thin"/>
    <tag k="subtype" v="solid"/>
  </way>
  <way id="42242">
    <nd ref="15110"/>
    <nd ref="42214"/>
    <nd ref="42216"/>
    <nd ref="42218"/>
    <nd ref="42220"/>
    <nd ref="42222"/>
    <nd ref="42224"/>
    <nd ref="42226"/>
    <nd ref="42144"/>
    <tag k="type" v="line_thin"/>
    <tag k="subtype" v="solid"/>
  </way>
  <way id="42243">
    <nd ref="15107"/>
    <nd ref="42228"/>
    <nd ref="42230"/>
    <nd ref="42232"/>
    <nd ref="42234"/>
    <nd ref="42236"/>
    <nd ref="42238"/>
    <nd ref="42240"/>
    <nd ref="42141"/>
    <tag k="type" v="line_thin"/>
    <tag k="subtype" v="solid"/>
  </way>
  <way id="42248">
    <nd ref="42245"/>
    <nd ref="29931"/>
    <tag k="type" v="line_thin"/>
    <tag k="subtype" v="solid"/>
  </way>
  <way id="42250">
    <nd ref="42246"/>
    <nd ref="29932"/>
    <tag k="type" v="line_thin"/>
    <tag k="subtype" v="solid"/>
  </way>
  <way id="42329">
    <nd ref="42321"/>
    <nd ref="467"/>
    <tag k="type" v="line_thin"/>
    <tag k="subtype" v="solid"/>
  </way>
  <way id="42330">
    <nd ref="42320"/>
    <nd ref="461"/>
    <tag k="type" v="line_thin"/>
    <tag k="subtype" v="solid"/>
  </way>
  <way id="42344">
    <nd ref="33913"/>
    <nd ref="42321"/>
    <tag k="type" v="line_thin"/>
    <tag k="subtype" v="solid"/>
  </way>
  <way id="42345">
    <nd ref="33914"/>
    <nd ref="42320"/>
    <tag k="type" v="line_thin"/>
    <tag k="subtype" v="solid"/>
  </way>
  <way id="42581">
    <nd ref="42578"/>
    <nd ref="42549"/>
    <tag k="type" v="line_thin"/>
    <tag k="subtype" v="solid"/>
  </way>
  <way id="42583">
    <nd ref="42579"/>
    <nd ref="42551"/>
    <tag k="type" v="line_thin"/>
    <tag k="subtype" v="solid"/>
  </way>
  <way id="42593">
    <nd ref="42590"/>
    <nd ref="42565"/>
    <nd ref="42567"/>
    <nd ref="42578"/>
    <tag k="type" v="line_thin"/>
    <tag k="subtype" v="solid"/>
  </way>
  <way id="42595">
    <nd ref="42591"/>
    <nd ref="42572"/>
    <nd ref="42574"/>
    <nd ref="42579"/>
    <tag k="type" v="line_thin"/>
    <tag k="subtype" v="solid"/>
  </way>
  <way id="42607">
    <nd ref="37929"/>
    <nd ref="42597"/>
    <nd ref="42599"/>
    <nd ref="42601"/>
    <nd ref="42590"/>
    <tag k="type" v="line_thin"/>
    <tag k="subtype" v="solid"/>
  </way>
  <way id="42608">
    <nd ref="37931"/>
    <nd ref="42602"/>
    <nd ref="42604"/>
    <nd ref="42606"/>
    <nd ref="42591"/>
    <tag k="type" v="line_thin"/>
    <tag k="subtype" v="solid"/>
  </way>
  <way id="42626">
    <nd ref="42617"/>
    <nd ref="42624"/>
    <tag k="type" v="line_thin"/>
    <tag k="subtype" v="solid"/>
  </way>
  <way id="42628">
    <nd ref="42618"/>
    <nd ref="42625"/>
    <tag k="type" v="line_thin"/>
    <tag k="subtype" v="solid"/>
  </way>
  <way id="42631">
    <nd ref="42549"/>
    <nd ref="42617"/>
    <tag k="type" v="line_thin"/>
    <tag k="subtype" v="solid"/>
  </way>
  <way id="42632">
    <nd ref="42551"/>
    <nd ref="42618"/>
    <tag k="type" v="line_thin"/>
    <tag k="subtype" v="solid"/>
  </way>
  <way id="42841">
    <nd ref="38064"/>
    <nd ref="42839"/>
    <tag k="type" v="line_thin"/>
    <tag k="subtype" v="solid"/>
  </way>
  <way id="42842">
    <nd ref="42839"/>
    <nd ref="37928"/>
    <tag k="type" v="line_thin"/>
    <tag k="subtype" v="solid"/>
  </way>
  <way id="42843">
    <nd ref="38066"/>
    <nd ref="42840"/>
    <tag k="type" v="line_thin"/>
    <tag k="subtype" v="solid"/>
  </way>
  <way id="42844">
    <nd ref="42840"/>
    <nd ref="37930"/>
    <tag k="type" v="line_thin"/>
    <tag k="subtype" v="solid"/>
  </way>
  <way id="42848">
    <nd ref="38050"/>
    <nd ref="42846"/>
    <tag k="type" v="line_thin"/>
    <tag k="subtype" v="solid"/>
  </way>
  <way id="42849">
    <nd ref="42846"/>
    <nd ref="37924"/>
    <tag k="type" v="line_thin"/>
    <tag k="subtype" v="solid"/>
  </way>
  <way id="42850">
    <nd ref="38052"/>
    <nd ref="42847"/>
    <tag k="type" v="line_thin"/>
    <tag k="subtype" v="solid"/>
  </way>
  <way id="42851">
    <nd ref="42847"/>
    <nd ref="37921"/>
    <tag k="type" v="line_thin"/>
    <tag k="subtype" v="solid"/>
  </way>
  <way id="43016">
    <nd ref="42736"/>
    <nd ref="42968"/>
    <nd ref="42969"/>
    <nd ref="42970"/>
    <nd ref="42971"/>
    <nd ref="42972"/>
    <nd ref="42973"/>
    <nd ref="42974"/>
    <nd ref="42975"/>
    <nd ref="42976"/>
    <nd ref="42977"/>
    <nd ref="42978"/>
    <nd ref="42979"/>
    <nd ref="42980"/>
    <nd ref="42981"/>
    <nd ref="42982"/>
    <nd ref="42983"/>
    <nd ref="42984"/>
    <nd ref="42985"/>
    <nd ref="42986"/>
    <nd ref="42987"/>
    <nd ref="42988"/>
    <nd ref="42989"/>
    <nd ref="42990"/>
    <nd ref="42991"/>
    <nd ref="42860"/>
    <tag k="type" v="line_thin"/>
    <tag k="subtype" v="solid"/>
  </way>
  <way id="43017">
    <nd ref="42768"/>
    <nd ref="42992"/>
    <nd ref="42993"/>
    <nd ref="42994"/>
    <nd ref="42995"/>
    <nd ref="42996"/>
    <nd ref="42997"/>
    <nd ref="42998"/>
    <nd ref="42999"/>
    <nd ref="43000"/>
    <nd ref="43001"/>
    <nd ref="43002"/>
    <nd ref="43003"/>
    <nd ref="43004"/>
    <nd ref="43005"/>
    <nd ref="43006"/>
    <nd ref="43007"/>
    <nd ref="43008"/>
    <nd ref="43009"/>
    <nd ref="43010"/>
    <nd ref="43011"/>
    <nd ref="43012"/>
    <nd ref="43013"/>
    <nd ref="43014"/>
    <nd ref="43015"/>
    <nd ref="42861"/>
    <tag k="type" v="line_thin"/>
    <tag k="subtype" v="solid"/>
  </way>
  <way id="43233">
    <nd ref="43173"/>
    <nd ref="43212"/>
    <nd ref="43214"/>
    <nd ref="43216"/>
    <nd ref="43218"/>
    <nd ref="43220"/>
    <nd ref="43207"/>
    <tag k="type" v="line_thin"/>
    <tag k="subtype" v="solid"/>
  </way>
  <way id="43234">
    <nd ref="43172"/>
    <nd ref="43222"/>
    <nd ref="43224"/>
    <nd ref="43226"/>
    <nd ref="43228"/>
    <nd ref="43230"/>
    <nd ref="43232"/>
    <nd ref="43204"/>
    <tag k="type" v="line_thin"/>
    <tag k="subtype" v="solid"/>
  </way>
  <way id="43238">
    <nd ref="43236"/>
    <nd ref="43237"/>
    <tag k="type" v="line_thin"/>
    <tag k="subtype" v="solid"/>
  </way>
  <way id="43241">
    <nd ref="43239"/>
    <nd ref="43240"/>
    <tag k="type" v="line_thin"/>
    <tag k="subtype" v="solid"/>
  </way>
  <way id="43250">
    <nd ref="43240"/>
    <nd ref="43173"/>
    <tag k="type" v="line_thin"/>
    <tag k="subtype" v="solid"/>
  </way>
  <way id="43251">
    <nd ref="43237"/>
    <nd ref="43172"/>
    <tag k="type" v="line_thin"/>
    <tag k="subtype" v="solid"/>
  </way>
  <way id="43253">
    <nd ref="43243"/>
    <nd ref="43239"/>
    <tag k="type" v="line_thin"/>
    <tag k="subtype" v="solid"/>
  </way>
  <way id="43254">
    <nd ref="43244"/>
    <nd ref="43236"/>
    <tag k="type" v="line_thin"/>
    <tag k="subtype" v="solid"/>
  </way>
  <way id="43259">
    <nd ref="43256"/>
    <nd ref="43165"/>
    <nd ref="43243"/>
    <tag k="type" v="line_thin"/>
    <tag k="subtype" v="solid"/>
  </way>
  <way id="43261">
    <nd ref="43257"/>
    <nd ref="43164"/>
    <nd ref="43244"/>
    <tag k="type" v="line_thin"/>
    <tag k="subtype" v="solid"/>
  </way>
  <way id="43287">
    <nd ref="36441"/>
    <nd ref="43280"/>
    <nd ref="43281"/>
    <nd ref="43256"/>
    <tag k="type" v="line_thin"/>
    <tag k="subtype" v="solid"/>
  </way>
  <way id="43288">
    <nd ref="36443"/>
    <nd ref="43284"/>
    <nd ref="43285"/>
    <nd ref="43257"/>
    <tag k="type" v="line_thin"/>
    <tag k="subtype" v="solid"/>
  </way>
  <way id="43290">
    <nd ref="43207"/>
    <nd ref="42736"/>
    <tag k="type" v="line_thin"/>
    <tag k="subtype" v="solid"/>
  </way>
  <way id="43291">
    <nd ref="43204"/>
    <nd ref="42768"/>
    <tag k="type" v="line_thin"/>
    <tag k="subtype" v="solid"/>
  </way>
  <way id="43351">
    <nd ref="32841"/>
    <nd ref="33186"/>
    <tag k="type" v="line_thin"/>
    <tag k="subtype" v="solid"/>
  </way>
  <way id="43352">
    <nd ref="32842"/>
    <nd ref="33187"/>
    <tag k="type" v="line_thin"/>
    <tag k="subtype" v="solid"/>
  </way>
  <way id="43393">
    <nd ref="32967"/>
    <nd ref="33083"/>
    <tag k="type" v="line_thin"/>
    <tag k="subtype" v="solid"/>
  </way>
  <way id="43394">
    <nd ref="32968"/>
    <nd ref="33084"/>
    <tag k="type" v="line_thin"/>
    <tag k="subtype" v="solid"/>
  </way>
  <way id="43825">
    <nd ref="43815"/>
    <nd ref="42144"/>
    <tag k="type" v="line_thin"/>
    <tag k="subtype" v="solid"/>
  </way>
  <way id="43826">
    <nd ref="43817"/>
    <nd ref="42141"/>
    <tag k="type" v="line_thin"/>
    <tag k="subtype" v="solid"/>
  </way>
  <way id="43836">
    <nd ref="15110"/>
    <nd ref="22354"/>
    <nd ref="22358"/>
    <nd ref="22362"/>
    <nd ref="22366"/>
    <nd ref="22370"/>
    <nd ref="22374"/>
    <nd ref="43834"/>
    <tag k="type" v="line_thin"/>
    <tag k="subtype" v="solid"/>
  </way>
  <way id="43837">
    <nd ref="43834"/>
    <nd ref="22413"/>
    <nd ref="22417"/>
    <nd ref="22408"/>
    <tag k="type" v="line_thin"/>
    <tag k="subtype" v="solid"/>
  </way>
  <way id="43838">
    <nd ref="15107"/>
    <nd ref="22375"/>
    <nd ref="22378"/>
    <nd ref="22380"/>
    <nd ref="22384"/>
    <nd ref="22388"/>
    <nd ref="22392"/>
    <nd ref="22396"/>
    <nd ref="22420"/>
    <nd ref="43835"/>
    <tag k="type" v="line_thin"/>
    <tag k="subtype" v="solid"/>
  </way>
  <way id="43839">
    <nd ref="43835"/>
    <nd ref="22424"/>
    <nd ref="22405"/>
    <tag k="type" v="line_thin"/>
    <tag k="subtype" v="solid"/>
  </way>
  <way id="43844">
    <nd ref="43830"/>
    <nd ref="43834"/>
    <tag k="type" v="line_thin"/>
    <tag k="subtype" v="solid"/>
  </way>
  <way id="43845">
    <nd ref="43828"/>
    <nd ref="43835"/>
    <tag k="type" v="line_thin"/>
    <tag k="subtype" v="solid"/>
  </way>
  <way id="43848">
    <nd ref="36866"/>
    <nd ref="43846"/>
    <tag k="type" v="line_thin"/>
    <tag k="subtype" v="solid"/>
  </way>
  <way id="43849">
    <nd ref="43846"/>
    <nd ref="36441"/>
    <tag k="type" v="line_thin"/>
    <tag k="subtype" v="solid"/>
  </way>
  <way id="43850">
    <nd ref="36867"/>
    <nd ref="43847"/>
    <tag k="type" v="line_thin"/>
    <tag k="subtype" v="solid"/>
  </way>
  <way id="43851">
    <nd ref="43847"/>
    <nd ref="36443"/>
    <tag k="type" v="line_thin"/>
    <tag k="subtype" v="solid"/>
  </way>
  <way id="43853">
    <nd ref="41197"/>
    <nd ref="22609"/>
    <nd ref="23727"/>
    <tag k="type" v="line_thin"/>
    <tag k="subtype" v="solid"/>
  </way>
  <way id="43854">
    <nd ref="41198"/>
    <nd ref="22610"/>
    <nd ref="23728"/>
    <tag k="type" v="line_thin"/>
    <tag k="subtype" v="solid"/>
  </way>
  <way id="43870">
    <nd ref="8036"/>
    <nd ref="7015"/>
    <tag k="type" v="line_thin"/>
    <tag k="subtype" v="solid"/>
  </way>
  <way id="43871">
    <nd ref="8037"/>
    <nd ref="7016"/>
    <tag k="type" v="line_thin"/>
    <tag k="subtype" v="solid"/>
  </way>
  <way id="43883">
    <nd ref="21000"/>
    <nd ref="21061"/>
    <nd ref="21067"/>
    <nd ref="21058"/>
    <nd ref="21082"/>
    <nd ref="21085"/>
    <nd ref="43873"/>
    <nd ref="8036"/>
    <tag k="type" v="line_thin"/>
    <tag k="subtype" v="solid"/>
  </way>
  <way id="43884">
    <nd ref="21007"/>
    <nd ref="21069"/>
    <nd ref="21072"/>
    <nd ref="21075"/>
    <nd ref="21055"/>
    <nd ref="21094"/>
    <nd ref="43874"/>
    <nd ref="8037"/>
    <tag k="type" v="line_thin"/>
    <tag k="subtype" v="solid"/>
  </way>
  <way id="43888">
    <nd ref="43885"/>
    <nd ref="21182"/>
    <nd ref="21183"/>
    <nd ref="21184"/>
    <nd ref="21176"/>
    <nd ref="21194"/>
    <nd ref="21196"/>
    <nd ref="21125"/>
    <tag k="type" v="line_thin"/>
    <tag k="subtype" v="solid"/>
  </way>
  <way id="43890">
    <nd ref="43886"/>
    <nd ref="21186"/>
    <nd ref="21188"/>
    <nd ref="21173"/>
    <nd ref="21197"/>
    <nd ref="21198"/>
    <nd ref="21199"/>
    <nd ref="21200"/>
    <nd ref="21129"/>
    <tag k="type" v="line_thin"/>
    <tag k="subtype" v="solid"/>
  </way>
  <way id="43892">
    <nd ref="21136"/>
    <nd ref="43885"/>
    <tag k="type" v="line_thin"/>
    <tag k="subtype" v="solid"/>
  </way>
  <way id="43893">
    <nd ref="21137"/>
    <nd ref="43886"/>
    <tag k="type" v="line_thin"/>
    <tag k="subtype" v="solid"/>
  </way>
  <way id="44178">
    <nd ref="44176"/>
    <nd ref="44177"/>
    <tag k="type" v="line_thin"/>
    <tag k="subtype" v="solid"/>
  </way>
  <way id="44181">
    <nd ref="44179"/>
    <nd ref="44180"/>
    <tag k="type" v="line_thin"/>
    <tag k="subtype" v="solid"/>
  </way>
  <way id="44252">
    <nd ref="44180"/>
    <nd ref="41029"/>
    <tag k="type" v="line_thin"/>
    <tag k="subtype" v="solid"/>
  </way>
  <way id="44253">
    <nd ref="44177"/>
    <nd ref="41030"/>
    <tag k="type" v="line_thin"/>
    <tag k="subtype" v="solid"/>
  </way>
  <way id="44269">
    <nd ref="2423"/>
    <nd ref="44262"/>
    <tag k="type" v="line_thin"/>
    <tag k="subtype" v="solid"/>
  </way>
  <way id="44270">
    <nd ref="2424"/>
    <nd ref="44263"/>
    <tag k="type" v="line_thin"/>
    <tag k="subtype" v="solid"/>
  </way>
  <way id="44281">
    <nd ref="44262"/>
    <nd ref="44279"/>
    <tag k="type" v="line_thin"/>
    <tag k="subtype" v="solid"/>
  </way>
  <way id="44283">
    <nd ref="44263"/>
    <nd ref="44280"/>
    <tag k="type" v="line_thin"/>
    <tag k="subtype" v="solid"/>
  </way>
  <way id="44313">
    <nd ref="44279"/>
    <nd ref="44296"/>
    <nd ref="44298"/>
    <nd ref="44299"/>
    <nd ref="44300"/>
    <nd ref="44301"/>
    <nd ref="44302"/>
    <nd ref="44303"/>
    <nd ref="28158"/>
    <tag k="type" v="line_thin"/>
    <tag k="subtype" v="solid"/>
  </way>
  <way id="44314">
    <nd ref="44280"/>
    <nd ref="44286"/>
    <nd ref="44287"/>
    <nd ref="44289"/>
    <nd ref="44290"/>
    <nd ref="44291"/>
    <nd ref="44292"/>
    <nd ref="44293"/>
    <nd ref="44294"/>
    <nd ref="28159"/>
    <tag k="type" v="line_thin"/>
    <tag k="subtype" v="solid"/>
  </way>
  <way id="44317">
    <nd ref="38652"/>
    <nd ref="44315"/>
    <tag k="type" v="line_thin"/>
    <tag k="subtype" v="solid"/>
  </way>
  <way id="44318">
    <nd ref="44315"/>
    <nd ref="38904"/>
    <nd ref="38905"/>
    <nd ref="38906"/>
    <nd ref="38871"/>
    <nd ref="38867"/>
    <tag k="type" v="line_thin"/>
    <tag k="subtype" v="solid"/>
  </way>
  <way id="44319">
    <nd ref="38653"/>
    <nd ref="44316"/>
    <tag k="type" v="line_thin"/>
    <tag k="subtype" v="solid"/>
  </way>
  <way id="44320">
    <nd ref="44316"/>
    <nd ref="38907"/>
    <nd ref="38908"/>
    <nd ref="38909"/>
    <nd ref="38874"/>
    <nd ref="38869"/>
    <tag k="type" v="line_thin"/>
    <tag k="subtype" v="solid"/>
  </way>
  <way id="44325">
    <nd ref="44322"/>
    <nd ref="43311"/>
    <nd ref="43313"/>
    <nd ref="43315"/>
    <nd ref="43322"/>
    <nd ref="43324"/>
    <nd ref="36866"/>
    <tag k="type" v="line_thin"/>
    <tag k="subtype" v="solid"/>
  </way>
  <way id="44327">
    <nd ref="44323"/>
    <nd ref="43310"/>
    <nd ref="43312"/>
    <nd ref="43314"/>
    <nd ref="43325"/>
    <nd ref="43326"/>
    <nd ref="36867"/>
    <tag k="type" v="line_thin"/>
    <tag k="subtype" v="solid"/>
  </way>
  <way id="44337">
    <nd ref="44334"/>
    <nd ref="38686"/>
    <nd ref="43921"/>
    <nd ref="43922"/>
    <nd ref="43924"/>
    <nd ref="43925"/>
    <nd ref="43926"/>
    <nd ref="38652"/>
    <tag k="type" v="line_thin"/>
    <tag k="subtype" v="solid"/>
  </way>
  <way id="44339">
    <nd ref="44335"/>
    <nd ref="43927"/>
    <nd ref="43928"/>
    <nd ref="43929"/>
    <nd ref="43930"/>
    <nd ref="43931"/>
    <nd ref="43932"/>
    <nd ref="38653"/>
    <tag k="type" v="line_thin"/>
    <tag k="subtype" v="solid"/>
  </way>
  <way id="44343">
    <nd ref="38678"/>
    <nd ref="43895"/>
    <nd ref="43896"/>
    <nd ref="43897"/>
    <nd ref="43898"/>
    <nd ref="43899"/>
    <nd ref="43900"/>
    <nd ref="43901"/>
    <nd ref="44341"/>
    <tag k="type" v="line_thin"/>
    <tag k="subtype" v="solid"/>
  </way>
  <way id="44344">
    <nd ref="44341"/>
    <nd ref="44334"/>
    <tag k="type" v="line_thin"/>
    <tag k="subtype" v="solid"/>
  </way>
  <way id="44345">
    <nd ref="38679"/>
    <nd ref="43903"/>
    <nd ref="43904"/>
    <nd ref="43905"/>
    <nd ref="43906"/>
    <nd ref="43907"/>
    <nd ref="43908"/>
    <nd ref="43909"/>
    <nd ref="44342"/>
    <tag k="type" v="line_thin"/>
    <tag k="subtype" v="solid"/>
  </way>
  <way id="44346">
    <nd ref="44342"/>
    <nd ref="44335"/>
    <tag k="type" v="line_thin"/>
    <tag k="subtype" v="solid"/>
  </way>
  <way id="44371">
    <nd ref="4343"/>
    <nd ref="44369"/>
    <tag k="type" v="line_thin"/>
    <tag k="subtype" v="solid"/>
  </way>
  <way id="44373">
    <nd ref="4344"/>
    <nd ref="44370"/>
    <tag k="type" v="line_thin"/>
    <tag k="subtype" v="solid"/>
  </way>
  <way id="44397">
    <nd ref="4096"/>
    <nd ref="4343"/>
    <tag k="type" v="line_thin"/>
    <tag k="subtype" v="solid"/>
  </way>
  <way id="44398">
    <nd ref="4093"/>
    <nd ref="4344"/>
    <tag k="type" v="line_thin"/>
    <tag k="subtype" v="solid"/>
  </way>
  <way id="44450">
    <nd ref="12512"/>
    <nd ref="44448"/>
    <tag k="type" v="line_thin"/>
    <tag k="subtype" v="solid"/>
  </way>
  <way id="44451">
    <nd ref="44448"/>
    <nd ref="35618"/>
    <tag k="type" v="line_thin"/>
    <tag k="subtype" v="solid"/>
  </way>
  <way id="44452">
    <nd ref="12509"/>
    <nd ref="44449"/>
    <tag k="type" v="line_thin"/>
    <tag k="subtype" v="solid"/>
  </way>
  <way id="44453">
    <nd ref="44449"/>
    <nd ref="35619"/>
    <tag k="type" v="line_thin"/>
    <tag k="subtype" v="solid"/>
  </way>
  <way id="44472">
    <nd ref="44442"/>
    <nd ref="44470"/>
    <tag k="type" v="line_thin"/>
    <tag k="subtype" v="solid"/>
  </way>
  <way id="44473">
    <nd ref="44470"/>
    <nd ref="44456"/>
    <nd ref="44458"/>
    <nd ref="44459"/>
    <nd ref="12512"/>
    <tag k="type" v="line_thin"/>
    <tag k="subtype" v="solid"/>
  </way>
  <way id="44474">
    <nd ref="44441"/>
    <nd ref="44471"/>
    <tag k="type" v="line_thin"/>
    <tag k="subtype" v="solid"/>
  </way>
  <way id="44475">
    <nd ref="44471"/>
    <nd ref="44463"/>
    <nd ref="44465"/>
    <nd ref="12509"/>
    <tag k="type" v="line_thin"/>
    <tag k="subtype" v="solid"/>
  </way>
  <way id="44487">
    <nd ref="44484"/>
    <nd ref="44477"/>
    <tag k="type" v="line_thin"/>
    <tag k="subtype" v="solid"/>
  </way>
  <way id="44489">
    <nd ref="44485"/>
    <nd ref="44478"/>
    <tag k="type" v="line_thin"/>
    <tag k="subtype" v="solid"/>
  </way>
  <way id="44507">
    <nd ref="44477"/>
    <nd ref="44491"/>
    <nd ref="44492"/>
    <nd ref="44493"/>
    <nd ref="44496"/>
    <nd ref="12512"/>
    <tag k="type" v="line_thin"/>
    <tag k="subtype" v="solid"/>
  </way>
  <way id="44508">
    <nd ref="44478"/>
    <nd ref="44499"/>
    <nd ref="44500"/>
    <nd ref="44501"/>
    <nd ref="44502"/>
    <nd ref="44503"/>
    <nd ref="44504"/>
    <nd ref="44505"/>
    <nd ref="44506"/>
    <nd ref="12509"/>
    <tag k="type" v="line_thin"/>
    <tag k="subtype" v="solid"/>
  </way>
  <way id="44533">
    <nd ref="44531"/>
    <nd ref="44532"/>
    <tag k="type" v="line_thin"/>
    <tag k="subtype" v="solid"/>
  </way>
  <way id="44536">
    <nd ref="44534"/>
    <nd ref="44535"/>
    <tag k="type" v="line_thin"/>
    <tag k="subtype" v="solid"/>
  </way>
  <way id="44544">
    <nd ref="31957"/>
    <nd ref="44538"/>
    <nd ref="44539"/>
    <nd ref="44540"/>
    <nd ref="44534"/>
    <tag k="type" v="line_thin"/>
    <tag k="subtype" v="solid"/>
  </way>
  <way id="44545">
    <nd ref="31954"/>
    <nd ref="44541"/>
    <nd ref="44542"/>
    <nd ref="44543"/>
    <nd ref="44531"/>
    <tag k="type" v="line_thin"/>
    <tag k="subtype" v="solid"/>
  </way>
  <way id="44559">
    <nd ref="44535"/>
    <nd ref="44548"/>
    <nd ref="44550"/>
    <nd ref="44552"/>
    <nd ref="44484"/>
    <tag k="type" v="line_thin"/>
    <tag k="subtype" v="solid"/>
  </way>
  <way id="44560">
    <nd ref="44532"/>
    <nd ref="44554"/>
    <nd ref="44556"/>
    <nd ref="44558"/>
    <nd ref="44485"/>
    <tag k="type" v="line_thin"/>
    <tag k="subtype" v="solid"/>
  </way>
  <way id="44571">
    <nd ref="44569"/>
    <nd ref="44570"/>
    <tag k="type" v="line_thin"/>
    <tag k="subtype" v="solid"/>
  </way>
  <way id="44574">
    <nd ref="44572"/>
    <nd ref="44573"/>
    <tag k="type" v="line_thin"/>
    <tag k="subtype" v="solid"/>
  </way>
  <way id="44592">
    <nd ref="32263"/>
    <nd ref="44576"/>
    <nd ref="44578"/>
    <nd ref="44580"/>
    <nd ref="44582"/>
    <nd ref="44572"/>
    <tag k="type" v="line_thin"/>
    <tag k="subtype" v="solid"/>
  </way>
  <way id="44593">
    <nd ref="32265"/>
    <nd ref="44584"/>
    <nd ref="44586"/>
    <nd ref="44588"/>
    <nd ref="44590"/>
    <nd ref="44569"/>
    <tag k="type" v="line_thin"/>
    <tag k="subtype" v="solid"/>
  </way>
  <way id="44607">
    <nd ref="44573"/>
    <nd ref="44596"/>
    <nd ref="44598"/>
    <nd ref="44600"/>
    <nd ref="44565"/>
    <tag k="type" v="line_thin"/>
    <tag k="subtype" v="solid"/>
  </way>
  <way id="44608">
    <nd ref="44570"/>
    <nd ref="44602"/>
    <nd ref="44604"/>
    <nd ref="44606"/>
    <nd ref="44562"/>
    <tag k="type" v="line_thin"/>
    <tag k="subtype" v="solid"/>
  </way>
  <way id="44667">
    <nd ref="44664"/>
    <nd ref="43207"/>
    <tag k="type" v="line_thin"/>
    <tag k="subtype" v="solid"/>
  </way>
  <way id="44669">
    <nd ref="44665"/>
    <nd ref="43204"/>
    <tag k="type" v="line_thin"/>
    <tag k="subtype" v="solid"/>
  </way>
  <way id="44671">
    <nd ref="44565"/>
    <nd ref="44664"/>
    <tag k="type" v="line_thin"/>
    <tag k="subtype" v="solid"/>
  </way>
  <way id="44672">
    <nd ref="44562"/>
    <nd ref="44665"/>
    <tag k="type" v="line_thin"/>
    <tag k="subtype" v="solid"/>
  </way>
  <way id="44696">
    <nd ref="44534"/>
    <nd ref="44686"/>
    <nd ref="44687"/>
    <nd ref="44688"/>
    <nd ref="44689"/>
    <nd ref="44690"/>
    <nd ref="44565"/>
    <tag k="type" v="line_thin"/>
    <tag k="subtype" v="solid"/>
  </way>
  <way id="44697">
    <nd ref="44531"/>
    <nd ref="44691"/>
    <nd ref="44692"/>
    <nd ref="44693"/>
    <nd ref="44694"/>
    <nd ref="44695"/>
    <nd ref="44562"/>
    <tag k="type" v="line_thin"/>
    <tag k="subtype" v="solid"/>
  </way>
  <way id="44732">
    <nd ref="32263"/>
    <nd ref="44484"/>
    <tag k="type" v="line_thin"/>
    <tag k="subtype" v="solid"/>
  </way>
  <way id="44733">
    <nd ref="32265"/>
    <nd ref="44485"/>
    <tag k="type" v="line_thin"/>
    <tag k="subtype" v="solid"/>
  </way>
  <way id="44849">
    <nd ref="44846"/>
    <nd ref="13138"/>
    <tag k="type" v="line_thin"/>
    <tag k="subtype" v="solid"/>
  </way>
  <way id="44851">
    <nd ref="44847"/>
    <nd ref="13135"/>
    <tag k="type" v="line_thin"/>
    <tag k="subtype" v="solid"/>
  </way>
  <way id="44853">
    <nd ref="41394"/>
    <nd ref="41376"/>
    <tag k="type" v="line_thin"/>
    <tag k="subtype" v="solid"/>
  </way>
  <way id="44854">
    <nd ref="41396"/>
    <nd ref="41377"/>
    <tag k="type" v="line_thin"/>
    <tag k="subtype" v="solid"/>
  </way>
  <way id="44892">
    <nd ref="44855"/>
    <nd ref="44856"/>
    <nd ref="44858"/>
    <nd ref="44860"/>
    <nd ref="44862"/>
    <nd ref="44864"/>
    <tag k="type" v="line_thin"/>
    <tag k="subtype" v="solid"/>
  </way>
  <way id="44893">
    <nd ref="44865"/>
    <nd ref="44866"/>
    <nd ref="44867"/>
    <nd ref="44868"/>
    <nd ref="44870"/>
    <nd ref="44872"/>
    <nd ref="44874"/>
    <nd ref="44876"/>
    <nd ref="44878"/>
    <nd ref="44880"/>
    <nd ref="44882"/>
    <nd ref="44883"/>
    <tag k="type" v="line_thin"/>
    <tag k="subtype" v="solid"/>
  </way>
  <way id="44894">
    <nd ref="44864"/>
    <nd ref="44884"/>
    <nd ref="44885"/>
    <nd ref="44886"/>
    <nd ref="44887"/>
    <tag k="type" v="line_thin"/>
    <tag k="subtype" v="solid"/>
  </way>
  <way id="44895">
    <nd ref="44883"/>
    <nd ref="44888"/>
    <nd ref="44889"/>
    <nd ref="44890"/>
    <nd ref="44891"/>
    <tag k="type" v="line_thin"/>
    <tag k="subtype" v="solid"/>
  </way>
  <way id="44901">
    <nd ref="44898"/>
    <nd ref="11524"/>
    <tag k="type" v="line_thin"/>
    <tag k="subtype" v="solid"/>
  </way>
  <way id="44903">
    <nd ref="44899"/>
    <nd ref="11523"/>
    <tag k="type" v="line_thin"/>
    <tag k="subtype" v="solid"/>
  </way>
  <way id="44907">
    <nd ref="11522"/>
    <nd ref="44905"/>
    <tag k="type" v="line_thin"/>
    <tag k="subtype" v="solid"/>
  </way>
  <way id="44909">
    <nd ref="11521"/>
    <nd ref="44906"/>
    <tag k="type" v="line_thin"/>
    <tag k="subtype" v="solid"/>
  </way>
  <way id="44918">
    <nd ref="44898"/>
    <nd ref="44855"/>
    <tag k="type" v="line_thin"/>
    <tag k="subtype" v="solid"/>
  </way>
  <way id="44919">
    <nd ref="44899"/>
    <nd ref="44865"/>
    <tag k="type" v="line_thin"/>
    <tag k="subtype" v="solid"/>
  </way>
  <way id="44927">
    <nd ref="44887"/>
    <nd ref="44923"/>
    <nd ref="44905"/>
    <tag k="type" v="line_thin"/>
    <tag k="subtype" v="solid"/>
  </way>
  <way id="44928">
    <nd ref="44891"/>
    <nd ref="44926"/>
    <nd ref="44906"/>
    <tag k="type" v="line_thin"/>
    <tag k="subtype" v="solid"/>
  </way>
  <way id="45114">
    <nd ref="45088"/>
    <nd ref="45089"/>
    <nd ref="45091"/>
    <nd ref="45093"/>
    <nd ref="45095"/>
    <nd ref="45097"/>
    <nd ref="45099"/>
    <nd ref="45101"/>
    <nd ref="45102"/>
    <nd ref="45104"/>
    <nd ref="45105"/>
    <tag k="type" v="line_thin"/>
    <tag k="subtype" v="solid"/>
  </way>
  <way id="45115">
    <nd ref="45106"/>
    <nd ref="45107"/>
    <nd ref="45112"/>
    <nd ref="45113"/>
    <tag k="type" v="line_thin"/>
    <tag k="subtype" v="solid"/>
  </way>
  <way id="45117">
    <nd ref="33291"/>
    <nd ref="45088"/>
    <tag k="type" v="line_thin"/>
    <tag k="subtype" v="solid"/>
  </way>
  <way id="45118">
    <nd ref="33292"/>
    <nd ref="45106"/>
    <tag k="type" v="line_thin"/>
    <tag k="subtype" v="solid"/>
  </way>
  <way id="45120">
    <nd ref="45105"/>
    <nd ref="12360"/>
    <tag k="type" v="line_thin"/>
    <tag k="subtype" v="solid"/>
  </way>
  <way id="45121">
    <nd ref="45113"/>
    <nd ref="12365"/>
    <tag k="type" v="line_thin"/>
    <tag k="subtype" v="solid"/>
  </way>
  <way id="45189">
    <nd ref="28280"/>
    <nd ref="45187"/>
    <tag k="type" v="line_thin"/>
    <tag k="subtype" v="solid"/>
  </way>
  <way id="45190">
    <nd ref="45187"/>
    <nd ref="33291"/>
    <tag k="type" v="line_thin"/>
    <tag k="subtype" v="solid"/>
  </way>
  <way id="45191">
    <nd ref="28281"/>
    <nd ref="45188"/>
    <tag k="type" v="line_thin"/>
    <tag k="subtype" v="solid"/>
  </way>
  <way id="45192">
    <nd ref="45188"/>
    <nd ref="33292"/>
    <tag k="type" v="line_thin"/>
    <tag k="subtype" v="solid"/>
  </way>
  <way id="45194">
    <nd ref="33233"/>
    <nd ref="12378"/>
    <tag k="type" v="line_thin"/>
    <tag k="subtype" v="solid"/>
  </way>
  <way id="45195">
    <nd ref="33252"/>
    <nd ref="12379"/>
    <tag k="type" v="line_thin"/>
    <tag k="subtype" v="solid"/>
  </way>
  <way id="45197">
    <nd ref="45187"/>
    <nd ref="33251"/>
    <tag k="type" v="line_thin"/>
    <tag k="subtype" v="solid"/>
  </way>
  <way id="45198">
    <nd ref="45188"/>
    <nd ref="33260"/>
    <tag k="type" v="line_thin"/>
    <tag k="subtype" v="solid"/>
  </way>
  <way id="45216">
    <nd ref="39205"/>
    <nd ref="45200"/>
    <nd ref="45201"/>
    <nd ref="45202"/>
    <nd ref="45203"/>
    <nd ref="45204"/>
    <tag k="type" v="line_thin"/>
    <tag k="subtype" v="solid"/>
  </way>
  <way id="45217">
    <nd ref="39206"/>
    <nd ref="45205"/>
    <nd ref="45206"/>
    <nd ref="45207"/>
    <nd ref="45208"/>
    <nd ref="45209"/>
    <tag k="type" v="line_thin"/>
    <tag k="subtype" v="solid"/>
  </way>
  <way id="45236">
    <nd ref="45204"/>
    <nd ref="45218"/>
    <nd ref="45221"/>
    <nd ref="45224"/>
    <nd ref="42549"/>
    <tag k="type" v="line_thin"/>
    <tag k="subtype" v="solid"/>
  </way>
  <way id="45237">
    <nd ref="45209"/>
    <nd ref="45227"/>
    <nd ref="45230"/>
    <nd ref="45233"/>
    <nd ref="42551"/>
    <tag k="type" v="line_thin"/>
    <tag k="subtype" v="solid"/>
  </way>
  <way id="45270">
    <nd ref="33186"/>
    <nd ref="45268"/>
    <tag k="type" v="line_thin"/>
    <tag k="subtype" v="solid"/>
  </way>
  <way id="45271">
    <nd ref="45268"/>
    <nd ref="609"/>
    <tag k="type" v="line_thin"/>
    <tag k="subtype" v="solid"/>
  </way>
  <way id="45272">
    <nd ref="33187"/>
    <nd ref="45269"/>
    <tag k="type" v="line_thin"/>
    <tag k="subtype" v="solid"/>
  </way>
  <way id="45273">
    <nd ref="45269"/>
    <nd ref="614"/>
    <tag k="type" v="line_thin"/>
    <tag k="subtype" v="solid"/>
  </way>
  <way id="45280">
    <nd ref="28652"/>
    <nd ref="45278"/>
    <tag k="type" v="line_thin"/>
    <tag k="subtype" v="solid"/>
  </way>
  <way id="45281">
    <nd ref="45278"/>
    <nd ref="1817"/>
    <tag k="type" v="line_thin"/>
    <tag k="subtype" v="solid"/>
  </way>
  <way id="45282">
    <nd ref="28653"/>
    <nd ref="45279"/>
    <tag k="type" v="line_thin"/>
    <tag k="subtype" v="solid"/>
  </way>
  <way id="45283">
    <nd ref="45279"/>
    <nd ref="1818"/>
    <tag k="type" v="line_thin"/>
    <tag k="subtype" v="solid"/>
  </way>
  <way id="45285">
    <nd ref="45257"/>
    <nd ref="45278"/>
    <tag k="type" v="line_thin"/>
    <tag k="subtype" v="solid"/>
  </way>
  <way id="45286">
    <nd ref="45262"/>
    <nd ref="45279"/>
    <tag k="type" v="line_thin"/>
    <tag k="subtype" v="solid"/>
  </way>
  <way id="45348">
    <nd ref="387"/>
    <nd ref="45346"/>
    <tag k="type" v="line_thin"/>
    <tag k="subtype" v="solid"/>
  </way>
  <way id="45350">
    <nd ref="382"/>
    <nd ref="45347"/>
    <tag k="type" v="line_thin"/>
    <tag k="subtype" v="solid"/>
  </way>
  <way id="45369">
    <nd ref="45367"/>
    <nd ref="45368"/>
    <tag k="type" v="line_thin"/>
    <tag k="subtype" v="solid"/>
  </way>
  <way id="45372">
    <nd ref="45370"/>
    <nd ref="45371"/>
    <tag k="type" v="line_thin"/>
    <tag k="subtype" v="solid"/>
  </way>
  <way id="45388">
    <nd ref="45346"/>
    <nd ref="45376"/>
    <nd ref="45379"/>
    <nd ref="45370"/>
    <tag k="type" v="line_thin"/>
    <tag k="subtype" v="solid"/>
  </way>
  <way id="45389">
    <nd ref="45347"/>
    <nd ref="45383"/>
    <nd ref="45386"/>
    <nd ref="45367"/>
    <tag k="type" v="line_thin"/>
    <tag k="subtype" v="solid"/>
  </way>
  <way id="45417">
    <nd ref="33483"/>
    <nd ref="45410"/>
    <nd ref="33500"/>
    <tag k="type" v="line_thin"/>
    <tag k="subtype" v="solid"/>
  </way>
  <way id="45418">
    <nd ref="33484"/>
    <nd ref="45411"/>
    <nd ref="33497"/>
    <tag k="type" v="line_thin"/>
    <tag k="subtype" v="solid"/>
  </way>
  <way id="45456">
    <nd ref="45353"/>
    <nd ref="45289"/>
    <nd ref="45290"/>
    <nd ref="45454"/>
    <tag k="type" v="line_thin"/>
    <tag k="subtype" v="solid"/>
  </way>
  <way id="45458">
    <nd ref="45354"/>
    <nd ref="45293"/>
    <nd ref="45294"/>
    <nd ref="45455"/>
    <tag k="type" v="line_thin"/>
    <tag k="subtype" v="solid"/>
  </way>
  <way id="45461">
    <nd ref="45454"/>
    <nd ref="26707"/>
    <tag k="type" v="line_thin"/>
    <tag k="subtype" v="solid"/>
  </way>
  <way id="45462">
    <nd ref="45455"/>
    <nd ref="26708"/>
    <tag k="type" v="line_thin"/>
    <tag k="subtype" v="solid"/>
  </way>
  <way id="45525">
    <nd ref="39365"/>
    <nd ref="43473"/>
    <nd ref="43474"/>
    <tag k="type" v="line_thin"/>
    <tag k="subtype" v="solid"/>
  </way>
  <way id="45526">
    <nd ref="39366"/>
    <nd ref="43470"/>
    <nd ref="43471"/>
    <tag k="type" v="line_thin"/>
    <tag k="subtype" v="solid"/>
  </way>
  <way id="45654">
    <nd ref="45548"/>
    <nd ref="45652"/>
    <tag k="type" v="line_thin"/>
    <tag k="subtype" v="solid"/>
  </way>
  <way id="45656">
    <nd ref="45549"/>
    <nd ref="45653"/>
    <tag k="type" v="line_thin"/>
    <tag k="subtype" v="solid"/>
  </way>
  <way id="45772">
    <nd ref="45768"/>
    <nd ref="45769"/>
    <tag k="type" v="line_thin"/>
    <tag k="subtype" v="solid"/>
  </way>
  <way id="45773">
    <nd ref="45770"/>
    <nd ref="45771"/>
    <tag k="type" v="line_thin"/>
    <tag k="subtype" v="solid"/>
  </way>
  <way id="45867">
    <nd ref="45779"/>
    <nd ref="45850"/>
    <nd ref="45852"/>
    <nd ref="45854"/>
    <nd ref="45856"/>
    <nd ref="43307"/>
    <nd ref="43309"/>
    <nd ref="44322"/>
    <tag k="type" v="line_thin"/>
    <tag k="subtype" v="solid"/>
  </way>
  <way id="45868">
    <nd ref="45781"/>
    <nd ref="45857"/>
    <nd ref="45858"/>
    <nd ref="45859"/>
    <nd ref="45860"/>
    <nd ref="45861"/>
    <nd ref="45862"/>
    <nd ref="45863"/>
    <nd ref="43306"/>
    <nd ref="43308"/>
    <nd ref="44323"/>
    <tag k="type" v="line_thin"/>
    <tag k="subtype" v="solid"/>
  </way>
  <way id="45891">
    <nd ref="45872"/>
    <nd ref="45779"/>
    <tag k="type" v="line_thin"/>
    <tag k="subtype" v="solid"/>
  </way>
  <way id="45892">
    <nd ref="45874"/>
    <nd ref="45781"/>
    <tag k="type" v="line_thin"/>
    <tag k="subtype" v="solid"/>
  </way>
  <way id="45905">
    <nd ref="45896"/>
    <nd ref="45903"/>
    <tag k="type" v="line_thin"/>
    <tag k="subtype" v="solid"/>
  </way>
  <way id="45907">
    <nd ref="45898"/>
    <nd ref="45904"/>
    <tag k="type" v="line_thin"/>
    <tag k="subtype" v="solid"/>
  </way>
  <way id="46031">
    <nd ref="45769"/>
    <nd ref="45872"/>
    <tag k="type" v="line_thin"/>
    <tag k="subtype" v="solid"/>
  </way>
  <way id="46032">
    <nd ref="45771"/>
    <nd ref="45874"/>
    <tag k="type" v="line_thin"/>
    <tag k="subtype" v="solid"/>
  </way>
  <way id="46069">
    <nd ref="45903"/>
    <nd ref="46041"/>
    <nd ref="46042"/>
    <nd ref="46037"/>
    <nd ref="46049"/>
    <nd ref="46051"/>
    <nd ref="46053"/>
    <nd ref="46055"/>
    <nd ref="45872"/>
    <tag k="type" v="line_thin"/>
    <tag k="subtype" v="solid"/>
  </way>
  <way id="46070">
    <nd ref="45904"/>
    <nd ref="46043"/>
    <nd ref="46044"/>
    <nd ref="46035"/>
    <nd ref="46057"/>
    <nd ref="46059"/>
    <nd ref="46061"/>
    <nd ref="45874"/>
    <tag k="type" v="line_thin"/>
    <tag k="subtype" v="solid"/>
  </way>
  <way id="46084">
    <nd ref="22338"/>
    <nd ref="35726"/>
    <nd ref="44738"/>
    <tag k="type" v="line_thin"/>
    <tag k="subtype" v="solid"/>
  </way>
  <way id="46085">
    <nd ref="22339"/>
    <nd ref="35727"/>
    <nd ref="44739"/>
    <tag k="type" v="line_thin"/>
    <tag k="subtype" v="solid"/>
  </way>
  <way id="46086">
    <nd ref="23878"/>
    <nd ref="23879"/>
    <nd ref="19125"/>
    <tag k="type" v="line_thin"/>
    <tag k="subtype" v="solid"/>
  </way>
  <way id="46087">
    <nd ref="23875"/>
    <nd ref="23876"/>
    <nd ref="19129"/>
    <tag k="type" v="line_thin"/>
    <tag k="subtype" v="solid"/>
  </way>
  <way id="46090">
    <nd ref="19125"/>
    <nd ref="46088"/>
    <tag k="type" v="line_thin"/>
    <tag k="subtype" v="solid"/>
  </way>
  <way id="46091">
    <nd ref="46088"/>
    <nd ref="31729"/>
    <tag k="type" v="line_thin"/>
    <tag k="subtype" v="solid"/>
  </way>
  <way id="46092">
    <nd ref="19129"/>
    <nd ref="46089"/>
    <tag k="type" v="line_thin"/>
    <tag k="subtype" v="solid"/>
  </way>
  <way id="46093">
    <nd ref="46089"/>
    <nd ref="31730"/>
    <tag k="type" v="line_thin"/>
    <tag k="subtype" v="solid"/>
  </way>
  <way id="46095">
    <nd ref="31729"/>
    <nd ref="25402"/>
    <tag k="type" v="line_thin"/>
    <tag k="subtype" v="solid"/>
  </way>
  <way id="46096">
    <nd ref="31730"/>
    <nd ref="25403"/>
    <tag k="type" v="line_thin"/>
    <tag k="subtype" v="solid"/>
  </way>
  <way id="46100">
    <nd ref="22819"/>
    <nd ref="46098"/>
    <tag k="type" v="line_thin"/>
    <tag k="subtype" v="solid"/>
  </way>
  <way id="46102">
    <nd ref="22820"/>
    <nd ref="46099"/>
    <tag k="type" v="line_thin"/>
    <tag k="subtype" v="solid"/>
  </way>
  <way id="46105">
    <nd ref="46098"/>
    <nd ref="41197"/>
    <tag k="type" v="line_thin"/>
    <tag k="subtype" v="solid"/>
  </way>
  <way id="46106">
    <nd ref="46099"/>
    <nd ref="41198"/>
    <tag k="type" v="line_thin"/>
    <tag k="subtype" v="solid"/>
  </way>
  <way id="46162">
    <nd ref="41993"/>
    <nd ref="41994"/>
    <nd ref="41995"/>
    <nd ref="46160"/>
    <tag k="type" v="line_thin"/>
    <tag k="subtype" v="solid"/>
  </way>
  <way id="46164">
    <nd ref="42003"/>
    <nd ref="42004"/>
    <nd ref="42005"/>
    <nd ref="42006"/>
    <nd ref="46161"/>
    <tag k="type" v="line_thin"/>
    <tag k="subtype" v="solid"/>
  </way>
  <way id="46186">
    <nd ref="36297"/>
    <nd ref="20987"/>
    <tag k="type" v="line_thin"/>
    <tag k="subtype" v="solid"/>
  </way>
  <way id="46187">
    <nd ref="36298"/>
    <nd ref="20988"/>
    <tag k="type" v="line_thin"/>
    <tag k="subtype" v="solid"/>
  </way>
  <way id="46198">
    <nd ref="25895"/>
    <nd ref="33483"/>
    <tag k="type" v="line_thin"/>
    <tag k="subtype" v="solid"/>
  </way>
  <way id="46199">
    <nd ref="25897"/>
    <nd ref="33484"/>
    <tag k="type" v="line_thin"/>
    <tag k="subtype" v="solid"/>
  </way>
  <way id="46250">
    <nd ref="46247"/>
    <nd ref="25895"/>
    <tag k="type" v="line_thin"/>
    <tag k="subtype" v="solid"/>
  </way>
  <way id="46252">
    <nd ref="46248"/>
    <nd ref="25897"/>
    <tag k="type" v="line_thin"/>
    <tag k="subtype" v="solid"/>
  </way>
  <way id="46273">
    <nd ref="26707"/>
    <nd ref="26684"/>
    <nd ref="26685"/>
    <nd ref="26686"/>
    <nd ref="46271"/>
    <tag k="type" v="line_thin"/>
    <tag k="subtype" v="solid"/>
  </way>
  <way id="46275">
    <nd ref="26708"/>
    <nd ref="26689"/>
    <nd ref="26690"/>
    <nd ref="46272"/>
    <tag k="type" v="line_thin"/>
    <tag k="subtype" v="solid"/>
  </way>
  <way id="46288">
    <nd ref="45371"/>
    <nd ref="46278"/>
    <nd ref="46279"/>
    <nd ref="46280"/>
    <nd ref="46281"/>
    <nd ref="46282"/>
    <nd ref="45353"/>
    <tag k="type" v="line_thin"/>
    <tag k="subtype" v="solid"/>
  </way>
  <way id="46289">
    <nd ref="45368"/>
    <nd ref="46283"/>
    <nd ref="46284"/>
    <nd ref="46285"/>
    <nd ref="46286"/>
    <nd ref="46287"/>
    <nd ref="45354"/>
    <tag k="type" v="line_thin"/>
    <tag k="subtype" v="solid"/>
  </way>
  <way id="46371">
    <nd ref="46351"/>
    <nd ref="42245"/>
    <tag k="type" v="line_thin"/>
    <tag k="subtype" v="solid"/>
  </way>
  <way id="46372">
    <nd ref="46352"/>
    <nd ref="42246"/>
    <tag k="type" v="line_thin"/>
    <tag k="subtype" v="solid"/>
  </way>
  <way id="46419">
    <nd ref="29931"/>
    <nd ref="46382"/>
    <nd ref="46384"/>
    <nd ref="46386"/>
    <nd ref="46388"/>
    <nd ref="46378"/>
    <nd ref="46401"/>
    <nd ref="46403"/>
    <nd ref="46405"/>
    <nd ref="30876"/>
    <tag k="type" v="line_thin"/>
    <tag k="subtype" v="solid"/>
  </way>
  <way id="46420">
    <nd ref="29932"/>
    <nd ref="46390"/>
    <nd ref="46392"/>
    <nd ref="46394"/>
    <nd ref="46396"/>
    <nd ref="46375"/>
    <nd ref="46408"/>
    <nd ref="46410"/>
    <nd ref="46412"/>
    <nd ref="30877"/>
    <tag k="type" v="line_thin"/>
    <tag k="subtype" v="solid"/>
  </way>
  <way id="46424">
    <nd ref="46421"/>
    <nd ref="26692"/>
    <nd ref="26694"/>
    <tag k="type" v="line_thin"/>
    <tag k="subtype" v="solid"/>
  </way>
  <way id="46426">
    <nd ref="46422"/>
    <nd ref="26696"/>
    <nd ref="26698"/>
    <tag k="type" v="line_thin"/>
    <tag k="subtype" v="solid"/>
  </way>
  <way id="46428">
    <nd ref="46271"/>
    <nd ref="46421"/>
    <tag k="type" v="line_thin"/>
    <tag k="subtype" v="solid"/>
  </way>
  <way id="46429">
    <nd ref="46272"/>
    <nd ref="46422"/>
    <tag k="type" v="line_thin"/>
    <tag k="subtype" v="solid"/>
  </way>
  <way id="46447">
    <nd ref="26694"/>
    <nd ref="46431"/>
    <nd ref="46432"/>
    <nd ref="46433"/>
    <nd ref="46434"/>
    <nd ref="46435"/>
    <nd ref="46436"/>
    <nd ref="46437"/>
    <nd ref="46438"/>
    <nd ref="42321"/>
    <tag k="type" v="line_thin"/>
    <tag k="subtype" v="solid"/>
  </way>
  <way id="46448">
    <nd ref="26698"/>
    <nd ref="46439"/>
    <nd ref="46440"/>
    <nd ref="46441"/>
    <nd ref="46444"/>
    <nd ref="46445"/>
    <nd ref="46446"/>
    <nd ref="42320"/>
    <tag k="type" v="line_thin"/>
    <tag k="subtype" v="solid"/>
  </way>
  <way id="46518">
    <nd ref="476"/>
    <nd ref="46495"/>
    <tag k="type" v="line_thin"/>
    <tag k="subtype" v="solid"/>
  </way>
  <way id="46519">
    <nd ref="481"/>
    <nd ref="46499"/>
    <tag k="type" v="line_thin"/>
    <tag k="subtype" v="solid"/>
  </way>
  <way id="46535">
    <nd ref="46532"/>
    <nd ref="46524"/>
    <tag k="type" v="line_thin"/>
    <tag k="subtype" v="solid"/>
  </way>
  <way id="46537">
    <nd ref="46533"/>
    <nd ref="46528"/>
    <tag k="type" v="line_thin"/>
    <tag k="subtype" v="solid"/>
  </way>
  <way id="46560">
    <nd ref="44369"/>
    <nd ref="538"/>
    <nd ref="539"/>
    <nd ref="46546"/>
    <nd ref="46553"/>
    <nd ref="46554"/>
    <nd ref="46532"/>
    <tag k="type" v="line_thin"/>
    <tag k="subtype" v="solid"/>
  </way>
  <way id="46561">
    <nd ref="44370"/>
    <nd ref="557"/>
    <nd ref="1284"/>
    <nd ref="46547"/>
    <nd ref="46555"/>
    <nd ref="46556"/>
    <nd ref="46533"/>
    <tag k="type" v="line_thin"/>
    <tag k="subtype" v="solid"/>
  </way>
  <way id="46657">
    <nd ref="43474"/>
    <nd ref="46655"/>
    <tag k="type" v="line_thin"/>
    <tag k="subtype" v="solid"/>
  </way>
  <way id="46659">
    <nd ref="43471"/>
    <nd ref="46656"/>
    <tag k="type" v="line_thin"/>
    <tag k="subtype" v="solid"/>
  </way>
  <way id="46706">
    <nd ref="46703"/>
    <nd ref="42087"/>
    <nd ref="42088"/>
    <nd ref="42097"/>
    <tag k="type" v="line_thin"/>
    <tag k="subtype" v="solid"/>
  </way>
  <way id="46708">
    <nd ref="46704"/>
    <nd ref="42092"/>
    <nd ref="42093"/>
    <nd ref="42098"/>
    <tag k="type" v="line_thin"/>
    <tag k="subtype" v="solid"/>
  </way>
  <way id="46749">
    <nd ref="46160"/>
    <nd ref="46733"/>
    <nd ref="46734"/>
    <nd ref="46735"/>
    <nd ref="46736"/>
    <nd ref="46737"/>
    <nd ref="46738"/>
    <nd ref="42023"/>
    <tag k="type" v="line_thin"/>
    <tag k="subtype" v="solid"/>
  </way>
  <way id="46750">
    <nd ref="46161"/>
    <nd ref="46741"/>
    <nd ref="46742"/>
    <nd ref="46743"/>
    <nd ref="46744"/>
    <nd ref="46745"/>
    <nd ref="46746"/>
    <nd ref="42024"/>
    <tag k="type" v="line_thin"/>
    <tag k="subtype" v="solid"/>
  </way>
  <way id="46752">
    <nd ref="23924"/>
    <nd ref="42023"/>
    <tag k="type" v="line_thin"/>
    <tag k="subtype" v="solid"/>
  </way>
  <way id="46753">
    <nd ref="23925"/>
    <nd ref="42024"/>
    <tag k="type" v="line_thin"/>
    <tag k="subtype" v="solid"/>
  </way>
  <way id="46758">
    <nd ref="46755"/>
    <nd ref="24323"/>
    <nd ref="24608"/>
    <nd ref="24618"/>
    <nd ref="24622"/>
    <nd ref="24328"/>
    <tag k="type" v="line_thin"/>
    <tag k="subtype" v="solid"/>
  </way>
  <way id="46760">
    <nd ref="46756"/>
    <nd ref="24338"/>
    <nd ref="24609"/>
    <nd ref="24628"/>
    <nd ref="24632"/>
    <nd ref="24344"/>
    <tag k="type" v="line_thin"/>
    <tag k="subtype" v="solid"/>
  </way>
  <way id="46777">
    <nd ref="41983"/>
    <nd ref="20589"/>
    <nd ref="20616"/>
    <nd ref="20620"/>
    <nd ref="20622"/>
    <nd ref="46775"/>
    <tag k="type" v="line_thin"/>
    <tag k="subtype" v="solid"/>
  </way>
  <way id="46779">
    <nd ref="41984"/>
    <nd ref="20590"/>
    <nd ref="20624"/>
    <nd ref="20626"/>
    <nd ref="20628"/>
    <nd ref="20630"/>
    <nd ref="46776"/>
    <tag k="type" v="line_thin"/>
    <tag k="subtype" v="solid"/>
  </way>
  <way id="46793">
    <nd ref="24263"/>
    <nd ref="46791"/>
    <tag k="type" v="line_thin"/>
    <tag k="subtype" v="solid"/>
  </way>
  <way id="46794">
    <nd ref="46791"/>
    <nd ref="24311"/>
    <tag k="type" v="line_thin"/>
    <tag k="subtype" v="solid"/>
  </way>
  <way id="46795">
    <nd ref="24264"/>
    <nd ref="46792"/>
    <tag k="type" v="line_thin"/>
    <tag k="subtype" v="solid"/>
  </way>
  <way id="46796">
    <nd ref="46792"/>
    <nd ref="24329"/>
    <tag k="type" v="line_thin"/>
    <tag k="subtype" v="solid"/>
  </way>
  <way id="46817">
    <nd ref="25955"/>
    <nd ref="46247"/>
    <tag k="type" v="line_thin"/>
    <tag k="subtype" v="solid"/>
  </way>
  <way id="46818">
    <nd ref="25956"/>
    <nd ref="46248"/>
    <tag k="type" v="line_thin"/>
    <tag k="subtype" v="solid"/>
  </way>
  <way id="46836">
    <nd ref="25885"/>
    <nd ref="40590"/>
    <tag k="type" v="line_thin"/>
    <tag k="subtype" v="solid"/>
  </way>
  <way id="46837">
    <nd ref="25887"/>
    <nd ref="40591"/>
    <tag k="type" v="line_thin"/>
    <tag k="subtype" v="solid"/>
  </way>
  <way id="46870">
    <nd ref="45454"/>
    <nd ref="46332"/>
    <nd ref="46333"/>
    <nd ref="46334"/>
    <nd ref="46335"/>
    <nd ref="46336"/>
    <nd ref="46337"/>
    <nd ref="46338"/>
    <nd ref="46339"/>
    <nd ref="46351"/>
    <tag k="type" v="line_thin"/>
    <tag k="subtype" v="solid"/>
  </way>
  <way id="46871">
    <nd ref="45455"/>
    <nd ref="46340"/>
    <nd ref="46341"/>
    <nd ref="46342"/>
    <nd ref="46343"/>
    <nd ref="46344"/>
    <nd ref="46345"/>
    <nd ref="46346"/>
    <nd ref="46352"/>
    <tag k="type" v="line_thin"/>
    <tag k="subtype" v="solid"/>
  </way>
  <way id="46925">
    <nd ref="46922"/>
    <nd ref="32967"/>
    <tag k="type" v="line_thin"/>
    <tag k="subtype" v="solid"/>
  </way>
  <way id="46927">
    <nd ref="46923"/>
    <nd ref="32968"/>
    <tag k="type" v="line_thin"/>
    <tag k="subtype" v="solid"/>
  </way>
  <way id="46953">
    <nd ref="46524"/>
    <nd ref="46951"/>
    <tag k="type" v="line_thin"/>
    <tag k="subtype" v="solid"/>
  </way>
  <way id="46955">
    <nd ref="46528"/>
    <nd ref="46952"/>
    <tag k="type" v="line_thin"/>
    <tag k="subtype" v="solid"/>
  </way>
  <way id="47042">
    <nd ref="46978"/>
    <nd ref="47040"/>
    <tag k="type" v="line_thin"/>
    <tag k="subtype" v="solid"/>
  </way>
  <way id="47044">
    <nd ref="46980"/>
    <nd ref="47041"/>
    <tag k="type" v="line_thin"/>
    <tag k="subtype" v="solid"/>
  </way>
  <way id="47081">
    <nd ref="23952"/>
    <nd ref="47065"/>
    <nd ref="47066"/>
    <nd ref="47067"/>
    <nd ref="47068"/>
    <nd ref="47069"/>
    <nd ref="47070"/>
    <nd ref="47071"/>
    <nd ref="47072"/>
    <nd ref="46703"/>
    <tag k="type" v="line_thin"/>
    <tag k="subtype" v="solid"/>
  </way>
  <way id="47082">
    <nd ref="23953"/>
    <nd ref="47073"/>
    <nd ref="47074"/>
    <nd ref="47075"/>
    <nd ref="47076"/>
    <nd ref="47077"/>
    <nd ref="47078"/>
    <nd ref="47079"/>
    <nd ref="47080"/>
    <nd ref="46704"/>
    <tag k="type" v="line_thin"/>
    <tag k="subtype" v="solid"/>
  </way>
  <way id="47092">
    <nd ref="24311"/>
    <nd ref="47084"/>
    <nd ref="47085"/>
    <nd ref="47086"/>
    <nd ref="47087"/>
    <nd ref="46755"/>
    <tag k="type" v="line_thin"/>
    <tag k="subtype" v="solid"/>
  </way>
  <way id="47093">
    <nd ref="24329"/>
    <nd ref="47088"/>
    <nd ref="47089"/>
    <nd ref="47090"/>
    <nd ref="47091"/>
    <nd ref="46756"/>
    <tag k="type" v="line_thin"/>
    <tag k="subtype" v="solid"/>
  </way>
  <way id="47109">
    <nd ref="46775"/>
    <nd ref="47095"/>
    <nd ref="47096"/>
    <nd ref="47097"/>
    <nd ref="47098"/>
    <nd ref="47099"/>
    <nd ref="47100"/>
    <nd ref="47101"/>
    <nd ref="46791"/>
    <tag k="type" v="line_thin"/>
    <tag k="subtype" v="solid"/>
  </way>
  <way id="47110">
    <nd ref="46776"/>
    <nd ref="47102"/>
    <nd ref="47103"/>
    <nd ref="47104"/>
    <nd ref="47105"/>
    <nd ref="47106"/>
    <nd ref="47107"/>
    <nd ref="47108"/>
    <nd ref="46792"/>
    <tag k="type" v="line_thin"/>
    <tag k="subtype" v="solid"/>
  </way>
  <way id="47112">
    <nd ref="26015"/>
    <nd ref="26555"/>
    <tag k="type" v="line_thin"/>
    <tag k="subtype" v="solid"/>
  </way>
  <way id="47113">
    <nd ref="26040"/>
    <nd ref="26556"/>
    <tag k="type" v="line_thin"/>
    <tag k="subtype" v="solid"/>
  </way>
  <way id="47131">
    <nd ref="40634"/>
    <nd ref="47115"/>
    <nd ref="47116"/>
    <nd ref="47117"/>
    <nd ref="47118"/>
    <nd ref="47119"/>
    <nd ref="47120"/>
    <nd ref="47121"/>
    <nd ref="47122"/>
    <nd ref="40590"/>
    <tag k="type" v="line_thin"/>
    <tag k="subtype" v="solid"/>
  </way>
  <way id="47132">
    <nd ref="40635"/>
    <nd ref="47123"/>
    <nd ref="47124"/>
    <nd ref="47125"/>
    <nd ref="47126"/>
    <nd ref="47127"/>
    <nd ref="47128"/>
    <nd ref="47129"/>
    <nd ref="47130"/>
    <nd ref="40591"/>
    <tag k="type" v="line_thin"/>
    <tag k="subtype" v="solid"/>
  </way>
  <way id="47142">
    <nd ref="26015"/>
    <nd ref="47134"/>
    <nd ref="47135"/>
    <nd ref="47136"/>
    <nd ref="47137"/>
    <nd ref="40508"/>
    <tag k="type" v="line_thin"/>
    <tag k="subtype" v="solid"/>
  </way>
  <way id="47143">
    <nd ref="26040"/>
    <nd ref="47138"/>
    <nd ref="47139"/>
    <nd ref="47140"/>
    <nd ref="47141"/>
    <nd ref="40509"/>
    <tag k="type" v="line_thin"/>
    <tag k="subtype" v="solid"/>
  </way>
  <way id="47153">
    <nd ref="40473"/>
    <nd ref="47145"/>
    <nd ref="47146"/>
    <nd ref="47147"/>
    <nd ref="47148"/>
    <nd ref="46247"/>
    <tag k="type" v="line_thin"/>
    <tag k="subtype" v="solid"/>
  </way>
  <way id="47154">
    <nd ref="40474"/>
    <nd ref="47149"/>
    <nd ref="47150"/>
    <nd ref="47151"/>
    <nd ref="47152"/>
    <nd ref="46248"/>
    <tag k="type" v="line_thin"/>
    <tag k="subtype" v="solid"/>
  </way>
  <way id="47196">
    <nd ref="47179"/>
    <nd ref="47180"/>
    <nd ref="47181"/>
    <nd ref="47182"/>
    <nd ref="47183"/>
    <nd ref="47184"/>
    <nd ref="47185"/>
    <nd ref="47186"/>
    <nd ref="47187"/>
    <tag k="type" v="line_thin"/>
    <tag k="subtype" v="solid"/>
  </way>
  <way id="47197">
    <nd ref="47188"/>
    <nd ref="47189"/>
    <nd ref="47190"/>
    <nd ref="47191"/>
    <nd ref="47192"/>
    <nd ref="47193"/>
    <nd ref="47194"/>
    <nd ref="47195"/>
    <tag k="type" v="line_thin"/>
    <tag k="subtype" v="solid"/>
  </way>
  <way id="47244">
    <nd ref="30020"/>
    <nd ref="31035"/>
    <tag k="type" v="line_thin"/>
    <tag k="subtype" v="solid"/>
  </way>
  <way id="47245">
    <nd ref="30021"/>
    <nd ref="31036"/>
    <tag k="type" v="line_thin"/>
    <tag k="subtype" v="solid"/>
  </way>
  <way id="47283">
    <nd ref="47266"/>
    <nd ref="47267"/>
    <nd ref="47268"/>
    <nd ref="47269"/>
    <nd ref="47270"/>
    <nd ref="47271"/>
    <nd ref="47272"/>
    <nd ref="47273"/>
    <nd ref="47274"/>
    <tag k="type" v="line_thin"/>
    <tag k="subtype" v="solid"/>
  </way>
  <way id="47284">
    <nd ref="47275"/>
    <nd ref="47276"/>
    <nd ref="47277"/>
    <nd ref="47278"/>
    <nd ref="47279"/>
    <nd ref="47280"/>
    <nd ref="47281"/>
    <nd ref="47282"/>
    <tag k="type" v="line_thin"/>
    <tag k="subtype" v="solid"/>
  </way>
  <way id="47303">
    <nd ref="47286"/>
    <nd ref="47287"/>
    <nd ref="47288"/>
    <nd ref="47289"/>
    <nd ref="47290"/>
    <nd ref="47291"/>
    <nd ref="47292"/>
    <nd ref="47293"/>
    <nd ref="47294"/>
    <tag k="type" v="line_thin"/>
    <tag k="subtype" v="solid"/>
  </way>
  <way id="47304">
    <nd ref="47295"/>
    <nd ref="47296"/>
    <nd ref="47297"/>
    <nd ref="47298"/>
    <nd ref="47299"/>
    <nd ref="47300"/>
    <nd ref="47301"/>
    <nd ref="47302"/>
    <tag k="type" v="line_thin"/>
    <tag k="subtype" v="solid"/>
  </way>
  <way id="47323">
    <nd ref="47306"/>
    <nd ref="47307"/>
    <nd ref="47308"/>
    <nd ref="47309"/>
    <nd ref="47310"/>
    <nd ref="47311"/>
    <nd ref="47312"/>
    <nd ref="47313"/>
    <nd ref="47314"/>
    <tag k="type" v="line_thin"/>
    <tag k="subtype" v="solid"/>
  </way>
  <way id="47324">
    <nd ref="47315"/>
    <nd ref="47316"/>
    <nd ref="47317"/>
    <nd ref="47318"/>
    <nd ref="47319"/>
    <nd ref="47320"/>
    <nd ref="47321"/>
    <nd ref="47322"/>
    <tag k="type" v="line_thin"/>
    <tag k="subtype" v="solid"/>
  </way>
  <way id="47336">
    <nd ref="30869"/>
    <nd ref="47179"/>
    <tag k="type" v="line_thin"/>
    <tag k="subtype" v="solid"/>
  </way>
  <way id="47337">
    <nd ref="30870"/>
    <nd ref="47188"/>
    <tag k="type" v="line_thin"/>
    <tag k="subtype" v="solid"/>
  </way>
  <way id="47339">
    <nd ref="47179"/>
    <nd ref="30020"/>
    <tag k="type" v="line_thin"/>
    <tag k="subtype" v="solid"/>
  </way>
  <way id="47340">
    <nd ref="47188"/>
    <nd ref="30021"/>
    <tag k="type" v="line_thin"/>
    <tag k="subtype" v="solid"/>
  </way>
  <way id="47365">
    <nd ref="47274"/>
    <nd ref="47286"/>
    <tag k="type" v="line_thin"/>
    <tag k="subtype" v="solid"/>
  </way>
  <way id="47366">
    <nd ref="47282"/>
    <nd ref="47295"/>
    <tag k="type" v="line_thin"/>
    <tag k="subtype" v="solid"/>
  </way>
  <way id="47368">
    <nd ref="31035"/>
    <nd ref="47274"/>
    <tag k="type" v="line_thin"/>
    <tag k="subtype" v="solid"/>
  </way>
  <way id="47369">
    <nd ref="31036"/>
    <nd ref="47282"/>
    <tag k="type" v="line_thin"/>
    <tag k="subtype" v="solid"/>
  </way>
  <way id="47371">
    <nd ref="47286"/>
    <nd ref="31444"/>
    <tag k="type" v="line_thin"/>
    <tag k="subtype" v="solid"/>
  </way>
  <way id="47372">
    <nd ref="47295"/>
    <nd ref="31445"/>
    <tag k="type" v="line_thin"/>
    <tag k="subtype" v="solid"/>
  </way>
  <way id="47427">
    <nd ref="47423"/>
    <nd ref="47424"/>
    <tag k="type" v="line_thin"/>
    <tag k="subtype" v="solid"/>
  </way>
  <way id="47428">
    <nd ref="47425"/>
    <nd ref="47426"/>
    <tag k="type" v="line_thin"/>
    <tag k="subtype" v="solid"/>
  </way>
  <way id="47441">
    <nd ref="47424"/>
    <nd ref="47430"/>
    <nd ref="47439"/>
    <tag k="type" v="line_thin"/>
    <tag k="subtype" v="solid"/>
  </way>
  <way id="47442">
    <nd ref="47439"/>
    <nd ref="42365"/>
    <nd ref="42480"/>
    <nd ref="42482"/>
    <nd ref="42484"/>
    <nd ref="42486"/>
    <nd ref="42487"/>
    <nd ref="42488"/>
    <nd ref="4095"/>
    <tag k="type" v="line_thin"/>
    <tag k="subtype" v="solid"/>
  </way>
  <way id="47443">
    <nd ref="47426"/>
    <nd ref="47432"/>
    <nd ref="47440"/>
    <tag k="type" v="line_thin"/>
    <tag k="subtype" v="solid"/>
  </way>
  <way id="47444">
    <nd ref="47440"/>
    <nd ref="42364"/>
    <nd ref="42489"/>
    <nd ref="42490"/>
    <nd ref="42491"/>
    <nd ref="42492"/>
    <nd ref="42493"/>
    <nd ref="42494"/>
    <nd ref="42495"/>
    <nd ref="42496"/>
    <nd ref="4092"/>
    <tag k="type" v="line_thin"/>
    <tag k="subtype" v="solid"/>
  </way>
  <way id="47446">
    <nd ref="47314"/>
    <nd ref="47423"/>
    <tag k="type" v="line_thin"/>
    <tag k="subtype" v="solid"/>
  </way>
  <way id="47447">
    <nd ref="47322"/>
    <nd ref="47425"/>
    <tag k="type" v="line_thin"/>
    <tag k="subtype" v="solid"/>
  </way>
  <way id="47449">
    <nd ref="30537"/>
    <nd ref="47314"/>
    <tag k="type" v="line_thin"/>
    <tag k="subtype" v="solid"/>
  </way>
  <way id="47450">
    <nd ref="30546"/>
    <nd ref="47322"/>
    <tag k="type" v="line_thin"/>
    <tag k="subtype" v="solid"/>
  </way>
  <way id="47516">
    <nd ref="47513"/>
    <nd ref="46978"/>
    <tag k="type" v="line_thin"/>
    <tag k="subtype" v="solid"/>
  </way>
  <way id="47518">
    <nd ref="47514"/>
    <nd ref="46980"/>
    <tag k="type" v="line_thin"/>
    <tag k="subtype" v="solid"/>
  </way>
  <way id="47545">
    <nd ref="46655"/>
    <nd ref="47533"/>
    <nd ref="47534"/>
    <nd ref="47535"/>
    <nd ref="47536"/>
    <nd ref="47537"/>
    <nd ref="47538"/>
    <nd ref="45548"/>
    <tag k="type" v="line_thin"/>
    <tag k="subtype" v="solid"/>
  </way>
  <way id="47546">
    <nd ref="46656"/>
    <nd ref="47539"/>
    <nd ref="47541"/>
    <nd ref="47543"/>
    <nd ref="45549"/>
    <tag k="type" v="line_thin"/>
    <tag k="subtype" v="solid"/>
  </way>
  <way id="47562">
    <nd ref="45652"/>
    <nd ref="47548"/>
    <nd ref="47549"/>
    <nd ref="47550"/>
    <nd ref="47551"/>
    <nd ref="47552"/>
    <nd ref="47553"/>
    <nd ref="47554"/>
    <nd ref="47513"/>
    <tag k="type" v="line_thin"/>
    <tag k="subtype" v="solid"/>
  </way>
  <way id="47563">
    <nd ref="45653"/>
    <nd ref="47558"/>
    <nd ref="47559"/>
    <nd ref="47560"/>
    <nd ref="47561"/>
    <nd ref="47514"/>
    <tag k="type" v="line_thin"/>
    <tag k="subtype" v="solid"/>
  </way>
  <way id="47565">
    <nd ref="47040"/>
    <nd ref="47522"/>
    <nd ref="47524"/>
    <nd ref="47026"/>
    <nd ref="44221"/>
    <nd ref="44179"/>
    <tag k="type" v="line_thin"/>
    <tag k="subtype" v="solid"/>
  </way>
  <way id="47566">
    <nd ref="47041"/>
    <nd ref="47527"/>
    <nd ref="47529"/>
    <nd ref="44231"/>
    <nd ref="44233"/>
    <nd ref="44176"/>
    <tag k="type" v="line_thin"/>
    <tag k="subtype" v="solid"/>
  </way>
  <way id="47585">
    <nd ref="45779"/>
    <nd ref="38867"/>
    <tag k="type" v="line_thin"/>
    <tag k="subtype" v="solid"/>
  </way>
  <way id="47586">
    <nd ref="45781"/>
    <nd ref="38869"/>
    <tag k="type" v="line_thin"/>
    <tag k="subtype" v="solid"/>
  </way>
  <way id="47591">
    <nd ref="47588"/>
    <nd ref="46929"/>
    <nd ref="46930"/>
    <nd ref="46931"/>
    <nd ref="46932"/>
    <nd ref="46922"/>
    <tag k="type" v="line_thin"/>
    <tag k="subtype" v="solid"/>
  </way>
  <way id="47593">
    <nd ref="47589"/>
    <nd ref="46933"/>
    <nd ref="46934"/>
    <nd ref="46935"/>
    <nd ref="46936"/>
    <nd ref="46923"/>
    <tag k="type" v="line_thin"/>
    <tag k="subtype" v="solid"/>
  </way>
  <way id="47601">
    <nd ref="46951"/>
    <nd ref="47595"/>
    <nd ref="47596"/>
    <nd ref="47597"/>
    <nd ref="47588"/>
    <tag k="type" v="line_thin"/>
    <tag k="subtype" v="solid"/>
  </way>
  <way id="47602">
    <nd ref="46952"/>
    <nd ref="47598"/>
    <nd ref="47599"/>
    <nd ref="47600"/>
    <nd ref="47589"/>
    <tag k="type" v="line_thin"/>
    <tag k="subtype" v="solid"/>
  </way>
  <way id="47606">
    <nd ref="47187"/>
    <nd ref="47604"/>
    <tag k="type" v="line_thin"/>
    <tag k="subtype" v="solid"/>
  </way>
  <way id="47607">
    <nd ref="47604"/>
    <nd ref="47266"/>
    <tag k="type" v="line_thin"/>
    <tag k="subtype" v="solid"/>
  </way>
  <way id="47608">
    <nd ref="47195"/>
    <nd ref="47605"/>
    <tag k="type" v="line_thin"/>
    <tag k="subtype" v="solid"/>
  </way>
  <way id="47609">
    <nd ref="47605"/>
    <nd ref="47275"/>
    <tag k="type" v="line_thin"/>
    <tag k="subtype" v="solid"/>
  </way>
  <way id="47613">
    <nd ref="47294"/>
    <nd ref="47611"/>
    <tag k="type" v="line_thin"/>
    <tag k="subtype" v="solid"/>
  </way>
  <way id="47614">
    <nd ref="47611"/>
    <nd ref="47306"/>
    <tag k="type" v="line_thin"/>
    <tag k="subtype" v="solid"/>
  </way>
  <way id="47615">
    <nd ref="47302"/>
    <nd ref="47612"/>
    <tag k="type" v="line_thin"/>
    <tag k="subtype" v="solid"/>
  </way>
  <way id="47616">
    <nd ref="47612"/>
    <nd ref="47315"/>
    <tag k="type" v="line_thin"/>
    <tag k="subtype" v="solid"/>
  </way>
  <way id="47622">
    <nd ref="47618"/>
    <nd ref="47619"/>
    <tag k="type" v="line_thin"/>
    <tag k="subtype" v="solid"/>
  </way>
  <way id="47623">
    <nd ref="47620"/>
    <nd ref="47621"/>
    <tag k="type" v="line_thin"/>
    <tag k="subtype" v="solid"/>
  </way>
  <way id="47625">
    <nd ref="38678"/>
    <nd ref="47618"/>
    <tag k="type" v="line_thin"/>
    <tag k="subtype" v="solid"/>
  </way>
  <way id="47626">
    <nd ref="38679"/>
    <nd ref="47620"/>
    <tag k="type" v="line_thin"/>
    <tag k="subtype" v="solid"/>
  </way>
  <way id="47646">
    <nd ref="47619"/>
    <nd ref="47628"/>
    <nd ref="47629"/>
    <nd ref="47630"/>
    <nd ref="47631"/>
    <nd ref="47632"/>
    <nd ref="47633"/>
    <nd ref="47634"/>
    <nd ref="47635"/>
    <nd ref="47636"/>
    <nd ref="4343"/>
    <tag k="type" v="line_thin"/>
    <tag k="subtype" v="solid"/>
  </way>
  <way id="47647">
    <nd ref="47621"/>
    <nd ref="47637"/>
    <nd ref="47638"/>
    <nd ref="47639"/>
    <nd ref="47640"/>
    <nd ref="47641"/>
    <nd ref="47642"/>
    <nd ref="47643"/>
    <nd ref="47644"/>
    <nd ref="47645"/>
    <nd ref="4344"/>
    <tag k="type" v="line_thin"/>
    <tag k="subtype" v="solid"/>
  </way>
  <way id="47656">
    <nd ref="80"/>
    <nd ref="47649"/>
    <tag k="type" v="line_thin"/>
    <tag k="subtype" v="solid"/>
  </way>
  <way id="47657">
    <nd ref="104"/>
    <nd ref="47651"/>
    <tag k="type" v="line_thin"/>
    <tag k="subtype" v="solid"/>
  </way>
  <way id="47661">
    <nd ref="47659"/>
    <nd ref="47660"/>
    <tag k="type" v="line_thin"/>
    <tag k="subtype" v="solid"/>
  </way>
  <way id="47664">
    <nd ref="47662"/>
    <nd ref="47663"/>
    <tag k="type" v="line_thin"/>
    <tag k="subtype" v="solid"/>
  </way>
  <way id="47681">
    <nd ref="47663"/>
    <nd ref="47677"/>
    <nd ref="47678"/>
    <nd ref="45768"/>
    <tag k="type" v="line_thin"/>
    <tag k="subtype" v="solid"/>
  </way>
  <way id="47682">
    <nd ref="47660"/>
    <nd ref="47679"/>
    <nd ref="47680"/>
    <nd ref="45770"/>
    <tag k="type" v="line_thin"/>
    <tag k="subtype" v="solid"/>
  </way>
  <way id="47714">
    <nd ref="47712"/>
    <nd ref="47713"/>
    <tag k="type" v="line_thin"/>
    <tag k="subtype" v="solid"/>
  </way>
  <way id="47717">
    <nd ref="47715"/>
    <nd ref="47716"/>
    <tag k="type" v="line_thin"/>
    <tag k="subtype" v="solid"/>
  </way>
  <way id="47741">
    <nd ref="42624"/>
    <nd ref="47720"/>
    <nd ref="47722"/>
    <nd ref="47724"/>
    <nd ref="47726"/>
    <nd ref="47728"/>
    <nd ref="47715"/>
    <tag k="type" v="line_thin"/>
    <tag k="subtype" v="solid"/>
  </way>
  <way id="47742">
    <nd ref="42625"/>
    <nd ref="47731"/>
    <nd ref="47733"/>
    <nd ref="47735"/>
    <nd ref="47737"/>
    <nd ref="47739"/>
    <nd ref="47712"/>
    <tag k="type" v="line_thin"/>
    <tag k="subtype" v="solid"/>
  </way>
  <way id="47769">
    <nd ref="47767"/>
    <nd ref="47768"/>
    <tag k="type" v="line_thin"/>
    <tag k="subtype" v="solid"/>
  </way>
  <way id="47772">
    <nd ref="47770"/>
    <nd ref="47771"/>
    <tag k="type" v="line_thin"/>
    <tag k="subtype" v="solid"/>
  </way>
  <way id="47781">
    <nd ref="47771"/>
    <nd ref="47777"/>
    <tag k="type" v="line_thin"/>
    <tag k="subtype" v="solid"/>
  </way>
  <way id="47782">
    <nd ref="47768"/>
    <nd ref="47774"/>
    <tag k="type" v="line_thin"/>
    <tag k="subtype" v="solid"/>
  </way>
  <way id="47848">
    <nd ref="47777"/>
    <nd ref="47846"/>
    <tag k="type" v="line_thin"/>
    <tag k="subtype" v="solid"/>
  </way>
  <way id="47850">
    <nd ref="47774"/>
    <nd ref="47847"/>
    <tag k="type" v="line_thin"/>
    <tag k="subtype" v="solid"/>
  </way>
  <way id="47941">
    <nd ref="47846"/>
    <nd ref="47894"/>
    <nd ref="47896"/>
    <nd ref="47898"/>
    <nd ref="47923"/>
    <nd ref="47886"/>
    <nd ref="47911"/>
    <nd ref="47913"/>
    <nd ref="47930"/>
    <nd ref="44442"/>
    <tag k="type" v="line_thin"/>
    <tag k="subtype" v="solid"/>
  </way>
  <way id="47942">
    <nd ref="47847"/>
    <nd ref="47901"/>
    <nd ref="47903"/>
    <nd ref="47905"/>
    <nd ref="47924"/>
    <nd ref="47887"/>
    <nd ref="47916"/>
    <nd ref="47918"/>
    <nd ref="47931"/>
    <nd ref="44441"/>
    <tag k="type" v="line_thin"/>
    <tag k="subtype" v="solid"/>
  </way>
  <way id="47991">
    <nd ref="47716"/>
    <nd ref="47785"/>
    <nd ref="47787"/>
    <nd ref="47789"/>
    <nd ref="47791"/>
    <nd ref="47793"/>
    <nd ref="47989"/>
    <tag k="type" v="line_thin"/>
    <tag k="subtype" v="solid"/>
  </way>
  <way id="47992">
    <nd ref="47989"/>
    <nd ref="47770"/>
    <tag k="type" v="line_thin"/>
    <tag k="subtype" v="solid"/>
  </way>
  <way id="47993">
    <nd ref="47713"/>
    <nd ref="47795"/>
    <nd ref="47797"/>
    <nd ref="47799"/>
    <nd ref="47801"/>
    <nd ref="47803"/>
    <nd ref="47990"/>
    <tag k="type" v="line_thin"/>
    <tag k="subtype" v="solid"/>
  </way>
  <way id="47994">
    <nd ref="47990"/>
    <nd ref="47767"/>
    <tag k="type" v="line_thin"/>
    <tag k="subtype" v="solid"/>
  </way>
  <way id="48011">
    <nd ref="48004"/>
    <nd ref="48005"/>
    <nd ref="47989"/>
    <tag k="type" v="line_thin"/>
    <tag k="subtype" v="solid"/>
  </way>
  <way id="48012">
    <nd ref="48001"/>
    <nd ref="48002"/>
    <nd ref="47990"/>
    <tag k="type" v="line_thin"/>
    <tag k="subtype" v="solid"/>
  </way>
  <way id="48047">
    <nd ref="48034"/>
    <nd ref="48035"/>
    <nd ref="48036"/>
    <nd ref="48045"/>
    <tag k="type" v="line_thin"/>
    <tag k="subtype" v="solid"/>
  </way>
  <way id="48049">
    <nd ref="48038"/>
    <nd ref="48039"/>
    <nd ref="48040"/>
    <nd ref="48046"/>
    <tag k="type" v="line_thin"/>
    <tag k="subtype" v="solid"/>
  </way>
  <way id="48055">
    <nd ref="48052"/>
    <nd ref="32450"/>
    <tag k="type" v="line_thin"/>
    <tag k="subtype" v="solid"/>
  </way>
  <way id="48057">
    <nd ref="48053"/>
    <nd ref="32451"/>
    <tag k="type" v="line_thin"/>
    <tag k="subtype" v="solid"/>
  </way>
  <way id="48075">
    <nd ref="48045"/>
    <nd ref="48059"/>
    <nd ref="48061"/>
    <nd ref="48063"/>
    <nd ref="48065"/>
    <nd ref="48052"/>
    <tag k="type" v="line_thin"/>
    <tag k="subtype" v="solid"/>
  </way>
  <way id="48076">
    <nd ref="48046"/>
    <nd ref="48067"/>
    <nd ref="48069"/>
    <nd ref="48071"/>
    <nd ref="48073"/>
    <nd ref="48053"/>
    <tag k="type" v="line_thin"/>
    <tag k="subtype" v="solid"/>
  </way>
  <way id="48135">
    <nd ref="13138"/>
    <nd ref="48113"/>
    <nd ref="48115"/>
    <nd ref="48117"/>
    <nd ref="48119"/>
    <nd ref="48121"/>
    <nd ref="48123"/>
    <nd ref="48034"/>
    <tag k="type" v="line_thin"/>
    <tag k="subtype" v="solid"/>
  </way>
  <way id="48136">
    <nd ref="13135"/>
    <nd ref="48124"/>
    <nd ref="48126"/>
    <nd ref="48128"/>
    <nd ref="48130"/>
    <nd ref="48132"/>
    <nd ref="48134"/>
    <nd ref="48038"/>
    <tag k="type" v="line_thin"/>
    <tag k="subtype" v="solid"/>
  </way>
  <way id="48157">
    <nd ref="48154"/>
    <nd ref="48140"/>
    <tag k="type" v="line_thin"/>
    <tag k="subtype" v="solid"/>
  </way>
  <way id="48159">
    <nd ref="48155"/>
    <nd ref="48143"/>
    <tag k="type" v="line_thin"/>
    <tag k="subtype" v="solid"/>
  </way>
  <way id="48169">
    <nd ref="48140"/>
    <nd ref="48161"/>
    <nd ref="48162"/>
    <nd ref="48163"/>
    <nd ref="48164"/>
    <nd ref="38382"/>
    <tag k="type" v="line_thin"/>
    <tag k="subtype" v="solid"/>
  </way>
  <way id="48170">
    <nd ref="48143"/>
    <nd ref="48165"/>
    <nd ref="48166"/>
    <nd ref="48167"/>
    <nd ref="48168"/>
    <nd ref="38379"/>
    <tag k="type" v="line_thin"/>
    <tag k="subtype" v="solid"/>
  </way>
  <way id="48184">
    <nd ref="48140"/>
    <nd ref="48172"/>
    <nd ref="48173"/>
    <nd ref="48174"/>
    <nd ref="48175"/>
    <nd ref="48176"/>
    <nd ref="48177"/>
    <nd ref="44846"/>
    <tag k="type" v="line_thin"/>
    <tag k="subtype" v="solid"/>
  </way>
  <way id="48185">
    <nd ref="48143"/>
    <nd ref="48178"/>
    <nd ref="48179"/>
    <nd ref="48180"/>
    <nd ref="48181"/>
    <nd ref="48182"/>
    <nd ref="48183"/>
    <nd ref="44847"/>
    <tag k="type" v="line_thin"/>
    <tag k="subtype" v="solid"/>
  </way>
  <way id="48187">
    <nd ref="44738"/>
    <nd ref="48154"/>
    <tag k="type" v="line_thin"/>
    <tag k="subtype" v="solid"/>
  </way>
  <way id="48188">
    <nd ref="44739"/>
    <nd ref="48155"/>
    <tag k="type" v="line_thin"/>
    <tag k="subtype" v="solid"/>
  </way>
  <way id="48216">
    <nd ref="42860"/>
    <nd ref="42765"/>
    <nd ref="42766"/>
    <nd ref="48214"/>
    <tag k="type" v="line_thin"/>
    <tag k="subtype" v="solid"/>
  </way>
  <way id="48218">
    <nd ref="42861"/>
    <nd ref="42797"/>
    <nd ref="42798"/>
    <nd ref="48215"/>
    <tag k="type" v="line_thin"/>
    <tag k="subtype" v="solid"/>
  </way>
  <way id="48221">
    <nd ref="48214"/>
    <nd ref="42830"/>
    <nd ref="42818"/>
    <nd ref="42820"/>
    <nd ref="42810"/>
    <nd ref="13506"/>
    <tag k="type" v="line_thin"/>
    <tag k="subtype" v="solid"/>
  </way>
  <way id="48222">
    <nd ref="48215"/>
    <nd ref="42831"/>
    <nd ref="42822"/>
    <nd ref="42824"/>
    <nd ref="42826"/>
    <nd ref="42811"/>
    <nd ref="13503"/>
    <tag k="type" v="line_thin"/>
    <tag k="subtype" v="solid"/>
  </way>
  <way id="48241">
    <nd ref="13506"/>
    <nd ref="48223"/>
    <nd ref="48224"/>
    <nd ref="48226"/>
    <nd ref="48228"/>
    <nd ref="48230"/>
    <nd ref="37924"/>
    <tag k="type" v="line_thin"/>
    <tag k="subtype" v="solid"/>
  </way>
  <way id="48242">
    <nd ref="13503"/>
    <nd ref="48232"/>
    <nd ref="48233"/>
    <nd ref="48235"/>
    <nd ref="48237"/>
    <nd ref="48239"/>
    <nd ref="37921"/>
    <tag k="type" v="line_thin"/>
    <tag k="subtype" v="solid"/>
  </way>
  <way id="48246">
    <nd ref="47649"/>
    <nd ref="48244"/>
    <tag k="type" v="line_thin"/>
    <tag k="subtype" v="solid"/>
  </way>
  <way id="48247">
    <nd ref="48244"/>
    <nd ref="47666"/>
    <nd ref="47667"/>
    <nd ref="47668"/>
    <nd ref="47669"/>
    <nd ref="47662"/>
    <tag k="type" v="line_thin"/>
    <tag k="subtype" v="solid"/>
  </way>
  <way id="48248">
    <nd ref="47651"/>
    <nd ref="48245"/>
    <tag k="type" v="line_thin"/>
    <tag k="subtype" v="solid"/>
  </way>
  <way id="48249">
    <nd ref="48245"/>
    <nd ref="47670"/>
    <nd ref="47671"/>
    <nd ref="47672"/>
    <nd ref="47673"/>
    <nd ref="47659"/>
    <tag k="type" v="line_thin"/>
    <tag k="subtype" v="solid"/>
  </way>
  <way id="48253">
    <nd ref="46495"/>
    <nd ref="48251"/>
    <tag k="type" v="line_thin"/>
    <tag k="subtype" v="solid"/>
  </way>
  <way id="48254">
    <nd ref="48251"/>
    <nd ref="502"/>
    <tag k="type" v="line_thin"/>
    <tag k="subtype" v="solid"/>
  </way>
  <way id="48255">
    <nd ref="46499"/>
    <nd ref="48252"/>
    <tag k="type" v="line_thin"/>
    <tag k="subtype" v="solid"/>
  </way>
  <way id="48256">
    <nd ref="48252"/>
    <nd ref="507"/>
    <tag k="type" v="line_thin"/>
    <tag k="subtype" v="solid"/>
  </way>
  <way id="48333">
    <nd ref="48266"/>
    <nd ref="48319"/>
    <nd ref="48320"/>
    <nd ref="48321"/>
    <nd ref="48322"/>
    <nd ref="48323"/>
    <nd ref="48324"/>
    <nd ref="48325"/>
    <nd ref="33119"/>
    <tag k="type" v="line_thin"/>
    <tag k="subtype" v="solid"/>
  </way>
  <way id="48334">
    <nd ref="48268"/>
    <nd ref="48326"/>
    <nd ref="48327"/>
    <nd ref="48328"/>
    <nd ref="48329"/>
    <nd ref="48330"/>
    <nd ref="48331"/>
    <nd ref="48332"/>
    <nd ref="33120"/>
    <tag k="type" v="line_thin"/>
    <tag k="subtype" v="solid"/>
  </way>
  <way id="48342">
    <nd ref="48339"/>
    <nd ref="48266"/>
    <tag k="type" v="line_thin"/>
    <tag k="subtype" v="solid"/>
  </way>
  <way id="48344">
    <nd ref="48340"/>
    <nd ref="48268"/>
    <tag k="type" v="line_thin"/>
    <tag k="subtype" v="solid"/>
  </way>
  <way id="48380">
    <nd ref="48363"/>
    <nd ref="48339"/>
    <tag k="type" v="line_thin"/>
    <tag k="subtype" v="solid"/>
  </way>
  <way id="48381">
    <nd ref="48365"/>
    <nd ref="48340"/>
    <tag k="type" v="line_thin"/>
    <tag k="subtype" v="solid"/>
  </way>
  <way id="48384">
    <nd ref="46922"/>
    <nd ref="48356"/>
    <nd ref="48349"/>
    <nd ref="48339"/>
    <tag k="type" v="line_thin"/>
    <tag k="subtype" v="solid"/>
  </way>
  <way id="48385">
    <nd ref="46923"/>
    <nd ref="48357"/>
    <nd ref="48350"/>
    <nd ref="48340"/>
    <tag k="type" v="line_thin"/>
    <tag k="subtype" v="solid"/>
  </way>
  <way id="48388">
    <nd ref="45027"/>
    <nd ref="48386"/>
    <tag k="type" v="line_thin"/>
    <tag k="subtype" v="solid"/>
  </way>
  <way id="48390">
    <nd ref="45028"/>
    <nd ref="48387"/>
    <tag k="type" v="line_thin"/>
    <tag k="subtype" v="solid"/>
  </way>
  <way id="48396">
    <nd ref="48393"/>
    <nd ref="11381"/>
    <tag k="type" v="line_thin"/>
    <tag k="subtype" v="solid"/>
  </way>
  <way id="48398">
    <nd ref="48394"/>
    <nd ref="11380"/>
    <tag k="type" v="line_thin"/>
    <tag k="subtype" v="solid"/>
  </way>
  <way id="48410">
    <nd ref="48386"/>
    <nd ref="44996"/>
    <nd ref="44930"/>
    <nd ref="44931"/>
    <nd ref="44932"/>
    <nd ref="44933"/>
    <nd ref="44939"/>
    <nd ref="45013"/>
    <tag k="type" v="line_thin"/>
    <tag k="subtype" v="solid"/>
  </way>
  <way id="48411">
    <nd ref="48387"/>
    <nd ref="48401"/>
    <nd ref="44999"/>
    <nd ref="44940"/>
    <nd ref="44942"/>
    <nd ref="44945"/>
    <nd ref="44947"/>
    <nd ref="44949"/>
    <nd ref="44951"/>
    <nd ref="44954"/>
    <nd ref="44956"/>
    <nd ref="44957"/>
    <nd ref="44958"/>
    <nd ref="45014"/>
    <tag k="type" v="line_thin"/>
    <tag k="subtype" v="solid"/>
  </way>
  <way id="48412">
    <nd ref="45013"/>
    <nd ref="48393"/>
    <tag k="type" v="line_thin"/>
    <tag k="subtype" v="solid"/>
  </way>
  <way id="48413">
    <nd ref="45014"/>
    <nd ref="48394"/>
    <tag k="type" v="line_thin"/>
    <tag k="subtype" v="solid"/>
  </way>
  <way id="48417">
    <nd ref="32841"/>
    <nd ref="43334"/>
    <nd ref="43333"/>
    <nd ref="32855"/>
    <nd ref="32857"/>
    <nd ref="15849"/>
    <nd ref="15853"/>
    <nd ref="15855"/>
    <nd ref="15857"/>
    <nd ref="15859"/>
    <nd ref="48415"/>
    <tag k="type" v="line_thin"/>
    <tag k="subtype" v="solid"/>
  </way>
  <way id="48418">
    <nd ref="48415"/>
    <nd ref="46575"/>
    <nd ref="46578"/>
    <nd ref="46581"/>
    <nd ref="46584"/>
    <nd ref="45027"/>
    <tag k="type" v="line_thin"/>
    <tag k="subtype" v="solid"/>
  </way>
  <way id="48419">
    <nd ref="32842"/>
    <nd ref="43336"/>
    <nd ref="43335"/>
    <nd ref="32859"/>
    <nd ref="32862"/>
    <nd ref="15873"/>
    <nd ref="15875"/>
    <nd ref="15877"/>
    <nd ref="15879"/>
    <nd ref="15881"/>
    <nd ref="15883"/>
    <nd ref="15885"/>
    <nd ref="48416"/>
    <tag k="type" v="line_thin"/>
    <tag k="subtype" v="solid"/>
  </way>
  <way id="48420">
    <nd ref="48416"/>
    <nd ref="46588"/>
    <nd ref="46591"/>
    <nd ref="46594"/>
    <nd ref="46597"/>
    <nd ref="45028"/>
    <tag k="type" v="line_thin"/>
    <tag k="subtype" v="solid"/>
  </way>
  <way id="48478">
    <nd ref="48447"/>
    <nd ref="48424"/>
    <nd ref="48440"/>
    <nd ref="48458"/>
    <nd ref="48460"/>
    <nd ref="48462"/>
    <nd ref="48464"/>
    <nd ref="4343"/>
    <tag k="type" v="line_thin"/>
    <tag k="subtype" v="solid"/>
  </way>
  <way id="48479">
    <nd ref="48448"/>
    <nd ref="48428"/>
    <nd ref="48441"/>
    <nd ref="48467"/>
    <nd ref="48469"/>
    <nd ref="48471"/>
    <nd ref="48473"/>
    <nd ref="4344"/>
    <tag k="type" v="line_thin"/>
    <tag k="subtype" v="solid"/>
  </way>
  <way id="48499">
    <nd ref="45268"/>
    <nd ref="45241"/>
    <nd ref="45242"/>
    <nd ref="45244"/>
    <nd ref="45246"/>
    <nd ref="45248"/>
    <nd ref="45250"/>
    <nd ref="45252"/>
    <nd ref="45254"/>
    <nd ref="45256"/>
    <nd ref="45257"/>
    <tag k="type" v="line_thin"/>
    <tag k="subtype" v="solid"/>
  </way>
  <way id="48500">
    <nd ref="45269"/>
    <nd ref="45258"/>
    <nd ref="45259"/>
    <nd ref="45260"/>
    <nd ref="45261"/>
    <nd ref="45262"/>
    <tag k="type" v="line_thin"/>
    <tag k="subtype" v="solid"/>
  </way>
  <way id="48503">
    <nd ref="514"/>
    <nd ref="48501"/>
    <tag k="type" v="line_thin"/>
    <tag k="subtype" v="solid"/>
  </way>
  <way id="48504">
    <nd ref="48501"/>
    <nd ref="48447"/>
    <tag k="type" v="line_thin"/>
    <tag k="subtype" v="solid"/>
  </way>
  <way id="48505">
    <nd ref="520"/>
    <nd ref="48502"/>
    <tag k="type" v="line_thin"/>
    <tag k="subtype" v="solid"/>
  </way>
  <way id="48506">
    <nd ref="48502"/>
    <nd ref="48448"/>
    <tag k="type" v="line_thin"/>
    <tag k="subtype" v="solid"/>
  </way>
  <relation id="15">
    <member type="way" role="left" ref="33141"/>
    <member type="way" role="right" ref="33143"/>
    <tag k="type" v="lanelet"/>
    <tag k="subtype" v="road"/>
    <tag k="speed_limit" v="8"/>
    <tag k="location" v="urban"/>
    <tag k="one_way" v="yes"/>
    <tag k="turn_direction" v="straight"/>
  </relation>
  <relation id="105">
    <member type="way" role="left" ref="78"/>
    <member type="way" role="right" ref="21"/>
    <tag k="type" v="lanelet"/>
    <tag k="subtype" v="road"/>
    <tag k="speed_limit" v="8"/>
    <tag k="location" v="urban"/>
    <tag k="one_way" v="yes"/>
    <tag k="turn_direction" v="straight"/>
  </relation>
  <relation id="189">
    <member type="way" role="left" ref="9782"/>
    <member type="way" role="right" ref="9784"/>
    <tag k="type" v="lanelet"/>
    <tag k="subtype" v="road"/>
    <tag k="speed_limit" v="8"/>
    <tag k="location" v="urban"/>
    <tag k="one_way" v="yes"/>
    <tag k="turn_direction" v="straight"/>
  </relation>
  <relation id="323">
    <member type="way" role="left" ref="315"/>
    <member type="way" role="right" ref="320"/>
    <tag k="type" v="lanelet"/>
    <tag k="subtype" v="road"/>
    <tag k="speed_limit" v="8"/>
    <tag k="location" v="urban"/>
    <tag k="one_way" v="yes"/>
    <tag k="turn_direction" v="straight"/>
  </relation>
  <relation id="406">
    <member type="way" role="left" ref="45348"/>
    <member type="way" role="right" ref="45350"/>
    <tag k="type" v="lanelet"/>
    <tag k="subtype" v="road"/>
    <tag k="speed_limit" v="8"/>
    <tag k="location" v="urban"/>
    <tag k="one_way" v="yes"/>
    <tag k="turn_direction" v="straight"/>
  </relation>
  <relation id="482">
    <member type="way" role="left" ref="470"/>
    <member type="way" role="right" ref="478"/>
    <tag k="type" v="lanelet"/>
    <tag k="subtype" v="road"/>
    <tag k="speed_limit" v="8"/>
    <tag k="location" v="urban"/>
    <tag k="one_way" v="yes"/>
    <tag k="turn_direction" v="straight"/>
  </relation>
  <relation id="521">
    <member type="way" role="left" ref="510"/>
    <member type="way" role="right" ref="516"/>
    <tag k="type" v="lanelet"/>
    <tag k="subtype" v="road"/>
    <tag k="speed_limit" v="8"/>
    <tag k="location" v="urban"/>
    <tag k="one_way" v="yes"/>
    <tag k="turn_direction" v="straight"/>
  </relation>
  <relation id="744">
    <member type="way" role="left" ref="9907"/>
    <member type="way" role="right" ref="9909"/>
    <tag k="type" v="lanelet"/>
    <tag k="subtype" v="road"/>
    <tag k="speed_limit" v="8"/>
    <tag k="location" v="urban"/>
    <tag k="one_way" v="yes"/>
    <tag k="turn_direction" v="straight"/>
  </relation>
  <relation id="761">
    <member type="way" role="left" ref="756"/>
    <member type="way" role="right" ref="746"/>
    <tag k="type" v="lanelet"/>
    <tag k="subtype" v="road"/>
    <tag k="speed_limit" v="8"/>
    <tag k="location" v="urban"/>
    <tag k="one_way" v="yes"/>
    <tag k="turn_direction" v="straight"/>
  </relation>
  <relation id="772">
    <member type="way" role="left" ref="9883"/>
    <member type="way" role="right" ref="9885"/>
    <tag k="type" v="lanelet"/>
    <tag k="subtype" v="road"/>
    <tag k="speed_limit" v="8"/>
    <tag k="location" v="urban"/>
    <tag k="one_way" v="yes"/>
    <tag k="turn_direction" v="straight"/>
  </relation>
  <relation id="1478">
    <member type="way" role="left" ref="2425"/>
    <member type="way" role="right" ref="2427"/>
    <tag k="type" v="lanelet"/>
    <tag k="subtype" v="road"/>
    <tag k="speed_limit" v="8"/>
    <tag k="location" v="urban"/>
    <tag k="one_way" v="yes"/>
    <tag k="turn_direction" v="straight"/>
  </relation>
  <relation id="1492">
    <member type="way" role="left" ref="1699"/>
    <member type="way" role="right" ref="1701"/>
    <tag k="type" v="lanelet"/>
    <tag k="subtype" v="road"/>
    <tag k="speed_limit" v="8"/>
    <tag k="location" v="urban"/>
    <tag k="one_way" v="yes"/>
    <tag k="turn_direction" v="straight"/>
  </relation>
  <relation id="1833">
    <member type="way" role="left" ref="28282"/>
    <member type="way" role="right" ref="28284"/>
    <tag k="type" v="lanelet"/>
    <tag k="subtype" v="road"/>
    <tag k="speed_limit" v="8"/>
    <tag k="location" v="urban"/>
    <tag k="one_way" v="yes"/>
    <tag k="turn_direction" v="straight"/>
  </relation>
  <relation id="1897">
    <member type="way" role="left" ref="33273"/>
    <member type="way" role="right" ref="33275"/>
    <tag k="type" v="lanelet"/>
    <tag k="subtype" v="road"/>
    <tag k="speed_limit" v="8"/>
    <tag k="location" v="urban"/>
    <tag k="one_way" v="yes"/>
    <tag k="turn_direction" v="straight"/>
  </relation>
  <relation id="1991">
    <member type="way" role="left" ref="39363"/>
    <member type="way" role="right" ref="39364"/>
    <tag k="type" v="lanelet"/>
    <tag k="subtype" v="road"/>
    <tag k="speed_limit" v="5"/>
    <tag k="location" v="urban"/>
    <tag k="one_way" v="yes"/>
    <tag k="turn_direction" v="right"/>
  </relation>
  <relation id="4098">
    <member type="way" role="left" ref="35342"/>
    <member type="way" role="right" ref="35344"/>
    <tag k="type" v="lanelet"/>
    <tag k="subtype" v="road"/>
    <tag k="speed_limit" v="8"/>
    <tag k="location" v="urban"/>
    <tag k="one_way" v="yes"/>
    <tag k="turn_direction" v="straight"/>
  </relation>
  <relation id="4349">
    <member type="way" role="left" ref="44371"/>
    <member type="way" role="right" ref="44373"/>
    <tag k="type" v="lanelet"/>
    <tag k="subtype" v="road"/>
    <tag k="speed_limit" v="5"/>
    <tag k="location" v="urban"/>
    <tag k="one_way" v="yes"/>
    <tag k="turn_direction" v="left"/>
  </relation>
  <relation id="4895">
    <member type="way" role="left" ref="4893"/>
    <member type="way" role="right" ref="4894"/>
    <tag k="type" v="lanelet"/>
    <tag k="subtype" v="road"/>
    <tag k="speed_limit" v="5"/>
    <tag k="location" v="urban"/>
    <tag k="one_way" v="yes"/>
    <tag k="turn_direction" v="left"/>
  </relation>
  <relation id="7021">
    <member type="way" role="left" ref="21138"/>
    <member type="way" role="right" ref="21140"/>
    <tag k="type" v="lanelet"/>
    <tag k="subtype" v="road"/>
    <tag k="speed_limit" v="8"/>
    <tag k="location" v="urban"/>
    <tag k="one_way" v="yes"/>
    <tag k="turn_direction" v="straight"/>
  </relation>
  <relation id="9887">
    <member type="way" role="left" ref="41101"/>
    <member type="way" role="right" ref="41103"/>
    <tag k="type" v="lanelet"/>
    <tag k="subtype" v="road"/>
    <tag k="speed_limit" v="8"/>
    <tag k="location" v="urban"/>
    <tag k="one_way" v="yes"/>
    <tag k="turn_direction" v="straight"/>
  </relation>
  <relation id="9911">
    <member type="way" role="left" ref="9908"/>
    <member type="way" role="right" ref="9910"/>
    <tag k="type" v="lanelet"/>
    <tag k="subtype" v="road"/>
    <tag k="speed_limit" v="8"/>
    <tag k="location" v="urban"/>
    <tag k="one_way" v="yes"/>
    <tag k="turn_direction" v="straight"/>
  </relation>
  <relation id="10793">
    <member type="way" role="left" ref="21773"/>
    <member type="way" role="right" ref="21774"/>
    <tag k="type" v="lanelet"/>
    <tag k="subtype" v="road"/>
    <tag k="speed_limit" v="8"/>
    <tag k="location" v="urban"/>
    <tag k="one_way" v="yes"/>
    <tag k="turn_direction" v="right"/>
  </relation>
  <relation id="10829">
    <member type="way" role="left" ref="10826"/>
    <member type="way" role="right" ref="10828"/>
    <tag k="type" v="lanelet"/>
    <tag k="subtype" v="road"/>
    <tag k="speed_limit" v="8"/>
    <tag k="location" v="urban"/>
    <tag k="one_way" v="yes"/>
    <tag k="turn_direction" v="right"/>
  </relation>
  <relation id="11572">
    <member type="way" role="left" ref="44907"/>
    <member type="way" role="right" ref="44909"/>
    <tag k="type" v="lanelet"/>
    <tag k="subtype" v="road"/>
    <tag k="speed_limit" v="8"/>
    <tag k="location" v="urban"/>
    <tag k="one_way" v="yes"/>
    <tag k="turn_direction" v="straight"/>
  </relation>
  <relation id="11923">
    <member type="way" role="left" ref="39359"/>
    <member type="way" role="right" ref="39360"/>
    <tag k="type" v="lanelet"/>
    <tag k="subtype" v="road"/>
    <tag k="speed_limit" v="8"/>
    <tag k="location" v="urban"/>
    <tag k="one_way" v="yes"/>
    <tag k="turn_direction" v="straight"/>
  </relation>
  <relation id="12384">
    <member type="way" role="left" ref="12381"/>
    <member type="way" role="right" ref="12383"/>
    <tag k="type" v="lanelet"/>
    <tag k="subtype" v="road"/>
    <tag k="speed_limit" v="8"/>
    <tag k="location" v="urban"/>
    <tag k="one_way" v="yes"/>
    <tag k="turn_direction" v="straight"/>
  </relation>
  <relation id="12387">
    <member type="way" role="left" ref="12385"/>
    <member type="way" role="right" ref="12386"/>
    <tag k="type" v="lanelet"/>
    <tag k="subtype" v="road"/>
    <tag k="speed_limit" v="3"/>
    <tag k="location" v="urban"/>
    <tag k="one_way" v="yes"/>
    <tag k="turn_direction" v="right"/>
  </relation>
  <relation id="12515">
    <member type="way" role="left" ref="44450"/>
    <member type="way" role="right" ref="44452"/>
    <tag k="type" v="lanelet"/>
    <tag k="subtype" v="road"/>
    <tag k="speed_limit" v="8"/>
    <tag k="location" v="urban"/>
    <tag k="one_way" v="yes"/>
    <tag k="turn_direction" v="straight"/>
  </relation>
  <relation id="14857">
    <member type="way" role="left" ref="14856"/>
    <member type="way" role="right" ref="14853"/>
    <tag k="type" v="lanelet"/>
    <tag k="subtype" v="road"/>
    <tag k="speed_limit" v="8"/>
    <tag k="location" v="urban"/>
    <tag k="one_way" v="yes"/>
    <tag k="turn_direction" v="right"/>
  </relation>
  <relation id="15112">
    <member type="way" role="left" ref="15111"/>
    <member type="way" role="right" ref="15108"/>
    <tag k="type" v="lanelet"/>
    <tag k="subtype" v="road"/>
    <tag k="speed_limit" v="8"/>
    <tag k="location" v="urban"/>
    <tag k="one_way" v="yes"/>
    <tag k="turn_direction" v="straight"/>
  </relation>
  <relation id="15279">
    <member type="way" role="left" ref="15277"/>
    <member type="way" role="right" ref="15278"/>
    <tag k="type" v="lanelet"/>
    <tag k="subtype" v="road"/>
    <tag k="speed_limit" v="8"/>
    <tag k="location" v="urban"/>
    <tag k="one_way" v="yes"/>
    <tag k="turn_direction" v="straight"/>
  </relation>
  <relation id="15786">
    <member type="way" role="left" ref="33009"/>
    <member type="way" role="right" ref="33011"/>
    <tag k="type" v="lanelet"/>
    <tag k="subtype" v="road"/>
    <tag k="speed_limit" v="8"/>
    <tag k="location" v="urban"/>
    <tag k="one_way" v="yes"/>
    <tag k="turn_direction" v="left"/>
  </relation>
  <relation id="15835">
    <member type="way" role="left" ref="33174"/>
    <member type="way" role="right" ref="33176"/>
    <tag k="type" v="lanelet"/>
    <tag k="subtype" v="road"/>
    <tag k="speed_limit" v="8"/>
    <tag k="location" v="urban"/>
    <tag k="one_way" v="yes"/>
    <tag k="turn_direction" v="left"/>
  </relation>
  <relation id="20945">
    <member type="way" role="left" ref="36292"/>
    <member type="way" role="right" ref="36294"/>
    <tag k="type" v="lanelet"/>
    <tag k="subtype" v="road"/>
    <tag k="speed_limit" v="8"/>
    <tag k="location" v="urban"/>
    <tag k="one_way" v="yes"/>
    <tag k="turn_direction" v="straight"/>
  </relation>
  <relation id="21010">
    <member type="way" role="left" ref="21008"/>
    <member type="way" role="right" ref="21009"/>
    <tag k="type" v="lanelet"/>
    <tag k="subtype" v="road"/>
    <tag k="speed_limit" v="8"/>
    <tag k="location" v="urban"/>
    <tag k="one_way" v="yes"/>
    <tag k="turn_direction" v="straight"/>
  </relation>
  <relation id="21053">
    <member type="way" role="left" ref="21051"/>
    <member type="way" role="right" ref="21052"/>
    <tag k="type" v="lanelet"/>
    <tag k="subtype" v="road"/>
    <tag k="speed_limit" v="8"/>
    <tag k="location" v="urban"/>
    <tag k="one_way" v="yes"/>
    <tag k="turn_direction" v="straight"/>
  </relation>
  <relation id="21079">
    <member type="way" role="left" ref="43883"/>
    <member type="way" role="right" ref="43884"/>
    <tag k="type" v="lanelet"/>
    <tag k="subtype" v="road"/>
    <tag k="speed_limit" v="6"/>
    <tag k="location" v="urban"/>
    <tag k="one_way" v="yes"/>
    <tag k="turn_direction" v="left"/>
  </relation>
  <relation id="21121">
    <member type="way" role="left" ref="21118"/>
    <member type="way" role="right" ref="21120"/>
    <tag k="type" v="lanelet"/>
    <tag k="subtype" v="road"/>
    <tag k="speed_limit" v="8"/>
    <tag k="location" v="urban"/>
    <tag k="one_way" v="yes"/>
    <tag k="turn_direction" v="straight"/>
  </relation>
  <relation id="21135">
    <member type="way" role="left" ref="21133"/>
    <member type="way" role="right" ref="21134"/>
    <tag k="type" v="lanelet"/>
    <tag k="subtype" v="road"/>
    <tag k="speed_limit" v="8"/>
    <tag k="location" v="urban"/>
    <tag k="one_way" v="yes"/>
    <tag k="turn_direction" v="straight"/>
  </relation>
  <relation id="21172">
    <member type="way" role="left" ref="21170"/>
    <member type="way" role="right" ref="21171"/>
    <tag k="type" v="lanelet"/>
    <tag k="subtype" v="road"/>
    <tag k="speed_limit" v="8"/>
    <tag k="location" v="urban"/>
    <tag k="one_way" v="yes"/>
    <tag k="turn_direction" v="straight"/>
  </relation>
  <relation id="21232">
    <member type="way" role="left" ref="21775"/>
    <member type="way" role="right" ref="21776"/>
    <tag k="type" v="lanelet"/>
    <tag k="subtype" v="road"/>
    <tag k="speed_limit" v="8"/>
    <tag k="location" v="urban"/>
    <tag k="one_way" v="yes"/>
    <tag k="turn_direction" v="right"/>
  </relation>
  <relation id="22009">
    <member type="way" role="left" ref="22020"/>
    <member type="way" role="right" ref="22021"/>
    <tag k="type" v="lanelet"/>
    <tag k="subtype" v="road"/>
    <tag k="speed_limit" v="8"/>
    <tag k="location" v="urban"/>
    <tag k="one_way" v="yes"/>
    <tag k="turn_direction" v="straight"/>
  </relation>
  <relation id="22046">
    <member type="way" role="left" ref="22079"/>
    <member type="way" role="right" ref="22080"/>
    <tag k="type" v="lanelet"/>
    <tag k="subtype" v="road"/>
    <tag k="speed_limit" v="8"/>
    <tag k="location" v="urban"/>
    <tag k="one_way" v="yes"/>
    <tag k="turn_direction" v="straight"/>
  </relation>
  <relation id="22344">
    <member type="way" role="left" ref="46084"/>
    <member type="way" role="right" ref="46085"/>
    <tag k="type" v="lanelet"/>
    <tag k="subtype" v="road"/>
    <tag k="speed_limit" v="8"/>
    <tag k="location" v="urban"/>
    <tag k="one_way" v="yes"/>
    <tag k="turn_direction" v="straight"/>
  </relation>
  <relation id="22400">
    <member type="way" role="left" ref="43836"/>
    <member type="way" role="right" ref="43838"/>
    <tag k="type" v="lanelet"/>
    <tag k="subtype" v="road"/>
    <tag k="speed_limit" v="5"/>
    <tag k="location" v="urban"/>
    <tag k="one_way" v="yes"/>
    <tag k="turn_direction" v="left"/>
  </relation>
  <relation id="22432">
    <member type="way" role="left" ref="22430"/>
    <member type="way" role="right" ref="22431"/>
    <tag k="type" v="lanelet"/>
    <tag k="subtype" v="road"/>
    <tag k="speed_limit" v="8"/>
    <tag k="location" v="urban"/>
    <tag k="one_way" v="yes"/>
    <tag k="turn_direction" v="left"/>
  </relation>
  <relation id="22825">
    <member type="way" role="left" ref="46100"/>
    <member type="way" role="right" ref="46102"/>
    <tag k="type" v="lanelet"/>
    <tag k="subtype" v="road"/>
    <tag k="speed_limit" v="10"/>
    <tag k="location" v="urban"/>
    <tag k="one_way" v="yes"/>
    <tag k="turn_direction" v="straight"/>
  </relation>
  <relation id="22983">
    <member type="way" role="left" ref="41199"/>
    <member type="way" role="right" ref="41201"/>
    <tag k="type" v="lanelet"/>
    <tag k="subtype" v="road"/>
    <tag k="speed_limit" v="8"/>
    <tag k="location" v="urban"/>
    <tag k="one_way" v="yes"/>
    <tag k="turn_direction" v="straight"/>
  </relation>
  <relation id="23733">
    <member type="way" role="left" ref="23754"/>
    <member type="way" role="right" ref="23756"/>
    <tag k="type" v="lanelet"/>
    <tag k="subtype" v="road"/>
    <tag k="speed_limit" v="8"/>
    <tag k="location" v="urban"/>
    <tag k="one_way" v="yes"/>
    <tag k="turn_direction" v="straight"/>
  </relation>
  <relation id="23758">
    <member type="way" role="left" ref="23755"/>
    <member type="way" role="right" ref="23757"/>
    <tag k="type" v="lanelet"/>
    <tag k="subtype" v="road"/>
    <tag k="speed_limit" v="8"/>
    <tag k="location" v="urban"/>
    <tag k="one_way" v="yes"/>
    <tag k="turn_direction" v="straight"/>
  </relation>
  <relation id="23881">
    <member type="way" role="left" ref="46086"/>
    <member type="way" role="right" ref="46087"/>
    <tag k="type" v="lanelet"/>
    <tag k="subtype" v="road"/>
    <tag k="speed_limit" v="8"/>
    <tag k="location" v="urban"/>
    <tag k="one_way" v="yes"/>
    <tag k="turn_direction" v="straight"/>
  </relation>
  <relation id="23909">
    <member type="way" role="left" ref="24358"/>
    <member type="way" role="right" ref="24359"/>
    <tag k="type" v="lanelet"/>
    <tag k="subtype" v="road"/>
    <tag k="speed_limit" v="8"/>
    <tag k="location" v="urban"/>
    <tag k="one_way" v="yes"/>
    <tag k="turn_direction" v="straight"/>
  </relation>
  <relation id="24145">
    <member type="way" role="left" ref="41981"/>
    <member type="way" role="right" ref="41982"/>
    <tag k="type" v="lanelet"/>
    <tag k="subtype" v="road"/>
    <tag k="speed_limit" v="5"/>
    <tag k="location" v="urban"/>
    <tag k="one_way" v="yes"/>
    <tag k="turn_direction" v="right"/>
  </relation>
  <relation id="24157">
    <member type="way" role="left" ref="24293"/>
    <member type="way" role="right" ref="24295"/>
    <tag k="type" v="lanelet"/>
    <tag k="subtype" v="road"/>
    <tag k="speed_limit" v="8"/>
    <tag k="location" v="urban"/>
    <tag k="one_way" v="yes"/>
    <tag k="turn_direction" v="straight"/>
  </relation>
  <relation id="24200">
    <member type="way" role="left" ref="24197"/>
    <member type="way" role="right" ref="24199"/>
    <tag k="type" v="lanelet"/>
    <tag k="subtype" v="road"/>
    <tag k="speed_limit" v="8"/>
    <tag k="location" v="urban"/>
    <tag k="one_way" v="yes"/>
    <tag k="turn_direction" v="straight"/>
  </relation>
  <relation id="24310">
    <member type="way" role="left" ref="41985"/>
    <member type="way" role="right" ref="41987"/>
    <tag k="type" v="lanelet"/>
    <tag k="subtype" v="road"/>
    <tag k="speed_limit" v="8"/>
    <tag k="location" v="urban"/>
    <tag k="one_way" v="yes"/>
    <tag k="turn_direction" v="left"/>
  </relation>
  <relation id="24354">
    <member type="way" role="left" ref="46793"/>
    <member type="way" role="right" ref="46795"/>
    <tag k="type" v="lanelet"/>
    <tag k="subtype" v="road"/>
    <tag k="speed_limit" v="8"/>
    <tag k="location" v="urban"/>
    <tag k="one_way" v="yes"/>
    <tag k="turn_direction" v="straight"/>
  </relation>
  <relation id="24357">
    <member type="way" role="left" ref="24355"/>
    <member type="way" role="right" ref="24356"/>
    <tag k="type" v="lanelet"/>
    <tag k="subtype" v="road"/>
    <tag k="speed_limit" v="8"/>
    <tag k="location" v="urban"/>
    <tag k="one_way" v="yes"/>
    <tag k="turn_direction" v="straight"/>
  </relation>
  <relation id="24555">
    <member type="way" role="left" ref="24582"/>
    <member type="way" role="right" ref="24583"/>
    <tag k="type" v="lanelet"/>
    <tag k="subtype" v="road"/>
    <tag k="speed_limit" v="8"/>
    <tag k="location" v="urban"/>
    <tag k="one_way" v="yes"/>
    <tag k="turn_direction" v="straight"/>
  </relation>
  <relation id="24607">
    <member type="way" role="left" ref="24605"/>
    <member type="way" role="right" ref="24606"/>
    <tag k="type" v="lanelet"/>
    <tag k="subtype" v="road"/>
    <tag k="speed_limit" v="8"/>
    <tag k="location" v="urban"/>
    <tag k="one_way" v="yes"/>
    <tag k="turn_direction" v="straight"/>
  </relation>
  <relation id="25042">
    <member type="way" role="left" ref="25242"/>
    <member type="way" role="right" ref="25244"/>
    <tag k="type" v="lanelet"/>
    <tag k="subtype" v="road"/>
    <tag k="speed_limit" v="8"/>
    <tag k="location" v="urban"/>
    <tag k="one_way" v="yes"/>
    <tag k="turn_direction" v="straight"/>
  </relation>
  <relation id="25088">
    <member type="way" role="left" ref="25086"/>
    <member type="way" role="right" ref="25087"/>
    <tag k="type" v="lanelet"/>
    <tag k="subtype" v="road"/>
    <tag k="speed_limit" v="8"/>
    <tag k="location" v="urban"/>
    <tag k="one_way" v="yes"/>
    <tag k="turn_direction" v="straight"/>
  </relation>
  <relation id="25194">
    <member type="way" role="left" ref="25227"/>
    <member type="way" role="right" ref="25228"/>
    <tag k="type" v="lanelet"/>
    <tag k="subtype" v="road"/>
    <tag k="speed_limit" v="5"/>
    <tag k="location" v="urban"/>
    <tag k="one_way" v="yes"/>
    <tag k="turn_direction" v="left"/>
  </relation>
  <relation id="25234">
    <member type="way" role="left" ref="46090"/>
    <member type="way" role="right" ref="46092"/>
    <tag k="type" v="lanelet"/>
    <tag k="subtype" v="road"/>
    <tag k="speed_limit" v="8"/>
    <tag k="location" v="urban"/>
    <tag k="one_way" v="yes"/>
    <tag k="turn_direction" v="straight"/>
  </relation>
  <relation id="25246">
    <member type="way" role="left" ref="25243"/>
    <member type="way" role="right" ref="25245"/>
    <tag k="type" v="lanelet"/>
    <tag k="subtype" v="road"/>
    <tag k="speed_limit" v="8"/>
    <tag k="location" v="urban"/>
    <tag k="one_way" v="yes"/>
    <tag k="turn_direction" v="left"/>
  </relation>
  <relation id="25389">
    <member type="way" role="left" ref="25386"/>
    <member type="way" role="right" ref="25388"/>
    <tag k="type" v="lanelet"/>
    <tag k="subtype" v="road"/>
    <tag k="speed_limit" v="8"/>
    <tag k="location" v="urban"/>
    <tag k="one_way" v="yes"/>
    <tag k="turn_direction" v="straight"/>
  </relation>
  <relation id="25396">
    <member type="way" role="left" ref="25394"/>
    <member type="way" role="right" ref="25395"/>
    <tag k="type" v="lanelet"/>
    <tag k="subtype" v="road"/>
    <tag k="speed_limit" v="8"/>
    <tag k="location" v="urban"/>
    <tag k="one_way" v="yes"/>
    <tag k="turn_direction" v="straight"/>
  </relation>
  <relation id="25408">
    <member type="way" role="left" ref="25409"/>
    <member type="way" role="right" ref="25410"/>
    <tag k="type" v="lanelet"/>
    <tag k="subtype" v="road"/>
    <tag k="speed_limit" v="8"/>
    <tag k="location" v="urban"/>
    <tag k="one_way" v="yes"/>
    <tag k="turn_direction" v="straight"/>
  </relation>
  <relation id="25413">
    <member type="way" role="left" ref="25411"/>
    <member type="way" role="right" ref="25412"/>
    <tag k="type" v="lanelet"/>
    <tag k="subtype" v="road"/>
    <tag k="speed_limit" v="8"/>
    <tag k="location" v="urban"/>
    <tag k="one_way" v="yes"/>
    <tag k="turn_direction" v="straight"/>
  </relation>
  <relation id="25422">
    <member type="way" role="left" ref="25747"/>
    <member type="way" role="right" ref="25748"/>
    <tag k="type" v="lanelet"/>
    <tag k="subtype" v="road"/>
    <tag k="speed_limit" v="8"/>
    <tag k="location" v="urban"/>
    <tag k="one_way" v="yes"/>
    <tag k="turn_direction" v="straight"/>
  </relation>
  <relation id="25713">
    <member type="way" role="left" ref="25710"/>
    <member type="way" role="right" ref="25712"/>
    <tag k="type" v="lanelet"/>
    <tag k="subtype" v="road"/>
    <tag k="speed_limit" v="8"/>
    <tag k="location" v="urban"/>
    <tag k="one_way" v="yes"/>
    <tag k="turn_direction" v="left"/>
  </relation>
  <relation id="25736">
    <member type="way" role="left" ref="25734"/>
    <member type="way" role="right" ref="25735"/>
    <tag k="type" v="lanelet"/>
    <tag k="subtype" v="road"/>
    <tag k="speed_limit" v="8"/>
    <tag k="location" v="urban"/>
    <tag k="one_way" v="yes"/>
    <tag k="turn_direction" v="left"/>
  </relation>
  <relation id="25891">
    <member type="way" role="left" ref="46836"/>
    <member type="way" role="right" ref="46837"/>
    <tag k="type" v="lanelet"/>
    <tag k="subtype" v="road"/>
    <tag k="speed_limit" v="8"/>
    <tag k="location" v="urban"/>
    <tag k="one_way" v="yes"/>
    <tag k="turn_direction" v="straight"/>
  </relation>
  <relation id="26139">
    <member type="way" role="left" ref="26169"/>
    <member type="way" role="right" ref="26170"/>
    <tag k="type" v="lanelet"/>
    <tag k="subtype" v="road"/>
    <tag k="speed_limit" v="8"/>
    <tag k="location" v="urban"/>
    <tag k="one_way" v="yes"/>
    <tag k="turn_direction" v="straight"/>
  </relation>
  <relation id="26259">
    <member type="way" role="left" ref="26254"/>
    <member type="way" role="right" ref="26255"/>
    <tag k="type" v="lanelet"/>
    <tag k="subtype" v="road"/>
    <tag k="speed_limit" v="8"/>
    <tag k="location" v="urban"/>
    <tag k="one_way" v="yes"/>
    <tag k="turn_direction" v="straight"/>
  </relation>
  <relation id="26387">
    <member type="way" role="left" ref="40636"/>
    <member type="way" role="right" ref="40638"/>
    <tag k="type" v="lanelet"/>
    <tag k="subtype" v="road"/>
    <tag k="speed_limit" v="5"/>
    <tag k="location" v="urban"/>
    <tag k="one_way" v="yes"/>
    <tag k="turn_direction" v="left"/>
  </relation>
  <relation id="26413">
    <member type="way" role="left" ref="40757"/>
    <member type="way" role="right" ref="40759"/>
    <tag k="type" v="lanelet"/>
    <tag k="subtype" v="road"/>
    <tag k="speed_limit" v="8"/>
    <tag k="location" v="urban"/>
    <tag k="one_way" v="yes"/>
    <tag k="turn_direction" v="straight"/>
  </relation>
  <relation id="26420">
    <member type="way" role="left" ref="26575"/>
    <member type="way" role="right" ref="26576"/>
    <tag k="type" v="lanelet"/>
    <tag k="subtype" v="road"/>
    <tag k="speed_limit" v="8"/>
    <tag k="location" v="urban"/>
    <tag k="one_way" v="yes"/>
    <tag k="turn_direction" v="straight"/>
  </relation>
  <relation id="26431">
    <member type="way" role="left" ref="26548"/>
    <member type="way" role="right" ref="26549"/>
    <tag k="type" v="lanelet"/>
    <tag k="subtype" v="road"/>
    <tag k="speed_limit" v="8"/>
    <tag k="location" v="urban"/>
    <tag k="one_way" v="yes"/>
    <tag k="turn_direction" v="straight"/>
  </relation>
  <relation id="26453">
    <member type="way" role="left" ref="40475"/>
    <member type="way" role="right" ref="40477"/>
    <tag k="type" v="lanelet"/>
    <tag k="subtype" v="road"/>
    <tag k="speed_limit" v="5"/>
    <tag k="location" v="urban"/>
    <tag k="one_way" v="yes"/>
    <tag k="turn_direction" v="left"/>
  </relation>
  <relation id="26561">
    <member type="way" role="left" ref="26584"/>
    <member type="way" role="right" ref="26585"/>
    <tag k="type" v="lanelet"/>
    <tag k="subtype" v="road"/>
    <tag k="speed_limit" v="8"/>
    <tag k="location" v="urban"/>
    <tag k="one_way" v="yes"/>
    <tag k="turn_direction" v="straight"/>
  </relation>
  <relation id="26713">
    <member type="way" role="left" ref="46273"/>
    <member type="way" role="right" ref="46275"/>
    <tag k="type" v="lanelet"/>
    <tag k="subtype" v="road"/>
    <tag k="speed_limit" v="8"/>
    <tag k="location" v="urban"/>
    <tag k="one_way" v="yes"/>
    <tag k="turn_direction" v="straight"/>
  </relation>
  <relation id="27346">
    <member type="way" role="left" ref="27343"/>
    <member type="way" role="right" ref="27345"/>
    <tag k="type" v="lanelet"/>
    <tag k="subtype" v="road"/>
    <tag k="speed_limit" v="8"/>
    <tag k="location" v="urban"/>
    <tag k="one_way" v="yes"/>
    <tag k="turn_direction" v="left"/>
  </relation>
  <relation id="27488">
    <member type="way" role="left" ref="32843"/>
    <member type="way" role="right" ref="32845"/>
    <tag k="type" v="lanelet"/>
    <tag k="subtype" v="road"/>
    <tag k="speed_limit" v="8"/>
    <tag k="location" v="urban"/>
    <tag k="one_way" v="yes"/>
    <tag k="turn_direction" v="straight"/>
  </relation>
  <relation id="27670">
    <member type="way" role="left" ref="27668"/>
    <member type="way" role="right" ref="27669"/>
    <tag k="type" v="lanelet"/>
    <tag k="subtype" v="road"/>
    <tag k="speed_limit" v="8"/>
    <tag k="location" v="urban"/>
    <tag k="one_way" v="yes"/>
    <tag k="turn_direction" v="straight"/>
  </relation>
  <relation id="28094">
    <member type="way" role="left" ref="37884"/>
    <member type="way" role="right" ref="37886"/>
    <tag k="type" v="lanelet"/>
    <tag k="subtype" v="road"/>
    <tag k="speed_limit" v="8"/>
    <tag k="location" v="urban"/>
    <tag k="one_way" v="yes"/>
    <tag k="turn_direction" v="straight"/>
  </relation>
  <relation id="28276">
    <member type="way" role="left" ref="28274"/>
    <member type="way" role="right" ref="28275"/>
    <tag k="type" v="lanelet"/>
    <tag k="subtype" v="road"/>
    <tag k="speed_limit" v="8"/>
    <tag k="location" v="urban"/>
    <tag k="one_way" v="yes"/>
    <tag k="turn_direction" v="straight"/>
  </relation>
  <relation id="28289">
    <member type="way" role="left" ref="28287"/>
    <member type="way" role="right" ref="28288"/>
    <tag k="type" v="lanelet"/>
    <tag k="subtype" v="road"/>
    <tag k="speed_limit" v="8"/>
    <tag k="location" v="urban"/>
    <tag k="one_way" v="yes"/>
    <tag k="turn_direction" v="straight"/>
  </relation>
  <relation id="28325">
    <member type="way" role="left" ref="45189"/>
    <member type="way" role="right" ref="45191"/>
    <tag k="type" v="lanelet"/>
    <tag k="subtype" v="road"/>
    <tag k="speed_limit" v="8"/>
    <tag k="location" v="urban"/>
    <tag k="one_way" v="yes"/>
    <tag k="turn_direction" v="straight"/>
  </relation>
  <relation id="28651">
    <member type="way" role="left" ref="28649"/>
    <member type="way" role="right" ref="28650"/>
    <tag k="type" v="lanelet"/>
    <tag k="subtype" v="road"/>
    <tag k="speed_limit" v="8"/>
    <tag k="location" v="urban"/>
    <tag k="one_way" v="yes"/>
    <tag k="turn_direction" v="straight"/>
  </relation>
  <relation id="28709">
    <member type="way" role="left" ref="28707"/>
    <member type="way" role="right" ref="28708"/>
    <tag k="type" v="lanelet"/>
    <tag k="subtype" v="road"/>
    <tag k="speed_limit" v="8"/>
    <tag k="location" v="urban"/>
    <tag k="one_way" v="yes"/>
    <tag k="turn_direction" v="straight"/>
  </relation>
  <relation id="28712">
    <member type="way" role="left" ref="28710"/>
    <member type="way" role="right" ref="28711"/>
    <tag k="type" v="lanelet"/>
    <tag k="subtype" v="road"/>
    <tag k="speed_limit" v="8"/>
    <tag k="location" v="urban"/>
    <tag k="one_way" v="yes"/>
    <tag k="turn_direction" v="straight"/>
  </relation>
  <relation id="29371">
    <member type="way" role="left" ref="29369"/>
    <member type="way" role="right" ref="29370"/>
    <tag k="type" v="lanelet"/>
    <tag k="subtype" v="road"/>
    <tag k="speed_limit" v="8"/>
    <tag k="location" v="urban"/>
    <tag k="one_way" v="yes"/>
    <tag k="turn_direction" v="straight"/>
  </relation>
  <relation id="30026">
    <member type="way" role="left" ref="47244"/>
    <member type="way" role="right" ref="47245"/>
    <tag k="type" v="lanelet"/>
    <tag k="subtype" v="road"/>
    <tag k="speed_limit" v="8"/>
    <tag k="location" v="urban"/>
    <tag k="one_way" v="yes"/>
    <tag k="turn_direction" v="straight"/>
  </relation>
  <relation id="30960">
    <member type="way" role="left" ref="30958"/>
    <member type="way" role="right" ref="30959"/>
    <tag k="type" v="lanelet"/>
    <tag k="subtype" v="road"/>
    <tag k="speed_limit" v="8"/>
    <tag k="location" v="urban"/>
    <tag k="one_way" v="yes"/>
    <tag k="turn_direction" v="straight"/>
  </relation>
  <relation id="31450">
    <member type="way" role="left" ref="39198"/>
    <member type="way" role="right" ref="39199"/>
    <tag k="type" v="lanelet"/>
    <tag k="subtype" v="road"/>
    <tag k="speed_limit" v="8"/>
    <tag k="location" v="urban"/>
    <tag k="one_way" v="yes"/>
    <tag k="turn_direction" v="straight"/>
  </relation>
  <relation id="31827">
    <member type="way" role="left" ref="39341"/>
    <member type="way" role="right" ref="39342"/>
    <tag k="type" v="lanelet"/>
    <tag k="subtype" v="road"/>
    <tag k="speed_limit" v="5"/>
    <tag k="location" v="urban"/>
    <tag k="one_way" v="yes"/>
    <tag k="turn_direction" v="right"/>
  </relation>
  <relation id="31850">
    <member type="way" role="left" ref="31853"/>
    <member type="way" role="right" ref="31855"/>
    <tag k="type" v="lanelet"/>
    <tag k="subtype" v="road"/>
    <tag k="speed_limit" v="8"/>
    <tag k="location" v="urban"/>
    <tag k="one_way" v="yes"/>
    <tag k="turn_direction" v="straight"/>
  </relation>
  <relation id="31959">
    <member type="way" role="left" ref="32486"/>
    <member type="way" role="right" ref="32488"/>
    <tag k="type" v="lanelet"/>
    <tag k="subtype" v="road"/>
    <tag k="speed_limit" v="8"/>
    <tag k="location" v="urban"/>
    <tag k="one_way" v="yes"/>
    <tag k="turn_direction" v="straight"/>
  </relation>
  <relation id="32268">
    <member type="way" role="left" ref="32266"/>
    <member type="way" role="right" ref="32267"/>
    <tag k="type" v="lanelet"/>
    <tag k="subtype" v="road"/>
    <tag k="speed_limit" v="8"/>
    <tag k="location" v="urban"/>
    <tag k="one_way" v="yes"/>
    <tag k="turn_direction" v="straight"/>
  </relation>
  <relation id="32456">
    <member type="way" role="left" ref="32453"/>
    <member type="way" role="right" ref="32455"/>
    <tag k="type" v="lanelet"/>
    <tag k="subtype" v="road"/>
    <tag k="speed_limit" v="5"/>
    <tag k="location" v="urban"/>
    <tag k="one_way" v="yes"/>
    <tag k="turn_direction" v="right"/>
  </relation>
  <relation id="32483">
    <member type="way" role="left" ref="32507"/>
    <member type="way" role="right" ref="32509"/>
    <tag k="type" v="lanelet"/>
    <tag k="subtype" v="road"/>
    <tag k="speed_limit" v="8"/>
    <tag k="location" v="urban"/>
    <tag k="one_way" v="yes"/>
    <tag k="turn_direction" v="right"/>
  </relation>
  <relation id="32490">
    <member type="way" role="left" ref="32487"/>
    <member type="way" role="right" ref="32489"/>
    <tag k="type" v="lanelet"/>
    <tag k="subtype" v="road"/>
    <tag k="speed_limit" v="8"/>
    <tag k="location" v="urban"/>
    <tag k="one_way" v="yes"/>
    <tag k="turn_direction" v="straight"/>
  </relation>
  <relation id="32497">
    <member type="way" role="left" ref="32786"/>
    <member type="way" role="right" ref="32787"/>
    <tag k="type" v="lanelet"/>
    <tag k="subtype" v="road"/>
    <tag k="speed_limit" v="10"/>
    <tag k="location" v="urban"/>
    <tag k="one_way" v="yes"/>
    <tag k="turn_direction" v="straight"/>
  </relation>
  <relation id="32511">
    <member type="way" role="left" ref="32508"/>
    <member type="way" role="right" ref="32510"/>
    <tag k="type" v="lanelet"/>
    <tag k="subtype" v="road"/>
    <tag k="speed_limit" v="8"/>
    <tag k="location" v="urban"/>
    <tag k="one_way" v="yes"/>
    <tag k="turn_direction" v="straight"/>
  </relation>
  <relation id="32865">
    <member type="way" role="left" ref="48417"/>
    <member type="way" role="right" ref="48419"/>
    <tag k="type" v="lanelet"/>
    <tag k="subtype" v="road"/>
    <tag k="speed_limit" v="5"/>
    <tag k="location" v="urban"/>
    <tag k="one_way" v="yes"/>
    <tag k="turn_direction" v="left"/>
  </relation>
  <relation id="33089">
    <member type="way" role="left" ref="33286"/>
    <member type="way" role="right" ref="33288"/>
    <tag k="type" v="lanelet"/>
    <tag k="subtype" v="road"/>
    <tag k="speed_limit" v="8"/>
    <tag k="location" v="urban"/>
    <tag k="one_way" v="yes"/>
    <tag k="turn_direction" v="straight"/>
  </relation>
  <relation id="33118">
    <member type="way" role="left" ref="33116"/>
    <member type="way" role="right" ref="33117"/>
    <tag k="type" v="lanelet"/>
    <tag k="subtype" v="road"/>
    <tag k="speed_limit" v="5"/>
    <tag k="location" v="urban"/>
    <tag k="one_way" v="yes"/>
    <tag k="turn_direction" v="left"/>
  </relation>
  <relation id="33125">
    <member type="way" role="left" ref="33122"/>
    <member type="way" role="right" ref="33124"/>
    <tag k="type" v="lanelet"/>
    <tag k="subtype" v="road"/>
    <tag k="speed_limit" v="8"/>
    <tag k="location" v="urban"/>
    <tag k="one_way" v="yes"/>
    <tag k="turn_direction" v="straight"/>
  </relation>
  <relation id="33152">
    <member type="way" role="left" ref="33155"/>
    <member type="way" role="right" ref="33156"/>
    <tag k="type" v="lanelet"/>
    <tag k="subtype" v="road"/>
    <tag k="speed_limit" v="3"/>
    <tag k="location" v="urban"/>
    <tag k="one_way" v="yes"/>
    <tag k="turn_direction" v="right"/>
  </relation>
  <relation id="33159">
    <member type="way" role="left" ref="33157"/>
    <member type="way" role="right" ref="33158"/>
    <tag k="type" v="lanelet"/>
    <tag k="subtype" v="road"/>
    <tag k="speed_limit" v="8"/>
    <tag k="location" v="urban"/>
    <tag k="one_way" v="yes"/>
    <tag k="turn_direction" v="straight"/>
  </relation>
  <relation id="33168">
    <member type="way" role="left" ref="33166"/>
    <member type="way" role="right" ref="33167"/>
    <tag k="type" v="lanelet"/>
    <tag k="subtype" v="road"/>
    <tag k="speed_limit" v="8"/>
    <tag k="location" v="urban"/>
    <tag k="one_way" v="yes"/>
    <tag k="turn_direction" v="straight"/>
  </relation>
  <relation id="33171">
    <member type="way" role="left" ref="33169"/>
    <member type="way" role="right" ref="33170"/>
    <tag k="type" v="lanelet"/>
    <tag k="subtype" v="road"/>
    <tag k="speed_limit" v="8"/>
    <tag k="location" v="urban"/>
    <tag k="one_way" v="yes"/>
    <tag k="turn_direction" v="straight"/>
  </relation>
  <relation id="33192">
    <member type="way" role="left" ref="45270"/>
    <member type="way" role="right" ref="45272"/>
    <tag k="type" v="lanelet"/>
    <tag k="subtype" v="road"/>
    <tag k="speed_limit" v="8"/>
    <tag k="location" v="urban"/>
    <tag k="one_way" v="yes"/>
    <tag k="turn_direction" v="straight"/>
  </relation>
  <relation id="33232">
    <member type="way" role="left" ref="33230"/>
    <member type="way" role="right" ref="33231"/>
    <tag k="type" v="lanelet"/>
    <tag k="subtype" v="road"/>
    <tag k="speed_limit" v="5"/>
    <tag k="location" v="urban"/>
    <tag k="one_way" v="yes"/>
    <tag k="turn_direction" v="left"/>
  </relation>
  <relation id="33270">
    <member type="way" role="left" ref="33267"/>
    <member type="way" role="right" ref="33269"/>
    <tag k="type" v="lanelet"/>
    <tag k="subtype" v="road"/>
    <tag k="speed_limit" v="8"/>
    <tag k="location" v="urban"/>
    <tag k="one_way" v="yes"/>
    <tag k="turn_direction" v="straight"/>
  </relation>
  <relation id="33280">
    <member type="way" role="left" ref="33278"/>
    <member type="way" role="right" ref="33279"/>
    <tag k="type" v="lanelet"/>
    <tag k="subtype" v="road"/>
    <tag k="speed_limit" v="8"/>
    <tag k="location" v="urban"/>
    <tag k="one_way" v="yes"/>
    <tag k="turn_direction" v="straight"/>
  </relation>
  <relation id="33283">
    <member type="way" role="left" ref="33281"/>
    <member type="way" role="right" ref="33282"/>
    <tag k="type" v="lanelet"/>
    <tag k="subtype" v="road"/>
    <tag k="speed_limit" v="8"/>
    <tag k="location" v="urban"/>
    <tag k="one_way" v="yes"/>
    <tag k="turn_direction" v="straight"/>
  </relation>
  <relation id="33290">
    <member type="way" role="left" ref="33287"/>
    <member type="way" role="right" ref="33289"/>
    <tag k="type" v="lanelet"/>
    <tag k="subtype" v="road"/>
    <tag k="speed_limit" v="8"/>
    <tag k="location" v="urban"/>
    <tag k="one_way" v="yes"/>
    <tag k="turn_direction" v="straight"/>
  </relation>
  <relation id="33496">
    <member type="way" role="left" ref="33493"/>
    <member type="way" role="right" ref="33495"/>
    <tag k="type" v="lanelet"/>
    <tag k="subtype" v="road"/>
    <tag k="speed_limit" v="5"/>
    <tag k="location" v="urban"/>
    <tag k="one_way" v="yes"/>
    <tag k="turn_direction" v="left"/>
  </relation>
  <relation id="33708">
    <member type="way" role="left" ref="33740"/>
    <member type="way" role="right" ref="33741"/>
    <tag k="type" v="lanelet"/>
    <tag k="subtype" v="road"/>
    <tag k="speed_limit" v="5"/>
    <tag k="location" v="urban"/>
    <tag k="one_way" v="yes"/>
    <tag k="turn_direction" v="left"/>
  </relation>
  <relation id="33919">
    <member type="way" role="left" ref="42344"/>
    <member type="way" role="right" ref="42345"/>
    <tag k="type" v="lanelet"/>
    <tag k="subtype" v="road"/>
    <tag k="speed_limit" v="8"/>
    <tag k="location" v="urban"/>
    <tag k="one_way" v="yes"/>
    <tag k="turn_direction" v="straight"/>
  </relation>
  <relation id="34045">
    <member type="way" role="left" ref="39056"/>
    <member type="way" role="right" ref="39057"/>
    <tag k="type" v="lanelet"/>
    <tag k="subtype" v="road"/>
    <tag k="speed_limit" v="8"/>
    <tag k="location" v="urban"/>
    <tag k="one_way" v="yes"/>
    <tag k="turn_direction" v="straight"/>
  </relation>
  <relation id="34087">
    <member type="way" role="left" ref="39060"/>
    <member type="way" role="right" ref="39062"/>
    <tag k="type" v="lanelet"/>
    <tag k="subtype" v="road"/>
    <tag k="speed_limit" v="8"/>
    <tag k="location" v="urban"/>
    <tag k="one_way" v="yes"/>
    <tag k="turn_direction" v="right"/>
  </relation>
  <relation id="34426">
    <member type="way" role="left" ref="40442"/>
    <member type="way" role="right" ref="40444"/>
    <tag k="type" v="lanelet"/>
    <tag k="subtype" v="road"/>
    <tag k="speed_limit" v="8"/>
    <tag k="location" v="urban"/>
    <tag k="one_way" v="yes"/>
    <tag k="turn_direction" v="straight"/>
  </relation>
  <relation id="35105">
    <member type="way" role="left" ref="35102"/>
    <member type="way" role="right" ref="35104"/>
    <tag k="type" v="lanelet"/>
    <tag k="subtype" v="road"/>
    <tag k="speed_limit" v="8"/>
    <tag k="location" v="urban"/>
    <tag k="one_way" v="yes"/>
    <tag k="turn_direction" v="straight"/>
  </relation>
  <relation id="35339">
    <member type="way" role="left" ref="39003"/>
    <member type="way" role="right" ref="39004"/>
    <tag k="type" v="lanelet"/>
    <tag k="subtype" v="road"/>
    <tag k="speed_limit" v="8"/>
    <tag k="location" v="urban"/>
    <tag k="one_way" v="yes"/>
    <tag k="turn_direction" v="straight"/>
  </relation>
  <relation id="35346">
    <member type="way" role="left" ref="35343"/>
    <member type="way" role="right" ref="35345"/>
    <tag k="type" v="lanelet"/>
    <tag k="subtype" v="road"/>
    <tag k="speed_limit" v="8"/>
    <tag k="location" v="urban"/>
    <tag k="one_way" v="yes"/>
    <tag k="turn_direction" v="straight"/>
  </relation>
  <relation id="35353">
    <member type="way" role="left" ref="35413"/>
    <member type="way" role="right" ref="35414"/>
    <tag k="type" v="lanelet"/>
    <tag k="subtype" v="road"/>
    <tag k="speed_limit" v="8"/>
    <tag k="location" v="urban"/>
    <tag k="one_way" v="yes"/>
    <tag k="turn_direction" v="straight"/>
  </relation>
  <relation id="35624">
    <member type="way" role="left" ref="38535"/>
    <member type="way" role="right" ref="38536"/>
    <tag k="type" v="lanelet"/>
    <tag k="subtype" v="road"/>
    <tag k="speed_limit" v="8"/>
    <tag k="location" v="urban"/>
    <tag k="one_way" v="yes"/>
    <tag k="turn_direction" v="straight"/>
  </relation>
  <relation id="35641">
    <member type="way" role="left" ref="35652"/>
    <member type="way" role="right" ref="35653"/>
    <tag k="type" v="lanelet"/>
    <tag k="subtype" v="road"/>
    <tag k="speed_limit" v="8"/>
    <tag k="location" v="urban"/>
    <tag k="one_way" v="yes"/>
    <tag k="turn_direction" v="straight"/>
  </relation>
  <relation id="36296">
    <member type="way" role="left" ref="36299"/>
    <member type="way" role="right" ref="36301"/>
    <tag k="type" v="lanelet"/>
    <tag k="subtype" v="road"/>
    <tag k="speed_limit" v="8"/>
    <tag k="location" v="urban"/>
    <tag k="one_way" v="yes"/>
    <tag k="turn_direction" v="straight"/>
  </relation>
  <relation id="36875">
    <member type="way" role="left" ref="43848"/>
    <member type="way" role="right" ref="43850"/>
    <tag k="type" v="lanelet"/>
    <tag k="subtype" v="road"/>
    <tag k="speed_limit" v="8"/>
    <tag k="location" v="urban"/>
    <tag k="one_way" v="yes"/>
    <tag k="turn_direction" v="straight"/>
  </relation>
  <relation id="37118">
    <member type="way" role="left" ref="37131"/>
    <member type="way" role="right" ref="37132"/>
    <tag k="type" v="lanelet"/>
    <tag k="subtype" v="road"/>
    <tag k="speed_limit" v="8"/>
    <tag k="location" v="urban"/>
    <tag k="one_way" v="yes"/>
    <tag k="turn_direction" v="straight"/>
  </relation>
  <relation id="37888">
    <member type="way" role="left" ref="39367"/>
    <member type="way" role="right" ref="39369"/>
    <tag k="type" v="lanelet"/>
    <tag k="subtype" v="road"/>
    <tag k="speed_limit" v="8"/>
    <tag k="location" v="urban"/>
    <tag k="one_way" v="yes"/>
    <tag k="turn_direction" v="straight"/>
  </relation>
  <relation id="37927">
    <member type="way" role="left" ref="39207"/>
    <member type="way" role="right" ref="39209"/>
    <tag k="type" v="lanelet"/>
    <tag k="subtype" v="road"/>
    <tag k="speed_limit" v="6"/>
    <tag k="location" v="urban"/>
    <tag k="one_way" v="yes"/>
    <tag k="turn_direction" v="straight"/>
  </relation>
  <relation id="37934">
    <member type="way" role="left" ref="37932"/>
    <member type="way" role="right" ref="37933"/>
    <tag k="type" v="lanelet"/>
    <tag k="subtype" v="road"/>
    <tag k="speed_limit" v="6"/>
    <tag k="location" v="urban"/>
    <tag k="one_way" v="yes"/>
    <tag k="turn_direction" v="straight"/>
  </relation>
  <relation id="38056">
    <member type="way" role="left" ref="42848"/>
    <member type="way" role="right" ref="42850"/>
    <tag k="type" v="lanelet"/>
    <tag k="subtype" v="road"/>
    <tag k="speed_limit" v="8"/>
    <tag k="location" v="urban"/>
    <tag k="one_way" v="yes"/>
    <tag k="turn_direction" v="straight"/>
  </relation>
  <relation id="38074">
    <member type="way" role="left" ref="42841"/>
    <member type="way" role="right" ref="42843"/>
    <tag k="type" v="lanelet"/>
    <tag k="subtype" v="road"/>
    <tag k="speed_limit" v="8"/>
    <tag k="location" v="urban"/>
    <tag k="one_way" v="yes"/>
    <tag k="turn_direction" v="straight"/>
  </relation>
  <relation id="38199">
    <member type="way" role="left" ref="38196"/>
    <member type="way" role="right" ref="38198"/>
    <tag k="type" v="lanelet"/>
    <tag k="subtype" v="road"/>
    <tag k="speed_limit" v="5"/>
    <tag k="location" v="urban"/>
    <tag k="one_way" v="yes"/>
    <tag k="turn_direction" v="right"/>
  </relation>
  <relation id="38385">
    <member type="way" role="left" ref="38416"/>
    <member type="way" role="right" ref="38417"/>
    <tag k="type" v="lanelet"/>
    <tag k="subtype" v="road"/>
    <tag k="speed_limit" v="5"/>
    <tag k="location" v="urban"/>
    <tag k="one_way" v="yes"/>
    <tag k="turn_direction" v="right"/>
  </relation>
  <relation id="38438">
    <member type="way" role="left" ref="38491"/>
    <member type="way" role="right" ref="38492"/>
    <tag k="type" v="lanelet"/>
    <tag k="subtype" v="road"/>
    <tag k="speed_limit" v="8"/>
    <tag k="location" v="urban"/>
    <tag k="one_way" v="yes"/>
    <tag k="turn_direction" v="straight"/>
  </relation>
  <relation id="38531">
    <member type="way" role="left" ref="38680"/>
    <member type="way" role="right" ref="38682"/>
    <tag k="type" v="lanelet"/>
    <tag k="subtype" v="road"/>
    <tag k="speed_limit" v="8"/>
    <tag k="location" v="urban"/>
    <tag k="one_way" v="yes"/>
    <tag k="turn_direction" v="straight"/>
  </relation>
  <relation id="38881">
    <member type="way" role="left" ref="38916"/>
    <member type="way" role="right" ref="38917"/>
    <tag k="type" v="lanelet"/>
    <tag k="subtype" v="road"/>
    <tag k="speed_limit" v="8"/>
    <tag k="location" v="urban"/>
    <tag k="one_way" v="yes"/>
    <tag k="turn_direction" v="straight"/>
  </relation>
  <relation id="38912">
    <member type="way" role="left" ref="44317"/>
    <member type="way" role="right" ref="44319"/>
    <tag k="type" v="lanelet"/>
    <tag k="subtype" v="road"/>
    <tag k="speed_limit" v="8"/>
    <tag k="location" v="urban"/>
    <tag k="one_way" v="yes"/>
    <tag k="turn_direction" v="left"/>
  </relation>
  <relation id="39027">
    <member type="way" role="left" ref="39025"/>
    <member type="way" role="right" ref="39026"/>
    <tag k="type" v="lanelet"/>
    <tag k="subtype" v="road"/>
    <tag k="speed_limit" v="8"/>
    <tag k="location" v="urban"/>
    <tag k="one_way" v="yes"/>
    <tag k="turn_direction" v="right"/>
  </relation>
  <relation id="39083">
    <member type="way" role="left" ref="39081"/>
    <member type="way" role="right" ref="39082"/>
    <tag k="type" v="lanelet"/>
    <tag k="subtype" v="road"/>
    <tag k="speed_limit" v="8"/>
    <tag k="location" v="urban"/>
    <tag k="one_way" v="yes"/>
    <tag k="turn_direction" v="right"/>
  </relation>
  <relation id="39132">
    <member type="way" role="left" ref="39130"/>
    <member type="way" role="right" ref="39131"/>
    <tag k="type" v="lanelet"/>
    <tag k="subtype" v="road"/>
    <tag k="speed_limit" v="8"/>
    <tag k="location" v="urban"/>
    <tag k="one_way" v="yes"/>
    <tag k="turn_direction" v="right"/>
  </relation>
  <relation id="39337">
    <member type="way" role="left" ref="39335"/>
    <member type="way" role="right" ref="39336"/>
    <tag k="type" v="lanelet"/>
    <tag k="subtype" v="road"/>
    <tag k="speed_limit" v="5"/>
    <tag k="location" v="urban"/>
    <tag k="one_way" v="yes"/>
    <tag k="turn_direction" v="left"/>
  </relation>
  <relation id="40112">
    <member type="way" role="left" ref="40109"/>
    <member type="way" role="right" ref="40111"/>
    <tag k="type" v="lanelet"/>
    <tag k="subtype" v="road"/>
    <tag k="speed_limit" v="8"/>
    <tag k="location" v="urban"/>
    <tag k="one_way" v="yes"/>
    <tag k="turn_direction" v="straight"/>
  </relation>
  <relation id="40171">
    <member type="way" role="left" ref="40168"/>
    <member type="way" role="right" ref="40170"/>
    <tag k="type" v="lanelet"/>
    <tag k="subtype" v="road"/>
    <tag k="speed_limit" v="8"/>
    <tag k="location" v="urban"/>
    <tag k="one_way" v="yes"/>
    <tag k="turn_direction" v="right"/>
  </relation>
  <relation id="40202">
    <member type="way" role="left" ref="40200"/>
    <member type="way" role="right" ref="40201"/>
    <tag k="type" v="lanelet"/>
    <tag k="subtype" v="road"/>
    <tag k="speed_limit" v="8"/>
    <tag k="location" v="urban"/>
    <tag k="one_way" v="yes"/>
    <tag k="turn_direction" v="right"/>
  </relation>
  <relation id="40322">
    <member type="way" role="left" ref="40320"/>
    <member type="way" role="right" ref="40321"/>
    <tag k="type" v="lanelet"/>
    <tag k="subtype" v="road"/>
    <tag k="speed_limit" v="8"/>
    <tag k="location" v="urban"/>
    <tag k="one_way" v="yes"/>
    <tag k="turn_direction" v="straight"/>
  </relation>
  <relation id="40331">
    <member type="way" role="left" ref="40329"/>
    <member type="way" role="right" ref="40330"/>
    <tag k="type" v="lanelet"/>
    <tag k="subtype" v="road"/>
    <tag k="speed_limit" v="8"/>
    <tag k="location" v="urban"/>
    <tag k="one_way" v="yes"/>
    <tag k="turn_direction" v="straight"/>
  </relation>
  <relation id="40343">
    <member type="way" role="left" ref="42018"/>
    <member type="way" role="right" ref="42020"/>
    <tag k="type" v="lanelet"/>
    <tag k="subtype" v="road"/>
    <tag k="speed_limit" v="8"/>
    <tag k="location" v="urban"/>
    <tag k="one_way" v="yes"/>
    <tag k="turn_direction" v="straight"/>
  </relation>
  <relation id="40380">
    <member type="way" role="left" ref="40422"/>
    <member type="way" role="right" ref="40424"/>
    <tag k="type" v="lanelet"/>
    <tag k="subtype" v="road"/>
    <tag k="speed_limit" v="5"/>
    <tag k="location" v="urban"/>
    <tag k="one_way" v="yes"/>
    <tag k="turn_direction" v="right"/>
  </relation>
  <relation id="40419">
    <member type="way" role="left" ref="45417"/>
    <member type="way" role="right" ref="45418"/>
    <tag k="type" v="lanelet"/>
    <tag k="subtype" v="road"/>
    <tag k="speed_limit" v="5"/>
    <tag k="location" v="urban"/>
    <tag k="one_way" v="yes"/>
    <tag k="turn_direction" v="right"/>
  </relation>
  <relation id="40439">
    <member type="way" role="left" ref="40437"/>
    <member type="way" role="right" ref="40438"/>
    <tag k="type" v="lanelet"/>
    <tag k="subtype" v="road"/>
    <tag k="speed_limit" v="5"/>
    <tag k="location" v="urban"/>
    <tag k="one_way" v="yes"/>
    <tag k="turn_direction" v="right"/>
  </relation>
  <relation id="40469">
    <member type="way" role="left" ref="40467"/>
    <member type="way" role="right" ref="40468"/>
    <tag k="type" v="lanelet"/>
    <tag k="subtype" v="road"/>
    <tag k="speed_limit" v="8"/>
    <tag k="location" v="urban"/>
    <tag k="one_way" v="yes"/>
    <tag k="turn_direction" v="left"/>
  </relation>
  <relation id="40514">
    <member type="way" role="left" ref="40511"/>
    <member type="way" role="right" ref="40513"/>
    <tag k="type" v="lanelet"/>
    <tag k="subtype" v="road"/>
    <tag k="speed_limit" v="5"/>
    <tag k="location" v="urban"/>
    <tag k="one_way" v="yes"/>
    <tag k="turn_direction" v="right"/>
  </relation>
  <relation id="40596">
    <member type="way" role="left" ref="40593"/>
    <member type="way" role="right" ref="40595"/>
    <tag k="type" v="lanelet"/>
    <tag k="subtype" v="road"/>
    <tag k="speed_limit" v="8"/>
    <tag k="location" v="urban"/>
    <tag k="one_way" v="yes"/>
    <tag k="turn_direction" v="straight"/>
  </relation>
  <relation id="40754">
    <member type="way" role="left" ref="40864"/>
    <member type="way" role="right" ref="40865"/>
    <tag k="type" v="lanelet"/>
    <tag k="subtype" v="road"/>
    <tag k="speed_limit" v="5"/>
    <tag k="location" v="urban"/>
    <tag k="one_way" v="yes"/>
    <tag k="turn_direction" v="right"/>
  </relation>
  <relation id="40761">
    <member type="way" role="left" ref="40758"/>
    <member type="way" role="right" ref="40760"/>
    <tag k="type" v="lanelet"/>
    <tag k="subtype" v="road"/>
    <tag k="speed_limit" v="8"/>
    <tag k="location" v="urban"/>
    <tag k="one_way" v="yes"/>
    <tag k="turn_direction" v="straight"/>
  </relation>
  <relation id="40840">
    <member type="way" role="left" ref="40837"/>
    <member type="way" role="right" ref="40839"/>
    <tag k="type" v="lanelet"/>
    <tag k="subtype" v="road"/>
    <tag k="speed_limit" v="5"/>
    <tag k="location" v="urban"/>
    <tag k="one_way" v="yes"/>
    <tag k="turn_direction" v="right"/>
  </relation>
  <relation id="40853">
    <member type="way" role="left" ref="40851"/>
    <member type="way" role="right" ref="40852"/>
    <tag k="type" v="lanelet"/>
    <tag k="subtype" v="road"/>
    <tag k="speed_limit" v="5"/>
    <tag k="location" v="urban"/>
    <tag k="one_way" v="yes"/>
    <tag k="turn_direction" v="right"/>
  </relation>
  <relation id="40856">
    <member type="way" role="left" ref="40854"/>
    <member type="way" role="right" ref="40855"/>
    <tag k="type" v="lanelet"/>
    <tag k="subtype" v="road"/>
    <tag k="speed_limit" v="8"/>
    <tag k="location" v="urban"/>
    <tag k="one_way" v="yes"/>
    <tag k="turn_direction" v="straight"/>
  </relation>
  <relation id="40863">
    <member type="way" role="left" ref="40860"/>
    <member type="way" role="right" ref="40862"/>
    <tag k="type" v="lanelet"/>
    <tag k="subtype" v="road"/>
    <tag k="speed_limit" v="5"/>
    <tag k="location" v="urban"/>
    <tag k="one_way" v="yes"/>
    <tag k="turn_direction" v="right"/>
  </relation>
  <relation id="40880">
    <member type="way" role="left" ref="40878"/>
    <member type="way" role="right" ref="40879"/>
    <tag k="type" v="lanelet"/>
    <tag k="subtype" v="road"/>
    <tag k="speed_limit" v="5"/>
    <tag k="location" v="urban"/>
    <tag k="one_way" v="yes"/>
    <tag k="turn_direction" v="right"/>
  </relation>
  <relation id="41035">
    <member type="way" role="left" ref="41032"/>
    <member type="way" role="right" ref="41034"/>
    <tag k="type" v="lanelet"/>
    <tag k="subtype" v="road"/>
    <tag k="speed_limit" v="8"/>
    <tag k="location" v="urban"/>
    <tag k="one_way" v="yes"/>
    <tag k="turn_direction" v="straight"/>
  </relation>
  <relation id="41152">
    <member type="way" role="left" ref="41378"/>
    <member type="way" role="right" ref="41380"/>
    <tag k="type" v="lanelet"/>
    <tag k="subtype" v="road"/>
    <tag k="speed_limit" v="8"/>
    <tag k="location" v="urban"/>
    <tag k="one_way" v="yes"/>
    <tag k="turn_direction" v="left"/>
  </relation>
  <relation id="41165">
    <member type="way" role="left" ref="41163"/>
    <member type="way" role="right" ref="41164"/>
    <tag k="type" v="lanelet"/>
    <tag k="subtype" v="road"/>
    <tag k="speed_limit" v="8"/>
    <tag k="location" v="urban"/>
    <tag k="one_way" v="yes"/>
    <tag k="turn_direction" v="left"/>
  </relation>
  <relation id="41251">
    <member type="way" role="left" ref="41249"/>
    <member type="way" role="right" ref="41250"/>
    <tag k="type" v="lanelet"/>
    <tag k="subtype" v="road"/>
    <tag k="speed_limit" v="8"/>
    <tag k="location" v="urban"/>
    <tag k="one_way" v="yes"/>
    <tag k="turn_direction" v="straight"/>
  </relation>
  <relation id="41258">
    <member type="way" role="left" ref="41255"/>
    <member type="way" role="right" ref="41257"/>
    <tag k="type" v="lanelet"/>
    <tag k="subtype" v="road"/>
    <tag k="speed_limit" v="8"/>
    <tag k="location" v="urban"/>
    <tag k="one_way" v="yes"/>
    <tag k="turn_direction" v="straight"/>
  </relation>
  <relation id="41261">
    <member type="way" role="left" ref="43853"/>
    <member type="way" role="right" ref="43854"/>
    <tag k="type" v="lanelet"/>
    <tag k="subtype" v="road"/>
    <tag k="speed_limit" v="8"/>
    <tag k="location" v="urban"/>
    <tag k="one_way" v="yes"/>
    <tag k="turn_direction" v="straight"/>
  </relation>
  <relation id="41264">
    <member type="way" role="left" ref="41262"/>
    <member type="way" role="right" ref="41263"/>
    <tag k="type" v="lanelet"/>
    <tag k="subtype" v="road"/>
    <tag k="speed_limit" v="8"/>
    <tag k="location" v="urban"/>
    <tag k="one_way" v="yes"/>
  </relation>
  <relation id="41382">
    <member type="way" role="left" ref="41379"/>
    <member type="way" role="right" ref="41381"/>
    <tag k="type" v="lanelet"/>
    <tag k="subtype" v="road"/>
    <tag k="speed_limit" v="8"/>
    <tag k="location" v="urban"/>
    <tag k="one_way" v="yes"/>
    <tag k="turn_direction" v="right"/>
  </relation>
  <relation id="41400">
    <member type="way" role="left" ref="44853"/>
    <member type="way" role="right" ref="44854"/>
    <tag k="type" v="lanelet"/>
    <tag k="subtype" v="road"/>
    <tag k="speed_limit" v="8"/>
    <tag k="location" v="urban"/>
    <tag k="one_way" v="no"/>
    <tag k="turn_direction" v="straight"/>
  </relation>
  <relation id="41430">
    <member type="way" role="left" ref="41428"/>
    <member type="way" role="right" ref="41429"/>
    <tag k="type" v="lanelet"/>
    <tag k="subtype" v="road"/>
    <tag k="speed_limit" v="8"/>
    <tag k="location" v="urban"/>
    <tag k="one_way" v="yes"/>
    <tag k="turn_direction" v="right"/>
  </relation>
  <relation id="41449">
    <member type="way" role="left" ref="41447"/>
    <member type="way" role="right" ref="41448"/>
    <tag k="type" v="lanelet"/>
    <tag k="subtype" v="road"/>
    <tag k="speed_limit" v="8"/>
    <tag k="location" v="urban"/>
    <tag k="one_way" v="yes"/>
    <tag k="turn_direction" v="right"/>
  </relation>
  <relation id="41663">
    <member type="way" role="left" ref="41699"/>
    <member type="way" role="right" ref="41701"/>
    <tag k="type" v="lanelet"/>
    <tag k="subtype" v="road"/>
    <tag k="speed_limit" v="5"/>
    <tag k="location" v="urban"/>
    <tag k="one_way" v="yes"/>
    <tag k="turn_direction" v="right"/>
  </relation>
  <relation id="41678">
    <member type="way" role="left" ref="41676"/>
    <member type="way" role="right" ref="41677"/>
    <tag k="type" v="lanelet"/>
    <tag k="subtype" v="road"/>
    <tag k="speed_limit" v="5"/>
    <tag k="location" v="urban"/>
    <tag k="one_way" v="yes"/>
    <tag k="turn_direction" v="right"/>
  </relation>
  <relation id="41703">
    <member type="way" role="left" ref="41961"/>
    <member type="way" role="right" ref="41963"/>
    <tag k="type" v="lanelet"/>
    <tag k="subtype" v="road"/>
    <tag k="speed_limit" v="5"/>
    <tag k="location" v="urban"/>
    <tag k="one_way" v="yes"/>
    <tag k="turn_direction" v="right"/>
  </relation>
  <relation id="41722">
    <member type="way" role="left" ref="41725"/>
    <member type="way" role="right" ref="41727"/>
    <tag k="type" v="lanelet"/>
    <tag k="subtype" v="road"/>
    <tag k="speed_limit" v="8"/>
    <tag k="location" v="urban"/>
    <tag k="one_way" v="yes"/>
    <tag k="turn_direction" v="straight"/>
  </relation>
  <relation id="41729">
    <member type="way" role="left" ref="41726"/>
    <member type="way" role="right" ref="41728"/>
    <tag k="type" v="lanelet"/>
    <tag k="subtype" v="road"/>
    <tag k="speed_limit" v="5"/>
    <tag k="location" v="urban"/>
    <tag k="one_way" v="yes"/>
    <tag k="turn_direction" v="right"/>
  </relation>
  <relation id="41818">
    <member type="way" role="left" ref="41816"/>
    <member type="way" role="right" ref="41817"/>
    <tag k="type" v="lanelet"/>
    <tag k="subtype" v="road"/>
    <tag k="speed_limit" v="6"/>
    <tag k="location" v="urban"/>
    <tag k="one_way" v="yes"/>
    <tag k="turn_direction" v="right"/>
  </relation>
  <relation id="41837">
    <member type="way" role="left" ref="41835"/>
    <member type="way" role="right" ref="41836"/>
    <tag k="type" v="lanelet"/>
    <tag k="subtype" v="road"/>
    <tag k="speed_limit" v="5"/>
    <tag k="location" v="urban"/>
    <tag k="one_way" v="yes"/>
    <tag k="turn_direction" v="right"/>
  </relation>
  <relation id="41865">
    <member type="way" role="left" ref="41868"/>
    <member type="way" role="right" ref="41869"/>
    <tag k="type" v="lanelet"/>
    <tag k="subtype" v="road"/>
    <tag k="speed_limit" v="5"/>
    <tag k="location" v="urban"/>
    <tag k="one_way" v="yes"/>
    <tag k="turn_direction" v="right"/>
  </relation>
  <relation id="41915">
    <member type="way" role="left" ref="41913"/>
    <member type="way" role="right" ref="41914"/>
    <tag k="type" v="lanelet"/>
    <tag k="subtype" v="road"/>
    <tag k="speed_limit" v="8"/>
    <tag k="location" v="urban"/>
    <tag k="one_way" v="yes"/>
    <tag k="turn_direction" v="straight"/>
  </relation>
  <relation id="41958">
    <member type="way" role="left" ref="41955"/>
    <member type="way" role="right" ref="41957"/>
    <tag k="type" v="lanelet"/>
    <tag k="subtype" v="road"/>
    <tag k="speed_limit" v="8"/>
    <tag k="location" v="urban"/>
    <tag k="one_way" v="yes"/>
    <tag k="turn_direction" v="straight"/>
  </relation>
  <relation id="41980">
    <member type="way" role="left" ref="41978"/>
    <member type="way" role="right" ref="41979"/>
    <tag k="type" v="lanelet"/>
    <tag k="subtype" v="road"/>
    <tag k="speed_limit" v="5"/>
    <tag k="location" v="urban"/>
    <tag k="one_way" v="yes"/>
    <tag k="turn_direction" v="right"/>
  </relation>
  <relation id="41989">
    <member type="way" role="left" ref="46777"/>
    <member type="way" role="right" ref="46779"/>
    <tag k="type" v="lanelet"/>
    <tag k="subtype" v="road"/>
    <tag k="speed_limit" v="5"/>
    <tag k="location" v="urban"/>
    <tag k="one_way" v="yes"/>
    <tag k="turn_direction" v="left"/>
  </relation>
  <relation id="42029">
    <member type="way" role="left" ref="42026"/>
    <member type="way" role="right" ref="42028"/>
    <tag k="type" v="lanelet"/>
    <tag k="subtype" v="road"/>
    <tag k="speed_limit" v="8"/>
    <tag k="location" v="urban"/>
    <tag k="one_way" v="yes"/>
    <tag k="turn_direction" v="straight"/>
  </relation>
  <relation id="42036">
    <member type="way" role="left" ref="46162"/>
    <member type="way" role="right" ref="46164"/>
    <tag k="type" v="lanelet"/>
    <tag k="subtype" v="road"/>
    <tag k="speed_limit" v="5"/>
    <tag k="location" v="urban"/>
    <tag k="one_way" v="yes"/>
    <tag k="turn_direction" v="left"/>
  </relation>
  <relation id="42039">
    <member type="way" role="left" ref="42037"/>
    <member type="way" role="right" ref="42038"/>
    <tag k="type" v="lanelet"/>
    <tag k="subtype" v="road"/>
    <tag k="speed_limit" v="5"/>
    <tag k="location" v="urban"/>
    <tag k="one_way" v="yes"/>
    <tag k="turn_direction" v="left"/>
  </relation>
  <relation id="42120">
    <member type="way" role="left" ref="42118"/>
    <member type="way" role="right" ref="42119"/>
    <tag k="type" v="lanelet"/>
    <tag k="subtype" v="road"/>
    <tag k="speed_limit" v="5"/>
    <tag k="location" v="urban"/>
    <tag k="one_way" v="yes"/>
    <tag k="turn_direction" v="right"/>
  </relation>
  <relation id="42147">
    <member type="way" role="left" ref="42146"/>
    <member type="way" role="right" ref="42143"/>
    <tag k="type" v="lanelet"/>
    <tag k="subtype" v="road"/>
    <tag k="speed_limit" v="5"/>
    <tag k="location" v="urban"/>
    <tag k="one_way" v="yes"/>
    <tag k="turn_direction" v="straight"/>
  </relation>
  <relation id="42168">
    <member type="way" role="left" ref="42166"/>
    <member type="way" role="right" ref="42167"/>
    <tag k="type" v="lanelet"/>
    <tag k="subtype" v="road"/>
    <tag k="speed_limit" v="5"/>
    <tag k="location" v="urban"/>
    <tag k="one_way" v="yes"/>
    <tag k="turn_direction" v="right"/>
  </relation>
  <relation id="42186">
    <member type="way" role="left" ref="42192"/>
    <member type="way" role="right" ref="42193"/>
    <tag k="type" v="lanelet"/>
    <tag k="subtype" v="road"/>
    <tag k="speed_limit" v="5"/>
    <tag k="location" v="urban"/>
    <tag k="one_way" v="yes"/>
    <tag k="turn_direction" v="left"/>
  </relation>
  <relation id="42196">
    <member type="way" role="left" ref="42194"/>
    <member type="way" role="right" ref="42195"/>
    <tag k="type" v="lanelet"/>
    <tag k="subtype" v="road"/>
    <tag k="speed_limit" v="5"/>
    <tag k="location" v="urban"/>
    <tag k="one_way" v="yes"/>
    <tag k="turn_direction" v="right"/>
  </relation>
  <relation id="42244">
    <member type="way" role="left" ref="42242"/>
    <member type="way" role="right" ref="42243"/>
    <tag k="type" v="lanelet"/>
    <tag k="subtype" v="road"/>
    <tag k="speed_limit" v="5"/>
    <tag k="location" v="urban"/>
    <tag k="one_way" v="yes"/>
    <tag k="turn_direction" v="right"/>
  </relation>
  <relation id="42251">
    <member type="way" role="left" ref="42248"/>
    <member type="way" role="right" ref="42250"/>
    <tag k="type" v="lanelet"/>
    <tag k="subtype" v="road"/>
    <tag k="speed_limit" v="5"/>
    <tag k="location" v="urban"/>
    <tag k="one_way" v="yes"/>
    <tag k="turn_direction" v="right"/>
  </relation>
  <relation id="42331">
    <member type="way" role="left" ref="42329"/>
    <member type="way" role="right" ref="42330"/>
    <tag k="type" v="lanelet"/>
    <tag k="subtype" v="road"/>
    <tag k="speed_limit" v="8"/>
    <tag k="location" v="urban"/>
    <tag k="one_way" v="yes"/>
    <tag k="turn_direction" v="straight"/>
  </relation>
  <relation id="42584">
    <member type="way" role="left" ref="42581"/>
    <member type="way" role="right" ref="42583"/>
    <tag k="type" v="lanelet"/>
    <tag k="subtype" v="road"/>
    <tag k="speed_limit" v="8"/>
    <tag k="location" v="urban"/>
    <tag k="one_way" v="yes"/>
    <tag k="turn_direction" v="right"/>
  </relation>
  <relation id="42596">
    <member type="way" role="left" ref="42593"/>
    <member type="way" role="right" ref="42595"/>
    <tag k="type" v="lanelet"/>
    <tag k="subtype" v="road"/>
    <tag k="speed_limit" v="5"/>
    <tag k="location" v="urban"/>
    <tag k="one_way" v="yes"/>
    <tag k="turn_direction" v="right"/>
  </relation>
  <relation id="42609">
    <member type="way" role="left" ref="42607"/>
    <member type="way" role="right" ref="42608"/>
    <tag k="type" v="lanelet"/>
    <tag k="subtype" v="road"/>
    <tag k="speed_limit" v="8"/>
    <tag k="location" v="urban"/>
    <tag k="one_way" v="yes"/>
    <tag k="turn_direction" v="right"/>
  </relation>
  <relation id="42623">
    <member type="way" role="left" ref="42626"/>
    <member type="way" role="right" ref="42628"/>
    <tag k="type" v="lanelet"/>
    <tag k="subtype" v="road"/>
    <tag k="speed_limit" v="8"/>
    <tag k="location" v="urban"/>
    <tag k="one_way" v="yes"/>
    <tag k="turn_direction" v="straight"/>
  </relation>
  <relation id="42633">
    <member type="way" role="left" ref="42631"/>
    <member type="way" role="right" ref="42632"/>
    <tag k="type" v="lanelet"/>
    <tag k="subtype" v="road"/>
    <tag k="speed_limit" v="8"/>
    <tag k="location" v="urban"/>
    <tag k="one_way" v="yes"/>
    <tag k="turn_direction" v="straight"/>
  </relation>
  <relation id="42845">
    <member type="way" role="left" ref="42842"/>
    <member type="way" role="right" ref="42844"/>
    <tag k="type" v="lanelet"/>
    <tag k="subtype" v="road"/>
    <tag k="speed_limit" v="8"/>
    <tag k="location" v="urban"/>
    <tag k="one_way" v="yes"/>
    <tag k="turn_direction" v="straight"/>
  </relation>
  <relation id="42852">
    <member type="way" role="left" ref="42849"/>
    <member type="way" role="right" ref="42851"/>
    <tag k="type" v="lanelet"/>
    <tag k="subtype" v="road"/>
    <tag k="speed_limit" v="8"/>
    <tag k="location" v="urban"/>
    <tag k="one_way" v="yes"/>
    <tag k="turn_direction" v="straight"/>
  </relation>
  <relation id="42866">
    <member type="way" role="left" ref="48216"/>
    <member type="way" role="right" ref="48218"/>
    <tag k="type" v="lanelet"/>
    <tag k="subtype" v="road"/>
    <tag k="speed_limit" v="8"/>
    <tag k="location" v="urban"/>
    <tag k="one_way" v="yes"/>
    <tag k="turn_direction" v="straight"/>
  </relation>
  <relation id="43018">
    <member type="way" role="left" ref="43016"/>
    <member type="way" role="right" ref="43017"/>
    <tag k="type" v="lanelet"/>
    <tag k="subtype" v="road"/>
    <tag k="speed_limit" v="8"/>
    <tag k="location" v="urban"/>
    <tag k="one_way" v="yes"/>
    <tag k="turn_direction" v="straight"/>
  </relation>
  <relation id="43235">
    <member type="way" role="left" ref="43233"/>
    <member type="way" role="right" ref="43234"/>
    <tag k="type" v="lanelet"/>
    <tag k="subtype" v="road"/>
    <tag k="speed_limit" v="8"/>
    <tag k="location" v="urban"/>
    <tag k="one_way" v="yes"/>
    <tag k="turn_direction" v="left"/>
  </relation>
  <relation id="43242">
    <member type="way" role="left" ref="43241"/>
    <member type="way" role="right" ref="43238"/>
    <tag k="type" v="lanelet"/>
    <tag k="subtype" v="road"/>
    <tag k="speed_limit" v="8"/>
    <tag k="location" v="urban"/>
    <tag k="one_way" v="yes"/>
    <tag k="turn_direction" v="left"/>
  </relation>
  <relation id="43252">
    <member type="way" role="left" ref="43250"/>
    <member type="way" role="right" ref="43251"/>
    <tag k="type" v="lanelet"/>
    <tag k="subtype" v="road"/>
    <tag k="speed_limit" v="8"/>
    <tag k="location" v="urban"/>
    <tag k="one_way" v="yes"/>
    <tag k="turn_direction" v="left"/>
  </relation>
  <relation id="43255">
    <member type="way" role="left" ref="43253"/>
    <member type="way" role="right" ref="43254"/>
    <tag k="type" v="lanelet"/>
    <tag k="subtype" v="road"/>
    <tag k="speed_limit" v="8"/>
    <tag k="location" v="urban"/>
    <tag k="one_way" v="yes"/>
    <tag k="turn_direction" v="right"/>
  </relation>
  <relation id="43262">
    <member type="way" role="left" ref="43259"/>
    <member type="way" role="right" ref="43261"/>
    <tag k="type" v="lanelet"/>
    <tag k="subtype" v="road"/>
    <tag k="speed_limit" v="8"/>
    <tag k="location" v="urban"/>
    <tag k="one_way" v="yes"/>
    <tag k="turn_direction" v="right"/>
  </relation>
  <relation id="43289">
    <member type="way" role="left" ref="43287"/>
    <member type="way" role="right" ref="43288"/>
    <tag k="type" v="lanelet"/>
    <tag k="subtype" v="road"/>
    <tag k="speed_limit" v="8"/>
    <tag k="location" v="urban"/>
    <tag k="one_way" v="yes"/>
    <tag k="turn_direction" v="straight"/>
  </relation>
  <relation id="43292">
    <member type="way" role="left" ref="43290"/>
    <member type="way" role="right" ref="43291"/>
    <tag k="type" v="lanelet"/>
    <tag k="subtype" v="road"/>
    <tag k="speed_limit" v="8"/>
    <tag k="location" v="urban"/>
    <tag k="one_way" v="yes"/>
    <tag k="turn_direction" v="straight"/>
  </relation>
  <relation id="43353">
    <member type="way" role="left" ref="43351"/>
    <member type="way" role="right" ref="43352"/>
    <tag k="type" v="lanelet"/>
    <tag k="subtype" v="road"/>
    <tag k="speed_limit" v="8"/>
    <tag k="location" v="urban"/>
    <tag k="one_way" v="yes"/>
    <tag k="turn_direction" v="straight"/>
  </relation>
  <relation id="43395">
    <member type="way" role="left" ref="43393"/>
    <member type="way" role="right" ref="43394"/>
    <tag k="type" v="lanelet"/>
    <tag k="subtype" v="road"/>
    <tag k="speed_limit" v="8"/>
    <tag k="location" v="urban"/>
    <tag k="one_way" v="yes"/>
    <tag k="turn_direction" v="straight"/>
  </relation>
  <relation id="43748">
    <member type="way" role="left" ref="45525"/>
    <member type="way" role="right" ref="45526"/>
    <tag k="type" v="lanelet"/>
    <tag k="subtype" v="road"/>
    <tag k="speed_limit" v="8"/>
    <tag k="location" v="urban"/>
    <tag k="one_way" v="yes"/>
    <tag k="turn_direction" v="straight"/>
  </relation>
  <relation id="43821">
    <member type="way" role="left" ref="43825"/>
    <member type="way" role="right" ref="43826"/>
    <tag k="type" v="lanelet"/>
    <tag k="subtype" v="road"/>
    <tag k="speed_limit" v="8"/>
    <tag k="location" v="urban"/>
    <tag k="one_way" v="no"/>
    <tag k="turn_direction" v="straight"/>
  </relation>
  <relation id="43833">
    <member type="way" role="left" ref="43844"/>
    <member type="way" role="right" ref="43845"/>
    <tag k="type" v="lanelet"/>
    <tag k="subtype" v="road"/>
    <tag k="speed_limit" v="8"/>
    <tag k="location" v="urban"/>
    <tag k="one_way" v="yes"/>
    <tag k="turn_direction" v="straight"/>
  </relation>
  <relation id="43840">
    <member type="way" role="left" ref="43837"/>
    <member type="way" role="right" ref="43839"/>
    <tag k="type" v="lanelet"/>
    <tag k="subtype" v="road"/>
    <tag k="speed_limit" v="5"/>
    <tag k="location" v="urban"/>
    <tag k="one_way" v="yes"/>
    <tag k="turn_direction" v="left"/>
  </relation>
  <relation id="43852">
    <member type="way" role="left" ref="43849"/>
    <member type="way" role="right" ref="43851"/>
    <tag k="type" v="lanelet"/>
    <tag k="subtype" v="road"/>
    <tag k="speed_limit" v="8"/>
    <tag k="location" v="urban"/>
    <tag k="one_way" v="yes"/>
    <tag k="turn_direction" v="straight"/>
  </relation>
  <relation id="43872">
    <member type="way" role="left" ref="43870"/>
    <member type="way" role="right" ref="43871"/>
    <tag k="type" v="lanelet"/>
    <tag k="subtype" v="road"/>
    <tag k="speed_limit" v="8"/>
    <tag k="location" v="urban"/>
    <tag k="one_way" v="yes"/>
    <tag k="turn_direction" v="straight"/>
  </relation>
  <relation id="43891">
    <member type="way" role="left" ref="43888"/>
    <member type="way" role="right" ref="43890"/>
    <tag k="type" v="lanelet"/>
    <tag k="subtype" v="road"/>
    <tag k="speed_limit" v="6"/>
    <tag k="location" v="urban"/>
    <tag k="one_way" v="yes"/>
    <tag k="turn_direction" v="right"/>
  </relation>
  <relation id="43894">
    <member type="way" role="left" ref="43892"/>
    <member type="way" role="right" ref="43893"/>
    <tag k="type" v="lanelet"/>
    <tag k="subtype" v="road"/>
    <tag k="speed_limit" v="5"/>
    <tag k="location" v="urban"/>
    <tag k="one_way" v="yes"/>
    <tag k="turn_direction" v="right"/>
  </relation>
  <relation id="43949">
    <member type="way" role="left" ref="44343"/>
    <member type="way" role="right" ref="44345"/>
    <tag k="type" v="lanelet"/>
    <tag k="subtype" v="road"/>
    <tag k="speed_limit" v="5"/>
    <tag k="location" v="urban"/>
    <tag k="one_way" v="yes"/>
    <tag k="turn_direction" v="right"/>
  </relation>
  <relation id="44182">
    <member type="way" role="left" ref="44181"/>
    <member type="way" role="right" ref="44178"/>
    <tag k="type" v="lanelet"/>
    <tag k="subtype" v="road"/>
    <tag k="speed_limit" v="8"/>
    <tag k="location" v="urban"/>
    <tag k="one_way" v="yes"/>
    <tag k="turn_direction" v="straight"/>
  </relation>
  <relation id="44254">
    <member type="way" role="left" ref="44252"/>
    <member type="way" role="right" ref="44253"/>
    <tag k="type" v="lanelet"/>
    <tag k="subtype" v="road"/>
    <tag k="speed_limit" v="8"/>
    <tag k="location" v="urban"/>
    <tag k="one_way" v="yes"/>
    <tag k="turn_direction" v="straight"/>
  </relation>
  <relation id="44268">
    <member type="way" role="left" ref="44281"/>
    <member type="way" role="right" ref="44283"/>
    <tag k="type" v="lanelet"/>
    <tag k="subtype" v="road"/>
    <tag k="speed_limit" v="8"/>
    <tag k="location" v="urban"/>
    <tag k="one_way" v="yes"/>
    <tag k="turn_direction" v="straight"/>
  </relation>
  <relation id="44271">
    <member type="way" role="left" ref="44269"/>
    <member type="way" role="right" ref="44270"/>
    <tag k="type" v="lanelet"/>
    <tag k="subtype" v="road"/>
    <tag k="speed_limit" v="8"/>
    <tag k="location" v="urban"/>
    <tag k="one_way" v="yes"/>
    <tag k="turn_direction" v="straight"/>
  </relation>
  <relation id="44307">
    <member type="way" role="left" ref="44313"/>
    <member type="way" role="right" ref="44314"/>
    <tag k="type" v="lanelet"/>
    <tag k="subtype" v="road"/>
    <tag k="speed_limit" v="5"/>
    <tag k="location" v="urban"/>
    <tag k="one_way" v="yes"/>
    <tag k="turn_direction" v="right"/>
  </relation>
  <relation id="44321">
    <member type="way" role="left" ref="44318"/>
    <member type="way" role="right" ref="44320"/>
    <tag k="type" v="lanelet"/>
    <tag k="subtype" v="road"/>
    <tag k="speed_limit" v="8"/>
    <tag k="location" v="urban"/>
    <tag k="one_way" v="yes"/>
    <tag k="turn_direction" v="left"/>
  </relation>
  <relation id="44328">
    <member type="way" role="left" ref="44325"/>
    <member type="way" role="right" ref="44327"/>
    <tag k="type" v="lanelet"/>
    <tag k="subtype" v="road"/>
    <tag k="speed_limit" v="5"/>
    <tag k="location" v="urban"/>
    <tag k="one_way" v="yes"/>
    <tag k="turn_direction" v="left"/>
  </relation>
  <relation id="44340">
    <member type="way" role="left" ref="44337"/>
    <member type="way" role="right" ref="44339"/>
    <tag k="type" v="lanelet"/>
    <tag k="subtype" v="road"/>
    <tag k="speed_limit" v="5"/>
    <tag k="location" v="urban"/>
    <tag k="one_way" v="yes"/>
    <tag k="turn_direction" v="right"/>
  </relation>
  <relation id="44347">
    <member type="way" role="left" ref="44344"/>
    <member type="way" role="right" ref="44346"/>
    <tag k="type" v="lanelet"/>
    <tag k="subtype" v="road"/>
    <tag k="speed_limit" v="5"/>
    <tag k="location" v="urban"/>
    <tag k="one_way" v="yes"/>
    <tag k="turn_direction" v="right"/>
  </relation>
  <relation id="44375">
    <member type="way" role="left" ref="46560"/>
    <member type="way" role="right" ref="46561"/>
    <tag k="type" v="lanelet"/>
    <tag k="subtype" v="road"/>
    <tag k="speed_limit" v="5"/>
    <tag k="location" v="urban"/>
    <tag k="one_way" v="yes"/>
    <tag k="turn_direction" v="left"/>
  </relation>
  <relation id="44399">
    <member type="way" role="left" ref="44397"/>
    <member type="way" role="right" ref="44398"/>
    <tag k="type" v="lanelet"/>
    <tag k="subtype" v="road"/>
    <tag k="speed_limit" v="8"/>
    <tag k="location" v="urban"/>
    <tag k="one_way" v="yes"/>
    <tag k="turn_direction" v="straight"/>
  </relation>
  <relation id="44454">
    <member type="way" role="left" ref="44451"/>
    <member type="way" role="right" ref="44453"/>
    <tag k="type" v="lanelet"/>
    <tag k="subtype" v="road"/>
    <tag k="speed_limit" v="8"/>
    <tag k="location" v="urban"/>
    <tag k="one_way" v="yes"/>
    <tag k="turn_direction" v="straight"/>
  </relation>
  <relation id="44469">
    <member type="way" role="left" ref="44472"/>
    <member type="way" role="right" ref="44474"/>
    <tag k="type" v="lanelet"/>
    <tag k="subtype" v="road"/>
    <tag k="speed_limit" v="8"/>
    <tag k="location" v="urban"/>
    <tag k="one_way" v="yes"/>
    <tag k="turn_direction" v="right"/>
  </relation>
  <relation id="44476">
    <member type="way" role="left" ref="44473"/>
    <member type="way" role="right" ref="44475"/>
    <tag k="type" v="lanelet"/>
    <tag k="subtype" v="road"/>
    <tag k="speed_limit" v="8"/>
    <tag k="location" v="urban"/>
    <tag k="one_way" v="yes"/>
    <tag k="turn_direction" v="right"/>
  </relation>
  <relation id="44490">
    <member type="way" role="left" ref="44487"/>
    <member type="way" role="right" ref="44489"/>
    <tag k="type" v="lanelet"/>
    <tag k="subtype" v="road"/>
    <tag k="speed_limit" v="5"/>
    <tag k="location" v="urban"/>
    <tag k="one_way" v="yes"/>
    <tag k="turn_direction" v="left"/>
  </relation>
  <relation id="44509">
    <member type="way" role="left" ref="44507"/>
    <member type="way" role="right" ref="44508"/>
    <tag k="type" v="lanelet"/>
    <tag k="subtype" v="road"/>
    <tag k="speed_limit" v="5"/>
    <tag k="location" v="urban"/>
    <tag k="one_way" v="yes"/>
    <tag k="turn_direction" v="left"/>
  </relation>
  <relation id="44537">
    <member type="way" role="left" ref="44536"/>
    <member type="way" role="right" ref="44533"/>
    <tag k="type" v="lanelet"/>
    <tag k="subtype" v="road"/>
    <tag k="speed_limit" v="5"/>
    <tag k="location" v="urban"/>
    <tag k="one_way" v="yes"/>
    <tag k="turn_direction" v="right"/>
  </relation>
  <relation id="44546">
    <member type="way" role="left" ref="44544"/>
    <member type="way" role="right" ref="44545"/>
    <tag k="type" v="lanelet"/>
    <tag k="subtype" v="road"/>
    <tag k="speed_limit" v="5"/>
    <tag k="location" v="urban"/>
    <tag k="one_way" v="yes"/>
    <tag k="turn_direction" v="right"/>
  </relation>
  <relation id="44561">
    <member type="way" role="left" ref="44559"/>
    <member type="way" role="right" ref="44560"/>
    <tag k="type" v="lanelet"/>
    <tag k="subtype" v="road"/>
    <tag k="speed_limit" v="5"/>
    <tag k="location" v="urban"/>
    <tag k="one_way" v="yes"/>
    <tag k="turn_direction" v="right"/>
  </relation>
  <relation id="44568">
    <member type="way" role="left" ref="44671"/>
    <member type="way" role="right" ref="44672"/>
    <tag k="type" v="lanelet"/>
    <tag k="subtype" v="road"/>
    <tag k="speed_limit" v="8"/>
    <tag k="location" v="urban"/>
    <tag k="one_way" v="yes"/>
    <tag k="turn_direction" v="straight"/>
  </relation>
  <relation id="44575">
    <member type="way" role="left" ref="44574"/>
    <member type="way" role="right" ref="44571"/>
    <tag k="type" v="lanelet"/>
    <tag k="subtype" v="road"/>
    <tag k="speed_limit" v="5"/>
    <tag k="location" v="urban"/>
    <tag k="one_way" v="yes"/>
    <tag k="turn_direction" v="right"/>
  </relation>
  <relation id="44594">
    <member type="way" role="left" ref="44592"/>
    <member type="way" role="right" ref="44593"/>
    <tag k="type" v="lanelet"/>
    <tag k="subtype" v="road"/>
    <tag k="speed_limit" v="5"/>
    <tag k="location" v="urban"/>
    <tag k="one_way" v="yes"/>
    <tag k="turn_direction" v="right"/>
  </relation>
  <relation id="44609">
    <member type="way" role="left" ref="44607"/>
    <member type="way" role="right" ref="44608"/>
    <tag k="type" v="lanelet"/>
    <tag k="subtype" v="road"/>
    <tag k="speed_limit" v="5"/>
    <tag k="location" v="urban"/>
    <tag k="one_way" v="yes"/>
    <tag k="turn_direction" v="right"/>
  </relation>
  <relation id="44670">
    <member type="way" role="left" ref="44667"/>
    <member type="way" role="right" ref="44669"/>
    <tag k="type" v="lanelet"/>
    <tag k="subtype" v="road"/>
    <tag k="speed_limit" v="8"/>
    <tag k="location" v="urban"/>
    <tag k="one_way" v="yes"/>
    <tag k="turn_direction" v="straight"/>
  </relation>
  <relation id="44698">
    <member type="way" role="left" ref="44696"/>
    <member type="way" role="right" ref="44697"/>
    <tag k="type" v="lanelet"/>
    <tag k="subtype" v="road"/>
    <tag k="speed_limit" v="5"/>
    <tag k="location" v="urban"/>
    <tag k="one_way" v="yes"/>
    <tag k="turn_direction" v="right"/>
  </relation>
  <relation id="44734">
    <member type="way" role="left" ref="44732"/>
    <member type="way" role="right" ref="44733"/>
    <tag k="type" v="lanelet"/>
    <tag k="subtype" v="road"/>
    <tag k="speed_limit" v="8"/>
    <tag k="location" v="urban"/>
    <tag k="one_way" v="yes"/>
    <tag k="turn_direction" v="straight"/>
  </relation>
  <relation id="44852">
    <member type="way" role="left" ref="44849"/>
    <member type="way" role="right" ref="44851"/>
    <tag k="type" v="lanelet"/>
    <tag k="subtype" v="road"/>
    <tag k="speed_limit" v="5"/>
    <tag k="location" v="urban"/>
    <tag k="one_way" v="yes"/>
    <tag k="turn_direction" v="left"/>
  </relation>
  <relation id="44896">
    <member type="way" role="left" ref="44892"/>
    <member type="way" role="right" ref="44893"/>
    <tag k="type" v="lanelet"/>
    <tag k="subtype" v="road"/>
    <tag k="speed_limit" v="3"/>
    <tag k="location" v="urban"/>
    <tag k="one_way" v="yes"/>
    <tag k="turn_direction" v="left"/>
  </relation>
  <relation id="44897">
    <member type="way" role="left" ref="44894"/>
    <member type="way" role="right" ref="44895"/>
    <tag k="type" v="lanelet"/>
    <tag k="subtype" v="road"/>
    <tag k="speed_limit" v="3"/>
    <tag k="location" v="urban"/>
    <tag k="one_way" v="yes"/>
    <tag k="turn_direction" v="left"/>
  </relation>
  <relation id="44904">
    <member type="way" role="left" ref="44901"/>
    <member type="way" role="right" ref="44903"/>
    <tag k="type" v="lanelet"/>
    <tag k="subtype" v="road"/>
    <tag k="speed_limit" v="8"/>
    <tag k="location" v="urban"/>
    <tag k="one_way" v="yes"/>
    <tag k="turn_direction" v="straight"/>
  </relation>
  <relation id="44920">
    <member type="way" role="left" ref="44918"/>
    <member type="way" role="right" ref="44919"/>
    <tag k="type" v="lanelet"/>
    <tag k="subtype" v="road"/>
    <tag k="speed_limit" v="4"/>
    <tag k="location" v="urban"/>
    <tag k="one_way" v="yes"/>
    <tag k="turn_direction" v="left"/>
  </relation>
  <relation id="44929">
    <member type="way" role="left" ref="44927"/>
    <member type="way" role="right" ref="44928"/>
    <tag k="type" v="lanelet"/>
    <tag k="subtype" v="road"/>
    <tag k="speed_limit" v="8"/>
    <tag k="location" v="urban"/>
    <tag k="one_way" v="yes"/>
    <tag k="turn_direction" v="straight"/>
  </relation>
  <relation id="45033">
    <member type="way" role="left" ref="48388"/>
    <member type="way" role="right" ref="48390"/>
    <tag k="type" v="lanelet"/>
    <tag k="subtype" v="road"/>
    <tag k="speed_limit" v="8"/>
    <tag k="location" v="urban"/>
    <tag k="one_way" v="yes"/>
    <tag k="turn_direction" v="straight"/>
  </relation>
  <relation id="45084">
    <member type="way" role="left" ref="45280"/>
    <member type="way" role="right" ref="45282"/>
    <tag k="type" v="lanelet"/>
    <tag k="subtype" v="road"/>
    <tag k="speed_limit" v="8"/>
    <tag k="location" v="urban"/>
    <tag k="one_way" v="yes"/>
  </relation>
  <relation id="45116">
    <member type="way" role="left" ref="45114"/>
    <member type="way" role="right" ref="45115"/>
    <tag k="type" v="lanelet"/>
    <tag k="subtype" v="road"/>
    <tag k="speed_limit" v="3"/>
    <tag k="location" v="urban"/>
    <tag k="one_way" v="yes"/>
    <tag k="turn_direction" v="right"/>
  </relation>
  <relation id="45119">
    <member type="way" role="left" ref="45117"/>
    <member type="way" role="right" ref="45118"/>
    <tag k="type" v="lanelet"/>
    <tag k="subtype" v="road"/>
    <tag k="speed_limit" v="3"/>
    <tag k="location" v="urban"/>
    <tag k="one_way" v="yes"/>
    <tag k="turn_direction" v="right"/>
  </relation>
  <relation id="45122">
    <member type="way" role="left" ref="45120"/>
    <member type="way" role="right" ref="45121"/>
    <tag k="type" v="lanelet"/>
    <tag k="subtype" v="road"/>
    <tag k="speed_limit" v="3"/>
    <tag k="location" v="urban"/>
    <tag k="one_way" v="yes"/>
  </relation>
  <relation id="45193">
    <member type="way" role="left" ref="45190"/>
    <member type="way" role="right" ref="45192"/>
    <tag k="type" v="lanelet"/>
    <tag k="subtype" v="road"/>
    <tag k="speed_limit" v="3"/>
    <tag k="location" v="urban"/>
    <tag k="one_way" v="yes"/>
    <tag k="turn_direction" v="right"/>
  </relation>
  <relation id="45196">
    <member type="way" role="left" ref="45194"/>
    <member type="way" role="right" ref="45195"/>
    <tag k="type" v="lanelet"/>
    <tag k="subtype" v="road"/>
    <tag k="speed_limit" v="8"/>
    <tag k="location" v="urban"/>
    <tag k="one_way" v="yes"/>
    <tag k="turn_direction" v="straight"/>
  </relation>
  <relation id="45199">
    <member type="way" role="left" ref="45197"/>
    <member type="way" role="right" ref="45198"/>
    <tag k="type" v="lanelet"/>
    <tag k="subtype" v="road"/>
    <tag k="speed_limit" v="8"/>
    <tag k="location" v="urban"/>
    <tag k="one_way" v="yes"/>
    <tag k="turn_direction" v="straight"/>
  </relation>
  <relation id="45215">
    <member type="way" role="left" ref="45216"/>
    <member type="way" role="right" ref="45217"/>
    <tag k="type" v="lanelet"/>
    <tag k="subtype" v="road"/>
    <tag k="speed_limit" v="5"/>
    <tag k="location" v="urban"/>
    <tag k="one_way" v="yes"/>
    <tag k="turn_direction" v="right"/>
  </relation>
  <relation id="45238">
    <member type="way" role="left" ref="45236"/>
    <member type="way" role="right" ref="45237"/>
    <tag k="type" v="lanelet"/>
    <tag k="subtype" v="road"/>
    <tag k="speed_limit" v="5"/>
    <tag k="location" v="urban"/>
    <tag k="one_way" v="yes"/>
    <tag k="turn_direction" v="right"/>
  </relation>
  <relation id="45274">
    <member type="way" role="left" ref="45271"/>
    <member type="way" role="right" ref="45273"/>
    <tag k="type" v="lanelet"/>
    <tag k="subtype" v="road"/>
    <tag k="speed_limit" v="8"/>
    <tag k="location" v="urban"/>
    <tag k="one_way" v="yes"/>
    <tag k="turn_direction" v="straight"/>
  </relation>
  <relation id="45277">
    <member type="way" role="left" ref="48499"/>
    <member type="way" role="right" ref="48500"/>
    <tag k="type" v="lanelet"/>
    <tag k="subtype" v="road"/>
    <tag k="speed_limit" v="3"/>
    <tag k="location" v="urban"/>
    <tag k="one_way" v="yes"/>
    <tag k="turn_direction" v="right"/>
  </relation>
  <relation id="45284">
    <member type="way" role="left" ref="45281"/>
    <member type="way" role="right" ref="45283"/>
    <tag k="type" v="lanelet"/>
    <tag k="subtype" v="road"/>
    <tag k="speed_limit" v="8"/>
    <tag k="location" v="urban"/>
    <tag k="one_way" v="yes"/>
  </relation>
  <relation id="45287">
    <member type="way" role="left" ref="45285"/>
    <member type="way" role="right" ref="45286"/>
    <tag k="type" v="lanelet"/>
    <tag k="subtype" v="road"/>
    <tag k="speed_limit" v="3"/>
    <tag k="location" v="urban"/>
    <tag k="one_way" v="yes"/>
    <tag k="turn_direction" v="left"/>
  </relation>
  <relation id="45359">
    <member type="way" role="left" ref="45456"/>
    <member type="way" role="right" ref="45458"/>
    <tag k="type" v="lanelet"/>
    <tag k="subtype" v="road"/>
    <tag k="speed_limit" v="8"/>
    <tag k="location" v="urban"/>
    <tag k="one_way" v="yes"/>
    <tag k="turn_direction" v="straight"/>
  </relation>
  <relation id="45373">
    <member type="way" role="left" ref="45372"/>
    <member type="way" role="right" ref="45369"/>
    <tag k="type" v="lanelet"/>
    <tag k="subtype" v="road"/>
    <tag k="speed_limit" v="5"/>
    <tag k="location" v="urban"/>
    <tag k="one_way" v="yes"/>
    <tag k="turn_direction" v="left"/>
  </relation>
  <relation id="45390">
    <member type="way" role="left" ref="45388"/>
    <member type="way" role="right" ref="45389"/>
    <tag k="type" v="lanelet"/>
    <tag k="subtype" v="road"/>
    <tag k="speed_limit" v="5"/>
    <tag k="location" v="urban"/>
    <tag k="one_way" v="yes"/>
    <tag k="turn_direction" v="left"/>
  </relation>
  <relation id="45460">
    <member type="way" role="left" ref="45461"/>
    <member type="way" role="right" ref="45462"/>
    <tag k="type" v="lanelet"/>
    <tag k="subtype" v="road"/>
    <tag k="speed_limit" v="8"/>
    <tag k="location" v="urban"/>
    <tag k="one_way" v="yes"/>
    <tag k="turn_direction" v="straight"/>
  </relation>
  <relation id="45554">
    <member type="way" role="left" ref="45654"/>
    <member type="way" role="right" ref="45656"/>
    <tag k="type" v="lanelet"/>
    <tag k="subtype" v="road"/>
    <tag k="speed_limit" v="5"/>
    <tag k="location" v="urban"/>
    <tag k="one_way" v="yes"/>
    <tag k="turn_direction" v="right"/>
  </relation>
  <relation id="45774">
    <member type="way" role="left" ref="45772"/>
    <member type="way" role="right" ref="45773"/>
    <tag k="type" v="lanelet"/>
    <tag k="subtype" v="road"/>
    <tag k="speed_limit" v="8"/>
    <tag k="location" v="urban"/>
    <tag k="one_way" v="yes"/>
    <tag k="turn_direction" v="straight"/>
  </relation>
  <relation id="45866">
    <member type="way" role="left" ref="45867"/>
    <member type="way" role="right" ref="45868"/>
    <tag k="type" v="lanelet"/>
    <tag k="subtype" v="road"/>
    <tag k="speed_limit" v="10"/>
    <tag k="location" v="urban"/>
    <tag k="one_way" v="yes"/>
    <tag k="turn_direction" v="left"/>
  </relation>
  <relation id="45878">
    <member type="way" role="left" ref="45891"/>
    <member type="way" role="right" ref="45892"/>
    <tag k="type" v="lanelet"/>
    <tag k="subtype" v="road"/>
    <tag k="speed_limit" v="8"/>
    <tag k="location" v="urban"/>
    <tag k="one_way" v="yes"/>
    <tag k="turn_direction" v="straight"/>
  </relation>
  <relation id="45902">
    <member type="way" role="left" ref="45905"/>
    <member type="way" role="right" ref="45907"/>
    <tag k="type" v="lanelet"/>
    <tag k="subtype" v="road"/>
    <tag k="speed_limit" v="8"/>
    <tag k="location" v="urban"/>
    <tag k="one_way" v="yes"/>
    <tag k="turn_direction" v="straight"/>
  </relation>
  <relation id="46033">
    <member type="way" role="left" ref="46031"/>
    <member type="way" role="right" ref="46032"/>
    <tag k="type" v="lanelet"/>
    <tag k="subtype" v="road"/>
    <tag k="speed_limit" v="5"/>
    <tag k="location" v="urban"/>
    <tag k="one_way" v="yes"/>
    <tag k="turn_direction" v="right"/>
  </relation>
  <relation id="46047">
    <member type="way" role="left" ref="46069"/>
    <member type="way" role="right" ref="46070"/>
    <tag k="type" v="lanelet"/>
    <tag k="subtype" v="road"/>
    <tag k="speed_limit" v="8"/>
    <tag k="location" v="urban"/>
    <tag k="one_way" v="yes"/>
    <tag k="turn_direction" v="left"/>
  </relation>
  <relation id="46094">
    <member type="way" role="left" ref="46091"/>
    <member type="way" role="right" ref="46093"/>
    <tag k="type" v="lanelet"/>
    <tag k="subtype" v="road"/>
    <tag k="speed_limit" v="8"/>
    <tag k="location" v="urban"/>
    <tag k="one_way" v="yes"/>
    <tag k="turn_direction" v="straight"/>
  </relation>
  <relation id="46097">
    <member type="way" role="left" ref="46095"/>
    <member type="way" role="right" ref="46096"/>
    <tag k="type" v="lanelet"/>
    <tag k="subtype" v="road"/>
    <tag k="speed_limit" v="8"/>
    <tag k="location" v="urban"/>
    <tag k="one_way" v="yes"/>
    <tag k="turn_direction" v="straight"/>
  </relation>
  <relation id="46107">
    <member type="way" role="left" ref="46105"/>
    <member type="way" role="right" ref="46106"/>
    <tag k="type" v="lanelet"/>
    <tag k="subtype" v="road"/>
    <tag k="speed_limit" v="8"/>
    <tag k="location" v="urban"/>
    <tag k="one_way" v="yes"/>
    <tag k="turn_direction" v="straight"/>
  </relation>
  <relation id="46188">
    <member type="way" role="left" ref="46186"/>
    <member type="way" role="right" ref="46187"/>
    <tag k="type" v="lanelet"/>
    <tag k="subtype" v="road"/>
    <tag k="speed_limit" v="8"/>
    <tag k="location" v="urban"/>
    <tag k="one_way" v="yes"/>
  </relation>
  <relation id="46200">
    <member type="way" role="left" ref="46198"/>
    <member type="way" role="right" ref="46199"/>
    <tag k="type" v="lanelet"/>
    <tag k="subtype" v="road"/>
    <tag k="speed_limit" v="8"/>
    <tag k="location" v="urban"/>
    <tag k="one_way" v="yes"/>
    <tag k="turn_direction" v="right"/>
  </relation>
  <relation id="46253">
    <member type="way" role="left" ref="46250"/>
    <member type="way" role="right" ref="46252"/>
    <tag k="type" v="lanelet"/>
    <tag k="subtype" v="road"/>
    <tag k="speed_limit" v="8"/>
    <tag k="location" v="urban"/>
    <tag k="one_way" v="yes"/>
    <tag k="turn_direction" v="straight"/>
  </relation>
  <relation id="46290">
    <member type="way" role="left" ref="46288"/>
    <member type="way" role="right" ref="46289"/>
    <tag k="type" v="lanelet"/>
    <tag k="subtype" v="road"/>
    <tag k="speed_limit" v="5"/>
    <tag k="location" v="urban"/>
    <tag k="one_way" v="yes"/>
    <tag k="turn_direction" v="left"/>
  </relation>
  <relation id="46350">
    <member type="way" role="left" ref="46870"/>
    <member type="way" role="right" ref="46871"/>
    <tag k="type" v="lanelet"/>
    <tag k="subtype" v="road"/>
    <tag k="speed_limit" v="5"/>
    <tag k="location" v="urban"/>
    <tag k="one_way" v="yes"/>
    <tag k="turn_direction" v="right"/>
  </relation>
  <relation id="46373">
    <member type="way" role="left" ref="46371"/>
    <member type="way" role="right" ref="46372"/>
    <tag k="type" v="lanelet"/>
    <tag k="subtype" v="road"/>
    <tag k="speed_limit" v="5"/>
    <tag k="location" v="urban"/>
    <tag k="one_way" v="yes"/>
    <tag k="turn_direction" v="right"/>
  </relation>
  <relation id="46399">
    <member type="way" role="left" ref="46419"/>
    <member type="way" role="right" ref="46420"/>
    <tag k="type" v="lanelet"/>
    <tag k="subtype" v="road"/>
    <tag k="speed_limit" v="5"/>
    <tag k="location" v="urban"/>
    <tag k="one_way" v="yes"/>
    <tag k="turn_direction" v="right"/>
  </relation>
  <relation id="46427">
    <member type="way" role="left" ref="46424"/>
    <member type="way" role="right" ref="46426"/>
    <tag k="type" v="lanelet"/>
    <tag k="subtype" v="road"/>
    <tag k="speed_limit" v="8"/>
    <tag k="location" v="urban"/>
    <tag k="one_way" v="yes"/>
    <tag k="turn_direction" v="straight"/>
  </relation>
  <relation id="46430">
    <member type="way" role="left" ref="46428"/>
    <member type="way" role="right" ref="46429"/>
    <tag k="type" v="lanelet"/>
    <tag k="subtype" v="road"/>
    <tag k="speed_limit" v="8"/>
    <tag k="location" v="urban"/>
    <tag k="one_way" v="yes"/>
    <tag k="turn_direction" v="straight"/>
  </relation>
  <relation id="46449">
    <member type="way" role="left" ref="46447"/>
    <member type="way" role="right" ref="46448"/>
    <tag k="type" v="lanelet"/>
    <tag k="subtype" v="road"/>
    <tag k="speed_limit" v="5"/>
    <tag k="location" v="urban"/>
    <tag k="one_way" v="yes"/>
    <tag k="turn_direction" v="right"/>
  </relation>
  <relation id="46505">
    <member type="way" role="left" ref="48253"/>
    <member type="way" role="right" ref="48255"/>
    <tag k="type" v="lanelet"/>
    <tag k="subtype" v="road"/>
    <tag k="speed_limit" v="8"/>
    <tag k="location" v="urban"/>
    <tag k="one_way" v="yes"/>
    <tag k="turn_direction" v="straight"/>
  </relation>
  <relation id="46520">
    <member type="way" role="left" ref="46518"/>
    <member type="way" role="right" ref="46519"/>
    <tag k="type" v="lanelet"/>
    <tag k="subtype" v="road"/>
    <tag k="speed_limit" v="8"/>
    <tag k="location" v="urban"/>
    <tag k="one_way" v="yes"/>
    <tag k="turn_direction" v="straight"/>
  </relation>
  <relation id="46538">
    <member type="way" role="left" ref="46535"/>
    <member type="way" role="right" ref="46537"/>
    <tag k="type" v="lanelet"/>
    <tag k="subtype" v="road"/>
    <tag k="speed_limit" v="8"/>
    <tag k="location" v="urban"/>
    <tag k="one_way" v="yes"/>
    <tag k="turn_direction" v="straight"/>
  </relation>
  <relation id="46634">
    <member type="way" role="left" ref="46657"/>
    <member type="way" role="right" ref="46659"/>
    <tag k="type" v="lanelet"/>
    <tag k="subtype" v="road"/>
    <tag k="speed_limit" v="5"/>
    <tag k="location" v="urban"/>
    <tag k="one_way" v="yes"/>
    <tag k="turn_direction" v="right"/>
  </relation>
  <relation id="46709">
    <member type="way" role="left" ref="46706"/>
    <member type="way" role="right" ref="46708"/>
    <tag k="type" v="lanelet"/>
    <tag k="subtype" v="road"/>
    <tag k="speed_limit" v="5"/>
    <tag k="location" v="urban"/>
    <tag k="one_way" v="yes"/>
    <tag k="turn_direction" v="right"/>
  </relation>
  <relation id="46751">
    <member type="way" role="left" ref="46749"/>
    <member type="way" role="right" ref="46750"/>
    <tag k="type" v="lanelet"/>
    <tag k="subtype" v="road"/>
    <tag k="speed_limit" v="8"/>
    <tag k="location" v="urban"/>
    <tag k="one_way" v="yes"/>
    <tag k="turn_direction" v="left"/>
  </relation>
  <relation id="46754">
    <member type="way" role="left" ref="46752"/>
    <member type="way" role="right" ref="46753"/>
    <tag k="type" v="lanelet"/>
    <tag k="subtype" v="road"/>
    <tag k="speed_limit" v="8"/>
    <tag k="location" v="urban"/>
    <tag k="one_way" v="yes"/>
    <tag k="turn_direction" v="straight"/>
  </relation>
  <relation id="46761">
    <member type="way" role="left" ref="46758"/>
    <member type="way" role="right" ref="46760"/>
    <tag k="type" v="lanelet"/>
    <tag k="subtype" v="road"/>
    <tag k="speed_limit" v="5"/>
    <tag k="location" v="urban"/>
    <tag k="one_way" v="yes"/>
    <tag k="turn_direction" v="right"/>
  </relation>
  <relation id="46797">
    <member type="way" role="left" ref="46794"/>
    <member type="way" role="right" ref="46796"/>
    <tag k="type" v="lanelet"/>
    <tag k="subtype" v="road"/>
    <tag k="speed_limit" v="8"/>
    <tag k="location" v="urban"/>
    <tag k="one_way" v="yes"/>
    <tag k="turn_direction" v="straight"/>
  </relation>
  <relation id="46819">
    <member type="way" role="left" ref="46817"/>
    <member type="way" role="right" ref="46818"/>
    <tag k="type" v="lanelet"/>
    <tag k="subtype" v="road"/>
    <tag k="speed_limit" v="8"/>
    <tag k="location" v="urban"/>
    <tag k="one_way" v="yes"/>
    <tag k="turn_direction" v="straight"/>
  </relation>
  <relation id="46895">
    <member type="way" role="left" ref="46953"/>
    <member type="way" role="right" ref="46955"/>
    <tag k="type" v="lanelet"/>
    <tag k="subtype" v="road"/>
    <tag k="speed_limit" v="8"/>
    <tag k="location" v="urban"/>
    <tag k="one_way" v="yes"/>
  </relation>
  <relation id="46928">
    <member type="way" role="left" ref="46925"/>
    <member type="way" role="right" ref="46927"/>
    <tag k="type" v="lanelet"/>
    <tag k="subtype" v="road"/>
    <tag k="speed_limit" v="8"/>
    <tag k="location" v="urban"/>
    <tag k="one_way" v="yes"/>
    <tag k="turn_direction" v="straight"/>
  </relation>
  <relation id="46984">
    <member type="way" role="left" ref="47042"/>
    <member type="way" role="right" ref="47044"/>
    <tag k="type" v="lanelet"/>
    <tag k="subtype" v="road"/>
    <tag k="speed_limit" v="8"/>
    <tag k="location" v="urban"/>
    <tag k="one_way" v="yes"/>
    <tag k="turn_direction" v="straight"/>
  </relation>
  <relation id="47083">
    <member type="way" role="left" ref="47081"/>
    <member type="way" role="right" ref="47082"/>
    <tag k="type" v="lanelet"/>
    <tag k="subtype" v="road"/>
    <tag k="speed_limit" v="5"/>
    <tag k="location" v="urban"/>
    <tag k="one_way" v="yes"/>
    <tag k="turn_direction" v="right"/>
  </relation>
  <relation id="47094">
    <member type="way" role="left" ref="47092"/>
    <member type="way" role="right" ref="47093"/>
    <tag k="type" v="lanelet"/>
    <tag k="subtype" v="road"/>
    <tag k="speed_limit" v="5"/>
    <tag k="location" v="urban"/>
    <tag k="one_way" v="yes"/>
    <tag k="turn_direction" v="right"/>
  </relation>
  <relation id="47111">
    <member type="way" role="left" ref="47109"/>
    <member type="way" role="right" ref="47110"/>
    <tag k="type" v="lanelet"/>
    <tag k="subtype" v="road"/>
    <tag k="speed_limit" v="5"/>
    <tag k="location" v="urban"/>
    <tag k="one_way" v="yes"/>
    <tag k="turn_direction" v="left"/>
  </relation>
  <relation id="47114">
    <member type="way" role="left" ref="47112"/>
    <member type="way" role="right" ref="47113"/>
    <tag k="type" v="lanelet"/>
    <tag k="subtype" v="road"/>
    <tag k="speed_limit" v="8"/>
    <tag k="location" v="urban"/>
    <tag k="one_way" v="yes"/>
    <tag k="turn_direction" v="straight"/>
  </relation>
  <relation id="47133">
    <member type="way" role="left" ref="47131"/>
    <member type="way" role="right" ref="47132"/>
    <tag k="type" v="lanelet"/>
    <tag k="subtype" v="road"/>
    <tag k="speed_limit" v="5"/>
    <tag k="location" v="urban"/>
    <tag k="one_way" v="yes"/>
    <tag k="turn_direction" v="left"/>
  </relation>
  <relation id="47144">
    <member type="way" role="left" ref="47142"/>
    <member type="way" role="right" ref="47143"/>
    <tag k="type" v="lanelet"/>
    <tag k="subtype" v="road"/>
    <tag k="speed_limit" v="8"/>
    <tag k="location" v="urban"/>
    <tag k="one_way" v="yes"/>
    <tag k="turn_direction" v="right"/>
  </relation>
  <relation id="47155">
    <member type="way" role="left" ref="47153"/>
    <member type="way" role="right" ref="47154"/>
    <tag k="type" v="lanelet"/>
    <tag k="subtype" v="road"/>
    <tag k="speed_limit" v="5"/>
    <tag k="location" v="urban"/>
    <tag k="one_way" v="yes"/>
    <tag k="turn_direction" v="right"/>
  </relation>
  <relation id="47198">
    <member type="way" role="left" ref="47196"/>
    <member type="way" role="right" ref="47197"/>
    <tag k="type" v="lanelet"/>
    <tag k="subtype" v="road"/>
    <tag k="speed_limit" v="5"/>
    <tag k="location" v="urban"/>
    <tag k="one_way" v="yes"/>
    <tag k="turn_direction" v="left"/>
  </relation>
  <relation id="47285">
    <member type="way" role="left" ref="47283"/>
    <member type="way" role="right" ref="47284"/>
    <tag k="type" v="lanelet"/>
    <tag k="subtype" v="road"/>
    <tag k="speed_limit" v="5"/>
    <tag k="location" v="urban"/>
    <tag k="one_way" v="yes"/>
    <tag k="turn_direction" v="right"/>
  </relation>
  <relation id="47305">
    <member type="way" role="left" ref="47303"/>
    <member type="way" role="right" ref="47304"/>
    <tag k="type" v="lanelet"/>
    <tag k="subtype" v="road"/>
    <tag k="speed_limit" v="5"/>
    <tag k="location" v="urban"/>
    <tag k="one_way" v="yes"/>
    <tag k="turn_direction" v="left"/>
  </relation>
  <relation id="47325">
    <member type="way" role="left" ref="47323"/>
    <member type="way" role="right" ref="47324"/>
    <tag k="type" v="lanelet"/>
    <tag k="subtype" v="road"/>
    <tag k="speed_limit" v="5"/>
    <tag k="location" v="urban"/>
    <tag k="one_way" v="yes"/>
    <tag k="turn_direction" v="right"/>
  </relation>
  <relation id="47338">
    <member type="way" role="left" ref="47336"/>
    <member type="way" role="right" ref="47337"/>
    <tag k="type" v="lanelet"/>
    <tag k="subtype" v="road"/>
    <tag k="speed_limit" v="8"/>
    <tag k="location" v="urban"/>
    <tag k="one_way" v="yes"/>
    <tag k="turn_direction" v="straight"/>
  </relation>
  <relation id="47341">
    <member type="way" role="left" ref="47339"/>
    <member type="way" role="right" ref="47340"/>
    <tag k="type" v="lanelet"/>
    <tag k="subtype" v="road"/>
    <tag k="speed_limit" v="8"/>
    <tag k="location" v="urban"/>
    <tag k="one_way" v="yes"/>
    <tag k="turn_direction" v="straight"/>
  </relation>
  <relation id="47364">
    <member type="way" role="left" ref="47606"/>
    <member type="way" role="right" ref="47608"/>
    <tag k="type" v="lanelet"/>
    <tag k="subtype" v="road"/>
    <tag k="speed_limit" v="8"/>
    <tag k="location" v="urban"/>
    <tag k="one_way" v="yes"/>
    <tag k="turn_direction" v="straight"/>
  </relation>
  <relation id="47367">
    <member type="way" role="left" ref="47365"/>
    <member type="way" role="right" ref="47366"/>
    <tag k="type" v="lanelet"/>
    <tag k="subtype" v="road"/>
    <tag k="speed_limit" v="8"/>
    <tag k="location" v="urban"/>
    <tag k="one_way" v="yes"/>
    <tag k="turn_direction" v="straight"/>
  </relation>
  <relation id="47370">
    <member type="way" role="left" ref="47368"/>
    <member type="way" role="right" ref="47369"/>
    <tag k="type" v="lanelet"/>
    <tag k="subtype" v="road"/>
    <tag k="speed_limit" v="8"/>
    <tag k="location" v="urban"/>
    <tag k="one_way" v="yes"/>
    <tag k="turn_direction" v="straight"/>
  </relation>
  <relation id="47373">
    <member type="way" role="left" ref="47371"/>
    <member type="way" role="right" ref="47372"/>
    <tag k="type" v="lanelet"/>
    <tag k="subtype" v="road"/>
    <tag k="speed_limit" v="8"/>
    <tag k="location" v="urban"/>
    <tag k="one_way" v="yes"/>
    <tag k="turn_direction" v="straight"/>
  </relation>
  <relation id="47429">
    <member type="way" role="left" ref="47427"/>
    <member type="way" role="right" ref="47428"/>
    <tag k="type" v="lanelet"/>
    <tag k="subtype" v="road"/>
    <tag k="speed_limit" v="8"/>
    <tag k="location" v="urban"/>
    <tag k="one_way" v="yes"/>
    <tag k="turn_direction" v="straight"/>
  </relation>
  <relation id="47436">
    <member type="way" role="left" ref="47441"/>
    <member type="way" role="right" ref="47443"/>
    <tag k="type" v="lanelet"/>
    <tag k="subtype" v="road"/>
    <tag k="speed_limit" v="8"/>
    <tag k="location" v="urban"/>
    <tag k="one_way" v="yes"/>
    <tag k="turn_direction" v="left"/>
  </relation>
  <relation id="47445">
    <member type="way" role="left" ref="47442"/>
    <member type="way" role="right" ref="47444"/>
    <tag k="type" v="lanelet"/>
    <tag k="subtype" v="road"/>
    <tag k="speed_limit" v="8"/>
    <tag k="location" v="urban"/>
    <tag k="one_way" v="yes"/>
    <tag k="turn_direction" v="left"/>
  </relation>
  <relation id="47448">
    <member type="way" role="left" ref="47446"/>
    <member type="way" role="right" ref="47447"/>
    <tag k="type" v="lanelet"/>
    <tag k="subtype" v="road"/>
    <tag k="speed_limit" v="8"/>
    <tag k="location" v="urban"/>
    <tag k="one_way" v="yes"/>
    <tag k="turn_direction" v="straight"/>
  </relation>
  <relation id="47451">
    <member type="way" role="left" ref="47449"/>
    <member type="way" role="right" ref="47450"/>
    <tag k="type" v="lanelet"/>
    <tag k="subtype" v="road"/>
    <tag k="speed_limit" v="8"/>
    <tag k="location" v="urban"/>
    <tag k="one_way" v="yes"/>
    <tag k="turn_direction" v="straight"/>
  </relation>
  <relation id="47484">
    <member type="way" role="left" ref="47613"/>
    <member type="way" role="right" ref="47615"/>
    <tag k="type" v="lanelet"/>
    <tag k="subtype" v="road"/>
    <tag k="speed_limit" v="8"/>
    <tag k="location" v="urban"/>
    <tag k="one_way" v="yes"/>
    <tag k="turn_direction" v="straight"/>
  </relation>
  <relation id="47519">
    <member type="way" role="left" ref="47516"/>
    <member type="way" role="right" ref="47518"/>
    <tag k="type" v="lanelet"/>
    <tag k="subtype" v="road"/>
    <tag k="speed_limit" v="8"/>
    <tag k="location" v="urban"/>
    <tag k="one_way" v="yes"/>
    <tag k="turn_direction" v="straight"/>
  </relation>
  <relation id="47532">
    <member type="way" role="left" ref="47565"/>
    <member type="way" role="right" ref="47566"/>
    <tag k="type" v="lanelet"/>
    <tag k="subtype" v="road"/>
    <tag k="speed_limit" v="5"/>
    <tag k="location" v="urban"/>
    <tag k="one_way" v="yes"/>
    <tag k="turn_direction" v="right"/>
  </relation>
  <relation id="47547">
    <member type="way" role="left" ref="47545"/>
    <member type="way" role="right" ref="47546"/>
    <tag k="type" v="lanelet"/>
    <tag k="subtype" v="road"/>
    <tag k="speed_limit" v="5"/>
    <tag k="location" v="urban"/>
    <tag k="one_way" v="yes"/>
    <tag k="turn_direction" v="right"/>
  </relation>
  <relation id="47564">
    <member type="way" role="left" ref="47562"/>
    <member type="way" role="right" ref="47563"/>
    <tag k="type" v="lanelet"/>
    <tag k="subtype" v="road"/>
    <tag k="speed_limit" v="5"/>
    <tag k="location" v="urban"/>
    <tag k="one_way" v="yes"/>
    <tag k="turn_direction" v="right"/>
  </relation>
  <relation id="47587">
    <member type="way" role="left" ref="47585"/>
    <member type="way" role="right" ref="47586"/>
    <tag k="type" v="lanelet"/>
    <tag k="subtype" v="road"/>
    <tag k="speed_limit" v="8"/>
    <tag k="location" v="urban"/>
    <tag k="one_way" v="yes"/>
    <tag k="turn_direction" v="straight"/>
  </relation>
  <relation id="47594">
    <member type="way" role="left" ref="47591"/>
    <member type="way" role="right" ref="47593"/>
    <tag k="type" v="lanelet"/>
    <tag k="subtype" v="road"/>
    <tag k="speed_limit" v="5"/>
    <tag k="location" v="urban"/>
    <tag k="one_way" v="yes"/>
    <tag k="turn_direction" v="right"/>
  </relation>
  <relation id="47603">
    <member type="way" role="left" ref="47601"/>
    <member type="way" role="right" ref="47602"/>
    <tag k="type" v="lanelet"/>
    <tag k="subtype" v="road"/>
    <tag k="speed_limit" v="5"/>
    <tag k="location" v="urban"/>
    <tag k="one_way" v="yes"/>
    <tag k="turn_direction" v="right"/>
  </relation>
  <relation id="47610">
    <member type="way" role="left" ref="47607"/>
    <member type="way" role="right" ref="47609"/>
    <tag k="type" v="lanelet"/>
    <tag k="subtype" v="road"/>
    <tag k="speed_limit" v="8"/>
    <tag k="location" v="urban"/>
    <tag k="one_way" v="yes"/>
    <tag k="turn_direction" v="right"/>
  </relation>
  <relation id="47617">
    <member type="way" role="left" ref="47614"/>
    <member type="way" role="right" ref="47616"/>
    <tag k="type" v="lanelet"/>
    <tag k="subtype" v="road"/>
    <tag k="speed_limit" v="8"/>
    <tag k="location" v="urban"/>
    <tag k="one_way" v="yes"/>
    <tag k="turn_direction" v="right"/>
  </relation>
  <relation id="47624">
    <member type="way" role="left" ref="47622"/>
    <member type="way" role="right" ref="47623"/>
    <tag k="type" v="lanelet"/>
    <tag k="subtype" v="road"/>
    <tag k="speed_limit" v="8"/>
    <tag k="location" v="urban"/>
    <tag k="one_way" v="yes"/>
    <tag k="turn_direction" v="straight"/>
  </relation>
  <relation id="47627">
    <member type="way" role="left" ref="47625"/>
    <member type="way" role="right" ref="47626"/>
    <tag k="type" v="lanelet"/>
    <tag k="subtype" v="road"/>
    <tag k="speed_limit" v="8"/>
    <tag k="location" v="urban"/>
    <tag k="one_way" v="yes"/>
    <tag k="turn_direction" v="straight"/>
  </relation>
  <relation id="47648">
    <member type="way" role="left" ref="47646"/>
    <member type="way" role="right" ref="47647"/>
    <tag k="type" v="lanelet"/>
    <tag k="subtype" v="road"/>
    <tag k="speed_limit" v="5"/>
    <tag k="location" v="urban"/>
    <tag k="one_way" v="yes"/>
    <tag k="turn_direction" v="right"/>
  </relation>
  <relation id="47658">
    <member type="way" role="left" ref="47656"/>
    <member type="way" role="right" ref="47657"/>
    <tag k="type" v="lanelet"/>
    <tag k="subtype" v="road"/>
    <tag k="speed_limit" v="10"/>
    <tag k="location" v="urban"/>
    <tag k="one_way" v="yes"/>
    <tag k="turn_direction" v="straight"/>
  </relation>
  <relation id="47665">
    <member type="way" role="left" ref="47664"/>
    <member type="way" role="right" ref="47661"/>
    <tag k="type" v="lanelet"/>
    <tag k="subtype" v="road"/>
    <tag k="speed_limit" v="5"/>
    <tag k="location" v="urban"/>
    <tag k="one_way" v="yes"/>
    <tag k="turn_direction" v="left"/>
  </relation>
  <relation id="47676">
    <member type="way" role="left" ref="48246"/>
    <member type="way" role="right" ref="48248"/>
    <tag k="type" v="lanelet"/>
    <tag k="subtype" v="road"/>
    <tag k="speed_limit" v="8"/>
    <tag k="location" v="urban"/>
    <tag k="one_way" v="yes"/>
    <tag k="turn_direction" v="straight"/>
  </relation>
  <relation id="47683">
    <member type="way" role="left" ref="47681"/>
    <member type="way" role="right" ref="47682"/>
    <tag k="type" v="lanelet"/>
    <tag k="subtype" v="road"/>
    <tag k="speed_limit" v="5"/>
    <tag k="location" v="urban"/>
    <tag k="one_way" v="yes"/>
    <tag k="turn_direction" v="left"/>
  </relation>
  <relation id="47718">
    <member type="way" role="left" ref="47717"/>
    <member type="way" role="right" ref="47714"/>
    <tag k="type" v="lanelet"/>
    <tag k="subtype" v="road"/>
    <tag k="speed_limit" v="5"/>
    <tag k="location" v="urban"/>
    <tag k="one_way" v="yes"/>
    <tag k="turn_direction" v="right"/>
  </relation>
  <relation id="47743">
    <member type="way" role="left" ref="47741"/>
    <member type="way" role="right" ref="47742"/>
    <tag k="type" v="lanelet"/>
    <tag k="subtype" v="road"/>
    <tag k="speed_limit" v="5"/>
    <tag k="location" v="urban"/>
    <tag k="one_way" v="yes"/>
    <tag k="turn_direction" v="right"/>
  </relation>
  <relation id="47773">
    <member type="way" role="left" ref="47772"/>
    <member type="way" role="right" ref="47769"/>
    <tag k="type" v="lanelet"/>
    <tag k="subtype" v="road"/>
    <tag k="speed_limit" v="8"/>
    <tag k="location" v="urban"/>
    <tag k="one_way" v="yes"/>
    <tag k="turn_direction" v="straight"/>
  </relation>
  <relation id="47780">
    <member type="way" role="left" ref="47848"/>
    <member type="way" role="right" ref="47850"/>
    <tag k="type" v="lanelet"/>
    <tag k="subtype" v="road"/>
    <tag k="speed_limit" v="8"/>
    <tag k="location" v="urban"/>
    <tag k="one_way" v="yes"/>
    <tag k="turn_direction" v="straight"/>
  </relation>
  <relation id="47783">
    <member type="way" role="left" ref="47781"/>
    <member type="way" role="right" ref="47782"/>
    <tag k="type" v="lanelet"/>
    <tag k="subtype" v="road"/>
    <tag k="speed_limit" v="8"/>
    <tag k="location" v="urban"/>
    <tag k="one_way" v="yes"/>
    <tag k="turn_direction" v="straight"/>
  </relation>
  <relation id="47806">
    <member type="way" role="left" ref="47991"/>
    <member type="way" role="right" ref="47993"/>
    <tag k="type" v="lanelet"/>
    <tag k="subtype" v="road"/>
    <tag k="speed_limit" v="5"/>
    <tag k="location" v="urban"/>
    <tag k="one_way" v="yes"/>
    <tag k="turn_direction" v="left"/>
  </relation>
  <relation id="47909">
    <member type="way" role="left" ref="47941"/>
    <member type="way" role="right" ref="47942"/>
    <tag k="type" v="lanelet"/>
    <tag k="subtype" v="road"/>
    <tag k="speed_limit" v="5"/>
    <tag k="location" v="urban"/>
    <tag k="one_way" v="yes"/>
    <tag k="turn_direction" v="right"/>
  </relation>
  <relation id="47995">
    <member type="way" role="left" ref="47992"/>
    <member type="way" role="right" ref="47994"/>
    <tag k="type" v="lanelet"/>
    <tag k="subtype" v="road"/>
    <tag k="speed_limit" v="8"/>
    <tag k="location" v="urban"/>
    <tag k="one_way" v="yes"/>
    <tag k="turn_direction" v="straight"/>
  </relation>
  <relation id="48007">
    <member type="way" role="left" ref="48011"/>
    <member type="way" role="right" ref="48012"/>
    <tag k="type" v="lanelet"/>
    <tag k="subtype" v="road"/>
    <tag k="speed_limit" v="8"/>
    <tag k="location" v="urban"/>
    <tag k="one_way" v="yes"/>
    <tag k="turn_direction" v="straight"/>
  </relation>
  <relation id="48044">
    <member type="way" role="left" ref="48047"/>
    <member type="way" role="right" ref="48049"/>
    <tag k="type" v="lanelet"/>
    <tag k="subtype" v="road"/>
    <tag k="speed_limit" v="8"/>
    <tag k="location" v="urban"/>
    <tag k="one_way" v="yes"/>
    <tag k="turn_direction" v="straight"/>
  </relation>
  <relation id="48058">
    <member type="way" role="left" ref="48055"/>
    <member type="way" role="right" ref="48057"/>
    <tag k="type" v="lanelet"/>
    <tag k="subtype" v="road"/>
    <tag k="speed_limit" v="5"/>
    <tag k="location" v="urban"/>
    <tag k="one_way" v="yes"/>
    <tag k="turn_direction" v="left"/>
  </relation>
  <relation id="48077">
    <member type="way" role="left" ref="48075"/>
    <member type="way" role="right" ref="48076"/>
    <tag k="type" v="lanelet"/>
    <tag k="subtype" v="road"/>
    <tag k="speed_limit" v="5"/>
    <tag k="location" v="urban"/>
    <tag k="one_way" v="yes"/>
    <tag k="turn_direction" v="left"/>
  </relation>
  <relation id="48137">
    <member type="way" role="left" ref="48135"/>
    <member type="way" role="right" ref="48136"/>
    <tag k="type" v="lanelet"/>
    <tag k="subtype" v="road"/>
    <tag k="speed_limit" v="8"/>
    <tag k="location" v="urban"/>
    <tag k="one_way" v="yes"/>
    <tag k="turn_direction" v="straight"/>
  </relation>
  <relation id="48160">
    <member type="way" role="left" ref="48157"/>
    <member type="way" role="right" ref="48159"/>
    <tag k="type" v="lanelet"/>
    <tag k="subtype" v="road"/>
    <tag k="speed_limit" v="8"/>
    <tag k="location" v="urban"/>
    <tag k="one_way" v="yes"/>
    <tag k="turn_direction" v="straight"/>
  </relation>
  <relation id="48171">
    <member type="way" role="left" ref="48169"/>
    <member type="way" role="right" ref="48170"/>
    <tag k="type" v="lanelet"/>
    <tag k="subtype" v="road"/>
    <tag k="speed_limit" v="5"/>
    <tag k="location" v="urban"/>
    <tag k="one_way" v="yes"/>
    <tag k="turn_direction" v="right"/>
  </relation>
  <relation id="48186">
    <member type="way" role="left" ref="48184"/>
    <member type="way" role="right" ref="48185"/>
    <tag k="type" v="lanelet"/>
    <tag k="subtype" v="road"/>
    <tag k="speed_limit" v="5"/>
    <tag k="location" v="urban"/>
    <tag k="one_way" v="yes"/>
    <tag k="turn_direction" v="left"/>
  </relation>
  <relation id="48189">
    <member type="way" role="left" ref="48187"/>
    <member type="way" role="right" ref="48188"/>
    <tag k="type" v="lanelet"/>
    <tag k="subtype" v="road"/>
    <tag k="speed_limit" v="8"/>
    <tag k="location" v="urban"/>
    <tag k="one_way" v="yes"/>
    <tag k="turn_direction" v="straight"/>
  </relation>
  <relation id="48220">
    <member type="way" role="left" ref="48221"/>
    <member type="way" role="right" ref="48222"/>
    <tag k="type" v="lanelet"/>
    <tag k="subtype" v="road"/>
    <tag k="speed_limit" v="8"/>
    <tag k="location" v="urban"/>
    <tag k="one_way" v="yes"/>
    <tag k="turn_direction" v="straight"/>
  </relation>
  <relation id="48243">
    <member type="way" role="left" ref="48241"/>
    <member type="way" role="right" ref="48242"/>
    <tag k="type" v="lanelet"/>
    <tag k="subtype" v="road"/>
    <tag k="speed_limit" v="5"/>
    <tag k="location" v="urban"/>
    <tag k="one_way" v="yes"/>
    <tag k="turn_direction" v="left"/>
  </relation>
  <relation id="48250">
    <member type="way" role="left" ref="48247"/>
    <member type="way" role="right" ref="48249"/>
    <tag k="type" v="lanelet"/>
    <tag k="subtype" v="road"/>
    <tag k="speed_limit" v="5"/>
    <tag k="location" v="urban"/>
    <tag k="one_way" v="yes"/>
    <tag k="turn_direction" v="left"/>
  </relation>
  <relation id="48257">
    <member type="way" role="left" ref="48254"/>
    <member type="way" role="right" ref="48256"/>
    <tag k="type" v="lanelet"/>
    <tag k="subtype" v="road"/>
    <tag k="speed_limit" v="8"/>
    <tag k="location" v="urban"/>
    <tag k="one_way" v="yes"/>
    <tag k="turn_direction" v="straight"/>
  </relation>
  <relation id="48335">
    <member type="way" role="left" ref="48333"/>
    <member type="way" role="right" ref="48334"/>
    <tag k="type" v="lanelet"/>
    <tag k="subtype" v="road"/>
    <tag k="speed_limit" v="5"/>
    <tag k="location" v="urban"/>
    <tag k="one_way" v="yes"/>
    <tag k="turn_direction" v="left"/>
  </relation>
  <relation id="48345">
    <member type="way" role="left" ref="48342"/>
    <member type="way" role="right" ref="48344"/>
    <tag k="type" v="lanelet"/>
    <tag k="subtype" v="road"/>
    <tag k="speed_limit" v="5"/>
    <tag k="location" v="urban"/>
    <tag k="one_way" v="yes"/>
    <tag k="turn_direction" v="left"/>
  </relation>
  <relation id="48348">
    <member type="way" role="left" ref="48384"/>
    <member type="way" role="right" ref="48385"/>
    <tag k="type" v="lanelet"/>
    <tag k="subtype" v="road"/>
    <tag k="speed_limit" v="5"/>
    <tag k="location" v="urban"/>
    <tag k="one_way" v="yes"/>
    <tag k="turn_direction" v="right"/>
  </relation>
  <relation id="48369">
    <member type="way" role="left" ref="48380"/>
    <member type="way" role="right" ref="48381"/>
    <tag k="type" v="lanelet"/>
    <tag k="subtype" v="road"/>
    <tag k="speed_limit" v="8"/>
    <tag k="location" v="urban"/>
    <tag k="one_way" v="yes"/>
    <tag k="turn_direction" v="straight"/>
  </relation>
  <relation id="48399">
    <member type="way" role="left" ref="48396"/>
    <member type="way" role="right" ref="48398"/>
    <tag k="type" v="lanelet"/>
    <tag k="subtype" v="road"/>
    <tag k="speed_limit" v="8"/>
    <tag k="location" v="urban"/>
    <tag k="one_way" v="yes"/>
    <tag k="turn_direction" v="straight"/>
  </relation>
  <relation id="48409">
    <member type="way" role="left" ref="48410"/>
    <member type="way" role="right" ref="48411"/>
    <tag k="type" v="lanelet"/>
    <tag k="subtype" v="road"/>
    <tag k="speed_limit" v="3"/>
    <tag k="location" v="urban"/>
    <tag k="one_way" v="yes"/>
    <tag k="turn_direction" v="left"/>
  </relation>
  <relation id="48414">
    <member type="way" role="left" ref="48412"/>
    <member type="way" role="right" ref="48413"/>
    <tag k="type" v="lanelet"/>
    <tag k="subtype" v="road"/>
    <tag k="speed_limit" v="5"/>
    <tag k="location" v="urban"/>
    <tag k="one_way" v="yes"/>
    <tag k="turn_direction" v="straight"/>
  </relation>
  <relation id="48421">
    <member type="way" role="left" ref="48418"/>
    <member type="way" role="right" ref="48420"/>
    <tag k="type" v="lanelet"/>
    <tag k="subtype" v="road"/>
    <tag k="speed_limit" v="5"/>
    <tag k="location" v="urban"/>
    <tag k="one_way" v="yes"/>
    <tag k="turn_direction" v="left"/>
  </relation>
  <relation id="48453">
    <member type="way" role="left" ref="48478"/>
    <member type="way" role="right" ref="48479"/>
    <tag k="type" v="lanelet"/>
    <tag k="subtype" v="road"/>
    <tag k="speed_limit" v="5"/>
    <tag k="location" v="urban"/>
    <tag k="one_way" v="yes"/>
    <tag k="turn_direction" v="left"/>
  </relation>
  <relation id="48456">
    <member type="way" role="left" ref="48503"/>
    <member type="way" role="right" ref="48505"/>
    <tag k="type" v="lanelet"/>
    <tag k="subtype" v="road"/>
    <tag k="speed_limit" v="8"/>
    <tag k="location" v="urban"/>
    <tag k="one_way" v="yes"/>
    <tag k="turn_direction" v="straight"/>
  </relation>
  <relation id="48507">
    <member type="way" role="left" ref="48504"/>
    <member type="way" role="right" ref="48506"/>
    <tag k="type" v="lanelet"/>
    <tag k="subtype" v="road"/>
    <tag k="speed_limit" v="8"/>
    <tag k="location" v="urban"/>
    <tag k="one_way" v="yes"/>
    <tag k="turn_direction" v="left"/>
  </relation>
</osm>
