<?xml version="1.0" encoding="UTF-8"?>
<osm generator="VMB">
  <MetaInfo format_version="1" map_version="68" validation_version=""/>
  <node id="5" lat="-4.52228446893" lon="57.89703206501">
    <tag k="local_x" v="-487.4342"/>
    <tag k="local_y" v="79.8539"/>
    <tag k="ele" v="1.5005"/>
  </node>
  <node id="8" lat="-4.52226485477" lon="57.89727627681">
    <tag k="local_x" v="-460.3376"/>
    <tag k="local_y" v="81.9888"/>
    <tag k="ele" v="1.5454"/>
  </node>
  <node id="14" lat="-4.52229008836" lon="57.89727785818">
    <tag k="local_x" v="-460.1656"/>
    <tag k="local_y" v="79.199"/>
    <tag k="ele" v="1.5356"/>
  </node>
  <node id="20" lat="-4.52228374845" lon="57.89735434547">
    <tag k="local_x" v="-451.6789"/>
    <tag k="local_y" v="79.8894"/>
    <tag k="ele" v="1.5531"/>
  </node>
  <node id="77" lat="-4.52225838269" lon="57.89735285226">
    <tag k="local_x" v="-451.8411"/>
    <tag k="local_y" v="82.6938"/>
    <tag k="ele" v="1.5629"/>
  </node>
  <node id="79" lat="-4.52225238865" lon="57.89742177402">
    <tag k="local_x" v="-444.1938"/>
    <tag k="local_y" v="83.347"/>
    <tag k="ele" v="1.5472"/>
  </node>
  <node id="80" lat="-4.52224581325" lon="57.89750506623">
    <tag k="local_x" v="-434.9521"/>
    <tag k="local_y" v="84.0625"/>
    <tag k="ele" v="1.5787"/>
  </node>
  <node id="83" lat="-4.52227784202" lon="57.89742264361">
    <tag k="local_x" v="-444.1008"/>
    <tag k="local_y" v="80.533"/>
    <tag k="ele" v="1.5296"/>
  </node>
  <node id="104" lat="-4.52227119435" lon="57.89750731299">
    <tag k="local_x" v="-434.7063"/>
    <tag k="local_y" v="81.2563"/>
    <tag k="ele" v="1.5792"/>
  </node>
  <node id="164" lat="-4.52213485856" lon="57.89881246908">
    <tag k="local_x" v="-289.8879"/>
    <tag k="local_y" v="96.1493"/>
    <tag k="ele" v="1.7781"/>
  </node>
  <node id="170" lat="-4.52216017456" lon="57.89881468786">
    <tag k="local_x" v="-289.6452"/>
    <tag k="local_y" v="93.3503"/>
    <tag k="ele" v="1.7848"/>
  </node>
  <node id="172" lat="-4.52230978757" lon="57.89703362215">
    <tag k="local_x" v="-487.2649"/>
    <tag k="local_y" v="77.0547"/>
    <tag k="ele" v="1.4971"/>
  </node>
  <node id="182" lat="-4.52210303295" lon="57.89919885928">
    <tag k="local_x" v="-247.0157"/>
    <tag k="local_y" v="99.6146"/>
    <tag k="ele" v="1.8585"/>
  </node>
  <node id="188" lat="-4.52212825411" lon="57.89920095898">
    <tag k="local_x" v="-246.7862"/>
    <tag k="local_y" v="96.8261"/>
    <tag k="ele" v="1.874"/>
  </node>
  <node id="266" lat="-4.52238912339" lon="57.89971848109">
    <tag k="local_x" v="-189.4057"/>
    <tag k="local_y" v="67.9158"/>
    <tag k="ele" v="1.8596"/>
  </node>
  <node id="272" lat="-4.52239032065" lon="57.8996933114">
    <tag k="local_x" v="-192.1983"/>
    <tag k="local_y" v="67.7869"/>
    <tag k="ele" v="1.8984"/>
  </node>
  <node id="302" lat="-4.52337058445" lon="57.89972204385">
    <tag k="local_x" v="-189.1448"/>
    <tag k="local_y" v="-40.5857"/>
    <tag k="ele" v="1.8418"/>
  </node>
  <node id="312" lat="-4.52337204883" lon="57.89969665723">
    <tag k="local_x" v="-191.9615"/>
    <tag k="local_y" v="-40.7441"/>
    <tag k="ele" v="1.8089"/>
  </node>
  <node id="314" lat="-4.52338220995" lon="57.89972273691">
    <tag k="local_x" v="-189.0695"/>
    <tag k="local_y" v="-41.871"/>
    <tag k="ele" v="1.8336"/>
  </node>
  <node id="318" lat="-4.5234813246" lon="57.89973384223">
    <tag k="local_x" v="-187.851"/>
    <tag k="local_y" v="-52.8297"/>
    <tag k="ele" v="1.8326"/>
  </node>
  <node id="319" lat="-4.5233838115" lon="57.89969761006">
    <tag k="local_x" v="-191.8574"/>
    <tag k="local_y" v="-42.0446"/>
    <tag k="ele" v="1.8011"/>
  </node>
  <node id="322" lat="-4.52348377387" lon="57.89970859744">
    <tag k="local_x" v="-190.6521"/>
    <tag k="local_y" v="-53.097"/>
    <tag k="ele" v="1.7849"/>
  </node>
  <node id="382" lat="-4.5237141418" lon="57.89944738368">
    <tag k="local_x" v="-219.6638"/>
    <tag k="local_y" v="-78.5284"/>
    <tag k="ele" v="1.7937"/>
  </node>
  <node id="387" lat="-4.52373994589" lon="57.89944917406">
    <tag k="local_x" v="-219.4687"/>
    <tag k="local_y" v="-81.3813"/>
    <tag k="ele" v="1.7889"/>
  </node>
  <node id="461" lat="-4.52353340854" lon="57.89839962716">
    <tag k="local_x" v="-335.8816"/>
    <tag k="local_y" v="-58.4044"/>
    <tag k="ele" v="1.7458"/>
  </node>
  <node id="467" lat="-4.52353481369" lon="57.89837455412">
    <tag k="local_x" v="-338.6635"/>
    <tag k="local_y" v="-58.5563"/>
    <tag k="ele" v="1.7432"/>
  </node>
  <node id="474" lat="-4.52344157137" lon="57.89836713555">
    <tag k="local_x" v="-339.4738"/>
    <tag k="local_y" v="-48.2473"/>
    <tag k="ele" v="1.7541"/>
  </node>
  <node id="476" lat="-4.52336413737" lon="57.89836104432">
    <tag k="local_x" v="-340.139"/>
    <tag k="local_y" v="-39.6861"/>
    <tag k="ele" v="1.753"/>
  </node>
  <node id="479" lat="-4.52343993993" lon="57.89839232277">
    <tag k="local_x" v="-336.6792"/>
    <tag k="local_y" v="-48.0704"/>
    <tag k="ele" v="1.7598"/>
  </node>
  <node id="481" lat="-4.52336287328" lon="57.89838615538">
    <tag k="local_x" v="-337.3529"/>
    <tag k="local_y" v="-39.5498"/>
    <tag k="ele" v="1.7592"/>
  </node>
  <node id="502" lat="-4.52279639444" lon="57.898318339">
    <tag k="local_x" v="-344.7993"/>
    <tag k="local_y" v="23.084"/>
    <tag k="ele" v="1.7616"/>
  </node>
  <node id="507" lat="-4.52279476651" lon="57.89834362265">
    <tag k="local_x" v="-341.994"/>
    <tag k="local_y" v="23.2605"/>
    <tag k="ele" v="1.7688"/>
  </node>
  <node id="511" lat="-4.52267511503" lon="57.89830808451">
    <tag k="local_x" v="-345.9204"/>
    <tag k="local_y" v="36.4929"/>
    <tag k="ele" v="1.7513"/>
  </node>
  <node id="513" lat="-4.52252925921" lon="57.89829589249">
    <tag k="local_x" v="-347.2531"/>
    <tag k="local_y" v="52.619"/>
    <tag k="ele" v="1.7388"/>
  </node>
  <node id="514" lat="-4.52245648456" lon="57.8982898485">
    <tag k="local_x" v="-347.9137"/>
    <tag k="local_y" v="60.6651"/>
    <tag k="ele" v="1.7454"/>
  </node>
  <node id="517" lat="-4.52267308375" lon="57.89833330096">
    <tag k="local_x" v="-343.1225"/>
    <tag k="local_y" v="36.714"/>
    <tag k="ele" v="1.7689"/>
  </node>
  <node id="519" lat="-4.52252820122" lon="57.89832112816">
    <tag k="local_x" v="-344.4532"/>
    <tag k="local_y" v="52.7325"/>
    <tag k="ele" v="1.7615"/>
  </node>
  <node id="520" lat="-4.5224551371" lon="57.89831508831">
    <tag k="local_x" v="-345.1133"/>
    <tag k="local_y" v="60.8106"/>
    <tag k="ele" v="1.7611"/>
  </node>
  <node id="538" lat="-4.52225632298" lon="57.89818306026">
    <tag k="local_x" v="-359.7339"/>
    <tag k="local_y" v="82.8077"/>
    <tag k="ele" v="1.7501"/>
  </node>
  <node id="539" lat="-4.5222595842" lon="57.89816606748">
    <tag k="local_x" v="-361.6196"/>
    <tag k="local_y" v="82.4495"/>
    <tag k="ele" v="1.749"/>
  </node>
  <node id="557" lat="-4.52222827502" lon="57.89816931164">
    <tag k="local_x" v="-361.2554"/>
    <tag k="local_y" v="85.9103"/>
    <tag k="ele" v="1.731"/>
  </node>
  <node id="607" lat="-4.52236042923" lon="57.89698283012">
    <tag k="local_x" v="-492.9069"/>
    <tag k="local_y" v="71.4632"/>
    <tag k="ele" v="1.4701"/>
  </node>
  <node id="609" lat="-4.52237610328" lon="57.89679025824">
    <tag k="local_x" v="-514.2738"/>
    <tag k="local_y" v="69.7568"/>
    <tag k="ele" v="1.4336"/>
  </node>
  <node id="612" lat="-4.52233474608" lon="57.8969812491">
    <tag k="local_x" v="-493.0788"/>
    <tag k="local_y" v="74.3027"/>
    <tag k="ele" v="1.4761"/>
  </node>
  <node id="614" lat="-4.52235060944" lon="57.89678845753">
    <tag k="local_x" v="-514.4701"/>
    <tag k="local_y" v="72.5754"/>
    <tag k="ele" v="1.4413"/>
  </node>
  <node id="705" lat="-4.52153835049" lon="57.89972988361">
    <tag k="local_x" v="-188.0242"/>
    <tag k="local_y" v="161.9676"/>
    <tag k="ele" v="1.8925"/>
  </node>
  <node id="706" lat="-4.52153845519" lon="57.89979996018">
    <tag k="local_x" v="-180.2496"/>
    <tag k="local_y" v="161.9464"/>
    <tag k="ele" v="1.8956"/>
  </node>
  <node id="722" lat="-4.52151046251" lon="57.89974029766">
    <tag k="local_x" v="-186.865"/>
    <tag k="local_y" v="165.0492"/>
    <tag k="ele" v="1.9064"/>
  </node>
  <node id="723" lat="-4.52151229221" lon="57.8997987246">
    <tag k="local_x" v="-180.3831"/>
    <tag k="local_y" v="164.8389"/>
    <tag k="ele" v="1.9143"/>
  </node>
  <node id="728" lat="-4.52151794625" lon="57.90005161192">
    <tag k="local_x" v="-152.3274"/>
    <tag k="local_y" v="164.1791"/>
    <tag k="ele" v="1.9469"/>
  </node>
  <node id="730" lat="-4.52149983938" lon="57.900267181">
    <tag k="local_x" v="-128.4087"/>
    <tag k="local_y" v="166.1512"/>
    <tag k="ele" v="1.9517"/>
  </node>
  <node id="741" lat="-4.52149238579" lon="57.90004958929">
    <tag k="local_x" v="-152.5483"/>
    <tag k="local_y" v="167.0051"/>
    <tag k="ele" v="1.985"/>
  </node>
  <node id="743" lat="-4.52147416024" lon="57.90026530784">
    <tag k="local_x" v="-128.613"/>
    <tag k="local_y" v="168.9903"/>
    <tag k="ele" v="1.978"/>
  </node>
  <node id="748" lat="-4.52148334615" lon="57.90032055487">
    <tag k="local_x" v="-122.4849"/>
    <tag k="local_y" v="167.9672"/>
    <tag k="ele" v="1.9974"/>
  </node>
  <node id="749" lat="-4.52147566041" lon="57.90042723107">
    <tag k="local_x" v="-110.6487"/>
    <tag k="local_y" v="168.8022"/>
    <tag k="ele" v="1.9972"/>
  </node>
  <node id="750" lat="-4.52147980617" lon="57.90049913334">
    <tag k="local_x" v="-102.6721"/>
    <tag k="local_y" v="168.334"/>
    <tag k="ele" v="1.9689"/>
  </node>
  <node id="751" lat="-4.52147465189" lon="57.9005784756">
    <tag k="local_x" v="-93.8688"/>
    <tag k="local_y" v="168.8929"/>
    <tag k="ele" v="1.9652"/>
  </node>
  <node id="757" lat="-4.52145784945" lon="57.90031817628">
    <tag k="local_x" v="-122.7453"/>
    <tag k="local_y" v="170.7862"/>
    <tag k="ele" v="2.0325"/>
  </node>
  <node id="758" lat="-4.52145037276" lon="57.90042550351">
    <tag k="local_x" v="-110.8369"/>
    <tag k="local_y" v="171.598"/>
    <tag k="ele" v="2.048"/>
  </node>
  <node id="759" lat="-4.52145420414" lon="57.9004970773">
    <tag k="local_x" v="-102.8967"/>
    <tag k="local_y" v="171.1646"/>
    <tag k="ele" v="1.9926"/>
  </node>
  <node id="760" lat="-4.52144916551" lon="57.90057725795">
    <tag k="local_x" v="-94.0004"/>
    <tag k="local_y" v="171.7106"/>
    <tag k="ele" v="1.9772"/>
  </node>
  <node id="762" lat="-4.52145908607" lon="57.90075600265">
    <tag k="local_x" v="-74.171"/>
    <tag k="local_y" v="170.5893"/>
    <tag k="ele" v="1.9739"/>
  </node>
  <node id="764" lat="-4.52144291396" lon="57.90095186332">
    <tag k="local_x" v="-52.4391"/>
    <tag k="local_y" v="172.3502"/>
    <tag k="ele" v="2.0141"/>
  </node>
  <node id="767" lat="-4.5214341147" lon="57.90075453686">
    <tag k="local_x" v="-74.3302"/>
    <tag k="local_y" v="173.3501"/>
    <tag k="ele" v="1.995"/>
  </node>
  <node id="769" lat="-4.52141756726" lon="57.90095034748">
    <tag k="local_x" v="-52.6038"/>
    <tag k="local_y" v="175.1525"/>
    <tag k="ele" v="2.0214"/>
  </node>
  <node id="1093" lat="-4.52153899785" lon="57.89974250693">
    <tag k="local_x" v="-186.6238"/>
    <tag k="local_y" v="161.8943"/>
    <tag k="ele" v="1.8941"/>
  </node>
  <node id="1094" lat="-4.52153948861" lon="57.8997544937">
    <tag k="local_x" v="-185.294"/>
    <tag k="local_y" v="161.8384"/>
    <tag k="ele" v="1.8949"/>
  </node>
  <node id="1095" lat="-4.52153886859" lon="57.89979048388">
    <tag k="local_x" v="-181.301"/>
    <tag k="local_y" v="161.902"/>
    <tag k="ele" v="1.8953"/>
  </node>
  <node id="1099" lat="-4.52151220211" lon="57.89975985642">
    <tag k="local_x" v="-184.6953"/>
    <tag k="local_y" v="164.8542"/>
    <tag k="ele" v="1.9104"/>
  </node>
  <node id="1100" lat="-4.52151141984" lon="57.89975024345">
    <tag k="local_x" v="-185.7617"/>
    <tag k="local_y" v="164.942"/>
    <tag k="ele" v="1.9084"/>
  </node>
  <node id="1101" lat="-4.52151291737" lon="57.89977897947">
    <tag k="local_x" v="-182.5738"/>
    <tag k="local_y" v="164.7725"/>
    <tag k="ele" v="1.9124"/>
  </node>
  <node id="1146" lat="-4.52151256345" lon="57.89976971134">
    <tag k="local_x" v="-183.602"/>
    <tag k="local_y" v="164.8129"/>
    <tag k="ele" v="1.9114"/>
  </node>
  <node id="1147" lat="-4.52151283839" lon="57.89978940079">
    <tag k="local_x" v="-181.4176"/>
    <tag k="local_y" v="164.7798"/>
    <tag k="ele" v="1.9134"/>
  </node>
  <node id="1148" lat="-4.52153980067" lon="57.89976833884">
    <tag k="local_x" v="-183.758"/>
    <tag k="local_y" v="161.802"/>
    <tag k="ele" v="1.8951"/>
  </node>
  <node id="1149" lat="-4.52153958485" lon="57.89977896009">
    <tag k="local_x" v="-182.5796"/>
    <tag k="local_y" v="161.8244"/>
    <tag k="ele" v="1.8952"/>
  </node>
  <node id="1284" lat="-4.52223169352" lon="57.89815314469">
    <tag k="local_x" v="-363.0495"/>
    <tag k="local_y" v="85.5346"/>
    <tag k="ele" v="1.7291"/>
  </node>
  <node id="1390" lat="-4.52239647988" lon="57.89617483769">
    <tag k="local_x" v="-582.554"/>
    <tag k="local_y" v="67.5884"/>
    <tag k="ele" v="1.3163"/>
  </node>
  <node id="1393" lat="-4.52242473257" lon="57.8961628051">
    <tag k="local_x" v="-583.8928"/>
    <tag k="local_y" v="64.4667"/>
    <tag k="ele" v="1.3163"/>
  </node>
  <node id="1472" lat="-4.52267130017" lon="57.89609086647">
    <tag k="local_x" v="-591.9076"/>
    <tag k="local_y" v="37.2184"/>
    <tag k="ele" v="1.3469"/>
  </node>
  <node id="1475" lat="-4.52267364356" lon="57.89606555664">
    <tag k="local_x" v="-594.7159"/>
    <tag k="local_y" v="36.9628"/>
    <tag k="ele" v="1.3469"/>
  </node>
  <node id="1486" lat="-4.52309149496" lon="57.89609307114">
    <tag k="local_x" v="-591.7203"/>
    <tag k="local_y" v="-9.2346"/>
    <tag k="ele" v="1.3469"/>
  </node>
  <node id="1488" lat="-4.52308915156" lon="57.89611838098">
    <tag k="local_x" v="-588.912"/>
    <tag k="local_y" v="-8.979"/>
    <tag k="ele" v="1.3469"/>
  </node>
  <node id="1697" lat="-4.5228994605" lon="57.89607541916">
    <tag k="local_x" v="-593.6525"/>
    <tag k="local_y" v="11.9973"/>
    <tag k="ele" v="1.3244"/>
  </node>
  <node id="1698" lat="-4.52289711801" lon="57.8961007299">
    <tag k="local_x" v="-590.8441"/>
    <tag k="local_y" v="12.2528"/>
    <tag k="ele" v="1.3244"/>
  </node>
  <node id="1733" lat="-4.52242553429" lon="57.8961508938">
    <tag k="local_x" v="-585.2144"/>
    <tag k="local_y" v="64.3797"/>
    <tag k="ele" v="1.3163"/>
  </node>
  <node id="1737" lat="-4.52243059272" lon="57.89613911933">
    <tag k="local_x" v="-586.5214"/>
    <tag k="local_y" v="63.8221"/>
    <tag k="ele" v="1.3163"/>
  </node>
  <node id="1741" lat="-4.52243959085" lon="57.89613000149">
    <tag k="local_x" v="-587.5342"/>
    <tag k="local_y" v="62.8286"/>
    <tag k="ele" v="1.3163"/>
  </node>
  <node id="1745" lat="-4.52245128429" lon="57.8961247817">
    <tag k="local_x" v="-588.1149"/>
    <tag k="local_y" v="61.5366"/>
    <tag k="ele" v="1.3163"/>
  </node>
  <node id="1749" lat="-4.52246406204" lon="57.89612416105">
    <tag k="local_x" v="-588.1855"/>
    <tag k="local_y" v="60.1241"/>
    <tag k="ele" v="1.3163"/>
  </node>
  <node id="1752" lat="-4.52239618705" lon="57.89615928809">
    <tag k="local_x" v="-584.2791"/>
    <tag k="local_y" v="67.6229"/>
    <tag k="ele" v="1.3163"/>
  </node>
  <node id="1754" lat="-4.52239696553" lon="57.89614641682">
    <tag k="local_x" v="-585.7072"/>
    <tag k="local_y" v="67.5386"/>
    <tag k="ele" v="1.3163"/>
  </node>
  <node id="1757" lat="-4.52240532945" lon="57.8961242394">
    <tag k="local_x" v="-588.1688"/>
    <tag k="local_y" v="66.617"/>
    <tag k="ele" v="1.3163"/>
  </node>
  <node id="1759" lat="-4.52241214959" lon="57.89611496654">
    <tag k="local_x" v="-589.1985"/>
    <tag k="local_y" v="65.8643"/>
    <tag k="ele" v="1.3163"/>
  </node>
  <node id="1761" lat="-4.52242134502" lon="57.89610722711">
    <tag k="local_x" v="-590.0584"/>
    <tag k="local_y" v="64.8488"/>
    <tag k="ele" v="1.3163"/>
  </node>
  <node id="1763" lat="-4.52243142709" lon="57.89610081916">
    <tag k="local_x" v="-590.7707"/>
    <tag k="local_y" v="63.7351"/>
    <tag k="ele" v="1.3163"/>
  </node>
  <node id="1765" lat="-4.52244086781" lon="57.89609661423">
    <tag k="local_x" v="-591.2385"/>
    <tag k="local_y" v="62.692"/>
    <tag k="ele" v="1.3163"/>
  </node>
  <node id="1767" lat="-4.52245240783" lon="57.89609476442">
    <tag k="local_x" v="-591.4453"/>
    <tag k="local_y" v="61.4165"/>
    <tag k="ele" v="1.3163"/>
  </node>
  <node id="1769" lat="-4.52246639991" lon="57.89609527195">
    <tag k="local_x" v="-591.3909"/>
    <tag k="local_y" v="59.8696"/>
    <tag k="ele" v="1.3163"/>
  </node>
  <node id="1775" lat="-4.52236585651" lon="57.89636354517">
    <tag k="local_x" v="-561.6138"/>
    <tag k="local_y" v="70.948"/>
    <tag k="ele" v="1.3619"/>
  </node>
  <node id="1778" lat="-4.52234043174" lon="57.89636148858">
    <tag k="local_x" v="-561.8385"/>
    <tag k="local_y" v="73.759"/>
    <tag k="ele" v="1.3619"/>
  </node>
  <node id="1817" lat="-4.52229442601" lon="57.89691480496">
    <tag k="local_x" v="-500.4449"/>
    <tag k="local_y" v="78.7692"/>
    <tag k="ele" v="1.4794"/>
  </node>
  <node id="1818" lat="-4.52231965537" lon="57.89691687576">
    <tag k="local_x" v="-500.2186"/>
    <tag k="local_y" v="75.9798"/>
    <tag k="ele" v="1.4759"/>
  </node>
  <node id="1966" lat="-4.52242374591" lon="57.89622693426">
    <tag k="local_x" v="-576.7779"/>
    <tag k="local_y" v="64.567"/>
    <tag k="ele" v="1.4467"/>
  </node>
  <node id="1967" lat="-4.52239832482" lon="57.8962248299">
    <tag k="local_x" v="-577.0079"/>
    <tag k="local_y" v="67.3776"/>
    <tag k="ele" v="1.4467"/>
  </node>
  <node id="1976" lat="-4.52242486662" lon="57.89620943406">
    <tag k="local_x" v="-578.7196"/>
    <tag k="local_y" v="64.4455"/>
    <tag k="ele" v="1.4467"/>
  </node>
  <node id="1980" lat="-4.52242524193" lon="57.89619196991">
    <tag k="local_x" v="-580.6572"/>
    <tag k="local_y" v="64.4064"/>
    <tag k="ele" v="1.4467"/>
  </node>
  <node id="1984" lat="-4.52239881243" lon="57.89620652041">
    <tag k="local_x" v="-579.0393"/>
    <tag k="local_y" v="67.3262"/>
    <tag k="ele" v="1.4467"/>
  </node>
  <node id="1988" lat="-4.52239796456" lon="57.8961884878">
    <tag k="local_x" v="-581.0398"/>
    <tag k="local_y" v="67.4224"/>
    <tag k="ele" v="1.4467"/>
  </node>
  <node id="2402" lat="-4.5224212429" lon="57.89625696426">
    <tag k="local_x" v="-573.4459"/>
    <tag k="local_y" v="64.8396"/>
    <tag k="ele" v="1.4685"/>
  </node>
  <node id="2403" lat="-4.5223958218" lon="57.89625486081">
    <tag k="local_x" v="-573.6758"/>
    <tag k="local_y" v="67.6502"/>
    <tag k="ele" v="1.4685"/>
  </node>
  <node id="2410" lat="-4.52240044294" lon="57.89613450882">
    <tag k="local_x" v="-587.0288"/>
    <tag k="local_y" v="67.1558"/>
    <tag k="ele" v="1.3163"/>
  </node>
  <node id="2423" lat="-4.52250562998" lon="57.89604923127">
    <tag k="local_x" v="-596.5042"/>
    <tag k="local_y" v="55.539"/>
    <tag k="ele" v="1.3244"/>
  </node>
  <node id="2424" lat="-4.52250328659" lon="57.89607454199">
    <tag k="local_x" v="-593.6958"/>
    <tag k="local_y" v="55.7946"/>
    <tag k="ele" v="1.3244"/>
  </node>
  <node id="4058" lat="-4.52254672576" lon="57.89614018955">
    <tag k="local_x" v="-586.4185"/>
    <tag k="local_y" v="50.9834"/>
    <tag k="ele" v="1.5265"/>
  </node>
  <node id="4059" lat="-4.52254888284" lon="57.89611486237">
    <tag k="local_x" v="-589.2287"/>
    <tag k="local_y" v="50.7484"/>
    <tag k="ele" v="1.5265"/>
  </node>
  <node id="4092" lat="-4.52217431877" lon="57.8988187046">
    <tag k="local_x" v="-289.2015"/>
    <tag k="local_y" v="91.7861"/>
    <tag k="ele" v="1.8205"/>
  </node>
  <node id="4093" lat="-4.52221892882" lon="57.89832553964">
    <tag k="local_x" v="-343.9215"/>
    <tag k="local_y" v="86.9221"/>
    <tag k="ele" v="1.7572"/>
  </node>
  <node id="4095" lat="-4.52220154916" lon="57.89882065083">
    <tag k="local_x" v="-288.9893"/>
    <tag k="local_y" v="88.7755"/>
    <tag k="ele" v="1.8205"/>
  </node>
  <node id="4096" lat="-4.52224435631" lon="57.89832757377">
    <tag k="local_x" v="-343.6993"/>
    <tag k="local_y" v="84.1108"/>
    <tag k="ele" v="1.7572"/>
  </node>
  <node id="4343" lat="-4.52225429871" lon="57.89819897926">
    <tag k="local_x" v="-357.9675"/>
    <tag k="local_y" v="83.0293"/>
    <tag k="ele" v="1.7532"/>
  </node>
  <node id="4344" lat="-4.52222488383" lon="57.89819627142">
    <tag k="local_x" v="-358.2639"/>
    <tag k="local_y" v="86.2815"/>
    <tag k="ele" v="1.7319"/>
  </node>
  <node id="4827" lat="-4.52247277384" lon="57.8961264026">
    <tag k="local_x" v="-587.938"/>
    <tag k="local_y" v="59.1607"/>
    <tag k="ele" v="1.3818"/>
  </node>
  <node id="4828" lat="-4.52248036923" lon="57.89609882512">
    <tag k="local_x" v="-590.9986"/>
    <tag k="local_y" v="58.3248"/>
    <tag k="ele" v="1.3818"/>
  </node>
  <node id="4868" lat="-4.52248977086" lon="57.89613132055">
    <tag k="local_x" v="-587.3947"/>
    <tag k="local_y" v="57.281"/>
    <tag k="ele" v="1.3818"/>
  </node>
  <node id="4872" lat="-4.52250726573" lon="57.89613523139">
    <tag k="local_x" v="-586.9632"/>
    <tag k="local_y" v="55.3464"/>
    <tag k="ele" v="1.3818"/>
  </node>
  <node id="4876" lat="-4.52252496547" lon="57.89613806175">
    <tag k="local_x" v="-586.6516"/>
    <tag k="local_y" v="53.3893"/>
    <tag k="ele" v="1.3818"/>
  </node>
  <node id="4882" lat="-4.52249620934" lon="57.89610445281">
    <tag k="local_x" v="-590.3764"/>
    <tag k="local_y" v="56.5729"/>
    <tag k="ele" v="1.3818"/>
  </node>
  <node id="4886" lat="-4.52251216801" lon="57.89610856547">
    <tag k="local_x" v="-589.9223"/>
    <tag k="local_y" v="54.8081"/>
    <tag k="ele" v="1.3818"/>
  </node>
  <node id="4890" lat="-4.52252841843" lon="57.89611156441">
    <tag k="local_x" v="-589.5918"/>
    <tag k="local_y" v="53.0112"/>
    <tag k="ele" v="1.3818"/>
  </node>
  <node id="7015" lat="-4.52273884245" lon="57.89974820026">
    <tag k="local_x" v="-186.1564"/>
    <tag k="local_y" v="29.2501"/>
    <tag k="ele" v="1.858"/>
  </node>
  <node id="7016" lat="-4.52274088165" lon="57.89972320286">
    <tag k="local_x" v="-188.93"/>
    <tag k="local_y" v="29.0281"/>
    <tag k="ele" v="1.891"/>
  </node>
  <node id="8036" lat="-4.52260506369" lon="57.89973589306">
    <tag k="local_x" v="-187.5035"/>
    <tag k="local_y" v="44.0411"/>
    <tag k="ele" v="1.8594"/>
  </node>
  <node id="8037" lat="-4.52260718984" lon="57.89971080383">
    <tag k="local_x" v="-190.2873"/>
    <tag k="local_y" v="43.8095"/>
    <tag k="ele" v="1.895"/>
  </node>
  <node id="9780" lat="-4.5221263561" lon="57.89891339381">
    <tag k="local_x" v="-278.6897"/>
    <tag k="local_y" v="97.0754"/>
    <tag k="ele" v="1.7888"/>
  </node>
  <node id="9781" lat="-4.52215177626" lon="57.89891550907">
    <tag k="local_x" v="-278.4585"/>
    <tag k="local_y" v="94.2649"/>
    <tag k="ele" v="1.7986"/>
  </node>
  <node id="9881" lat="-4.52141378259" lon="57.90099685701">
    <tag k="local_x" v="-47.4433"/>
    <tag k="local_y" v="175.5645"/>
    <tag k="ele" v="2.0207"/>
  </node>
  <node id="9882" lat="-4.52143902912" lon="57.90099890993">
    <tag k="local_x" v="-47.219"/>
    <tag k="local_y" v="172.7732"/>
    <tag k="ele" v="2.0105"/>
  </node>
  <node id="9905" lat="-4.5215001565" lon="57.89995165628">
    <tag k="local_x" v="-163.4145"/>
    <tag k="local_y" v="166.1595"/>
    <tag k="ele" v="1.9497"/>
  </node>
  <node id="9906" lat="-4.52152592497" lon="57.89995371431">
    <tag k="local_x" v="-163.1897"/>
    <tag k="local_y" v="163.3105"/>
    <tag k="ele" v="1.9213"/>
  </node>
  <node id="10160" lat="-4.52234367909" lon="57.89971476552">
    <tag k="local_x" v="-189.8117"/>
    <tag k="local_y" v="72.9402"/>
    <tag k="ele" v="1.8619"/>
  </node>
  <node id="10161" lat="-4.522345761" lon="57.89968960865">
    <tag k="local_x" v="-192.603"/>
    <tag k="local_y" v="72.7135"/>
    <tag k="ele" v="1.8993"/>
  </node>
  <node id="10167" lat="-4.52242746289" lon="57.89972174982">
    <tag k="local_x" v="-189.0483"/>
    <tag k="local_y" v="63.6769"/>
    <tag k="ele" v="1.8636"/>
  </node>
  <node id="10168" lat="-4.52242960809" lon="57.89969661196">
    <tag k="local_x" v="-191.8375"/>
    <tag k="local_y" v="63.4432"/>
    <tag k="ele" v="1.8973"/>
  </node>
  <node id="10332" lat="-4.52289314998" lon="57.89976075724">
    <tag k="local_x" v="-184.7844"/>
    <tag k="local_y" v="12.1896"/>
    <tag k="ele" v="1.8353"/>
  </node>
  <node id="10333" lat="-4.52289532754" lon="57.89973579426">
    <tag k="local_x" v="-187.5542"/>
    <tag k="local_y" v="11.9523"/>
    <tag k="ele" v="1.8775"/>
  </node>
  <node id="10339" lat="-4.52303238992" lon="57.8997728017">
    <tag k="local_x" v="-183.4672"/>
    <tag k="local_y" v="-3.2051"/>
    <tag k="ele" v="1.8289"/>
  </node>
  <node id="10340" lat="-4.52303456473" lon="57.89974786755">
    <tag k="local_x" v="-186.2338"/>
    <tag k="local_y" v="-3.4421"/>
    <tag k="ele" v="1.8761"/>
  </node>
  <node id="10718" lat="-4.52336875289" lon="57.89969642783">
    <tag k="local_x" v="-191.9865"/>
    <tag k="local_y" v="-40.3797"/>
    <tag k="ele" v="1.8428"/>
  </node>
  <node id="10741" lat="-4.52306887685" lon="57.89977390762">
    <tag k="local_x" v="-183.3495"/>
    <tag k="local_y" v="-7.2389"/>
    <tag k="ele" v="1.8516"/>
  </node>
  <node id="10743" lat="-4.52308133193" lon="57.89977452509">
    <tag k="local_x" v="-183.2827"/>
    <tag k="local_y" v="-8.6159"/>
    <tag k="ele" v="1.8516"/>
  </node>
  <node id="10746" lat="-4.52309220814" lon="57.89977400762">
    <tag k="local_x" v="-183.3416"/>
    <tag k="local_y" v="-9.8182"/>
    <tag k="ele" v="1.8516"/>
  </node>
  <node id="10749" lat="-4.52310625321" lon="57.89977263056">
    <tag k="local_x" v="-183.4963"/>
    <tag k="local_y" v="-11.3707"/>
    <tag k="ele" v="1.8516"/>
  </node>
  <node id="10752" lat="-4.5231201585" lon="57.89977017891">
    <tag k="local_x" v="-183.7702"/>
    <tag k="local_y" v="-12.9076"/>
    <tag k="ele" v="1.8516"/>
  </node>
  <node id="10755" lat="-4.5231402268" lon="57.89976464774">
    <tag k="local_x" v="-184.3866"/>
    <tag k="local_y" v="-15.1254"/>
    <tag k="ele" v="1.8516"/>
  </node>
  <node id="10766" lat="-4.52307008657" lon="57.89974890558">
    <tag k="local_x" v="-186.1235"/>
    <tag k="local_y" v="-7.3692"/>
    <tag k="ele" v="1.8516"/>
  </node>
  <node id="10769" lat="-4.523082402" lon="57.89974907671">
    <tag k="local_x" v="-186.1062"/>
    <tag k="local_y" v="-8.7307"/>
    <tag k="ele" v="1.8516"/>
  </node>
  <node id="10772" lat="-4.52309452501" lon="57.8997483084">
    <tag k="local_x" v="-186.1931"/>
    <tag k="local_y" v="-10.0708"/>
    <tag k="ele" v="1.8516"/>
  </node>
  <node id="10775" lat="-4.52310654425" lon="57.89974661336">
    <tag k="local_x" v="-186.3828"/>
    <tag k="local_y" v="-11.3993"/>
    <tag k="ele" v="1.8516"/>
  </node>
  <node id="10778" lat="-4.52311838914" lon="57.89974400324">
    <tag k="local_x" v="-186.674"/>
    <tag k="local_y" v="-12.7084"/>
    <tag k="ele" v="1.8516"/>
  </node>
  <node id="10781" lat="-4.5231299882" lon="57.89974049507">
    <tag k="local_x" v="-187.0648"/>
    <tag k="local_y" v="-13.9902"/>
    <tag k="ele" v="1.8516"/>
  </node>
  <node id="10784" lat="-4.52314127447" lon="57.89973611129">
    <tag k="local_x" v="-187.5527"/>
    <tag k="local_y" v="-15.2373"/>
    <tag k="ele" v="1.8516"/>
  </node>
  <node id="10823" lat="-4.5232845653" lon="57.89971665486">
    <tag k="local_x" v="-189.7309"/>
    <tag k="local_y" v="-31.0755"/>
    <tag k="ele" v="1.8592"/>
  </node>
  <node id="10824" lat="-4.5232872383" lon="57.89968971851">
    <tag k="local_x" v="-192.7197"/>
    <tag k="local_y" v="-31.3673"/>
    <tag k="ele" v="1.8597"/>
  </node>
  <node id="10926" lat="-4.52299823728" lon="57.89623316841">
    <tag k="local_x" v="-576.1646"/>
    <tag k="local_y" v="1.0559"/>
    <tag k="ele" v="2.9548"/>
  </node>
  <node id="10927" lat="-4.52214771913" lon="57.89812475232">
    <tag k="local_x" v="-366.188"/>
    <tag k="local_y" v="94.8219"/>
    <tag k="ele" v="0.9723"/>
  </node>
  <node id="11380" lat="-4.52251504659" lon="57.89696593878">
    <tag k="local_x" v="-494.802"/>
    <tag k="local_y" v="54.3725"/>
    <tag k="ele" v="1.4548"/>
  </node>
  <node id="11381" lat="-4.52251714895" lon="57.89694172111">
    <tag k="local_x" v="-497.4891"/>
    <tag k="local_y" v="54.1434"/>
    <tag k="ele" v="1.4548"/>
  </node>
  <node id="11521" lat="-4.52245568518" lon="57.89748002087">
    <tag k="local_x" v="-437.7594"/>
    <tag k="local_y" v="60.8645"/>
    <tag k="ele" v="1.4548"/>
  </node>
  <node id="11522" lat="-4.52245778756" lon="57.8974558032">
    <tag k="local_x" v="-440.4465"/>
    <tag k="local_y" v="60.6354"/>
    <tag k="ele" v="1.4548"/>
  </node>
  <node id="11523" lat="-4.52246521625" lon="57.89742190616">
    <tag k="local_x" v="-444.2082"/>
    <tag k="local_y" v="59.8188"/>
    <tag k="ele" v="1.61"/>
  </node>
  <node id="11524" lat="-4.52246311926" lon="57.89744615267">
    <tag k="local_x" v="-441.5179"/>
    <tag k="local_y" v="60.0473"/>
    <tag k="ele" v="1.61"/>
  </node>
  <node id="11750" lat="-4.52234212486" lon="57.89721247319">
    <tag k="local_x" v="-467.4268"/>
    <tag k="local_y" v="73.4553"/>
    <tag k="ele" v="1.4962"/>
  </node>
  <node id="11751" lat="-4.5223123938" lon="57.89722255429">
    <tag k="local_x" v="-466.3043"/>
    <tag k="local_y" v="76.7407"/>
    <tag k="ele" v="1.5076"/>
  </node>
  <node id="11760" lat="-4.52233780851" lon="57.89718746976">
    <tag k="local_x" v="-470.2002"/>
    <tag k="local_y" v="73.9359"/>
    <tag k="ele" v="1.522"/>
  </node>
  <node id="11764" lat="-4.52234187376" lon="57.89720050111">
    <tag k="local_x" v="-468.755"/>
    <tag k="local_y" v="73.4847"/>
    <tag k="ele" v="1.5003"/>
  </node>
  <node id="11766" lat="-4.52230945321" lon="57.89721951492">
    <tag k="local_x" v="-466.6411"/>
    <tag k="local_y" v="77.0662"/>
    <tag k="ele" v="1.5003"/>
  </node>
  <node id="11771" lat="-4.52226782059" lon="57.89723925379">
    <tag k="local_x" v="-464.4455"/>
    <tag k="local_y" v="81.666"/>
    <tag k="ele" v="1.5289"/>
  </node>
  <node id="11772" lat="-4.52229293188" lon="57.89724097653">
    <tag k="local_x" v="-464.2578"/>
    <tag k="local_y" v="78.8897"/>
    <tag k="ele" v="1.5231"/>
  </node>
  <node id="11785" lat="-4.52232914365" lon="57.89717800571">
    <tag k="local_x" v="-471.249"/>
    <tag k="local_y" v="74.8951"/>
    <tag k="ele" v="1.5234"/>
  </node>
  <node id="11787" lat="-4.52231589676" lon="57.89717179622">
    <tag k="local_x" v="-471.9361"/>
    <tag k="local_y" v="76.3604"/>
    <tag k="ele" v="1.5234"/>
  </node>
  <node id="11789" lat="-4.52230211378" lon="57.89717044436">
    <tag k="local_x" v="-472.0842"/>
    <tag k="local_y" v="77.8843"/>
    <tag k="ele" v="1.5234"/>
  </node>
  <node id="11793" lat="-4.52230534854" lon="57.89721859139">
    <tag k="local_x" v="-466.743"/>
    <tag k="local_y" v="77.5201"/>
    <tag k="ele" v="1.5234"/>
  </node>
  <node id="11917" lat="-4.52241888679" lon="57.8962852296">
    <tag k="local_x" v="-570.3097"/>
    <tag k="local_y" v="65.0962"/>
    <tag k="ele" v="1.4739"/>
  </node>
  <node id="11918" lat="-4.5223934657" lon="57.89628312524">
    <tag k="local_x" v="-570.5397"/>
    <tag k="local_y" v="67.9068"/>
    <tag k="ele" v="1.4739"/>
  </node>
  <node id="12360" lat="-4.52240218584" lon="57.89648685977">
    <tag k="local_x" v="-547.9377"/>
    <tag k="local_y" v="66.9149"/>
    <tag k="ele" v="1.4739"/>
  </node>
  <node id="12365" lat="-4.52237305878" lon="57.89649275937">
    <tag k="local_x" v="-547.2792"/>
    <tag k="local_y" v="70.1341"/>
    <tag k="ele" v="1.4739"/>
  </node>
  <node id="12378" lat="-4.52240401193" lon="57.89646366029">
    <tag k="local_x" v="-550.5118"/>
    <tag k="local_y" v="66.7162"/>
    <tag k="ele" v="1.4767"/>
  </node>
  <node id="12379" lat="-4.52237859174" lon="57.89646155682">
    <tag k="local_x" v="-550.7417"/>
    <tag k="local_y" v="69.5267"/>
    <tag k="ele" v="1.4767"/>
  </node>
  <node id="12509" lat="-4.52169489727" lon="57.8982097843">
    <tag k="local_x" v="-356.6923"/>
    <tag k="local_y" v="144.8699"/>
    <tag k="ele" v="0.0182"/>
  </node>
  <node id="12512" lat="-4.52169036352" lon="57.89824120344">
    <tag k="local_x" v="-353.2059"/>
    <tag k="local_y" v="145.3668"/>
    <tag k="ele" v="0.0182"/>
  </node>
  <node id="13135" lat="-4.52152502308" lon="57.89946157009">
    <tag k="local_x" v="-217.7903"/>
    <tag k="local_y" v="163.4778"/>
    <tag k="ele" v="0.141"/>
  </node>
  <node id="13138" lat="-4.52154966357" lon="57.89945342702">
    <tag k="local_x" v="-218.6971"/>
    <tag k="local_y" v="160.7549"/>
    <tag k="ele" v="0.141"/>
  </node>
  <node id="13503" lat="-4.52170643767" lon="57.89700793867">
    <tag k="local_x" v="-490.032"/>
    <tag k="local_y" v="143.7588"/>
    <tag k="ele" v="-0.1174"/>
  </node>
  <node id="13506" lat="-4.52172711473" lon="57.89702358092">
    <tag k="local_x" v="-488.2994"/>
    <tag k="local_y" v="141.4708"/>
    <tag k="ele" v="-0.1174"/>
  </node>
  <node id="14851" lat="-4.52148309998" lon="57.89965249936">
    <tag k="local_x" v="-196.602"/>
    <tag k="local_y" v="168.0862"/>
    <tag k="ele" v="0.1406"/>
  </node>
  <node id="14852" lat="-4.52149778569" lon="57.89972230458">
    <tag k="local_x" v="-188.8595"/>
    <tag k="local_y" v="166.4531"/>
    <tag k="ele" v="0.2497"/>
  </node>
  <node id="14854" lat="-4.52145769142" lon="57.89965780762">
    <tag k="local_x" v="-196.0096"/>
    <tag k="local_y" v="170.8944"/>
    <tag k="ele" v="0.1406"/>
  </node>
  <node id="14855" lat="-4.52147237713" lon="57.89972761284">
    <tag k="local_x" v="-188.2671"/>
    <tag k="local_y" v="169.2613"/>
    <tag k="ele" v="0.2497"/>
  </node>
  <node id="15106" lat="-4.52212516081" lon="57.89923494966">
    <tag k="local_x" v="-243.0147"/>
    <tag k="local_y" v="97.1634"/>
    <tag k="ele" v="1.8487"/>
  </node>
  <node id="15107" lat="-4.52209643793" lon="57.89955120132">
    <tag k="local_x" v="-207.9244"/>
    <tag k="local_y" v="100.2953"/>
    <tag k="ele" v="1.8368"/>
  </node>
  <node id="15109" lat="-4.5221001043" lon="57.89923283303">
    <tag k="local_x" v="-243.2461"/>
    <tag k="local_y" v="99.9337"/>
    <tag k="ele" v="1.8487"/>
  </node>
  <node id="15110" lat="-4.52207138142" lon="57.89954908378">
    <tag k="local_x" v="-208.1559"/>
    <tag k="local_y" v="103.0656"/>
    <tag k="ele" v="1.8368"/>
  </node>
  <node id="15635" lat="-4.52136722677" lon="57.90124017586">
    <tag k="local_x" v="-20.442"/>
    <tag k="local_y" v="180.6778"/>
    <tag k="ele" v="2.0368"/>
  </node>
  <node id="15636" lat="-4.52139914833" lon="57.90124056413">
    <tag k="local_x" v="-20.4033"/>
    <tag k="local_y" v="177.1488"/>
    <tag k="ele" v="2.0368"/>
  </node>
  <node id="15849" lat="-4.52237653094" lon="57.89694084418">
    <tag k="local_x" v="-497.5672"/>
    <tag k="local_y" v="69.6889"/>
    <tag k="ele" v="1.4923"/>
  </node>
  <node id="15853" lat="-4.52238189461" lon="57.89693605108">
    <tag k="local_x" v="-498.0997"/>
    <tag k="local_y" v="69.0966"/>
    <tag k="ele" v="1.4923"/>
  </node>
  <node id="15855" lat="-4.52238855608" lon="57.89693146417">
    <tag k="local_x" v="-498.6095"/>
    <tag k="local_y" v="68.3608"/>
    <tag k="ele" v="1.4923"/>
  </node>
  <node id="15857" lat="-4.52239792126" lon="57.89692763864">
    <tag k="local_x" v="-499.0352"/>
    <tag k="local_y" v="67.326"/>
    <tag k="ele" v="1.4923"/>
  </node>
  <node id="15859" lat="-4.52240765387" lon="57.89692512411">
    <tag k="local_x" v="-499.3155"/>
    <tag k="local_y" v="66.2504"/>
    <tag k="ele" v="1.4923"/>
  </node>
  <node id="15873" lat="-4.52235390756" lon="57.89692057738">
    <tag k="local_x" v="-499.8126"/>
    <tag k="local_y" v="72.1927"/>
    <tag k="ele" v="1.4923"/>
  </node>
  <node id="15875" lat="-4.52236203218" lon="57.89691341711">
    <tag k="local_x" v="-500.6081"/>
    <tag k="local_y" v="71.2955"/>
    <tag k="ele" v="1.4923"/>
  </node>
  <node id="15877" lat="-4.52237102282" lon="57.89690743327">
    <tag k="local_x" v="-501.2732"/>
    <tag k="local_y" v="70.3024"/>
    <tag k="ele" v="1.4923"/>
  </node>
  <node id="15879" lat="-4.52238071387" lon="57.89690342426">
    <tag k="local_x" v="-501.7193"/>
    <tag k="local_y" v="69.2316"/>
    <tag k="ele" v="1.4923"/>
  </node>
  <node id="15881" lat="-4.5223908141" lon="57.89690061184">
    <tag k="local_x" v="-502.0327"/>
    <tag k="local_y" v="68.1154"/>
    <tag k="ele" v="1.4923"/>
  </node>
  <node id="15883" lat="-4.52240117513" lon="57.8968990355">
    <tag k="local_x" v="-502.209"/>
    <tag k="local_y" v="66.9702"/>
    <tag k="ele" v="1.4923"/>
  </node>
  <node id="15885" lat="-4.52241127771" lon="57.89689871262">
    <tag k="local_x" v="-502.2462"/>
    <tag k="local_y" v="65.8534"/>
    <tag k="ele" v="1.4923"/>
  </node>
  <node id="16252" lat="-4.5231568364" lon="57.89975809377">
    <tag k="local_x" v="-185.116"/>
    <tag k="local_y" v="-16.9607"/>
    <tag k="ele" v="1.8516"/>
  </node>
  <node id="16253" lat="-4.5231454832" lon="57.89973409205">
    <tag k="local_x" v="-187.7773"/>
    <tag k="local_y" v="-15.7023"/>
    <tag k="ele" v="1.8516"/>
  </node>
  <node id="16259" lat="-4.52322766586" lon="57.89972583612">
    <tag k="local_x" v="-188.7045"/>
    <tag k="local_y" v="-24.7865"/>
    <tag k="ele" v="1.8516"/>
  </node>
  <node id="16262" lat="-4.5232388368" lon="57.89972181365">
    <tag k="local_x" v="-189.1523"/>
    <tag k="local_y" v="-26.0209"/>
    <tag k="ele" v="1.8516"/>
  </node>
  <node id="16265" lat="-4.52325013208" lon="57.89971891622">
    <tag k="local_x" v="-189.4753"/>
    <tag k="local_y" v="-27.2692"/>
    <tag k="ele" v="1.8516"/>
  </node>
  <node id="16268" lat="-4.52326164492" lon="57.89971709077">
    <tag k="local_x" v="-189.6794"/>
    <tag k="local_y" v="-28.5417"/>
    <tag k="ele" v="1.8516"/>
  </node>
  <node id="16271" lat="-4.52327327401" lon="57.89971635159">
    <tag k="local_x" v="-189.763"/>
    <tag k="local_y" v="-29.8272"/>
    <tag k="ele" v="1.8516"/>
  </node>
  <node id="16274" lat="-4.52321773179" lon="57.89970121782">
    <tag k="local_x" v="-191.4344"/>
    <tag k="local_y" v="-23.6849"/>
    <tag k="ele" v="1.8516"/>
  </node>
  <node id="16277" lat="-4.52323083316" lon="57.89969638561">
    <tag k="local_x" v="-191.9723"/>
    <tag k="local_y" v="-25.1326"/>
    <tag k="ele" v="1.8516"/>
  </node>
  <node id="16280" lat="-4.52324453822" lon="57.89969274033">
    <tag k="local_x" v="-192.3786"/>
    <tag k="local_y" v="-26.6472"/>
    <tag k="ele" v="1.8516"/>
  </node>
  <node id="16283" lat="-4.52325853203" lon="57.89969039245">
    <tag k="local_x" v="-192.641"/>
    <tag k="local_y" v="-28.1939"/>
    <tag k="ele" v="1.8516"/>
  </node>
  <node id="16286" lat="-4.52327268973" lon="57.89968936615">
    <tag k="local_x" v="-192.7568"/>
    <tag k="local_y" v="-29.7589"/>
    <tag k="ele" v="1.8516"/>
  </node>
  <node id="16452" lat="-4.52317716713" lon="57.89971754265">
    <tag k="local_x" v="-189.6177"/>
    <tag k="local_y" v="-19.2027"/>
    <tag k="ele" v="1.8516"/>
  </node>
  <node id="16455" lat="-4.52318822825" lon="57.89971454307">
    <tag k="local_x" v="-189.952"/>
    <tag k="local_y" v="-20.4251"/>
    <tag k="ele" v="1.8516"/>
  </node>
  <node id="16458" lat="-4.523199525" lon="57.89971263894">
    <tag k="local_x" v="-190.1648"/>
    <tag k="local_y" v="-21.6737"/>
    <tag k="ele" v="1.8516"/>
  </node>
  <node id="16461" lat="-4.52321094791" lon="57.89971184903">
    <tag k="local_x" v="-190.254"/>
    <tag k="local_y" v="-22.9364"/>
    <tag k="ele" v="1.8516"/>
  </node>
  <node id="16465" lat="-4.52316433277" lon="57.89969384826">
    <tag k="local_x" v="-192.2447"/>
    <tag k="local_y" v="-17.7806"/>
    <tag k="ele" v="1.8516"/>
  </node>
  <node id="16468" lat="-4.52317775728" lon="57.89968958791">
    <tag k="local_x" v="-192.7192"/>
    <tag k="local_y" v="-19.2641"/>
    <tag k="ele" v="1.8516"/>
  </node>
  <node id="16471" lat="-4.52319154195" lon="57.8996866593">
    <tag k="local_x" v="-193.046"/>
    <tag k="local_y" v="-20.7876"/>
    <tag k="ele" v="1.8516"/>
  </node>
  <node id="16474" lat="-4.52320555469" lon="57.89968509021">
    <tag k="local_x" v="-193.222"/>
    <tag k="local_y" v="-22.3365"/>
    <tag k="ele" v="1.8516"/>
  </node>
  <node id="16477" lat="-4.52321943909" lon="57.89968489011">
    <tag k="local_x" v="-193.2461"/>
    <tag k="local_y" v="-23.8714"/>
    <tag k="ele" v="1.8516"/>
  </node>
  <node id="19125" lat="-4.52244402679" lon="57.90142090536">
    <tag k="local_x" v="-0.5387"/>
    <tag k="local_y" v="61.6121"/>
    <tag k="ele" v="1.9586"/>
  </node>
  <node id="19129" lat="-4.52244597436" lon="57.90139544007">
    <tag k="local_x" v="-3.3642"/>
    <tag k="local_y" v="61.4003"/>
    <tag k="ele" v="1.9412"/>
  </node>
  <node id="19406" lat="-4.52299743812" lon="57.90146865457">
    <tag k="local_x" v="4.6829"/>
    <tag k="local_y" v="0.4256"/>
    <tag k="ele" v="1.8893"/>
  </node>
  <node id="19409" lat="-4.52299998978" lon="57.9014433207">
    <tag k="local_x" v="1.8719"/>
    <tag k="local_y" v="0.147"/>
    <tag k="ele" v="1.8706"/>
  </node>
  <node id="20527" lat="-4.52198143482" lon="57.90104005702">
    <tag k="local_x" v="-42.7283"/>
    <tag k="local_y" v="112.8043"/>
    <tag k="ele" v="1.985"/>
  </node>
  <node id="20530" lat="-4.52200799622" lon="57.90102713652">
    <tag k="local_x" v="-44.1654"/>
    <tag k="local_y" v="109.8697"/>
    <tag k="ele" v="1.985"/>
  </node>
  <node id="20535" lat="-4.52201748296" lon="57.90106592348">
    <tag k="local_x" v="-39.8635"/>
    <tag k="local_y" v="108.8156"/>
    <tag k="ele" v="1.9962"/>
  </node>
  <node id="20537" lat="-4.52201748309" lon="57.90105492158">
    <tag k="local_x" v="-41.0841"/>
    <tag k="local_y" v="108.8171"/>
    <tag k="ele" v="1.9962"/>
  </node>
  <node id="20539" lat="-4.52201668623" lon="57.90104541675">
    <tag k="local_x" v="-42.1385"/>
    <tag k="local_y" v="108.9065"/>
    <tag k="ele" v="1.9962"/>
  </node>
  <node id="20541" lat="-4.52201292647" lon="57.90103628592">
    <tag k="local_x" v="-43.151"/>
    <tag k="local_y" v="109.3234"/>
    <tag k="ele" v="1.9962"/>
  </node>
  <node id="20544" lat="-4.52199035671" lon="57.90106826231">
    <tag k="local_x" v="-39.6003"/>
    <tag k="local_y" v="111.8141"/>
    <tag k="ele" v="1.9962"/>
  </node>
  <node id="20547" lat="-4.52198854077" lon="57.90105702022">
    <tag k="local_x" v="-40.8473"/>
    <tag k="local_y" v="112.0164"/>
    <tag k="ele" v="1.9962"/>
  </node>
  <node id="20550" lat="-4.52198494028" lon="57.90104710541">
    <tag k="local_x" v="-41.9468"/>
    <tag k="local_y" v="112.4158"/>
    <tag k="ele" v="1.9962"/>
  </node>
  <node id="20554" lat="-4.52199717335" lon="57.9010051473">
    <tag k="local_x" v="-46.6035"/>
    <tag k="local_y" v="111.0692"/>
    <tag k="ele" v="1.9832"/>
  </node>
  <node id="20556" lat="-4.52199452321" lon="57.90099550858">
    <tag k="local_x" v="-47.6725"/>
    <tag k="local_y" v="111.3635"/>
    <tag k="ele" v="1.9832"/>
  </node>
  <node id="20557" lat="-4.52199239061" lon="57.90098431476">
    <tag k="local_x" v="-48.9141"/>
    <tag k="local_y" v="111.6008"/>
    <tag k="ele" v="1.9832"/>
  </node>
  <node id="20558" lat="-4.52197009228" lon="57.90101842409">
    <tag k="local_x" v="-45.1268"/>
    <tag k="local_y" v="114.0612"/>
    <tag k="ele" v="1.9832"/>
  </node>
  <node id="20559" lat="-4.52196651136" lon="57.90101095468">
    <tag k="local_x" v="-45.955"/>
    <tag k="local_y" v="114.4581"/>
    <tag k="ele" v="1.9832"/>
  </node>
  <node id="20560" lat="-4.52196509675" lon="57.90100213231">
    <tag k="local_x" v="-46.9336"/>
    <tag k="local_y" v="114.6157"/>
    <tag k="ele" v="1.9832"/>
  </node>
  <node id="20561" lat="-4.52196469625" lon="57.90099322736">
    <tag k="local_x" v="-47.9215"/>
    <tag k="local_y" v="114.6612"/>
    <tag k="ele" v="1.9832"/>
  </node>
  <node id="20589" lat="-4.52201739603" lon="57.90069448366">
    <tag k="local_x" v="-81.0727"/>
    <tag k="local_y" v="108.8763"/>
    <tag k="ele" v="1.9962"/>
  </node>
  <node id="20590" lat="-4.5219913696" lon="57.90068674496">
    <tag k="local_x" v="-81.9277"/>
    <tag k="local_y" v="111.7546"/>
    <tag k="ele" v="1.9962"/>
  </node>
  <node id="20616" lat="-4.52202105125" lon="57.90068294817">
    <tag k="local_x" v="-82.353"/>
    <tag k="local_y" v="108.4738"/>
    <tag k="ele" v="1.9962"/>
  </node>
  <node id="20620" lat="-4.52202555376" lon="57.90067455404">
    <tag k="local_x" v="-83.2849"/>
    <tag k="local_y" v="107.9772"/>
    <tag k="ele" v="1.9962"/>
  </node>
  <node id="20622" lat="-4.52203055869" lon="57.90066656613">
    <tag k="local_x" v="-84.1718"/>
    <tag k="local_y" v="107.425"/>
    <tag k="ele" v="1.9962"/>
  </node>
  <node id="20624" lat="-4.52199371641" lon="57.90067553414">
    <tag k="local_x" v="-83.1718"/>
    <tag k="local_y" v="111.4967"/>
    <tag k="ele" v="1.9962"/>
  </node>
  <node id="20626" lat="-4.5219971742" lon="57.90066564248">
    <tag k="local_x" v="-84.2697"/>
    <tag k="local_y" v="111.1158"/>
    <tag k="ele" v="1.9962"/>
  </node>
  <node id="20628" lat="-4.52200222133" lon="57.90065645853">
    <tag k="local_x" v="-85.2893"/>
    <tag k="local_y" v="110.5591"/>
    <tag k="ele" v="1.9962"/>
  </node>
  <node id="20630" lat="-4.52200791991" lon="57.90064860128">
    <tag k="local_x" v="-86.1618"/>
    <tag k="local_y" v="109.9302"/>
    <tag k="ele" v="1.9962"/>
  </node>
  <node id="20939" lat="-4.52227753911" lon="57.8997082744">
    <tag k="local_x" v="-190.5228"/>
    <tag k="local_y" v="80.2529"/>
    <tag k="ele" v="1.8671"/>
  </node>
  <node id="20940" lat="-4.52227972042" lon="57.89968319337">
    <tag k="local_x" v="-193.3057"/>
    <tag k="local_y" v="80.0152"/>
    <tag k="ele" v="1.8986"/>
  </node>
  <node id="20987" lat="-4.52249995149" lon="57.8997279288">
    <tag k="local_x" v="-188.3727"/>
    <tag k="local_y" v="55.6624"/>
    <tag k="ele" v="1.8666"/>
  </node>
  <node id="20988" lat="-4.52250209771" lon="57.8997027017">
    <tag k="local_x" v="-191.1718"/>
    <tag k="local_y" v="55.4286"/>
    <tag k="ele" v="1.8964"/>
  </node>
  <node id="20994" lat="-4.52228034051" lon="57.89967335768">
    <tag k="local_x" v="-194.397"/>
    <tag k="local_y" v="79.948"/>
    <tag k="ele" v="1.8671"/>
  </node>
  <node id="20996" lat="-4.52234643819" lon="57.89967894919">
    <tag k="local_x" v="-193.7857"/>
    <tag k="local_y" v="72.6401"/>
    <tag k="ele" v="1.8619"/>
  </node>
  <node id="20997" lat="-4.52239188249" lon="57.89968266475">
    <tag k="local_x" v="-193.3797"/>
    <tag k="local_y" v="67.6157"/>
    <tag k="ele" v="1.8596"/>
  </node>
  <node id="20998" lat="-4.52243022199" lon="57.89968593349">
    <tag k="local_x" v="-193.0223"/>
    <tag k="local_y" v="63.3768"/>
    <tag k="ele" v="1.8636"/>
  </node>
  <node id="20999" lat="-4.5224642517" lon="57.89968883457">
    <tag k="local_x" v="-192.7051"/>
    <tag k="local_y" v="59.6144"/>
    <tag k="ele" v="1.8656"/>
  </node>
  <node id="21000" lat="-4.5225027106" lon="57.89969211247">
    <tag k="local_x" v="-192.3467"/>
    <tag k="local_y" v="55.3623"/>
    <tag k="ele" v="1.8666"/>
  </node>
  <node id="21001" lat="-4.52228252182" lon="57.89964827664">
    <tag k="local_x" v="-197.1799"/>
    <tag k="local_y" v="79.7103"/>
    <tag k="ele" v="1.8986"/>
  </node>
  <node id="21003" lat="-4.5223485201" lon="57.89965379232">
    <tag k="local_x" v="-196.577"/>
    <tag k="local_y" v="72.4134"/>
    <tag k="ele" v="1.8993"/>
  </node>
  <node id="21004" lat="-4.52239307975" lon="57.89965749507">
    <tag k="local_x" v="-196.1723"/>
    <tag k="local_y" v="67.4868"/>
    <tag k="ele" v="1.8984"/>
  </node>
  <node id="21005" lat="-4.5224323672" lon="57.89966079562">
    <tag k="local_x" v="-195.8115"/>
    <tag k="local_y" v="63.1431"/>
    <tag k="ele" v="1.8973"/>
  </node>
  <node id="21006" lat="-4.52246639696" lon="57.89966365433">
    <tag k="local_x" v="-195.499"/>
    <tag k="local_y" v="59.3807"/>
    <tag k="ele" v="1.8967"/>
  </node>
  <node id="21007" lat="-4.52250485682" lon="57.89966688536">
    <tag k="local_x" v="-195.1458"/>
    <tag k="local_y" v="55.1285"/>
    <tag k="ele" v="1.8964"/>
  </node>
  <node id="21055" lat="-4.52257172577" lon="57.89969166132">
    <tag k="local_x" v="-192.4062"/>
    <tag k="local_y" v="47.7327"/>
    <tag k="ele" v="1.8868"/>
  </node>
  <node id="21058" lat="-4.52255362097" lon="57.89971127765">
    <tag k="local_x" v="-190.2274"/>
    <tag k="local_y" v="49.7315"/>
    <tag k="ele" v="1.8868"/>
  </node>
  <node id="21061" lat="-4.52252441139" lon="57.89969623859">
    <tag k="local_x" v="-191.8919"/>
    <tag k="local_y" v="52.9627"/>
    <tag k="ele" v="1.8817"/>
  </node>
  <node id="21067" lat="-4.52254001567" lon="57.89970234198">
    <tag k="local_x" v="-191.2169"/>
    <tag k="local_y" v="51.2368"/>
    <tag k="ele" v="1.8817"/>
  </node>
  <node id="21069" lat="-4.5225335596" lon="57.89967047301">
    <tag k="local_x" v="-194.7517"/>
    <tag k="local_y" v="51.9549"/>
    <tag k="ele" v="1.8817"/>
  </node>
  <node id="21072" lat="-4.52254756154" lon="57.89967468608">
    <tag k="local_x" v="-194.2862"/>
    <tag k="local_y" v="50.4064"/>
    <tag k="ele" v="1.8817"/>
  </node>
  <node id="21075" lat="-4.52256059949" lon="57.89968231769">
    <tag k="local_x" v="-193.4413"/>
    <tag k="local_y" v="48.964"/>
    <tag k="ele" v="1.8817"/>
  </node>
  <node id="21082" lat="-4.52256723759" lon="57.89972129135">
    <tag k="local_x" v="-189.1183"/>
    <tag k="local_y" v="48.2248"/>
    <tag k="ele" v="1.8837"/>
  </node>
  <node id="21085" lat="-4.52258049647" lon="57.89972875108">
    <tag k="local_x" v="-188.2925"/>
    <tag k="local_y" v="46.758"/>
    <tag k="ele" v="1.8837"/>
  </node>
  <node id="21094" lat="-4.52258515409" lon="57.89970106818">
    <tag k="local_x" v="-191.3644"/>
    <tag k="local_y" v="46.2469"/>
    <tag k="ele" v="1.8837"/>
  </node>
  <node id="21115" lat="-4.52286310438" lon="57.89975825947">
    <tag k="local_x" v="-185.0574"/>
    <tag k="local_y" v="15.5115"/>
    <tag k="ele" v="1.851"/>
  </node>
  <node id="21116" lat="-4.52286514356" lon="57.89973327559">
    <tag k="local_x" v="-187.8295"/>
    <tag k="local_y" v="15.2895"/>
    <tag k="ele" v="1.8835"/>
  </node>
  <node id="21125" lat="-4.52286609237" lon="57.89972169618">
    <tag k="local_x" v="-189.1143"/>
    <tag k="local_y" v="15.1862"/>
    <tag k="ele" v="1.851"/>
  </node>
  <node id="21126" lat="-4.52288435729" lon="57.8997231753">
    <tag k="local_x" v="-188.9527"/>
    <tag k="local_y" v="13.1668"/>
    <tag k="ele" v="1.8481"/>
  </node>
  <node id="21127" lat="-4.52289613797" lon="57.89972419395">
    <tag k="local_x" v="-188.8413"/>
    <tag k="local_y" v="11.8643"/>
    <tag k="ele" v="1.8353"/>
  </node>
  <node id="21128" lat="-4.52303537791" lon="57.8997362384">
    <tag k="local_x" v="-187.5241"/>
    <tag k="local_y" v="-3.5304"/>
    <tag k="ele" v="1.8289"/>
  </node>
  <node id="21129" lat="-4.52286813155" lon="57.89969671229">
    <tag k="local_x" v="-191.8864"/>
    <tag k="local_y" v="14.9642"/>
    <tag k="ele" v="1.8835"/>
  </node>
  <node id="21130" lat="-4.52288558968" lon="57.89969812733">
    <tag k="local_x" v="-191.7318"/>
    <tag k="local_y" v="13.034"/>
    <tag k="ele" v="1.8804"/>
  </node>
  <node id="21131" lat="-4.52289831553" lon="57.89969923096">
    <tag k="local_x" v="-191.6111"/>
    <tag k="local_y" v="11.627"/>
    <tag k="ele" v="1.8775"/>
  </node>
  <node id="21132" lat="-4.52303755272" lon="57.89971130425">
    <tag k="local_x" v="-190.2907"/>
    <tag k="local_y" v="-3.7674"/>
    <tag k="ele" v="1.8761"/>
  </node>
  <node id="21136" lat="-4.52276527025" lon="57.89975034024">
    <tag k="local_x" v="-185.9226"/>
    <tag k="local_y" v="26.3282"/>
    <tag k="ele" v="1.8573"/>
  </node>
  <node id="21137" lat="-4.52276731035" lon="57.89972534554">
    <tag k="local_x" v="-188.6959"/>
    <tag k="local_y" v="26.1061"/>
    <tag k="ele" v="1.8903"/>
  </node>
  <node id="21173" lat="-4.52281320037" lon="57.89971031533">
    <tag k="local_x" v="-190.3697"/>
    <tag k="local_y" v="21.035"/>
    <tag k="ele" v="1.8786"/>
  </node>
  <node id="21176" lat="-4.52283171214" lon="57.89973079888">
    <tag k="local_x" v="-188.0997"/>
    <tag k="local_y" v="18.9857"/>
    <tag k="ele" v="1.8786"/>
  </node>
  <node id="21182" lat="-4.52280319162" lon="57.89974577932">
    <tag k="local_x" v="-186.4338"/>
    <tag k="local_y" v="22.1366"/>
    <tag k="ele" v="1.8737"/>
  </node>
  <node id="21183" lat="-4.52281214851" lon="57.89974222011">
    <tag k="local_x" v="-186.8299"/>
    <tag k="local_y" v="21.1469"/>
    <tag k="ele" v="1.8737"/>
  </node>
  <node id="21184" lat="-4.52282024503" lon="57.89973731142">
    <tag k="local_x" v="-187.3756"/>
    <tag k="local_y" v="20.2525"/>
    <tag k="ele" v="1.8737"/>
  </node>
  <node id="21186" lat="-4.52279050193" lon="57.89972140911">
    <tag k="local_x" v="-189.1358"/>
    <tag k="local_y" v="23.5428"/>
    <tag k="ele" v="1.8737"/>
  </node>
  <node id="21188" lat="-4.52280203751" lon="57.89971657497">
    <tag k="local_x" v="-189.6737"/>
    <tag k="local_y" v="22.2682"/>
    <tag k="ele" v="1.8737"/>
  </node>
  <node id="21194" lat="-4.52284371275" lon="57.89972590402">
    <tag k="local_x" v="-188.6444"/>
    <tag k="local_y" v="17.6597"/>
    <tag k="ele" v="1.8837"/>
  </node>
  <node id="21196" lat="-4.52285358128" lon="57.89972319952">
    <tag k="local_x" v="-188.9458"/>
    <tag k="local_y" v="16.5691"/>
    <tag k="ele" v="1.8837"/>
  </node>
  <node id="21197" lat="-4.52282372079" lon="57.89970349335">
    <tag k="local_x" v="-191.128"/>
    <tag k="local_y" v="19.8729"/>
    <tag k="ele" v="1.8837"/>
  </node>
  <node id="21198" lat="-4.52283115008" lon="57.89969976281">
    <tag k="local_x" v="-191.5429"/>
    <tag k="local_y" v="19.0521"/>
    <tag k="ele" v="1.8837"/>
  </node>
  <node id="21199" lat="-4.52284000751" lon="57.89969690022">
    <tag k="local_x" v="-191.8617"/>
    <tag k="local_y" v="18.0733"/>
    <tag k="ele" v="1.8837"/>
  </node>
  <node id="21200" lat="-4.52284815873" lon="57.89969602155">
    <tag k="local_x" v="-191.9603"/>
    <tag k="local_y" v="17.1723"/>
    <tag k="ele" v="1.8837"/>
  </node>
  <node id="21208" lat="-4.52306674506" lon="57.89973875583">
    <tag k="local_x" v="-187.2491"/>
    <tag k="local_y" v="-6.9984"/>
    <tag k="ele" v="1.8519"/>
  </node>
  <node id="21210" lat="-4.52308501062" lon="57.8997390001">
    <tag k="local_x" v="-187.2245"/>
    <tag k="local_y" v="-9.0177"/>
    <tag k="ele" v="1.8519"/>
  </node>
  <node id="21212" lat="-4.52310350326" lon="57.89973775652">
    <tag k="local_x" v="-187.365"/>
    <tag k="local_y" v="-11.0619"/>
    <tag k="ele" v="1.8519"/>
  </node>
  <node id="21214" lat="-4.52312184669" lon="57.89973502282">
    <tag k="local_x" v="-187.6708"/>
    <tag k="local_y" v="-13.0894"/>
    <tag k="ele" v="1.8519"/>
  </node>
  <node id="21216" lat="-4.52313991878" lon="57.89973081507">
    <tag k="local_x" v="-188.1401"/>
    <tag k="local_y" v="-15.0867"/>
    <tag k="ele" v="1.8519"/>
  </node>
  <node id="21218" lat="-4.5231573476" lon="57.89972524999">
    <tag k="local_x" v="-188.7599"/>
    <tag k="local_y" v="-17.0127"/>
    <tag k="ele" v="1.8519"/>
  </node>
  <node id="21219" lat="-4.52306739489" lon="57.89971373236">
    <tag k="local_x" v="-190.0254"/>
    <tag k="local_y" v="-7.0668"/>
    <tag k="ele" v="1.8519"/>
  </node>
  <node id="21221" lat="-4.52308412305" lon="57.8997136845">
    <tag k="local_x" v="-190.033"/>
    <tag k="local_y" v="-8.9161"/>
    <tag k="ele" v="1.8519"/>
  </node>
  <node id="21223" lat="-4.52310052542" lon="57.89971229773">
    <tag k="local_x" v="-190.1891"/>
    <tag k="local_y" v="-10.7292"/>
    <tag k="ele" v="1.8519"/>
  </node>
  <node id="21225" lat="-4.52311675033" lon="57.89970959387">
    <tag k="local_x" v="-190.4913"/>
    <tag k="local_y" v="-12.5225"/>
    <tag k="ele" v="1.8519"/>
  </node>
  <node id="21227" lat="-4.52313268919" lon="57.8997055926">
    <tag k="local_x" v="-190.9374"/>
    <tag k="local_y" v="-14.284"/>
    <tag k="ele" v="1.8519"/>
  </node>
  <node id="21229" lat="-4.52314849226" lon="57.89970022922">
    <tag k="local_x" v="-191.5346"/>
    <tag k="local_y" v="-16.0303"/>
    <tag k="ele" v="1.8519"/>
  </node>
  <node id="21739" lat="-4.52318371265" lon="57.89974585321">
    <tag k="local_x" v="-186.4777"/>
    <tag k="local_y" v="-19.9302"/>
    <tag k="ele" v="1.8516"/>
  </node>
  <node id="21740" lat="-4.52317265267" lon="57.89972172927">
    <tag k="local_x" v="-189.1526"/>
    <tag k="local_y" v="-18.7042"/>
    <tag k="ele" v="1.8516"/>
  </node>
  <node id="21994" lat="-4.52273872925" lon="57.89971045508">
    <tag k="local_x" v="-190.344"/>
    <tag k="local_y" v="29.2678"/>
    <tag k="ele" v="1.8353"/>
  </node>
  <node id="21998" lat="-4.52274090681" lon="57.8996854921">
    <tag k="local_x" v="-193.1138"/>
    <tag k="local_y" v="29.0305"/>
    <tag k="ele" v="1.8775"/>
  </node>
  <node id="22003" lat="-4.52273313874" lon="57.89970997137">
    <tag k="local_x" v="-190.3969"/>
    <tag k="local_y" v="29.8859"/>
    <tag k="ele" v="1.8417"/>
  </node>
  <node id="22004" lat="-4.52273531539" lon="57.89968500749">
    <tag k="local_x" v="-193.1668"/>
    <tag k="local_y" v="29.6487"/>
    <tag k="ele" v="1.879"/>
  </node>
  <node id="22011" lat="-4.52280624547" lon="57.89969115751">
    <tag k="local_x" v="-192.4942"/>
    <tag k="local_y" v="21.8065"/>
    <tag k="ele" v="1.8768"/>
  </node>
  <node id="22040" lat="-4.52305621802" lon="57.89967157671">
    <tag k="local_x" v="-194.7008"/>
    <tag k="local_y" v="-5.8254"/>
    <tag k="ele" v="1.8284"/>
  </node>
  <node id="22043" lat="-4.52305398666" lon="57.89969834414">
    <tag k="local_x" v="-191.7308"/>
    <tag k="local_y" v="-5.5824"/>
    <tag k="ele" v="1.8284"/>
  </node>
  <node id="22047" lat="-4.52312678848" lon="57.89970433424">
    <tag k="local_x" v="-191.0762"/>
    <tag k="local_y" v="-13.6315"/>
    <tag k="ele" v="1.8189"/>
  </node>
  <node id="22048" lat="-4.52312900627" lon="57.89967756589">
    <tag k="local_x" v="-194.0463"/>
    <tag k="local_y" v="-13.873"/>
    <tag k="ele" v="1.8189"/>
  </node>
  <node id="22055" lat="-4.52315584012" lon="57.89970671361">
    <tag k="local_x" v="-190.8162"/>
    <tag k="local_y" v="-16.8435"/>
    <tag k="ele" v="1.8185"/>
  </node>
  <node id="22058" lat="-4.52319455431" lon="57.89970981878">
    <tag k="local_x" v="-190.477"/>
    <tag k="local_y" v="-21.1238"/>
    <tag k="ele" v="1.8185"/>
  </node>
  <node id="22061" lat="-4.52323327585" lon="57.89971282931">
    <tag k="local_x" v="-190.1483"/>
    <tag k="local_y" v="-25.4049"/>
    <tag k="ele" v="1.8185"/>
  </node>
  <node id="22066" lat="-4.52315801633" lon="57.89967992087">
    <tag k="local_x" v="-193.789"/>
    <tag k="local_y" v="-17.0804"/>
    <tag k="ele" v="1.8185"/>
  </node>
  <node id="22068" lat="-4.52318378392" lon="57.89968195728">
    <tag k="local_x" v="-193.5666"/>
    <tag k="local_y" v="-19.9293"/>
    <tag k="ele" v="1.8185"/>
  </node>
  <node id="22073" lat="-4.52324821715" lon="57.89968686174">
    <tag k="local_x" v="-193.0313"/>
    <tag k="local_y" v="-27.0531"/>
    <tag k="ele" v="1.8185"/>
  </node>
  <node id="22338" lat="-4.52190354855" lon="57.89958408265">
    <tag k="local_x" v="-204.25"/>
    <tag k="local_y" v="121.6148"/>
    <tag k="ele" v="1.8872"/>
  </node>
  <node id="22339" lat="-4.52190133223" lon="57.89960967559">
    <tag k="local_x" v="-201.4103"/>
    <tag k="local_y" v="121.8563"/>
    <tag k="ele" v="1.8872"/>
  </node>
  <node id="22354" lat="-4.52206730717" lon="57.8995659088">
    <tag k="local_x" v="-206.2887"/>
    <tag k="local_y" v="103.5137"/>
    <tag k="ele" v="1.8364"/>
  </node>
  <node id="22358" lat="-4.52206102478" lon="57.89957916534">
    <tag k="local_x" v="-204.8171"/>
    <tag k="local_y" v="104.2064"/>
    <tag k="ele" v="1.8364"/>
  </node>
  <node id="22362" lat="-4.52205180567" lon="57.89958992061">
    <tag k="local_x" v="-203.6226"/>
    <tag k="local_y" v="105.2241"/>
    <tag k="ele" v="1.8364"/>
  </node>
  <node id="22366" lat="-4.52204035128" lon="57.89959857839">
    <tag k="local_x" v="-202.6605"/>
    <tag k="local_y" v="106.4892"/>
    <tag k="ele" v="1.8364"/>
  </node>
  <node id="22370" lat="-4.52202700673" lon="57.89960328321">
    <tag k="local_x" v="-202.1367"/>
    <tag k="local_y" v="107.9638"/>
    <tag k="ele" v="1.8364"/>
  </node>
  <node id="22374" lat="-4.52201229662" lon="57.89960481449">
    <tag k="local_x" v="-201.9648"/>
    <tag k="local_y" v="109.5898"/>
    <tag k="ele" v="1.8364"/>
  </node>
  <node id="22375" lat="-4.52209492268" lon="57.89956657561">
    <tag k="local_x" v="-206.2185"/>
    <tag k="local_y" v="100.4607"/>
    <tag k="ele" v="1.8364"/>
  </node>
  <node id="22378" lat="-4.52209115755" lon="57.89958140722">
    <tag k="local_x" v="-204.5725"/>
    <tag k="local_y" v="100.8749"/>
    <tag k="ele" v="1.8364"/>
  </node>
  <node id="22380" lat="-4.52208696923" lon="57.89959102579">
    <tag k="local_x" v="-203.5048"/>
    <tag k="local_y" v="101.3366"/>
    <tag k="ele" v="1.8364"/>
  </node>
  <node id="22384" lat="-4.52207500127" lon="57.89960823585">
    <tag k="local_x" v="-201.5938"/>
    <tag k="local_y" v="102.6573"/>
    <tag k="ele" v="1.8364"/>
  </node>
  <node id="22388" lat="-4.52205895647" lon="57.8996217787">
    <tag k="local_x" v="-200.0891"/>
    <tag k="local_y" v="104.4292"/>
    <tag k="ele" v="1.8364"/>
  </node>
  <node id="22392" lat="-4.52203992509" lon="57.89963072277">
    <tag k="local_x" v="-199.0942"/>
    <tag k="local_y" v="106.5319"/>
    <tag k="ele" v="1.8364"/>
  </node>
  <node id="22396" lat="-4.52201920232" lon="57.89963445224">
    <tag k="local_x" v="-198.6776"/>
    <tag k="local_y" v="108.8223"/>
    <tag k="ele" v="1.8364"/>
  </node>
  <node id="22405" lat="-4.52195887347" lon="57.89962705974">
    <tag k="local_x" v="-199.4895"/>
    <tag k="local_y" v="115.4927"/>
    <tag k="ele" v="1.9683"/>
  </node>
  <node id="22408" lat="-4.52196446227" lon="57.89960198202">
    <tag k="local_x" v="-202.2725"/>
    <tag k="local_y" v="114.8783"/>
    <tag k="ele" v="1.9683"/>
  </node>
  <node id="22413" lat="-4.52199596653" lon="57.89960480606">
    <tag k="local_x" v="-201.9635"/>
    <tag k="local_y" v="111.3951"/>
    <tag k="ele" v="1.7923"/>
  </node>
  <node id="22417" lat="-4.52197936638" lon="57.89960374903">
    <tag k="local_x" v="-202.0785"/>
    <tag k="local_y" v="113.2304"/>
    <tag k="ele" v="1.7923"/>
  </node>
  <node id="22420" lat="-4.52199748403" lon="57.89963348804">
    <tag k="local_x" v="-198.7816"/>
    <tag k="local_y" v="111.2234"/>
    <tag k="ele" v="1.7923"/>
  </node>
  <node id="22424" lat="-4.52197910982" lon="57.8996311498">
    <tag k="local_x" v="-199.0385"/>
    <tag k="local_y" v="113.255"/>
    <tag k="ele" v="1.7923"/>
  </node>
  <node id="22609" lat="-4.52163301272" lon="57.90138711893">
    <tag k="local_x" v="-4.1759"/>
    <tag k="local_y" v="151.2748"/>
    <tag k="ele" v="2.1251"/>
  </node>
  <node id="22610" lat="-4.52163517494" lon="57.90136215418">
    <tag k="local_x" v="-6.9459"/>
    <tag k="local_y" v="151.0392"/>
    <tag k="ele" v="2.1251"/>
  </node>
  <node id="22819" lat="-4.52135379469" lon="57.90136317198">
    <tag k="local_x" v="-6.7944"/>
    <tag k="local_y" v="182.1458"/>
    <tag k="ele" v="2.1269"/>
  </node>
  <node id="22820" lat="-4.5213560634" lon="57.90133550332">
    <tag k="local_x" v="-9.8644"/>
    <tag k="local_y" v="181.8988"/>
    <tag k="ele" v="2.1269"/>
  </node>
  <node id="22900" lat="-4.52184775554" lon="57.90139775439">
    <tag k="local_x" v="-3.0254"/>
    <tag k="local_y" v="127.5334"/>
    <tag k="ele" v="2.1269"/>
  </node>
  <node id="22901" lat="-4.52184993099" lon="57.90137233898">
    <tag k="local_x" v="-5.8454"/>
    <tag k="local_y" v="127.2964"/>
    <tag k="ele" v="2.1269"/>
  </node>
  <node id="22977" lat="-4.5215233462" lon="57.90137544249">
    <tag k="local_x" v="-5.4563"/>
    <tag k="local_y" v="163.4001"/>
    <tag k="ele" v="2.126"/>
  </node>
  <node id="22978" lat="-4.52152648212" lon="57.90134726564">
    <tag k="local_x" v="-8.5828"/>
    <tag k="local_y" v="163.0573"/>
    <tag k="ele" v="2.126"/>
  </node>
  <node id="23559" lat="-4.52142280456" lon="57.90139748064">
    <tag k="local_x" v="-2.9975"/>
    <tag k="local_y" v="174.512"/>
    <tag k="ele" v="2.0627"/>
  </node>
  <node id="23560" lat="-4.52133886821" lon="57.9013757481">
    <tag k="local_x" v="-5.3971"/>
    <tag k="local_y" v="183.7942"/>
    <tag k="ele" v="2.0627"/>
  </node>
  <node id="23727" lat="-4.52175018948" lon="57.90139761757">
    <tag k="local_x" v="-3.0272"/>
    <tag k="local_y" v="138.3194"/>
    <tag k="ele" v="2.1269"/>
  </node>
  <node id="23728" lat="-4.52175244125" lon="57.90137266105">
    <tag k="local_x" v="-5.7963"/>
    <tag k="local_y" v="138.0739"/>
    <tag k="ele" v="2.1269"/>
  </node>
  <node id="23737" lat="-4.52163420475" lon="57.90134584034">
    <tag k="local_x" v="-8.7557"/>
    <tag k="local_y" v="151.1487"/>
    <tag k="ele" v="2.1251"/>
  </node>
  <node id="23740" lat="-4.52163636698" lon="57.90132087559">
    <tag k="local_x" v="-11.5257"/>
    <tag k="local_y" v="150.9131"/>
    <tag k="ele" v="2.1251"/>
  </node>
  <node id="23752" lat="-4.52183972026" lon="57.90139706304">
    <tag k="local_x" v="-3.101"/>
    <tag k="local_y" v="128.4218"/>
    <tag k="ele" v="2.1277"/>
  </node>
  <node id="23753" lat="-4.52184189571" lon="57.90137164763">
    <tag k="local_x" v="-5.921"/>
    <tag k="local_y" v="128.1848"/>
    <tag k="ele" v="2.1277"/>
  </node>
  <node id="23776" lat="-4.52171786303" lon="57.90135333571">
    <tag k="local_x" v="-7.9356"/>
    <tag k="local_y" v="141.8992"/>
    <tag k="ele" v="2.126"/>
  </node>
  <node id="23777" lat="-4.5217201148" lon="57.90132837918">
    <tag k="local_x" v="-10.7047"/>
    <tag k="local_y" v="141.6537"/>
    <tag k="ele" v="2.126"/>
  </node>
  <node id="23875" lat="-4.52215392172" lon="57.90136986104">
    <tag k="local_x" v="-6.162"/>
    <tag k="local_y" v="93.6904"/>
    <tag k="ele" v="2.012"/>
  </node>
  <node id="23876" lat="-4.52232140355" lon="57.90138433106">
    <tag k="local_x" v="-4.5796"/>
    <tag k="local_y" v="75.1732"/>
    <tag k="ele" v="1.9923"/>
  </node>
  <node id="23878" lat="-4.52215169448" lon="57.90139545307">
    <tag k="local_x" v="-3.3224"/>
    <tag k="local_y" v="93.9331"/>
    <tag k="ele" v="2.012"/>
  </node>
  <node id="23879" lat="-4.52231917632" lon="57.90140992399">
    <tag k="local_x" v="-1.7399"/>
    <tag k="local_y" v="75.4159"/>
    <tag k="ele" v="1.9923"/>
  </node>
  <node id="23903" lat="-4.52202659341" lon="57.90099203113">
    <tag k="local_x" v="-48.0627"/>
    <tag k="local_y" v="107.8186"/>
    <tag k="ele" v="1.9962"/>
  </node>
  <node id="23904" lat="-4.52200140213" lon="57.90098992149">
    <tag k="local_x" v="-48.2933"/>
    <tag k="local_y" v="110.6038"/>
    <tag k="ele" v="1.9962"/>
  </node>
  <node id="23924" lat="-4.52208970284" lon="57.900234387">
    <tag k="local_x" v="-132.1278"/>
    <tag k="local_y" v="100.946"/>
    <tag k="ele" v="1.9614"/>
  </node>
  <node id="23925" lat="-4.52206435964" lon="57.90023223663">
    <tag k="local_x" v="-132.3629"/>
    <tag k="local_y" v="103.748"/>
    <tag k="ele" v="1.9792"/>
  </node>
  <node id="23952" lat="-4.52211388138" lon="57.89995314823">
    <tag k="local_x" v="-163.333"/>
    <tag k="local_y" v="98.3117"/>
    <tag k="ele" v="1.934"/>
  </node>
  <node id="23953" lat="-4.52208839608" lon="57.8999510617">
    <tag k="local_x" v="-163.561"/>
    <tag k="local_y" v="101.1294"/>
    <tag k="ele" v="1.9474"/>
  </node>
  <node id="24027" lat="-4.52201481614" lon="57.9010936791">
    <tag k="local_x" v="-36.7838"/>
    <tag k="local_y" v="109.1066"/>
    <tag k="ele" v="1.9962"/>
  </node>
  <node id="24029" lat="-4.52198775945" lon="57.901091733">
    <tag k="local_x" v="-36.996"/>
    <tag k="local_y" v="112.098"/>
    <tag k="ele" v="1.9962"/>
  </node>
  <node id="24151" lat="-4.52199172014" lon="57.90097137684">
    <tag k="local_x" v="-50.3494"/>
    <tag k="local_y" v="111.6767"/>
    <tag k="ele" v="1.9962"/>
  </node>
  <node id="24153" lat="-4.52196652886" lon="57.9009692672">
    <tag k="local_x" v="-50.58"/>
    <tag k="local_y" v="114.4619"/>
    <tag k="ele" v="1.9962"/>
  </node>
  <node id="24194" lat="-4.52197998808" lon="57.90110648212">
    <tag k="local_x" v="-35.3586"/>
    <tag k="local_y" v="112.9551"/>
    <tag k="ele" v="1.9962"/>
  </node>
  <node id="24195" lat="-4.5219548023" lon="57.90110431029">
    <tag k="local_x" v="-35.5961"/>
    <tag k="local_y" v="115.7397"/>
    <tag k="ele" v="1.9962"/>
  </node>
  <node id="24263" lat="-4.52205854987" lon="57.90061101435">
    <tag k="local_x" v="-90.3388"/>
    <tag k="local_y" v="104.3382"/>
    <tag k="ele" v="1.9804"/>
  </node>
  <node id="24264" lat="-4.52203343016" lon="57.90060880657">
    <tag k="local_x" v="-90.5803"/>
    <tag k="local_y" v="107.1155"/>
    <tag k="ele" v="1.982"/>
  </node>
  <node id="24284" lat="-4.52204815804" lon="57.90074061677">
    <tag k="local_x" v="-75.9587"/>
    <tag k="local_y" v="105.4692"/>
    <tag k="ele" v="1.9941"/>
  </node>
  <node id="24285" lat="-4.52202295497" lon="57.90073852154">
    <tag k="local_x" v="-76.1877"/>
    <tag k="local_y" v="108.2557"/>
    <tag k="ele" v="1.9948"/>
  </node>
  <node id="24291" lat="-4.52200812842" lon="57.90077984461">
    <tag k="local_x" v="-71.6011"/>
    <tag k="local_y" v="109.8891"/>
    <tag k="ele" v="1.9962"/>
  </node>
  <node id="24292" lat="-4.52198293899" lon="57.90077770253">
    <tag k="local_x" v="-71.8353"/>
    <tag k="local_y" v="112.6741"/>
    <tag k="ele" v="1.9962"/>
  </node>
  <node id="24311" lat="-4.52206254565" lon="57.9005634802">
    <tag k="local_x" v="-95.613"/>
    <tag k="local_y" v="103.903"/>
    <tag k="ele" v="1.9962"/>
  </node>
  <node id="24323" lat="-4.52205238144" lon="57.90049481351">
    <tag k="local_x" v="-103.2298"/>
    <tag k="local_y" v="105.0361"/>
    <tag k="ele" v="1.985"/>
  </node>
  <node id="24328" lat="-4.52203627936" lon="57.90044021228">
    <tag k="local_x" v="-109.2853"/>
    <tag k="local_y" v="106.8237"/>
    <tag k="ele" v="1.9962"/>
  </node>
  <node id="24329" lat="-4.5220374551" lon="57.90056182949">
    <tag k="local_x" v="-95.7927"/>
    <tag k="local_y" v="106.677"/>
    <tag k="ele" v="1.9962"/>
  </node>
  <node id="24338" lat="-4.52202516828" lon="57.90050665972">
    <tag k="local_x" v="-101.9118"/>
    <tag k="local_y" v="108.0429"/>
    <tag k="ele" v="1.985"/>
  </node>
  <node id="24344" lat="-4.52201108807" lon="57.90043810266">
    <tag k="local_x" v="-109.5159"/>
    <tag k="local_y" v="109.6089"/>
    <tag k="ele" v="1.9962"/>
  </node>
  <node id="24389" lat="-4.5220500493" lon="57.90027817889">
    <tag k="local_x" v="-127.2639"/>
    <tag k="local_y" v="105.3237"/>
    <tag k="ele" v="1.9962"/>
  </node>
  <node id="24391" lat="-4.52202485986" lon="57.90027603682">
    <tag k="local_x" v="-127.4981"/>
    <tag k="local_y" v="108.1087"/>
    <tag k="ele" v="1.9962"/>
  </node>
  <node id="24483" lat="-4.52208458175" lon="57.90029432687">
    <tag k="local_x" v="-125.4771"/>
    <tag k="local_y" v="101.5039"/>
    <tag k="ele" v="1.9614"/>
  </node>
  <node id="24484" lat="-4.52205923855" lon="57.9002921765">
    <tag k="local_x" v="-125.7122"/>
    <tag k="local_y" v="104.3059"/>
    <tag k="ele" v="1.9802"/>
  </node>
  <node id="24549" lat="-4.52207260738" lon="57.90044107737">
    <tag k="local_x" v="-109.1943"/>
    <tag k="local_y" v="102.8075"/>
    <tag k="ele" v="1.9614"/>
  </node>
  <node id="24550" lat="-4.52207772848" lon="57.9003811375">
    <tag k="local_x" v="-115.845"/>
    <tag k="local_y" v="102.2496"/>
    <tag k="ele" v="1.9614"/>
  </node>
  <node id="24551" lat="-4.52204726417" lon="57.900438927">
    <tag k="local_x" v="-109.4294"/>
    <tag k="local_y" v="105.6095"/>
    <tag k="ele" v="1.9802"/>
  </node>
  <node id="24552" lat="-4.52205238527" lon="57.90037898713">
    <tag k="local_x" v="-116.0801"/>
    <tag k="local_y" v="105.0516"/>
    <tag k="ele" v="1.9792"/>
  </node>
  <node id="24608" lat="-4.52204549022" lon="57.90048265117">
    <tag k="local_x" v="-104.5782"/>
    <tag k="local_y" v="105.7996"/>
    <tag k="ele" v="1.9841"/>
  </node>
  <node id="24609" lat="-4.52201717808" lon="57.90049153959">
    <tag k="local_x" v="-103.5882"/>
    <tag k="local_y" v="108.9283"/>
    <tag k="ele" v="1.9841"/>
  </node>
  <node id="24618" lat="-4.5220400972" lon="57.90046738283">
    <tag k="local_x" v="-106.2714"/>
    <tag k="local_y" v="106.3979"/>
    <tag k="ele" v="1.9841"/>
  </node>
  <node id="24622" lat="-4.52203735188" lon="57.90045353919">
    <tag k="local_x" v="-107.8069"/>
    <tag k="local_y" v="106.7033"/>
    <tag k="ele" v="1.9841"/>
  </node>
  <node id="24628" lat="-4.52201053833" lon="57.90047356025">
    <tag k="local_x" v="-105.582"/>
    <tag k="local_y" v="109.6648"/>
    <tag k="ele" v="1.9841"/>
  </node>
  <node id="24632" lat="-4.5220101084" lon="57.90045485938">
    <tag k="local_x" v="-107.6567"/>
    <tag k="local_y" v="109.7149"/>
    <tag k="ele" v="1.9841"/>
  </node>
  <node id="24827" lat="-4.52280824328" lon="57.90145262985">
    <tag k="local_x" v="2.931"/>
    <tag k="local_y" v="21.3434"/>
    <tag k="ele" v="1.9012"/>
  </node>
  <node id="24828" lat="-4.52281039324" lon="57.90142735228">
    <tag k="local_x" v="0.1263"/>
    <tag k="local_y" v="21.1092"/>
    <tag k="ele" v="1.8835"/>
  </node>
  <node id="24860" lat="-4.52211161974" lon="57.9013706389">
    <tag k="local_x" v="-6.0699"/>
    <tag k="local_y" v="98.3668"/>
    <tag k="ele" v="1.9439"/>
  </node>
  <node id="24861" lat="-4.52211868646" lon="57.90136751183">
    <tag k="local_x" v="-6.4178"/>
    <tag k="local_y" v="97.586"/>
    <tag k="ele" v="1.9403"/>
  </node>
  <node id="24880" lat="-4.5220997229" lon="57.9013459488">
    <tag k="local_x" v="-8.8075"/>
    <tag k="local_y" v="99.6854"/>
    <tag k="ele" v="1.9439"/>
  </node>
  <node id="24882" lat="-4.52210714706" lon="57.90134199023">
    <tag k="local_x" v="-9.2477"/>
    <tag k="local_y" v="98.8652"/>
    <tag k="ele" v="1.9403"/>
  </node>
  <node id="24899" lat="-4.52232051678" lon="57.90137149832">
    <tag k="local_x" v="-6.0032"/>
    <tag k="local_y" v="75.273"/>
    <tag k="ele" v="1.9923"/>
  </node>
  <node id="24901" lat="-4.52232274401" lon="57.90134590539">
    <tag k="local_x" v="-8.8429"/>
    <tag k="local_y" v="75.0303"/>
    <tag k="ele" v="1.9923"/>
  </node>
  <node id="25036" lat="-4.52216338656" lon="57.90135792172">
    <tag k="local_x" v="-7.4879"/>
    <tag k="local_y" v="92.6457"/>
    <tag k="ele" v="2.0022"/>
  </node>
  <node id="25037" lat="-4.52216561379" lon="57.9013323297">
    <tag k="local_x" v="-10.3275"/>
    <tag k="local_y" v="92.403"/>
    <tag k="ele" v="2.0022"/>
  </node>
  <node id="25043" lat="-4.522126818" lon="57.90136427251">
    <tag k="local_x" v="-6.7783"/>
    <tag k="local_y" v="96.6875"/>
    <tag k="ele" v="1.9402"/>
  </node>
  <node id="25045" lat="-4.52213411004" lon="57.90136181362">
    <tag k="local_x" v="-7.0521"/>
    <tag k="local_y" v="95.8817"/>
    <tag k="ele" v="1.9402"/>
  </node>
  <node id="25047" lat="-4.52214131523" lon="57.90136008112">
    <tag k="local_x" v="-7.2453"/>
    <tag k="local_y" v="95.0854"/>
    <tag k="ele" v="1.9402"/>
  </node>
  <node id="25049" lat="-4.52214865351" lon="57.90135899054">
    <tag k="local_x" v="-7.3673"/>
    <tag k="local_y" v="94.2743"/>
    <tag k="ele" v="1.9402"/>
  </node>
  <node id="25051" lat="-4.52215617334" lon="57.9013581057">
    <tag k="local_x" v="-7.4665"/>
    <tag k="local_y" v="93.4431"/>
    <tag k="ele" v="1.9402"/>
  </node>
  <node id="25053" lat="-4.52211784288" lon="57.90133741917">
    <tag k="local_x" v="-9.7563"/>
    <tag k="local_y" v="97.6834"/>
    <tag k="ele" v="1.9402"/>
  </node>
  <node id="25055" lat="-4.52212687663" lon="57.90133461812">
    <tag k="local_x" v="-10.0683"/>
    <tag k="local_y" v="96.6851"/>
    <tag k="ele" v="1.9402"/>
  </node>
  <node id="25057" lat="-4.52213640154" lon="57.90133255228">
    <tag k="local_x" v="-10.2988"/>
    <tag k="local_y" v="95.6324"/>
    <tag k="ele" v="1.9402"/>
  </node>
  <node id="25059" lat="-4.52214612022" lon="57.90133178462">
    <tag k="local_x" v="-10.3853"/>
    <tag k="local_y" v="94.5581"/>
    <tag k="ele" v="1.9402"/>
  </node>
  <node id="25061" lat="-4.52215590025" lon="57.90133187423">
    <tag k="local_x" v="-10.3767"/>
    <tag k="local_y" v="93.4769"/>
    <tag k="ele" v="1.9402"/>
  </node>
  <node id="25077" lat="-4.52206067333" lon="57.90138265133">
    <tag k="local_x" v="-4.7302"/>
    <tag k="local_y" v="103.9973"/>
    <tag k="ele" v="1.9985"/>
  </node>
  <node id="25078" lat="-4.5220632075" lon="57.90135392569">
    <tag k="local_x" v="-7.9175"/>
    <tag k="local_y" v="103.7211"/>
    <tag k="ele" v="1.9967"/>
  </node>
  <node id="25160" lat="-4.52239444535" lon="57.90137117328">
    <tag k="local_x" v="-6.0494"/>
    <tag k="local_y" v="67.1002"/>
    <tag k="ele" v="1.9823"/>
  </node>
  <node id="25168" lat="-4.52233521783" lon="57.90137433321">
    <tag k="local_x" v="-5.6907"/>
    <tag k="local_y" v="73.6474"/>
    <tag k="ele" v="1.9918"/>
  </node>
  <node id="25172" lat="-4.52235397413" lon="57.90138000517">
    <tag k="local_x" v="-5.064"/>
    <tag k="local_y" v="71.5731"/>
    <tag k="ele" v="1.9918"/>
  </node>
  <node id="25176" lat="-4.52236766865" lon="57.90138701028">
    <tag k="local_x" v="-4.2887"/>
    <tag k="local_y" v="70.0582"/>
    <tag k="ele" v="1.9918"/>
  </node>
  <node id="25179" lat="-4.52233523545" lon="57.90134709979">
    <tag k="local_x" v="-8.7121"/>
    <tag k="local_y" v="73.6492"/>
    <tag k="ele" v="1.9918"/>
  </node>
  <node id="25183" lat="-4.5223543369" lon="57.90135091179">
    <tag k="local_x" v="-8.2918"/>
    <tag k="local_y" v="71.537"/>
    <tag k="ele" v="1.9918"/>
  </node>
  <node id="25187" lat="-4.52237284554" lon="57.90135788859">
    <tag k="local_x" v="-7.5203"/>
    <tag k="local_y" v="69.4899"/>
    <tag k="ele" v="1.9918"/>
  </node>
  <node id="25195" lat="-4.52243249674" lon="57.90141839166">
    <tag k="local_x" v="-0.816"/>
    <tag k="local_y" v="62.8871"/>
    <tag k="ele" v="1.9739"/>
  </node>
  <node id="25202" lat="-4.52238856624" lon="57.90140197421">
    <tag k="local_x" v="-2.6314"/>
    <tag k="local_y" v="67.7459"/>
    <tag k="ele" v="1.9653"/>
  </node>
  <node id="25206" lat="-4.5224052655" lon="57.90141060637">
    <tag k="local_x" v="-1.676"/>
    <tag k="local_y" v="65.8986"/>
    <tag k="ele" v="1.9653"/>
  </node>
  <node id="25210" lat="-4.52242015831" lon="57.9014149053">
    <tag k="local_x" v="-1.2011"/>
    <tag k="local_y" v="64.2516"/>
    <tag k="ele" v="1.9653"/>
  </node>
  <node id="25214" lat="-4.5224094997" lon="57.90138159168">
    <tag k="local_x" v="-4.8956"/>
    <tag k="local_y" v="65.4345"/>
    <tag k="ele" v="1.9653"/>
  </node>
  <node id="25218" lat="-4.52242812751" lon="57.90139020549">
    <tag k="local_x" v="-3.9425"/>
    <tag k="local_y" v="63.374"/>
    <tag k="ele" v="1.9653"/>
  </node>
  <node id="25240" lat="-4.52228902236" lon="57.90136877696">
    <tag k="local_x" v="-6.3008"/>
    <tag k="local_y" v="78.7551"/>
    <tag k="ele" v="1.9973"/>
  </node>
  <node id="25241" lat="-4.52229124869" lon="57.90134318403">
    <tag k="local_x" v="-9.1405"/>
    <tag k="local_y" v="78.5125"/>
    <tag k="ele" v="1.9973"/>
  </node>
  <node id="25328" lat="-4.52272064235" lon="57.90141362279">
    <tag k="local_x" v="-1.3846"/>
    <tag k="local_y" v="31.0331"/>
    <tag k="ele" v="1.9402"/>
  </node>
  <node id="25330" lat="-4.52273107459" lon="57.90141079102">
    <tag k="local_x" v="-1.7002"/>
    <tag k="local_y" v="29.8802"/>
    <tag k="ele" v="1.9402"/>
  </node>
  <node id="25332" lat="-4.52274097274" lon="57.90140973606">
    <tag k="local_x" v="-1.8186"/>
    <tag k="local_y" v="28.7861"/>
    <tag k="ele" v="1.9402"/>
  </node>
  <node id="25334" lat="-4.52275077586" lon="57.90140944352">
    <tag k="local_x" v="-1.8524"/>
    <tag k="local_y" v="27.7024"/>
    <tag k="ele" v="2.0022"/>
  </node>
  <node id="25352" lat="-4.5227165021" lon="57.90138461396">
    <tag k="local_x" v="-4.6024"/>
    <tag k="local_y" v="31.4948"/>
    <tag k="ele" v="1.9402"/>
  </node>
  <node id="25354" lat="-4.52272675351" lon="57.90138316735">
    <tag k="local_x" v="-4.7643"/>
    <tag k="local_y" v="30.3617"/>
    <tag k="ele" v="1.9402"/>
  </node>
  <node id="25356" lat="-4.52273406727" lon="57.90138287894">
    <tag k="local_x" v="-4.7973"/>
    <tag k="local_y" v="29.5532"/>
    <tag k="ele" v="1.9402"/>
  </node>
  <node id="25358" lat="-4.52274328955" lon="57.901383396">
    <tag k="local_x" v="-4.7412"/>
    <tag k="local_y" v="28.5336"/>
    <tag k="ele" v="1.9402"/>
  </node>
  <node id="25360" lat="-4.5227530031" lon="57.90138385148">
    <tag k="local_x" v="-4.692"/>
    <tag k="local_y" v="27.4597"/>
    <tag k="ele" v="2.0022"/>
  </node>
  <node id="25383" lat="-4.52289598212" lon="57.90146006092">
    <tag k="local_x" v="3.7434"/>
    <tag k="local_y" v="11.6428"/>
    <tag k="ele" v="1.8953"/>
  </node>
  <node id="25384" lat="-4.52289813666" lon="57.90143474189">
    <tag k="local_x" v="0.9341"/>
    <tag k="local_y" v="11.4081"/>
    <tag k="ele" v="1.8771"/>
  </node>
  <node id="25390" lat="-4.52281013606" lon="57.90141450319">
    <tag k="local_x" v="-1.2992"/>
    <tag k="local_y" v="21.1394"/>
    <tag k="ele" v="1.9012"/>
  </node>
  <node id="25391" lat="-4.5228978749" lon="57.90142193425">
    <tag k="local_x" v="-0.4868"/>
    <tag k="local_y" v="11.4388"/>
    <tag k="ele" v="1.8953"/>
  </node>
  <node id="25392" lat="-4.52281228602" lon="57.90138922562">
    <tag k="local_x" v="-4.1039"/>
    <tag k="local_y" v="20.9052"/>
    <tag k="ele" v="1.8835"/>
  </node>
  <node id="25393" lat="-4.52290002944" lon="57.90139661522">
    <tag k="local_x" v="-3.2961"/>
    <tag k="local_y" v="11.2041"/>
    <tag k="ele" v="1.8771"/>
  </node>
  <node id="25402" lat="-4.52274744252" lon="57.9014472358">
    <tag k="local_x" v="2.3409"/>
    <tag k="local_y" v="28.0657"/>
    <tag k="ele" v="1.9468"/>
  </node>
  <node id="25403" lat="-4.52274973734" lon="57.90142185205">
    <tag k="local_x" v="-0.4756"/>
    <tag k="local_y" v="27.8155"/>
    <tag k="ele" v="1.9379"/>
  </node>
  <node id="25414" lat="-4.52202764468" lon="57.90134730457">
    <tag k="local_x" v="-8.6472"/>
    <tag k="local_y" v="107.6535"/>
    <tag k="ele" v="1.921"/>
  </node>
  <node id="25417" lat="-4.52202940454" lon="57.90132075474">
    <tag k="local_x" v="-11.593"/>
    <tag k="local_y" v="107.4626"/>
    <tag k="ele" v="1.9049"/>
  </node>
  <node id="25672" lat="-4.52301752533" lon="57.90143631364">
    <tag k="local_x" v="1.0921"/>
    <tag k="local_y" v="-1.7906"/>
    <tag k="ele" v="1.9157"/>
  </node>
  <node id="25673" lat="-4.52301895795" lon="57.9014110541">
    <tag k="local_x" v="-1.7105"/>
    <tag k="local_y" v="-1.9455"/>
    <tag k="ele" v="1.9157"/>
  </node>
  <node id="25707" lat="-4.52297902778" lon="57.90142923278">
    <tag k="local_x" v="0.3118"/>
    <tag k="local_y" v="2.4663"/>
    <tag k="ele" v="1.9127"/>
  </node>
  <node id="25708" lat="-4.5229804604" lon="57.90140397325">
    <tag k="local_x" v="-2.4908"/>
    <tag k="local_y" v="2.3114"/>
    <tag k="ele" v="1.9127"/>
  </node>
  <node id="25730" lat="-4.52297097221" lon="57.90142813039">
    <tag k="local_x" v="0.1906"/>
    <tag k="local_y" v="3.357"/>
    <tag k="ele" v="1.8813"/>
  </node>
  <node id="25732" lat="-4.52297436764" lon="57.90140294629">
    <tag k="local_x" v="-2.6039"/>
    <tag k="local_y" v="2.9851"/>
    <tag k="ele" v="1.8813"/>
  </node>
  <node id="25885" lat="-4.52318336958" lon="57.90102600117">
    <tag k="local_x" v="-44.4525"/>
    <tag k="local_y" v="-20.0683"/>
    <tag k="ele" v="2.0367"/>
  </node>
  <node id="25887" lat="-4.52315829931" lon="57.90102405121">
    <tag k="local_x" v="-44.6654"/>
    <tag k="local_y" v="-17.2965"/>
    <tag k="ele" v="2.0367"/>
  </node>
  <node id="25919" lat="-4.52321048975" lon="57.90028698205">
    <tag k="local_x" v="-126.4462"/>
    <tag k="local_y" v="-22.9648"/>
    <tag k="ele" v="1.9962"/>
  </node>
  <node id="25934" lat="-4.52318544243" lon="57.90028475453">
    <tag k="local_x" v="-126.6899"/>
    <tag k="local_y" v="-20.1955"/>
    <tag k="ele" v="1.9962"/>
  </node>
  <node id="25955" lat="-4.52324408131" lon="57.9002930608">
    <tag k="local_x" v="-125.7764"/>
    <tag k="local_y" v="-26.6792"/>
    <tag k="ele" v="2.094"/>
  </node>
  <node id="25956" lat="-4.52321902205" lon="57.90029098108">
    <tag k="local_x" v="-126.0037"/>
    <tag k="local_y" v="-23.9086"/>
    <tag k="ele" v="2.094"/>
  </node>
  <node id="26015" lat="-4.52321270963" lon="57.90066358991">
    <tag k="local_x" v="-84.664"/>
    <tag k="local_y" v="-23.262"/>
    <tag k="ele" v="1.9962"/>
  </node>
  <node id="26029" lat="-4.52319539445" lon="57.90057709091">
    <tag k="local_x" v="-94.2582"/>
    <tag k="local_y" v="-21.3359"/>
    <tag k="ele" v="1.9841"/>
  </node>
  <node id="26040" lat="-4.52318751744" lon="57.90066148117">
    <tag k="local_x" v="-84.8945"/>
    <tag k="local_y" v="-20.4767"/>
    <tag k="ele" v="1.9962"/>
  </node>
  <node id="26050" lat="-4.52317136648" lon="57.90059093305">
    <tag k="local_x" v="-92.7192"/>
    <tag k="local_y" v="-18.6815"/>
    <tag k="ele" v="1.9841"/>
  </node>
  <node id="26053" lat="-4.5231663791" lon="57.9005775391">
    <tag k="local_x" v="-94.2045"/>
    <tag k="local_y" v="-18.1283"/>
    <tag k="ele" v="1.9841"/>
  </node>
  <node id="26133" lat="-4.52318984735" lon="57.90052935201">
    <tag k="local_x" v="-99.5538"/>
    <tag k="local_y" v="-20.7161"/>
    <tag k="ele" v="2.1083"/>
  </node>
  <node id="26134" lat="-4.5231956827" lon="57.90045953772">
    <tag k="local_x" v="-107.3001"/>
    <tag k="local_y" v="-21.3516"/>
    <tag k="ele" v="2.1011"/>
  </node>
  <node id="26135" lat="-4.52316433675" lon="57.90052724829">
    <tag k="local_x" v="-99.7837"/>
    <tag k="local_y" v="-17.8956"/>
    <tag k="ele" v="2.1083"/>
  </node>
  <node id="26136" lat="-4.52317017209" lon="57.900457434">
    <tag k="local_x" v="-107.53"/>
    <tag k="local_y" v="-18.5311"/>
    <tag k="ele" v="2.1011"/>
  </node>
  <node id="26147" lat="-4.52316480395" lon="57.9005712403">
    <tag k="local_x" v="-94.9031"/>
    <tag k="local_y" v="-17.9533"/>
    <tag k="ele" v="1.9841"/>
  </node>
  <node id="26153" lat="-4.52319138919" lon="57.90056460854">
    <tag k="local_x" v="-95.6425"/>
    <tag k="local_y" v="-20.8914"/>
    <tag k="ele" v="1.9841"/>
  </node>
  <node id="26154" lat="-4.52318963292" lon="57.90055265713">
    <tag k="local_x" v="-96.9682"/>
    <tag k="local_y" v="-20.6956"/>
    <tag k="ele" v="1.9841"/>
  </node>
  <node id="26156" lat="-4.52318943111" lon="57.90054255001">
    <tag k="local_x" v="-98.0895"/>
    <tag k="local_y" v="-20.6719"/>
    <tag k="ele" v="1.9841"/>
  </node>
  <node id="26158" lat="-4.52316317202" lon="57.90056186692">
    <tag k="local_x" v="-95.9428"/>
    <tag k="local_y" v="-17.7716"/>
    <tag k="ele" v="1.9841"/>
  </node>
  <node id="26160" lat="-4.52316288982" lon="57.90055239155">
    <tag k="local_x" v="-96.994"/>
    <tag k="local_y" v="-17.7391"/>
    <tag k="ele" v="1.9841"/>
  </node>
  <node id="26171" lat="-4.52317040858" lon="57.90078283711">
    <tag k="local_x" v="-71.4284"/>
    <tag k="local_y" v="-18.602"/>
    <tag k="ele" v="1.9962"/>
  </node>
  <node id="26186" lat="-4.5231444586" lon="57.90078054265">
    <tag k="local_x" v="-71.6794"/>
    <tag k="local_y" v="-15.7329"/>
    <tag k="ele" v="1.9962"/>
  </node>
  <node id="26205" lat="-4.52314841201" lon="57.9010251161">
    <tag k="local_x" v="-44.5459"/>
    <tag k="local_y" v="-16.2036"/>
    <tag k="ele" v="2.1083"/>
  </node>
  <node id="26206" lat="-4.5231542474" lon="57.90095530182">
    <tag k="local_x" v="-52.2922"/>
    <tag k="local_y" v="-16.8391"/>
    <tag k="ele" v="2.1011"/>
  </node>
  <node id="26207" lat="-4.52312335275" lon="57.90102303636">
    <tag k="local_x" v="-44.7732"/>
    <tag k="local_y" v="-13.433"/>
    <tag k="ele" v="2.1083"/>
  </node>
  <node id="26208" lat="-4.52312918815" lon="57.90095322208">
    <tag k="local_x" v="-52.5195"/>
    <tag k="local_y" v="-14.0685"/>
    <tag k="ele" v="2.1011"/>
  </node>
  <node id="26222" lat="-4.52315356593" lon="57.90107548646">
    <tag k="local_x" v="-38.9583"/>
    <tag k="local_y" v="-16.7803"/>
    <tag k="ele" v="1.9841"/>
  </node>
  <node id="26225" lat="-4.52314982847" lon="57.90106587793">
    <tag k="local_x" v="-40.0238"/>
    <tag k="local_y" v="-16.3658"/>
    <tag k="ele" v="1.9841"/>
  </node>
  <node id="26228" lat="-4.52314784163" lon="57.90105821938">
    <tag k="local_x" v="-40.8732"/>
    <tag k="local_y" v="-16.1451"/>
    <tag k="ele" v="1.9841"/>
  </node>
  <node id="26231" lat="-4.52314659646" lon="57.90104770987">
    <tag k="local_x" v="-42.039"/>
    <tag k="local_y" v="-16.006"/>
    <tag k="ele" v="1.9841"/>
  </node>
  <node id="26242" lat="-4.52313213807" lon="57.90109191778">
    <tag k="local_x" v="-37.1324"/>
    <tag k="local_y" v="-14.4137"/>
    <tag k="ele" v="1.9841"/>
  </node>
  <node id="26244" lat="-4.5231263583" lon="57.90107779816">
    <tag k="local_x" v="-38.6981"/>
    <tag k="local_y" v="-13.7728"/>
    <tag k="ele" v="1.9841"/>
  </node>
  <node id="26246" lat="-4.52312374271" lon="57.90106875075">
    <tag k="local_x" v="-39.7015"/>
    <tag k="local_y" v="-13.4824"/>
    <tag k="ele" v="1.9841"/>
  </node>
  <node id="26249" lat="-4.52312173666" lon="57.90105763099">
    <tag k="local_x" v="-40.9349"/>
    <tag k="local_y" v="-13.2591"/>
    <tag k="ele" v="1.9841"/>
  </node>
  <node id="26251" lat="-4.52312145447" lon="57.90104815562">
    <tag k="local_x" v="-41.9861"/>
    <tag k="local_y" v="-13.2266"/>
    <tag k="ele" v="1.9841"/>
  </node>
  <node id="26377" lat="-4.5231756574" lon="57.90077077178">
    <tag k="local_x" v="-72.7677"/>
    <tag k="local_y" v="-19.1806"/>
    <tag k="ele" v="1.9962"/>
  </node>
  <node id="26382" lat="-4.52314804407" lon="57.90076400185">
    <tag k="local_x" v="-73.515"/>
    <tag k="local_y" v="-16.127"/>
    <tag k="ele" v="1.9962"/>
  </node>
  <node id="26384" lat="-4.52315271374" lon="57.90075430005">
    <tag k="local_x" v="-74.592"/>
    <tag k="local_y" v="-16.6419"/>
    <tag k="ele" v="1.9962"/>
  </node>
  <node id="26407" lat="-4.5231563794" lon="57.90131503615">
    <tag k="local_x" v="-12.382"/>
    <tag k="local_y" v="-17.1243"/>
    <tag k="ele" v="1.934"/>
  </node>
  <node id="26408" lat="-4.52312955008" lon="57.90131282892">
    <tag k="local_x" v="-12.6232"/>
    <tag k="local_y" v="-14.158"/>
    <tag k="ele" v="1.934"/>
  </node>
  <node id="26414" lat="-4.52313723561" lon="57.90116069098">
    <tag k="local_x" v="-29.5031"/>
    <tag k="local_y" v="-14.9867"/>
    <tag k="ele" v="1.9133"/>
  </node>
  <node id="26415" lat="-4.52311192405" lon="57.90115855774">
    <tag k="local_x" v="-29.7363"/>
    <tag k="local_y" v="-12.1882"/>
    <tag k="ele" v="1.936"/>
  </node>
  <node id="26421" lat="-4.52317829425" lon="57.90066532666">
    <tag k="local_x" v="-84.4666"/>
    <tag k="local_y" v="-19.4576"/>
    <tag k="ele" v="1.9133"/>
  </node>
  <node id="26425" lat="-4.52315298269" lon="57.90066319344">
    <tag k="local_x" v="-84.6998"/>
    <tag k="local_y" v="-16.6591"/>
    <tag k="ele" v="1.936"/>
  </node>
  <node id="26529" lat="-4.52318199815" lon="57.900621932">
    <tag k="local_x" v="-89.2815"/>
    <tag k="local_y" v="-19.8611"/>
    <tag k="ele" v="1.9246"/>
  </node>
  <node id="26538" lat="-4.5231566305" lon="57.90061980321">
    <tag k="local_x" v="-89.5142"/>
    <tag k="local_y" v="-17.0564"/>
    <tag k="ele" v="1.9246"/>
  </node>
  <node id="26555" lat="-4.5232237088" lon="57.9005351625">
    <tag k="local_x" v="-98.9138"/>
    <tag k="local_y" v="-24.4603"/>
    <tag k="ele" v="2.1047"/>
  </node>
  <node id="26556" lat="-4.52319864954" lon="57.90053308277">
    <tag k="local_x" v="-99.1411"/>
    <tag k="local_y" v="-21.6897"/>
    <tag k="ele" v="2.1047"/>
  </node>
  <node id="26565" lat="-4.52313882543" lon="57.90114212508">
    <tag k="local_x" v="-31.5631"/>
    <tag k="local_y" v="-15.1599"/>
    <tag k="ele" v="1.9131"/>
  </node>
  <node id="26566" lat="-4.52311348855" lon="57.90113998009">
    <tag k="local_x" v="-31.7976"/>
    <tag k="local_y" v="-12.3586"/>
    <tag k="ele" v="1.936"/>
  </node>
  <node id="26614" lat="-4.52329564429" lon="57.89974876482">
    <tag k="local_x" v="-186.17"/>
    <tag k="local_y" v="-32.3047"/>
    <tag k="ele" v="1.7679"/>
  </node>
  <node id="26616" lat="-4.52331432815" lon="57.89973486377">
    <tag k="local_x" v="-187.7148"/>
    <tag k="local_y" v="-34.3683"/>
    <tag k="ele" v="1.7679"/>
  </node>
  <node id="26618" lat="-4.523335765" lon="57.89972574149">
    <tag k="local_x" v="-188.7298"/>
    <tag k="local_y" v="-36.7369"/>
    <tag k="ele" v="1.7679"/>
  </node>
  <node id="26620" lat="-4.52335950469" lon="57.8997218481">
    <tag k="local_x" v="-189.165"/>
    <tag k="local_y" v="-39.3608"/>
    <tag k="ele" v="1.7679"/>
  </node>
  <node id="26627" lat="-4.52327816279" lon="57.89973049444">
    <tag k="local_x" v="-188.1946"/>
    <tag k="local_y" v="-30.3696"/>
    <tag k="ele" v="1.7679"/>
  </node>
  <node id="26629" lat="-4.52330162546" lon="57.89971295152">
    <tag k="local_x" v="-190.1441"/>
    <tag k="local_y" v="-32.961"/>
    <tag k="ele" v="1.7679"/>
  </node>
  <node id="26631" lat="-4.52332858044" lon="57.8997014042">
    <tag k="local_x" v="-191.4289"/>
    <tag k="local_y" v="-35.9393"/>
    <tag k="ele" v="1.7679"/>
  </node>
  <node id="26633" lat="-4.5233567582" lon="57.89969656535">
    <tag k="local_x" v="-191.9696"/>
    <tag k="local_y" v="-39.0537"/>
    <tag k="ele" v="1.7679"/>
  </node>
  <node id="26684" lat="-4.52383355746" lon="57.89889576081">
    <tag k="local_x" v="-280.8795"/>
    <tag k="local_y" v="-91.6541"/>
    <tag k="ele" v="1.7798"/>
  </node>
  <node id="26685" lat="-4.5238424022" lon="57.89879166531">
    <tag k="local_x" v="-292.4295"/>
    <tag k="local_y" v="-92.6176"/>
    <tag k="ele" v="1.7773"/>
  </node>
  <node id="26686" lat="-4.52384710882" lon="57.89873543563">
    <tag k="local_x" v="-298.6685"/>
    <tag k="local_y" v="-93.1302"/>
    <tag k="ele" v="1.7703"/>
  </node>
  <node id="26689" lat="-4.5238169132" lon="57.89879036388">
    <tag k="local_x" v="-292.5704"/>
    <tag k="local_y" v="-89.7996"/>
    <tag k="ele" v="1.7801"/>
  </node>
  <node id="26690" lat="-4.52382192351" lon="57.89873360277">
    <tag k="local_x" v="-298.8684"/>
    <tag k="local_y" v="-90.3457"/>
    <tag k="ele" v="1.7698"/>
  </node>
  <node id="26692" lat="-4.52386262355" lon="57.89855358941">
    <tag k="local_x" v="-318.8454"/>
    <tag k="local_y" v="-94.8204"/>
    <tag k="ele" v="1.7574"/>
  </node>
  <node id="26694" lat="-4.5238705157" lon="57.89845317204">
    <tag k="local_x" v="-329.9872"/>
    <tag k="local_y" v="-95.6791"/>
    <tag k="ele" v="1.7673"/>
  </node>
  <node id="26696" lat="-4.52383733521" lon="57.8985524036">
    <tag k="local_x" v="-318.9735"/>
    <tag k="local_y" v="-92.0246"/>
    <tag k="ele" v="1.7717"/>
  </node>
  <node id="26698" lat="-4.523845467" lon="57.89845058583">
    <tag k="local_x" v="-330.2707"/>
    <tag k="local_y" v="-92.9096"/>
    <tag k="ele" v="1.7715"/>
  </node>
  <node id="26707" lat="-4.52383354552" lon="57.89889590231">
    <tag k="local_x" v="-280.8638"/>
    <tag k="local_y" v="-91.6528"/>
    <tag k="ele" v="1.7697"/>
  </node>
  <node id="26708" lat="-4.52380839667" lon="57.89889384415">
    <tag k="local_x" v="-281.0887"/>
    <tag k="local_y" v="-88.8723"/>
    <tag k="ele" v="1.7837"/>
  </node>
  <node id="27340" lat="-4.52219972676" lon="57.89884227923">
    <tag k="local_x" v="-286.5895"/>
    <tag k="local_y" v="88.974"/>
    <tag k="ele" v="2.0206"/>
  </node>
  <node id="27341" lat="-4.52217266992" lon="57.89884042425">
    <tag k="local_x" v="-286.7916"/>
    <tag k="local_y" v="91.9654"/>
    <tag k="ele" v="2.0206"/>
  </node>
  <node id="27482" lat="-4.52235435532" lon="57.89706295021">
    <tag k="local_x" v="-484.0172"/>
    <tag k="local_y" v="72.1237"/>
    <tag k="ele" v="1.4788"/>
  </node>
  <node id="27483" lat="-4.52232880914" lon="57.89706105659">
    <tag k="local_x" v="-484.2238"/>
    <tag k="local_y" v="74.9481"/>
    <tag k="ele" v="1.4866"/>
  </node>
  <node id="27562" lat="-4.52234803027" lon="57.89714352517">
    <tag k="local_x" v="-475.077"/>
    <tag k="local_y" v="72.8119"/>
    <tag k="ele" v="1.494"/>
  </node>
  <node id="27563" lat="-4.52232261828" lon="57.89714137843">
    <tag k="local_x" v="-475.3117"/>
    <tag k="local_y" v="75.6215"/>
    <tag k="ele" v="1.505"/>
  </node>
  <node id="28060" lat="-4.52228651693" lon="57.89717583419">
    <tag k="local_x" v="-471.4841"/>
    <tag k="local_y" v="79.6078"/>
    <tag k="ele" v="1.5234"/>
  </node>
  <node id="28062" lat="-4.52227566171" lon="57.89718714092">
    <tag k="local_x" v="-470.2282"/>
    <tag k="local_y" v="80.8063"/>
    <tag k="ele" v="1.5234"/>
  </node>
  <node id="28065" lat="-4.52227000063" lon="57.89720636882">
    <tag k="local_x" v="-468.0942"/>
    <tag k="local_y" v="81.4295"/>
    <tag k="ele" v="1.5234"/>
  </node>
  <node id="28067" lat="-4.5223012784" lon="57.8972189983">
    <tag k="local_x" v="-466.6973"/>
    <tag k="local_y" v="77.97"/>
    <tag k="ele" v="1.5234"/>
  </node>
  <node id="28068" lat="-4.52229839607" lon="57.8972214942">
    <tag k="local_x" v="-466.42"/>
    <tag k="local_y" v="78.2883"/>
    <tag k="ele" v="1.5234"/>
  </node>
  <node id="28071" lat="-4.52229663049" lon="57.89722577436">
    <tag k="local_x" v="-465.9449"/>
    <tag k="local_y" v="78.4829"/>
    <tag k="ele" v="1.5234"/>
  </node>
  <node id="28078" lat="-4.52279613224" lon="57.89615857814">
    <tag k="local_x" v="-584.4124"/>
    <tag k="local_y" v="23.4089"/>
    <tag k="ele" v="1.5322"/>
  </node>
  <node id="28079" lat="-4.52279828932" lon="57.89613325095">
    <tag k="local_x" v="-587.2226"/>
    <tag k="local_y" v="23.1739"/>
    <tag k="ele" v="1.5322"/>
  </node>
  <node id="28158" lat="-4.52235751153" lon="57.89617312951">
    <tag k="local_x" v="-582.7382"/>
    <tag k="local_y" v="71.8966"/>
    <tag k="ele" v="1.3263"/>
  </node>
  <node id="28159" lat="-4.52238288111" lon="57.89617519684">
    <tag k="local_x" v="-582.5123"/>
    <tag k="local_y" v="69.0917"/>
    <tag k="ele" v="1.3263"/>
  </node>
  <node id="28280" lat="-4.52233684958" lon="57.89640539989">
    <tag k="local_x" v="-556.9663"/>
    <tag k="local_y" v="74.149"/>
    <tag k="ele" v="1.3677"/>
  </node>
  <node id="28281" lat="-4.52236227434" lon="57.89640745919">
    <tag k="local_x" v="-556.7413"/>
    <tag k="local_y" v="71.338"/>
    <tag k="ele" v="1.3677"/>
  </node>
  <node id="28645" lat="-4.52228571087" lon="57.89701748265">
    <tag k="local_x" v="-489.0522"/>
    <tag k="local_y" v="79.7186"/>
    <tag k="ele" v="1.5005"/>
  </node>
  <node id="28646" lat="-4.52228508419" lon="57.89702463502">
    <tag k="local_x" v="-488.2586"/>
    <tag k="local_y" v="79.7869"/>
    <tag k="ele" v="1.5005"/>
  </node>
  <node id="28647" lat="-4.52231093748" lon="57.89701958409">
    <tag k="local_x" v="-488.8225"/>
    <tag k="local_y" v="76.9295"/>
    <tag k="ele" v="1.5005"/>
  </node>
  <node id="28648" lat="-4.52231036326" lon="57.89702674103">
    <tag k="local_x" v="-488.0284"/>
    <tag k="local_y" v="76.992"/>
    <tag k="ele" v="1.5005"/>
  </node>
  <node id="28652" lat="-4.52230097227" lon="57.89683745892">
    <tag k="local_x" v="-509.0269"/>
    <tag k="local_y" v="78.0561"/>
    <tag k="ele" v="1.4348"/>
  </node>
  <node id="28653" lat="-4.52232623774" lon="57.89683958834">
    <tag k="local_x" v="-508.7941"/>
    <tag k="local_y" v="75.2627"/>
    <tag k="ele" v="1.433"/>
  </node>
  <node id="28700" lat="-4.52216503662" lon="57.89845243682">
    <tag k="local_x" v="-329.8356"/>
    <tag k="local_y" v="92.8625"/>
    <tag k="ele" v="1.7366"/>
  </node>
  <node id="28701" lat="-4.52219014357" lon="57.89845474006">
    <tag k="local_x" v="-329.5835"/>
    <tag k="local_y" v="90.0866"/>
    <tag k="ele" v="1.7508"/>
  </node>
  <node id="29931" lat="-4.52363520966" lon="57.89899149419">
    <tag k="local_x" v="-270.2313"/>
    <tag k="local_y" v="-69.7398"/>
    <tag k="ele" v="1.7466"/>
  </node>
  <node id="29932" lat="-4.52363298815" lon="57.89901689972">
    <tag k="local_x" v="-267.4124"/>
    <tag k="local_y" v="-69.4977"/>
    <tag k="ele" v="1.7466"/>
  </node>
  <node id="30020" lat="-4.52309314939" lon="57.89896761411">
    <tag k="local_x" v="-272.8065"/>
    <tag k="local_y" v="-9.8115"/>
    <tag k="ele" v="1.7262"/>
  </node>
  <node id="30021" lat="-4.52309092596" lon="57.89899311606">
    <tag k="local_x" v="-269.9769"/>
    <tag k="local_y" v="-9.5692"/>
    <tag k="ele" v="1.7262"/>
  </node>
  <node id="30537" lat="-4.52264211771" lon="57.89892949413">
    <tag k="local_x" v="-276.974"/>
    <tag k="local_y" v="40.0555"/>
    <tag k="ele" v="1.7282"/>
  </node>
  <node id="30546" lat="-4.52263975051" lon="57.89895496073">
    <tag k="local_x" v="-274.1483"/>
    <tag k="local_y" v="40.3137"/>
    <tag k="ele" v="1.7282"/>
  </node>
  <node id="30869" lat="-4.52331560269" lon="57.89898569104">
    <tag k="local_x" v="-270.8314"/>
    <tag k="local_y" v="-34.4063"/>
    <tag k="ele" v="1.7406"/>
  </node>
  <node id="30870" lat="-4.52331337569" lon="57.89901115694">
    <tag k="local_x" v="-268.0058"/>
    <tag k="local_y" v="-34.1636"/>
    <tag k="ele" v="1.7406"/>
  </node>
  <node id="30876" lat="-4.52343331166" lon="57.89899528508">
    <tag k="local_x" v="-269.7831"/>
    <tag k="local_y" v="-47.4204"/>
    <tag k="ele" v="1.7436"/>
  </node>
  <node id="30877" lat="-4.52343108375" lon="57.89902074738">
    <tag k="local_x" v="-266.9579"/>
    <tag k="local_y" v="-47.1776"/>
    <tag k="ele" v="1.7436"/>
  </node>
  <node id="31035" lat="-4.52294508099" lon="57.89895474319">
    <tag k="local_x" v="-274.2142"/>
    <tag k="local_y" v="6.5593"/>
    <tag k="ele" v="1.7269"/>
  </node>
  <node id="31036" lat="-4.52294274724" lon="57.89898021435">
    <tag k="local_x" v="-271.388"/>
    <tag k="local_y" v="6.8138"/>
    <tag k="ele" v="1.7269"/>
  </node>
  <node id="31444" lat="-4.52276284216" lon="57.89894009505">
    <tag k="local_x" v="-275.8144"/>
    <tag k="local_y" v="26.7079"/>
    <tag k="ele" v="1.8626"/>
  </node>
  <node id="31445" lat="-4.52276059887" lon="57.89896556632">
    <tag k="local_x" v="-272.9882"/>
    <tag k="local_y" v="26.9524"/>
    <tag k="ele" v="1.8626"/>
  </node>
  <node id="31729" lat="-4.52261642496" lon="57.90143534633">
    <tag k="local_x" v="1.0398"/>
    <tag k="local_y" v="42.5514"/>
    <tag k="ele" v="2.0022"/>
  </node>
  <node id="31730" lat="-4.5226186522" lon="57.90140975339">
    <tag k="local_x" v="-1.7999"/>
    <tag k="local_y" v="42.3087"/>
    <tag k="ele" v="2.0022"/>
  </node>
  <node id="31790" lat="-4.52271281793" lon="57.90141649024">
    <tag k="local_x" v="-1.0654"/>
    <tag k="local_y" v="31.8977"/>
    <tag k="ele" v="1.9402"/>
  </node>
  <node id="31791" lat="-4.52270525847" lon="57.90138816852">
    <tag k="local_x" v="-4.2065"/>
    <tag k="local_y" v="32.7373"/>
    <tag k="ele" v="1.9402"/>
  </node>
  <node id="31800" lat="-4.52263502646" lon="57.90143530173">
    <tag k="local_x" v="1.0323"/>
    <tag k="local_y" v="40.495"/>
    <tag k="ele" v="2.0022"/>
  </node>
  <node id="31804" lat="-4.5226530749" lon="57.90143410631">
    <tag k="local_x" v="0.8972"/>
    <tag k="local_y" v="38.4999"/>
    <tag k="ele" v="2.0022"/>
  </node>
  <node id="31808" lat="-4.52266770664" lon="57.90143158529">
    <tag k="local_x" v="0.6155"/>
    <tag k="local_y" v="36.8827"/>
    <tag k="ele" v="2.0022"/>
  </node>
  <node id="31810" lat="-4.52268100456" lon="57.90142800714">
    <tag k="local_x" v="0.2167"/>
    <tag k="local_y" v="35.4131"/>
    <tag k="ele" v="2.0022"/>
  </node>
  <node id="31814" lat="-4.52263420171" lon="57.90140825293">
    <tag k="local_x" v="-1.9685"/>
    <tag k="local_y" v="40.5899"/>
    <tag k="ele" v="2.0022"/>
  </node>
  <node id="31818" lat="-4.52264971195" lon="57.90140632339">
    <tag k="local_x" v="-2.1847"/>
    <tag k="local_y" v="38.8755"/>
    <tag k="ele" v="2.0022"/>
  </node>
  <node id="31822" lat="-4.52266178119" lon="57.90140370185">
    <tag k="local_x" v="-2.4772"/>
    <tag k="local_y" v="37.5416"/>
    <tag k="ele" v="2.0022"/>
  </node>
  <node id="31824" lat="-4.52267370758" lon="57.90140029146">
    <tag k="local_x" v="-2.8572"/>
    <tag k="local_y" v="36.2236"/>
    <tag k="ele" v="2.0022"/>
  </node>
  <node id="31828" lat="-4.52256860024" lon="57.90139356543">
    <tag k="local_x" v="-3.589"/>
    <tag k="local_y" v="47.8442"/>
    <tag k="ele" v="1.921"/>
  </node>
  <node id="31838" lat="-4.52257072293" lon="57.90136839419">
    <tag k="local_x" v="-6.3819"/>
    <tag k="local_y" v="47.613"/>
    <tag k="ele" v="1.9049"/>
  </node>
  <node id="31851" lat="-4.52260322057" lon="57.90139649345">
    <tag k="local_x" v="-3.2689"/>
    <tag k="local_y" v="44.0165"/>
    <tag k="ele" v="1.9128"/>
  </node>
  <node id="31852" lat="-4.52260538039" lon="57.90137128891">
    <tag k="local_x" v="-6.0655"/>
    <tag k="local_y" v="43.7812"/>
    <tag k="ele" v="1.9128"/>
  </node>
  <node id="31953" lat="-4.52163172923" lon="57.89867241802">
    <tag k="local_x" v="-305.357"/>
    <tag k="local_y" v="151.7897"/>
    <tag k="ele" v="1.9087"/>
  </node>
  <node id="31954" lat="-4.52164865505" lon="57.89844966534">
    <tag k="local_x" v="-330.0725"/>
    <tag k="local_y" v="149.9491"/>
    <tag k="ele" v="1.8909"/>
  </node>
  <node id="31956" lat="-4.52165789317" lon="57.89867434039">
    <tag k="local_x" v="-305.1473"/>
    <tag k="local_y" v="148.897"/>
    <tag k="ele" v="1.9087"/>
  </node>
  <node id="31957" lat="-4.521674819" lon="57.8984515877">
    <tag k="local_x" v="-329.8628"/>
    <tag k="local_y" v="147.0564"/>
    <tag k="ele" v="1.8909"/>
  </node>
  <node id="32262" lat="-4.52162004878" lon="57.89867080463">
    <tag k="local_x" v="-305.5344"/>
    <tag k="local_y" v="153.0812"/>
    <tag k="ele" v="1.9087"/>
  </node>
  <node id="32263" lat="-4.5216369746" lon="57.89844805195">
    <tag k="local_x" v="-330.2499"/>
    <tag k="local_y" v="151.2406"/>
    <tag k="ele" v="1.8909"/>
  </node>
  <node id="32264" lat="-4.52159388484" lon="57.89866888225">
    <tag k="local_x" v="-305.7441"/>
    <tag k="local_y" v="155.9739"/>
    <tag k="ele" v="1.9087"/>
  </node>
  <node id="32265" lat="-4.52161081066" lon="57.89844612958">
    <tag k="local_x" v="-330.4596"/>
    <tag k="local_y" v="154.1333"/>
    <tag k="ele" v="1.8909"/>
  </node>
  <node id="32281" lat="-4.52159830973" lon="57.89886949518">
    <tag k="local_x" v="-283.4878"/>
    <tag k="local_y" v="155.4572"/>
    <tag k="ele" v="-0.6867"/>
  </node>
  <node id="32287" lat="-4.5216111593" lon="57.89884525565">
    <tag k="local_x" v="-286.1788"/>
    <tag k="local_y" v="154.04"/>
    <tag k="ele" v="-0.6867"/>
  </node>
  <node id="32293" lat="-4.52162255974" lon="57.89882030678">
    <tag k="local_x" v="-288.9483"/>
    <tag k="local_y" v="152.7831"/>
    <tag k="ele" v="-0.6867"/>
  </node>
  <node id="32299" lat="-4.52163247113" lon="57.89879473593">
    <tag k="local_x" v="-291.7866"/>
    <tag k="local_y" v="151.6909"/>
    <tag k="ele" v="-0.6867"/>
  </node>
  <node id="32305" lat="-4.52164085899" lon="57.89876863051">
    <tag k="local_x" v="-294.684"/>
    <tag k="local_y" v="150.7672"/>
    <tag k="ele" v="-0.6867"/>
  </node>
  <node id="32311" lat="-4.52164769517" lon="57.89874208061">
    <tag k="local_x" v="-297.6305"/>
    <tag k="local_y" v="150.0151"/>
    <tag k="ele" v="-0.6867"/>
  </node>
  <node id="32317" lat="-4.52165295604" lon="57.89871517725">
    <tag k="local_x" v="-300.616"/>
    <tag k="local_y" v="149.4372"/>
    <tag k="ele" v="-0.6867"/>
  </node>
  <node id="32323" lat="-4.52165662338" lon="57.89868801323">
    <tag k="local_x" v="-303.6302"/>
    <tag k="local_y" v="149.0355"/>
    <tag k="ele" v="-0.6867"/>
  </node>
  <node id="32335" lat="-4.52157529748" lon="57.89885649097">
    <tag k="local_x" v="-284.9274"/>
    <tag k="local_y" v="158.003"/>
    <tag k="ele" v="-0.6867"/>
  </node>
  <node id="32341" lat="-4.52158744882" lon="57.89883363235">
    <tag k="local_x" v="-287.4651"/>
    <tag k="local_y" v="156.6628"/>
    <tag k="ele" v="-0.6867"/>
  </node>
  <node id="32347" lat="-4.5215982333" lon="57.89881010234">
    <tag k="local_x" v="-290.0771"/>
    <tag k="local_y" v="155.4738"/>
    <tag k="ele" v="-0.6867"/>
  </node>
  <node id="32353" lat="-4.52160761371" lon="57.89878598112">
    <tag k="local_x" v="-292.7545"/>
    <tag k="local_y" v="154.4401"/>
    <tag k="ele" v="-0.6867"/>
  </node>
  <node id="32359" lat="-4.52161555741" lon="57.89876135247">
    <tag k="local_x" v="-295.488"/>
    <tag k="local_y" v="153.5653"/>
    <tag k="ele" v="-0.6867"/>
  </node>
  <node id="32365" lat="-4.52162203805" lon="57.89873630018">
    <tag k="local_x" v="-298.2683"/>
    <tag k="local_y" v="152.8523"/>
    <tag k="ele" v="-0.6867"/>
  </node>
  <node id="32371" lat="-4.521627032" lon="57.89871091256">
    <tag k="local_x" v="-301.0856"/>
    <tag k="local_y" v="152.3037"/>
    <tag k="ele" v="-0.6867"/>
  </node>
  <node id="32377" lat="-4.52163052287" lon="57.89868527431">
    <tag k="local_x" v="-303.9305"/>
    <tag k="local_y" v="151.9213"/>
    <tag k="ele" v="-0.6867"/>
  </node>
  <node id="32450" lat="-4.52158953973" lon="57.89888427375">
    <tag k="local_x" v="-281.847"/>
    <tag k="local_y" v="156.4247"/>
    <tag k="ele" v="-0.6867"/>
  </node>
  <node id="32451" lat="-4.52156697078" lon="57.8988704859">
    <tag k="local_x" v="-283.3736"/>
    <tag k="local_y" v="158.9216"/>
    <tag k="ele" v="-0.6867"/>
  </node>
  <node id="32457" lat="-4.52159209681" lon="57.89887999638">
    <tag k="local_x" v="-282.3219"/>
    <tag k="local_y" v="156.1426"/>
    <tag k="ele" v="-0.6867"/>
  </node>
  <node id="32461" lat="-4.5216003045" lon="57.89886276815">
    <tag k="local_x" v="-284.2344"/>
    <tag k="local_y" v="155.2376"/>
    <tag k="ele" v="-0.6867"/>
  </node>
  <node id="32465" lat="-4.52160595201" lon="57.89884429741">
    <tag k="local_x" v="-286.2844"/>
    <tag k="local_y" v="154.6158"/>
    <tag k="ele" v="-0.6867"/>
  </node>
  <node id="32473" lat="-4.52157572398" lon="57.89885320787">
    <tag k="local_x" v="-285.2917"/>
    <tag k="local_y" v="157.9563"/>
    <tag k="ele" v="-0.6867"/>
  </node>
  <node id="32477" lat="-4.52158030851" lon="57.89883848003">
    <tag k="local_x" v="-286.9263"/>
    <tag k="local_y" v="157.4515"/>
    <tag k="ele" v="-0.6867"/>
  </node>
  <node id="32484" lat="-4.52166820261" lon="57.89853866724">
    <tag k="local_x" v="-320.2009"/>
    <tag k="local_y" v="147.7759"/>
    <tag k="ele" v="1.8998"/>
  </node>
  <node id="32485" lat="-4.52164204234" lon="57.8985366944">
    <tag k="local_x" v="-320.4162"/>
    <tag k="local_y" v="150.6682"/>
    <tag k="ele" v="1.8998"/>
  </node>
  <node id="32491" lat="-4.52159790229" lon="57.89896599066">
    <tag k="local_x" v="-272.7821"/>
    <tag k="local_y" v="155.489"/>
    <tag k="ele" v="1.9087"/>
  </node>
  <node id="32493" lat="-4.52157173835" lon="57.89896406827">
    <tag k="local_x" v="-272.9918"/>
    <tag k="local_y" v="158.3817"/>
    <tag k="ele" v="1.9087"/>
  </node>
  <node id="32498" lat="-4.52160038978" lon="57.89893325484">
    <tag k="local_x" v="-276.4143"/>
    <tag k="local_y" v="155.2185"/>
    <tag k="ele" v="1.9043"/>
  </node>
  <node id="32499" lat="-4.52157422952" lon="57.89893128108">
    <tag k="local_x" v="-276.6297"/>
    <tag k="local_y" v="158.1108"/>
    <tag k="ele" v="1.9043"/>
  </node>
  <node id="32505" lat="-4.5216087132" lon="57.89882497944">
    <tag k="local_x" v="-288.428"/>
    <tag k="local_y" v="154.3132"/>
    <tag k="ele" v="0.611"/>
  </node>
  <node id="32506" lat="-4.52158258994" lon="57.89882307334">
    <tag k="local_x" v="-288.6359"/>
    <tag k="local_y" v="157.2014"/>
    <tag k="ele" v="0.611"/>
  </node>
  <node id="32526" lat="-4.52164966317" lon="57.89878097726">
    <tag k="local_x" v="-293.3154"/>
    <tag k="local_y" v="149.7922"/>
    <tag k="ele" v="1.8998"/>
  </node>
  <node id="32527" lat="-4.52162350381" lon="57.89877900351">
    <tag k="local_x" v="-293.5308"/>
    <tag k="local_y" v="152.6844"/>
    <tag k="ele" v="1.8998"/>
  </node>
  <node id="32841" lat="-4.52236043107" lon="57.8969828112">
    <tag k="local_x" v="-492.909"/>
    <tag k="local_y" v="71.463"/>
    <tag k="ele" v="1.4518"/>
  </node>
  <node id="32842" lat="-4.52233478924" lon="57.89698072457">
    <tag k="local_x" v="-493.137"/>
    <tag k="local_y" v="74.298"/>
    <tag k="ele" v="1.4587"/>
  </node>
  <node id="32855" lat="-4.52236796296" lon="57.89695321192">
    <tag k="local_x" v="-496.1939"/>
    <tag k="local_y" v="70.6344"/>
    <tag k="ele" v="1.3153"/>
  </node>
  <node id="32857" lat="-4.52237167429" lon="57.89694672134">
    <tag k="local_x" v="-496.9145"/>
    <tag k="local_y" v="70.225"/>
    <tag k="ele" v="1.3153"/>
  </node>
  <node id="32859" lat="-4.5223403143" lon="57.8969420426">
    <tag k="local_x" v="-497.4293"/>
    <tag k="local_y" v="73.6925"/>
    <tag k="ele" v="1.3153"/>
  </node>
  <node id="32862" lat="-4.52234526263" lon="57.8969315281">
    <tag k="local_x" v="-498.5965"/>
    <tag k="local_y" v="73.1469"/>
    <tag k="ele" v="1.3153"/>
  </node>
  <node id="32967" lat="-4.52232039424" lon="57.89746959696">
    <tag k="local_x" v="-438.8974"/>
    <tag k="local_y" v="75.8224"/>
    <tag k="ele" v="1.6645"/>
  </node>
  <node id="32968" lat="-4.52229487641" lon="57.89746745909">
    <tag k="local_x" v="-439.1311"/>
    <tag k="local_y" v="78.6437"/>
    <tag k="ele" v="1.6649"/>
  </node>
  <node id="32993" lat="-4.52234153286" lon="57.89721938223">
    <tag k="local_x" v="-466.6602"/>
    <tag k="local_y" v="73.5198"/>
    <tag k="ele" v="1.5005"/>
  </node>
  <node id="32994" lat="-4.52231312069" lon="57.89722723952">
    <tag k="local_x" v="-465.7846"/>
    <tag k="local_y" v="76.6597"/>
    <tag k="ele" v="1.5128"/>
  </node>
  <node id="33007" lat="-4.52234879476" lon="57.89744632203">
    <tag k="local_x" v="-441.4835"/>
    <tag k="local_y" v="72.6859"/>
    <tag k="ele" v="1.4127"/>
  </node>
  <node id="33008" lat="-4.52234666365" lon="57.89747036389">
    <tag k="local_x" v="-438.8159"/>
    <tag k="local_y" v="72.9182"/>
    <tag k="ele" v="1.4127"/>
  </node>
  <node id="33083" lat="-4.52232515109" lon="57.89741214969">
    <tag k="local_x" v="-445.2715"/>
    <tag k="local_y" v="75.3044"/>
    <tag k="ele" v="1.5826"/>
  </node>
  <node id="33084" lat="-4.52229984854" lon="57.8974100148">
    <tag k="local_x" v="-445.5049"/>
    <tag k="local_y" v="78.1019"/>
    <tag k="ele" v="1.5888"/>
  </node>
  <node id="33093" lat="-4.52234058317" lon="57.89744263621">
    <tag k="local_x" v="-441.8913"/>
    <tag k="local_y" v="73.5942"/>
    <tag k="ele" v="1.4127"/>
  </node>
  <node id="33097" lat="-4.52233171978" lon="57.89743351984">
    <tag k="local_x" v="-442.9015"/>
    <tag k="local_y" v="74.5753"/>
    <tag k="ele" v="1.4127"/>
  </node>
  <node id="33101" lat="-4.52232684652" lon="57.89742287788">
    <tag k="local_x" v="-444.0815"/>
    <tag k="local_y" v="75.1155"/>
    <tag k="ele" v="1.4127"/>
  </node>
  <node id="33105" lat="-4.52233129376" lon="57.89746852875">
    <tag k="local_x" v="-439.0174"/>
    <tag k="local_y" v="74.6176"/>
    <tag k="ele" v="1.4127"/>
  </node>
  <node id="33106" lat="-4.52231879632" lon="57.897461938">
    <tag k="local_x" v="-439.7469"/>
    <tag k="local_y" v="76.0001"/>
    <tag k="ele" v="1.4127"/>
  </node>
  <node id="33109" lat="-4.52230664934" lon="57.89744919415">
    <tag k="local_x" v="-441.1591"/>
    <tag k="local_y" v="77.3447"/>
    <tag k="ele" v="1.4127"/>
  </node>
  <node id="33112" lat="-4.52230014404" lon="57.89743652484">
    <tag k="local_x" v="-442.5638"/>
    <tag k="local_y" v="78.0656"/>
    <tag k="ele" v="1.4127"/>
  </node>
  <node id="33115" lat="-4.52229882669" lon="57.89742217729">
    <tag k="local_x" v="-444.1554"/>
    <tag k="local_y" v="78.2132"/>
    <tag k="ele" v="1.4127"/>
  </node>
  <node id="33119" lat="-4.52238089759" lon="57.89743915793">
    <tag k="local_x" v="-442.2827"/>
    <tag k="local_y" v="69.1379"/>
    <tag k="ele" v="1.5512"/>
  </node>
  <node id="33120" lat="-4.52238295012" lon="57.89741501142">
    <tag k="local_x" v="-444.9619"/>
    <tag k="local_y" v="68.9143"/>
    <tag k="ele" v="1.5512"/>
  </node>
  <node id="33139" lat="-4.52227536645" lon="57.89714145099">
    <tag k="local_x" v="-475.2972"/>
    <tag k="local_y" v="80.8452"/>
    <tag k="ele" v="1.5065"/>
  </node>
  <node id="33140" lat="-4.52230070886" lon="57.89714353635">
    <tag k="local_x" v="-475.0693"/>
    <tag k="local_y" v="78.0433"/>
    <tag k="ele" v="1.5039"/>
  </node>
  <node id="33146" lat="-4.52233919667" lon="57.89724687242">
    <tag k="local_x" v="-463.61"/>
    <tag k="local_y" v="73.7743"/>
    <tag k="ele" v="1.5416"/>
  </node>
  <node id="33147" lat="-4.52231389412" lon="57.89724473662">
    <tag k="local_x" v="-463.8435"/>
    <tag k="local_y" v="76.5718"/>
    <tag k="ele" v="1.5508"/>
  </node>
  <node id="33172" lat="-4.52239781785" lon="57.89693078964">
    <tag k="local_x" v="-498.6856"/>
    <tag k="local_y" v="67.337"/>
    <tag k="ele" v="1.4058"/>
  </node>
  <node id="33173" lat="-4.52238924496" lon="57.89695588718">
    <tag k="local_x" v="-495.9"/>
    <tag k="local_y" v="68.2813"/>
    <tag k="ele" v="1.4058"/>
  </node>
  <node id="33186" lat="-4.5223677758" lon="57.89688888485">
    <tag k="local_x" v="-503.3306"/>
    <tag k="local_y" v="70.6639"/>
    <tag k="ele" v="1.4553"/>
  </node>
  <node id="33187" lat="-4.52234068887" lon="57.89688648818">
    <tag k="local_x" v="-503.5928"/>
    <tag k="local_y" v="73.6587"/>
    <tag k="ele" v="1.4553"/>
  </node>
  <node id="33205" lat="-4.52239087531" lon="57.89692860703">
    <tag k="local_x" v="-498.9268"/>
    <tag k="local_y" v="68.1048"/>
    <tag k="ele" v="1.4058"/>
  </node>
  <node id="33207" lat="-4.52238517201" lon="57.89692643136">
    <tag k="local_x" v="-499.1674"/>
    <tag k="local_y" v="68.7356"/>
    <tag k="ele" v="1.4058"/>
  </node>
  <node id="33209" lat="-4.52237874274" lon="57.89692247733">
    <tag k="local_x" v="-499.6052"/>
    <tag k="local_y" v="69.4469"/>
    <tag k="ele" v="1.4058"/>
  </node>
  <node id="33211" lat="-4.52237409564" lon="57.89691765028">
    <tag k="local_x" v="-500.1401"/>
    <tag k="local_y" v="69.9613"/>
    <tag k="ele" v="1.4058"/>
  </node>
  <node id="33213" lat="-4.52237085219" lon="57.89691227603">
    <tag k="local_x" v="-500.7359"/>
    <tag k="local_y" v="70.3206"/>
    <tag k="ele" v="1.4058"/>
  </node>
  <node id="33215" lat="-4.52236871111" lon="57.89690568902">
    <tag k="local_x" v="-501.4664"/>
    <tag k="local_y" v="70.5582"/>
    <tag k="ele" v="1.4058"/>
  </node>
  <node id="33216" lat="-4.52236792536" lon="57.89689666641">
    <tag k="local_x" v="-502.4673"/>
    <tag k="local_y" v="70.6463"/>
    <tag k="ele" v="1.4058"/>
  </node>
  <node id="33218" lat="-4.52237983758" lon="57.8969550743">
    <tag k="local_x" v="-495.9889"/>
    <tag k="local_y" v="69.3214"/>
    <tag k="ele" v="1.4058"/>
  </node>
  <node id="33219" lat="-4.52237305624" lon="57.89695347417">
    <tag k="local_x" v="-496.1655"/>
    <tag k="local_y" v="70.0713"/>
    <tag k="ele" v="1.4058"/>
  </node>
  <node id="33220" lat="-4.52236639658" lon="57.89695002732">
    <tag k="local_x" v="-496.547"/>
    <tag k="local_y" v="70.808"/>
    <tag k="ele" v="1.4058"/>
  </node>
  <node id="33222" lat="-4.52235893527" lon="57.89694529055">
    <tag k="local_x" v="-497.0715"/>
    <tag k="local_y" v="71.6335"/>
    <tag k="ele" v="1.4058"/>
  </node>
  <node id="33223" lat="-4.52235325141" lon="57.89693983127">
    <tag k="local_x" v="-497.6764"/>
    <tag k="local_y" v="72.2626"/>
    <tag k="ele" v="1.4058"/>
  </node>
  <node id="33224" lat="-4.52234795462" lon="57.89693371539">
    <tag k="local_x" v="-498.3542"/>
    <tag k="local_y" v="72.849"/>
    <tag k="ele" v="1.4058"/>
  </node>
  <node id="33226" lat="-4.5223434239" lon="57.89692694967">
    <tag k="local_x" v="-499.1042"/>
    <tag k="local_y" v="73.3508"/>
    <tag k="ele" v="1.4058"/>
  </node>
  <node id="33227" lat="-4.52234036349" lon="57.89691693728">
    <tag k="local_x" v="-500.2146"/>
    <tag k="local_y" v="73.6905"/>
    <tag k="ele" v="1.4058"/>
  </node>
  <node id="33228" lat="-4.52233941995" lon="57.89690604958">
    <tag k="local_x" v="-501.4224"/>
    <tag k="local_y" v="73.7963"/>
    <tag k="ele" v="1.4058"/>
  </node>
  <node id="33229" lat="-4.52234012264" lon="57.8968959562">
    <tag k="local_x" v="-502.5423"/>
    <tag k="local_y" v="73.72"/>
    <tag k="ele" v="1.4058"/>
  </node>
  <node id="33233" lat="-4.52239135174" lon="57.89661552269">
    <tag k="local_x" v="-533.6618"/>
    <tag k="local_y" v="68.095"/>
    <tag k="ele" v="1.5416"/>
  </node>
  <node id="33251" lat="-4.52231997564" lon="57.89660790413">
    <tag k="local_x" v="-534.4973"/>
    <tag k="local_y" v="75.9867"/>
    <tag k="ele" v="1.5289"/>
  </node>
  <node id="33252" lat="-4.52236604919" lon="57.89661338692">
    <tag k="local_x" v="-533.8953"/>
    <tag k="local_y" v="70.8925"/>
    <tag k="ele" v="1.5508"/>
  </node>
  <node id="33260" lat="-4.52234508694" lon="57.89660962684">
    <tag k="local_x" v="-534.3096"/>
    <tag k="local_y" v="73.2104"/>
    <tag k="ele" v="1.5231"/>
  </node>
  <node id="33264" lat="-4.52231775696" lon="57.89663914048">
    <tag k="local_x" v="-531.0315"/>
    <tag k="local_y" v="76.2277"/>
    <tag k="ele" v="1.4125"/>
  </node>
  <node id="33265" lat="-4.52234312735" lon="57.89664127904">
    <tag k="local_x" v="-530.7977"/>
    <tag k="local_y" v="73.4227"/>
    <tag k="ele" v="1.4116"/>
  </node>
  <node id="33271" lat="-4.52238873129" lon="57.89664541194">
    <tag k="local_x" v="-530.3454"/>
    <tag k="local_y" v="68.3806"/>
    <tag k="ele" v="1.4478"/>
  </node>
  <node id="33272" lat="-4.52236331033" lon="57.89664320752">
    <tag k="local_x" v="-530.5865"/>
    <tag k="local_y" v="71.1912"/>
    <tag k="ele" v="1.4535"/>
  </node>
  <node id="33284" lat="-4.5223361096" lon="57.89728319854">
    <tag k="local_x" v="-459.5794"/>
    <tag k="local_y" v="74.1106"/>
    <tag k="ele" v="1.5621"/>
  </node>
  <node id="33285" lat="-4.52231080705" lon="57.89728106365">
    <tag k="local_x" v="-459.8128"/>
    <tag k="local_y" v="76.9081"/>
    <tag k="ele" v="1.5698"/>
  </node>
  <node id="33291" lat="-4.52232983896" lon="57.89648230642">
    <tag k="local_x" v="-548.433"/>
    <tag k="local_y" v="74.9135"/>
    <tag k="ele" v="1.3733"/>
  </node>
  <node id="33292" lat="-4.52235723927" lon="57.89649022695">
    <tag k="local_x" v="-547.558"/>
    <tag k="local_y" v="71.8833"/>
    <tag k="ele" v="1.3733"/>
  </node>
  <node id="33483" lat="-4.52327514152" lon="57.89989861383">
    <tag k="local_x" v="-169.5423"/>
    <tag k="local_y" v="-30.0587"/>
    <tag k="ele" v="2.0511"/>
  </node>
  <node id="33484" lat="-4.52325008225" lon="57.89989653412">
    <tag k="local_x" v="-169.7696"/>
    <tag k="local_y" v="-27.2881"/>
    <tag k="ele" v="2.0511"/>
  </node>
  <node id="33490" lat="-4.52328159003" lon="57.89976554419">
    <tag k="local_x" v="-184.3065"/>
    <tag k="local_y" v="-30.7533"/>
    <tag k="ele" v="1.7679"/>
  </node>
  <node id="33491" lat="-4.52326121235" lon="57.89975071792">
    <tag k="local_x" v="-185.9486"/>
    <tag k="local_y" v="-28.4985"/>
    <tag k="ele" v="1.7679"/>
  </node>
  <node id="33497" lat="-4.52324993116" lon="57.89985653909">
    <tag k="local_x" v="-174.2068"/>
    <tag k="local_y" v="-27.2659"/>
    <tag k="ele" v="1.8028"/>
  </node>
  <node id="33500" lat="-4.52327554453" lon="57.89985456429">
    <tag k="local_x" v="-174.4294"/>
    <tag k="local_y" v="-30.0972"/>
    <tag k="ele" v="1.8028"/>
  </node>
  <node id="33661" lat="-4.52175665647" lon="57.90135671415">
    <tag k="local_x" v="-7.5661"/>
    <tag k="local_y" v="137.6101"/>
    <tag k="ele" v="2.1256"/>
  </node>
  <node id="33662" lat="-4.52175890823" lon="57.90133175762">
    <tag k="local_x" v="-10.3352"/>
    <tag k="local_y" v="137.3646"/>
    <tag k="ele" v="2.1256"/>
  </node>
  <node id="33668" lat="-4.52174440642" lon="57.90135561648">
    <tag k="local_x" v="-7.6862"/>
    <tag k="local_y" v="138.9645"/>
    <tag k="ele" v="2.1254"/>
  </node>
  <node id="33669" lat="-4.5217466591" lon="57.90133065996">
    <tag k="local_x" v="-10.4553"/>
    <tag k="local_y" v="138.7189"/>
    <tag k="ele" v="2.1254"/>
  </node>
  <node id="33685" lat="-4.52180097629" lon="57.90134450424">
    <tag k="local_x" v="-8.9268"/>
    <tag k="local_y" v="132.7122"/>
    <tag k="ele" v="2.0751"/>
  </node>
  <node id="33696" lat="-4.5217737722" lon="57.90136431656">
    <tag k="local_x" v="-6.725"/>
    <tag k="local_y" v="135.7169"/>
    <tag k="ele" v="2.1256"/>
  </node>
  <node id="33698" lat="-4.5217813365" lon="57.9013698575">
    <tag k="local_x" v="-6.1113"/>
    <tag k="local_y" v="134.8799"/>
    <tag k="ele" v="2.1256"/>
  </node>
  <node id="33701" lat="-4.52177811274" lon="57.90133489552">
    <tag k="local_x" v="-9.9897"/>
    <tag k="local_y" v="135.2411"/>
    <tag k="ele" v="2.1256"/>
  </node>
  <node id="33704" lat="-4.52178968552" lon="57.90133869189">
    <tag k="local_x" v="-9.5701"/>
    <tag k="local_y" v="133.9612"/>
    <tag k="ele" v="2.1256"/>
  </node>
  <node id="33709" lat="-4.52179736169" lon="57.90138226187">
    <tag k="local_x" v="-4.7373"/>
    <tag k="local_y" v="133.1066"/>
    <tag k="ele" v="1.7388"/>
  </node>
  <node id="33710" lat="-4.52180737256" lon="57.90138874505">
    <tag k="local_x" v="-4.0194"/>
    <tag k="local_y" v="131.999"/>
    <tag k="ele" v="1.7388"/>
  </node>
  <node id="33711" lat="-4.52181738149" lon="57.90139315962">
    <tag k="local_x" v="-3.531"/>
    <tag k="local_y" v="130.8919"/>
    <tag k="ele" v="1.7388"/>
  </node>
  <node id="33712" lat="-4.52182829396" lon="57.90139549138">
    <tag k="local_x" v="-3.2738"/>
    <tag k="local_y" v="129.6852"/>
    <tag k="ele" v="1.7388"/>
  </node>
  <node id="33714" lat="-4.52181851572" lon="57.90135762615">
    <tag k="local_x" v="-7.4734"/>
    <tag k="local_y" v="130.7714"/>
    <tag k="ele" v="1.7388"/>
  </node>
  <node id="33715" lat="-4.52182615095" lon="57.90136432362">
    <tag k="local_x" v="-6.7314"/>
    <tag k="local_y" v="129.9264"/>
    <tag k="ele" v="1.7388"/>
  </node>
  <node id="33716" lat="-4.52183287299" lon="57.90136849887">
    <tag k="local_x" v="-6.2691"/>
    <tag k="local_y" v="129.1827"/>
    <tag k="ele" v="1.7388"/>
  </node>
  <node id="33729" lat="-4.52176583093" lon="57.90136004606">
    <tag k="local_x" v="-7.1977"/>
    <tag k="local_y" v="136.5954"/>
    <tag k="ele" v="2.1256"/>
  </node>
  <node id="33730" lat="-4.52176744534" lon="57.90133262085">
    <tag k="local_x" v="-10.2406"/>
    <tag k="local_y" v="136.4207"/>
    <tag k="ele" v="2.1256"/>
  </node>
  <node id="33913" lat="-4.52394628222" lon="57.89839761851">
    <tag k="local_x" v="-336.1609"/>
    <tag k="local_y" v="-104.0475"/>
    <tag k="ele" v="1.7487"/>
  </node>
  <node id="33914" lat="-4.52394461415" lon="57.89842899621">
    <tag k="local_x" v="-332.6795"/>
    <tag k="local_y" v="-103.8674"/>
    <tag k="ele" v="1.7528"/>
  </node>
  <node id="34039" lat="-4.52128968258" lon="57.89927006006">
    <tag k="local_x" v="-239.0051"/>
    <tag k="local_y" v="189.5211"/>
    <tag k="ele" v="1.8768"/>
  </node>
  <node id="34042" lat="-4.5212875585" lon="57.8993277403">
    <tag k="local_x" v="-232.6055"/>
    <tag k="local_y" v="189.748"/>
    <tag k="ele" v="1.8768"/>
  </node>
  <node id="34081" lat="-4.5214101509" lon="57.89941988605">
    <tag k="local_x" v="-222.3992"/>
    <tag k="local_y" v="176.1827"/>
    <tag k="ele" v="0.0092"/>
  </node>
  <node id="34082" lat="-4.52143570148" lon="57.89941530264">
    <tag k="local_x" v="-222.9112"/>
    <tag k="local_y" v="173.3587"/>
    <tag k="ele" v="0.0092"/>
  </node>
  <node id="34420" lat="-4.52323889984" lon="57.89999127507">
    <tag k="local_x" v="-159.2571"/>
    <tag k="local_y" v="-26.0649"/>
    <tag k="ele" v="2.0654"/>
  </node>
  <node id="34422" lat="-4.52321384058" lon="57.89998919536">
    <tag k="local_x" v="-159.4844"/>
    <tag k="local_y" v="-23.2943"/>
    <tag k="ele" v="2.0654"/>
  </node>
  <node id="35086" lat="-4.52143033759" lon="57.89917696708">
    <tag k="local_x" v="-249.3525"/>
    <tag k="local_y" v="173.9844"/>
    <tag k="ele" v="1.855"/>
  </node>
  <node id="35089" lat="-4.52140472645" lon="57.89917495794">
    <tag k="local_x" v="-249.5719"/>
    <tag k="local_y" v="176.816"/>
    <tag k="ele" v="1.855"/>
  </node>
  <node id="35099" lat="-4.52141162821" lon="57.89908758677">
    <tag k="local_x" v="-259.2662"/>
    <tag k="local_y" v="176.065"/>
    <tag k="ele" v="1.85"/>
  </node>
  <node id="35100" lat="-4.52143723935" lon="57.89908959591">
    <tag k="local_x" v="-259.0468"/>
    <tag k="local_y" v="173.2334"/>
    <tag k="ele" v="1.85"/>
  </node>
  <node id="35333" lat="-4.52137360691" lon="57.89902763972">
    <tag k="local_x" v="-265.9118"/>
    <tag k="local_y" v="180.2765"/>
    <tag k="ele" v="1.8513"/>
  </node>
  <node id="35334" lat="-4.52141325301" lon="57.89903059184">
    <tag k="local_x" v="-265.5897"/>
    <tag k="local_y" v="175.8932"/>
    <tag k="ele" v="1.8513"/>
  </node>
  <node id="35340" lat="-4.52221664785" lon="57.89867150196">
    <tag k="local_x" v="-305.5386"/>
    <tag k="local_y" v="87.1268"/>
    <tag k="ele" v="1.7889"/>
  </node>
  <node id="35341" lat="-4.52219122036" lon="57.89866946782">
    <tag k="local_x" v="-305.7608"/>
    <tag k="local_y" v="89.9381"/>
    <tag k="ele" v="1.7889"/>
  </node>
  <node id="35347" lat="-4.52219159138" lon="57.89897976506">
    <tag k="local_x" v="-271.3351"/>
    <tag k="local_y" v="89.8545"/>
    <tag k="ele" v="1.8205"/>
  </node>
  <node id="35349" lat="-4.52216185383" lon="57.89897757778">
    <tag k="local_x" v="-271.5737"/>
    <tag k="local_y" v="93.1423"/>
    <tag k="ele" v="1.8205"/>
  </node>
  <node id="35618" lat="-4.52183579955" lon="57.8982512722">
    <tag k="local_x" v="-352.1087"/>
    <tag k="local_y" v="129.2874"/>
    <tag k="ele" v="0.083"/>
  </node>
  <node id="35619" lat="-4.52183781797" lon="57.8982254825">
    <tag k="local_x" v="-354.9702"/>
    <tag k="local_y" v="129.0678"/>
    <tag k="ele" v="0.083"/>
  </node>
  <node id="35635" lat="-4.52202491206" lon="57.90057375601">
    <tag k="local_x" v="-94.4678"/>
    <tag k="local_y" v="108.062"/>
    <tag k="ele" v="1.9962"/>
  </node>
  <node id="35637" lat="-4.52199972628" lon="57.90057158419">
    <tag k="local_x" v="-94.7053"/>
    <tag k="local_y" v="110.8466"/>
    <tag k="ele" v="1.9962"/>
  </node>
  <node id="35726" lat="-4.52176862824" lon="57.89957247987">
    <tag k="local_x" v="-205.5188"/>
    <tag k="local_y" v="136.5319"/>
    <tag k="ele" v="1.907"/>
  </node>
  <node id="35727" lat="-4.52176641102" lon="57.89959807281">
    <tag k="local_x" v="-202.6791"/>
    <tag k="local_y" v="136.7735"/>
    <tag k="ele" v="1.907"/>
  </node>
  <node id="36290" lat="-4.52229602986" lon="57.89971073447">
    <tag k="local_x" v="-190.2524"/>
    <tag k="local_y" v="78.2084"/>
    <tag k="ele" v="1.8645"/>
  </node>
  <node id="36291" lat="-4.52229814969" lon="57.89968562993">
    <tag k="local_x" v="-193.0379"/>
    <tag k="local_y" v="77.9775"/>
    <tag k="ele" v="1.899"/>
  </node>
  <node id="36297" lat="-4.52242998455" lon="57.89972196475">
    <tag k="local_x" v="-189.0248"/>
    <tag k="local_y" v="63.3981"/>
    <tag k="ele" v="1.8646"/>
  </node>
  <node id="36298" lat="-4.52243212614" lon="57.89969682327">
    <tag k="local_x" v="-191.8144"/>
    <tag k="local_y" v="63.1648"/>
    <tag k="ele" v="1.897"/>
  </node>
  <node id="36441" lat="-4.52189944725" lon="57.89815879347">
    <tag k="local_x" v="-362.3774"/>
    <tag k="local_y" v="122.2638"/>
    <tag k="ele" v="0.1408"/>
  </node>
  <node id="36443" lat="-4.52189749124" lon="57.89818458955">
    <tag k="local_x" v="-359.5152"/>
    <tag k="local_y" v="122.4765"/>
    <tag k="ele" v="0.1408"/>
  </node>
  <node id="36866" lat="-4.52202931327" lon="57.89816865917">
    <tag k="local_x" v="-361.3006"/>
    <tag k="local_y" v="107.9057"/>
    <tag k="ele" v="0.1101"/>
  </node>
  <node id="36867" lat="-4.52202736186" lon="57.89819585417">
    <tag k="local_x" v="-358.2832"/>
    <tag k="local_y" v="108.1177"/>
    <tag k="ele" v="0.1101"/>
  </node>
  <node id="37110" lat="-4.52163535141" lon="57.89896804863">
    <tag k="local_x" v="-272.5589"/>
    <tag k="local_y" v="151.3487"/>
    <tag k="ele" v="1.9087"/>
  </node>
  <node id="37113" lat="-4.52160918747" lon="57.89896612625">
    <tag k="local_x" v="-272.7686"/>
    <tag k="local_y" v="154.2414"/>
    <tag k="ele" v="1.9087"/>
  </node>
  <node id="37882" lat="-4.52380600123" lon="57.89624175897">
    <tag k="local_x" v="-575.3217"/>
    <tag k="local_y" v="-88.2439"/>
    <tag k="ele" v="1.5252"/>
  </node>
  <node id="37883" lat="-4.5238080543" lon="57.89621642351">
    <tag k="local_x" v="-578.1328"/>
    <tag k="local_y" v="-88.4674"/>
    <tag k="ele" v="1.5252"/>
  </node>
  <node id="37921" lat="-4.52177449013" lon="57.89688724209">
    <tag k="local_x" v="-503.4319"/>
    <tag k="local_y" v="136.2521"/>
    <tag k="ele" v="2.6469"/>
  </node>
  <node id="37924" lat="-4.52179420541" lon="57.89688920064">
    <tag k="local_x" v="-503.2173"/>
    <tag k="local_y" v="134.0723"/>
    <tag k="ele" v="2.6469"/>
  </node>
  <node id="37928" lat="-4.52176288803" lon="57.89688590554">
    <tag k="local_x" v="-503.5786"/>
    <tag k="local_y" v="137.5349"/>
    <tag k="ele" v="2.6469"/>
  </node>
  <node id="37929" lat="-4.52178126964" lon="57.89668581716">
    <tag k="local_x" v="-525.7798"/>
    <tag k="local_y" v="135.5302"/>
    <tag k="ele" v="2.9298"/>
  </node>
  <node id="37930" lat="-4.5217398987" lon="57.8968842999">
    <tag k="local_x" v="-503.7536"/>
    <tag k="local_y" v="140.0766"/>
    <tag k="ele" v="2.6469"/>
  </node>
  <node id="37931" lat="-4.52175828031" lon="57.89668421152">
    <tag k="local_x" v="-525.9548"/>
    <tag k="local_y" v="138.0719"/>
    <tag k="ele" v="2.9298"/>
  </node>
  <node id="38050" lat="-4.52177268358" lon="57.89715022556">
    <tag k="local_x" v="-474.2551"/>
    <tag k="local_y" v="136.4158"/>
    <tag k="ele" v="2.2996"/>
  </node>
  <node id="38052" lat="-4.52174708618" lon="57.89714805967">
    <tag k="local_x" v="-474.4919"/>
    <tag k="local_y" v="139.2459"/>
    <tag k="ele" v="2.2996"/>
  </node>
  <node id="38064" lat="-4.52174115754" lon="57.89714815874">
    <tag k="local_x" v="-474.4801"/>
    <tag k="local_y" v="139.9013"/>
    <tag k="ele" v="2.2996"/>
  </node>
  <node id="38066" lat="-4.52171556014" lon="57.89714599285">
    <tag k="local_x" v="-474.7169"/>
    <tag k="local_y" v="142.7314"/>
    <tag k="ele" v="2.2996"/>
  </node>
  <node id="38193" lat="-4.52150949873" lon="57.89973189949">
    <tag k="local_x" v="-187.7966"/>
    <tag k="local_y" v="165.1569"/>
    <tag k="ele" v="1.9067"/>
  </node>
  <node id="38194" lat="-4.521538264" lon="57.89972887939">
    <tag k="local_x" v="-188.1356"/>
    <tag k="local_y" v="161.9773"/>
    <tag k="ele" v="1.8926"/>
  </node>
  <node id="38379" lat="-4.52156969755" lon="57.89963281431">
    <tag k="local_x" v="-198.7978"/>
    <tag k="local_y" v="158.5155"/>
    <tag k="ele" v="1.9943"/>
  </node>
  <node id="38382" lat="-4.52154838815" lon="57.89961508188">
    <tag k="local_x" v="-200.7622"/>
    <tag k="local_y" v="160.8737"/>
    <tag k="ele" v="1.9943"/>
  </node>
  <node id="38393" lat="-4.52152711954" lon="57.89965188666">
    <tag k="local_x" v="-196.676"/>
    <tag k="local_y" v="163.2199"/>
    <tag k="ele" v="1.9571"/>
  </node>
  <node id="38394" lat="-4.52152308633" lon="57.89965970361">
    <tag k="local_x" v="-195.8082"/>
    <tag k="local_y" v="163.6647"/>
    <tag k="ele" v="1.9571"/>
  </node>
  <node id="38395" lat="-4.52151939155" lon="57.89966814291">
    <tag k="local_x" v="-194.8714"/>
    <tag k="local_y" v="164.072"/>
    <tag k="ele" v="1.9571"/>
  </node>
  <node id="38396" lat="-4.52151623652" lon="57.89967681091">
    <tag k="local_x" v="-193.9093"/>
    <tag k="local_y" v="164.4196"/>
    <tag k="ele" v="1.9571"/>
  </node>
  <node id="38397" lat="-4.52151363484" lon="57.89968567249">
    <tag k="local_x" v="-192.9258"/>
    <tag k="local_y" v="164.706"/>
    <tag k="ele" v="1.9571"/>
  </node>
  <node id="38398" lat="-4.52151159922" lon="57.89969469341">
    <tag k="local_x" v="-191.9247"/>
    <tag k="local_y" v="164.9298"/>
    <tag k="ele" v="1.9571"/>
  </node>
  <node id="38399" lat="-4.52151013784" lon="57.89970383671">
    <tag k="local_x" v="-190.9101"/>
    <tag k="local_y" v="165.0901"/>
    <tag k="ele" v="1.9571"/>
  </node>
  <node id="38400" lat="-4.5215092598" lon="57.89971306636">
    <tag k="local_x" v="-189.886"/>
    <tag k="local_y" v="165.1859"/>
    <tag k="ele" v="1.9571"/>
  </node>
  <node id="38401" lat="-4.52150896752" lon="57.89972188933">
    <tag k="local_x" v="-188.9071"/>
    <tag k="local_y" v="165.217"/>
    <tag k="ele" v="1.9571"/>
  </node>
  <node id="38402" lat="-4.52155100672" lon="57.89966397259">
    <tag k="local_x" v="-195.3384"/>
    <tag k="local_y" v="160.5775"/>
    <tag k="ele" v="1.9571"/>
  </node>
  <node id="38404" lat="-4.52154471217" lon="57.8996790192">
    <tag k="local_x" v="-193.6682"/>
    <tag k="local_y" v="161.2713"/>
    <tag k="ele" v="1.9571"/>
  </node>
  <node id="38406" lat="-4.52154120838" lon="57.89969245222">
    <tag k="local_x" v="-192.1774"/>
    <tag k="local_y" v="161.6568"/>
    <tag k="ele" v="1.9571"/>
  </node>
  <node id="38408" lat="-4.5215395177" lon="57.89970341867">
    <tag k="local_x" v="-190.9605"/>
    <tag k="local_y" v="161.8422"/>
    <tag k="ele" v="1.9571"/>
  </node>
  <node id="38410" lat="-4.52153872007" lon="57.89971709479">
    <tag k="local_x" v="-189.4431"/>
    <tag k="local_y" v="161.9285"/>
    <tag k="ele" v="1.9571"/>
  </node>
  <node id="38425" lat="-4.52148426723" lon="57.89960123735">
    <tag k="local_x" v="-202.2894"/>
    <tag k="local_y" v="167.9642"/>
    <tag k="ele" v="2.0262"/>
  </node>
  <node id="38426" lat="-4.52151512153" lon="57.89959280271">
    <tag k="local_x" v="-203.2294"/>
    <tag k="local_y" v="164.5544"/>
    <tag k="ele" v="2.0262"/>
  </node>
  <node id="38432" lat="-4.5214773901" lon="57.89957625874">
    <tag k="local_x" v="-205.0597"/>
    <tag k="local_y" v="168.7279"/>
    <tag k="ele" v="2.0205"/>
  </node>
  <node id="38433" lat="-4.52150824531" lon="57.899567825">
    <tag k="local_x" v="-205.9996"/>
    <tag k="local_y" v="165.318"/>
    <tag k="ele" v="2.0205"/>
  </node>
  <node id="38470" lat="-4.52148840359" lon="57.89961669612">
    <tag k="local_x" v="-200.5749"/>
    <tag k="local_y" v="167.5048"/>
    <tag k="ele" v="2.0269"/>
  </node>
  <node id="38471" lat="-4.52149172386" lon="57.89962938403">
    <tag k="local_x" v="-199.1677"/>
    <tag k="local_y" v="167.136"/>
    <tag k="ele" v="2.0269"/>
  </node>
  <node id="38472" lat="-4.5214947792" lon="57.89964199229">
    <tag k="local_x" v="-197.7693"/>
    <tag k="local_y" v="166.7965"/>
    <tag k="ele" v="2.0269"/>
  </node>
  <node id="38473" lat="-4.52149760379" lon="57.89965465705">
    <tag k="local_x" v="-196.3646"/>
    <tag k="local_y" v="166.4825"/>
    <tag k="ele" v="2.0269"/>
  </node>
  <node id="38474" lat="-4.52150019766" lon="57.89966737471">
    <tag k="local_x" v="-194.954"/>
    <tag k="local_y" v="166.194"/>
    <tag k="ele" v="2.0269"/>
  </node>
  <node id="38475" lat="-4.52150255899" lon="57.89968014076">
    <tag k="local_x" v="-193.538"/>
    <tag k="local_y" v="165.9312"/>
    <tag k="ele" v="2.0269"/>
  </node>
  <node id="38476" lat="-4.5215046869" lon="57.89969295068">
    <tag k="local_x" v="-192.1171"/>
    <tag k="local_y" v="165.6942"/>
    <tag k="ele" v="2.0269"/>
  </node>
  <node id="38477" lat="-4.52150658046" lon="57.89970580087">
    <tag k="local_x" v="-190.6917"/>
    <tag k="local_y" v="165.4831"/>
    <tag k="ele" v="2.0269"/>
  </node>
  <node id="38478" lat="-4.52150825402" lon="57.89971881755">
    <tag k="local_x" v="-189.2478"/>
    <tag k="local_y" v="165.2963"/>
    <tag k="ele" v="2.0269"/>
  </node>
  <node id="38479" lat="-4.52151947756" lon="57.89960910541">
    <tag k="local_x" v="-201.4213"/>
    <tag k="local_y" v="164.0706"/>
    <tag k="ele" v="2.0269"/>
  </node>
  <node id="38480" lat="-4.52152249253" lon="57.8996221634">
    <tag k="local_x" v="-199.973"/>
    <tag k="local_y" v="163.7355"/>
    <tag k="ele" v="2.0269"/>
  </node>
  <node id="38481" lat="-4.52152529922" lon="57.89963541222">
    <tag k="local_x" v="-198.5035"/>
    <tag k="local_y" v="163.4234"/>
    <tag k="ele" v="2.0269"/>
  </node>
  <node id="38482" lat="-4.52152786343" lon="57.8996487058">
    <tag k="local_x" v="-197.029"/>
    <tag k="local_y" v="163.1381"/>
    <tag k="ele" v="2.0269"/>
  </node>
  <node id="38483" lat="-4.52153018335" lon="57.89966204145">
    <tag k="local_x" v="-195.5498"/>
    <tag k="local_y" v="162.8798"/>
    <tag k="ele" v="2.0269"/>
  </node>
  <node id="38484" lat="-4.52153225809" lon="57.89967541285">
    <tag k="local_x" v="-194.0666"/>
    <tag k="local_y" v="162.6486"/>
    <tag k="ele" v="2.0269"/>
  </node>
  <node id="38485" lat="-4.52153408765" lon="57.8996888164">
    <tag k="local_x" v="-192.5798"/>
    <tag k="local_y" v="162.4445"/>
    <tag k="ele" v="2.0269"/>
  </node>
  <node id="38486" lat="-4.52153567114" lon="57.89970224758">
    <tag k="local_x" v="-191.0899"/>
    <tag k="local_y" v="162.2676"/>
    <tag k="ele" v="2.0269"/>
  </node>
  <node id="38487" lat="-4.52153699424" lon="57.89971557118">
    <tag k="local_x" v="-189.6119"/>
    <tag k="local_y" v="162.1195"/>
    <tag k="ele" v="2.0269"/>
  </node>
  <node id="38525" lat="-4.52200471381" lon="57.89823925522">
    <tag k="local_x" v="-353.465"/>
    <tag k="local_y" v="110.6155"/>
    <tag k="ele" v="1.8128"/>
  </node>
  <node id="38528" lat="-4.52200233304" lon="57.89826474342">
    <tag k="local_x" v="-350.6369"/>
    <tag k="local_y" v="110.8752"/>
    <tag k="ele" v="1.8128"/>
  </node>
  <node id="38652" lat="-4.52218286161" lon="57.89831785985">
    <tag k="local_x" v="-344.7686"/>
    <tag k="local_y" v="90.9104"/>
    <tag k="ele" v="1.7522"/>
  </node>
  <node id="38653" lat="-4.52221226083" lon="57.89832006382">
    <tag k="local_x" v="-344.5281"/>
    <tag k="local_y" v="87.66"/>
    <tag k="ele" v="1.7636"/>
  </node>
  <node id="38678" lat="-4.52205951573" lon="57.89827004621">
    <tag k="local_x" v="-350.0564"/>
    <tag k="local_y" v="104.5529"/>
    <tag k="ele" v="1.8118"/>
  </node>
  <node id="38679" lat="-4.52206189651" lon="57.898244558">
    <tag k="local_x" v="-352.8845"/>
    <tag k="local_y" v="104.2932"/>
    <tag k="ele" v="1.8118"/>
  </node>
  <node id="38686" lat="-4.52216009637" lon="57.89825958192">
    <tag k="local_x" v="-351.2311"/>
    <tag k="local_y" v="93.4351"/>
    <tag k="ele" v="1.8108"/>
  </node>
  <node id="38867" lat="-4.52217098197" lon="57.89838273897">
    <tag k="local_x" v="-337.569"/>
    <tag k="local_y" v="92.2148"/>
    <tag k="ele" v="1.7231"/>
  </node>
  <node id="38869" lat="-4.52219616599" lon="57.89838415988">
    <tag k="local_x" v="-337.4148"/>
    <tag k="local_y" v="89.4305"/>
    <tag k="ele" v="1.7407"/>
  </node>
  <node id="38871" lat="-4.52217301151" lon="57.89837204693">
    <tag k="local_x" v="-338.7555"/>
    <tag k="local_y" v="91.9919"/>
    <tag k="ele" v="0.7491"/>
  </node>
  <node id="38874" lat="-4.52219940433" lon="57.89837322777">
    <tag k="local_x" v="-338.6281"/>
    <tag k="local_y" v="89.074"/>
    <tag k="ele" v="0.7491"/>
  </node>
  <node id="38904" lat="-4.52218101334" lon="57.89833700951">
    <tag k="local_x" v="-342.6438"/>
    <tag k="local_y" v="91.1121"/>
    <tag k="ele" v="1.7579"/>
  </node>
  <node id="38905" lat="-4.52217857237" lon="57.89834904045">
    <tag k="local_x" v="-341.3087"/>
    <tag k="local_y" v="91.3803"/>
    <tag k="ele" v="1.7579"/>
  </node>
  <node id="38906" lat="-4.52217576204" lon="57.89836131341">
    <tag k="local_x" v="-339.9467"/>
    <tag k="local_y" v="91.6893"/>
    <tag k="ele" v="1.7579"/>
  </node>
  <node id="38907" lat="-4.52220955407" lon="57.89833634522">
    <tag k="local_x" v="-342.7214"/>
    <tag k="local_y" v="87.957"/>
    <tag k="ele" v="1.7579"/>
  </node>
  <node id="38908" lat="-4.52220671361" lon="57.89834738689">
    <tag k="local_x" v="-341.496"/>
    <tag k="local_y" v="88.2695"/>
    <tag k="ele" v="1.7579"/>
  </node>
  <node id="38909" lat="-4.5222040002" lon="57.89835809882">
    <tag k="local_x" v="-340.3072"/>
    <tag k="local_y" v="88.568"/>
    <tag k="ele" v="1.7579"/>
  </node>
  <node id="38938" lat="-4.5213692504" lon="57.89908457269">
    <tag k="local_x" v="-259.5948"/>
    <tag k="local_y" v="180.7503"/>
    <tag k="ele" v="1.8507"/>
  </node>
  <node id="38939" lat="-4.52140908371" lon="57.89908755569">
    <tag k="local_x" v="-259.2693"/>
    <tag k="local_y" v="176.3463"/>
    <tag k="ele" v="1.8507"/>
  </node>
  <node id="38978" lat="-4.52136812134" lon="57.89910219271">
    <tag k="local_x" v="-257.6398"/>
    <tag k="local_y" v="180.8727"/>
    <tag k="ele" v="1.8507"/>
  </node>
  <node id="38979" lat="-4.52136808005" lon="57.89911942559">
    <tag k="local_x" v="-255.7279"/>
    <tag k="local_y" v="180.8749"/>
    <tag k="ele" v="1.8507"/>
  </node>
  <node id="38980" lat="-4.52136839762" lon="57.8991368491">
    <tag k="local_x" v="-253.7949"/>
    <tag k="local_y" v="180.8374"/>
    <tag k="ele" v="1.8507"/>
  </node>
  <node id="38981" lat="-4.52136908339" lon="57.89915424873">
    <tag k="local_x" v="-251.8646"/>
    <tag k="local_y" v="180.7592"/>
    <tag k="ele" v="1.8507"/>
  </node>
  <node id="38982" lat="-4.52137013555" lon="57.89917161455">
    <tag k="local_x" v="-249.9381"/>
    <tag k="local_y" v="180.6405"/>
    <tag k="ele" v="1.8507"/>
  </node>
  <node id="38983" lat="-4.5213715541" lon="57.89918894027">
    <tag k="local_x" v="-248.0161"/>
    <tag k="local_y" v="180.4813"/>
    <tag k="ele" v="1.8507"/>
  </node>
  <node id="38984" lat="-4.52137333635" lon="57.89920621776">
    <tag k="local_x" v="-246.0995"/>
    <tag k="local_y" v="180.2819"/>
    <tag k="ele" v="1.8507"/>
  </node>
  <node id="38985" lat="-4.5213754832" lon="57.89922343981">
    <tag k="local_x" v="-244.1891"/>
    <tag k="local_y" v="180.0422"/>
    <tag k="ele" v="1.8507"/>
  </node>
  <node id="38986" lat="-4.52137799106" lon="57.89924059742">
    <tag k="local_x" v="-242.2859"/>
    <tag k="local_y" v="179.7626"/>
    <tag k="ele" v="1.8507"/>
  </node>
  <node id="38987" lat="-4.52138085811" lon="57.89925768516">
    <tag k="local_x" v="-240.3905"/>
    <tag k="local_y" v="179.4433"/>
    <tag k="ele" v="1.8507"/>
  </node>
  <node id="38988" lat="-4.52138406374" lon="57.8992745597">
    <tag k="local_x" v="-238.5188"/>
    <tag k="local_y" v="179.0866"/>
    <tag k="ele" v="1.8507"/>
  </node>
  <node id="38989" lat="-4.5214080304" lon="57.89910389859">
    <tag k="local_x" v="-257.456"/>
    <tag k="local_y" v="176.4605"/>
    <tag k="ele" v="1.8507"/>
  </node>
  <node id="38990" lat="-4.52140660751" lon="57.89912066828">
    <tag k="local_x" v="-255.5953"/>
    <tag k="local_y" v="176.6155"/>
    <tag k="ele" v="1.8507"/>
  </node>
  <node id="38991" lat="-4.52140554394" lon="57.89913726805">
    <tag k="local_x" v="-253.7535"/>
    <tag k="local_y" v="176.7308"/>
    <tag k="ele" v="1.8507"/>
  </node>
  <node id="38992" lat="-4.5214048322" lon="57.89915390161">
    <tag k="local_x" v="-251.908"/>
    <tag k="local_y" v="176.8072"/>
    <tag k="ele" v="1.8507"/>
  </node>
  <node id="38993" lat="-4.52140447139" lon="57.89917056174">
    <tag k="local_x" v="-250.0596"/>
    <tag k="local_y" v="176.8448"/>
    <tag k="ele" v="1.8507"/>
  </node>
  <node id="38994" lat="-4.52140446335" lon="57.89918723943">
    <tag k="local_x" v="-248.2093"/>
    <tag k="local_y" v="176.8434"/>
    <tag k="ele" v="1.8507"/>
  </node>
  <node id="38995" lat="-4.52140480807" lon="57.89920392927">
    <tag k="local_x" v="-246.3577"/>
    <tag k="local_y" v="176.803"/>
    <tag k="ele" v="1.8507"/>
  </node>
  <node id="38996" lat="-4.52140550647" lon="57.89922062135">
    <tag k="local_x" v="-244.5059"/>
    <tag k="local_y" v="176.7235"/>
    <tag k="ele" v="1.8507"/>
  </node>
  <node id="38997" lat="-4.52140655947" lon="57.89923731116">
    <tag k="local_x" v="-242.6544"/>
    <tag k="local_y" v="176.6048"/>
    <tag k="ele" v="1.8507"/>
  </node>
  <node id="38998" lat="-4.52140796525" lon="57.89925398879">
    <tag k="local_x" v="-240.8043"/>
    <tag k="local_y" v="176.4471"/>
    <tag k="ele" v="1.8507"/>
  </node>
  <node id="38999" lat="-4.5214097472" lon="57.89927078226">
    <tag k="local_x" v="-238.9414"/>
    <tag k="local_y" v="176.2478"/>
    <tag k="ele" v="1.8507"/>
  </node>
  <node id="39005" lat="-4.52139945255" lon="57.89924440234">
    <tag k="local_x" v="-241.8667"/>
    <tag k="local_y" v="177.3895"/>
    <tag k="ele" v="1.858"/>
  </node>
  <node id="39006" lat="-4.52139867374" lon="57.89926186957">
    <tag k="local_x" v="-239.9287"/>
    <tag k="local_y" v="177.4732"/>
    <tag k="ele" v="1.858"/>
  </node>
  <node id="39007" lat="-4.52139830087" lon="57.89927949953">
    <tag k="local_x" v="-237.9727"/>
    <tag k="local_y" v="177.512"/>
    <tag k="ele" v="1.858"/>
  </node>
  <node id="39008" lat="-4.52139834139" lon="57.89929713362">
    <tag k="local_x" v="-236.0163"/>
    <tag k="local_y" v="177.5051"/>
    <tag k="ele" v="1.858"/>
  </node>
  <node id="39009" lat="-4.52139879439" lon="57.8993147619">
    <tag k="local_x" v="-234.0606"/>
    <tag k="local_y" v="177.4526"/>
    <tag k="ele" v="1.858"/>
  </node>
  <node id="39010" lat="-4.52139965899" lon="57.89933237626">
    <tag k="local_x" v="-232.1065"/>
    <tag k="local_y" v="177.3546"/>
    <tag k="ele" v="1.858"/>
  </node>
  <node id="39011" lat="-4.52140093701" lon="57.899349965">
    <tag k="local_x" v="-230.1553"/>
    <tag k="local_y" v="177.2109"/>
    <tag k="ele" v="1.858"/>
  </node>
  <node id="39012" lat="-4.52140262573" lon="57.8993675209">
    <tag k="local_x" v="-228.2078"/>
    <tag k="local_y" v="177.0218"/>
    <tag k="ele" v="1.858"/>
  </node>
  <node id="39013" lat="-4.52140472609" lon="57.89938503223">
    <tag k="local_x" v="-226.2653"/>
    <tag k="local_y" v="176.7872"/>
    <tag k="ele" v="1.858"/>
  </node>
  <node id="39014" lat="-4.52140721205" lon="57.89940234123">
    <tag k="local_x" v="-224.3453"/>
    <tag k="local_y" v="176.51"/>
    <tag k="ele" v="1.858"/>
  </node>
  <node id="39015" lat="-4.52142511817" lon="57.89924551741">
    <tag k="local_x" v="-241.7465"/>
    <tag k="local_y" v="174.552"/>
    <tag k="ele" v="1.858"/>
  </node>
  <node id="39016" lat="-4.52142438134" lon="57.89926268634">
    <tag k="local_x" v="-239.8416"/>
    <tag k="local_y" v="174.6311"/>
    <tag k="ele" v="1.858"/>
  </node>
  <node id="39017" lat="-4.52142405083" lon="57.89927971877">
    <tag k="local_x" v="-237.9519"/>
    <tag k="local_y" v="174.6653"/>
    <tag k="ele" v="1.858"/>
  </node>
  <node id="39018" lat="-4.52142411922" lon="57.89929675438">
    <tag k="local_x" v="-236.0619"/>
    <tag k="local_y" v="174.6554"/>
    <tag k="ele" v="1.858"/>
  </node>
  <node id="39019" lat="-4.52142458564" lon="57.89931378238">
    <tag k="local_x" v="-234.1728"/>
    <tag k="local_y" v="174.6015"/>
    <tag k="ele" v="1.858"/>
  </node>
  <node id="39020" lat="-4.52142545189" lon="57.89933079555">
    <tag k="local_x" v="-232.2854"/>
    <tag k="local_y" v="174.5034"/>
    <tag k="ele" v="1.858"/>
  </node>
  <node id="39021" lat="-4.52142671527" lon="57.89934778307">
    <tag k="local_x" v="-230.4009"/>
    <tag k="local_y" v="174.3614"/>
    <tag k="ele" v="1.858"/>
  </node>
  <node id="39022" lat="-4.5214283758" lon="57.89936473593">
    <tag k="local_x" v="-228.5203"/>
    <tag k="local_y" v="174.1755"/>
    <tag k="ele" v="1.858"/>
  </node>
  <node id="39023" lat="-4.52143043349" lon="57.89938164601">
    <tag k="local_x" v="-226.6445"/>
    <tag k="local_y" v="173.9457"/>
    <tag k="ele" v="1.858"/>
  </node>
  <node id="39024" lat="-4.52143290806" lon="57.89939865214">
    <tag k="local_x" v="-224.7581"/>
    <tag k="local_y" v="173.6698"/>
    <tag k="ele" v="1.858"/>
  </node>
  <node id="39028" lat="-4.52129993475" lon="57.89932846312">
    <tag k="local_x" v="-232.527"/>
    <tag k="local_y" v="188.3797"/>
    <tag k="ele" v="1.8561"/>
  </node>
  <node id="39029" lat="-4.52130332513" lon="57.89927085745">
    <tag k="local_x" v="-238.9185"/>
    <tag k="local_y" v="188.0128"/>
    <tag k="ele" v="1.8561"/>
  </node>
  <node id="39035" lat="-4.52131123124" lon="57.89932968666">
    <tag k="local_x" v="-232.3928"/>
    <tag k="local_y" v="187.1307"/>
    <tag k="ele" v="1.8561"/>
  </node>
  <node id="39036" lat="-4.52132659286" lon="57.89933161737">
    <tag k="local_x" v="-232.1807"/>
    <tag k="local_y" v="185.4322"/>
    <tag k="ele" v="1.8561"/>
  </node>
  <node id="39037" lat="-4.52133999793" lon="57.89933499233">
    <tag k="local_x" v="-231.8081"/>
    <tag k="local_y" v="183.9498"/>
    <tag k="ele" v="1.8561"/>
  </node>
  <node id="39038" lat="-4.52135306326" lon="57.89934024709">
    <tag k="local_x" v="-231.2269"/>
    <tag k="local_y" v="182.5047"/>
    <tag k="ele" v="1.8561"/>
  </node>
  <node id="39039" lat="-4.52136552114" lon="57.89934734978">
    <tag k="local_x" v="-230.4406"/>
    <tag k="local_y" v="181.1265"/>
    <tag k="ele" v="1.8561"/>
  </node>
  <node id="39040" lat="-4.52137710843" lon="57.89935622975">
    <tag k="local_x" v="-229.457"/>
    <tag k="local_y" v="179.8443"/>
    <tag k="ele" v="1.8561"/>
  </node>
  <node id="39041" lat="-4.52138756657" lon="57.89936677764">
    <tag k="local_x" v="-228.2882"/>
    <tag k="local_y" v="178.6867"/>
    <tag k="ele" v="1.8561"/>
  </node>
  <node id="39042" lat="-4.52139665421" lon="57.89937884982">
    <tag k="local_x" v="-226.9501"/>
    <tag k="local_y" v="177.6804"/>
    <tag k="ele" v="1.8561"/>
  </node>
  <node id="39043" lat="-4.52140444021" lon="57.89939307734">
    <tag k="local_x" v="-225.3727"/>
    <tag k="local_y" v="176.8177"/>
    <tag k="ele" v="1.8561"/>
  </node>
  <node id="39044" lat="-4.52132604581" lon="57.89927390229">
    <tag k="local_x" v="-238.5838"/>
    <tag k="local_y" v="185.5006"/>
    <tag k="ele" v="1.8561"/>
  </node>
  <node id="39045" lat="-4.52134382923" lon="57.89928071139">
    <tag k="local_x" v="-237.8308"/>
    <tag k="local_y" v="183.5337"/>
    <tag k="ele" v="1.8561"/>
  </node>
  <node id="39046" lat="-4.52136210749" lon="57.899290391">
    <tag k="local_x" v="-236.7594"/>
    <tag k="local_y" v="181.5117"/>
    <tag k="ele" v="1.8561"/>
  </node>
  <node id="39047" lat="-4.52137870144" lon="57.89930227504">
    <tag k="local_x" v="-235.4432"/>
    <tag k="local_y" v="179.6756"/>
    <tag k="ele" v="1.8561"/>
  </node>
  <node id="39048" lat="-4.52139335089" lon="57.89931609009">
    <tag k="local_x" v="-233.9125"/>
    <tag k="local_y" v="178.0542"/>
    <tag k="ele" v="1.8561"/>
  </node>
  <node id="39049" lat="-4.52140583911" lon="57.89933153481">
    <tag k="local_x" v="-232.2007"/>
    <tag k="local_y" v="176.6715"/>
    <tag k="ele" v="1.8561"/>
  </node>
  <node id="39050" lat="-4.52141599375" lon="57.89934828632">
    <tag k="local_x" v="-230.3436"/>
    <tag k="local_y" v="175.5466"/>
    <tag k="ele" v="1.8561"/>
  </node>
  <node id="39051" lat="-4.5214236922" lon="57.89936600376">
    <tag k="local_x" v="-228.379"/>
    <tag k="local_y" v="174.6931"/>
    <tag k="ele" v="1.8561"/>
  </node>
  <node id="39052" lat="-4.52142856685" lon="57.89938352482">
    <tag k="local_x" v="-226.4358"/>
    <tag k="local_y" v="174.1518"/>
    <tag k="ele" v="1.8561"/>
  </node>
  <node id="39058" lat="-4.52141202678" lon="57.89943023137">
    <tag k="local_x" v="-221.2517"/>
    <tag k="local_y" v="175.9739"/>
    <tag k="ele" v="0.0092"/>
  </node>
  <node id="39059" lat="-4.52143757017" lon="57.89942561009">
    <tag k="local_x" v="-221.7679"/>
    <tag k="local_y" v="173.1507"/>
    <tag k="ele" v="0.0092"/>
  </node>
  <node id="39065" lat="-4.52141512288" lon="57.89944715535">
    <tag k="local_x" v="-219.3745"/>
    <tag k="local_y" v="175.6293"/>
    <tag k="ele" v="0.0092"/>
  </node>
  <node id="39066" lat="-4.52141826608" lon="57.89946404153">
    <tag k="local_x" v="-217.5015"/>
    <tag k="local_y" v="175.2795"/>
    <tag k="ele" v="0.0092"/>
  </node>
  <node id="39067" lat="-4.52142146534" lon="57.89948093769">
    <tag k="local_x" v="-215.6274"/>
    <tag k="local_y" v="174.9235"/>
    <tag k="ele" v="0.0092"/>
  </node>
  <node id="39068" lat="-4.52142471708" lon="57.89949782401">
    <tag k="local_x" v="-213.7544"/>
    <tag k="local_y" v="174.5617"/>
    <tag k="ele" v="0.0092"/>
  </node>
  <node id="39069" lat="-4.52142802129" lon="57.89951469957">
    <tag k="local_x" v="-211.8826"/>
    <tag k="local_y" v="174.1941"/>
    <tag k="ele" v="0.0092"/>
  </node>
  <node id="39070" lat="-4.52143137798" lon="57.89953156529">
    <tag k="local_x" v="-210.0119"/>
    <tag k="local_y" v="173.8207"/>
    <tag k="ele" v="0.0092"/>
  </node>
  <node id="39071" lat="-4.52143478806" lon="57.89954842025">
    <tag k="local_x" v="-208.1424"/>
    <tag k="local_y" v="173.4414"/>
    <tag k="ele" v="0.0092"/>
  </node>
  <node id="39072" lat="-4.52143824521" lon="57.89956524553">
    <tag k="local_x" v="-206.2762"/>
    <tag k="local_y" v="173.0569"/>
    <tag k="ele" v="0.0092"/>
  </node>
  <node id="39073" lat="-4.52144064831" lon="57.89944243761">
    <tag k="local_x" v="-219.9014"/>
    <tag k="local_y" v="172.8081"/>
    <tag k="ele" v="0.0092"/>
  </node>
  <node id="39074" lat="-4.52144378431" lon="57.89945928502">
    <tag k="local_x" v="-218.0327"/>
    <tag k="local_y" v="172.4591"/>
    <tag k="ele" v="0.0092"/>
  </node>
  <node id="39075" lat="-4.52144696829" lon="57.89947610185">
    <tag k="local_x" v="-216.1674"/>
    <tag k="local_y" v="172.1048"/>
    <tag k="ele" v="0.0092"/>
  </node>
  <node id="39076" lat="-4.52145020475" lon="57.89949290973">
    <tag k="local_x" v="-214.3031"/>
    <tag k="local_y" v="171.7447"/>
    <tag k="ele" v="0.0092"/>
  </node>
  <node id="39077" lat="-4.52145349459" lon="57.89950970686">
    <tag k="local_x" v="-212.44"/>
    <tag k="local_y" v="171.3787"/>
    <tag k="ele" v="0.0092"/>
  </node>
  <node id="39078" lat="-4.5214568351" lon="57.89952649323">
    <tag k="local_x" v="-210.5781"/>
    <tag k="local_y" v="171.0071"/>
    <tag k="ele" v="0.0092"/>
  </node>
  <node id="39079" lat="-4.52146022899" lon="57.89954326976">
    <tag k="local_x" v="-208.7173"/>
    <tag k="local_y" v="170.6296"/>
    <tag k="ele" v="0.0092"/>
  </node>
  <node id="39080" lat="-4.52146367895" lon="57.89956005627">
    <tag k="local_x" v="-206.8554"/>
    <tag k="local_y" v="170.2459"/>
    <tag k="ele" v="0.0092"/>
  </node>
  <node id="39110" lat="-4.5214939403" lon="57.89983085134">
    <tag k="local_x" v="-176.8163"/>
    <tag k="local_y" v="166.8633"/>
    <tag k="ele" v="0.3927"/>
  </node>
  <node id="39111" lat="-4.52149600303" lon="57.89984295903">
    <tag k="local_x" v="-175.4733"/>
    <tag k="local_y" v="166.6336"/>
    <tag k="ele" v="0.3927"/>
  </node>
  <node id="39112" lat="-4.52149772309" lon="57.89985495003">
    <tag k="local_x" v="-174.1432"/>
    <tag k="local_y" v="166.4418"/>
    <tag k="ele" v="0.3927"/>
  </node>
  <node id="39113" lat="-4.52149912921" lon="57.89986698119">
    <tag k="local_x" v="-172.8086"/>
    <tag k="local_y" v="166.2847"/>
    <tag k="ele" v="0.3927"/>
  </node>
  <node id="39114" lat="-4.5215002205" lon="57.89987904532">
    <tag k="local_x" v="-171.4703"/>
    <tag k="local_y" v="166.1624"/>
    <tag k="ele" v="0.3927"/>
  </node>
  <node id="39115" lat="-4.52150099607" lon="57.89989113339">
    <tag k="local_x" v="-170.1293"/>
    <tag k="local_y" v="166.075"/>
    <tag k="ele" v="0.3927"/>
  </node>
  <node id="39116" lat="-4.52150145501" lon="57.8999032382">
    <tag k="local_x" v="-168.7864"/>
    <tag k="local_y" v="166.0226"/>
    <tag k="ele" v="0.3927"/>
  </node>
  <node id="39117" lat="-4.52150159736" lon="57.89991535073">
    <tag k="local_x" v="-167.4426"/>
    <tag k="local_y" v="166.0052"/>
    <tag k="ele" v="0.3927"/>
  </node>
  <node id="39118" lat="-4.52150142401" lon="57.89992746287">
    <tag k="local_x" v="-166.0988"/>
    <tag k="local_y" v="166.0227"/>
    <tag k="ele" v="0.3927"/>
  </node>
  <node id="39119" lat="-4.52150092481" lon="57.89993973415">
    <tag k="local_x" v="-164.7373"/>
    <tag k="local_y" v="166.0762"/>
    <tag k="ele" v="0.3927"/>
  </node>
  <node id="39120" lat="-4.52151953758" lon="57.89982653751">
    <tag k="local_x" v="-177.2984"/>
    <tag k="local_y" v="164.0341"/>
    <tag k="ele" v="0.3927"/>
  </node>
  <node id="39121" lat="-4.52152164242" lon="57.89983897965">
    <tag k="local_x" v="-175.9183"/>
    <tag k="local_y" v="163.7997"/>
    <tag k="ele" v="0.3927"/>
  </node>
  <node id="39122" lat="-4.52152344667" lon="57.89985163865">
    <tag k="local_x" v="-174.5141"/>
    <tag k="local_y" v="163.5985"/>
    <tag k="ele" v="0.3927"/>
  </node>
  <node id="39123" lat="-4.52152491799" lon="57.8998643405">
    <tag k="local_x" v="-173.1051"/>
    <tag k="local_y" v="163.4341"/>
    <tag k="ele" v="0.3927"/>
  </node>
  <node id="39124" lat="-4.5215260582" lon="57.8998770753">
    <tag k="local_x" v="-171.6924"/>
    <tag k="local_y" v="163.3063"/>
    <tag k="ele" v="0.3927"/>
  </node>
  <node id="39125" lat="-4.52152686368" lon="57.89988983582">
    <tag k="local_x" v="-170.2768"/>
    <tag k="local_y" v="163.2155"/>
    <tag k="ele" v="0.3927"/>
  </node>
  <node id="39126" lat="-4.52152733627" lon="57.89990261305">
    <tag k="local_x" v="-168.8593"/>
    <tag k="local_y" v="163.1615"/>
    <tag k="ele" v="0.3927"/>
  </node>
  <node id="39127" lat="-4.52152747416" lon="57.89991539708">
    <tag k="local_x" v="-167.441"/>
    <tag k="local_y" v="163.1445"/>
    <tag k="ele" v="0.3927"/>
  </node>
  <node id="39128" lat="-4.52152727827" lon="57.8999281807">
    <tag k="local_x" v="-166.0227"/>
    <tag k="local_y" v="163.1644"/>
    <tag k="ele" v="0.3927"/>
  </node>
  <node id="39129" lat="-4.52152675514" lon="57.89994078726">
    <tag k="local_x" v="-164.624"/>
    <tag k="local_y" v="163.2205"/>
    <tag k="ele" v="0.3927"/>
  </node>
  <node id="39205" lat="-4.52181112739" lon="57.89670198627">
    <tag k="local_x" v="-523.99"/>
    <tag k="local_y" v="132.2272"/>
    <tag k="ele" v="2.7177"/>
  </node>
  <node id="39206" lat="-4.52179140388" lon="57.89670010343">
    <tag k="local_x" v="-524.1962"/>
    <tag k="local_y" v="134.4079"/>
    <tag k="ele" v="2.7177"/>
  </node>
  <node id="39317" lat="-4.52173275993" lon="57.89701569924">
    <tag k="local_x" v="-489.1746"/>
    <tag k="local_y" v="140.8478"/>
    <tag k="ele" v="-0.1174"/>
  </node>
  <node id="39318" lat="-4.52173739448" lon="57.89700802361">
    <tag k="local_x" v="-490.0268"/>
    <tag k="local_y" v="140.3365"/>
    <tag k="ele" v="-0.1174"/>
  </node>
  <node id="39319" lat="-4.52174176829" lon="57.89699980055">
    <tag k="local_x" v="-490.9397"/>
    <tag k="local_y" v="139.8541"/>
    <tag k="ele" v="-0.1174"/>
  </node>
  <node id="39320" lat="-4.52174566928" lon="57.89699135698">
    <tag k="local_x" v="-491.877"/>
    <tag k="local_y" v="139.424"/>
    <tag k="ele" v="-0.1174"/>
  </node>
  <node id="39321" lat="-4.52174908747" lon="57.89698272082">
    <tag k="local_x" v="-492.8356"/>
    <tag k="local_y" v="139.0473"/>
    <tag k="ele" v="-0.1174"/>
  </node>
  <node id="39322" lat="-4.52175201198" lon="57.89697391911">
    <tag k="local_x" v="-493.8125"/>
    <tag k="local_y" v="138.7252"/>
    <tag k="ele" v="-0.1174"/>
  </node>
  <node id="39323" lat="-4.52175443733" lon="57.89696498068">
    <tag k="local_x" v="-494.8045"/>
    <tag k="local_y" v="138.4583"/>
    <tag k="ele" v="-0.1174"/>
  </node>
  <node id="39324" lat="-4.52175635446" lon="57.89695593166">
    <tag k="local_x" v="-495.8087"/>
    <tag k="local_y" v="138.2476"/>
    <tag k="ele" v="-0.1174"/>
  </node>
  <node id="39325" lat="-4.52175771047" lon="57.89694711179">
    <tag k="local_x" v="-496.7874"/>
    <tag k="local_y" v="138.0989"/>
    <tag k="ele" v="-0.1174"/>
  </node>
  <node id="39326" lat="-4.52171084232" lon="57.89700183562">
    <tag k="local_x" v="-490.7097"/>
    <tag k="local_y" v="143.2727"/>
    <tag k="ele" v="-0.1174"/>
  </node>
  <node id="39327" lat="-4.52171545865" lon="57.89699498922">
    <tag k="local_x" v="-491.4699"/>
    <tag k="local_y" v="142.7633"/>
    <tag k="ele" v="-0.1174"/>
  </node>
  <node id="39328" lat="-4.52171950956" lon="57.89698819981">
    <tag k="local_x" v="-492.2237"/>
    <tag k="local_y" v="142.3164"/>
    <tag k="ele" v="-0.1174"/>
  </node>
  <node id="39329" lat="-4.52172317902" lon="57.8969811846">
    <tag k="local_x" v="-493.0025"/>
    <tag k="local_y" v="141.9117"/>
    <tag k="ele" v="-0.1174"/>
  </node>
  <node id="39330" lat="-4.52172645435" lon="57.89697396609">
    <tag k="local_x" v="-493.8038"/>
    <tag k="local_y" v="141.5506"/>
    <tag k="ele" v="-0.1174"/>
  </node>
  <node id="39331" lat="-4.52172932556" lon="57.89696656592">
    <tag k="local_x" v="-494.6252"/>
    <tag k="local_y" v="141.2342"/>
    <tag k="ele" v="-0.1174"/>
  </node>
  <node id="39332" lat="-4.52173177996" lon="57.89695900569">
    <tag k="local_x" v="-495.4643"/>
    <tag k="local_y" v="140.9639"/>
    <tag k="ele" v="-0.1174"/>
  </node>
  <node id="39333" lat="-4.5217338112" lon="57.89695131064">
    <tag k="local_x" v="-496.3183"/>
    <tag k="local_y" v="140.7404"/>
    <tag k="ele" v="-0.1174"/>
  </node>
  <node id="39365" lat="-4.52398013001" lon="57.89625485973">
    <tag k="local_x" v="-573.892"/>
    <tag k="local_y" v="-107.4957"/>
    <tag k="ele" v="1.5217"/>
  </node>
  <node id="39366" lat="-4.52398205103" lon="57.89622951419">
    <tag k="local_x" v="-576.7042"/>
    <tag k="local_y" v="-107.7046"/>
    <tag k="ele" v="1.5217"/>
  </node>
  <node id="39884" lat="-4.52373409653" lon="57.89951286102">
    <tag k="local_x" v="-212.4022"/>
    <tag k="local_y" v="-80.7434"/>
    <tag k="ele" v="1.7823"/>
  </node>
  <node id="39888" lat="-4.52370885636" lon="57.89951149767">
    <tag k="local_x" v="-212.55"/>
    <tag k="local_y" v="-77.9529"/>
    <tag k="ele" v="1.7908"/>
  </node>
  <node id="40106" lat="-4.52373278665" lon="57.89952893325">
    <tag k="local_x" v="-210.6189"/>
    <tag k="local_y" v="-80.6008"/>
    <tag k="ele" v="1.7832"/>
  </node>
  <node id="40107" lat="-4.52370756364" lon="57.89952686777">
    <tag k="local_x" v="-210.8446"/>
    <tag k="local_y" v="-77.8121"/>
    <tag k="ele" v="1.7912"/>
  </node>
  <node id="40118" lat="-4.52368899566" lon="57.8996418549">
    <tag k="local_x" v="-198.0849"/>
    <tag k="local_y" v="-75.7752"/>
    <tag k="ele" v="1.8169"/>
  </node>
  <node id="40120" lat="-4.5237042485" lon="57.89961923171">
    <tag k="local_x" v="-200.5969"/>
    <tag k="local_y" v="-77.4583"/>
    <tag k="ele" v="1.8169"/>
  </node>
  <node id="40122" lat="-4.52371649492" lon="57.8995948625">
    <tag k="local_x" v="-203.3022"/>
    <tag k="local_y" v="-78.8088"/>
    <tag k="ele" v="1.8169"/>
  </node>
  <node id="40124" lat="-4.52372553725" lon="57.89956914001">
    <tag k="local_x" v="-206.1572"/>
    <tag k="local_y" v="-79.8049"/>
    <tag k="ele" v="1.8169"/>
  </node>
  <node id="40126" lat="-4.52373057955" lon="57.89954854849">
    <tag k="local_x" v="-208.4424"/>
    <tag k="local_y" v="-80.3595"/>
    <tag k="ele" v="1.8169"/>
  </node>
  <node id="40132" lat="-4.52366892078" lon="57.89962648097">
    <tag k="local_x" v="-199.7878"/>
    <tag k="local_y" v="-73.5538"/>
    <tag k="ele" v="1.8169"/>
  </node>
  <node id="40134" lat="-4.52368237927" lon="57.89960652358">
    <tag k="local_x" v="-202.0038"/>
    <tag k="local_y" v="-75.0389"/>
    <tag k="ele" v="1.8169"/>
  </node>
  <node id="40136" lat="-4.52369318568" lon="57.8995850252">
    <tag k="local_x" v="-204.3904"/>
    <tag k="local_y" v="-76.2306"/>
    <tag k="ele" v="1.8169"/>
  </node>
  <node id="40138" lat="-4.5237011659" lon="57.89956233265">
    <tag k="local_x" v="-206.9091"/>
    <tag k="local_y" v="-77.1097"/>
    <tag k="ele" v="1.8169"/>
  </node>
  <node id="40140" lat="-4.52370587807" lon="57.89954389947">
    <tag k="local_x" v="-208.9548"/>
    <tag k="local_y" v="-77.6281"/>
    <tag k="ele" v="1.8169"/>
  </node>
  <node id="40165" lat="-4.52367489492" lon="57.89965818715">
    <tag k="local_x" v="-196.271"/>
    <tag k="local_y" v="-74.2186"/>
    <tag k="ele" v="1.8169"/>
  </node>
  <node id="40166" lat="-4.52365678496" lon="57.8996411887">
    <tag k="local_x" v="-198.1544"/>
    <tag k="local_y" v="-72.2142"/>
    <tag k="ele" v="1.8169"/>
  </node>
  <node id="40173" lat="-4.52350855465" lon="57.89973532431">
    <tag k="local_x" v="-187.6903"/>
    <tag k="local_y" v="-55.8402"/>
    <tag k="ele" v="1.8088"/>
  </node>
  <node id="40175" lat="-4.52353602775" lon="57.89973339868">
    <tag k="local_x" v="-187.9077"/>
    <tag k="local_y" v="-58.8771"/>
    <tag k="ele" v="1.8088"/>
  </node>
  <node id="40177" lat="-4.52356304374" lon="57.89972807527">
    <tag k="local_x" v="-188.502"/>
    <tag k="local_y" v="-61.863"/>
    <tag k="ele" v="1.8088"/>
  </node>
  <node id="40179" lat="-4.523589181" lon="57.89971943651">
    <tag k="local_x" v="-189.464"/>
    <tag k="local_y" v="-64.7513"/>
    <tag k="ele" v="1.8088"/>
  </node>
  <node id="40181" lat="-4.52361403231" lon="57.89970761709">
    <tag k="local_x" v="-190.7787"/>
    <tag k="local_y" v="-67.497"/>
    <tag k="ele" v="1.8088"/>
  </node>
  <node id="40183" lat="-4.52363720937" lon="57.8996928031">
    <tag k="local_x" v="-192.4254"/>
    <tag k="local_y" v="-70.0572"/>
    <tag k="ele" v="1.8088"/>
  </node>
  <node id="40185" lat="-4.52365805937" lon="57.89967549219">
    <tag k="local_x" v="-194.3488"/>
    <tag k="local_y" v="-72.3598"/>
    <tag k="ele" v="1.8088"/>
  </node>
  <node id="40187" lat="-4.52350836907" lon="57.89970996991">
    <tag k="local_x" v="-190.5032"/>
    <tag k="local_y" v="-55.8162"/>
    <tag k="ele" v="1.8088"/>
  </node>
  <node id="40189" lat="-4.52353267318" lon="57.89970828823">
    <tag k="local_x" v="-190.6931"/>
    <tag k="local_y" v="-58.5028"/>
    <tag k="ele" v="1.8088"/>
  </node>
  <node id="40191" lat="-4.5235565794" lon="57.89970359915">
    <tag k="local_x" v="-191.2166"/>
    <tag k="local_y" v="-61.145"/>
    <tag k="ele" v="1.8088"/>
  </node>
  <node id="40193" lat="-4.52357971224" lon="57.89969597611">
    <tag k="local_x" v="-192.0655"/>
    <tag k="local_y" v="-63.7013"/>
    <tag k="ele" v="1.8088"/>
  </node>
  <node id="40195" lat="-4.52360171245" lon="57.89968553674">
    <tag k="local_x" v="-193.2267"/>
    <tag k="local_y" v="-66.132"/>
    <tag k="ele" v="1.8088"/>
  </node>
  <node id="40197" lat="-4.5236222361" lon="57.89967244377">
    <tag k="local_x" v="-194.6821"/>
    <tag k="local_y" v="-68.3991"/>
    <tag k="ele" v="1.8088"/>
  </node>
  <node id="40199" lat="-4.5236412534" lon="57.89965663677">
    <tag k="local_x" v="-196.4384"/>
    <tag k="local_y" v="-70.4993"/>
    <tag k="ele" v="1.8088"/>
  </node>
  <node id="40420" lat="-4.5232717664" lon="57.89980344118">
    <tag k="local_x" v="-180.1007"/>
    <tag k="local_y" v="-29.6725"/>
    <tag k="ele" v="1.6561"/>
  </node>
  <node id="40421" lat="-4.52324624454" lon="57.899805289">
    <tag k="local_x" v="-179.8922"/>
    <tag k="local_y" v="-26.8513"/>
    <tag k="ele" v="1.6561"/>
  </node>
  <node id="40428" lat="-4.52327209798" lon="57.89978847282">
    <tag k="local_x" v="-181.7614"/>
    <tag k="local_y" v="-29.7071"/>
    <tag k="ele" v="1.6489"/>
  </node>
  <node id="40430" lat="-4.52327546434" lon="57.89977645202">
    <tag k="local_x" v="-183.0955"/>
    <tag k="local_y" v="-30.0776"/>
    <tag k="ele" v="1.6489"/>
  </node>
  <node id="40433" lat="-4.52324693178" lon="57.89978437575">
    <tag k="local_x" v="-182.2125"/>
    <tag k="local_y" v="-26.9244"/>
    <tag k="ele" v="1.6489"/>
  </node>
  <node id="40435" lat="-4.52325210704" lon="57.89976670841">
    <tag k="local_x" v="-184.1733"/>
    <tag k="local_y" v="-27.4941"/>
    <tag k="ele" v="1.6489"/>
  </node>
  <node id="40440" lat="-4.52324666066" lon="57.89989841913">
    <tag k="local_x" v="-169.56"/>
    <tag k="local_y" v="-26.9101"/>
    <tag k="ele" v="2.0583"/>
  </node>
  <node id="40441" lat="-4.52322160139" lon="57.89989633942">
    <tag k="local_x" v="-169.7873"/>
    <tag k="local_y" v="-24.1395"/>
    <tag k="ele" v="2.0583"/>
  </node>
  <node id="40447" lat="-4.52325175404" lon="57.89983965358">
    <tag k="local_x" v="-176.0804"/>
    <tag k="local_y" v="-27.4651"/>
    <tag k="ele" v="2.0544"/>
  </node>
  <node id="40449" lat="-4.52325473923" lon="57.89982354468">
    <tag k="local_x" v="-177.868"/>
    <tag k="local_y" v="-27.7929"/>
    <tag k="ele" v="2.0544"/>
  </node>
  <node id="40451" lat="-4.52325924052" lon="57.89980811546">
    <tag k="local_x" v="-179.5804"/>
    <tag k="local_y" v="-28.2884"/>
    <tag k="ele" v="2.0544"/>
  </node>
  <node id="40453" lat="-4.52326525902" lon="57.8997932091">
    <tag k="local_x" v="-181.235"/>
    <tag k="local_y" v="-28.9517"/>
    <tag k="ele" v="2.0544"/>
  </node>
  <node id="40455" lat="-4.52327273484" lon="57.89977897424">
    <tag k="local_x" v="-182.8153"/>
    <tag k="local_y" v="-29.7762"/>
    <tag k="ele" v="2.0544"/>
  </node>
  <node id="40457" lat="-4.52322692051" lon="57.89983571647">
    <tag k="local_x" v="-176.5138"/>
    <tag k="local_y" v="-24.7192"/>
    <tag k="ele" v="2.0544"/>
  </node>
  <node id="40459" lat="-4.52323025082" lon="57.89981776652">
    <tag k="local_x" v="-178.5057"/>
    <tag k="local_y" v="-25.0849"/>
    <tag k="ele" v="2.0544"/>
  </node>
  <node id="40461" lat="-4.52323543262" lon="57.89979993334">
    <tag k="local_x" v="-180.4849"/>
    <tag k="local_y" v="-25.6553"/>
    <tag k="ele" v="2.0544"/>
  </node>
  <node id="40463" lat="-4.52324236852" lon="57.89978270081">
    <tag k="local_x" v="-182.3977"/>
    <tag k="local_y" v="-26.4197"/>
    <tag k="ele" v="2.0544"/>
  </node>
  <node id="40465" lat="-4.52325099048" lon="57.89976623922">
    <tag k="local_x" v="-184.2252"/>
    <tag k="local_y" v="-27.3706"/>
    <tag k="ele" v="2.0544"/>
  </node>
  <node id="40508" lat="-4.52320736329" lon="57.90059990362">
    <tag k="local_x" v="-91.7289"/>
    <tag k="local_y" v="-22.6622"/>
    <tag k="ele" v="1.9908"/>
  </node>
  <node id="40509" lat="-4.52318172893" lon="57.90061148048">
    <tag k="local_x" v="-90.441"/>
    <tag k="local_y" v="-19.8299"/>
    <tag k="ele" v="1.9852"/>
  </node>
  <node id="40529" lat="-4.52315699988" lon="57.90108402562">
    <tag k="local_x" v="-38.0114"/>
    <tag k="local_y" v="-17.1611"/>
    <tag k="ele" v="1.9846"/>
  </node>
  <node id="40590" lat="-4.52321152208" lon="57.90068019587">
    <tag k="local_x" v="-82.8215"/>
    <tag k="local_y" v="-23.133"/>
    <tag k="ele" v="2.002"/>
  </node>
  <node id="40591" lat="-4.52318631863" lon="57.90067841701">
    <tag k="local_x" v="-83.0154"/>
    <tag k="local_y" v="-20.3465"/>
    <tag k="ele" v="2.002"/>
  </node>
  <node id="40634" lat="-4.52318418544" lon="57.90076001746">
    <tag k="local_x" v="-73.962"/>
    <tag k="local_y" v="-20.1219"/>
    <tag k="ele" v="1.9849"/>
  </node>
  <node id="40635" lat="-4.52316090217" lon="57.90074386439">
    <tag k="local_x" v="-75.7509"/>
    <tag k="local_y" v="-17.5457"/>
    <tag k="ele" v="1.9907"/>
  </node>
  <node id="40659" lat="-4.52316633244" lon="57.90117325846">
    <tag k="local_x" v="-28.1128"/>
    <tag k="local_y" v="-18.2051"/>
    <tag k="ele" v="1.953"/>
  </node>
  <node id="40660" lat="-4.52314119262" lon="57.90117122548">
    <tag k="local_x" v="-28.3349"/>
    <tag k="local_y" v="-15.4256"/>
    <tag k="ele" v="1.953"/>
  </node>
  <node id="40736" lat="-4.52304893296" lon="57.90146877773">
    <tag k="local_x" v="4.6895"/>
    <tag k="local_y" v="-5.2672"/>
    <tag k="ele" v="1.8774"/>
  </node>
  <node id="40738" lat="-4.52306838614" lon="57.90146616712">
    <tag k="local_x" v="4.3972"/>
    <tag k="local_y" v="-7.4174"/>
    <tag k="ele" v="1.8774"/>
  </node>
  <node id="40740" lat="-4.52308749579" lon="57.90145902951">
    <tag k="local_x" v="3.6027"/>
    <tag k="local_y" v="-9.529"/>
    <tag k="ele" v="1.8774"/>
  </node>
  <node id="40742" lat="-4.52310454277" lon="57.90144774942">
    <tag k="local_x" v="2.3489"/>
    <tag k="local_y" v="-11.412"/>
    <tag k="ele" v="1.8774"/>
  </node>
  <node id="40744" lat="-4.52304673661" lon="57.90144341005">
    <tag k="local_x" v="1.8754"/>
    <tag k="local_y" v="-5.0209"/>
    <tag k="ele" v="1.8774"/>
  </node>
  <node id="40746" lat="-4.52306177698" lon="57.90144107431">
    <tag k="local_x" v="1.6142"/>
    <tag k="local_y" v="-6.6833"/>
    <tag k="ele" v="1.8774"/>
  </node>
  <node id="40748" lat="-4.5230751532" lon="57.90143564217">
    <tag k="local_x" v="1.0097"/>
    <tag k="local_y" v="-8.1613"/>
    <tag k="ele" v="1.8774"/>
  </node>
  <node id="40755" lat="-4.5231577476" lon="57.90129865486">
    <tag k="local_x" v="-14.1996"/>
    <tag k="local_y" v="-17.2733"/>
    <tag k="ele" v="1.9226"/>
  </node>
  <node id="40756" lat="-4.52313090833" lon="57.90129644491">
    <tag k="local_x" v="-14.4411"/>
    <tag k="local_y" v="-14.3059"/>
    <tag k="ele" v="1.9226"/>
  </node>
  <node id="40784" lat="-4.52308851141" lon="57.90142577536">
    <tag k="local_x" v="-0.0868"/>
    <tag k="local_y" v="-9.6367"/>
    <tag k="ele" v="1.8774"/>
  </node>
  <node id="40791" lat="-4.52312509036" lon="57.90142560967">
    <tag k="local_x" v="-0.1102"/>
    <tag k="local_y" v="-13.6805"/>
    <tag k="ele" v="1.8774"/>
  </node>
  <node id="40792" lat="-4.5231326446" lon="57.90141452606">
    <tag k="local_x" v="-1.3409"/>
    <tag k="local_y" v="-14.5141"/>
    <tag k="ele" v="1.8774"/>
  </node>
  <node id="40793" lat="-4.52313912595" lon="57.90140278765">
    <tag k="local_x" v="-2.6441"/>
    <tag k="local_y" v="-15.229"/>
    <tag k="ele" v="1.8774"/>
  </node>
  <node id="40794" lat="-4.52314447727" lon="57.90139049891">
    <tag k="local_x" v="-4.0082"/>
    <tag k="local_y" v="-15.8189"/>
    <tag k="ele" v="1.8774"/>
  </node>
  <node id="40795" lat="-4.52314865321" lon="57.90137776616">
    <tag k="local_x" v="-5.4214"/>
    <tag k="local_y" v="-16.2788"/>
    <tag k="ele" v="1.8774"/>
  </node>
  <node id="40796" lat="-4.52315149095" lon="57.90136531658">
    <tag k="local_x" v="-6.803"/>
    <tag k="local_y" v="-16.5908"/>
    <tag k="ele" v="1.8774"/>
  </node>
  <node id="40798" lat="-4.52310347606" lon="57.90140943341">
    <tag k="local_x" v="-1.9019"/>
    <tag k="local_y" v="-11.2888"/>
    <tag k="ele" v="1.8774"/>
  </node>
  <node id="40799" lat="-4.52310962652" lon="57.90140044461">
    <tag k="local_x" v="-2.9"/>
    <tag k="local_y" v="-11.9675"/>
    <tag k="ele" v="1.8774"/>
  </node>
  <node id="40800" lat="-4.52311490837" lon="57.90139092114">
    <tag k="local_x" v="-3.9573"/>
    <tag k="local_y" v="-12.5501"/>
    <tag k="ele" v="1.8774"/>
  </node>
  <node id="40801" lat="-4.52311927355" lon="57.90138094676">
    <tag k="local_x" v="-5.0645"/>
    <tag k="local_y" v="-13.0313"/>
    <tag k="ele" v="1.8774"/>
  </node>
  <node id="40802" lat="-4.52312268577" lon="57.90137060796">
    <tag k="local_x" v="-6.212"/>
    <tag k="local_y" v="-13.4071"/>
    <tag k="ele" v="1.8774"/>
  </node>
  <node id="40803" lat="-4.52312523796" lon="57.90135938116">
    <tag k="local_x" v="-7.4579"/>
    <tag k="local_y" v="-13.6877"/>
    <tag k="ele" v="1.8774"/>
  </node>
  <node id="40834" lat="-4.52316101154" lon="57.90109280975">
    <tag k="local_x" v="-37.0374"/>
    <tag k="local_y" v="-17.6058"/>
    <tag k="ele" v="1.9942"/>
  </node>
  <node id="40835" lat="-4.5231378489" lon="57.9011025608">
    <tag k="local_x" v="-35.9524"/>
    <tag k="local_y" v="-15.0465"/>
    <tag k="ele" v="1.9942"/>
  </node>
  <node id="40841" lat="-4.52317087519" lon="57.90113762909">
    <tag k="local_x" v="-32.0663"/>
    <tag k="local_y" v="-18.7024"/>
    <tag k="ele" v="1.9593"/>
  </node>
  <node id="40842" lat="-4.52317048824" lon="57.90112874848">
    <tag k="local_x" v="-33.0515"/>
    <tag k="local_y" v="-18.6584"/>
    <tag k="ele" v="1.9593"/>
  </node>
  <node id="40843" lat="-4.52316927329" lon="57.90111939365">
    <tag k="local_x" v="-34.0892"/>
    <tag k="local_y" v="-18.5228"/>
    <tag k="ele" v="1.9593"/>
  </node>
  <node id="40844" lat="-4.52316724859" lon="57.90111018022">
    <tag k="local_x" v="-35.1111"/>
    <tag k="local_y" v="-18.2977"/>
    <tag k="ele" v="1.9593"/>
  </node>
  <node id="40845" lat="-4.52316460426" lon="57.90110169162">
    <tag k="local_x" v="-36.0525"/>
    <tag k="local_y" v="-18.0042"/>
    <tag k="ele" v="1.9593"/>
  </node>
  <node id="40846" lat="-4.52314567367" lon="57.90113865703">
    <tag k="local_x" v="-31.9488"/>
    <tag k="local_y" v="-15.9165"/>
    <tag k="ele" v="1.9593"/>
  </node>
  <node id="40847" lat="-4.52314537492" lon="57.90113086357">
    <tag k="local_x" v="-32.8134"/>
    <tag k="local_y" v="-15.8824"/>
    <tag k="ele" v="1.9593"/>
  </node>
  <node id="40848" lat="-4.5231444567" lon="57.90112366603">
    <tag k="local_x" v="-33.6118"/>
    <tag k="local_y" v="-15.7799"/>
    <tag k="ele" v="1.9593"/>
  </node>
  <node id="40849" lat="-4.52314291691" lon="57.90111657409">
    <tag k="local_x" v="-34.3984"/>
    <tag k="local_y" v="-15.6087"/>
    <tag k="ele" v="1.9593"/>
  </node>
  <node id="40850" lat="-4.52314059241" lon="57.90110912604">
    <tag k="local_x" v="-35.2244"/>
    <tag k="local_y" v="-15.3507"/>
    <tag k="ele" v="1.9593"/>
  </node>
  <node id="40857" lat="-4.52313181723" lon="57.90141574006">
    <tag k="local_x" v="-1.2061"/>
    <tag k="local_y" v="-14.4228"/>
    <tag k="ele" v="1.8774"/>
  </node>
  <node id="40858" lat="-4.52310951234" lon="57.90140061122">
    <tag k="local_x" v="-2.8815"/>
    <tag k="local_y" v="-11.9549"/>
    <tag k="ele" v="1.8774"/>
  </node>
  <node id="40866" lat="-4.52307504979" lon="57.90144676744">
    <tag k="local_x" v="2.244"/>
    <tag k="local_y" v="-8.1514"/>
    <tag k="ele" v="1.9195"/>
  </node>
  <node id="40868" lat="-4.52309361023" lon="57.90144482724">
    <tag k="local_x" v="2.0262"/>
    <tag k="local_y" v="-10.203"/>
    <tag k="ele" v="1.9195"/>
  </node>
  <node id="40870" lat="-4.52311169137" lon="57.90143552871">
    <tag k="local_x" v="0.9921"/>
    <tag k="local_y" v="-12.2006"/>
    <tag k="ele" v="1.9195"/>
  </node>
  <node id="40871" lat="-4.52312175075" lon="57.90142775436">
    <tag k="local_x" v="0.1282"/>
    <tag k="local_y" v="-13.3116"/>
    <tag k="ele" v="1.9195"/>
  </node>
  <node id="40872" lat="-4.52307223306" lon="57.90141982343">
    <tag k="local_x" v="-0.7449"/>
    <tag k="local_y" v="-7.8363"/>
    <tag k="ele" v="1.9195"/>
  </node>
  <node id="40874" lat="-4.52308945633" lon="57.90141733987">
    <tag k="local_x" v="-1.0228"/>
    <tag k="local_y" v="-9.74"/>
    <tag k="ele" v="1.9195"/>
  </node>
  <node id="40876" lat="-4.52310053778" lon="57.90141036268">
    <tag k="local_x" v="-1.7984"/>
    <tag k="local_y" v="-10.9641"/>
    <tag k="ele" v="1.9195"/>
  </node>
  <node id="41029" lat="-4.52362276453" lon="57.896137941">
    <tag k="local_x" v="-586.8147"/>
    <tag k="local_y" v="-67.9728"/>
    <tag k="ele" v="1.3679"/>
  </node>
  <node id="41030" lat="-4.52362061016" lon="57.89616326642">
    <tag k="local_x" v="-584.0047"/>
    <tag k="local_y" v="-67.7381"/>
    <tag k="ele" v="1.3679"/>
  </node>
  <node id="41099" lat="-4.52140394575" lon="57.90106642101">
    <tag k="local_x" v="-39.7242"/>
    <tag k="local_y" v="176.6424"/>
    <tag k="ele" v="2.0203"/>
  </node>
  <node id="41100" lat="-4.52143305516" lon="57.90106888702">
    <tag k="local_x" v="-39.4546"/>
    <tag k="local_y" v="173.424"/>
    <tag k="ele" v="2.0069"/>
  </node>
  <node id="41113" lat="-4.52141778996" lon="57.90115521845">
    <tag k="local_x" v="-29.8745"/>
    <tag k="local_y" v="175.0997"/>
    <tag k="ele" v="2.121"/>
  </node>
  <node id="41116" lat="-4.52138887438" lon="57.90114237002">
    <tag k="local_x" v="-31.296"/>
    <tag k="local_y" v="178.2981"/>
    <tag k="ele" v="2.121"/>
  </node>
  <node id="41136" lat="-4.5213764737" lon="57.90117509626">
    <tag k="local_x" v="-27.6635"/>
    <tag k="local_y" v="179.6645"/>
    <tag k="ele" v="2.3285"/>
  </node>
  <node id="41137" lat="-4.52137261984" lon="57.9011892427">
    <tag k="local_x" v="-26.0935"/>
    <tag k="local_y" v="180.0886"/>
    <tag k="ele" v="2.3285"/>
  </node>
  <node id="41139" lat="-4.52136989024" lon="57.90120275688">
    <tag k="local_x" v="-24.5938"/>
    <tag k="local_y" v="180.3885"/>
    <tag k="ele" v="2.3285"/>
  </node>
  <node id="41143" lat="-4.52140684056" lon="57.90118401839">
    <tag k="local_x" v="-26.6778"/>
    <tag k="local_y" v="176.3062"/>
    <tag k="ele" v="2.3285"/>
  </node>
  <node id="41144" lat="-4.52140339775" lon="57.90119640771">
    <tag k="local_x" v="-25.3028"/>
    <tag k="local_y" v="176.6851"/>
    <tag k="ele" v="2.3285"/>
  </node>
  <node id="41146" lat="-4.52140135093" lon="57.90120713936">
    <tag k="local_x" v="-24.1119"/>
    <tag k="local_y" v="176.9099"/>
    <tag k="ele" v="2.3285"/>
  </node>
  <node id="41153" lat="-4.52139910633" lon="57.90110786094">
    <tag k="local_x" v="-35.126"/>
    <tag k="local_y" v="177.1717"/>
    <tag k="ele" v="2.0126"/>
  </node>
  <node id="41155" lat="-4.52139458185" lon="57.9011266413">
    <tag k="local_x" v="-33.0418"/>
    <tag k="local_y" v="177.6693"/>
    <tag k="ele" v="2.0126"/>
  </node>
  <node id="41158" lat="-4.52142787601" lon="57.90111292151">
    <tag k="local_x" v="-34.5685"/>
    <tag k="local_y" v="173.9905"/>
    <tag k="ele" v="2.0126"/>
  </node>
  <node id="41160" lat="-4.52142416543" lon="57.90113550297">
    <tag k="local_x" v="-32.0627"/>
    <tag k="local_y" v="174.3976"/>
    <tag k="ele" v="2.0126"/>
  </node>
  <node id="41197" lat="-4.52154822077" lon="57.90137982586">
    <tag k="local_x" v="-4.9734"/>
    <tag k="local_y" v="160.6496"/>
    <tag k="ele" v="2.1256"/>
  </node>
  <node id="41198" lat="-4.52155194663" lon="57.90135223922">
    <tag k="local_x" v="-8.0345"/>
    <tag k="local_y" v="160.2415"/>
    <tag k="ele" v="2.1256"/>
  </node>
  <node id="41245" lat="-4.52152674702" lon="57.90133792347">
    <tag k="local_x" v="-9.6193"/>
    <tag k="local_y" v="163.0293"/>
    <tag k="ele" v="2.126"/>
  </node>
  <node id="41246" lat="-4.5215486116" lon="57.90133980366">
    <tag k="local_x" v="-9.4137"/>
    <tag k="local_y" v="160.6119"/>
    <tag k="ele" v="2.1256"/>
  </node>
  <node id="41247" lat="-4.52152902228" lon="57.90130935346">
    <tag k="local_x" v="-12.7893"/>
    <tag k="local_y" v="162.7817"/>
    <tag k="ele" v="2.126"/>
  </node>
  <node id="41248" lat="-4.52155088777" lon="57.90131123366">
    <tag k="local_x" v="-12.5837"/>
    <tag k="local_y" v="160.3642"/>
    <tag k="ele" v="2.1256"/>
  </node>
  <node id="41252" lat="-4.52160895114" lon="57.90134366842">
    <tag k="local_x" v="-8.9932"/>
    <tag k="local_y" v="153.9408"/>
    <tag k="ele" v="2.1254"/>
  </node>
  <node id="41253" lat="-4.52161111336" lon="57.90131870367">
    <tag k="local_x" v="-11.7632"/>
    <tag k="local_y" v="153.7052"/>
    <tag k="ele" v="2.1254"/>
  </node>
  <node id="41376" lat="-4.52136818783" lon="57.90121948835">
    <tag k="local_x" v="-22.7373"/>
    <tag k="local_y" v="180.5744"/>
    <tag k="ele" v="2.3285"/>
  </node>
  <node id="41377" lat="-4.52139993627" lon="57.90122161241">
    <tag k="local_x" v="-22.506"/>
    <tag k="local_y" v="177.0643"/>
    <tag k="ele" v="2.3285"/>
  </node>
  <node id="41394" lat="-4.52137854472" lon="57.90098133548">
    <tag k="local_x" v="-49.1605"/>
    <tag k="local_y" v="179.4622"/>
    <tag k="ele" v="2.3285"/>
  </node>
  <node id="41396" lat="-4.52141029317" lon="57.90098345953">
    <tag k="local_x" v="-48.9292"/>
    <tag k="local_y" v="175.9521"/>
    <tag k="ele" v="2.3285"/>
  </node>
  <node id="41404" lat="-4.52136755206" lon="57.90125499537">
    <tag k="local_x" v="-18.7979"/>
    <tag k="local_y" v="180.6398"/>
    <tag k="ele" v="2.0368"/>
  </node>
  <node id="41405" lat="-4.52136950472" lon="57.90126830712">
    <tag k="local_x" v="-17.3213"/>
    <tag k="local_y" v="180.4221"/>
    <tag k="ele" v="2.0368"/>
  </node>
  <node id="41406" lat="-4.52137321153" lon="57.90128219521">
    <tag k="local_x" v="-15.781"/>
    <tag k="local_y" v="180.0104"/>
    <tag k="ele" v="2.0368"/>
  </node>
  <node id="41407" lat="-4.5213785228" lon="57.90129553905">
    <tag k="local_x" v="-14.3013"/>
    <tag k="local_y" v="179.4214"/>
    <tag k="ele" v="2.0368"/>
  </node>
  <node id="41408" lat="-4.52138536007" lon="57.90130815379">
    <tag k="local_x" v="-12.9027"/>
    <tag k="local_y" v="178.6638"/>
    <tag k="ele" v="2.0368"/>
  </node>
  <node id="41409" lat="-4.52139362587" lon="57.90131986894">
    <tag k="local_x" v="-11.6041"/>
    <tag k="local_y" v="177.7484"/>
    <tag k="ele" v="2.0368"/>
  </node>
  <node id="41410" lat="-4.52140320279" lon="57.90133052393">
    <tag k="local_x" v="-10.4233"/>
    <tag k="local_y" v="176.6882"/>
    <tag k="ele" v="2.0368"/>
  </node>
  <node id="41411" lat="-4.52141395534" lon="57.90133997436">
    <tag k="local_x" v="-9.3763"/>
    <tag k="local_y" v="175.4982"/>
    <tag k="ele" v="2.0368"/>
  </node>
  <node id="41412" lat="-4.5214257326" lon="57.90134809295">
    <tag k="local_x" v="-8.4772"/>
    <tag k="local_y" v="174.1951"/>
    <tag k="ele" v="2.0368"/>
  </node>
  <node id="41413" lat="-4.52143836918" lon="57.90135477135">
    <tag k="local_x" v="-7.738"/>
    <tag k="local_y" v="172.7972"/>
    <tag k="ele" v="2.0368"/>
  </node>
  <node id="41414" lat="-4.52145168971" lon="57.9013599192">
    <tag k="local_x" v="-7.1687"/>
    <tag k="local_y" v="171.3239"/>
    <tag k="ele" v="2.0368"/>
  </node>
  <node id="41415" lat="-4.52146468502" lon="57.90136327657">
    <tag k="local_x" v="-6.798"/>
    <tag k="local_y" v="169.8868"/>
    <tag k="ele" v="2.0368"/>
  </node>
  <node id="41416" lat="-4.52139919621" lon="57.90125079452">
    <tag k="local_x" v="-19.2683"/>
    <tag k="local_y" v="177.1421"/>
    <tag k="ele" v="2.0368"/>
  </node>
  <node id="41417" lat="-4.52140056404" lon="57.90126231547">
    <tag k="local_x" v="-17.9903"/>
    <tag k="local_y" v="176.9893"/>
    <tag k="ele" v="2.0368"/>
  </node>
  <node id="41418" lat="-4.52140307756" lon="57.90127270123">
    <tag k="local_x" v="-16.8384"/>
    <tag k="local_y" v="176.71"/>
    <tag k="ele" v="2.0368"/>
  </node>
  <node id="41419" lat="-4.52140680273" lon="57.90128273697">
    <tag k="local_x" v="-15.7255"/>
    <tag k="local_y" v="176.2968"/>
    <tag k="ele" v="2.0368"/>
  </node>
  <node id="41420" lat="-4.52141169177" lon="57.9012922829">
    <tag k="local_x" v="-14.6671"/>
    <tag k="local_y" v="175.755"/>
    <tag k="ele" v="2.0368"/>
  </node>
  <node id="41421" lat="-4.52141768064" lon="57.90130120466">
    <tag k="local_x" v="-13.6781"/>
    <tag k="local_y" v="175.0917"/>
    <tag k="ele" v="2.0368"/>
  </node>
  <node id="41422" lat="-4.52142468898" lon="57.90130937866">
    <tag k="local_x" v="-12.7722"/>
    <tag k="local_y" v="174.3158"/>
    <tag k="ele" v="2.0368"/>
  </node>
  <node id="41423" lat="-4.52143262466" lon="57.9013166867">
    <tag k="local_x" v="-11.9625"/>
    <tag k="local_y" v="173.4375"/>
    <tag k="ele" v="2.0368"/>
  </node>
  <node id="41424" lat="-4.52144137928" lon="57.9013230277">
    <tag k="local_x" v="-11.2602"/>
    <tag k="local_y" v="172.4688"/>
    <tag k="ele" v="2.0368"/>
  </node>
  <node id="41425" lat="-4.52145083444" lon="57.90132830868">
    <tag k="local_x" v="-10.6756"/>
    <tag k="local_y" v="171.4228"/>
    <tag k="ele" v="2.0368"/>
  </node>
  <node id="41426" lat="-4.5214608627" lon="57.90133245377">
    <tag k="local_x" v="-10.2171"/>
    <tag k="local_y" v="170.3136"/>
    <tag k="ele" v="2.0368"/>
  </node>
  <node id="41427" lat="-4.52147214774" lon="57.90133559811">
    <tag k="local_x" v="-9.8698"/>
    <tag k="local_y" v="169.0656"/>
    <tag k="ele" v="2.0368"/>
  </node>
  <node id="41431" lat="-4.52136809331" lon="57.90125618582">
    <tag k="local_x" v="-18.6659"/>
    <tag k="local_y" v="180.5798"/>
    <tag k="ele" v="2.0368"/>
  </node>
  <node id="41432" lat="-4.52137127329" lon="57.90126964872">
    <tag k="local_x" v="-17.1727"/>
    <tag k="local_y" v="180.2264"/>
    <tag k="ele" v="2.0368"/>
  </node>
  <node id="41433" lat="-4.52137712742" lon="57.90128361967">
    <tag k="local_x" v="-15.6235"/>
    <tag k="local_y" v="179.5773"/>
    <tag k="ele" v="2.0368"/>
  </node>
  <node id="41434" lat="-4.52138524719" lon="57.9012963721">
    <tag k="local_x" v="-14.2098"/>
    <tag k="local_y" v="178.6779"/>
    <tag k="ele" v="2.0368"/>
  </node>
  <node id="41435" lat="-4.52139538792" lon="57.90130754425">
    <tag k="local_x" v="-12.9717"/>
    <tag k="local_y" v="177.5553"/>
    <tag k="ele" v="2.0368"/>
  </node>
  <node id="41436" lat="-4.52140724786" lon="57.90131682389">
    <tag k="local_x" v="-11.9438"/>
    <tag k="local_y" v="176.2429"/>
    <tag k="ele" v="2.0368"/>
  </node>
  <node id="41437" lat="-4.52142047819" lon="57.9013239528">
    <tag k="local_x" v="-11.1547"/>
    <tag k="local_y" v="174.7793"/>
    <tag k="ele" v="2.0368"/>
  </node>
  <node id="41438" lat="-4.52143352462" lon="57.90132838103">
    <tag k="local_x" v="-10.6652"/>
    <tag k="local_y" v="173.3364"/>
    <tag k="ele" v="2.0368"/>
  </node>
  <node id="41440" lat="-4.52140300536" lon="57.90126021654">
    <tag k="local_x" v="-18.2235"/>
    <tag k="local_y" v="176.7197"/>
    <tag k="ele" v="2.0368"/>
  </node>
  <node id="41442" lat="-4.5214126497" lon="57.90127775251">
    <tag k="local_x" v="-16.2793"/>
    <tag k="local_y" v="175.6511"/>
    <tag k="ele" v="2.0368"/>
  </node>
  <node id="41444" lat="-4.52142610313" lon="57.90129168238">
    <tag k="local_x" v="-14.7357"/>
    <tag k="local_y" v="174.1619"/>
    <tag k="ele" v="2.0368"/>
  </node>
  <node id="41446" lat="-4.52144521188" lon="57.90130052662">
    <tag k="local_x" v="-13.7571"/>
    <tag k="local_y" v="172.0482"/>
    <tag k="ele" v="2.0368"/>
  </node>
  <node id="41628" lat="-4.5219408173" lon="57.90135612514">
    <tag k="local_x" v="-7.6567"/>
    <tag k="local_y" v="117.2511"/>
    <tag k="ele" v="2.0725"/>
  </node>
  <node id="41629" lat="-4.52191563933" lon="57.90133678437">
    <tag k="local_x" v="-9.799"/>
    <tag k="local_y" v="120.0372"/>
    <tag k="ele" v="2.0725"/>
  </node>
  <node id="41635" lat="-4.5219488847" lon="57.90134482496">
    <tag k="local_x" v="-8.9115"/>
    <tag k="local_y" v="116.3608"/>
    <tag k="ele" v="2.0725"/>
  </node>
  <node id="41636" lat="-4.52195603656" lon="57.90133362189">
    <tag k="local_x" v="-10.1554"/>
    <tag k="local_y" v="115.5717"/>
    <tag k="ele" v="2.0725"/>
  </node>
  <node id="41637" lat="-4.52196290682" lon="57.90132191101">
    <tag k="local_x" v="-11.4556"/>
    <tag k="local_y" v="114.8138"/>
    <tag k="ele" v="2.0725"/>
  </node>
  <node id="41638" lat="-4.52196932149" lon="57.9013099544">
    <tag k="local_x" v="-12.783"/>
    <tag k="local_y" v="114.1063"/>
    <tag k="ele" v="2.0725"/>
  </node>
  <node id="41639" lat="-4.52197527241" lon="57.90129776918">
    <tag k="local_x" v="-14.1357"/>
    <tag k="local_y" v="113.4501"/>
    <tag k="ele" v="2.0725"/>
  </node>
  <node id="41648" lat="-4.52192283277" lon="57.90132778336">
    <tag k="local_x" v="-10.7986"/>
    <tag k="local_y" v="119.2432"/>
    <tag k="ele" v="2.0725"/>
  </node>
  <node id="41649" lat="-4.52193008532" lon="57.90131707886">
    <tag k="local_x" v="-11.9872"/>
    <tag k="local_y" v="118.4429"/>
    <tag k="ele" v="2.0725"/>
  </node>
  <node id="41650" lat="-4.52193657485" lon="57.90130675469">
    <tag k="local_x" v="-13.1335"/>
    <tag k="local_y" v="117.7269"/>
    <tag k="ele" v="2.0725"/>
  </node>
  <node id="41651" lat="-4.52194276371" lon="57.90129598218">
    <tag k="local_x" v="-14.3295"/>
    <tag k="local_y" v="117.0442"/>
    <tag k="ele" v="2.0725"/>
  </node>
  <node id="41652" lat="-4.52194854038" lon="57.90128497661">
    <tag k="local_x" v="-15.5513"/>
    <tag k="local_y" v="116.4071"/>
    <tag k="ele" v="2.0725"/>
  </node>
  <node id="41664" lat="-4.52186337544" lon="57.90139783499">
    <tag k="local_x" v="-3.0186"/>
    <tag k="local_y" v="125.8066"/>
    <tag k="ele" v="2.1269"/>
  </node>
  <node id="41665" lat="-4.52187710207" lon="57.9013964819">
    <tag k="local_x" v="-3.1706"/>
    <tag k="local_y" v="124.2893"/>
    <tag k="ele" v="2.1269"/>
  </node>
  <node id="41666" lat="-4.52189147556" lon="57.90139286903">
    <tag k="local_x" v="-3.5734"/>
    <tag k="local_y" v="122.7008"/>
    <tag k="ele" v="2.1269"/>
  </node>
  <node id="41667" lat="-4.52190523115" lon="57.90138714442">
    <tag k="local_x" v="-4.2104"/>
    <tag k="local_y" v="121.1809"/>
    <tag k="ele" v="2.1269"/>
  </node>
  <node id="41668" lat="-4.52191805573" lon="57.90137941316">
    <tag k="local_x" v="-5.0699"/>
    <tag k="local_y" v="119.7642"/>
    <tag k="ele" v="2.1269"/>
  </node>
  <node id="41669" lat="-4.52192882284" lon="57.90137062207">
    <tag k="local_x" v="-6.0467"/>
    <tag k="local_y" v="118.5751"/>
    <tag k="ele" v="2.1269"/>
  </node>
  <node id="41670" lat="-4.52185945926" lon="57.90137121055">
    <tag k="local_x" v="-5.9719"/>
    <tag k="local_y" v="126.2432"/>
    <tag k="ele" v="2.1269"/>
  </node>
  <node id="41671" lat="-4.52187038463" lon="57.9013689923">
    <tag k="local_x" v="-6.2195"/>
    <tag k="local_y" v="125.0357"/>
    <tag k="ele" v="2.1269"/>
  </node>
  <node id="41672" lat="-4.52188087034" lon="57.90136535119">
    <tag k="local_x" v="-6.6249"/>
    <tag k="local_y" v="123.877"/>
    <tag k="ele" v="2.1269"/>
  </node>
  <node id="41673" lat="-4.52189044834" lon="57.90135988011">
    <tag k="local_x" v="-7.2332"/>
    <tag k="local_y" v="122.8189"/>
    <tag k="ele" v="2.1269"/>
  </node>
  <node id="41674" lat="-4.52189886025" lon="57.90135376402">
    <tag k="local_x" v="-7.9129"/>
    <tag k="local_y" v="121.8898"/>
    <tag k="ele" v="2.1269"/>
  </node>
  <node id="41675" lat="-4.52190736936" lon="57.90134586428">
    <tag k="local_x" v="-8.7905"/>
    <tag k="local_y" v="120.9502"/>
    <tag k="ele" v="2.1269"/>
  </node>
  <node id="41697" lat="-4.52197001888" lon="57.90130852752">
    <tag k="local_x" v="-12.9414"/>
    <tag k="local_y" v="114.0294"/>
    <tag k="ele" v="2.0725"/>
  </node>
  <node id="41698" lat="-4.52194326331" lon="57.90129503007">
    <tag k="local_x" v="-14.4352"/>
    <tag k="local_y" v="116.9891"/>
    <tag k="ele" v="2.0725"/>
  </node>
  <node id="41704" lat="-4.52187694231" lon="57.90136640632">
    <tag k="local_x" v="-6.5073"/>
    <tag k="local_y" v="124.3111"/>
    <tag k="ele" v="2.1273"/>
  </node>
  <node id="41705" lat="-4.5218903919" lon="57.90136525479">
    <tag k="local_x" v="-6.6369"/>
    <tag k="local_y" v="122.8244"/>
    <tag k="ele" v="2.1273"/>
  </node>
  <node id="41706" lat="-4.52190443096" lon="57.90136215798">
    <tag k="local_x" v="-6.9824"/>
    <tag k="local_y" v="121.2728"/>
    <tag k="ele" v="2.1273"/>
  </node>
  <node id="41707" lat="-4.52191797752" lon="57.9013572209">
    <tag k="local_x" v="-7.532"/>
    <tag k="local_y" v="119.7759"/>
    <tag k="ele" v="2.1273"/>
  </node>
  <node id="41708" lat="-4.52193079086" lon="57.90135052076">
    <tag k="local_x" v="-8.2771"/>
    <tag k="local_y" v="118.3603"/>
    <tag k="ele" v="2.1273"/>
  </node>
  <node id="41709" lat="-4.52194263838" lon="57.90134216366">
    <tag k="local_x" v="-9.2059"/>
    <tag k="local_y" v="117.0517"/>
    <tag k="ele" v="2.1273"/>
  </node>
  <node id="41710" lat="-4.52195330644" lon="57.90133228632">
    <tag k="local_x" v="-10.3032"/>
    <tag k="local_y" v="115.8737"/>
    <tag k="ele" v="2.1273"/>
  </node>
  <node id="41711" lat="-4.52196200957" lon="57.90132185402">
    <tag k="local_x" v="-11.4618"/>
    <tag k="local_y" v="114.913"/>
    <tag k="ele" v="2.1273"/>
  </node>
  <node id="41712" lat="-4.52187420083" lon="57.9013414986">
    <tag k="local_x" v="-9.2703"/>
    <tag k="local_y" v="124.6176"/>
    <tag k="ele" v="2.1273"/>
  </node>
  <node id="41713" lat="-4.52188587892" lon="57.90133990412">
    <tag k="local_x" v="-9.4488"/>
    <tag k="local_y" v="123.3268"/>
    <tag k="ele" v="2.1273"/>
  </node>
  <node id="41714" lat="-4.52189638275" lon="57.90133696788">
    <tag k="local_x" v="-9.776"/>
    <tag k="local_y" v="122.166"/>
    <tag k="ele" v="2.1273"/>
  </node>
  <node id="41715" lat="-4.5219063627" lon="57.90133268979">
    <tag k="local_x" v="-10.252"/>
    <tag k="local_y" v="121.0633"/>
    <tag k="ele" v="2.1273"/>
  </node>
  <node id="41716" lat="-4.52191564589" lon="57.90132715615">
    <tag k="local_x" v="-10.8672"/>
    <tag k="local_y" v="120.0378"/>
    <tag k="ele" v="2.1273"/>
  </node>
  <node id="41717" lat="-4.5219240775" lon="57.90132047494">
    <tag k="local_x" v="-11.6096"/>
    <tag k="local_y" v="119.1066"/>
    <tag k="ele" v="2.1273"/>
  </node>
  <node id="41718" lat="-4.52193151537" lon="57.90131277397">
    <tag k="local_x" v="-12.465"/>
    <tag k="local_y" v="118.2854"/>
    <tag k="ele" v="2.1273"/>
  </node>
  <node id="41719" lat="-4.52193842524" lon="57.90130339674">
    <tag k="local_x" v="-13.5063"/>
    <tag k="local_y" v="117.5228"/>
    <tag k="ele" v="2.1273"/>
  </node>
  <node id="41723" lat="-4.52185109429" lon="57.9013643238">
    <tag k="local_x" v="-6.7348"/>
    <tag k="local_y" v="127.1689"/>
    <tag k="ele" v="2.1265"/>
  </node>
  <node id="41724" lat="-4.52185312853" lon="57.90133971853">
    <tag k="local_x" v="-9.4649"/>
    <tag k="local_y" v="126.9474"/>
    <tag k="ele" v="2.1265"/>
  </node>
  <node id="41730" lat="-4.52210551133" lon="57.90137346159">
    <tag k="local_x" v="-5.7559"/>
    <tag k="local_y" v="99.0417"/>
    <tag k="ele" v="1.9337"/>
  </node>
  <node id="41801" lat="-4.52196986181" lon="57.90137003464">
    <tag k="local_x" v="-6.1175"/>
    <tag k="local_y" v="114.0383"/>
    <tag k="ele" v="2.0615"/>
  </node>
  <node id="41804" lat="-4.52198758675" lon="57.901396175">
    <tag k="local_x" v="-3.2198"/>
    <tag k="local_y" v="112.0752"/>
    <tag k="ele" v="2.0615"/>
  </node>
  <node id="41808" lat="-4.52192457" lon="57.90140371082">
    <tag k="local_x" v="-2.3751"/>
    <tag k="local_y" v="119.0407"/>
    <tag k="ele" v="2.1178"/>
  </node>
  <node id="41809" lat="-4.52194744705" lon="57.90140465037">
    <tag k="local_x" v="-2.274"/>
    <tag k="local_y" v="116.5115"/>
    <tag k="ele" v="2.1178"/>
  </node>
  <node id="41810" lat="-4.52196590517" lon="57.90140351855">
    <tag k="local_x" v="-2.4021"/>
    <tag k="local_y" v="114.4711"/>
    <tag k="ele" v="2.1178"/>
  </node>
  <node id="41811" lat="-4.52197849207" lon="57.90139996746">
    <tag k="local_x" v="-2.7978"/>
    <tag k="local_y" v="113.0801"/>
    <tag k="ele" v="2.1178"/>
  </node>
  <node id="41812" lat="-4.52192690591" lon="57.90137728519">
    <tag k="local_x" v="-5.3072"/>
    <tag k="local_y" v="118.7861"/>
    <tag k="ele" v="2.1178"/>
  </node>
  <node id="41813" lat="-4.52193978535" lon="57.90137707577">
    <tag k="local_x" v="-5.3322"/>
    <tag k="local_y" v="117.3623"/>
    <tag k="ele" v="2.1178"/>
  </node>
  <node id="41814" lat="-4.52195082566" lon="57.90137626018">
    <tag k="local_x" v="-5.4242"/>
    <tag k="local_y" v="116.1419"/>
    <tag k="ele" v="2.1178"/>
  </node>
  <node id="41815" lat="-4.52196144516" lon="57.90137341241">
    <tag k="local_x" v="-5.7416"/>
    <tag k="local_y" v="114.9683"/>
    <tag k="ele" v="2.1178"/>
  </node>
  <node id="41820" lat="-4.5220001798" lon="57.90138986488">
    <tag k="local_x" v="-3.9216"/>
    <tag k="local_y" v="110.6839"/>
    <tag k="ele" v="2.0615"/>
  </node>
  <node id="41822" lat="-4.52201443748" lon="57.90138482142">
    <tag k="local_x" v="-4.4831"/>
    <tag k="local_y" v="109.1084"/>
    <tag k="ele" v="2.0615"/>
  </node>
  <node id="41824" lat="-4.52202932938" lon="57.90138185906">
    <tag k="local_x" v="-4.8138"/>
    <tag k="local_y" v="107.4625"/>
    <tag k="ele" v="2.0615"/>
  </node>
  <node id="41826" lat="-4.52204506977" lon="57.9013810682">
    <tag k="local_x" v="-4.9037"/>
    <tag k="local_y" v="105.7225"/>
    <tag k="ele" v="2.0615"/>
  </node>
  <node id="41828" lat="-4.52198836322" lon="57.90136101425">
    <tag k="local_x" v="-7.1208"/>
    <tag k="local_y" v="111.9942"/>
    <tag k="ele" v="2.0615"/>
  </node>
  <node id="41830" lat="-4.52200708481" lon="57.90135533183">
    <tag k="local_x" v="-7.7538"/>
    <tag k="local_y" v="109.9253"/>
    <tag k="ele" v="2.0615"/>
  </node>
  <node id="41832" lat="-4.52202637648" lon="57.90135239474">
    <tag k="local_x" v="-8.0823"/>
    <tag k="local_y" v="107.793"/>
    <tag k="ele" v="2.0615"/>
  </node>
  <node id="41834" lat="-4.52204531372" lon="57.90135223247">
    <tag k="local_x" v="-8.1029"/>
    <tag k="local_y" v="105.6995"/>
    <tag k="ele" v="2.0615"/>
  </node>
  <node id="41857" lat="-4.52207220891" lon="57.90138291346">
    <tag k="local_x" v="-4.7027"/>
    <tag k="local_y" v="102.722"/>
    <tag k="ele" v="1.9976"/>
  </node>
  <node id="41858" lat="-4.52208191778" lon="57.90138203493">
    <tag k="local_x" v="-4.8015"/>
    <tag k="local_y" v="101.6488"/>
    <tag k="ele" v="1.9976"/>
  </node>
  <node id="41859" lat="-4.52209121313" lon="57.90137907737">
    <tag k="local_x" v="-5.1309"/>
    <tag k="local_y" v="100.6216"/>
    <tag k="ele" v="1.9976"/>
  </node>
  <node id="41860" lat="-4.52207120524" lon="57.90135352546">
    <tag k="local_x" v="-7.963"/>
    <tag k="local_y" v="102.837"/>
    <tag k="ele" v="1.9976"/>
  </node>
  <node id="41861" lat="-4.52207951112" lon="57.90135265421">
    <tag k="local_x" v="-8.0608"/>
    <tag k="local_y" v="101.9189"/>
    <tag k="ele" v="1.9976"/>
  </node>
  <node id="41862" lat="-4.52208972223" lon="57.90135015656">
    <tag k="local_x" v="-8.3393"/>
    <tag k="local_y" v="100.7904"/>
    <tag k="ele" v="1.9976"/>
  </node>
  <node id="41916" lat="-4.52200555428" lon="57.90102247532">
    <tag k="local_x" v="-44.6822"/>
    <tag k="local_y" v="110.1403"/>
    <tag k="ele" v="1.9841"/>
  </node>
  <node id="41917" lat="-4.52197891977" lon="57.90103526053">
    <tag k="local_x" v="-43.2601"/>
    <tag k="local_y" v="113.083"/>
    <tag k="ele" v="1.9841"/>
  </node>
  <node id="41952" lat="-4.52201084021" lon="57.90113104602">
    <tag k="local_x" v="-32.6376"/>
    <tag k="local_y" v="109.541"/>
    <tag k="ele" v="1.9962"/>
  </node>
  <node id="41953" lat="-4.52198507067" lon="57.90112840746">
    <tag k="local_x" v="-32.9268"/>
    <tag k="local_y" v="112.3902"/>
    <tag k="ele" v="1.9962"/>
  </node>
  <node id="41959" lat="-4.52197889725" lon="57.90128956595">
    <tag k="local_x" v="-15.0463"/>
    <tag k="local_y" v="113.0505"/>
    <tag k="ele" v="2.0725"/>
  </node>
  <node id="41960" lat="-4.52195208195" lon="57.90127755295">
    <tag k="local_x" v="-16.3754"/>
    <tag k="local_y" v="116.0166"/>
    <tag k="ele" v="2.0725"/>
  </node>
  <node id="41966" lat="-4.52198407725" lon="57.90127756455">
    <tag k="local_x" v="-16.3785"/>
    <tag k="local_y" v="112.4795"/>
    <tag k="ele" v="2.0725"/>
  </node>
  <node id="41967" lat="-4.52198821587" lon="57.90126574394">
    <tag k="local_x" v="-17.6905"/>
    <tag k="local_y" v="112.0236"/>
    <tag k="ele" v="2.0725"/>
  </node>
  <node id="41968" lat="-4.52199193533" lon="57.90125347033">
    <tag k="local_x" v="-19.0527"/>
    <tag k="local_y" v="111.6141"/>
    <tag k="ele" v="2.0725"/>
  </node>
  <node id="41969" lat="-4.52199511313" lon="57.90124106175">
    <tag k="local_x" v="-20.4298"/>
    <tag k="local_y" v="111.2645"/>
    <tag k="ele" v="2.0725"/>
  </node>
  <node id="41970" lat="-4.52199774471" lon="57.90122854343">
    <tag k="local_x" v="-21.819"/>
    <tag k="local_y" v="110.9753"/>
    <tag k="ele" v="2.0725"/>
  </node>
  <node id="41971" lat="-4.52199977724" lon="57.90121621185">
    <tag k="local_x" v="-23.1874"/>
    <tag k="local_y" v="110.7523"/>
    <tag k="ele" v="2.0725"/>
  </node>
  <node id="41972" lat="-4.52195660054" lon="57.90126714072">
    <tag k="local_x" v="-17.5312"/>
    <tag k="local_y" v="115.5185"/>
    <tag k="ele" v="2.0725"/>
  </node>
  <node id="41973" lat="-4.52196117684" lon="57.90125614989">
    <tag k="local_x" v="-18.7512"/>
    <tag k="local_y" v="115.0141"/>
    <tag k="ele" v="2.0725"/>
  </node>
  <node id="41974" lat="-4.52196517319" lon="57.90124525839">
    <tag k="local_x" v="-19.9601"/>
    <tag k="local_y" v="114.5738"/>
    <tag k="ele" v="2.0725"/>
  </node>
  <node id="41975" lat="-4.52196869577" lon="57.90123418875">
    <tag k="local_x" v="-21.1887"/>
    <tag k="local_y" v="114.1859"/>
    <tag k="ele" v="2.0725"/>
  </node>
  <node id="41976" lat="-4.52197173641" lon="57.90122296347">
    <tag k="local_x" v="-22.4345"/>
    <tag k="local_y" v="113.8513"/>
    <tag k="ele" v="2.0725"/>
  </node>
  <node id="41977" lat="-4.52197433975" lon="57.90121132754">
    <tag k="local_x" v="-23.7258"/>
    <tag k="local_y" v="113.5651"/>
    <tag k="ele" v="2.0725"/>
  </node>
  <node id="41983" lat="-4.52201448076" lon="57.90070818781">
    <tag k="local_x" v="-79.5519"/>
    <tag k="local_y" v="109.1967"/>
    <tag k="ele" v="1.9962"/>
  </node>
  <node id="41984" lat="-4.52198976277" lon="57.90070591021">
    <tag k="local_x" v="-79.8012"/>
    <tag k="local_y" v="111.9296"/>
    <tag k="ele" v="1.9962"/>
  </node>
  <node id="41993" lat="-4.5220621882" lon="57.90017659802">
    <tag k="local_x" v="-138.5354"/>
    <tag k="local_y" v="103.9957"/>
    <tag k="ele" v="1.9962"/>
  </node>
  <node id="41994" lat="-4.52206577174" lon="57.9001652364">
    <tag k="local_x" v="-139.7964"/>
    <tag k="local_y" v="103.6011"/>
    <tag k="ele" v="1.9962"/>
  </node>
  <node id="42003" lat="-4.52203465062" lon="57.90016855282">
    <tag k="local_x" v="-139.4242"/>
    <tag k="local_y" v="107.0411"/>
    <tag k="ele" v="1.9962"/>
  </node>
  <node id="42004" lat="-4.52203699742" lon="57.900157342">
    <tag k="local_x" v="-140.6683"/>
    <tag k="local_y" v="106.7832"/>
    <tag k="ele" v="1.9962"/>
  </node>
  <node id="42005" lat="-4.52204045521" lon="57.90014745033">
    <tag k="local_x" v="-141.7662"/>
    <tag k="local_y" v="106.4023"/>
    <tag k="ele" v="1.9962"/>
  </node>
  <node id="42016" lat="-4.52205791226" lon="57.90020211992">
    <tag k="local_x" v="-135.7033"/>
    <tag k="local_y" v="104.4649"/>
    <tag k="ele" v="1.9962"/>
  </node>
  <node id="42017" lat="-4.52203212721" lon="57.90019957873">
    <tag k="local_x" v="-135.9817"/>
    <tag k="local_y" v="107.3158"/>
    <tag k="ele" v="1.9962"/>
  </node>
  <node id="42023" lat="-4.52210493849" lon="57.90006406295">
    <tag k="local_x" v="-151.0264"/>
    <tag k="local_y" v="99.2851"/>
    <tag k="ele" v="1.9409"/>
  </node>
  <node id="42024" lat="-4.52207950197" lon="57.90006203055">
    <tag k="local_x" v="-151.2484"/>
    <tag k="local_y" v="102.0974"/>
    <tag k="ele" v="1.9554"/>
  </node>
  <node id="42087" lat="-4.52211125984" lon="57.89981277208">
    <tag k="local_x" v="-178.9066"/>
    <tag k="local_y" v="98.6208"/>
    <tag k="ele" v="1.6978"/>
  </node>
  <node id="42088" lat="-4.5221097103" lon="57.89978440102">
    <tag k="local_x" v="-182.054"/>
    <tag k="local_y" v="98.796"/>
    <tag k="ele" v="1.7565"/>
  </node>
  <node id="42092" lat="-4.52208058932" lon="57.89980651941">
    <tag k="local_x" v="-179.5961"/>
    <tag k="local_y" v="102.0123"/>
    <tag k="ele" v="1.6978"/>
  </node>
  <node id="42093" lat="-4.52207903978" lon="57.89977814835">
    <tag k="local_x" v="-182.7435"/>
    <tag k="local_y" v="102.1875"/>
    <tag k="ele" v="1.7565"/>
  </node>
  <node id="42097" lat="-4.52211087528" lon="57.89975972885">
    <tag k="local_x" v="-184.7914"/>
    <tag k="local_y" v="98.6706"/>
    <tag k="ele" v="1.8134"/>
  </node>
  <node id="42098" lat="-4.52207997808" lon="57.89975827921">
    <tag k="local_x" v="-184.948"/>
    <tag k="local_y" v="102.0865"/>
    <tag k="ele" v="1.8134"/>
  </node>
  <node id="42111" lat="-4.52211476001" lon="57.89971926745">
    <tag k="local_x" v="-189.2809"/>
    <tag k="local_y" v="98.2467"/>
    <tag k="ele" v="2.0045"/>
  </node>
  <node id="42112" lat="-4.52208321669" lon="57.89971656684">
    <tag k="local_x" v="-189.5762"/>
    <tag k="local_y" v="101.7342"/>
    <tag k="ele" v="2.0045"/>
  </node>
  <node id="42141" lat="-4.52216198764" lon="57.89964546805">
    <tag k="local_x" v="-197.475"/>
    <tag k="local_y" v="93.0358"/>
    <tag k="ele" v="1.7418"/>
  </node>
  <node id="42142" lat="-4.52219397906" lon="57.89964788348">
    <tag k="local_x" v="-197.2114"/>
    <tag k="local_y" v="89.4988"/>
    <tag k="ele" v="1.7448"/>
  </node>
  <node id="42144" lat="-4.52215959487" lon="57.89967692498">
    <tag k="local_x" v="-193.9847"/>
    <tag k="local_y" v="93.296"/>
    <tag k="ele" v="1.7418"/>
  </node>
  <node id="42145" lat="-4.52219158721" lon="57.89967934042">
    <tag k="local_x" v="-193.7211"/>
    <tag k="local_y" v="89.7589"/>
    <tag k="ele" v="1.7448"/>
  </node>
  <node id="42148" lat="-4.52211632805" lon="57.89970945998">
    <tag k="local_x" v="-190.3692"/>
    <tag k="local_y" v="98.0747"/>
    <tag k="ele" v="2.0264"/>
  </node>
  <node id="42149" lat="-4.52211870435" lon="57.89970216827">
    <tag k="local_x" v="-191.1785"/>
    <tag k="local_y" v="97.813"/>
    <tag k="ele" v="2.0264"/>
  </node>
  <node id="42151" lat="-4.52212503729" lon="57.89969118139">
    <tag k="local_x" v="-192.3983"/>
    <tag k="local_y" v="97.1144"/>
    <tag k="ele" v="2.0264"/>
  </node>
  <node id="42153" lat="-4.52213485218" lon="57.89968286861">
    <tag k="local_x" v="-193.3219"/>
    <tag k="local_y" v="96.0305"/>
    <tag k="ele" v="2.0264"/>
  </node>
  <node id="42155" lat="-4.52214675511" lon="57.89967795921">
    <tag k="local_x" v="-193.8682"/>
    <tag k="local_y" v="94.7153"/>
    <tag k="ele" v="2.0264"/>
  </node>
  <node id="42157" lat="-4.52208583134" lon="57.89969945881">
    <tag k="local_x" v="-191.4746"/>
    <tag k="local_y" v="101.4475"/>
    <tag k="ele" v="2.0264"/>
  </node>
  <node id="42159" lat="-4.522094299" lon="57.89967977201">
    <tag k="local_x" v="-193.6599"/>
    <tag k="local_y" v="100.5141"/>
    <tag k="ele" v="2.0264"/>
  </node>
  <node id="42161" lat="-4.52210911447" lon="57.89966260602">
    <tag k="local_x" v="-195.5664"/>
    <tag k="local_y" v="98.8786"/>
    <tag k="ele" v="2.0264"/>
  </node>
  <node id="42163" lat="-4.52212850309" lon="57.8996508015">
    <tag k="local_x" v="-196.8787"/>
    <tag k="local_y" v="96.7368"/>
    <tag k="ele" v="2.0264"/>
  </node>
  <node id="42165" lat="-4.52214936603" lon="57.89964564537">
    <tag k="local_x" v="-197.4536"/>
    <tag k="local_y" v="94.4311"/>
    <tag k="ele" v="2.0264"/>
  </node>
  <node id="42169" lat="-4.52220021978" lon="57.89968053905">
    <tag k="local_x" v="-193.5893"/>
    <tag k="local_y" v="88.8044"/>
    <tag k="ele" v="1.762"/>
  </node>
  <node id="42170" lat="-4.52221096468" lon="57.89968378636">
    <tag k="local_x" v="-193.2305"/>
    <tag k="local_y" v="87.6161"/>
    <tag k="ele" v="1.9306"/>
  </node>
  <node id="42172" lat="-4.52222145292" lon="57.89968902804">
    <tag k="local_x" v="-192.6504"/>
    <tag k="local_y" v="86.4559"/>
    <tag k="ele" v="1.8846"/>
  </node>
  <node id="42173" lat="-4.52223539908" lon="57.89969736022">
    <tag k="local_x" v="-191.7279"/>
    <tag k="local_y" v="84.913"/>
    <tag k="ele" v="1.7617"/>
  </node>
  <node id="42174" lat="-4.52225066044" lon="57.89970354069">
    <tag k="local_x" v="-191.0443"/>
    <tag k="local_y" v="83.225"/>
    <tag k="ele" v="1.8902"/>
  </node>
  <node id="42175" lat="-4.52226648081" lon="57.8997068204">
    <tag k="local_x" v="-190.6826"/>
    <tag k="local_y" v="81.4756"/>
    <tag k="ele" v="1.7756"/>
  </node>
  <node id="42176" lat="-4.52220458664" lon="57.89964954063">
    <tag k="local_x" v="-197.029"/>
    <tag k="local_y" v="88.3259"/>
    <tag k="ele" v="1.762"/>
  </node>
  <node id="42177" lat="-4.52221520084" lon="57.89965314201">
    <tag k="local_x" v="-196.6309"/>
    <tag k="local_y" v="87.152"/>
    <tag k="ele" v="1.9306"/>
  </node>
  <node id="42178" lat="-4.52223078025" lon="57.89966179258">
    <tag k="local_x" v="-195.6733"/>
    <tag k="local_y" v="85.4285"/>
    <tag k="ele" v="1.8846"/>
  </node>
  <node id="42179" lat="-4.52224334928" lon="57.89966971294">
    <tag k="local_x" v="-194.7963"/>
    <tag k="local_y" v="84.0379"/>
    <tag k="ele" v="1.7617"/>
  </node>
  <node id="42180" lat="-4.52225728699" lon="57.89967683369">
    <tag k="local_x" v="-194.0082"/>
    <tag k="local_y" v="82.4961"/>
    <tag k="ele" v="1.8902"/>
  </node>
  <node id="42181" lat="-4.52226902029" lon="57.89968104126">
    <tag k="local_x" v="-193.543"/>
    <tag k="local_y" v="81.1984"/>
    <tag k="ele" v="1.7756"/>
  </node>
  <node id="42197" lat="-4.52226543386" lon="57.89967363313">
    <tag k="local_x" v="-194.3644"/>
    <tag k="local_y" v="81.5959"/>
    <tag k="ele" v="1.806"/>
  </node>
  <node id="42198" lat="-4.52221361431" lon="57.89967929008">
    <tag k="local_x" v="-193.7297"/>
    <tag k="local_y" v="87.3238"/>
    <tag k="ele" v="1.7754"/>
  </node>
  <node id="42199" lat="-4.52223104146" lon="57.89967797577">
    <tag k="local_x" v="-193.8779"/>
    <tag k="local_y" v="85.3974"/>
    <tag k="ele" v="1.7907"/>
  </node>
  <node id="42200" lat="-4.52224939581" lon="57.899675188">
    <tag k="local_x" v="-194.1897"/>
    <tag k="local_y" v="83.3687"/>
    <tag k="ele" v="1.7984"/>
  </node>
  <node id="42201" lat="-4.52226823599" lon="57.89964686463">
    <tag k="local_x" v="-197.3346"/>
    <tag k="local_y" v="81.2898"/>
    <tag k="ele" v="1.8217"/>
  </node>
  <node id="42202" lat="-4.52225094319" lon="57.89964633763">
    <tag k="local_x" v="-197.3907"/>
    <tag k="local_y" v="83.2016"/>
    <tag k="ele" v="1.7833"/>
  </node>
  <node id="42203" lat="-4.52223204006" lon="57.8996467037">
    <tag k="local_x" v="-197.3475"/>
    <tag k="local_y" v="85.2913"/>
    <tag k="ele" v="1.7641"/>
  </node>
  <node id="42204" lat="-4.52221519661" lon="57.89964707861">
    <tag k="local_x" v="-197.3036"/>
    <tag k="local_y" v="87.1533"/>
    <tag k="ele" v="1.7545"/>
  </node>
  <node id="42214" lat="-4.52206934212" lon="57.89957854556">
    <tag k="local_x" v="-204.887"/>
    <tag k="local_y" v="103.287"/>
    <tag k="ele" v="1.8361"/>
  </node>
  <node id="42216" lat="-4.52207132282" lon="57.89959843723">
    <tag k="local_x" v="-202.6804"/>
    <tag k="local_y" v="103.0653"/>
    <tag k="ele" v="1.8361"/>
  </node>
  <node id="42218" lat="-4.5220776492" lon="57.89961821168">
    <tag k="local_x" v="-200.4874"/>
    <tag k="local_y" v="102.3632"/>
    <tag k="ele" v="1.8361"/>
  </node>
  <node id="42220" lat="-4.52208805361" lon="57.89963631374">
    <tag k="local_x" v="-198.4805"/>
    <tag k="local_y" v="101.2105"/>
    <tag k="ele" v="1.8361"/>
  </node>
  <node id="42222" lat="-4.52210211015" lon="57.89965191365">
    <tag k="local_x" v="-196.7517"/>
    <tag k="local_y" v="99.6544"/>
    <tag k="ele" v="1.8361"/>
  </node>
  <node id="42224" lat="-4.52211922631" lon="57.8996642878">
    <tag k="local_x" v="-195.3812"/>
    <tag k="local_y" v="97.7605"/>
    <tag k="ele" v="1.8361"/>
  </node>
  <node id="42226" lat="-4.52213866471" lon="57.89967284848">
    <tag k="local_x" v="-194.4341"/>
    <tag k="local_y" v="95.6104"/>
    <tag k="ele" v="1.8361"/>
  </node>
  <node id="42228" lat="-4.52209533046" lon="57.89957691642">
    <tag k="local_x" v="-205.0713"/>
    <tag k="local_y" v="100.4142"/>
    <tag k="ele" v="1.8361"/>
  </node>
  <node id="42230" lat="-4.52209680172" lon="57.89959257742">
    <tag k="local_x" v="-203.334"/>
    <tag k="local_y" v="100.2494"/>
    <tag k="ele" v="1.8361"/>
  </node>
  <node id="42232" lat="-4.52210223504" lon="57.89960673175">
    <tag k="local_x" v="-201.7644"/>
    <tag k="local_y" v="99.6468"/>
    <tag k="ele" v="1.8361"/>
  </node>
  <node id="42234" lat="-4.52211047261" lon="57.89961934551">
    <tag k="local_x" v="-200.3661"/>
    <tag k="local_y" v="98.7344"/>
    <tag k="ele" v="1.8361"/>
  </node>
  <node id="42236" lat="-4.52212110986" lon="57.89962987921">
    <tag k="local_x" v="-199.1989"/>
    <tag k="local_y" v="97.557"/>
    <tag k="ele" v="1.8361"/>
  </node>
  <node id="42238" lat="-4.52213364168" lon="57.89963789417">
    <tag k="local_x" v="-198.3114"/>
    <tag k="local_y" v="96.1705"/>
    <tag k="ele" v="1.8361"/>
  </node>
  <node id="42240" lat="-4.52214748503" lon="57.89964307059">
    <tag k="local_x" v="-197.739"/>
    <tag k="local_y" v="94.6394"/>
    <tag k="ele" v="1.8361"/>
  </node>
  <node id="42320" lat="-4.52375536379" lon="57.89841306858">
    <tag k="local_x" v="-334.4207"/>
    <tag k="local_y" v="-82.9435"/>
    <tag k="ele" v="1.7761"/>
  </node>
  <node id="42321" lat="-4.52375774928" lon="57.89838161065">
    <tag k="local_x" v="-337.9111"/>
    <tag k="local_y" v="-83.2029"/>
    <tag k="ele" v="1.7761"/>
  </node>
  <node id="42364" lat="-4.52222838415" lon="57.89891595683">
    <tag k="local_x" v="-278.4193"/>
    <tag k="local_y" v="85.7958"/>
    <tag k="ele" v="1.8922"/>
  </node>
  <node id="42365" lat="-4.52224049274" lon="57.8988860045">
    <tag k="local_x" v="-281.744"/>
    <tag k="local_y" v="84.4613"/>
    <tag k="ele" v="1.8922"/>
  </node>
  <node id="42480" lat="-4.52222753234" lon="57.89888074987">
    <tag k="local_x" v="-282.3252"/>
    <tag k="local_y" v="85.8948"/>
    <tag k="ele" v="1.8922"/>
  </node>
  <node id="42482" lat="-4.522218259" lon="57.89887544299">
    <tag k="local_x" v="-282.9127"/>
    <tag k="local_y" v="86.9207"/>
    <tag k="ele" v="1.8922"/>
  </node>
  <node id="42484" lat="-4.52220977079" lon="57.89886871205">
    <tag k="local_x" v="-283.6583"/>
    <tag k="local_y" v="87.86"/>
    <tag k="ele" v="1.8922"/>
  </node>
  <node id="42486" lat="-4.52220445236" lon="57.89886109628">
    <tag k="local_x" v="-284.5025"/>
    <tag k="local_y" v="88.449"/>
    <tag k="ele" v="1.8922"/>
  </node>
  <node id="42487" lat="-4.52220119035" lon="57.89885319731">
    <tag k="local_x" v="-285.3784"/>
    <tag k="local_y" v="88.8107"/>
    <tag k="ele" v="1.8922"/>
  </node>
  <node id="42488" lat="-4.52219980676" lon="57.89884633001">
    <tag k="local_x" v="-286.1401"/>
    <tag k="local_y" v="88.9646"/>
    <tag k="ele" v="1.8922"/>
  </node>
  <node id="42489" lat="-4.5222184583" lon="57.89891382101">
    <tag k="local_x" v="-278.6549"/>
    <tag k="local_y" v="86.8934"/>
    <tag k="ele" v="1.8922"/>
  </node>
  <node id="42490" lat="-4.52220975143" lon="57.89891053026">
    <tag k="local_x" v="-279.0188"/>
    <tag k="local_y" v="87.8564"/>
    <tag k="ele" v="1.8922"/>
  </node>
  <node id="42491" lat="-4.52220000814" lon="57.8989056203">
    <tag k="local_x" v="-279.5622"/>
    <tag k="local_y" v="88.9342"/>
    <tag k="ele" v="1.8922"/>
  </node>
  <node id="42492" lat="-4.52219204919" lon="57.89889953898">
    <tag k="local_x" v="-280.2358"/>
    <tag k="local_y" v="89.8149"/>
    <tag k="ele" v="1.8922"/>
  </node>
  <node id="42493" lat="-4.52218466674" lon="57.89889176563">
    <tag k="local_x" v="-281.0972"/>
    <tag k="local_y" v="90.6321"/>
    <tag k="ele" v="1.8922"/>
  </node>
  <node id="42494" lat="-4.52217837325" lon="57.89888191511">
    <tag k="local_x" v="-282.1892"/>
    <tag k="local_y" v="91.3292"/>
    <tag k="ele" v="1.8922"/>
  </node>
  <node id="42495" lat="-4.52217359179" lon="57.89886729469">
    <tag k="local_x" v="-283.8106"/>
    <tag k="local_y" v="91.8598"/>
    <tag k="ele" v="1.8922"/>
  </node>
  <node id="42496" lat="-4.52217215072" lon="57.89885280188">
    <tag k="local_x" v="-285.4183"/>
    <tag k="local_y" v="92.0211"/>
    <tag k="ele" v="1.8922"/>
  </node>
  <node id="42549" lat="-4.52177764893" lon="57.89653072965">
    <tag k="local_x" v="-542.9854"/>
    <tag k="local_y" v="135.9517"/>
    <tag k="ele" v="2.3257"/>
  </node>
  <node id="42551" lat="-4.52175205153" lon="57.89652856378">
    <tag k="local_x" v="-543.2222"/>
    <tag k="local_y" v="138.7818"/>
    <tag k="ele" v="2.3257"/>
  </node>
  <node id="42597" lat="-4.52178182025" lon="57.89666923746">
    <tag k="local_x" v="-527.6193"/>
    <tag k="local_y" v="135.4716"/>
    <tag k="ele" v="2.9298"/>
  </node>
  <node id="42602" lat="-4.52175789493" lon="57.89667108646">
    <tag k="local_x" v="-527.4109"/>
    <tag k="local_y" v="138.1163"/>
    <tag k="ele" v="2.9298"/>
  </node>
  <node id="42617" lat="-4.52180477425" lon="57.8962127542">
    <tag k="local_x" v="-578.2667"/>
    <tag k="local_y" v="132.9965"/>
    <tag k="ele" v="2.3387"/>
  </node>
  <node id="42618" lat="-4.52177917684" lon="57.89621058744">
    <tag k="local_x" v="-578.5036"/>
    <tag k="local_y" v="135.8266"/>
    <tag k="ele" v="2.3387"/>
  </node>
  <node id="42736" lat="-4.52162882398" lon="57.89800944963">
    <tag k="local_x" v="-378.9093"/>
    <tag k="local_y" v="152.2018"/>
    <tag k="ele" v="-0.2247"/>
  </node>
  <node id="42765" lat="-4.52168028888" lon="57.89738363235">
    <tag k="local_x" v="-448.3473"/>
    <tag k="local_y" v="146.5981"/>
    <tag k="ele" v="2.039"/>
  </node>
  <node id="42766" lat="-4.52169916387" lon="57.89716216096">
    <tag k="local_x" v="-472.9209"/>
    <tag k="local_y" v="144.5418"/>
    <tag k="ele" v="2.2475"/>
  </node>
  <node id="42768" lat="-4.52160294146" lon="57.89800743569">
    <tag k="local_x" v="-379.1292"/>
    <tag k="local_y" v="155.0634"/>
    <tag k="ele" v="-0.2247"/>
  </node>
  <node id="42797" lat="-4.52165469148" lon="57.89738146645">
    <tag k="local_x" v="-448.5841"/>
    <tag k="local_y" v="149.4282"/>
    <tag k="ele" v="2.039"/>
  </node>
  <node id="42798" lat="-4.52167356647" lon="57.89715999507">
    <tag k="local_x" v="-473.1577"/>
    <tag k="local_y" v="147.3719"/>
    <tag k="ele" v="2.2475"/>
  </node>
  <node id="42810" lat="-4.52172227558" lon="57.89702993311">
    <tag k="local_x" v="-487.594"/>
    <tag k="local_y" v="142.0049"/>
    <tag k="ele" v="-0.1323"/>
  </node>
  <node id="42811" lat="-4.52170159761" lon="57.89701429175">
    <tag k="local_x" v="-489.3265"/>
    <tag k="local_y" v="144.293"/>
    <tag k="ele" v="-0.1323"/>
  </node>
  <node id="42818" lat="-4.52170858931" lon="57.89706295894">
    <tag k="local_x" v="-483.9281"/>
    <tag k="local_y" v="143.5134"/>
    <tag k="ele" v="2.3337"/>
  </node>
  <node id="42820" lat="-4.52171436751" lon="57.89704410706">
    <tag k="local_x" v="-486.0204"/>
    <tag k="local_y" v="142.8772"/>
    <tag k="ele" v="2.3337"/>
  </node>
  <node id="42822" lat="-4.52168277626" lon="57.89705816354">
    <tag k="local_x" v="-484.4566"/>
    <tag k="local_y" v="146.3677"/>
    <tag k="ele" v="2.3337"/>
  </node>
  <node id="42824" lat="-4.52168784257" lon="57.89704003637">
    <tag k="local_x" v="-486.4684"/>
    <tag k="local_y" v="145.8101"/>
    <tag k="ele" v="2.3337"/>
  </node>
  <node id="42826" lat="-4.52169614842" lon="57.89702313002">
    <tag k="local_x" v="-488.3452"/>
    <tag k="local_y" v="144.8942"/>
    <tag k="ele" v="2.3337"/>
  </node>
  <node id="42830" lat="-4.52170636607" lon="57.89708034238">
    <tag k="local_x" v="-481.9992"/>
    <tag k="local_y" v="143.7568"/>
    <tag k="ele" v="2.2906"/>
  </node>
  <node id="42831" lat="-4.52168097411" lon="57.89707809112">
    <tag k="local_x" v="-482.2455"/>
    <tag k="local_y" v="146.5642"/>
    <tag k="ele" v="2.2906"/>
  </node>
  <node id="42839" lat="-4.52174251345" lon="57.89713212535">
    <tag k="local_x" v="-476.2591"/>
    <tag k="local_y" v="139.7536"/>
    <tag k="ele" v="2.4733"/>
  </node>
  <node id="42840" lat="-4.52171711424" lon="57.89712988129">
    <tag k="local_x" v="-476.5046"/>
    <tag k="local_y" v="142.5618"/>
    <tag k="ele" v="2.4733"/>
  </node>
  <node id="42846" lat="-4.52177405102" lon="57.89713364146">
    <tag k="local_x" v="-476.0952"/>
    <tag k="local_y" v="136.2669"/>
    <tag k="ele" v="2.4733"/>
  </node>
  <node id="42847" lat="-4.52174878486" lon="57.89713134438">
    <tag k="local_x" v="-476.3466"/>
    <tag k="local_y" v="139.0604"/>
    <tag k="ele" v="2.4733"/>
  </node>
  <node id="42860" lat="-4.52167391704" lon="57.89746033676">
    <tag k="local_x" v="-439.8365"/>
    <tag k="local_y" v="147.292"/>
    <tag k="ele" v="0.9072"/>
  </node>
  <node id="42861" lat="-4.52164805012" lon="57.89745814529">
    <tag k="local_x" v="-440.0761"/>
    <tag k="local_y" v="150.1519"/>
    <tag k="ele" v="0.9072"/>
  </node>
  <node id="42968" lat="-4.52163022013" lon="57.8979916145">
    <tag k="local_x" v="-380.8882"/>
    <tag k="local_y" v="152.0499"/>
    <tag k="ele" v="-0.2247"/>
  </node>
  <node id="42969" lat="-4.5216316199" lon="57.89797378028">
    <tag k="local_x" v="-382.867"/>
    <tag k="local_y" v="151.8976"/>
    <tag k="ele" v="-0.2247"/>
  </node>
  <node id="42970" lat="-4.52163302509" lon="57.89795594786">
    <tag k="local_x" v="-384.8456"/>
    <tag k="local_y" v="151.7447"/>
    <tag k="ele" v="-0.2247"/>
  </node>
  <node id="42971" lat="-4.52163443571" lon="57.89793811546">
    <tag k="local_x" v="-386.8242"/>
    <tag k="local_y" v="151.5912"/>
    <tag k="ele" v="-0.2247"/>
  </node>
  <node id="42972" lat="-4.52163584995" lon="57.89792028305">
    <tag k="local_x" v="-388.8028"/>
    <tag k="local_y" v="151.4373"/>
    <tag k="ele" v="-0.2247"/>
  </node>
  <node id="42973" lat="-4.52163726961" lon="57.89790245156">
    <tag k="local_x" v="-390.7813"/>
    <tag k="local_y" v="151.2828"/>
    <tag k="ele" v="-0.2247"/>
  </node>
  <node id="42974" lat="-4.52163869379" lon="57.89788462097">
    <tag k="local_x" v="-392.7597"/>
    <tag k="local_y" v="151.1278"/>
    <tag k="ele" v="-0.2247"/>
  </node>
  <node id="42975" lat="-4.5216401225" lon="57.89786679039">
    <tag k="local_x" v="-394.7381"/>
    <tag k="local_y" v="150.9723"/>
    <tag k="ele" v="-0.2247"/>
  </node>
  <node id="42976" lat="-4.52164155573" lon="57.89784895981">
    <tag k="local_x" v="-396.7165"/>
    <tag k="local_y" v="150.8163"/>
    <tag k="ele" v="-0.2247"/>
  </node>
  <node id="42977" lat="-4.52164299438" lon="57.89783113014">
    <tag k="local_x" v="-398.6948"/>
    <tag k="local_y" v="150.6597"/>
    <tag k="ele" v="-0.2247"/>
  </node>
  <node id="42978" lat="-4.52164443756" lon="57.89781330048">
    <tag k="local_x" v="-400.6731"/>
    <tag k="local_y" v="150.5026"/>
    <tag k="ele" v="-0.2247"/>
  </node>
  <node id="42979" lat="-4.52164588616" lon="57.89779547082">
    <tag k="local_x" v="-402.6514"/>
    <tag k="local_y" v="150.3449"/>
    <tag k="ele" v="-0.2247"/>
  </node>
  <node id="42980" lat="-4.52164733838" lon="57.89777764207">
    <tag k="local_x" v="-404.6296"/>
    <tag k="local_y" v="150.1868"/>
    <tag k="ele" v="-0.2247"/>
  </node>
  <node id="42981" lat="-4.52164879603" lon="57.89775981332">
    <tag k="local_x" v="-406.6078"/>
    <tag k="local_y" v="150.0281"/>
    <tag k="ele" v="-0.2247"/>
  </node>
  <node id="42982" lat="-4.5216502582" lon="57.89774198548">
    <tag k="local_x" v="-408.5859"/>
    <tag k="local_y" v="149.8689"/>
    <tag k="ele" v="-0.2247"/>
  </node>
  <node id="42983" lat="-4.52165172489" lon="57.89772415765">
    <tag k="local_x" v="-410.564"/>
    <tag k="local_y" v="149.7092"/>
    <tag k="ele" v="-0.2247"/>
  </node>
  <node id="42984" lat="-4.52165319701" lon="57.89770633072">
    <tag k="local_x" v="-412.542"/>
    <tag k="local_y" v="149.5489"/>
    <tag k="ele" v="-0.2247"/>
  </node>
  <node id="42985" lat="-4.52165467365" lon="57.8976885038">
    <tag k="local_x" v="-414.52"/>
    <tag k="local_y" v="149.3881"/>
    <tag k="ele" v="-0.2247"/>
  </node>
  <node id="42986" lat="-4.52165615481" lon="57.89767067689">
    <tag k="local_x" v="-416.498"/>
    <tag k="local_y" v="149.2268"/>
    <tag k="ele" v="-0.2247"/>
  </node>
  <node id="42987" lat="-4.52165764049" lon="57.89765285088">
    <tag k="local_x" v="-418.4759"/>
    <tag k="local_y" v="149.065"/>
    <tag k="ele" v="-0.2247"/>
  </node>
  <node id="42988" lat="-4.5216591316" lon="57.89763502578">
    <tag k="local_x" v="-420.4537"/>
    <tag k="local_y" v="148.9026"/>
    <tag k="ele" v="-0.2247"/>
  </node>
  <node id="42989" lat="-4.52166062724" lon="57.89761719978">
    <tag k="local_x" v="-422.4316"/>
    <tag k="local_y" v="148.7397"/>
    <tag k="ele" v="-0.2247"/>
  </node>
  <node id="42990" lat="-4.52166212739" lon="57.8975993756">
    <tag k="local_x" v="-424.4093"/>
    <tag k="local_y" v="148.5763"/>
    <tag k="ele" v="-0.2247"/>
  </node>
  <node id="42991" lat="-4.52166363297" lon="57.89758154871">
    <tag k="local_x" v="-426.3873"/>
    <tag k="local_y" v="148.4123"/>
    <tag k="ele" v="-0.2247"/>
  </node>
  <node id="42992" lat="-4.52160433762" lon="57.89798959695">
    <tag k="local_x" v="-381.1085"/>
    <tag k="local_y" v="154.9115"/>
    <tag k="ele" v="-0.2247"/>
  </node>
  <node id="42993" lat="-4.52160573829" lon="57.89797175913">
    <tag k="local_x" v="-383.0877"/>
    <tag k="local_y" v="154.7591"/>
    <tag k="ele" v="-0.2247"/>
  </node>
  <node id="42994" lat="-4.5216071444" lon="57.8979539195">
    <tag k="local_x" v="-385.0671"/>
    <tag k="local_y" v="154.6061"/>
    <tag k="ele" v="-0.2247"/>
  </node>
  <node id="42995" lat="-4.52160855503" lon="57.89793607989">
    <tag k="local_x" v="-387.0465"/>
    <tag k="local_y" v="154.4526"/>
    <tag k="ele" v="-0.2247"/>
  </node>
  <node id="42996" lat="-4.52160997017" lon="57.89791824118">
    <tag k="local_x" v="-389.0258"/>
    <tag k="local_y" v="154.2986"/>
    <tag k="ele" v="-0.2247"/>
  </node>
  <node id="42997" lat="-4.52161138985" lon="57.89790040337">
    <tag k="local_x" v="-391.005"/>
    <tag k="local_y" v="154.1441"/>
    <tag k="ele" v="-0.2247"/>
  </node>
  <node id="42998" lat="-4.52161281494" lon="57.89788256467">
    <tag k="local_x" v="-392.9843"/>
    <tag k="local_y" v="153.989"/>
    <tag k="ele" v="-0.2247"/>
  </node>
  <node id="42999" lat="-4.52161424456" lon="57.89786472778">
    <tag k="local_x" v="-394.9634"/>
    <tag k="local_y" v="153.8334"/>
    <tag k="ele" v="-0.2247"/>
  </node>
  <node id="43000" lat="-4.5216156787" lon="57.89784689">
    <tag k="local_x" v="-396.9426"/>
    <tag k="local_y" v="153.6773"/>
    <tag k="ele" v="-0.2247"/>
  </node>
  <node id="43001" lat="-4.52161711737" lon="57.89782905312">
    <tag k="local_x" v="-398.9217"/>
    <tag k="local_y" v="153.5207"/>
    <tag k="ele" v="-0.2247"/>
  </node>
  <node id="43002" lat="-4.52161856146" lon="57.89781121714">
    <tag k="local_x" v="-400.9007"/>
    <tag k="local_y" v="153.3635"/>
    <tag k="ele" v="-0.2247"/>
  </node>
  <node id="43003" lat="-4.52162001007" lon="57.89779338118">
    <tag k="local_x" v="-402.8797"/>
    <tag k="local_y" v="153.2058"/>
    <tag k="ele" v="-0.2247"/>
  </node>
  <node id="43004" lat="-4.5216214632" lon="57.89777554522">
    <tag k="local_x" v="-404.8587"/>
    <tag k="local_y" v="153.0476"/>
    <tag k="ele" v="-0.2247"/>
  </node>
  <node id="43005" lat="-4.52162292086" lon="57.89775771016">
    <tag k="local_x" v="-406.8376"/>
    <tag k="local_y" v="152.8889"/>
    <tag k="ele" v="-0.2247"/>
  </node>
  <node id="43006" lat="-4.52162438394" lon="57.89773987511">
    <tag k="local_x" v="-408.8165"/>
    <tag k="local_y" v="152.7296"/>
    <tag k="ele" v="-0.2247"/>
  </node>
  <node id="43007" lat="-4.52162585155" lon="57.89772204007">
    <tag k="local_x" v="-410.7954"/>
    <tag k="local_y" v="152.5698"/>
    <tag k="ele" v="-0.2247"/>
  </node>
  <node id="43008" lat="-4.52162732367" lon="57.89770420594">
    <tag k="local_x" v="-412.7742"/>
    <tag k="local_y" v="152.4095"/>
    <tag k="ele" v="-0.2247"/>
  </node>
  <node id="43009" lat="-4.52162880122" lon="57.89768637271">
    <tag k="local_x" v="-414.7529"/>
    <tag k="local_y" v="152.2486"/>
    <tag k="ele" v="-0.2247"/>
  </node>
  <node id="43010" lat="-4.5216302833" lon="57.89766853949">
    <tag k="local_x" v="-416.7316"/>
    <tag k="local_y" v="152.0872"/>
    <tag k="ele" v="-0.2247"/>
  </node>
  <node id="43011" lat="-4.52163176989" lon="57.89765070627">
    <tag k="local_x" v="-418.7103"/>
    <tag k="local_y" v="151.9253"/>
    <tag k="ele" v="-0.2247"/>
  </node>
  <node id="43012" lat="-4.52163326101" lon="57.89763287396">
    <tag k="local_x" v="-420.6889"/>
    <tag k="local_y" v="151.7629"/>
    <tag k="ele" v="-0.2247"/>
  </node>
  <node id="43013" lat="-4.52163475756" lon="57.89761504165">
    <tag k="local_x" v="-422.6675"/>
    <tag k="local_y" v="151.5999"/>
    <tag k="ele" v="-0.2247"/>
  </node>
  <node id="43014" lat="-4.52163625772" lon="57.89759720936">
    <tag k="local_x" v="-424.6461"/>
    <tag k="local_y" v="151.4365"/>
    <tag k="ele" v="-0.2247"/>
  </node>
  <node id="43015" lat="-4.52163776331" lon="57.89757937977">
    <tag k="local_x" v="-426.6244"/>
    <tag k="local_y" v="151.2725"/>
    <tag k="ele" v="-0.2247"/>
  </node>
  <node id="43164" lat="-4.52178696779" lon="57.89818909269">
    <tag k="local_x" v="-359.0005"/>
    <tag k="local_y" v="134.6943"/>
    <tag k="ele" v="1.5189"/>
  </node>
  <node id="43165" lat="-4.52178512807" lon="57.89815759809">
    <tag k="local_x" v="-362.4944"/>
    <tag k="local_y" v="134.902"/>
    <tag k="ele" v="1.5189"/>
  </node>
  <node id="43172" lat="-4.52166727179" lon="57.89818724623">
    <tag k="local_x" v="-359.189"/>
    <tag k="local_y" v="147.927"/>
    <tag k="ele" v="1.5724"/>
  </node>
  <node id="43173" lat="-4.52167331018" lon="57.89815627781">
    <tag k="local_x" v="-362.6256"/>
    <tag k="local_y" v="147.2637"/>
    <tag k="ele" v="1.5724"/>
  </node>
  <node id="43204" lat="-4.52159354297" lon="57.89809647855">
    <tag k="local_x" v="-369.2491"/>
    <tag k="local_y" v="156.0902"/>
    <tag k="ele" v="1.726"/>
  </node>
  <node id="43207" lat="-4.52162510282" lon="57.89809898892">
    <tag k="local_x" v="-368.9749"/>
    <tag k="local_y" v="152.6009"/>
    <tag k="ele" v="1.726"/>
  </node>
  <node id="43212" lat="-4.52165571626" lon="57.89815128249">
    <tag k="local_x" v="-363.1774"/>
    <tag k="local_y" v="149.2094"/>
    <tag k="ele" v="1.5922"/>
  </node>
  <node id="43214" lat="-4.52164476317" lon="57.89814449083">
    <tag k="local_x" v="-363.9294"/>
    <tag k="local_y" v="150.4212"/>
    <tag k="ele" v="1.5922"/>
  </node>
  <node id="43216" lat="-4.52163577238" lon="57.89813527245">
    <tag k="local_x" v="-364.9509"/>
    <tag k="local_y" v="151.4164"/>
    <tag k="ele" v="1.5922"/>
  </node>
  <node id="43218" lat="-4.52162927239" lon="57.89812416881">
    <tag k="local_x" v="-366.1819"/>
    <tag k="local_y" v="152.1365"/>
    <tag k="ele" v="1.5922"/>
  </node>
  <node id="43220" lat="-4.52162564591" lon="57.89811183295">
    <tag k="local_x" v="-367.55"/>
    <tag k="local_y" v="152.5391"/>
    <tag k="ele" v="1.5922"/>
  </node>
  <node id="43222" lat="-4.52165106143" lon="57.89818332341">
    <tag k="local_x" v="-359.622"/>
    <tag k="local_y" v="149.7196"/>
    <tag k="ele" v="1.5922"/>
  </node>
  <node id="43224" lat="-4.52163330611" lon="57.8981750046">
    <tag k="local_x" v="-360.5425"/>
    <tag k="local_y" v="151.6836"/>
    <tag k="ele" v="1.5922"/>
  </node>
  <node id="43226" lat="-4.52161728232" lon="57.89816214151">
    <tag k="local_x" v="-361.9674"/>
    <tag k="local_y" v="153.4568"/>
    <tag k="ele" v="1.5922"/>
  </node>
  <node id="43228" lat="-4.52160483587" lon="57.89814581262">
    <tag k="local_x" v="-363.7773"/>
    <tag k="local_y" v="154.835"/>
    <tag k="ele" v="1.5922"/>
  </node>
  <node id="43230" lat="-4.52159669915" lon="57.89812697967">
    <tag k="local_x" v="-365.8656"/>
    <tag k="local_y" v="155.7371"/>
    <tag k="ele" v="1.5922"/>
  </node>
  <node id="43232" lat="-4.5215934214" lon="57.89810770384">
    <tag k="local_x" v="-368.0037"/>
    <tag k="local_y" v="156.1021"/>
    <tag k="ele" v="1.5922"/>
  </node>
  <node id="43236" lat="-4.52171561191" lon="57.89819291758">
    <tag k="local_x" v="-358.5664"/>
    <tag k="local_y" v="142.5822"/>
    <tag k="ele" v="6.7122"/>
  </node>
  <node id="43237" lat="-4.52167816928" lon="57.89818926876">
    <tag k="local_x" v="-358.9661"/>
    <tag k="local_y" v="146.722"/>
    <tag k="ele" v="1.8078"/>
  </node>
  <node id="43239" lat="-4.52171869381" lon="57.89816152008">
    <tag k="local_x" v="-362.0502"/>
    <tag k="local_y" v="142.2458"/>
    <tag k="ele" v="6.7122"/>
  </node>
  <node id="43240" lat="-4.52168125208" lon="57.89815787127">
    <tag k="local_x" v="-362.4499"/>
    <tag k="local_y" v="146.3855"/>
    <tag k="ele" v="1.8078"/>
  </node>
  <node id="43243" lat="-4.52175038246" lon="57.89816082721">
    <tag k="local_x" v="-362.1314"/>
    <tag k="local_y" v="138.7427"/>
    <tag k="ele" v="1.5086"/>
  </node>
  <node id="43244" lat="-4.52175333038" lon="57.89819223393">
    <tag k="local_x" v="-358.6474"/>
    <tag k="local_y" v="138.4125"/>
    <tag k="ele" v="1.5086"/>
  </node>
  <node id="43256" lat="-4.52183933559" lon="57.89815566295">
    <tag k="local_x" v="-362.7165"/>
    <tag k="local_y" v="128.9096"/>
    <tag k="ele" v="1.6428"/>
  </node>
  <node id="43257" lat="-4.52183987364" lon="57.89818496566">
    <tag k="local_x" v="-359.4656"/>
    <tag k="local_y" v="128.8461"/>
    <tag k="ele" v="1.6428"/>
  </node>
  <node id="43280" lat="-4.52187592276" lon="57.89815691943">
    <tag k="local_x" v="-362.5821"/>
    <tag k="local_y" v="124.8647"/>
    <tag k="ele" v="0.1447"/>
  </node>
  <node id="43281" lat="-4.52185647152" lon="57.89815577509">
    <tag k="local_x" v="-362.7064"/>
    <tag k="local_y" v="127.0152"/>
    <tag k="ele" v="0.1447"/>
  </node>
  <node id="43284" lat="-4.52187621051" lon="57.89818381973">
    <tag k="local_x" v="-359.5977"/>
    <tag k="local_y" v="124.8292"/>
    <tag k="ele" v="0.1447"/>
  </node>
  <node id="43285" lat="-4.52185669186" lon="57.89818378668">
    <tag k="local_x" v="-359.5987"/>
    <tag k="local_y" v="126.987"/>
    <tag k="ele" v="0.1447"/>
  </node>
  <node id="43310" lat="-4.52211182109" lon="57.89821549681">
    <tag k="local_x" v="-356.1155"/>
    <tag k="local_y" v="98.778"/>
    <tag k="ele" v="1.8136"/>
  </node>
  <node id="43311" lat="-4.5221227907" lon="57.89818417932">
    <tag k="local_x" v="-359.5915"/>
    <tag k="local_y" v="97.5696"/>
    <tag k="ele" v="1.8136"/>
  </node>
  <node id="43312" lat="-4.5220976082" lon="57.89821069763">
    <tag k="local_x" v="-356.646"/>
    <tag k="local_y" v="100.3499"/>
    <tag k="ele" v="1.8085"/>
  </node>
  <node id="43313" lat="-4.52210858688" lon="57.89818008681">
    <tag k="local_x" v="-360.0436"/>
    <tag k="local_y" v="99.1404"/>
    <tag k="ele" v="1.8085"/>
  </node>
  <node id="43314" lat="-4.52208249509" lon="57.89820676624">
    <tag k="local_x" v="-357.0801"/>
    <tag k="local_y" v="102.0212"/>
    <tag k="ele" v="1.7943"/>
  </node>
  <node id="43315" lat="-4.52208880986" lon="57.89817613706">
    <tag k="local_x" v="-360.4791"/>
    <tag k="local_y" v="101.3273"/>
    <tag k="ele" v="1.7943"/>
  </node>
  <node id="43322" lat="-4.52206949797" lon="57.89817349665">
    <tag k="local_x" v="-360.7694"/>
    <tag k="local_y" v="103.4626"/>
    <tag k="ele" v="1.7733"/>
  </node>
  <node id="43324" lat="-4.52204973909" lon="57.89817096926">
    <tag k="local_x" v="-361.0471"/>
    <tag k="local_y" v="105.6473"/>
    <tag k="ele" v="1.7733"/>
  </node>
  <node id="43325" lat="-4.52206498122" lon="57.89820287336">
    <tag k="local_x" v="-357.5096"/>
    <tag k="local_y" v="103.9579"/>
    <tag k="ele" v="1.7733"/>
  </node>
  <node id="43326" lat="-4.52204528427" lon="57.89819854695">
    <tag k="local_x" v="-357.9869"/>
    <tag k="local_y" v="106.136"/>
    <tag k="ele" v="1.7733"/>
  </node>
  <node id="43333" lat="-4.52236451872" lon="57.89696023824">
    <tag k="local_x" v="-495.4139"/>
    <tag k="local_y" v="71.0142"/>
    <tag k="ele" v="1.3836"/>
  </node>
  <node id="43334" lat="-4.52236152929" lon="57.89696813943">
    <tag k="local_x" v="-494.5369"/>
    <tag k="local_y" v="71.3436"/>
    <tag k="ele" v="1.4177"/>
  </node>
  <node id="43335" lat="-4.52233829963" lon="57.89695389201">
    <tag k="local_x" v="-496.1144"/>
    <tag k="local_y" v="73.9136"/>
    <tag k="ele" v="1.387"/>
  </node>
  <node id="43336" lat="-4.52233593439" lon="57.89696833418">
    <tag k="local_x" v="-494.5118"/>
    <tag k="local_y" v="74.1731"/>
    <tag k="ele" v="1.4229"/>
  </node>
  <node id="43337" lat="-4.52240411381" lon="57.89693136614">
    <tag k="local_x" v="-498.6225"/>
    <tag k="local_y" v="66.6409"/>
    <tag k="ele" v="1.4303"/>
  </node>
  <node id="43338" lat="-4.52239768944" lon="57.89695558389">
    <tag k="local_x" v="-495.9348"/>
    <tag k="local_y" v="67.3478"/>
    <tag k="ele" v="1.4303"/>
  </node>
  <node id="43470" lat="-4.52414070957" lon="57.89623999824">
    <tag k="local_x" v="-575.5627"/>
    <tag k="local_y" v="-125.2458"/>
    <tag k="ele" v="1.2835"/>
  </node>
  <node id="43471" lat="-4.52416710076" lon="57.89624104741">
    <tag k="local_x" v="-575.4499"/>
    <tag k="local_y" v="-128.1635"/>
    <tag k="ele" v="1.2761"/>
  </node>
  <node id="43473" lat="-4.52413828348" lon="57.89626779936">
    <tag k="local_x" v="-572.478"/>
    <tag k="local_y" v="-124.9814"/>
    <tag k="ele" v="1.2835"/>
  </node>
  <node id="43474" lat="-4.52417029939" lon="57.89627019216">
    <tag k="local_x" v="-572.2169"/>
    <tag k="local_y" v="-128.5211"/>
    <tag k="ele" v="1.2761"/>
  </node>
  <node id="43815" lat="-4.522025801" lon="57.89967312927">
    <tag k="local_x" v="-194.3875"/>
    <tag k="local_y" v="108.0875"/>
    <tag k="ele" v="1.7418"/>
  </node>
  <node id="43817" lat="-4.5220271126" lon="57.89963820351">
    <tag k="local_x" v="-198.2625"/>
    <tag k="local_y" v="107.9473"/>
    <tag k="ele" v="1.7418"/>
  </node>
  <node id="43828" lat="-4.52218914925" lon="57.89964524918">
    <tag k="local_x" v="-197.503"/>
    <tag k="local_y" v="90.0331"/>
    <tag k="ele" v="1.7448"/>
  </node>
  <node id="43830" lat="-4.52219154111" lon="57.89961379224">
    <tag k="local_x" v="-200.9933"/>
    <tag k="local_y" v="89.773"/>
    <tag k="ele" v="1.7448"/>
  </node>
  <node id="43834" lat="-4.52199722749" lon="57.89960480671">
    <tag k="local_x" v="-201.9636"/>
    <tag k="local_y" v="111.2557"/>
    <tag k="ele" v="1.8144"/>
  </node>
  <node id="43835" lat="-4.52199525644" lon="57.89963320497">
    <tag k="local_x" v="-198.8127"/>
    <tag k="local_y" v="111.4697"/>
    <tag k="ele" v="1.7923"/>
  </node>
  <node id="43846" lat="-4.52201177361" lon="57.898167327">
    <tag k="local_x" v="-361.446"/>
    <tag k="local_y" v="109.8449"/>
    <tag k="ele" v="0.1255"/>
  </node>
  <node id="43847" lat="-4.52200980042" lon="57.89819312127">
    <tag k="local_x" v="-358.584"/>
    <tag k="local_y" v="110.0595"/>
    <tag k="ele" v="0.1255"/>
  </node>
  <node id="43855" lat="-4.52145613645" lon="57.90130257807">
    <tag k="local_x" v="-13.531"/>
    <tag k="local_y" v="170.8402"/>
    <tag k="ele" v="2.0814"/>
  </node>
  <node id="43873" lat="-4.52258736222" lon="57.89973157267">
    <tag k="local_x" v="-187.9804"/>
    <tag k="local_y" v="45.9986"/>
    <tag k="ele" v="1.8837"/>
  </node>
  <node id="43874" lat="-4.52259382374" lon="57.89970591824">
    <tag k="local_x" v="-190.8275"/>
    <tag k="local_y" v="45.2878"/>
    <tag k="ele" v="1.8837"/>
  </node>
  <node id="43885" lat="-4.52279340377" lon="57.8997483406">
    <tag k="local_x" v="-186.1483"/>
    <tag k="local_y" v="23.2183"/>
    <tag k="ele" v="1.8737"/>
  </node>
  <node id="43886" lat="-4.52278636871" lon="57.89972307692">
    <tag k="local_x" v="-188.9502"/>
    <tag k="local_y" v="23.9995"/>
    <tag k="ele" v="1.8737"/>
  </node>
  <node id="43895" lat="-4.52207032597" lon="57.89827021816">
    <tag k="local_x" v="-350.0388"/>
    <tag k="local_y" v="103.3578"/>
    <tag k="ele" v="1.8108"/>
  </node>
  <node id="43896" lat="-4.52208176089" lon="57.89826849534">
    <tag k="local_x" v="-350.2315"/>
    <tag k="local_y" v="102.0939"/>
    <tag k="ele" v="1.8107"/>
  </node>
  <node id="43897" lat="-4.52209649212" lon="57.8982659906">
    <tag k="local_x" v="-350.5114"/>
    <tag k="local_y" v="100.4657"/>
    <tag k="ele" v="1.8107"/>
  </node>
  <node id="43898" lat="-4.52210861875" lon="57.8982623145">
    <tag k="local_x" v="-350.9209"/>
    <tag k="local_y" v="99.1256"/>
    <tag k="ele" v="1.8107"/>
  </node>
  <node id="43899" lat="-4.52211736115" lon="57.89825956713">
    <tag k="local_x" v="-351.2269"/>
    <tag k="local_y" v="98.1595"/>
    <tag k="ele" v="1.8107"/>
  </node>
  <node id="43900" lat="-4.52212717426" lon="57.89825778824">
    <tag k="local_x" v="-351.4256"/>
    <tag k="local_y" v="97.0749"/>
    <tag k="ele" v="1.8107"/>
  </node>
  <node id="43901" lat="-4.52213525871" lon="57.89825750165">
    <tag k="local_x" v="-351.4585"/>
    <tag k="local_y" v="96.1812"/>
    <tag k="ele" v="1.8107"/>
  </node>
  <node id="43903" lat="-4.52207202122" lon="57.89824316256">
    <tag k="local_x" v="-353.0407"/>
    <tag k="local_y" v="103.1741"/>
    <tag k="ele" v="1.8108"/>
  </node>
  <node id="43904" lat="-4.52208201038" lon="57.8982402013">
    <tag k="local_x" v="-353.3706"/>
    <tag k="local_y" v="102.0702"/>
    <tag k="ele" v="1.8107"/>
  </node>
  <node id="43905" lat="-4.52209331482" lon="57.89823501172">
    <tag k="local_x" v="-353.9479"/>
    <tag k="local_y" v="100.8212"/>
    <tag k="ele" v="1.8107"/>
  </node>
  <node id="43906" lat="-4.52210335341" lon="57.89823012434">
    <tag k="local_x" v="-354.4915"/>
    <tag k="local_y" v="99.7121"/>
    <tag k="ele" v="1.8107"/>
  </node>
  <node id="43907" lat="-4.52211350853" lon="57.89822754996">
    <tag k="local_x" v="-354.7785"/>
    <tag k="local_y" v="98.5898"/>
    <tag k="ele" v="1.8107"/>
  </node>
  <node id="43908" lat="-4.52212486616" lon="57.89822615244">
    <tag k="local_x" v="-354.9351"/>
    <tag k="local_y" v="97.3344"/>
    <tag k="ele" v="1.8107"/>
  </node>
  <node id="43909" lat="-4.52213530859" lon="57.89822604632">
    <tag k="local_x" v="-354.9483"/>
    <tag k="local_y" v="96.18"/>
    <tag k="ele" v="1.8107"/>
  </node>
  <node id="43921" lat="-4.5221682676" lon="57.89826298558">
    <tag k="local_x" v="-350.8546"/>
    <tag k="local_y" v="92.5313"/>
    <tag k="ele" v="1.8108"/>
  </node>
  <node id="43922" lat="-4.52217468732" lon="57.8982680699">
    <tag k="local_x" v="-350.2914"/>
    <tag k="local_y" v="91.8209"/>
    <tag k="ele" v="1.8108"/>
  </node>
  <node id="43924" lat="-4.52217931743" lon="57.89827492047">
    <tag k="local_x" v="-349.532"/>
    <tag k="local_y" v="91.3081"/>
    <tag k="ele" v="1.8108"/>
  </node>
  <node id="43925" lat="-4.52218276197" lon="57.89828369758">
    <tag k="local_x" v="-348.5587"/>
    <tag k="local_y" v="90.9261"/>
    <tag k="ele" v="1.8108"/>
  </node>
  <node id="43926" lat="-4.52218399324" lon="57.89829960976">
    <tag k="local_x" v="-346.7935"/>
    <tag k="local_y" v="90.7878"/>
    <tag k="ele" v="1.8108"/>
  </node>
  <node id="43927" lat="-4.52217648438" lon="57.898230401">
    <tag k="local_x" v="-354.4708"/>
    <tag k="local_y" v="91.6274"/>
    <tag k="ele" v="1.8108"/>
  </node>
  <node id="43928" lat="-4.52218855516" lon="57.89823529038">
    <tag k="local_x" v="-353.93"/>
    <tag k="local_y" v="90.2923"/>
    <tag k="ele" v="1.8108"/>
  </node>
  <node id="43929" lat="-4.52219830865" lon="57.89824219143">
    <tag k="local_x" v="-353.1657"/>
    <tag k="local_y" v="89.2131"/>
    <tag k="ele" v="1.8108"/>
  </node>
  <node id="43930" lat="-4.5222080187" lon="57.89825494941">
    <tag k="local_x" v="-351.7516"/>
    <tag k="local_y" v="88.1379"/>
    <tag k="ele" v="1.8108"/>
  </node>
  <node id="43931" lat="-4.52221296695" lon="57.89827368381">
    <tag k="local_x" v="-349.6738"/>
    <tag k="local_y" v="87.5883"/>
    <tag k="ele" v="1.8108"/>
  </node>
  <node id="43932" lat="-4.52221359951" lon="57.89829679436">
    <tag k="local_x" v="-347.1099"/>
    <tag k="local_y" v="87.5152"/>
    <tag k="ele" v="1.8108"/>
  </node>
  <node id="44176" lat="-4.5237560939" lon="57.89618094089">
    <tag k="local_x" v="-582.0623"/>
    <tag k="local_y" v="-82.7183"/>
    <tag k="ele" v="1.1497"/>
  </node>
  <node id="44177" lat="-4.52372731107" lon="57.89617840515">
    <tag k="local_x" v="-582.3397"/>
    <tag k="local_y" v="-79.536"/>
    <tag k="ele" v="0.9774"/>
  </node>
  <node id="44179" lat="-4.52375888178" lon="57.89614951678">
    <tag k="local_x" v="-585.549"/>
    <tag k="local_y" v="-83.0222"/>
    <tag k="ele" v="1.1497"/>
  </node>
  <node id="44180" lat="-4.52373009985" lon="57.89614698104">
    <tag k="local_x" v="-585.8264"/>
    <tag k="local_y" v="-79.84"/>
    <tag k="ele" v="0.9774"/>
  </node>
  <node id="44221" lat="-4.52377355252" lon="57.89614983407">
    <tag k="local_x" v="-585.5158"/>
    <tag k="local_y" v="-84.6441"/>
    <tag k="ele" v="1.246"/>
  </node>
  <node id="44231" lat="-4.52379373402" lon="57.89617926017">
    <tag k="local_x" v="-582.2539"/>
    <tag k="local_y" v="-86.8792"/>
    <tag k="ele" v="1.246"/>
  </node>
  <node id="44233" lat="-4.52377496985" lon="57.89618134897">
    <tag k="local_x" v="-582.0196"/>
    <tag k="local_y" v="-84.8051"/>
    <tag k="ele" v="1.246"/>
  </node>
  <node id="44262" lat="-4.52245995736" lon="57.89604576712">
    <tag k="local_x" v="-596.8823"/>
    <tag k="local_y" v="60.5886"/>
    <tag k="ele" v="1.3357"/>
  </node>
  <node id="44263" lat="-4.52245761397" lon="57.89607107695">
    <tag k="local_x" v="-594.074"/>
    <tag k="local_y" v="60.8442"/>
    <tag k="ele" v="1.3357"/>
  </node>
  <node id="44279" lat="-4.52241633968" lon="57.89604175749">
    <tag k="local_x" v="-597.3212"/>
    <tag k="local_y" v="65.4111"/>
    <tag k="ele" v="1.3329"/>
  </node>
  <node id="44280" lat="-4.52241399719" lon="57.89606706731">
    <tag k="local_x" v="-594.5129"/>
    <tag k="local_y" v="65.6666"/>
    <tag k="ele" v="1.3329"/>
  </node>
  <node id="44286" lat="-4.52240411909" lon="57.89607165658">
    <tag k="local_x" v="-594.0024"/>
    <tag k="local_y" v="66.758"/>
    <tag k="ele" v="1.3148"/>
  </node>
  <node id="44287" lat="-4.52239625216" lon="57.89607891091">
    <tag k="local_x" v="-593.1965"/>
    <tag k="local_y" v="67.6267"/>
    <tag k="ele" v="1.3163"/>
  </node>
  <node id="44289" lat="-4.52239073249" lon="57.89608842692">
    <tag k="local_x" v="-592.14"/>
    <tag k="local_y" v="68.2356"/>
    <tag k="ele" v="1.3172"/>
  </node>
  <node id="44290" lat="-4.52238630214" lon="57.89610067898">
    <tag k="local_x" v="-590.7801"/>
    <tag k="local_y" v="68.7237"/>
    <tag k="ele" v="1.2273"/>
  </node>
  <node id="44291" lat="-4.52238338348" lon="57.8961149997">
    <tag k="local_x" v="-589.1909"/>
    <tag k="local_y" v="69.0444"/>
    <tag k="ele" v="1.2676"/>
  </node>
  <node id="44292" lat="-4.52238313056" lon="57.89612859539">
    <tag k="local_x" v="-587.6825"/>
    <tag k="local_y" v="69.0705"/>
    <tag k="ele" v="1.3197"/>
  </node>
  <node id="44293" lat="-4.52238425191" lon="57.89614272728">
    <tag k="local_x" v="-586.1148"/>
    <tag k="local_y" v="68.9446"/>
    <tag k="ele" v="1.3124"/>
  </node>
  <node id="44294" lat="-4.52238417904" lon="57.89615921835">
    <tag k="local_x" v="-584.2852"/>
    <tag k="local_y" v="68.9504"/>
    <tag k="ele" v="1.2863"/>
  </node>
  <node id="44296" lat="-4.52239571816" lon="57.89604261097">
    <tag k="local_x" v="-597.2237"/>
    <tag k="local_y" v="67.6907"/>
    <tag k="ele" v="1.3701"/>
  </node>
  <node id="44298" lat="-4.52237927239" lon="57.89605420559">
    <tag k="local_x" v="-595.9351"/>
    <tag k="local_y" v="69.5072"/>
    <tag k="ele" v="1.3839"/>
  </node>
  <node id="44299" lat="-4.52236565587" lon="57.89607256655">
    <tag k="local_x" v="-593.8962"/>
    <tag k="local_y" v="71.01"/>
    <tag k="ele" v="1.3532"/>
  </node>
  <node id="44300" lat="-4.52235717477" lon="57.89609659972">
    <tag k="local_x" v="-591.2287"/>
    <tag k="local_y" v="71.9443"/>
    <tag k="ele" v="1.3436"/>
  </node>
  <node id="44301" lat="-4.52235370158" lon="57.89612044345">
    <tag k="local_x" v="-588.5829"/>
    <tag k="local_y" v="72.325"/>
    <tag k="ele" v="1.3276"/>
  </node>
  <node id="44302" lat="-4.52235428418" lon="57.8961437847">
    <tag k="local_x" v="-585.9934"/>
    <tag k="local_y" v="72.2574"/>
    <tag k="ele" v="1.3181"/>
  </node>
  <node id="44303" lat="-4.52235749793" lon="57.89615926758">
    <tag k="local_x" v="-584.2761"/>
    <tag k="local_y" v="71.9"/>
    <tag k="ele" v="1.313"/>
  </node>
  <node id="44315" lat="-4.52218212433" lon="57.89832519415">
    <tag k="local_x" v="-343.9548"/>
    <tag k="local_y" v="90.9909"/>
    <tag k="ele" v="1.7551"/>
  </node>
  <node id="44316" lat="-4.52221145515" lon="57.89832785592">
    <tag k="local_x" v="-343.6635"/>
    <tag k="local_y" v="87.748"/>
    <tag k="ele" v="1.7608"/>
  </node>
  <node id="44322" lat="-4.52212323555" lon="57.89818433219">
    <tag k="local_x" v="-359.5746"/>
    <tag k="local_y" v="97.5204"/>
    <tag k="ele" v="1.8107"/>
  </node>
  <node id="44323" lat="-4.52211207154" lon="57.89821558725">
    <tag k="local_x" v="-356.1055"/>
    <tag k="local_y" v="98.7503"/>
    <tag k="ele" v="1.8107"/>
  </node>
  <node id="44334" lat="-4.52215998151" lon="57.89825957096">
    <tag k="local_x" v="-351.2323"/>
    <tag k="local_y" v="93.4478"/>
    <tag k="ele" v="1.811"/>
  </node>
  <node id="44335" lat="-4.52216296883" lon="57.89822785065">
    <tag k="local_x" v="-354.7519"/>
    <tag k="local_y" v="93.1219"/>
    <tag k="ele" v="1.811"/>
  </node>
  <node id="44341" lat="-4.52214471152" lon="57.89825813973">
    <tag k="local_x" v="-351.389"/>
    <tag k="local_y" v="95.1361"/>
    <tag k="ele" v="1.8112"/>
  </node>
  <node id="44342" lat="-4.52214757758" lon="57.89822646794">
    <tag k="local_x" v="-354.9032"/>
    <tag k="local_y" v="94.8236"/>
    <tag k="ele" v="1.8112"/>
  </node>
  <node id="44369" lat="-4.52225600434" lon="57.89818543403">
    <tag k="local_x" v="-359.4705"/>
    <tag k="local_y" v="82.8426"/>
    <tag k="ele" v="1.7517"/>
  </node>
  <node id="44370" lat="-4.52222597817" lon="57.8981818304">
    <tag k="local_x" v="-359.8662"/>
    <tag k="local_y" v="86.1625"/>
    <tag k="ele" v="1.7315"/>
  </node>
  <node id="44441" lat="-4.52158587522" lon="57.89815900218">
    <tag k="local_x" v="-362.3114"/>
    <tag k="local_y" v="156.9293"/>
    <tag k="ele" v="1.7151"/>
  </node>
  <node id="44442" lat="-4.52157054997" lon="57.89818316927">
    <tag k="local_x" v="-359.6281"/>
    <tag k="local_y" v="158.6202"/>
    <tag k="ele" v="1.7151"/>
  </node>
  <node id="44448" lat="-4.52170724168" lon="57.89824128552">
    <tag k="local_x" v="-353.1991"/>
    <tag k="local_y" v="143.5009"/>
    <tag k="ele" v="0.0506"/>
  </node>
  <node id="44449" lat="-4.52170958236" lon="57.89821092547">
    <tag k="local_x" v="-356.5677"/>
    <tag k="local_y" v="143.2463"/>
    <tag k="ele" v="0.0506"/>
  </node>
  <node id="44456" lat="-4.52164935713" lon="57.89822862324">
    <tag k="local_x" v="-354.596"/>
    <tag k="local_y" v="149.9018"/>
    <tag k="ele" v="1.7203"/>
  </node>
  <node id="44458" lat="-4.52166130813" lon="57.89823380902">
    <tag k="local_x" v="-354.0223"/>
    <tag k="local_y" v="148.5799"/>
    <tag k="ele" v="1.7203"/>
  </node>
  <node id="44459" lat="-4.52167490041" lon="57.89823794674">
    <tag k="local_x" v="-353.5651"/>
    <tag k="local_y" v="147.0767"/>
    <tag k="ele" v="1.7203"/>
  </node>
  <node id="44463" lat="-4.52165883215" lon="57.89820041449">
    <tag k="local_x" v="-357.7269"/>
    <tag k="local_y" v="148.8582"/>
    <tag k="ele" v="1.7203"/>
  </node>
  <node id="44465" lat="-4.52167458584" lon="57.89820641617">
    <tag k="local_x" v="-357.0632"/>
    <tag k="local_y" v="147.1158"/>
    <tag k="ele" v="1.7203"/>
  </node>
  <node id="44470" lat="-4.52162994302" lon="57.89821796428">
    <tag k="local_x" v="-355.7759"/>
    <tag k="local_y" v="152.0495"/>
    <tag k="ele" v="1.7177"/>
  </node>
  <node id="44471" lat="-4.52164443925" lon="57.89819342391">
    <tag k="local_x" v="-358.5005"/>
    <tag k="local_y" v="150.4503"/>
    <tag k="ele" v="1.7177"/>
  </node>
  <node id="44477" lat="-4.52165359403" lon="57.89828410755">
    <tag k="local_x" v="-348.4409"/>
    <tag k="local_y" v="149.4258"/>
    <tag k="ele" v="1.8196"/>
  </node>
  <node id="44478" lat="-4.52162178734" lon="57.89828151034">
    <tag k="local_x" v="-348.7247"/>
    <tag k="local_y" v="152.9424"/>
    <tag k="ele" v="1.8196"/>
  </node>
  <node id="44484" lat="-4.5216517646" lon="57.89829609418">
    <tag k="local_x" v="-347.1108"/>
    <tag k="local_y" v="149.6264"/>
    <tag k="ele" v="1.8179"/>
  </node>
  <node id="44485" lat="-4.52162067142" lon="57.89829365198">
    <tag k="local_x" v="-347.3775"/>
    <tag k="local_y" v="153.0641"/>
    <tag k="ele" v="1.8179"/>
  </node>
  <node id="44491" lat="-4.52165568785" lon="57.89827409612">
    <tag k="local_x" v="-349.5519"/>
    <tag k="local_y" v="149.1957"/>
    <tag k="ele" v="1.8212"/>
  </node>
  <node id="44492" lat="-4.52166038741" lon="57.89826287557">
    <tag k="local_x" v="-350.7974"/>
    <tag k="local_y" v="148.6777"/>
    <tag k="ele" v="1.8212"/>
  </node>
  <node id="44493" lat="-4.52166893937" lon="57.89825250073">
    <tag k="local_x" v="-351.9496"/>
    <tag k="local_y" v="147.7337"/>
    <tag k="ele" v="1.8212"/>
  </node>
  <node id="44496" lat="-4.52167803842" lon="57.89824517944">
    <tag k="local_x" v="-352.7631"/>
    <tag k="local_y" v="146.7288"/>
    <tag k="ele" v="1.8212"/>
  </node>
  <node id="44499" lat="-4.5216240419" lon="57.8982644298">
    <tag k="local_x" v="-350.62"/>
    <tag k="local_y" v="152.6955"/>
    <tag k="ele" v="1.8212"/>
  </node>
  <node id="44500" lat="-4.52162774699" lon="57.89825057609">
    <tag k="local_x" v="-352.1575"/>
    <tag k="local_y" v="152.2878"/>
    <tag k="ele" v="1.8212"/>
  </node>
  <node id="44501" lat="-4.52163474763" lon="57.89823800274">
    <tag k="local_x" v="-353.5534"/>
    <tag k="local_y" v="151.5156"/>
    <tag k="ele" v="1.8212"/>
  </node>
  <node id="44502" lat="-4.52164222033" lon="57.8982291778">
    <tag k="local_x" v="-354.5335"/>
    <tag k="local_y" v="150.6907"/>
    <tag k="ele" v="1.8212"/>
  </node>
  <node id="44503" lat="-4.52165109968" lon="57.89822177151">
    <tag k="local_x" v="-355.3564"/>
    <tag k="local_y" v="149.7101"/>
    <tag k="ele" v="1.8212"/>
  </node>
  <node id="44504" lat="-4.52166111945" lon="57.89821600258">
    <tag k="local_x" v="-355.9978"/>
    <tag k="local_y" v="148.6032"/>
    <tag k="ele" v="1.8212"/>
  </node>
  <node id="44505" lat="-4.52167197914" lon="57.8982120419">
    <tag k="local_x" v="-356.4387"/>
    <tag k="local_y" v="147.4032"/>
    <tag k="ele" v="1.8212"/>
  </node>
  <node id="44506" lat="-4.52168204472" lon="57.89821018669">
    <tag k="local_x" v="-356.6459"/>
    <tag k="local_y" v="146.2907"/>
    <tag k="ele" v="1.8212"/>
  </node>
  <node id="44531" lat="-4.52163622998" lon="57.89841100278">
    <tag k="local_x" v="-334.3602"/>
    <tag k="local_y" v="151.328"/>
    <tag k="ele" v="1.8393"/>
  </node>
  <node id="44532" lat="-4.52162742483" lon="57.8983884987">
    <tag k="local_x" v="-336.8557"/>
    <tag k="local_y" v="152.3045"/>
    <tag k="ele" v="1.827"/>
  </node>
  <node id="44534" lat="-4.52166572757" lon="57.89839954418">
    <tag k="local_x" v="-335.6355"/>
    <tag k="local_y" v="148.0686"/>
    <tag k="ele" v="1.8393"/>
  </node>
  <node id="44535" lat="-4.52165692242" lon="57.8983770392">
    <tag k="local_x" v="-338.1311"/>
    <tag k="local_y" v="149.0451"/>
    <tag k="ele" v="1.827"/>
  </node>
  <node id="44538" lat="-4.52167562041" lon="57.89843775655">
    <tag k="local_x" v="-331.3974"/>
    <tag k="local_y" v="146.9697"/>
    <tag k="ele" v="1.8909"/>
  </node>
  <node id="44539" lat="-4.52167397644" lon="57.89842347801">
    <tag k="local_x" v="-332.9813"/>
    <tag k="local_y" v="147.1534"/>
    <tag k="ele" v="1.8909"/>
  </node>
  <node id="44540" lat="-4.5216702707" lon="57.89840941687">
    <tag k="local_x" v="-334.5408"/>
    <tag k="local_y" v="147.565"/>
    <tag k="ele" v="1.8909"/>
  </node>
  <node id="44541" lat="-4.52164733223" lon="57.89843901063">
    <tag k="local_x" v="-331.2544"/>
    <tag k="local_y" v="150.0968"/>
    <tag k="ele" v="1.8909"/>
  </node>
  <node id="44542" lat="-4.5216447408" lon="57.89843013814">
    <tag k="local_x" v="-332.2384"/>
    <tag k="local_y" v="150.3845"/>
    <tag k="ele" v="1.8909"/>
  </node>
  <node id="44543" lat="-4.52164051037" lon="57.89841975657">
    <tag k="local_x" v="-333.3896"/>
    <tag k="local_y" v="150.8536"/>
    <tag k="ele" v="1.8909"/>
  </node>
  <node id="44548" lat="-4.52165222784" lon="57.89836236753">
    <tag k="local_x" v="-339.7582"/>
    <tag k="local_y" v="149.5661"/>
    <tag k="ele" v="1.827"/>
  </node>
  <node id="44550" lat="-4.52164946964" lon="57.8983472052">
    <tag k="local_x" v="-341.44"/>
    <tag k="local_y" v="149.8731"/>
    <tag k="ele" v="1.827"/>
  </node>
  <node id="44552" lat="-4.52164874583" lon="57.89833128734">
    <tag k="local_x" v="-343.2059"/>
    <tag k="local_y" v="149.9553"/>
    <tag k="ele" v="1.827"/>
  </node>
  <node id="44554" lat="-4.5216215629" lon="57.8983698272">
    <tag k="local_x" v="-338.9264"/>
    <tag k="local_y" v="152.9551"/>
    <tag k="ele" v="1.827"/>
  </node>
  <node id="44556" lat="-4.52161827159" lon="57.89835054864">
    <tag k="local_x" v="-341.0648"/>
    <tag k="local_y" v="153.3216"/>
    <tag k="ele" v="1.827"/>
  </node>
  <node id="44558" lat="-4.52161755705" lon="57.89833153285">
    <tag k="local_x" v="-343.1744"/>
    <tag k="local_y" v="153.4032"/>
    <tag k="ele" v="1.827"/>
  </node>
  <node id="44562" lat="-4.52158040654" lon="57.8982564685">
    <tag k="local_x" v="-351.4973"/>
    <tag k="local_y" v="157.5205"/>
    <tag k="ele" v="1.8089"/>
  </node>
  <node id="44565" lat="-4.52161197192" lon="57.89825889776">
    <tag k="local_x" v="-351.2321"/>
    <tag k="local_y" v="154.0306"/>
    <tag k="ele" v="1.8089"/>
  </node>
  <node id="44569" lat="-4.52159863083" lon="57.89837602639">
    <tag k="local_x" v="-338.2355"/>
    <tag k="local_y" v="155.4894"/>
    <tag k="ele" v="1.8157"/>
  </node>
  <node id="44570" lat="-4.52158868592" lon="57.89835133964">
    <tag k="local_x" v="-340.973"/>
    <tag k="local_y" v="156.5922"/>
    <tag k="ele" v="1.7815"/>
  </node>
  <node id="44572" lat="-4.52162801209" lon="57.8983642747">
    <tag k="local_x" v="-339.5433"/>
    <tag k="local_y" v="152.2429"/>
    <tag k="ele" v="1.8157"/>
  </node>
  <node id="44573" lat="-4.52161806718" lon="57.89833958795">
    <tag k="local_x" v="-342.2808"/>
    <tag k="local_y" v="153.3457"/>
    <tag k="ele" v="1.7815"/>
  </node>
  <node id="44576" lat="-4.52163785778" lon="57.89843321318">
    <tag k="local_x" v="-331.8963"/>
    <tag k="local_y" v="151.145"/>
    <tag k="ele" v="1.8904"/>
  </node>
  <node id="44578" lat="-4.52163817035" lon="57.89841603832">
    <tag k="local_x" v="-333.8018"/>
    <tag k="local_y" v="151.1128"/>
    <tag k="ele" v="1.8904"/>
  </node>
  <node id="44580" lat="-4.52163669233" lon="57.89839851152">
    <tag k="local_x" v="-335.7461"/>
    <tag k="local_y" v="151.2786"/>
    <tag k="ele" v="1.8904"/>
  </node>
  <node id="44582" lat="-4.52163342035" lon="57.89838114836">
    <tag k="local_x" v="-337.672"/>
    <tag k="local_y" v="151.6427"/>
    <tag k="ele" v="1.8904"/>
  </node>
  <node id="44584" lat="-4.52161129729" lon="57.89843229534">
    <tag k="local_x" v="-331.9945"/>
    <tag k="local_y" v="154.0814"/>
    <tag k="ele" v="1.8904"/>
  </node>
  <node id="44586" lat="-4.52161046724" lon="57.89841816383">
    <tag k="local_x" v="-333.5622"/>
    <tag k="local_y" v="154.1751"/>
    <tag k="ele" v="1.8904"/>
  </node>
  <node id="44588" lat="-4.52160782396" lon="57.89840370109">
    <tag k="local_x" v="-335.1664"/>
    <tag k="local_y" v="154.4693"/>
    <tag k="ele" v="1.8904"/>
  </node>
  <node id="44590" lat="-4.52160373919" lon="57.8983896557">
    <tag k="local_x" v="-336.7241"/>
    <tag k="local_y" v="154.9228"/>
    <tag k="ele" v="1.8904"/>
  </node>
  <node id="44596" lat="-4.52161320543" lon="57.89832478087">
    <tag k="local_x" v="-343.9229"/>
    <tag k="local_y" v="153.8852"/>
    <tag k="ele" v="1.7815"/>
  </node>
  <node id="44598" lat="-4.52161032801" lon="57.89830946787">
    <tag k="local_x" v="-345.6214"/>
    <tag k="local_y" v="154.2054"/>
    <tag k="ele" v="1.7815"/>
  </node>
  <node id="44600" lat="-4.52160948047" lon="57.89829339483">
    <tag k="local_x" v="-347.4045"/>
    <tag k="local_y" v="154.3013"/>
    <tag k="ele" v="1.7815"/>
  </node>
  <node id="44602" lat="-4.52158253551" lon="57.89833260558">
    <tag k="local_x" v="-343.0506"/>
    <tag k="local_y" v="157.2747"/>
    <tag k="ele" v="1.7815"/>
  </node>
  <node id="44604" lat="-4.52157889425" lon="57.89831323105">
    <tag k="local_x" v="-345.1996"/>
    <tag k="local_y" v="157.6799"/>
    <tag k="ele" v="1.7815"/>
  </node>
  <node id="44606" lat="-4.52157782803" lon="57.8982940652">
    <tag k="local_x" v="-347.3258"/>
    <tag k="local_y" v="157.8004"/>
    <tag k="ele" v="1.7815"/>
  </node>
  <node id="44664" lat="-4.52161426911" lon="57.89823077842">
    <tag k="local_x" v="-354.3521"/>
    <tag k="local_y" v="153.7805"/>
    <tag k="ele" v="1.7501"/>
  </node>
  <node id="44665" lat="-4.52158271477" lon="57.89822820316">
    <tag k="local_x" v="-354.6335"/>
    <tag k="local_y" v="157.2692"/>
    <tag k="ele" v="1.7501"/>
  </node>
  <node id="44686" lat="-4.52161725793" lon="57.89829630315">
    <tag k="local_x" v="-347.0829"/>
    <tag k="local_y" v="153.4411"/>
    <tag k="ele" v="1.3099"/>
  </node>
  <node id="44687" lat="-4.52161475105" lon="57.89828854754">
    <tag k="local_x" v="-347.943"/>
    <tag k="local_y" v="153.7193"/>
    <tag k="ele" v="1.3099"/>
  </node>
  <node id="44688" lat="-4.52161309568" lon="57.89828126979">
    <tag k="local_x" v="-348.7502"/>
    <tag k="local_y" v="153.9033"/>
    <tag k="ele" v="1.3099"/>
  </node>
  <node id="44689" lat="-4.52161207998" lon="57.89827387566">
    <tag k="local_x" v="-349.5704"/>
    <tag k="local_y" v="154.0166"/>
    <tag k="ele" v="1.3099"/>
  </node>
  <node id="44690" lat="-4.52161169387" lon="57.89826573778">
    <tag k="local_x" v="-350.4732"/>
    <tag k="local_y" v="154.0604"/>
    <tag k="ele" v="1.3099"/>
  </node>
  <node id="44691" lat="-4.52158710501" lon="57.89830591949">
    <tag k="local_x" v="-346.0119"/>
    <tag k="local_y" v="156.7732"/>
    <tag k="ele" v="1.3099"/>
  </node>
  <node id="44692" lat="-4.52158420808" lon="57.89829685013">
    <tag k="local_x" v="-347.0177"/>
    <tag k="local_y" v="157.0947"/>
    <tag k="ele" v="1.3099"/>
  </node>
  <node id="44693" lat="-4.52158194454" lon="57.89828690002">
    <tag k="local_x" v="-348.1213"/>
    <tag k="local_y" v="157.3463"/>
    <tag k="ele" v="1.3099"/>
  </node>
  <node id="44694" lat="-4.52158055682" lon="57.89827679146">
    <tag k="local_x" v="-349.2426"/>
    <tag k="local_y" v="157.5011"/>
    <tag k="ele" v="1.3099"/>
  </node>
  <node id="44695" lat="-4.52158007291" lon="57.89826728611">
    <tag k="local_x" v="-350.2971"/>
    <tag k="local_y" v="157.5559"/>
    <tag k="ele" v="1.3099"/>
  </node>
  <node id="44738" lat="-4.52169833032" lon="57.89956643433">
    <tag k="local_x" v="-206.1799"/>
    <tag k="local_y" v="144.3042"/>
    <tag k="ele" v="1.9169"/>
  </node>
  <node id="44739" lat="-4.521696114" lon="57.89959202727">
    <tag k="local_x" v="-203.3402"/>
    <tag k="local_y" v="144.5457"/>
    <tag k="ele" v="1.9169"/>
  </node>
  <node id="44846" lat="-4.52156801763" lon="57.89950768036">
    <tag k="local_x" v="-212.6805"/>
    <tag k="local_y" v="158.7184"/>
    <tag k="ele" v="1.085"/>
  </node>
  <node id="44847" lat="-4.52154384469" lon="57.89951591413">
    <tag k="local_x" v="-211.7637"/>
    <tag k="local_y" v="161.3896"/>
    <tag k="ele" v="1.085"/>
  </node>
  <node id="44855" lat="-4.52262212469" lon="57.89745623622">
    <tag k="local_x" v="-440.4209"/>
    <tag k="local_y" v="42.4678"/>
    <tag k="ele" v="1.634"/>
  </node>
  <node id="44856" lat="-4.52263296853" lon="57.8974614026">
    <tag k="local_x" v="-439.8492"/>
    <tag k="local_y" v="41.2683"/>
    <tag k="ele" v="1.6324"/>
  </node>
  <node id="44858" lat="-4.52264124521" lon="57.89746804224">
    <tag k="local_x" v="-439.1137"/>
    <tag k="local_y" v="40.3524"/>
    <tag k="ele" v="1.6313"/>
  </node>
  <node id="44860" lat="-4.52264385543" lon="57.89747270364">
    <tag k="local_x" v="-438.5969"/>
    <tag k="local_y" v="40.0632"/>
    <tag k="ele" v="1.6313"/>
  </node>
  <node id="44862" lat="-4.52264072196" lon="57.89747712994">
    <tag k="local_x" v="-438.1054"/>
    <tag k="local_y" v="40.409"/>
    <tag k="ele" v="1.6262"/>
  </node>
  <node id="44864" lat="-4.52263458519" lon="57.89747802554">
    <tag k="local_x" v="-438.0052"/>
    <tag k="local_y" v="41.0873"/>
    <tag k="ele" v="1.6919"/>
  </node>
  <node id="44865" lat="-4.52262564256" lon="57.89743068178">
    <tag k="local_x" v="-443.2565"/>
    <tag k="local_y" v="42.0824"/>
    <tag k="ele" v="1.634"/>
  </node>
  <node id="44866" lat="-4.52263858323" lon="57.8974336199">
    <tag k="local_x" v="-442.9323"/>
    <tag k="local_y" v="40.6514"/>
    <tag k="ele" v="1.6324"/>
  </node>
  <node id="44867" lat="-4.52265073597" lon="57.89743734302">
    <tag k="local_x" v="-442.5209"/>
    <tag k="local_y" v="39.3074"/>
    <tag k="ele" v="1.6313"/>
  </node>
  <node id="44868" lat="-4.52266082321" lon="57.89744282485">
    <tag k="local_x" v="-441.9141"/>
    <tag k="local_y" v="38.1915"/>
    <tag k="ele" v="1.6313"/>
  </node>
  <node id="44870" lat="-4.52266847275" lon="57.89744822345">
    <tag k="local_x" v="-441.3162"/>
    <tag k="local_y" v="37.3451"/>
    <tag k="ele" v="1.6313"/>
  </node>
  <node id="44872" lat="-4.52267599824" lon="57.89745590864">
    <tag k="local_x" v="-440.4646"/>
    <tag k="local_y" v="36.5121"/>
    <tag k="ele" v="1.6313"/>
  </node>
  <node id="44874" lat="-4.52268293196" lon="57.89746593841">
    <tag k="local_x" v="-439.3528"/>
    <tag k="local_y" v="35.7442"/>
    <tag k="ele" v="1.6313"/>
  </node>
  <node id="44876" lat="-4.52268492183" lon="57.89747921058">
    <tag k="local_x" v="-437.8806"/>
    <tag k="local_y" v="35.5224"/>
    <tag k="ele" v="1.6262"/>
  </node>
  <node id="44878" lat="-4.5226815964" lon="57.89749401031">
    <tag k="local_x" v="-436.2382"/>
    <tag k="local_y" v="35.888"/>
    <tag k="ele" v="1.6262"/>
  </node>
  <node id="44880" lat="-4.52267079162" lon="57.89750767324">
    <tag k="local_x" v="-434.7209"/>
    <tag k="local_y" v="37.0806"/>
    <tag k="ele" v="1.6262"/>
  </node>
  <node id="44882" lat="-4.52265511865" lon="57.89751390574">
    <tag k="local_x" v="-434.0273"/>
    <tag k="local_y" v="38.8124"/>
    <tag k="ele" v="1.6262"/>
  </node>
  <node id="44883" lat="-4.52263950861" lon="57.89751461301">
    <tag k="local_x" v="-433.9467"/>
    <tag k="local_y" v="40.538"/>
    <tag k="ele" v="1.6919"/>
  </node>
  <node id="44884" lat="-4.52262597966" lon="57.89747616447">
    <tag k="local_x" v="-438.2105"/>
    <tag k="local_y" v="42.0389"/>
    <tag k="ele" v="1.7026"/>
  </node>
  <node id="44885" lat="-4.52261576876" lon="57.89747338565">
    <tag k="local_x" v="-438.5174"/>
    <tag k="local_y" v="43.1681"/>
    <tag k="ele" v="1.7079"/>
  </node>
  <node id="44886" lat="-4.52260456985" lon="57.8974700612">
    <tag k="local_x" v="-438.8847"/>
    <tag k="local_y" v="44.4066"/>
    <tag k="ele" v="1.7106"/>
  </node>
  <node id="44887" lat="-4.52259271314" lon="57.89746688195">
    <tag k="local_x" v="-439.2358"/>
    <tag k="local_y" v="45.7178"/>
    <tag k="ele" v="1.7132"/>
  </node>
  <node id="44888" lat="-4.52262053591" lon="57.89751125646">
    <tag k="local_x" v="-434.3165"/>
    <tag k="local_y" v="42.6359"/>
    <tag k="ele" v="1.7026"/>
  </node>
  <node id="44889" lat="-4.52260564534" lon="57.89750365504">
    <tag k="local_x" v="-435.1578"/>
    <tag k="local_y" v="44.2831"/>
    <tag k="ele" v="1.7079"/>
  </node>
  <node id="44890" lat="-4.52259517241" lon="57.89749772838">
    <tag k="local_x" v="-435.8139"/>
    <tag k="local_y" v="45.4417"/>
    <tag k="ele" v="1.7106"/>
  </node>
  <node id="44891" lat="-4.52258691383" lon="57.89749181165">
    <tag k="local_x" v="-436.4692"/>
    <tag k="local_y" v="46.3555"/>
    <tag k="ele" v="1.7132"/>
  </node>
  <node id="44898" lat="-4.52259844378" lon="57.89745064662">
    <tag k="local_x" v="-441.0378"/>
    <tag k="local_y" v="45.0865"/>
    <tag k="ele" v="1.6425"/>
  </node>
  <node id="44899" lat="-4.52260053987" lon="57.89742640011">
    <tag k="local_x" v="-443.7281"/>
    <tag k="local_y" v="44.8581"/>
    <tag k="ele" v="1.6425"/>
  </node>
  <node id="44905" lat="-4.52253785526" lon="57.89746150186">
    <tag k="local_x" v="-439.8252"/>
    <tag k="local_y" v="51.7831"/>
    <tag k="ele" v="1.4961"/>
  </node>
  <node id="44906" lat="-4.52253610376" lon="57.89748579387">
    <tag k="local_x" v="-437.1299"/>
    <tag k="local_y" v="51.9734"/>
    <tag k="ele" v="1.4961"/>
  </node>
  <node id="44923" lat="-4.52258258183" lon="57.89746484414">
    <tag k="local_x" v="-439.4605"/>
    <tag k="local_y" v="46.8381"/>
    <tag k="ele" v="1.7132"/>
  </node>
  <node id="44926" lat="-4.52257877545" lon="57.89748890198">
    <tag k="local_x" v="-436.7909"/>
    <tag k="local_y" v="47.2556"/>
    <tag k="ele" v="1.7132"/>
  </node>
  <node id="44930" lat="-4.52263391893" lon="57.8969361024">
    <tag k="local_x" v="-498.1284"/>
    <tag k="local_y" v="41.2352"/>
    <tag k="ele" v="1.634"/>
  </node>
  <node id="44931" lat="-4.52264036663" lon="57.89693905595">
    <tag k="local_x" v="-497.8016"/>
    <tag k="local_y" v="40.522"/>
    <tag k="ele" v="1.6324"/>
  </node>
  <node id="44932" lat="-4.5226398341" lon="57.89694468695">
    <tag k="local_x" v="-497.1768"/>
    <tag k="local_y" v="40.5801"/>
    <tag k="ele" v="1.6313"/>
  </node>
  <node id="44933" lat="-4.52263237506" lon="57.89694687888">
    <tag k="local_x" v="-496.9326"/>
    <tag k="local_y" v="41.4044"/>
    <tag k="ele" v="1.6313"/>
  </node>
  <node id="44939" lat="-4.52262528307" lon="57.89694850251">
    <tag k="local_x" v="-496.7515"/>
    <tag k="local_y" v="42.1882"/>
    <tag k="ele" v="1.6919"/>
  </node>
  <node id="44940" lat="-4.5226509136" lon="57.89691224286">
    <tag k="local_x" v="-500.7778"/>
    <tag k="local_y" v="39.3597"/>
    <tag k="ele" v="1.634"/>
  </node>
  <node id="44942" lat="-4.5226668883" lon="57.89691655114">
    <tag k="local_x" v="-500.302"/>
    <tag k="local_y" v="37.5931"/>
    <tag k="ele" v="1.6313"/>
  </node>
  <node id="44945" lat="-4.52268231064" lon="57.89692351684">
    <tag k="local_x" v="-499.5313"/>
    <tag k="local_y" v="35.8872"/>
    <tag k="ele" v="1.6313"/>
  </node>
  <node id="44947" lat="-4.52269218593" lon="57.89693288594">
    <tag k="local_x" v="-498.4932"/>
    <tag k="local_y" v="34.7942"/>
    <tag k="ele" v="1.6313"/>
  </node>
  <node id="44949" lat="-4.52270001451" lon="57.89694344771">
    <tag k="local_x" v="-497.3225"/>
    <tag k="local_y" v="33.9273"/>
    <tag k="ele" v="1.6313"/>
  </node>
  <node id="44951" lat="-4.52270110791" lon="57.89695895594">
    <tag k="local_x" v="-495.6021"/>
    <tag k="local_y" v="33.8043"/>
    <tag k="ele" v="1.6262"/>
  </node>
  <node id="44954" lat="-4.52269445785" lon="57.89697112865">
    <tag k="local_x" v="-494.2507"/>
    <tag k="local_y" v="34.5378"/>
    <tag k="ele" v="1.6262"/>
  </node>
  <node id="44956" lat="-4.52268631869" lon="57.89698052876">
    <tag k="local_x" v="-493.2067"/>
    <tag k="local_y" v="35.4363"/>
    <tag k="ele" v="1.6262"/>
  </node>
  <node id="44957" lat="-4.52267031456" lon="57.89698463997">
    <tag k="local_x" v="-492.7484"/>
    <tag k="local_y" v="37.205"/>
    <tag k="ele" v="1.6262"/>
  </node>
  <node id="44958" lat="-4.52264893817" lon="57.89698441177">
    <tag k="local_x" v="-492.7708"/>
    <tag k="local_y" v="39.5682"/>
    <tag k="ele" v="1.6919"/>
  </node>
  <node id="44996" lat="-4.52262602002" lon="57.89693338772">
    <tag k="local_x" v="-498.4285"/>
    <tag k="local_y" v="42.1088"/>
    <tag k="ele" v="1.6278"/>
  </node>
  <node id="44999" lat="-4.52263450785" lon="57.89690904811">
    <tag k="local_x" v="-501.13"/>
    <tag k="local_y" v="41.1738"/>
    <tag k="ele" v="1.6278"/>
  </node>
  <node id="45013" lat="-4.52261489982" lon="57.89694830226">
    <tag k="local_x" v="-496.7723"/>
    <tag k="local_y" v="43.3361"/>
    <tag k="ele" v="1.646"/>
  </node>
  <node id="45014" lat="-4.52262729423" lon="57.89698256532">
    <tag k="local_x" v="-492.9727"/>
    <tag k="local_y" v="41.9612"/>
    <tag k="ele" v="1.646"/>
  </node>
  <node id="45027" lat="-4.52255328325" lon="57.8969259396">
    <tag k="local_x" v="-499.2449"/>
    <tag k="local_y" v="50.1509"/>
    <tag k="ele" v="1.6189"/>
  </node>
  <node id="45028" lat="-4.52255519571" lon="57.89690167393">
    <tag k="local_x" v="-501.9373"/>
    <tag k="local_y" v="49.9428"/>
    <tag k="ele" v="1.6189"/>
  </node>
  <node id="45088" lat="-4.52232527196" lon="57.89653843256">
    <tag k="local_x" v="-542.2055"/>
    <tag k="local_y" v="75.4107"/>
    <tag k="ele" v="1.3733"/>
  </node>
  <node id="45089" lat="-4.52232280924" lon="57.8965665914">
    <tag k="local_x" v="-539.0811"/>
    <tag k="local_y" v="75.6791"/>
    <tag k="ele" v="1.3748"/>
  </node>
  <node id="45091" lat="-4.52232723302" lon="57.89657936901">
    <tag k="local_x" v="-537.6641"/>
    <tag k="local_y" v="75.1883"/>
    <tag k="ele" v="1.3748"/>
  </node>
  <node id="45093" lat="-4.52233724903" lon="57.89658979105">
    <tag k="local_x" v="-536.5092"/>
    <tag k="local_y" v="74.0796"/>
    <tag k="ele" v="1.3748"/>
  </node>
  <node id="45095" lat="-4.52235031697" lon="57.89659515214">
    <tag k="local_x" v="-535.9162"/>
    <tag k="local_y" v="72.6342"/>
    <tag k="ele" v="1.3748"/>
  </node>
  <node id="45097" lat="-4.52236197754" lon="57.89659602456">
    <tag k="local_x" v="-535.821"/>
    <tag k="local_y" v="71.345"/>
    <tag k="ele" v="1.3702"/>
  </node>
  <node id="45099" lat="-4.52237378176" lon="57.89659337828">
    <tag k="local_x" v="-536.1162"/>
    <tag k="local_y" v="70.0404"/>
    <tag k="ele" v="1.3702"/>
  </node>
  <node id="45101" lat="-4.52238549737" lon="57.89658852538">
    <tag k="local_x" v="-536.6562"/>
    <tag k="local_y" v="68.7459"/>
    <tag k="ele" v="1.3702"/>
  </node>
  <node id="45102" lat="-4.52239128459" lon="57.89658136494">
    <tag k="local_x" v="-537.4514"/>
    <tag k="local_y" v="68.1071"/>
    <tag k="ele" v="1.3702"/>
  </node>
  <node id="45104" lat="-4.52239458174" lon="57.89657040313">
    <tag k="local_x" v="-538.668"/>
    <tag k="local_y" v="67.7441"/>
    <tag k="ele" v="1.3702"/>
  </node>
  <node id="45105" lat="-4.52239761884" lon="57.89654298591">
    <tag k="local_x" v="-541.7102"/>
    <tag k="local_y" v="67.4121"/>
    <tag k="ele" v="1.4739"/>
  </node>
  <node id="45106" lat="-4.52235699761" lon="57.89651956569">
    <tag k="local_x" v="-544.303"/>
    <tag k="local_y" v="71.906"/>
    <tag k="ele" v="1.3733"/>
  </node>
  <node id="45107" lat="-4.52236001349" lon="57.89652608618">
    <tag k="local_x" v="-543.58"/>
    <tag k="local_y" v="71.5717"/>
    <tag k="ele" v="1.3748"/>
  </node>
  <node id="45112" lat="-4.52236423296" lon="57.89652635005">
    <tag k="local_x" v="-543.5513"/>
    <tag k="local_y" v="71.1052"/>
    <tag k="ele" v="1.3702"/>
  </node>
  <node id="45113" lat="-4.52236817116" lon="57.89652072504">
    <tag k="local_x" v="-544.1759"/>
    <tag k="local_y" v="70.6706"/>
    <tag k="ele" v="1.4739"/>
  </node>
  <node id="45187" lat="-4.52233243871" lon="57.89645378991">
    <tag k="local_x" v="-551.5971"/>
    <tag k="local_y" v="74.63"/>
    <tag k="ele" v="1.3705"/>
  </node>
  <node id="45188" lat="-4.52235933253" lon="57.89645581406">
    <tag k="local_x" v="-551.3762"/>
    <tag k="local_y" v="71.6566"/>
    <tag k="ele" v="1.3705"/>
  </node>
  <node id="45200" lat="-4.52181234399" lon="57.89668156763">
    <tag k="local_x" v="-526.2555"/>
    <tag k="local_y" v="132.0955"/>
    <tag k="ele" v="2.9298"/>
  </node>
  <node id="45201" lat="-4.52181205764" lon="57.89666736738">
    <tag k="local_x" v="-527.8309"/>
    <tag k="local_y" v="132.1291"/>
    <tag k="ele" v="2.9298"/>
  </node>
  <node id="45202" lat="-4.52181100967" lon="57.89665314906">
    <tag k="local_x" v="-529.4082"/>
    <tag k="local_y" v="132.2469"/>
    <tag k="ele" v="2.9298"/>
  </node>
  <node id="45203" lat="-4.52180872025" lon="57.89664216417">
    <tag k="local_x" v="-530.6266"/>
    <tag k="local_y" v="132.5015"/>
    <tag k="ele" v="2.9298"/>
  </node>
  <node id="45204" lat="-4.52180141825" lon="57.89662345574">
    <tag k="local_x" v="-532.7012"/>
    <tag k="local_y" v="133.3113"/>
    <tag k="ele" v="2.3669"/>
  </node>
  <node id="45205" lat="-4.52179158934" lon="57.896686934">
    <tag k="local_x" v="-525.6573"/>
    <tag k="local_y" v="134.3892"/>
    <tag k="ele" v="2.9298"/>
  </node>
  <node id="45206" lat="-4.52179065224" lon="57.89667376139">
    <tag k="local_x" v="-527.1186"/>
    <tag k="local_y" v="134.4946"/>
    <tag k="ele" v="2.9298"/>
  </node>
  <node id="45207" lat="-4.52178846295" lon="57.89666153816">
    <tag k="local_x" v="-528.4744"/>
    <tag k="local_y" v="134.7383"/>
    <tag k="ele" v="2.9298"/>
  </node>
  <node id="45208" lat="-4.52178447233" lon="57.89664886656">
    <tag k="local_x" v="-529.8797"/>
    <tag k="local_y" v="135.1812"/>
    <tag k="ele" v="2.9298"/>
  </node>
  <node id="45209" lat="-4.52177813925" lon="57.89663297694">
    <tag k="local_x" v="-531.6417"/>
    <tag k="local_y" v="135.8835"/>
    <tag k="ele" v="2.3669"/>
  </node>
  <node id="45241" lat="-4.5223733743" lon="57.8968230425">
    <tag k="local_x" v="-510.6362"/>
    <tag k="local_y" v="70.054"/>
    <tag k="ele" v="1.4962"/>
  </node>
  <node id="45242" lat="-4.52237331924" lon="57.89681199725">
    <tag k="local_x" v="-511.8616"/>
    <tag k="local_y" v="70.0616"/>
    <tag k="ele" v="1.5003"/>
  </node>
  <node id="45244" lat="-4.52236925398" lon="57.8967989659">
    <tag k="local_x" v="-513.3068"/>
    <tag k="local_y" v="70.5128"/>
    <tag k="ele" v="1.522"/>
  </node>
  <node id="45246" lat="-4.52236058912" lon="57.89678950186">
    <tag k="local_x" v="-514.3556"/>
    <tag k="local_y" v="71.472"/>
    <tag k="ele" v="1.5234"/>
  </node>
  <node id="45248" lat="-4.52234734222" lon="57.89678329237">
    <tag k="local_x" v="-515.0427"/>
    <tag k="local_y" v="72.9373"/>
    <tag k="ele" v="1.5234"/>
  </node>
  <node id="45250" lat="-4.52233355924" lon="57.89678194051">
    <tag k="local_x" v="-515.1908"/>
    <tag k="local_y" v="74.4612"/>
    <tag k="ele" v="1.5234"/>
  </node>
  <node id="45252" lat="-4.52231796239" lon="57.89678733035">
    <tag k="local_x" v="-514.5907"/>
    <tag k="local_y" v="76.1847"/>
    <tag k="ele" v="1.5234"/>
  </node>
  <node id="45254" lat="-4.52230641305" lon="57.89679743473">
    <tag k="local_x" v="-513.4681"/>
    <tag k="local_y" v="77.4601"/>
    <tag k="ele" v="1.5234"/>
  </node>
  <node id="45256" lat="-4.52230041806" lon="57.89681531921">
    <tag k="local_x" v="-511.4831"/>
    <tag k="local_y" v="78.1204"/>
    <tag k="ele" v="1.5234"/>
  </node>
  <node id="45257" lat="-4.52229836804" lon="57.89684767796">
    <tag k="local_x" v="-507.8928"/>
    <tag k="local_y" v="78.3426"/>
    <tag k="ele" v="1.5289"/>
  </node>
  <node id="45258" lat="-4.52234060125" lon="57.89684184137">
    <tag k="local_x" v="-508.5461"/>
    <tag k="local_y" v="73.6745"/>
    <tag k="ele" v="1.5102"/>
  </node>
  <node id="45259" lat="-4.52233737679" lon="57.89683866554">
    <tag k="local_x" v="-508.898"/>
    <tag k="local_y" v="74.0314"/>
    <tag k="ele" v="1.5003"/>
  </node>
  <node id="45260" lat="-4.52233259485" lon="57.89683899767">
    <tag k="local_x" v="-508.8605"/>
    <tag k="local_y" v="74.56"/>
    <tag k="ele" v="1.5234"/>
  </node>
  <node id="45261" lat="-4.52232944034" lon="57.89684361592">
    <tag k="local_x" v="-508.3477"/>
    <tag k="local_y" v="74.9081"/>
    <tag k="ele" v="1.5234"/>
  </node>
  <node id="45262" lat="-4.52232479972" lon="57.89686057818">
    <tag k="local_x" v="-506.4652"/>
    <tag k="local_y" v="75.4188"/>
    <tag k="ele" v="1.5231"/>
  </node>
  <node id="45268" lat="-4.52237006904" lon="57.896861729">
    <tag k="local_x" v="-506.3437"/>
    <tag k="local_y" v="70.4141"/>
    <tag k="ele" v="1.4445"/>
  </node>
  <node id="45269" lat="-4.52234343894" lon="57.89685931397">
    <tag k="local_x" v="-506.608"/>
    <tag k="local_y" v="73.3584"/>
    <tag k="ele" v="1.4483"/>
  </node>
  <node id="45278" lat="-4.52229757108" lon="57.89687764245">
    <tag k="local_x" v="-504.5683"/>
    <tag k="local_y" v="78.4266"/>
    <tag k="ele" v="1.4571"/>
  </node>
  <node id="45279" lat="-4.52232281575" lon="57.89687977095">
    <tag k="local_x" v="-504.3356"/>
    <tag k="local_y" v="75.6355"/>
    <tag k="ele" v="1.4545"/>
  </node>
  <node id="45289" lat="-4.52380531028" lon="57.89920117144">
    <tag k="local_x" v="-246.9921"/>
    <tag k="local_y" v="-88.5733"/>
    <tag k="ele" v="1.7823"/>
  </node>
  <node id="45290" lat="-4.52381506053" lon="57.89908543699">
    <tag k="local_x" v="-259.8335"/>
    <tag k="local_y" v="-89.6353"/>
    <tag k="ele" v="1.7784"/>
  </node>
  <node id="45293" lat="-4.52378007011" lon="57.89919980811">
    <tag k="local_x" v="-247.1399"/>
    <tag k="local_y" v="-85.7828"/>
    <tag k="ele" v="1.7908"/>
  </node>
  <node id="45294" lat="-4.52378923496" lon="57.89908418651">
    <tag k="local_x" v="-259.9687"/>
    <tag k="local_y" v="-86.7801"/>
    <tag k="ele" v="1.7841"/>
  </node>
  <node id="45346" lat="-4.52374637315" lon="57.89937028468">
    <tag k="local_x" v="-228.2219"/>
    <tag k="local_y" v="-82.081"/>
    <tag k="ele" v="1.7856"/>
  </node>
  <node id="45347" lat="-4.52372080465" lon="57.89936817822">
    <tag k="local_x" v="-228.4521"/>
    <tag k="local_y" v="-79.2541"/>
    <tag k="ele" v="1.7923"/>
  </node>
  <node id="45353" lat="-4.52380244617" lon="57.89923632973">
    <tag k="local_x" v="-243.0911"/>
    <tag k="local_y" v="-88.2615"/>
    <tag k="ele" v="1.784"/>
  </node>
  <node id="45354" lat="-4.52377717252" lon="57.89923425158">
    <tag k="local_x" v="-243.3182"/>
    <tag k="local_y" v="-85.4672"/>
    <tag k="ele" v="1.7916"/>
  </node>
  <node id="45367" lat="-4.52373539415" lon="57.89932539543">
    <tag k="local_x" v="-233.2006"/>
    <tag k="local_y" v="-80.8611"/>
    <tag k="ele" v="1.7428"/>
  </node>
  <node id="45368" lat="-4.52376402409" lon="57.89927840711">
    <tag k="local_x" v="-238.4176"/>
    <tag k="local_y" v="-84.0197"/>
    <tag k="ele" v="1.715"/>
  </node>
  <node id="45370" lat="-4.52375859054" lon="57.89933942928">
    <tag k="local_x" v="-231.6468"/>
    <tag k="local_y" v="-83.4274"/>
    <tag k="ele" v="1.7428"/>
  </node>
  <node id="45371" lat="-4.52378722049" lon="57.89929244007">
    <tag k="local_x" v="-236.8639"/>
    <tag k="local_y" v="-86.586"/>
    <tag k="ele" v="1.715"/>
  </node>
  <node id="45376" lat="-4.52374837681" lon="57.89936005228">
    <tag k="local_x" v="-229.3574"/>
    <tag k="local_y" v="-82.3011"/>
    <tag k="ele" v="1.789"/>
  </node>
  <node id="45379" lat="-4.52375222233" lon="57.89935041254">
    <tag k="local_x" v="-230.4274"/>
    <tag k="local_y" v="-82.7249"/>
    <tag k="ele" v="1.789"/>
  </node>
  <node id="45383" lat="-4.52372307983" lon="57.8993534529">
    <tag k="local_x" v="-230.0861"/>
    <tag k="local_y" v="-79.5036"/>
    <tag k="ele" v="1.789"/>
  </node>
  <node id="45386" lat="-4.5237277786" lon="57.89933924705">
    <tag k="local_x" v="-231.6628"/>
    <tag k="local_y" v="-80.0211"/>
    <tag k="ele" v="1.789"/>
  </node>
  <node id="45410" lat="-4.52327610055" lon="57.89987808128">
    <tag k="local_x" v="-171.8204"/>
    <tag k="local_y" v="-30.1619"/>
    <tag k="ele" v="2.0511"/>
  </node>
  <node id="45411" lat="-4.5232507111" lon="57.89987747398">
    <tag k="local_x" v="-171.8843"/>
    <tag k="local_y" v="-27.355"/>
    <tag k="ele" v="2.0511"/>
  </node>
  <node id="45454" lat="-4.52381712636" lon="57.89905864859">
    <tag k="local_x" v="-262.8058"/>
    <tag k="local_y" v="-89.86"/>
    <tag k="ele" v="1.7737"/>
  </node>
  <node id="45455" lat="-4.52379149987" lon="57.89905661598">
    <tag k="local_x" v="-263.0278"/>
    <tag k="local_y" v="-87.0267"/>
    <tag k="ele" v="1.7784"/>
  </node>
  <node id="45548" lat="-4.52431713538" lon="57.8962258052">
    <tag k="local_x" v="-577.1614"/>
    <tag k="local_y" v="-144.7478"/>
    <tag k="ele" v="1.2154"/>
  </node>
  <node id="45549" lat="-4.52427131711" lon="57.89622162696">
    <tag k="local_x" v="-577.6187"/>
    <tag k="local_y" v="-139.682"/>
    <tag k="ele" v="1.2154"/>
  </node>
  <node id="45652" lat="-4.52431859474" lon="57.89620730217">
    <tag k="local_x" v="-579.2144"/>
    <tag k="local_y" v="-144.9066"/>
    <tag k="ele" v="1.2206"/>
  </node>
  <node id="45653" lat="-4.52427277647" lon="57.89620312483">
    <tag k="local_x" v="-579.6716"/>
    <tag k="local_y" v="-139.8408"/>
    <tag k="ele" v="1.2206"/>
  </node>
  <node id="45768" lat="-4.52220991604" lon="57.89773455235">
    <tag k="local_x" v="-409.487"/>
    <tag k="local_y" v="87.9995"/>
    <tag k="ele" v="1.754"/>
  </node>
  <node id="45769" lat="-4.52219427526" lon="57.89792636612">
    <tag k="local_x" v="-388.2042"/>
    <tag k="local_y" v="89.7023"/>
    <tag k="ele" v="2.8294"/>
  </node>
  <node id="45770" lat="-4.5222351599" lon="57.89773659615">
    <tag k="local_x" v="-409.2637"/>
    <tag k="local_y" v="85.2085"/>
    <tag k="ele" v="1.7619"/>
  </node>
  <node id="45771" lat="-4.52221951822" lon="57.89792840993">
    <tag k="local_x" v="-387.9809"/>
    <tag k="local_y" v="86.9114"/>
    <tag k="ele" v="1.8082"/>
  </node>
  <node id="45779" lat="-4.52218918006" lon="57.89813843273">
    <tag k="local_x" v="-364.6759"/>
    <tag k="local_y" v="90.2365"/>
    <tag k="ele" v="1.7037"/>
  </node>
  <node id="45781" lat="-4.52221995789" lon="57.89814059152">
    <tag k="local_x" v="-364.4406"/>
    <tag k="local_y" v="86.8337"/>
    <tag k="ele" v="1.7117"/>
  </node>
  <node id="45872" lat="-4.52219546463" lon="57.89806796644">
    <tag k="local_x" v="-372.4946"/>
    <tag k="local_y" v="89.5514"/>
    <tag k="ele" v="1.777"/>
  </node>
  <node id="45874" lat="-4.52222621444" lon="57.89807084988">
    <tag k="local_x" v="-372.1789"/>
    <tag k="local_y" v="86.1516"/>
    <tag k="ele" v="1.7892"/>
  </node>
  <node id="45896" lat="-4.52223045228" lon="57.8978557194">
    <tag k="local_x" v="-396.047"/>
    <tag k="local_y" v="85.7126"/>
    <tag k="ele" v="1.754"/>
  </node>
  <node id="45898" lat="-4.52225569614" lon="57.89785776321">
    <tag k="local_x" v="-395.8237"/>
    <tag k="local_y" v="82.9216"/>
    <tag k="ele" v="1.7619"/>
  </node>
  <node id="45903" lat="-4.52222413644" lon="57.89793317385">
    <tag k="local_x" v="-387.453"/>
    <tag k="local_y" v="86.4002"/>
    <tag k="ele" v="2.2917"/>
  </node>
  <node id="45904" lat="-4.5222493803" lon="57.89793521856">
    <tag k="local_x" v="-387.2296"/>
    <tag k="local_y" v="83.6092"/>
    <tag k="ele" v="1.7851"/>
  </node>
  <node id="46035" lat="-4.52224014007" lon="57.89799803054">
    <tag k="local_x" v="-380.2597"/>
    <tag k="local_y" v="84.6221"/>
    <tag k="ele" v="1.8393"/>
  </node>
  <node id="46037" lat="-4.52221618247" lon="57.89798433834">
    <tag k="local_x" v="-381.7755"/>
    <tag k="local_y" v="87.2725"/>
    <tag k="ele" v="1.8359"/>
  </node>
  <node id="46041" lat="-4.52222184597" lon="57.8979566107">
    <tag k="local_x" v="-384.8525"/>
    <tag k="local_y" v="86.6502"/>
    <tag k="ele" v="2.1435"/>
  </node>
  <node id="46042" lat="-4.52221908731" lon="57.89797171487">
    <tag k="local_x" v="-383.1764"/>
    <tag k="local_y" v="86.9531"/>
    <tag k="ele" v="2.1435"/>
  </node>
  <node id="46043" lat="-4.52224680244" lon="57.8979620865">
    <tag k="local_x" v="-384.2484"/>
    <tag k="local_y" v="83.8905"/>
    <tag k="ele" v="2.1435"/>
  </node>
  <node id="46044" lat="-4.52224447417" lon="57.89797953202">
    <tag k="local_x" v="-382.3126"/>
    <tag k="local_y" v="84.1455"/>
    <tag k="ele" v="2.1435"/>
  </node>
  <node id="46049" lat="-4.52220844719" lon="57.89800723218">
    <tag k="local_x" v="-379.2345"/>
    <tag k="local_y" v="88.1245"/>
    <tag k="ele" v="1.8402"/>
  </node>
  <node id="46051" lat="-4.5222034853" lon="57.89802429137">
    <tag k="local_x" v="-377.3412"/>
    <tag k="local_y" v="88.6707"/>
    <tag k="ele" v="1.8402"/>
  </node>
  <node id="46053" lat="-4.52219945568" lon="57.89804162212">
    <tag k="local_x" v="-375.4179"/>
    <tag k="local_y" v="89.1138"/>
    <tag k="ele" v="1.8402"/>
  </node>
  <node id="46055" lat="-4.52219639845" lon="57.89805896758">
    <tag k="local_x" v="-373.4931"/>
    <tag k="local_y" v="89.4494"/>
    <tag k="ele" v="1.8402"/>
  </node>
  <node id="46057" lat="-4.52223504734" lon="57.89801483269">
    <tag k="local_x" v="-378.3949"/>
    <tag k="local_y" v="85.1828"/>
    <tag k="ele" v="1.8402"/>
  </node>
  <node id="46059" lat="-4.52223150441" lon="57.89803067771">
    <tag k="local_x" v="-376.6365"/>
    <tag k="local_y" v="85.5723"/>
    <tag k="ele" v="1.8402"/>
  </node>
  <node id="46061" lat="-4.52222883782" lon="57.89804666261">
    <tag k="local_x" v="-374.8627"/>
    <tag k="local_y" v="85.8649"/>
    <tag k="ele" v="1.8402"/>
  </node>
  <node id="46088" lat="-4.52248731421" lon="57.90142419112">
    <tag k="local_x" v="-0.1801"/>
    <tag k="local_y" v="56.8262"/>
    <tag k="ele" v="2.0071"/>
  </node>
  <node id="46089" lat="-4.52248954145" lon="57.90139859819">
    <tag k="local_x" v="-3.0198"/>
    <tag k="local_y" v="56.5835"/>
    <tag k="ele" v="2.0071"/>
  </node>
  <node id="46098" lat="-4.52138550439" lon="57.90136589899">
    <tag k="local_x" v="-6.4962"/>
    <tag k="local_y" v="178.6399"/>
    <tag k="ele" v="2.1265"/>
  </node>
  <node id="46099" lat="-4.52138789973" lon="57.90133824131">
    <tag k="local_x" v="-9.565"/>
    <tag k="local_y" v="178.3789"/>
    <tag k="ele" v="2.1265"/>
  </node>
  <node id="46271" lat="-4.52385123702" lon="57.89868609067">
    <tag k="local_x" v="-304.1436"/>
    <tag k="local_y" v="-93.5798"/>
    <tag k="ele" v="1.7693"/>
  </node>
  <node id="46272" lat="-4.52382605292" lon="57.89868400453">
    <tag k="local_x" v="-304.3716"/>
    <tag k="local_y" v="-90.7954"/>
    <tag k="ele" v="1.7733"/>
  </node>
  <node id="46375" lat="-4.52354835093" lon="57.89902262349">
    <tag k="local_x" v="-266.7658"/>
    <tag k="local_y" v="-60.1418"/>
    <tag k="ele" v="1.7736"/>
  </node>
  <node id="46378" lat="-4.52354317813" lon="57.89899607856">
    <tag k="local_x" v="-269.7101"/>
    <tag k="local_y" v="-59.5663"/>
    <tag k="ele" v="1.7736"/>
  </node>
  <node id="46382" lat="-4.52361608886" lon="57.89899013571">
    <tag k="local_x" v="-270.3794"/>
    <tag k="local_y" v="-67.6258"/>
    <tag k="ele" v="1.7465"/>
  </node>
  <node id="46384" lat="-4.52359722989" lon="57.89898990244">
    <tag k="local_x" v="-270.4027"/>
    <tag k="local_y" v="-65.5409"/>
    <tag k="ele" v="1.7465"/>
  </node>
  <node id="46386" lat="-4.52357837937" lon="57.89899087519">
    <tag k="local_x" v="-270.2922"/>
    <tag k="local_y" v="-63.4571"/>
    <tag k="ele" v="1.7465"/>
  </node>
  <node id="46388" lat="-4.52355983224" lon="57.89899302007">
    <tag k="local_x" v="-270.0517"/>
    <tag k="local_y" v="-61.407"/>
    <tag k="ele" v="1.7465"/>
  </node>
  <node id="46390" lat="-4.52361524282" lon="57.89901584308">
    <tag k="local_x" v="-267.5272"/>
    <tag k="local_y" v="-67.5358"/>
    <tag k="ele" v="1.7465"/>
  </node>
  <node id="46392" lat="-4.52359805313" lon="57.89901605082">
    <tag k="local_x" v="-267.5018"/>
    <tag k="local_y" v="-65.6355"/>
    <tag k="ele" v="1.7465"/>
  </node>
  <node id="46394" lat="-4.5235809254" lon="57.89901735559">
    <tag k="local_x" v="-267.3547"/>
    <tag k="local_y" v="-63.7422"/>
    <tag k="ele" v="1.7465"/>
  </node>
  <node id="46396" lat="-4.52356371667" lon="57.89901978245">
    <tag k="local_x" v="-267.0831"/>
    <tag k="local_y" v="-61.8401"/>
    <tag k="ele" v="1.7465"/>
  </node>
  <node id="46401" lat="-4.52352806969" lon="57.89899859543">
    <tag k="local_x" v="-269.4288"/>
    <tag k="local_y" v="-57.8964"/>
    <tag k="ele" v="1.7736"/>
  </node>
  <node id="46403" lat="-4.52351282126" lon="57.89900020267">
    <tag k="local_x" v="-269.2484"/>
    <tag k="local_y" v="-56.2109"/>
    <tag k="ele" v="1.7736"/>
  </node>
  <node id="46405" lat="-4.52349748096" lon="57.89900076963">
    <tag k="local_x" v="-269.1834"/>
    <tag k="local_y" v="-54.5151"/>
    <tag k="ele" v="1.7736"/>
  </node>
  <node id="46408" lat="-4.52353137902" lon="57.89902518584">
    <tag k="local_x" v="-266.4792"/>
    <tag k="local_y" v="-58.2659"/>
    <tag k="ele" v="1.7736"/>
  </node>
  <node id="46410" lat="-4.52351427394" lon="57.8990264627">
    <tag k="local_x" v="-266.3352"/>
    <tag k="local_y" v="-56.3751"/>
    <tag k="ele" v="1.7736"/>
  </node>
  <node id="46412" lat="-4.52349713774" lon="57.89902657316">
    <tag k="local_x" v="-266.3206"/>
    <tag k="local_y" v="-54.4807"/>
    <tag k="ele" v="1.7736"/>
  </node>
  <node id="46421" lat="-4.52385632989" lon="57.89862984794">
    <tag k="local_x" v="-310.3841"/>
    <tag k="local_y" v="-94.1351"/>
    <tag k="ele" v="1.7628"/>
  </node>
  <node id="46422" lat="-4.52383112225" lon="57.89862778341">
    <tag k="local_x" v="-310.6097"/>
    <tag k="local_y" v="-91.3481"/>
    <tag k="ele" v="1.7742"/>
  </node>
  <node id="46431" lat="-4.52387072266" lon="57.89844093101">
    <tag k="local_x" v="-331.3453"/>
    <tag k="local_y" v="-95.7003"/>
    <tag k="ele" v="1.7694"/>
  </node>
  <node id="46432" lat="-4.52386929637" lon="57.89843129377">
    <tag k="local_x" v="-332.4143"/>
    <tag k="local_y" v="-95.5413"/>
    <tag k="ele" v="1.7694"/>
  </node>
  <node id="46433" lat="-4.52386579501" lon="57.89842092478">
    <tag k="local_x" v="-333.5642"/>
    <tag k="local_y" v="-95.1528"/>
    <tag k="ele" v="1.7694"/>
  </node>
  <node id="46434" lat="-4.52386046192" lon="57.89841126831">
    <tag k="local_x" v="-334.6348"/>
    <tag k="local_y" v="-94.5619"/>
    <tag k="ele" v="1.7694"/>
  </node>
  <node id="46435" lat="-4.52385344145" lon="57.89840264451">
    <tag k="local_x" v="-335.5906"/>
    <tag k="local_y" v="-93.7846"/>
    <tag k="ele" v="1.7694"/>
  </node>
  <node id="46436" lat="-4.52384493404" lon="57.89839534568">
    <tag k="local_x" v="-336.3992"/>
    <tag k="local_y" v="-92.8431"/>
    <tag k="ele" v="1.7694"/>
  </node>
  <node id="46437" lat="-4.52383518993" lon="57.89838962629">
    <tag k="local_x" v="-337.0324"/>
    <tag k="local_y" v="-91.7651"/>
    <tag k="ele" v="1.7694"/>
  </node>
  <node id="46438" lat="-4.52382471019" lon="57.89838627836">
    <tag k="local_x" v="-337.4024"/>
    <tag k="local_y" v="-90.6061"/>
    <tag k="ele" v="1.7694"/>
  </node>
  <node id="46439" lat="-4.52384335396" lon="57.89844182837">
    <tag k="local_x" v="-331.242"/>
    <tag k="local_y" v="-92.6748"/>
    <tag k="ele" v="1.7694"/>
  </node>
  <node id="46440" lat="-4.52383772115" lon="57.89843315581">
    <tag k="local_x" v="-332.2034"/>
    <tag k="local_y" v="-92.0509"/>
    <tag k="ele" v="1.7694"/>
  </node>
  <node id="46441" lat="-4.52382869159" lon="57.89842530019">
    <tag k="local_x" v="-333.0737"/>
    <tag k="local_y" v="-91.0516"/>
    <tag k="ele" v="1.7694"/>
  </node>
  <node id="46444" lat="-4.52381762557" lon="57.8984205905">
    <tag k="local_x" v="-333.5947"/>
    <tag k="local_y" v="-89.8276"/>
    <tag k="ele" v="1.7694"/>
  </node>
  <node id="46445" lat="-4.52380556516" lon="57.89841828079">
    <tag k="local_x" v="-333.8493"/>
    <tag k="local_y" v="-88.494"/>
    <tag k="ele" v="1.7694"/>
  </node>
  <node id="46446" lat="-4.52379235948" lon="57.89841677908">
    <tag k="local_x" v="-334.0141"/>
    <tag k="local_y" v="-87.0339"/>
    <tag k="ele" v="1.7694"/>
  </node>
  <node id="46495" lat="-4.5231129332" lon="57.89834526845">
    <tag k="local_x" v="-341.8549"/>
    <tag k="local_y" v="-11.9132"/>
    <tag k="ele" v="1.7616"/>
  </node>
  <node id="46499" lat="-4.52311130527" lon="57.89837055212">
    <tag k="local_x" v="-339.0496"/>
    <tag k="local_y" v="-11.7367"/>
    <tag k="ele" v="1.7688"/>
  </node>
  <node id="46524" lat="-4.52230842434" lon="57.89775617539">
    <tag k="local_x" v="-407.1015"/>
    <tag k="local_y" v="77.1064"/>
    <tag k="ele" v="1.8452"/>
  </node>
  <node id="46528" lat="-4.52228326014" lon="57.89775408392">
    <tag k="local_x" v="-407.3301"/>
    <tag k="local_y" v="79.8886"/>
    <tag k="ele" v="1.8498"/>
  </node>
  <node id="46532" lat="-4.52228389686" lon="57.89804957419">
    <tag k="local_x" v="-374.5472"/>
    <tag k="local_y" v="79.7777"/>
    <tag k="ele" v="1.859"/>
  </node>
  <node id="46533" lat="-4.52225868653" lon="57.89804747994">
    <tag k="local_x" v="-374.7761"/>
    <tag k="local_y" v="82.565"/>
    <tag k="ele" v="1.8637"/>
  </node>
  <node id="46546" lat="-4.52226155838" lon="57.89815770806">
    <tag k="local_x" v="-362.5473"/>
    <tag k="local_y" v="82.2324"/>
    <tag k="ele" v="1.7455"/>
  </node>
  <node id="46547" lat="-4.52223268082" lon="57.89814988661">
    <tag k="local_x" v="-363.4111"/>
    <tag k="local_y" v="85.4259"/>
    <tag k="ele" v="1.7281"/>
  </node>
  <node id="46553" lat="-4.52227583531" lon="57.89810578522">
    <tag k="local_x" v="-368.3098"/>
    <tag k="local_y" v="80.6612"/>
    <tag k="ele" v="1.7076"/>
  </node>
  <node id="46554" lat="-4.52228200386" lon="57.89807926781">
    <tag k="local_x" v="-371.2526"/>
    <tag k="local_y" v="79.9829"/>
    <tag k="ele" v="1.7076"/>
  </node>
  <node id="46555" lat="-4.52225021657" lon="57.89809895116">
    <tag k="local_x" v="-369.0645"/>
    <tag k="local_y" v="83.4943"/>
    <tag k="ele" v="1.7076"/>
  </node>
  <node id="46556" lat="-4.52225581019" lon="57.89807724086">
    <tag k="local_x" v="-371.4739"/>
    <tag k="local_y" v="82.8789"/>
    <tag k="ele" v="1.7076"/>
  </node>
  <node id="46575" lat="-4.52243975699" lon="57.8969235646">
    <tag k="local_x" v="-499.4929"/>
    <tag k="local_y" v="62.7016"/>
    <tag k="ele" v="1.5994"/>
  </node>
  <node id="46578" lat="-4.52246596229" lon="57.89692351842">
    <tag k="local_x" v="-499.5016"/>
    <tag k="local_y" v="59.8046"/>
    <tag k="ele" v="1.5994"/>
  </node>
  <node id="46581" lat="-4.52249212169" lon="57.89692401299">
    <tag k="local_x" v="-499.4503"/>
    <tag k="local_y" v="56.9126"/>
    <tag k="ele" v="1.5994"/>
  </node>
  <node id="46584" lat="-4.52251826504" lon="57.89692504655">
    <tag k="local_x" v="-499.3392"/>
    <tag k="local_y" v="54.0223"/>
    <tag k="ele" v="1.5994"/>
  </node>
  <node id="46588" lat="-4.52243958496" lon="57.89689887273">
    <tag k="local_x" v="-502.2323"/>
    <tag k="local_y" v="62.724"/>
    <tag k="ele" v="1.5994"/>
  </node>
  <node id="46591" lat="-4.5224662162" lon="57.8968989154">
    <tag k="local_x" v="-502.2312"/>
    <tag k="local_y" v="59.7799"/>
    <tag k="ele" v="1.5994"/>
  </node>
  <node id="46594" lat="-4.52249288384" lon="57.89689950794">
    <tag k="local_x" v="-502.1691"/>
    <tag k="local_y" v="56.8317"/>
    <tag k="ele" v="1.5994"/>
  </node>
  <node id="46597" lat="-4.5225195318" lon="57.89690065029">
    <tag k="local_x" v="-502.046"/>
    <tag k="local_y" v="53.8856"/>
    <tag k="ele" v="1.5994"/>
  </node>
  <node id="46655" lat="-4.52420345935" lon="57.89627130915">
    <tag k="local_x" v="-572.0975"/>
    <tag k="local_y" v="-132.1871"/>
    <tag k="ele" v="1.2695"/>
  </node>
  <node id="46656" lat="-4.52420454549" lon="57.89624302055">
    <tag k="local_x" v="-575.2361"/>
    <tag k="local_y" v="-132.3033"/>
    <tag k="ele" v="1.2695"/>
  </node>
  <node id="46703" lat="-4.52211444485" lon="57.89983093554">
    <tag k="local_x" v="-176.8919"/>
    <tag k="local_y" v="98.2662"/>
    <tag k="ele" v="1.7471"/>
  </node>
  <node id="46704" lat="-4.52208601353" lon="57.89983601022">
    <tag k="local_x" v="-176.325"/>
    <tag k="local_y" v="101.4086"/>
    <tag k="ele" v="1.7471"/>
  </node>
  <node id="46755" lat="-4.52205478411" lon="57.90049832904">
    <tag k="local_x" v="-102.8401"/>
    <tag k="local_y" v="104.77"/>
    <tag k="ele" v="1.9906"/>
  </node>
  <node id="46756" lat="-4.52203022938" lon="57.90051460597">
    <tag k="local_x" v="-101.0309"/>
    <tag k="local_y" v="107.4823"/>
    <tag k="ele" v="1.9906"/>
  </node>
  <node id="46775" lat="-4.52203266932" lon="57.90066415762">
    <tag k="local_x" v="-84.4393"/>
    <tag k="local_y" v="107.192"/>
    <tag k="ele" v="1.9846"/>
  </node>
  <node id="46776" lat="-4.52201079514" lon="57.90064527073">
    <tag k="local_x" v="-86.5317"/>
    <tag k="local_y" v="109.6128"/>
    <tag k="ele" v="1.9852"/>
  </node>
  <node id="46791" lat="-4.52206045593" lon="57.90058834862">
    <tag k="local_x" v="-92.8537"/>
    <tag k="local_y" v="104.1306"/>
    <tag k="ele" v="1.9883"/>
  </node>
  <node id="46792" lat="-4.52203536506" lon="57.90058623371">
    <tag k="local_x" v="-93.0849"/>
    <tag k="local_y" v="106.9047"/>
    <tag k="ele" v="1.9891"/>
  </node>
  <node id="46922" lat="-4.52231155171" lon="57.89757427277">
    <tag k="local_x" v="-427.283"/>
    <tag k="local_y" v="76.7856"/>
    <tag k="ele" v="1.7282"/>
  </node>
  <node id="46923" lat="-4.52228605288" lon="57.89757213673">
    <tag k="local_x" v="-427.5165"/>
    <tag k="local_y" v="79.6048"/>
    <tag k="ele" v="1.7293"/>
  </node>
  <node id="46929" lat="-4.52231227504" lon="57.89762926158">
    <tag k="local_x" v="-421.1824"/>
    <tag k="local_y" v="76.6981"/>
    <tag k="ele" v="1.7282"/>
  </node>
  <node id="46930" lat="-4.52231055184" lon="57.89762196301">
    <tag k="local_x" v="-421.9919"/>
    <tag k="local_y" v="76.8896"/>
    <tag k="ele" v="1.7282"/>
  </node>
  <node id="46931" lat="-4.52230948849" lon="57.89761506365">
    <tag k="local_x" v="-422.7572"/>
    <tag k="local_y" v="77.0081"/>
    <tag k="ele" v="1.7282"/>
  </node>
  <node id="46932" lat="-4.52230897222" lon="57.89760757368">
    <tag k="local_x" v="-423.5881"/>
    <tag k="local_y" v="77.0662"/>
    <tag k="ele" v="1.7282"/>
  </node>
  <node id="46933" lat="-4.52228565353" lon="57.89763450983">
    <tag k="local_x" v="-420.5965"/>
    <tag k="local_y" v="79.6404"/>
    <tag k="ele" v="1.7282"/>
  </node>
  <node id="46934" lat="-4.52228425197" lon="57.89762606874">
    <tag k="local_x" v="-421.5328"/>
    <tag k="local_y" v="79.7965"/>
    <tag k="ele" v="1.7282"/>
  </node>
  <node id="46935" lat="-4.52228345811" lon="57.89761702991">
    <tag k="local_x" v="-422.5355"/>
    <tag k="local_y" v="79.8855"/>
    <tag k="ele" v="1.7282"/>
  </node>
  <node id="46936" lat="-4.52228339905" lon="57.89760848591">
    <tag k="local_x" v="-423.4834"/>
    <tag k="local_y" v="79.8932"/>
    <tag k="ele" v="1.7282"/>
  </node>
  <node id="46951" lat="-4.52231187506" lon="57.89771475348">
    <tag k="local_x" v="-411.6975"/>
    <tag k="local_y" v="76.7306"/>
    <tag k="ele" v="1.847"/>
  </node>
  <node id="46952" lat="-4.5222867027" lon="57.89771267462">
    <tag k="local_x" v="-411.9247"/>
    <tag k="local_y" v="79.5137"/>
    <tag k="ele" v="1.8516"/>
  </node>
  <node id="46978" lat="-4.52412371854" lon="57.89613381934">
    <tag k="local_x" v="-587.3403"/>
    <tag k="local_y" v="-123.3529"/>
    <tag k="ele" v="2.4035"/>
  </node>
  <node id="46980" lat="-4.52412127255" lon="57.89616527182">
    <tag k="local_x" v="-583.8505"/>
    <tag k="local_y" v="-123.0868"/>
    <tag k="ele" v="2.4035"/>
  </node>
  <node id="47026" lat="-4.5237906462" lon="57.89614754401">
    <tag k="local_x" v="-585.7722"/>
    <tag k="local_y" v="-86.5335"/>
    <tag k="ele" v="1.246"/>
  </node>
  <node id="47040" lat="-4.52393449534" lon="57.89611920919">
    <tag k="local_x" v="-588.9354"/>
    <tag k="local_y" v="-102.4322"/>
    <tag k="ele" v="2.2172"/>
  </node>
  <node id="47041" lat="-4.52393204935" lon="57.89615066167">
    <tag k="local_x" v="-585.4456"/>
    <tag k="local_y" v="-102.1661"/>
    <tag k="ele" v="2.2172"/>
  </node>
  <node id="47065" lat="-4.52211755041" lon="57.89990575247">
    <tag k="local_x" v="-168.5918"/>
    <tag k="local_y" v="97.9126"/>
    <tag k="ele" v="1.9382"/>
  </node>
  <node id="47066" lat="-4.52211812717" lon="57.89989656841">
    <tag k="local_x" v="-169.6108"/>
    <tag k="local_y" v="97.8501"/>
    <tag k="ele" v="1.9382"/>
  </node>
  <node id="47067" lat="-4.52211844367" lon="57.89988718393">
    <tag k="local_x" v="-170.652"/>
    <tag k="local_y" v="97.8164"/>
    <tag k="ele" v="1.9382"/>
  </node>
  <node id="47068" lat="-4.52211849063" lon="57.89987778739">
    <tag k="local_x" v="-171.6945"/>
    <tag k="local_y" v="97.8125"/>
    <tag k="ele" v="1.9382"/>
  </node>
  <node id="47069" lat="-4.52211826803" lon="57.89986838602">
    <tag k="local_x" v="-172.7375"/>
    <tag k="local_y" v="97.8384"/>
    <tag k="ele" v="1.9382"/>
  </node>
  <node id="47070" lat="-4.52211777497" lon="57.89985898792">
    <tag k="local_x" v="-173.7801"/>
    <tag k="local_y" v="97.8942"/>
    <tag k="ele" v="1.9382"/>
  </node>
  <node id="47071" lat="-4.52211701232" lon="57.8998496021">
    <tag k="local_x" v="-174.8213"/>
    <tag k="local_y" v="97.9798"/>
    <tag k="ele" v="1.9382"/>
  </node>
  <node id="47072" lat="-4.52211600789" lon="57.89984043772">
    <tag k="local_x" v="-175.8379"/>
    <tag k="local_y" v="98.0921"/>
    <tag k="ele" v="1.9382"/>
  </node>
  <node id="47073" lat="-4.52209199584" lon="57.89990480787">
    <tag k="local_x" v="-168.6931"/>
    <tag k="local_y" v="100.7378"/>
    <tag k="ele" v="1.9382"/>
  </node>
  <node id="47074" lat="-4.52209208913" lon="57.89989597834">
    <tag k="local_x" v="-169.6727"/>
    <tag k="local_y" v="100.7287"/>
    <tag k="ele" v="1.9382"/>
  </node>
  <node id="47075" lat="-4.52209192619" lon="57.89988733778">
    <tag k="local_x" v="-170.6313"/>
    <tag k="local_y" v="100.7479"/>
    <tag k="ele" v="1.9382"/>
  </node>
  <node id="47076" lat="-4.52209151538" lon="57.89987871224">
    <tag k="local_x" v="-171.5882"/>
    <tag k="local_y" v="100.7945"/>
    <tag k="ele" v="1.9382"/>
  </node>
  <node id="47077" lat="-4.52209085851" lon="57.89987010803">
    <tag k="local_x" v="-172.5427"/>
    <tag k="local_y" v="100.8683"/>
    <tag k="ele" v="1.9382"/>
  </node>
  <node id="47078" lat="-4.52208995465" lon="57.89986153325">
    <tag k="local_x" v="-173.4939"/>
    <tag k="local_y" v="100.9694"/>
    <tag k="ele" v="1.9382"/>
  </node>
  <node id="47079" lat="-4.52208880652" lon="57.89985299514">
    <tag k="local_x" v="-174.441"/>
    <tag k="local_y" v="101.0975"/>
    <tag k="ele" v="1.9382"/>
  </node>
  <node id="47080" lat="-4.5220873854" lon="57.89984429534">
    <tag k="local_x" v="-175.406"/>
    <tag k="local_y" v="101.2558"/>
    <tag k="ele" v="1.9382"/>
  </node>
  <node id="47084" lat="-4.52206432133" lon="57.90053364586">
    <tag k="local_x" v="-98.9232"/>
    <tag k="local_y" v="103.7108"/>
    <tag k="ele" v="2.0023"/>
  </node>
  <node id="47085" lat="-4.52206403612" lon="57.90052513945">
    <tag k="local_x" v="-99.8669"/>
    <tag k="local_y" v="103.7435"/>
    <tag k="ele" v="2.0023"/>
  </node>
  <node id="47086" lat="-4.52206242218" lon="57.90051583911">
    <tag k="local_x" v="-100.8985"/>
    <tag k="local_y" v="103.9232"/>
    <tag k="ele" v="2.0023"/>
  </node>
  <node id="47087" lat="-4.52205994483" lon="57.90050763736">
    <tag k="local_x" v="-101.8081"/>
    <tag k="local_y" v="104.1982"/>
    <tag k="ele" v="2.0023"/>
  </node>
  <node id="47088" lat="-4.52203934185" lon="57.90053651736">
    <tag k="local_x" v="-98.6012"/>
    <tag k="local_y" v="106.4719"/>
    <tag k="ele" v="2.0023"/>
  </node>
  <node id="47089" lat="-4.52203787743" lon="57.90052991496">
    <tag k="local_x" v="-99.3335"/>
    <tag k="local_y" v="106.6347"/>
    <tag k="ele" v="2.0023"/>
  </node>
  <node id="47090" lat="-4.52203575033" lon="57.90052446907">
    <tag k="local_x" v="-99.9374"/>
    <tag k="local_y" v="106.8706"/>
    <tag k="ele" v="2.0023"/>
  </node>
  <node id="47091" lat="-4.52203256097" lon="57.90051854776">
    <tag k="local_x" v="-100.5939"/>
    <tag k="local_y" v="107.224"/>
    <tag k="ele" v="2.0023"/>
  </node>
  <node id="47095" lat="-4.52203894051" lon="57.90065627944">
    <tag k="local_x" v="-85.3142"/>
    <tag k="local_y" v="106.4998"/>
    <tag k="ele" v="1.9849"/>
  </node>
  <node id="47096" lat="-4.52204367987" lon="57.90064872927">
    <tag k="local_x" v="-86.1525"/>
    <tag k="local_y" v="105.9769"/>
    <tag k="ele" v="1.9849"/>
  </node>
  <node id="47097" lat="-4.52204808826" lon="57.90064036656">
    <tag k="local_x" v="-87.0809"/>
    <tag k="local_y" v="105.4907"/>
    <tag k="ele" v="1.9849"/>
  </node>
  <node id="47098" lat="-4.52205181317" lon="57.90063170647">
    <tag k="local_x" v="-88.0422"/>
    <tag k="local_y" v="105.0801"/>
    <tag k="ele" v="1.9849"/>
  </node>
  <node id="47099" lat="-4.52205483553" lon="57.90062280485">
    <tag k="local_x" v="-89.0302"/>
    <tag k="local_y" v="104.7472"/>
    <tag k="ele" v="1.9849"/>
  </node>
  <node id="47100" lat="-4.52205713991" lon="57.90061371757">
    <tag k="local_x" v="-90.0387"/>
    <tag k="local_y" v="104.4937"/>
    <tag k="ele" v="1.9849"/>
  </node>
  <node id="47101" lat="-4.52205862702" lon="57.90060498621">
    <tag k="local_x" v="-91.0076"/>
    <tag k="local_y" v="104.3305"/>
    <tag k="ele" v="1.9849"/>
  </node>
  <node id="47102" lat="-4.52201497522" lon="57.90064010754">
    <tag k="local_x" v="-87.1051"/>
    <tag k="local_y" v="109.1514"/>
    <tag k="ele" v="1.9849"/>
  </node>
  <node id="47103" lat="-4.52201962795" lon="57.90063383808">
    <tag k="local_x" v="-87.8013"/>
    <tag k="local_y" v="108.6379"/>
    <tag k="ele" v="1.9849"/>
  </node>
  <node id="47104" lat="-4.52202349446" lon="57.90062769023">
    <tag k="local_x" v="-88.4839"/>
    <tag k="local_y" v="108.2113"/>
    <tag k="ele" v="1.9849"/>
  </node>
  <node id="47105" lat="-4.5220268738" lon="57.90062123622">
    <tag k="local_x" v="-89.2004"/>
    <tag k="local_y" v="107.8386"/>
    <tag k="ele" v="1.9849"/>
  </node>
  <node id="47106" lat="-4.5220297433" lon="57.90061451478">
    <tag k="local_x" v="-89.9465"/>
    <tag k="local_y" v="107.5223"/>
    <tag k="ele" v="1.9849"/>
  </node>
  <node id="47107" lat="-4.52203208119" lon="57.90060756554">
    <tag k="local_x" v="-90.7178"/>
    <tag k="local_y" v="107.2648"/>
    <tag k="ele" v="1.9849"/>
  </node>
  <node id="47108" lat="-4.5220339595" lon="57.90059994693">
    <tag k="local_x" v="-91.5633"/>
    <tag k="local_y" v="107.0582"/>
    <tag k="ele" v="1.9849"/>
  </node>
  <node id="47179" lat="-4.52316425101" lon="57.8989740428">
    <tag k="local_x" v="-272.103"/>
    <tag k="local_y" v="-17.6727"/>
    <tag k="ele" v="1.7269"/>
  </node>
  <node id="47180" lat="-4.52315372583" lon="57.89897305095">
    <tag k="local_x" v="-272.2116"/>
    <tag k="local_y" v="-16.509"/>
    <tag k="ele" v="1.7269"/>
  </node>
  <node id="47181" lat="-4.52314619131" lon="57.8989697355">
    <tag k="local_x" v="-272.5784"/>
    <tag k="local_y" v="-15.6756"/>
    <tag k="ele" v="2.5366"/>
  </node>
  <node id="47182" lat="-4.52314099706" lon="57.89896701512">
    <tag k="local_x" v="-272.8795"/>
    <tag k="local_y" v="-15.101"/>
    <tag k="ele" v="2.5366"/>
  </node>
  <node id="47183" lat="-4.52311342163" lon="57.89894936056">
    <tag k="local_x" v="-274.8344"/>
    <tag k="local_y" v="-12.0501"/>
    <tag k="ele" v="3.0765"/>
  </node>
  <node id="47184" lat="-4.52309457237" lon="57.89893767291">
    <tag k="local_x" v="-276.1285"/>
    <tag k="local_y" v="-9.9647"/>
    <tag k="ele" v="3.3328"/>
  </node>
  <node id="47185" lat="-4.52308514811" lon="57.89893443805">
    <tag k="local_x" v="-276.4861"/>
    <tag k="local_y" v="-8.9224"/>
    <tag k="ele" v="3.3328"/>
  </node>
  <node id="47186" lat="-4.52307529324" lon="57.8989326926">
    <tag k="local_x" v="-276.6784"/>
    <tag k="local_y" v="-7.8327"/>
    <tag k="ele" v="3.3328"/>
  </node>
  <node id="47187" lat="-4.52306955125" lon="57.89893182292">
    <tag k="local_x" v="-276.7741"/>
    <tag k="local_y" v="-7.1978"/>
    <tag k="ele" v="2.2015"/>
  </node>
  <node id="47188" lat="-4.52316191726" lon="57.89899951397">
    <tag k="local_x" v="-269.2768"/>
    <tag k="local_y" v="-17.4182"/>
    <tag k="ele" v="1.7269"/>
  </node>
  <node id="47190" lat="-4.52314118864" lon="57.89899702952">
    <tag k="local_x" v="-269.5496"/>
    <tag k="local_y" v="-15.1263"/>
    <tag k="ele" v="2.5366"/>
  </node>
  <node id="47191" lat="-4.52312919854" lon="57.89899201222">
    <tag k="local_x" v="-270.1046"/>
    <tag k="local_y" v="-13.8001"/>
    <tag k="ele" v="2.5366"/>
  </node>
  <node id="47192" lat="-4.52309889597" lon="57.89897280578">
    <tag k="local_x" v="-272.2313"/>
    <tag k="local_y" v="-10.4475"/>
    <tag k="ele" v="3.0765"/>
  </node>
  <node id="47193" lat="-4.52308289412" lon="57.89896270261">
    <tag k="local_x" v="-273.35"/>
    <tag k="local_y" v="-8.6771"/>
    <tag k="ele" v="3.3328"/>
  </node>
  <node id="47194" lat="-4.5230766727" lon="57.89895964927">
    <tag k="local_x" v="-273.6879"/>
    <tag k="local_y" v="-7.9889"/>
    <tag k="ele" v="3.3328"/>
  </node>
  <node id="47195" lat="-4.5230673089" lon="57.89895726175">
    <tag k="local_x" v="-273.9515"/>
    <tag k="local_y" v="-6.9534"/>
    <tag k="ele" v="2.2015"/>
  </node>
  <node id="47266" lat="-4.5229678017" lon="57.8989227921">
    <tag k="local_x" v="-277.7621"/>
    <tag k="local_y" v="4.0519"/>
    <tag k="ele" v="2.1426"/>
  </node>
  <node id="47267" lat="-4.52295778579" lon="57.89892252647">
    <tag k="local_x" v="-277.7902"/>
    <tag k="local_y" v="5.1592"/>
    <tag k="ele" v="2.1426"/>
  </node>
  <node id="47268" lat="-4.52294999081" lon="57.89892281431">
    <tag k="local_x" v="-277.7572"/>
    <tag k="local_y" v="6.0209"/>
    <tag k="ele" v="2.1426"/>
  </node>
  <node id="47269" lat="-4.52293212339" lon="57.89892755953">
    <tag k="local_x" v="-277.2283"/>
    <tag k="local_y" v="7.9955"/>
    <tag k="ele" v="2.1426"/>
  </node>
  <node id="47270" lat="-4.52291364861" lon="57.89893481428">
    <tag k="local_x" v="-276.4209"/>
    <tag k="local_y" v="10.0369"/>
    <tag k="ele" v="1.6714"/>
  </node>
  <node id="47271" lat="-4.5228977056" lon="57.89894142227">
    <tag k="local_x" v="-275.6856"/>
    <tag k="local_y" v="11.7985"/>
    <tag k="ele" v="1.4329"/>
  </node>
  <node id="47272" lat="-4.52289036089" lon="57.89894405418">
    <tag k="local_x" v="-275.3926"/>
    <tag k="local_y" v="12.6101"/>
    <tag k="ele" v="1.4329"/>
  </node>
  <node id="47273" lat="-4.52287902637" lon="57.8989472373">
    <tag k="local_x" v="-275.0379"/>
    <tag k="local_y" v="13.8627"/>
    <tag k="ele" v="1.4329"/>
  </node>
  <node id="47274" lat="-4.52286726838" lon="57.89894906517">
    <tag k="local_x" v="-274.8335"/>
    <tag k="local_y" v="15.1623"/>
    <tag k="ele" v="1.8626"/>
  </node>
  <node id="47275" lat="-4.522965553" lon="57.89894825075">
    <tag k="local_x" v="-274.9373"/>
    <tag k="local_y" v="4.297"/>
    <tag k="ele" v="2.1426"/>
  </node>
  <node id="47276" lat="-4.52295399828" lon="57.89895028798">
    <tag k="local_x" v="-274.7097"/>
    <tag k="local_y" v="5.5741"/>
    <tag k="ele" v="2.1426"/>
  </node>
  <node id="47277" lat="-4.52294175876" lon="57.89895382422">
    <tag k="local_x" v="-274.3157"/>
    <tag k="local_y" v="6.9267"/>
    <tag k="ele" v="2.1426"/>
  </node>
  <node id="47278" lat="-4.52292177768" lon="57.89896196584">
    <tag k="local_x" v="-273.4097"/>
    <tag k="local_y" v="9.1345"/>
    <tag k="ele" v="1.6714"/>
  </node>
  <node id="47279" lat="-4.52290339775" lon="57.89896932256">
    <tag k="local_x" v="-272.591"/>
    <tag k="local_y" v="11.1654"/>
    <tag k="ele" v="1.4329"/>
  </node>
  <node id="47280" lat="-4.52289126649" lon="57.89897308607">
    <tag k="local_x" v="-272.1718"/>
    <tag k="local_y" v="12.506"/>
    <tag k="ele" v="1.4329"/>
  </node>
  <node id="47281" lat="-4.52288147641" lon="57.89897452608">
    <tag k="local_x" v="-272.0107"/>
    <tag k="local_y" v="13.5881"/>
    <tag k="ele" v="1.4329"/>
  </node>
  <node id="47282" lat="-4.52286502509" lon="57.89897453644">
    <tag k="local_x" v="-272.0073"/>
    <tag k="local_y" v="15.4068"/>
    <tag k="ele" v="1.8626"/>
  </node>
  <node id="47286" lat="-4.52285036657" lon="57.89894763372">
    <tag k="local_x" v="-274.99"/>
    <tag k="local_y" v="17.031"/>
    <tag k="ele" v="1.7269"/>
  </node>
  <node id="47287" lat="-4.52283992266" lon="57.89894529265">
    <tag k="local_x" v="-275.2483"/>
    <tag k="local_y" v="18.1859"/>
    <tag k="ele" v="1.7269"/>
  </node>
  <node id="47288" lat="-4.52283238814" lon="57.89894197719">
    <tag k="local_x" v="-275.6151"/>
    <tag k="local_y" v="19.0193"/>
    <tag k="ele" v="2.5366"/>
  </node>
  <node id="47289" lat="-4.52282719389" lon="57.89893925682">
    <tag k="local_x" v="-275.9162"/>
    <tag k="local_y" v="19.5939"/>
    <tag k="ele" v="2.5366"/>
  </node>
  <node id="47290" lat="-4.52279961847" lon="57.89892160227">
    <tag k="local_x" v="-277.8711"/>
    <tag k="local_y" v="22.6448"/>
    <tag k="ele" v="3.0765"/>
  </node>
  <node id="47291" lat="-4.5227807692" lon="57.89890991462">
    <tag k="local_x" v="-279.1652"/>
    <tag k="local_y" v="24.7302"/>
    <tag k="ele" v="3.3328"/>
  </node>
  <node id="47292" lat="-4.52277134494" lon="57.89890667977">
    <tag k="local_x" v="-279.5228"/>
    <tag k="local_y" v="25.7725"/>
    <tag k="ele" v="3.3328"/>
  </node>
  <node id="47293" lat="-4.52276149007" lon="57.89890493432">
    <tag k="local_x" v="-279.7151"/>
    <tag k="local_y" v="26.8622"/>
    <tag k="ele" v="3.3328"/>
  </node>
  <node id="47294" lat="-4.522755872" lon="57.89890406479">
    <tag k="local_x" v="-279.8108"/>
    <tag k="local_y" v="27.4834"/>
    <tag k="ele" v="2.2015"/>
  </node>
  <node id="47295" lat="-4.52284803282" lon="57.89897310488">
    <tag k="local_x" v="-272.1638"/>
    <tag k="local_y" v="17.2855"/>
    <tag k="ele" v="1.7269"/>
  </node>
  <node id="47296" lat="-4.52283542011" lon="57.89897122262">
    <tag k="local_x" v="-272.3709"/>
    <tag k="local_y" v="18.6801"/>
    <tag k="ele" v="1.7269"/>
  </node>
  <node id="47297" lat="-4.52282738548" lon="57.8989692712">
    <tag k="local_x" v="-272.5863"/>
    <tag k="local_y" v="19.5686"/>
    <tag k="ele" v="2.5366"/>
  </node>
  <node id="47298" lat="-4.52281539538" lon="57.89896425391">
    <tag k="local_x" v="-273.1413"/>
    <tag k="local_y" v="20.8948"/>
    <tag k="ele" v="2.5366"/>
  </node>
  <node id="47299" lat="-4.52278509281" lon="57.89894504748">
    <tag k="local_x" v="-275.268"/>
    <tag k="local_y" v="24.2474"/>
    <tag k="ele" v="3.0765"/>
  </node>
  <node id="47300" lat="-4.52276909095" lon="57.89893494431">
    <tag k="local_x" v="-276.3867"/>
    <tag k="local_y" v="26.0178"/>
    <tag k="ele" v="3.3328"/>
  </node>
  <node id="47301" lat="-4.52276286953" lon="57.89893189097">
    <tag k="local_x" v="-276.7246"/>
    <tag k="local_y" v="26.706"/>
    <tag k="ele" v="3.3328"/>
  </node>
  <node id="47302" lat="-4.52275362966" lon="57.89892950362">
    <tag k="local_x" v="-276.9882"/>
    <tag k="local_y" v="27.7278"/>
    <tag k="ele" v="2.2015"/>
  </node>
  <node id="47306" lat="-4.52261461832" lon="57.89889358459">
    <tag k="local_x" v="-280.9542"/>
    <tag k="local_y" v="43.1005"/>
    <tag k="ele" v="2.1426"/>
  </node>
  <node id="47307" lat="-4.52260447848" lon="57.89889331881">
    <tag k="local_x" v="-280.9823"/>
    <tag k="local_y" v="44.2215"/>
    <tag k="ele" v="2.1426"/>
  </node>
  <node id="47308" lat="-4.5225966835" lon="57.89889360664">
    <tag k="local_x" v="-280.9493"/>
    <tag k="local_y" v="45.0832"/>
    <tag k="ele" v="2.1426"/>
  </node>
  <node id="47309" lat="-4.52257881608" lon="57.89889835187">
    <tag k="local_x" v="-280.4204"/>
    <tag k="local_y" v="47.0578"/>
    <tag k="ele" v="2.1426"/>
  </node>
  <node id="47310" lat="-4.5225603413" lon="57.89890560661">
    <tag k="local_x" v="-279.613"/>
    <tag k="local_y" v="49.0992"/>
    <tag k="ele" v="1.6714"/>
  </node>
  <node id="47311" lat="-4.52254439829" lon="57.89891221461">
    <tag k="local_x" v="-278.8777"/>
    <tag k="local_y" v="50.8608"/>
    <tag k="ele" v="1.4329"/>
  </node>
  <node id="47312" lat="-4.52253705358" lon="57.89891484651">
    <tag k="local_x" v="-278.5847"/>
    <tag k="local_y" v="51.6724"/>
    <tag k="ele" v="1.4329"/>
  </node>
  <node id="47313" lat="-4.52252571906" lon="57.89891802964">
    <tag k="local_x" v="-278.23"/>
    <tag k="local_y" v="52.925"/>
    <tag k="ele" v="1.4329"/>
  </node>
  <node id="47314" lat="-4.5225141337" lon="57.89891851741">
    <tag k="local_x" v="-278.1743"/>
    <tag k="local_y" v="54.2057"/>
    <tag k="ele" v="1.8626"/>
  </node>
  <node id="47315" lat="-4.52261236962" lon="57.89891904322">
    <tag k="local_x" v="-278.1294"/>
    <tag k="local_y" v="43.3456"/>
    <tag k="ele" v="2.1426"/>
  </node>
  <node id="47316" lat="-4.52260069098" lon="57.8989210803">
    <tag k="local_x" v="-277.9018"/>
    <tag k="local_y" v="44.6364"/>
    <tag k="ele" v="2.1426"/>
  </node>
  <node id="47317" lat="-4.52258845145" lon="57.89892461654">
    <tag k="local_x" v="-277.5078"/>
    <tag k="local_y" v="45.989"/>
    <tag k="ele" v="2.1426"/>
  </node>
  <node id="47318" lat="-4.52256847038" lon="57.89893275817">
    <tag k="local_x" v="-276.6018"/>
    <tag k="local_y" v="48.1968"/>
    <tag k="ele" v="1.6714"/>
  </node>
  <node id="47319" lat="-4.52255009045" lon="57.89894011488">
    <tag k="local_x" v="-275.7831"/>
    <tag k="local_y" v="50.2277"/>
    <tag k="ele" v="1.4329"/>
  </node>
  <node id="47320" lat="-4.52253795919" lon="57.89894387839">
    <tag k="local_x" v="-275.3639"/>
    <tag k="local_y" v="51.5683"/>
    <tag k="ele" v="1.4329"/>
  </node>
  <node id="47321" lat="-4.52252816911" lon="57.8989453184">
    <tag k="local_x" v="-275.2028"/>
    <tag k="local_y" v="52.6504"/>
    <tag k="ele" v="1.4329"/>
  </node>
  <node id="47322" lat="-4.52251189041" lon="57.89894398867">
    <tag k="local_x" v="-275.3481"/>
    <tag k="local_y" v="54.4502"/>
    <tag k="ele" v="1.8626"/>
  </node>
  <node id="47439" lat="-4.52226167803" lon="57.89889224364">
    <tag k="local_x" v="-281.0547"/>
    <tag k="local_y" v="82.1184"/>
    <tag k="ele" v="1.7269"/>
  </node>
  <node id="47440" lat="-4.52225578697" lon="57.89892036758">
    <tag k="local_x" v="-277.9337"/>
    <tag k="local_y" v="82.7658"/>
    <tag k="ele" v="1.8096"/>
  </node>
  <node id="47513" lat="-4.52418331192" lon="57.89613913939">
    <tag k="local_x" v="-586.7582"/>
    <tag k="local_y" v="-129.9417"/>
    <tag k="ele" v="1.8121"/>
  </node>
  <node id="47514" lat="-4.52418061904" lon="57.89616981731">
    <tag k="local_x" v="-583.3543"/>
    <tag k="local_y" v="-129.6482"/>
    <tag k="ele" v="1.8121"/>
  </node>
  <node id="47522" lat="-4.52390834777" lon="57.89611938075">
    <tag k="local_x" v="-588.9128"/>
    <tag k="local_y" v="-99.5416"/>
    <tag k="ele" v="2.2172"/>
  </node>
  <node id="47524" lat="-4.52389151624" lon="57.89612180904">
    <tag k="local_x" v="-588.6411"/>
    <tag k="local_y" v="-97.6812"/>
    <tag k="ele" v="2.2172"/>
  </node>
  <node id="47527" lat="-4.52391111401" lon="57.89615073328">
    <tag k="local_x" v="-585.4348"/>
    <tag k="local_y" v="-99.8517"/>
    <tag k="ele" v="2.2172"/>
  </node>
  <node id="47529" lat="-4.52389685376" lon="57.89615275551">
    <tag k="local_x" v="-585.2085"/>
    <tag k="local_y" v="-98.2755"/>
    <tag k="ele" v="2.2172"/>
  </node>
  <node id="47533" lat="-4.52426629092" lon="57.89627236979">
    <tag k="local_x" v="-571.9884"/>
    <tag k="local_y" v="-139.1333"/>
    <tag k="ele" v="1.2602"/>
  </node>
  <node id="47534" lat="-4.52427659912" lon="57.89627108452">
    <tag k="local_x" v="-572.1324"/>
    <tag k="local_y" v="-140.2727"/>
    <tag k="ele" v="1.2602"/>
  </node>
  <node id="47535" lat="-4.52428811962" lon="57.89626673342">
    <tag k="local_x" v="-572.6167"/>
    <tag k="local_y" v="-141.5457"/>
    <tag k="ele" v="1.2602"/>
  </node>
  <node id="47536" lat="-4.52429870175" lon="57.89625973299">
    <tag k="local_x" v="-573.3948"/>
    <tag k="local_y" v="-142.7146"/>
    <tag k="ele" v="1.2602"/>
  </node>
  <node id="47537" lat="-4.52430772743" lon="57.89625029337">
    <tag k="local_x" v="-574.4433"/>
    <tag k="local_y" v="-143.7111"/>
    <tag k="ele" v="1.2602"/>
  </node>
  <node id="47538" lat="-4.52431375413" lon="57.89624112949">
    <tag k="local_x" v="-575.4608"/>
    <tag k="local_y" v="-144.3761"/>
    <tag k="ele" v="1.2602"/>
  </node>
  <node id="47539" lat="-4.52423982452" lon="57.89624367235">
    <tag k="local_x" v="-575.1686"/>
    <tag k="local_y" v="-136.2035"/>
    <tag k="ele" v="1.2602"/>
  </node>
  <node id="47541" lat="-4.52425816944" lon="57.89623755307">
    <tag k="local_x" v="-575.85"/>
    <tag k="local_y" v="-138.2307"/>
    <tag k="ele" v="1.2602"/>
  </node>
  <node id="47543" lat="-4.52426750537" lon="57.89622958575">
    <tag k="local_x" v="-576.7352"/>
    <tag k="local_y" v="-139.2617"/>
    <tag k="ele" v="1.2602"/>
  </node>
  <node id="47548" lat="-4.52431800019" lon="57.89619216498">
    <tag k="local_x" v="-580.8937"/>
    <tag k="local_y" v="-144.8388"/>
    <tag k="ele" v="1.2206"/>
  </node>
  <node id="47549" lat="-4.52431446727" lon="57.89618242058">
    <tag k="local_x" v="-581.9743"/>
    <tag k="local_y" v="-144.4469"/>
    <tag k="ele" v="1.2206"/>
  </node>
  <node id="47550" lat="-4.524308401" lon="57.89617167348">
    <tag k="local_x" v="-583.1658"/>
    <tag k="local_y" v="-143.7748"/>
    <tag k="ele" v="1.2206"/>
  </node>
  <node id="47551" lat="-4.52430049197" lon="57.89616250959">
    <tag k="local_x" v="-584.1814"/>
    <tag k="local_y" v="-142.8992"/>
    <tag k="ele" v="1.2206"/>
  </node>
  <node id="47552" lat="-4.52429112247" lon="57.89615522413">
    <tag k="local_x" v="-584.9884"/>
    <tag k="local_y" v="-141.8624"/>
    <tag k="ele" v="1.2206"/>
  </node>
  <node id="47553" lat="-4.52428071646" lon="57.89615002674">
    <tag k="local_x" v="-585.5636"/>
    <tag k="local_y" v="-140.7113"/>
    <tag k="ele" v="1.2206"/>
  </node>
  <node id="47554" lat="-4.52427115469" lon="57.89614752093">
    <tag k="local_x" v="-585.8403"/>
    <tag k="local_y" v="-139.6539"/>
    <tag k="ele" v="1.2206"/>
  </node>
  <node id="47558" lat="-4.52426946106" lon="57.89619012231">
    <tag k="local_x" v="-581.1137"/>
    <tag k="local_y" v="-139.4725"/>
    <tag k="ele" v="1.2206"/>
  </node>
  <node id="47559" lat="-4.52426481181" lon="57.89618410546">
    <tag k="local_x" v="-581.7806"/>
    <tag k="local_y" v="-138.9577"/>
    <tag k="ele" v="1.2206"/>
  </node>
  <node id="47560" lat="-4.52425475185" lon="57.89617850198">
    <tag k="local_x" v="-582.4009"/>
    <tag k="local_y" v="-137.8448"/>
    <tag k="ele" v="1.2206"/>
  </node>
  <node id="47561" lat="-4.52424184605" lon="57.8961751493">
    <tag k="local_x" v="-582.7711"/>
    <tag k="local_y" v="-136.4176"/>
    <tag k="ele" v="1.2206"/>
  </node>
  <node id="47588" lat="-4.52231420221" lon="57.89763765194">
    <tag k="local_x" v="-420.2518"/>
    <tag k="local_y" v="76.4839"/>
    <tag k="ele" v="1.7895"/>
  </node>
  <node id="47589" lat="-4.52228788897" lon="57.897643783">
    <tag k="local_x" v="-419.568"/>
    <tag k="local_y" v="79.392"/>
    <tag k="ele" v="1.7895"/>
  </node>
  <node id="47595" lat="-4.52231600617" lon="57.89766079098">
    <tag k="local_x" v="-417.6849"/>
    <tag k="local_y" v="76.2813"/>
    <tag k="ele" v="1.8513"/>
  </node>
  <node id="47596" lat="-4.52231617909" lon="57.89765337486">
    <tag k="local_x" v="-418.5077"/>
    <tag k="local_y" v="76.2632"/>
    <tag k="ele" v="1.8513"/>
  </node>
  <node id="47597" lat="-4.52231578756" lon="57.89764596616">
    <tag k="local_x" v="-419.3296"/>
    <tag k="local_y" v="76.3075"/>
    <tag k="ele" v="1.8513"/>
  </node>
  <node id="47598" lat="-4.52229076321" lon="57.89766166667">
    <tag k="local_x" v="-417.5843"/>
    <tag k="local_y" v="79.0718"/>
    <tag k="ele" v="1.8513"/>
  </node>
  <node id="47599" lat="-4.52229010897" lon="57.89765530051">
    <tag k="local_x" v="-418.2905"/>
    <tag k="local_y" v="79.145"/>
    <tag k="ele" v="1.8513"/>
  </node>
  <node id="47600" lat="-4.52228893722" lon="57.89764900672">
    <tag k="local_x" v="-418.9886"/>
    <tag k="local_y" v="79.2754"/>
    <tag k="ele" v="1.8513"/>
  </node>
  <node id="47604" lat="-4.52299676266" lon="57.89892536241">
    <tag k="local_x" v="-277.4809"/>
    <tag k="local_y" v="0.8499"/>
    <tag k="ele" v="2.172"/>
  </node>
  <node id="47605" lat="-4.52299448954" lon="57.89895081292">
    <tag k="local_x" v="-274.657"/>
    <tag k="local_y" v="1.0977"/>
    <tag k="ele" v="2.172"/>
  </node>
  <node id="47611" lat="-4.52264444086" lon="57.89889579722">
    <tag k="local_x" v="-280.7128"/>
    <tag k="local_y" v="39.8033"/>
    <tag k="ele" v="2.172"/>
  </node>
  <node id="47612" lat="-4.52264253859" lon="57.89892127701">
    <tag k="local_x" v="-277.8857"/>
    <tag k="local_y" v="40.0101"/>
    <tag k="ele" v="2.172"/>
  </node>
  <node id="47618" lat="-4.52211649024" lon="57.89827473312">
    <tag k="local_x" v="-349.5442"/>
    <tag k="local_y" v="98.2537"/>
    <tag k="ele" v="1.8128"/>
  </node>
  <node id="47619" lat="-4.52217367293" lon="57.8982800359">
    <tag k="local_x" v="-348.9637"/>
    <tag k="local_y" v="91.9314"/>
    <tag k="ele" v="1.8118"/>
  </node>
  <node id="47620" lat="-4.52211887101" lon="57.89824924491">
    <tag k="local_x" v="-352.3723"/>
    <tag k="local_y" v="97.994"/>
    <tag k="ele" v="1.8128"/>
  </node>
  <node id="47621" lat="-4.5221760537" lon="57.89825454769">
    <tag k="local_x" v="-351.7918"/>
    <tag k="local_y" v="91.6717"/>
    <tag k="ele" v="1.8118"/>
  </node>
  <node id="47628" lat="-4.52218564024" lon="57.89828009752">
    <tag k="local_x" v="-348.9585"/>
    <tag k="local_y" v="90.6084"/>
    <tag k="ele" v="1.8118"/>
  </node>
  <node id="47629" lat="-4.52219556118" lon="57.89827889742">
    <tag k="local_x" v="-349.093"/>
    <tag k="local_y" v="89.5118"/>
    <tag k="ele" v="1.8118"/>
  </node>
  <node id="47630" lat="-4.52220617904" lon="57.8982759126">
    <tag k="local_x" v="-349.4256"/>
    <tag k="local_y" v="88.3384"/>
    <tag k="ele" v="1.8118"/>
  </node>
  <node id="47631" lat="-4.52221623628" lon="57.89827130556">
    <tag k="local_x" v="-349.9381"/>
    <tag k="local_y" v="87.2272"/>
    <tag k="ele" v="1.8118"/>
  </node>
  <node id="47632" lat="-4.52222548581" lon="57.89826517784">
    <tag k="local_x" v="-350.6192"/>
    <tag k="local_y" v="86.2055"/>
    <tag k="ele" v="1.8118"/>
  </node>
  <node id="47633" lat="-4.52223369591" lon="57.89825766887">
    <tag k="local_x" v="-351.4534"/>
    <tag k="local_y" v="85.2989"/>
    <tag k="ele" v="1.8118"/>
  </node>
  <node id="47634" lat="-4.52224065921" lon="57.89824895146">
    <tag k="local_x" v="-352.4215"/>
    <tag k="local_y" v="84.5303"/>
    <tag k="ele" v="1.8118"/>
  </node>
  <node id="47635" lat="-4.52224619906" lon="57.89823922999">
    <tag k="local_x" v="-353.5008"/>
    <tag k="local_y" v="83.9192"/>
    <tag k="ele" v="1.8118"/>
  </node>
  <node id="47636" lat="-4.52224982988" lon="57.89822982975">
    <tag k="local_x" v="-354.5442"/>
    <tag k="local_y" v="83.5191"/>
    <tag k="ele" v="1.8118"/>
  </node>
  <node id="47637" lat="-4.52218203172" lon="57.89825475245">
    <tag k="local_x" v="-351.7699"/>
    <tag k="local_y" v="91.0108"/>
    <tag k="ele" v="1.8118"/>
  </node>
  <node id="47638" lat="-4.52218988044" lon="57.89825344074">
    <tag k="local_x" v="-351.9165"/>
    <tag k="local_y" v="90.1433"/>
    <tag k="ele" v="1.8118"/>
  </node>
  <node id="47639" lat="-4.52219642594" lon="57.89825119632">
    <tag k="local_x" v="-352.1664"/>
    <tag k="local_y" v="89.42"/>
    <tag k="ele" v="1.8118"/>
  </node>
  <node id="47640" lat="-4.5222025095" lon="57.89824798328">
    <tag k="local_x" v="-352.5237"/>
    <tag k="local_y" v="88.7479"/>
    <tag k="ele" v="1.8118"/>
  </node>
  <node id="47641" lat="-4.52220798719" lon="57.89824389068">
    <tag k="local_x" v="-352.9785"/>
    <tag k="local_y" v="88.1429"/>
    <tag k="ele" v="1.8118"/>
  </node>
  <node id="47642" lat="-4.52221273496" lon="57.89823902562">
    <tag k="local_x" v="-353.5189"/>
    <tag k="local_y" v="87.6187"/>
    <tag k="ele" v="1.8118"/>
  </node>
  <node id="47643" lat="-4.52221664499" lon="57.89823351506">
    <tag k="local_x" v="-354.1308"/>
    <tag k="local_y" v="87.1872"/>
    <tag k="ele" v="1.8118"/>
  </node>
  <node id="47644" lat="-4.52221963118" lon="57.89822749951">
    <tag k="local_x" v="-354.7986"/>
    <tag k="local_y" v="86.8579"/>
    <tag k="ele" v="1.8118"/>
  </node>
  <node id="47645" lat="-4.52222197241" lon="57.89822003469">
    <tag k="local_x" v="-355.6271"/>
    <tag k="local_y" v="86.6001"/>
    <tag k="ele" v="1.8118"/>
  </node>
  <node id="47649" lat="-4.52224062756" lon="57.89757205197">
    <tag k="local_x" v="-427.5197"/>
    <tag k="local_y" v="84.6266"/>
    <tag k="ele" v="1.754"/>
  </node>
  <node id="47651" lat="-4.52226587143" lon="57.89757409576">
    <tag k="local_x" v="-427.2964"/>
    <tag k="local_y" v="81.8356"/>
    <tag k="ele" v="1.7619"/>
  </node>
  <node id="47659" lat="-4.52225121991" lon="57.89768814569">
    <tag k="local_x" v="-414.6412"/>
    <tag k="local_y" v="83.4397"/>
    <tag k="ele" v="1.7515"/>
  </node>
  <node id="47660" lat="-4.52224694417" lon="57.89769971379">
    <tag k="local_x" v="-413.3572"/>
    <tag k="local_y" v="83.9108"/>
    <tag k="ele" v="1.7438"/>
  </node>
  <node id="47662" lat="-4.52222660434" lon="57.89767911178">
    <tag k="local_x" v="-415.6401"/>
    <tag k="local_y" v="86.1622"/>
    <tag k="ele" v="1.7515"/>
  </node>
  <node id="47663" lat="-4.5222223286" lon="57.89769067988">
    <tag k="local_x" v="-414.3561"/>
    <tag k="local_y" v="86.6333"/>
    <tag k="ele" v="1.7438"/>
  </node>
  <node id="47666" lat="-4.52223434134" lon="57.89764972189">
    <tag k="local_x" v="-418.9018"/>
    <tag k="local_y" v="85.3109"/>
    <tag k="ele" v="1.9466"/>
  </node>
  <node id="47667" lat="-4.52223293327" lon="57.89765747539">
    <tag k="local_x" v="-418.0414"/>
    <tag k="local_y" v="85.4655"/>
    <tag k="ele" v="1.9466"/>
  </node>
  <node id="47668" lat="-4.52223117206" lon="57.89766479221">
    <tag k="local_x" v="-417.2294"/>
    <tag k="local_y" v="85.6592"/>
    <tag k="ele" v="1.9466"/>
  </node>
  <node id="47669" lat="-4.52222891033" lon="57.89767233915">
    <tag k="local_x" v="-416.3918"/>
    <tag k="local_y" v="85.9082"/>
    <tag k="ele" v="1.9466"/>
  </node>
  <node id="47670" lat="-4.52225934302" lon="57.89765375648">
    <tag k="local_x" v="-418.4576"/>
    <tag k="local_y" v="82.5464"/>
    <tag k="ele" v="1.9466"/>
  </node>
  <node id="47671" lat="-4.52225811043" lon="57.8976622493">
    <tag k="local_x" v="-417.5152"/>
    <tag k="local_y" v="82.6815"/>
    <tag k="ele" v="1.9466"/>
  </node>
  <node id="47672" lat="-4.52225634019" lon="57.89767100917">
    <tag k="local_x" v="-416.5431"/>
    <tag k="local_y" v="82.876"/>
    <tag k="ele" v="1.9466"/>
  </node>
  <node id="47673" lat="-4.52225418878" lon="57.8976793224">
    <tag k="local_x" v="-415.6205"/>
    <tag k="local_y" v="83.1127"/>
    <tag k="ele" v="1.9466"/>
  </node>
  <node id="47677" lat="-4.52221196221" lon="57.89771992863">
    <tag k="local_x" v="-411.1097"/>
    <tag k="local_y" v="87.7753"/>
    <tag k="ele" v="1.7296"/>
  </node>
  <node id="47678" lat="-4.52221099626" lon="57.89772639104">
    <tag k="local_x" v="-410.3926"/>
    <tag k="local_y" v="87.8812"/>
    <tag k="ele" v="1.7296"/>
  </node>
  <node id="47679" lat="-4.52223757883" lon="57.89772555576">
    <tag k="local_x" v="-410.4889"/>
    <tag k="local_y" v="84.9426"/>
    <tag k="ele" v="1.7296"/>
  </node>
  <node id="47680" lat="-4.52223572936" lon="57.89773182419">
    <tag k="local_x" v="-409.7932"/>
    <tag k="local_y" v="85.1462"/>
    <tag k="ele" v="1.7296"/>
  </node>
  <node id="47712" lat="-4.5217261044" lon="57.89613296086">
    <tag k="local_x" v="-587.1086"/>
    <tag k="local_y" v="141.7044"/>
    <tag k="ele" v="2.8112"/>
  </node>
  <node id="47713" lat="-4.52169621267" lon="57.89613034537">
    <tag k="local_x" v="-587.3947"/>
    <tag k="local_y" v="145.0093"/>
    <tag k="ele" v="1.9444"/>
  </node>
  <node id="47715" lat="-4.52172847875" lon="57.89610602417">
    <tag k="local_x" v="-590.0974"/>
    <tag k="local_y" v="141.4456"/>
    <tag k="ele" v="2.8112"/>
  </node>
  <node id="47716" lat="-4.52169858702" lon="57.89610340867">
    <tag k="local_x" v="-590.3835"/>
    <tag k="local_y" v="144.7505"/>
    <tag k="ele" v="1.9444"/>
  </node>
  <node id="47767" lat="-4.52164063406" lon="57.89624244944">
    <tag k="local_x" v="-574.9498"/>
    <tag k="local_y" v="151.1382"/>
    <tag k="ele" v="2.0024"/>
  </node>
  <node id="47768" lat="-4.52156033465" lon="57.89713316044">
    <tag k="local_x" v="-476.1194"/>
    <tag k="local_y" v="159.8934"/>
    <tag k="ele" v="1.8258"/>
  </node>
  <node id="47770" lat="-4.52161360594" lon="57.89624003035">
    <tag k="local_x" v="-575.2145"/>
    <tag k="local_y" v="154.1265"/>
    <tag k="ele" v="2.0024"/>
  </node>
  <node id="47771" lat="-4.52153330654" lon="57.89713074041">
    <tag k="local_x" v="-476.3842"/>
    <tag k="local_y" v="162.8817"/>
    <tag k="ele" v="1.8258"/>
  </node>
  <node id="47774" lat="-4.52155929303" lon="57.89714376266">
    <tag k="local_x" v="-474.943"/>
    <tag k="local_y" v="160.0071"/>
    <tag k="ele" v="1.8709"/>
  </node>
  <node id="47777" lat="-4.52153224196" lon="57.89714161842">
    <tag k="local_x" v="-475.1772"/>
    <tag k="local_y" v="162.9979"/>
    <tag k="ele" v="1.8709"/>
  </node>
  <node id="47785" lat="-4.52167800225" lon="57.89610453891">
    <tag k="local_x" v="-590.2553"/>
    <tag k="local_y" v="147.026"/>
    <tag k="ele" v="1.9444"/>
  </node>
  <node id="47787" lat="-4.52165856914" lon="57.89611139415">
    <tag k="local_x" v="-589.4921"/>
    <tag k="local_y" v="149.1734"/>
    <tag k="ele" v="1.9444"/>
  </node>
  <node id="47789" lat="-4.52164185689" lon="57.89612342199">
    <tag k="local_x" v="-588.1554"/>
    <tag k="local_y" v="151.0193"/>
    <tag k="ele" v="1.9444"/>
  </node>
  <node id="47791" lat="-4.52162921632" lon="57.89613964882">
    <tag k="local_x" v="-586.3534"/>
    <tag k="local_y" v="152.4145"/>
    <tag k="ele" v="1.9444"/>
  </node>
  <node id="47793" lat="-4.52162192473" lon="57.89615783546">
    <tag k="local_x" v="-584.3347"/>
    <tag k="local_y" v="153.2181"/>
    <tag k="ele" v="1.9444"/>
  </node>
  <node id="47795" lat="-4.5216833317" lon="57.89613105242">
    <tag k="local_x" v="-587.3145"/>
    <tag k="local_y" v="146.4332"/>
    <tag k="ele" v="1.9444"/>
  </node>
  <node id="47797" lat="-4.52167116994" lon="57.89613534324">
    <tag k="local_x" v="-586.8368"/>
    <tag k="local_y" v="147.7771"/>
    <tag k="ele" v="1.9444"/>
  </node>
  <node id="47799" lat="-4.52166071109" lon="57.8961428693">
    <tag k="local_x" v="-586.0004"/>
    <tag k="local_y" v="148.9323"/>
    <tag k="ele" v="1.9444"/>
  </node>
  <node id="47801" lat="-4.52165280077" lon="57.89615302503">
    <tag k="local_x" v="-584.8726"/>
    <tag k="local_y" v="149.8054"/>
    <tag k="ele" v="1.9444"/>
  </node>
  <node id="47803" lat="-4.52164782147" lon="57.89616591726">
    <tag k="local_x" v="-583.4416"/>
    <tag k="local_y" v="150.3541"/>
    <tag k="ele" v="1.9444"/>
  </node>
  <node id="47846" lat="-4.52146146655" lon="57.89802796283">
    <tag k="local_x" v="-376.8325"/>
    <tag k="local_y" v="170.7007"/>
    <tag k="ele" v="1.8293"/>
  </node>
  <node id="47847" lat="-4.5214885176" lon="57.8980301071">
    <tag k="local_x" v="-376.5983"/>
    <tag k="local_y" v="167.7099"/>
    <tag k="ele" v="1.8293"/>
  </node>
  <node id="47886" lat="-4.5215059603" lon="57.89813442486">
    <tag k="local_x" v="-365.0272"/>
    <tag k="local_y" v="165.7673"/>
    <tag k="ele" v="1.7121"/>
  </node>
  <node id="47887" lat="-4.5215304918" lon="57.89811568983">
    <tag k="local_x" v="-367.1091"/>
    <tag k="local_y" v="163.0579"/>
    <tag k="ele" v="1.7269"/>
  </node>
  <node id="47894" lat="-4.52146139948" lon="57.89804776724">
    <tag k="local_x" v="-374.6353"/>
    <tag k="local_y" v="170.7054"/>
    <tag k="ele" v="1.8293"/>
  </node>
  <node id="47896" lat="-4.52146467137" lon="57.89806739639">
    <tag k="local_x" v="-372.458"/>
    <tag k="local_y" v="170.341"/>
    <tag k="ele" v="1.8293"/>
  </node>
  <node id="47898" lat="-4.52147152544" lon="57.89808620703">
    <tag k="local_x" v="-370.372"/>
    <tag k="local_y" v="169.5807"/>
    <tag k="ele" v="1.8293"/>
  </node>
  <node id="47901" lat="-4.52148901397" lon="57.89804489078">
    <tag k="local_x" v="-374.9582"/>
    <tag k="local_y" v="167.653"/>
    <tag k="ele" v="1.8293"/>
  </node>
  <node id="47903" lat="-4.52149250052" lon="57.89805919051">
    <tag k="local_x" v="-373.3722"/>
    <tag k="local_y" v="167.2656"/>
    <tag k="ele" v="1.8293"/>
  </node>
  <node id="47905" lat="-4.52149850478" lon="57.89807250906">
    <tag k="local_x" v="-371.8954"/>
    <tag k="local_y" v="166.6"/>
    <tag k="ele" v="1.8293"/>
  </node>
  <node id="47911" lat="-4.52151793007" lon="57.89814781926">
    <tag k="local_x" v="-363.5428"/>
    <tag k="local_y" v="164.4422"/>
    <tag k="ele" v="1.7195"/>
  </node>
  <node id="47913" lat="-4.52153177546" lon="57.89815938443">
    <tag k="local_x" v="-362.2616"/>
    <tag k="local_y" v="162.91"/>
    <tag k="ele" v="1.7195"/>
  </node>
  <node id="47916" lat="-4.52153957004" lon="57.89812660917">
    <tag k="local_x" v="-365.8989"/>
    <tag k="local_y" v="162.0528"/>
    <tag k="ele" v="1.7195"/>
  </node>
  <node id="47918" lat="-4.52154977312" lon="57.89813641582">
    <tag k="local_x" v="-364.8123"/>
    <tag k="local_y" v="160.9235"/>
    <tag k="ele" v="1.7195"/>
  </node>
  <node id="47923" lat="-4.52148338787" lon="57.89810446499">
    <tag k="local_x" v="-368.348"/>
    <tag k="local_y" v="168.2668"/>
    <tag k="ele" v="1.7707"/>
  </node>
  <node id="47924" lat="-4.52150788645" lon="57.89808602015">
    <tag k="local_x" v="-370.3977"/>
    <tag k="local_y" v="165.561"/>
    <tag k="ele" v="1.7781"/>
  </node>
  <node id="47930" lat="-4.52154687339" lon="57.8981689952">
    <tag k="local_x" v="-361.1974"/>
    <tag k="local_y" v="161.2396"/>
    <tag k="ele" v="1.7173"/>
  </node>
  <node id="47931" lat="-4.52156154681" lon="57.89814453798">
    <tag k="local_x" v="-363.9128"/>
    <tag k="local_y" v="159.6208"/>
    <tag k="ele" v="1.7173"/>
  </node>
  <node id="47989" lat="-4.52161982031" lon="57.89617862616">
    <tag k="local_x" v="-582.0278"/>
    <tag k="local_y" v="153.4479"/>
    <tag k="ele" v="1.9734"/>
  </node>
  <node id="47990" lat="-4.52164638325" lon="57.89618123307">
    <tag k="local_x" v="-581.7422"/>
    <tag k="local_y" v="150.511"/>
    <tag k="ele" v="1.9734"/>
  </node>
  <node id="48001" lat="-4.52167862561" lon="57.8960021037">
    <tag k="local_x" v="-601.62"/>
    <tag k="local_y" v="146.9711"/>
    <tag k="ele" v="2.1041"/>
  </node>
  <node id="48002" lat="-4.52167191863" lon="57.89608440785">
    <tag k="local_x" v="-592.4879"/>
    <tag k="local_y" v="147.7013"/>
    <tag k="ele" v="2.0743"/>
  </node>
  <node id="48004" lat="-4.52163197567" lon="57.89599749096">
    <tag k="local_x" v="-602.1254"/>
    <tag k="local_y" v="152.1289"/>
    <tag k="ele" v="2.1041"/>
  </node>
  <node id="48005" lat="-4.52162526869" lon="57.89607979509">
    <tag k="local_x" v="-592.9933"/>
    <tag k="local_y" v="152.8591"/>
    <tag k="ele" v="2.0743"/>
  </node>
  <node id="48034" lat="-4.5215339877" lon="57.8992791774">
    <tag k="local_x" v="-238.027"/>
    <tag k="local_y" v="162.5118"/>
    <tag k="ele" v="1.9087"/>
  </node>
  <node id="48035" lat="-4.5215364752" lon="57.89924644159">
    <tag k="local_x" v="-241.6592"/>
    <tag k="local_y" v="162.2413"/>
    <tag k="ele" v="1.9043"/>
  </node>
  <node id="48036" lat="-4.52154479866" lon="57.89913816622">
    <tag k="local_x" v="-253.6729"/>
    <tag k="local_y" v="161.336"/>
    <tag k="ele" v="0.611"/>
  </node>
  <node id="48038" lat="-4.52150782376" lon="57.89927725501">
    <tag k="local_x" v="-238.2367"/>
    <tag k="local_y" v="165.4045"/>
    <tag k="ele" v="1.9087"/>
  </node>
  <node id="48039" lat="-4.52151031494" lon="57.89924446783">
    <tag k="local_x" v="-241.8746"/>
    <tag k="local_y" v="165.1336"/>
    <tag k="ele" v="1.9043"/>
  </node>
  <node id="48040" lat="-4.52151867541" lon="57.8991362601">
    <tag k="local_x" v="-253.8808"/>
    <tag k="local_y" v="164.2242"/>
    <tag k="ele" v="0.611"/>
  </node>
  <node id="48045" lat="-4.52155211439" lon="57.89903867056">
    <tag k="local_x" v="-264.7124"/>
    <tag k="local_y" v="160.5409"/>
    <tag k="ele" v="1.2599"/>
  </node>
  <node id="48046" lat="-4.52152596399" lon="57.89903676532">
    <tag k="local_x" v="-264.9202"/>
    <tag k="local_y" v="163.4321"/>
    <tag k="ele" v="1.2599"/>
  </node>
  <node id="48052" lat="-4.52158041326" lon="57.89889837586">
    <tag k="local_x" v="-280.2812"/>
    <tag k="local_y" v="157.4317"/>
    <tag k="ele" v="-0.6867"/>
  </node>
  <node id="48053" lat="-4.52155839086" lon="57.89888370626">
    <tag k="local_x" v="-281.9057"/>
    <tag k="local_y" v="159.8683"/>
    <tag k="ele" v="-0.6867"/>
  </node>
  <node id="48059" lat="-4.5215582804" lon="57.89895738619">
    <tag k="local_x" v="-273.7313"/>
    <tag k="local_y" v="159.8704"/>
    <tag k="ele" v="1.7412"/>
  </node>
  <node id="48061" lat="-4.52156132858" lon="57.89894151895">
    <tag k="local_x" v="-275.4921"/>
    <tag k="local_y" v="159.5356"/>
    <tag k="ele" v="1.7412"/>
  </node>
  <node id="48063" lat="-4.52156608175" lon="57.89892646954">
    <tag k="local_x" v="-277.1624"/>
    <tag k="local_y" v="159.0122"/>
    <tag k="ele" v="1.7412"/>
  </node>
  <node id="48065" lat="-4.52157253108" lon="57.89891206488">
    <tag k="local_x" v="-278.7614"/>
    <tag k="local_y" v="158.3012"/>
    <tag k="ele" v="1.7412"/>
  </node>
  <node id="48067" lat="-4.52153239148" lon="57.89895324862">
    <tag k="local_x" v="-274.1868"/>
    <tag k="local_y" v="162.733"/>
    <tag k="ele" v="1.7412"/>
  </node>
  <node id="48069" lat="-4.52153581781" lon="57.89893516002">
    <tag k="local_x" v="-276.1941"/>
    <tag k="local_y" v="162.3567"/>
    <tag k="ele" v="1.7412"/>
  </node>
  <node id="48071" lat="-4.52154139683" lon="57.89891721469">
    <tag k="local_x" v="-278.1858"/>
    <tag k="local_y" v="161.7424"/>
    <tag k="ele" v="1.7412"/>
  </node>
  <node id="48073" lat="-4.52154900294" lon="57.89890002087">
    <tag k="local_x" v="-280.0944"/>
    <tag k="local_y" v="160.9039"/>
    <tag k="ele" v="1.7412"/>
  </node>
  <node id="48113" lat="-4.52154597713" lon="57.89944205554">
    <tag k="local_x" v="-219.9582"/>
    <tag k="local_y" v="161.164"/>
    <tag k="ele" v="0.141"/>
  </node>
  <node id="48115" lat="-4.52153968885" lon="57.89941854595">
    <tag k="local_x" v="-222.5656"/>
    <tag k="local_y" v="161.8624"/>
    <tag k="ele" v="0.141"/>
  </node>
  <node id="48117" lat="-4.5215350525" lon="57.89939488247">
    <tag k="local_x" v="-225.1903"/>
    <tag k="local_y" v="162.3782"/>
    <tag k="ele" v="0.141"/>
  </node>
  <node id="48119" lat="-4.52153202478" lon="57.89937096318">
    <tag k="local_x" v="-227.8436"/>
    <tag k="local_y" v="162.7162"/>
    <tag k="ele" v="0.141"/>
  </node>
  <node id="48121" lat="-4.52153062094" lon="57.89934689718">
    <tag k="local_x" v="-230.5134"/>
    <tag k="local_y" v="162.8747"/>
    <tag k="ele" v="0.141"/>
  </node>
  <node id="48123" lat="-4.52153085377" lon="57.8993225736">
    <tag k="local_x" v="-233.212"/>
    <tag k="local_y" v="162.8523"/>
    <tag k="ele" v="0.141"/>
  </node>
  <node id="48124" lat="-4.521521015" lon="57.89944915895">
    <tag k="local_x" v="-219.1667"/>
    <tag k="local_y" v="163.9226"/>
    <tag k="ele" v="0.141"/>
  </node>
  <node id="48126" lat="-4.52151434565" lon="57.89942439691">
    <tag k="local_x" v="-221.913"/>
    <tag k="local_y" v="164.6633"/>
    <tag k="ele" v="0.141"/>
  </node>
  <node id="48128" lat="-4.52150931612" lon="57.89939902849">
    <tag k="local_x" v="-224.7268"/>
    <tag k="local_y" v="165.2228"/>
    <tag k="ele" v="0.141"/>
  </node>
  <node id="48130" lat="-4.52150601285" lon="57.89937337827">
    <tag k="local_x" v="-227.5721"/>
    <tag k="local_y" v="165.5915"/>
    <tag k="ele" v="0.141"/>
  </node>
  <node id="48132" lat="-4.52150444926" lon="57.89934756255">
    <tag k="local_x" v="-230.436"/>
    <tag k="local_y" v="165.7679"/>
    <tag k="ele" v="0.141"/>
  </node>
  <node id="48134" lat="-4.52150462765" lon="57.89932191933">
    <tag k="local_x" v="-233.281"/>
    <tag k="local_y" v="165.7517"/>
    <tag k="ele" v="0.141"/>
  </node>
  <node id="48140" lat="-4.52162343497" lon="57.89956000635">
    <tag k="local_x" v="-206.8828"/>
    <tag k="local_y" v="152.5848"/>
    <tag k="ele" v="1.9169"/>
  </node>
  <node id="48143" lat="-4.52162104378" lon="57.89958874749">
    <tag k="local_x" v="-203.6938"/>
    <tag k="local_y" v="152.8452"/>
    <tag k="ele" v="1.9169"/>
  </node>
  <node id="48154" lat="-4.52164337034" lon="57.89956172097">
    <tag k="local_x" v="-206.6953"/>
    <tag k="local_y" v="150.3807"/>
    <tag k="ele" v="1.9145"/>
  </node>
  <node id="48155" lat="-4.52164097825" lon="57.89959046211">
    <tag k="local_x" v="-203.5063"/>
    <tag k="local_y" v="150.6412"/>
    <tag k="ele" v="1.9145"/>
  </node>
  <node id="48161" lat="-4.52160704972" lon="57.89956071984">
    <tag k="local_x" v="-206.8014"/>
    <tag k="local_y" v="154.3961"/>
    <tag k="ele" v="1.9169"/>
  </node>
  <node id="48162" lat="-4.52159434794" lon="57.89956427442">
    <tag k="local_x" v="-206.4053"/>
    <tag k="local_y" v="155.7998"/>
    <tag k="ele" v="1.9169"/>
  </node>
  <node id="48163" lat="-4.52158131541" lon="57.89957121227">
    <tag k="local_x" v="-205.6338"/>
    <tag k="local_y" v="157.2396"/>
    <tag k="ele" v="1.9169"/>
  </node>
  <node id="48164" lat="-4.52157133738" lon="57.89957977542">
    <tag k="local_x" v="-204.6824"/>
    <tag k="local_y" v="158.3415"/>
    <tag k="ele" v="1.9169"/>
  </node>
  <node id="48165" lat="-4.52161426691" lon="57.89958864809">
    <tag k="local_x" v="-203.7039"/>
    <tag k="local_y" v="153.5944"/>
    <tag k="ele" v="1.9169"/>
  </node>
  <node id="48166" lat="-4.52160453107" lon="57.8995908507">
    <tag k="local_x" v="-203.4582"/>
    <tag k="local_y" v="154.6704"/>
    <tag k="ele" v="1.9169"/>
  </node>
  <node id="48167" lat="-4.52159698425" lon="57.89959452251">
    <tag k="local_x" v="-203.0498"/>
    <tag k="local_y" v="155.5042"/>
    <tag k="ele" v="1.9169"/>
  </node>
  <node id="48168" lat="-4.52158928394" lon="57.89960088287">
    <tag k="local_x" v="-202.3431"/>
    <tag k="local_y" v="156.3546"/>
    <tag k="ele" v="1.9169"/>
  </node>
  <node id="48172" lat="-4.52161536778" lon="57.89955878228">
    <tag k="local_x" v="-207.0175"/>
    <tag k="local_y" v="153.4768"/>
    <tag k="ele" v="1.9169"/>
  </node>
  <node id="48173" lat="-4.52160521248" lon="57.89955568172">
    <tag k="local_x" v="-207.3601"/>
    <tag k="local_y" v="154.5999"/>
    <tag k="ele" v="1.9169"/>
  </node>
  <node id="48174" lat="-4.52159672839" lon="57.89955145924">
    <tag k="local_x" v="-207.8274"/>
    <tag k="local_y" v="155.5384"/>
    <tag k="ele" v="1.9169"/>
  </node>
  <node id="48175" lat="-4.52158901216" lon="57.89954587036">
    <tag k="local_x" v="-208.4464"/>
    <tag k="local_y" v="156.3922"/>
    <tag k="ele" v="1.9169"/>
  </node>
  <node id="48176" lat="-4.52158228615" lon="57.89953905236">
    <tag k="local_x" v="-209.2019"/>
    <tag k="local_y" v="157.1367"/>
    <tag k="ele" v="1.9169"/>
  </node>
  <node id="48177" lat="-4.52157620753" lon="57.89953027381">
    <tag k="local_x" v="-210.175"/>
    <tag k="local_y" v="157.8099"/>
    <tag k="ele" v="1.9169"/>
  </node>
  <node id="48178" lat="-4.52160588486" lon="57.89958603015">
    <tag k="local_x" v="-203.9932"/>
    <tag k="local_y" v="154.5214"/>
    <tag k="ele" v="1.9169"/>
  </node>
  <node id="48179" lat="-4.52159378116" lon="57.89958143906">
    <tag k="local_x" v="-204.5009"/>
    <tag k="local_y" v="155.8601"/>
    <tag k="ele" v="1.9169"/>
  </node>
  <node id="48180" lat="-4.52158157645" lon="57.89957442771">
    <tag k="local_x" v="-205.2771"/>
    <tag k="local_y" v="157.2103"/>
    <tag k="ele" v="1.9169"/>
  </node>
  <node id="48181" lat="-4.52157073904" lon="57.89956554775">
    <tag k="local_x" v="-206.2608"/>
    <tag k="local_y" v="158.4096"/>
    <tag k="ele" v="1.9169"/>
  </node>
  <node id="48182" lat="-4.52156155176" lon="57.89955505371">
    <tag k="local_x" v="-207.4238"/>
    <tag k="local_y" v="159.4267"/>
    <tag k="ele" v="1.9169"/>
  </node>
  <node id="48183" lat="-4.52155478921" lon="57.89954414893">
    <tag k="local_x" v="-208.6327"/>
    <tag k="local_y" v="160.1758"/>
    <tag k="ele" v="1.9169"/>
  </node>
  <node id="48214" lat="-4.52170456047" lon="57.89710085583">
    <tag k="local_x" v="-479.7231"/>
    <tag k="local_y" v="143.9536"/>
    <tag k="ele" v="2.2691"/>
  </node>
  <node id="48215" lat="-4.52167911968" lon="57.89709859099">
    <tag k="local_x" v="-479.9709"/>
    <tag k="local_y" v="146.7664"/>
    <tag k="ele" v="2.2691"/>
  </node>
  <node id="48223" lat="-4.52176895616" lon="57.89696818031">
    <tag k="local_x" v="-494.4515"/>
    <tag k="local_y" v="136.8528"/>
    <tag k="ele" v="-0.0062"/>
  </node>
  <node id="48224" lat="-4.52177349685" lon="57.8969603252">
    <tag k="local_x" v="-495.3236"/>
    <tag k="local_y" v="136.3519"/>
    <tag k="ele" v="-0.0062"/>
  </node>
  <node id="48226" lat="-4.52178153776" lon="57.8969433392">
    <tag k="local_x" v="-497.2092"/>
    <tag k="local_y" v="135.4653"/>
    <tag k="ele" v="-0.0062"/>
  </node>
  <node id="48228" lat="-4.52178759403" lon="57.89692564499">
    <tag k="local_x" v="-499.1731"/>
    <tag k="local_y" v="134.7982"/>
    <tag k="ele" v="-0.0062"/>
  </node>
  <node id="48230" lat="-4.52179160658" lon="57.89690746965">
    <tag k="local_x" v="-501.1901"/>
    <tag k="local_y" v="134.3571"/>
    <tag k="ele" v="-0.0062"/>
  </node>
  <node id="48232" lat="-4.52174703582" lon="57.8969543212">
    <tag k="local_x" v="-495.9861"/>
    <tag k="local_y" v="139.278"/>
    <tag k="ele" v="-0.0062"/>
  </node>
  <node id="48233" lat="-4.52175185568" lon="57.89694747415">
    <tag k="local_x" v="-496.7464"/>
    <tag k="local_y" v="138.7461"/>
    <tag k="ele" v="-0.0062"/>
  </node>
  <node id="48235" lat="-4.52175999223" lon="57.89693360874">
    <tag k="local_x" v="-498.2858"/>
    <tag k="local_y" v="137.8485"/>
    <tag k="ele" v="-0.0062"/>
  </node>
  <node id="48237" lat="-4.52176655414" lon="57.89691884545">
    <tag k="local_x" v="-499.9246"/>
    <tag k="local_y" v="137.1251"/>
    <tag k="ele" v="-0.0062"/>
  </node>
  <node id="48239" lat="-4.52177144259" lon="57.89690336083">
    <tag k="local_x" v="-501.6432"/>
    <tag k="local_y" v="136.5868"/>
    <tag k="ele" v="-0.0062"/>
  </node>
  <node id="48244" lat="-4.52223505695" lon="57.89764088321">
    <tag k="local_x" v="-419.8825"/>
    <tag k="local_y" v="85.233"/>
    <tag k="ele" v="1.8503"/>
  </node>
  <node id="48245" lat="-4.52226023117" lon="57.89764291971">
    <tag k="local_x" v="-419.66"/>
    <tag k="local_y" v="82.4497"/>
    <tag k="ele" v="1.8543"/>
  </node>
  <node id="48251" lat="-4.52302321165" lon="57.89833768208">
    <tag k="local_x" v="-342.6843"/>
    <tag k="local_y" v="-1.9934"/>
    <tag k="ele" v="1.7591"/>
  </node>
  <node id="48252" lat="-4.52302106096" lon="57.89836289749">
    <tag k="local_x" v="-339.8865"/>
    <tag k="local_y" v="-1.7591"/>
    <tag k="ele" v="1.7689"/>
  </node>
  <node id="48266" lat="-4.52230775966" lon="57.89748461687">
    <tag k="local_x" v="-437.2293"/>
    <tag k="local_y" v="77.2171"/>
    <tag k="ele" v="1.6645"/>
  </node>
  <node id="48268" lat="-4.52228224183" lon="57.897482479">
    <tag k="local_x" v="-437.463"/>
    <tag k="local_y" v="80.0384"/>
    <tag k="ele" v="1.6649"/>
  </node>
  <node id="48319" lat="-4.52230916245" lon="57.89747600888">
    <tag k="local_x" v="-438.1845"/>
    <tag k="local_y" v="77.0632"/>
    <tag k="ele" v="1.6647"/>
  </node>
  <node id="48320" lat="-4.5223131673" lon="57.89746552116">
    <tag k="local_x" v="-439.3486"/>
    <tag k="local_y" v="76.6219"/>
    <tag k="ele" v="1.6647"/>
  </node>
  <node id="48321" lat="-4.52231852916" lon="57.89745708028">
    <tag k="local_x" v="-440.2858"/>
    <tag k="local_y" v="76.0303"/>
    <tag k="ele" v="1.6647"/>
  </node>
  <node id="48322" lat="-4.52232545626" lon="57.89744982931">
    <tag k="local_x" v="-441.0912"/>
    <tag k="local_y" v="75.2655"/>
    <tag k="ele" v="1.6647"/>
  </node>
  <node id="48323" lat="-4.52233368772" lon="57.89744405276">
    <tag k="local_x" v="-441.7332"/>
    <tag k="local_y" v="74.3563"/>
    <tag k="ele" v="1.6647"/>
  </node>
  <node id="48324" lat="-4.52234291119" lon="57.89743998008">
    <tag k="local_x" v="-442.1863"/>
    <tag k="local_y" v="73.3372"/>
    <tag k="ele" v="1.6647"/>
  </node>
  <node id="48325" lat="-4.52235395437" lon="57.89743758436">
    <tag k="local_x" v="-442.4536"/>
    <tag k="local_y" v="72.1167"/>
    <tag k="ele" v="1.6647"/>
  </node>
  <node id="48326" lat="-4.52228536781" lon="57.89746657848">
    <tag k="local_x" v="-439.2275"/>
    <tag k="local_y" v="79.695"/>
    <tag k="ele" v="1.6647"/>
  </node>
  <node id="48327" lat="-4.52229060557" lon="57.89745391011">
    <tag k="local_x" v="-440.6337"/>
    <tag k="local_y" v="79.1177"/>
    <tag k="ele" v="1.6647"/>
  </node>
  <node id="48328" lat="-4.52229884352" lon="57.89744143832">
    <tag k="local_x" v="-442.0185"/>
    <tag k="local_y" v="78.2087"/>
    <tag k="ele" v="1.6647"/>
  </node>
  <node id="48329" lat="-4.52230935143" lon="57.8974308225">
    <tag k="local_x" v="-443.1977"/>
    <tag k="local_y" v="77.0485"/>
    <tag k="ele" v="1.6647"/>
  </node>
  <node id="48330" lat="-4.52232171905" lon="57.89742246776">
    <tag k="local_x" v="-444.1263"/>
    <tag k="local_y" v="75.6824"/>
    <tag k="ele" v="1.6647"/>
  </node>
  <node id="48331" lat="-4.52233546564" lon="57.89741668628">
    <tag k="local_x" v="-444.7696"/>
    <tag k="local_y" v="74.1635"/>
    <tag k="ele" v="1.6647"/>
  </node>
  <node id="48332" lat="-4.522348882" lon="57.89741388426">
    <tag k="local_x" v="-445.0823"/>
    <tag k="local_y" v="72.6807"/>
    <tag k="ele" v="1.6647"/>
  </node>
  <node id="48339" lat="-4.52230515886" lon="57.89751540928">
    <tag k="local_x" v="-433.8127"/>
    <tag k="local_y" v="77.5004"/>
    <tag k="ele" v="1.6964"/>
  </node>
  <node id="48340" lat="-4.52227964646" lon="57.89751327052">
    <tag k="local_x" v="-434.0465"/>
    <tag k="local_y" v="80.3211"/>
    <tag k="ele" v="1.6971"/>
  </node>
  <node id="48349" lat="-4.52230531069" lon="57.89752938584">
    <tag k="local_x" v="-432.2621"/>
    <tag k="local_y" v="77.4817"/>
    <tag k="ele" v="1.7123"/>
  </node>
  <node id="48350" lat="-4.52227969344" lon="57.89753082622">
    <tag k="local_x" v="-432.0988"/>
    <tag k="local_y" v="80.3135"/>
    <tag k="ele" v="1.7132"/>
  </node>
  <node id="48356" lat="-4.52231028581" lon="57.89755491287">
    <tag k="local_x" v="-429.4307"/>
    <tag k="local_y" v="76.9282"/>
    <tag k="ele" v="1.7203"/>
  </node>
  <node id="48357" lat="-4.52228477661" lon="57.89755675448">
    <tag k="local_x" v="-429.2229"/>
    <tag k="local_y" v="79.748"/>
    <tag k="ele" v="1.7213"/>
  </node>
  <node id="48363" lat="-4.52229685733" lon="57.89761273162">
    <tag k="local_x" v="-423.0142"/>
    <tag k="local_y" v="78.4048"/>
    <tag k="ele" v="1.7282"/>
  </node>
  <node id="48365" lat="-4.52227135849" lon="57.89761059558">
    <tag k="local_x" v="-423.2477"/>
    <tag k="local_y" v="81.224"/>
    <tag k="ele" v="1.7293"/>
  </node>
  <node id="48386" lat="-4.52261792245" lon="57.89693112348">
    <tag k="local_x" v="-498.6786"/>
    <tag k="local_y" v="43.0043"/>
    <tag k="ele" v="1.6233"/>
  </node>
  <node id="48387" lat="-4.52261986944" lon="57.89690672895">
    <tag k="local_x" v="-501.3853"/>
    <tag k="local_y" v="42.7924"/>
    <tag k="ele" v="1.6233"/>
  </node>
  <node id="48393" lat="-4.52258756937" lon="57.89694678861">
    <tag k="local_x" v="-496.9365"/>
    <tag k="local_y" v="46.3577"/>
    <tag k="ele" v="1.5274"/>
  </node>
  <node id="48394" lat="-4.5225831111" lon="57.896972076">
    <tag k="local_x" v="-494.1304"/>
    <tag k="local_y" v="46.8471"/>
    <tag k="ele" v="1.5274"/>
  </node>
  <node id="48401" lat="-4.52262921715" lon="57.8969082439">
    <tag k="local_x" v="-501.2185"/>
    <tag k="local_y" v="41.7588"/>
    <tag k="ele" v="1.6278"/>
  </node>
  <node id="48415" lat="-4.52241280839" lon="57.89692487357">
    <tag k="local_x" v="-499.344"/>
    <tag k="local_y" v="65.6806"/>
    <tag k="ele" v="1.5459"/>
  </node>
  <node id="48416" lat="-4.52241209543" lon="57.89689871723">
    <tag k="local_x" v="-502.2458"/>
    <tag k="local_y" v="65.763"/>
    <tag k="ele" v="1.5459"/>
  </node>
  <node id="48424" lat="-4.52230402013" lon="57.8982760836">
    <tag k="local_x" v="-349.42"/>
    <tag k="local_y" v="77.522"/>
    <tag k="ele" v="1.7388"/>
  </node>
  <node id="48428" lat="-4.52230339026" lon="57.89830256456">
    <tag k="local_x" v="-346.482"/>
    <tag k="local_y" v="77.588"/>
    <tag k="ele" v="1.7615"/>
  </node>
  <node id="48440" lat="-4.52228954267" lon="57.89827382501">
    <tag k="local_x" v="-349.6686"/>
    <tag k="local_y" v="79.1228"/>
    <tag k="ele" v="1.7405"/>
  </node>
  <node id="48441" lat="-4.52228603526" lon="57.89830112986">
    <tag k="local_x" v="-346.6388"/>
    <tag k="local_y" v="79.5068"/>
    <tag k="ele" v="1.7614"/>
  </node>
  <node id="48447" lat="-4.52231770236" lon="57.89827843676">
    <tag k="local_x" v="-349.1608"/>
    <tag k="local_y" v="76.0091"/>
    <tag k="ele" v="1.7451"/>
  </node>
  <node id="48448" lat="-4.52231558342" lon="57.8983035891">
    <tag k="local_x" v="-346.37"/>
    <tag k="local_y" v="76.2399"/>
    <tag k="ele" v="1.7652"/>
  </node>
  <node id="48458" lat="-4.52227699454" lon="57.89827018701">
    <tag k="local_x" v="-350.0705"/>
    <tag k="local_y" v="80.5105"/>
    <tag k="ele" v="1.751"/>
  </node>
  <node id="48460" lat="-4.52226584045" lon="57.89826282094">
    <tag k="local_x" v="-350.8862"/>
    <tag k="local_y" v="81.7446"/>
    <tag k="ele" v="1.751"/>
  </node>
  <node id="48462" lat="-4.52225633656" lon="57.8982508573">
    <tag k="local_x" v="-352.2122"/>
    <tag k="local_y" v="82.7969"/>
    <tag k="ele" v="1.751"/>
  </node>
  <node id="48464" lat="-4.52225281281" lon="57.89823884424">
    <tag k="local_x" v="-353.5445"/>
    <tag k="local_y" v="83.1881"/>
    <tag k="ele" v="1.751"/>
  </node>
  <node id="48467" lat="-4.52226490895" lon="57.89829619417">
    <tag k="local_x" v="-347.1835"/>
    <tag k="local_y" v="81.843"/>
    <tag k="ele" v="1.751"/>
  </node>
  <node id="48469" lat="-4.52224615215" lon="57.8982850628">
    <tag k="local_x" v="-348.4159"/>
    <tag k="local_y" v="83.9181"/>
    <tag k="ele" v="1.751"/>
  </node>
  <node id="48471" lat="-4.52223173313" lon="57.89826850792">
    <tag k="local_x" v="-350.2506"/>
    <tag k="local_y" v="85.5144"/>
    <tag k="ele" v="1.751"/>
  </node>
  <node id="48473" lat="-4.52222318495" lon="57.89824813134">
    <tag k="local_x" v="-352.5101"/>
    <tag k="local_y" v="86.4622"/>
    <tag k="ele" v="1.751"/>
  </node>
  <node id="48501" lat="-4.52238520854" lon="57.89828398753">
    <tag k="local_x" v="-348.5542"/>
    <tag k="local_y" v="68.5455"/>
    <tag k="ele" v="1.7453"/>
  </node>
  <node id="48502" lat="-4.52238312215" lon="57.89830915432">
    <tag k="local_x" v="-345.7618"/>
    <tag k="local_y" v="68.7727"/>
    <tag k="ele" v="1.7632"/>
  </node>
  <node id="48544" lat="-4.52379229224" lon="57.89928308306">
    <tag k="local_x" v="-237.9027"/>
    <tag k="local_y" v="-87.1454"/>
    <tag k="ele" v="1.715"/>
  </node>
  <node id="48545" lat="-4.52379572596" lon="57.89927435498">
    <tag k="local_x" v="-238.8715"/>
    <tag k="local_y" v="-87.5238"/>
    <tag k="ele" v="1.715"/>
  </node>
  <node id="48546" lat="-4.52379853476" lon="57.89926478336">
    <tag k="local_x" v="-239.9338"/>
    <tag k="local_y" v="-87.833"/>
    <tag k="ele" v="1.715"/>
  </node>
  <node id="48547" lat="-4.52380032003" lon="57.89925559355">
    <tag k="local_x" v="-240.9536"/>
    <tag k="local_y" v="-88.0291"/>
    <tag k="ele" v="1.715"/>
  </node>
  <node id="48548" lat="-4.52376736851" lon="57.89927238749">
    <tag k="local_x" v="-239.0859"/>
    <tag k="local_y" v="-84.3886"/>
    <tag k="ele" v="1.715"/>
  </node>
  <node id="48549" lat="-4.52377088646" lon="57.89926502957">
    <tag k="local_x" v="-239.9027"/>
    <tag k="local_y" v="-84.7765"/>
    <tag k="ele" v="1.715"/>
  </node>
  <node id="48550" lat="-4.52377350674" lon="57.89925794365">
    <tag k="local_x" v="-240.6892"/>
    <tag k="local_y" v="-85.0652"/>
    <tag k="ele" v="1.715"/>
  </node>
  <node id="48551" lat="-4.52377557895" lon="57.89925004674">
    <tag k="local_x" v="-241.5656"/>
    <tag k="local_y" v="-85.2932"/>
    <tag k="ele" v="1.715"/>
  </node>
  <node id="48599" lat="-4.52372894699" lon="57.89899508001">
    <tag k="local_x" v="-269.8463"/>
    <tag k="local_y" v="-80.103"/>
    <tag k="ele" v="1.7609"/>
  </node>
  <node id="48600" lat="-4.52372935928" lon="57.89902000025">
    <tag k="local_x" v="-267.0816"/>
    <tag k="local_y" v="-80.152"/>
    <tag k="ele" v="1.7609"/>
  </node>
  <node id="48606" lat="-4.5238167951" lon="57.8990464159">
    <tag k="local_x" v="-264.1629"/>
    <tag k="local_y" v="-89.8217"/>
    <tag k="ele" v="1.7761"/>
  </node>
  <node id="48607" lat="-4.52381473564" lon="57.89903676347">
    <tag k="local_x" v="-265.2335"/>
    <tag k="local_y" v="-89.5927"/>
    <tag k="ele" v="1.7761"/>
  </node>
  <node id="48608" lat="-4.52381053307" lon="57.89902654414">
    <tag k="local_x" v="-266.3667"/>
    <tag k="local_y" v="-89.1267"/>
    <tag k="ele" v="1.7761"/>
  </node>
  <node id="48609" lat="-4.52380451746" lon="57.89901727981">
    <tag k="local_x" v="-267.3937"/>
    <tag k="local_y" v="-88.4604"/>
    <tag k="ele" v="1.7761"/>
  </node>
  <node id="48610" lat="-4.52379689649" lon="57.89900928622">
    <tag k="local_x" v="-268.2795"/>
    <tag k="local_y" v="-87.6168"/>
    <tag k="ele" v="1.7761"/>
  </node>
  <node id="48611" lat="-4.52378793484" lon="57.89900283499">
    <tag k="local_x" v="-268.994"/>
    <tag k="local_y" v="-86.6252"/>
    <tag k="ele" v="1.7761"/>
  </node>
  <node id="48612" lat="-4.52377794071" lon="57.89899814554">
    <tag k="local_x" v="-269.5129"/>
    <tag k="local_y" v="-85.5197"/>
    <tag k="ele" v="1.7761"/>
  </node>
  <node id="48613" lat="-4.52376839256" lon="57.89899561809">
    <tag k="local_x" v="-269.792"/>
    <tag k="local_y" v="-84.4638"/>
    <tag k="ele" v="1.7761"/>
  </node>
  <node id="48614" lat="-4.52379159489" lon="57.89905147928">
    <tag k="local_x" v="-263.5977"/>
    <tag k="local_y" v="-87.0365"/>
    <tag k="ele" v="1.7761"/>
  </node>
  <node id="48615" lat="-4.52379020922" lon="57.89904410179">
    <tag k="local_x" v="-264.416"/>
    <tag k="local_y" v="-86.8823"/>
    <tag k="ele" v="1.7761"/>
  </node>
  <node id="48616" lat="-4.5237878728" lon="57.89903821757">
    <tag k="local_x" v="-265.0685"/>
    <tag k="local_y" v="-86.6232"/>
    <tag k="ele" v="1.7761"/>
  </node>
  <node id="48617" lat="-4.52378448373" lon="57.89903285484">
    <tag k="local_x" v="-265.663"/>
    <tag k="local_y" v="-86.2478"/>
    <tag k="ele" v="1.7761"/>
  </node>
  <node id="48618" lat="-4.52378015394" lon="57.89902820122">
    <tag k="local_x" v="-266.1787"/>
    <tag k="local_y" v="-85.7685"/>
    <tag k="ele" v="1.7761"/>
  </node>
  <node id="48619" lat="-4.52377502976" lon="57.89902441642">
    <tag k="local_x" v="-266.5979"/>
    <tag k="local_y" v="-85.2015"/>
    <tag k="ele" v="1.7761"/>
  </node>
  <node id="48620" lat="-4.52376928471" lon="57.89902163407">
    <tag k="local_x" v="-266.9058"/>
    <tag k="local_y" v="-84.566"/>
    <tag k="ele" v="1.7761"/>
  </node>
  <node id="48621" lat="-4.52376198184" lon="57.89901970878">
    <tag k="local_x" v="-267.1184"/>
    <tag k="local_y" v="-83.7584"/>
    <tag k="ele" v="1.7761"/>
  </node>
  <node id="48625" lat="-4.52369220385" lon="57.89899487786">
    <tag k="local_x" v="-269.8637"/>
    <tag k="local_y" v="-76.041"/>
    <tag k="ele" v="1.7488"/>
  </node>
  <node id="48632" lat="-4.52369180293" lon="57.899019798">
    <tag k="local_x" v="-267.0989"/>
    <tag k="local_y" v="-76.0001"/>
    <tag k="ele" v="1.7488"/>
  </node>
  <node id="48642" lat="-4.52249848681" lon="57.89891685315">
    <tag k="local_x" v="-278.3568"/>
    <tag k="local_y" v="55.9357"/>
    <tag k="ele" v="1.7944"/>
  </node>
  <node id="48643" lat="-4.52249576958" lon="57.89894228326">
    <tag k="local_x" v="-275.5351"/>
    <tag k="local_y" v="56.2326"/>
    <tag k="ele" v="1.7944"/>
  </node>
  <node id="48658" lat="-4.52260947626" lon="57.89698025666">
    <tag k="local_x" v="-493.2264"/>
    <tag k="local_y" v="43.9313"/>
    <tag k="ele" v="1.5867"/>
  </node>
  <node id="48659" lat="-4.5225947269" lon="57.8969754947">
    <tag k="local_x" v="-493.7527"/>
    <tag k="local_y" v="45.5625"/>
    <tag k="ele" v="1.5571"/>
  </node>
  <node id="48667" lat="-4.52218621987" lon="57.89817817151">
    <tag k="local_x" v="-360.2667"/>
    <tag k="local_y" v="90.5583"/>
    <tag k="ele" v="1.7134"/>
  </node>
  <node id="48668" lat="-4.52221603656" lon="57.89818073923">
    <tag k="local_x" v="-359.9859"/>
    <tag k="local_y" v="87.2617"/>
    <tag k="ele" v="1.7262"/>
  </node>
  <node id="48687" lat="-4.52218449945" lon="57.89818250039">
    <tag k="local_x" v="-359.7862"/>
    <tag k="local_y" v="90.7479"/>
    <tag k="ele" v="1.7198"/>
  </node>
  <node id="48688" lat="-4.5221787596" lon="57.89818791676">
    <tag k="local_x" v="-359.1845"/>
    <tag k="local_y" v="91.3817"/>
    <tag k="ele" v="1.7198"/>
  </node>
  <node id="48690" lat="-4.52217056052" lon="57.89819165088">
    <tag k="local_x" v="-358.7691"/>
    <tag k="local_y" v="92.2876"/>
    <tag k="ele" v="1.7198"/>
  </node>
  <node id="48691" lat="-4.52216207735" lon="57.89819324483">
    <tag k="local_x" v="-358.5911"/>
    <tag k="local_y" v="93.2252"/>
    <tag k="ele" v="1.7198"/>
  </node>
  <node id="48693" lat="-4.52215097164" lon="57.89819281563">
    <tag k="local_x" v="-358.6372"/>
    <tag k="local_y" v="94.453"/>
    <tag k="ele" v="1.7198"/>
  </node>
  <node id="48694" lat="-4.52221316853" lon="57.89819358538">
    <tag k="local_x" v="-358.5603"/>
    <tag k="local_y" v="87.577"/>
    <tag k="ele" v="1.7198"/>
  </node>
  <node id="48695" lat="-4.52220927848" lon="57.89820267974">
    <tag k="local_x" v="-357.5508"/>
    <tag k="local_y" v="88.0058"/>
    <tag k="ele" v="1.7198"/>
  </node>
  <node id="48696" lat="-4.52220248795" lon="57.89821212386">
    <tag k="local_x" v="-356.5021"/>
    <tag k="local_y" v="88.7552"/>
    <tag k="ele" v="1.7198"/>
  </node>
  <node id="48697" lat="-4.52219371493" lon="57.89821986829">
    <tag k="local_x" v="-355.6417"/>
    <tag k="local_y" v="89.724"/>
    <tag k="ele" v="1.7198"/>
  </node>
  <node id="48698" lat="-4.52218337871" lon="57.89822550703">
    <tag k="local_x" v="-355.0147"/>
    <tag k="local_y" v="90.8659"/>
    <tag k="ele" v="1.7198"/>
  </node>
  <node id="48699" lat="-4.52217198353" lon="57.89822873336">
    <tag k="local_x" v="-354.6552"/>
    <tag k="local_y" v="92.1252"/>
    <tag k="ele" v="1.7198"/>
  </node>
  <node id="48700" lat="-4.52216195288" lon="57.89822940783">
    <tag k="local_x" v="-354.579"/>
    <tag k="local_y" v="93.234"/>
    <tag k="ele" v="1.7198"/>
  </node>
  <node id="48732" lat="-4.52178294069" lon="57.89657598043">
    <tag k="local_x" v="-537.9658"/>
    <tag k="local_y" v="135.3605"/>
    <tag k="ele" v="1.0353"/>
  </node>
  <node id="48734" lat="-4.52177927057" lon="57.89656088368">
    <tag k="local_x" v="-539.6402"/>
    <tag k="local_y" v="135.7683"/>
    <tag k="ele" v="1.0353"/>
  </node>
  <node id="48736" lat="-4.52177768176" lon="57.89654585709">
    <tag k="local_x" v="-541.3071"/>
    <tag k="local_y" v="135.946"/>
    <tag k="ele" v="1.0353"/>
  </node>
  <node id="48738" lat="-4.52175872789" lon="57.89658280996">
    <tag k="local_x" v="-537.2048"/>
    <tag k="local_y" v="138.0363"/>
    <tag k="ele" v="1.0353"/>
  </node>
  <node id="48740" lat="-4.52175429544" lon="57.89656534802">
    <tag k="local_x" v="-539.1415"/>
    <tag k="local_y" v="138.5287"/>
    <tag k="ele" v="1.0353"/>
  </node>
  <node id="48742" lat="-4.52175212454" lon="57.89654703889">
    <tag k="local_x" v="-541.1725"/>
    <tag k="local_y" v="138.7712"/>
    <tag k="ele" v="1.0353"/>
  </node>
  <node id="48751" lat="-4.52178041403" lon="57.89665359006">
    <tag k="local_x" v="-529.3551"/>
    <tag k="local_y" v="135.6292"/>
    <tag k="ele" v="2.9298"/>
  </node>
  <node id="48752" lat="-4.52175638134" lon="57.8966574165">
    <tag k="local_x" v="-528.9273"/>
    <tag k="local_y" v="138.2855"/>
    <tag k="ele" v="2.9298"/>
  </node>
  <node id="48759" lat="-4.52177733035" lon="57.89663753589">
    <tag k="local_x" v="-531.1358"/>
    <tag k="local_y" v="135.9723"/>
    <tag k="ele" v="2.9298"/>
  </node>
  <node id="48761" lat="-4.52177515146" lon="57.89662129535">
    <tag k="local_x" v="-532.9373"/>
    <tag k="local_y" v="136.2154"/>
    <tag k="ele" v="2.9298"/>
  </node>
  <node id="48763" lat="-4.52177390438" lon="57.89660496673">
    <tag k="local_x" v="-534.7487"/>
    <tag k="local_y" v="136.3555"/>
    <tag k="ele" v="2.9298"/>
  </node>
  <node id="48765" lat="-4.52177359357" lon="57.8965886032">
    <tag k="local_x" v="-536.5641"/>
    <tag k="local_y" v="136.3921"/>
    <tag k="ele" v="2.9298"/>
  </node>
  <node id="48767" lat="-4.52177422733" lon="57.89657207588">
    <tag k="local_x" v="-538.3978"/>
    <tag k="local_y" v="136.3243"/>
    <tag k="ele" v="2.9298"/>
  </node>
  <node id="48769" lat="-4.52175334701" lon="57.89664167876">
    <tag k="local_x" v="-530.6729"/>
    <tag k="local_y" v="138.6231"/>
    <tag k="ele" v="2.9298"/>
  </node>
  <node id="48771" lat="-4.52175063518" lon="57.89662410898">
    <tag k="local_x" v="-532.6218"/>
    <tag k="local_y" v="138.9253"/>
    <tag k="ele" v="2.9298"/>
  </node>
  <node id="48773" lat="-4.52174893119" lon="57.89660640342">
    <tag k="local_x" v="-534.5859"/>
    <tag k="local_y" v="139.1161"/>
    <tag k="ele" v="2.9298"/>
  </node>
  <node id="48775" lat="-4.52174824131" lon="57.8965886207">
    <tag k="local_x" v="-536.5587"/>
    <tag k="local_y" v="139.1948"/>
    <tag k="ele" v="2.9298"/>
  </node>
  <node id="48777" lat="-4.52174856073" lon="57.89657099966">
    <tag k="local_x" v="-538.5137"/>
    <tag k="local_y" v="139.1619"/>
    <tag k="ele" v="2.9298"/>
  </node>
  <node id="48783" lat="-4.52180617664" lon="57.89618765236">
    <tag k="local_x" v="-581.0518"/>
    <tag k="local_y" v="132.8449"/>
    <tag k="ele" v="2.3393"/>
  </node>
  <node id="48785" lat="-4.52180315508" lon="57.89616817403">
    <tag k="local_x" v="-583.2124"/>
    <tag k="local_y" v="133.1816"/>
    <tag k="ele" v="2.3393"/>
  </node>
  <node id="48787" lat="-4.52179530431" lon="57.89614921435">
    <tag k="local_x" v="-585.3148"/>
    <tag k="local_y" v="134.0521"/>
    <tag k="ele" v="2.3393"/>
  </node>
  <node id="48789" lat="-4.5217831168" lon="57.89613264694">
    <tag k="local_x" v="-587.1512"/>
    <tag k="local_y" v="135.4017"/>
    <tag k="ele" v="2.3393"/>
  </node>
  <node id="48791" lat="-4.52176728517" lon="57.89611944071">
    <tag k="local_x" v="-588.6142"/>
    <tag k="local_y" v="137.1537"/>
    <tag k="ele" v="2.3393"/>
  </node>
  <node id="48793" lat="-4.52174871753" lon="57.89611037192">
    <tag k="local_x" v="-589.6178"/>
    <tag k="local_y" v="139.2076"/>
    <tag k="ele" v="2.3393"/>
  </node>
  <node id="48795" lat="-4.52178060607" lon="57.89619010867">
    <tag k="local_x" v="-580.7758"/>
    <tag k="local_y" v="135.6714"/>
    <tag k="ele" v="2.3393"/>
  </node>
  <node id="48797" lat="-4.52177819209" lon="57.89617524691">
    <tag k="local_x" v="-582.4243"/>
    <tag k="local_y" v="135.9403"/>
    <tag k="ele" v="2.3393"/>
  </node>
  <node id="48799" lat="-4.52177253125" lon="57.89616215503">
    <tag k="local_x" v="-583.876"/>
    <tag k="local_y" v="136.5679"/>
    <tag k="ele" v="2.3393"/>
  </node>
  <node id="48801" lat="-4.52176391483" lon="57.89615081534">
    <tag k="local_x" v="-585.1329"/>
    <tag k="local_y" v="137.522"/>
    <tag k="ele" v="2.3393"/>
  </node>
  <node id="48803" lat="-4.52175285311" lon="57.89614187476">
    <tag k="local_x" v="-586.1233"/>
    <tag k="local_y" v="138.7461"/>
    <tag k="ele" v="2.3393"/>
  </node>
  <node id="48805" lat="-4.52173999676" lon="57.89613583973">
    <tag k="local_x" v="-586.7911"/>
    <tag k="local_y" v="140.1682"/>
    <tag k="ele" v="2.3393"/>
  </node>
  <node id="48838" lat="-4.52210762485" lon="57.9000307496">
    <tag k="local_x" v="-154.7227"/>
    <tag k="local_y" v="98.9927"/>
    <tag k="ele" v="1.9375"/>
  </node>
  <node id="48839" lat="-4.52208217204" lon="57.90002871899">
    <tag k="local_x" v="-154.9445"/>
    <tag k="local_y" v="101.8068"/>
    <tag k="ele" v="1.9514"/>
  </node>
  <node id="48845" lat="-4.52207012124" lon="57.90015694212">
    <tag k="local_x" v="-140.7172"/>
    <tag k="local_y" v="103.1214"/>
    <tag k="ele" v="1.9962"/>
  </node>
  <node id="48846" lat="-4.52204311068" lon="57.90014261875">
    <tag k="local_x" v="-142.3026"/>
    <tag k="local_y" v="106.1094"/>
    <tag k="ele" v="1.9962"/>
  </node>
  <node id="48879" lat="-4.52210871354" lon="57.90001724509">
    <tag k="local_x" v="-156.2211"/>
    <tag k="local_y" v="98.8742"/>
    <tag k="ele" v="1.9358"/>
  </node>
  <node id="48880" lat="-4.5220832544" lon="57.90001521447">
    <tag k="local_x" v="-156.4429"/>
    <tag k="local_y" v="101.689"/>
    <tag k="ele" v="1.9494"/>
  </node>
  <node id="48887" lat="-4.52207818042" lon="57.90014060155">
    <tag k="local_x" v="-142.5312"/>
    <tag k="local_y" v="102.2327"/>
    <tag k="ele" v="1.9962"/>
  </node>
  <node id="48889" lat="-4.52208523434" lon="57.90012376219">
    <tag k="local_x" v="-144.4004"/>
    <tag k="local_y" v="101.4552"/>
    <tag k="ele" v="1.9962"/>
  </node>
  <node id="48891" lat="-4.52209140218" lon="57.90010659906">
    <tag k="local_x" v="-146.3054"/>
    <tag k="local_y" v="100.7757"/>
    <tag k="ele" v="1.9962"/>
  </node>
  <node id="48893" lat="-4.52209666762" lon="57.90008915989">
    <tag k="local_x" v="-148.2409"/>
    <tag k="local_y" v="100.196"/>
    <tag k="ele" v="1.9962"/>
  </node>
  <node id="48895" lat="-4.52210101883" lon="57.90007149156">
    <tag k="local_x" v="-150.2017"/>
    <tag k="local_y" v="99.7174"/>
    <tag k="ele" v="1.9962"/>
  </node>
  <node id="48897" lat="-4.5221044467" lon="57.90005364182">
    <tag k="local_x" v="-152.1825"/>
    <tag k="local_y" v="99.3409"/>
    <tag k="ele" v="1.9962"/>
  </node>
  <node id="48899" lat="-4.52210694394" lon="57.90003565752">
    <tag k="local_x" v="-154.1781"/>
    <tag k="local_y" v="99.0673"/>
    <tag k="ele" v="1.9962"/>
  </node>
  <node id="48902" lat="-4.52205083606" lon="57.90012774337">
    <tag k="local_x" v="-143.954"/>
    <tag k="local_y" v="105.2574"/>
    <tag k="ele" v="1.9962"/>
  </node>
  <node id="48904" lat="-4.52205793038" lon="57.9001125977">
    <tag k="local_x" v="-145.6353"/>
    <tag k="local_y" v="104.4752"/>
    <tag k="ele" v="1.9962"/>
  </node>
  <node id="48906" lat="-4.52206423728" lon="57.90009709142">
    <tag k="local_x" v="-147.3565"/>
    <tag k="local_y" v="103.7801"/>
    <tag k="ele" v="1.9962"/>
  </node>
  <node id="48908" lat="-4.52206974043" lon="57.90008126327">
    <tag k="local_x" v="-149.1133"/>
    <tag k="local_y" v="103.1739"/>
    <tag k="ele" v="1.9962"/>
  </node>
  <node id="48910" lat="-4.52207442167" lon="57.90006515648">
    <tag k="local_x" v="-150.9009"/>
    <tag k="local_y" v="102.6586"/>
    <tag k="ele" v="1.9962"/>
  </node>
  <node id="48912" lat="-4.52207826739" lon="57.90004881161">
    <tag k="local_x" v="-152.7148"/>
    <tag k="local_y" v="102.2357"/>
    <tag k="ele" v="1.9962"/>
  </node>
  <node id="48914" lat="-4.52208126577" lon="57.9000322728">
    <tag k="local_x" v="-154.5501"/>
    <tag k="local_y" v="101.9065"/>
    <tag k="ele" v="1.9962"/>
  </node>
  <node id="49083" lat="-4.52321239043" lon="57.90027228423">
    <tag k="local_x" v="-128.0771"/>
    <tag k="local_y" v="-23.1729"/>
    <tag k="ele" v="1.9962"/>
  </node>
  <node id="49084" lat="-4.52321663747" lon="57.90025982737">
    <tag k="local_x" v="-129.4597"/>
    <tag k="local_y" v="-23.6407"/>
    <tag k="ele" v="1.9962"/>
  </node>
  <node id="49085" lat="-4.52322202146" lon="57.90024962259">
    <tag k="local_x" v="-130.5926"/>
    <tag k="local_y" v="-24.2345"/>
    <tag k="ele" v="1.9962"/>
  </node>
  <node id="49087" lat="-4.52318649954" lon="57.90026683152">
    <tag k="local_x" v="-128.6785"/>
    <tag k="local_y" v="-20.3099"/>
    <tag k="ele" v="1.9962"/>
  </node>
  <node id="49088" lat="-4.52319010173" lon="57.90024920551">
    <tag k="local_x" v="-130.6345"/>
    <tag k="local_y" v="-20.7057"/>
    <tag k="ele" v="1.9962"/>
  </node>
  <node id="49090" lat="-4.5231950109" lon="57.90023529919">
    <tag k="local_x" v="-132.178"/>
    <tag k="local_y" v="-21.2465"/>
    <tag k="ele" v="1.9962"/>
  </node>
  <node id="49132" lat="-4.52325964555" lon="57.90009786315">
    <tag k="local_x" v="-147.4346"/>
    <tag k="local_y" v="-28.373"/>
    <tag k="ele" v="2.0385"/>
  </node>
  <node id="49133" lat="-4.52323548441" lon="57.90009587829">
    <tag k="local_x" v="-147.6515"/>
    <tag k="local_y" v="-25.7017"/>
    <tag k="ele" v="2.0385"/>
  </node>
  <node id="49170" lat="-4.5231937474" lon="57.90074563196">
    <tag k="local_x" v="-75.5593"/>
    <tag k="local_y" v="-21.177"/>
    <tag k="ele" v="1.9878"/>
  </node>
  <node id="49172" lat="-4.52320149987" lon="57.90072934508">
    <tag k="local_x" v="-77.3673"/>
    <tag k="local_y" v="-22.0318"/>
    <tag k="ele" v="1.9878"/>
  </node>
  <node id="49174" lat="-4.52320701096" lon="57.9007122379">
    <tag k="local_x" v="-79.266"/>
    <tag k="local_y" v="-22.6387"/>
    <tag k="ele" v="1.9878"/>
  </node>
  <node id="49178" lat="-4.52316969999" lon="57.90073148166">
    <tag k="local_x" v="-77.1259"/>
    <tag k="local_y" v="-18.5166"/>
    <tag k="ele" v="1.9878"/>
  </node>
  <node id="49180" lat="-4.52317660671" lon="57.90071882167">
    <tag k="local_x" v="-78.5314"/>
    <tag k="local_y" v="-19.2784"/>
    <tag k="ele" v="1.9878"/>
  </node>
  <node id="49182" lat="-4.52318179853" lon="57.9007053105">
    <tag k="local_x" v="-80.0311"/>
    <tag k="local_y" v="-19.8505"/>
    <tag k="ele" v="1.9878"/>
  </node>
  <node id="49188" lat="-4.52321423144" lon="57.90062987938">
    <tag k="local_x" v="-88.4042"/>
    <tag k="local_y" v="-23.4256"/>
    <tag k="ele" v="1.9886"/>
  </node>
  <node id="49189" lat="-4.52321359157" lon="57.90061997543">
    <tag k="local_x" v="-89.5029"/>
    <tag k="local_y" v="-23.3535"/>
    <tag k="ele" v="1.9886"/>
  </node>
  <node id="49190" lat="-4.52321166973" lon="57.90061023303">
    <tag k="local_x" v="-90.5835"/>
    <tag k="local_y" v="-23.1397"/>
    <tag k="ele" v="1.9886"/>
  </node>
  <node id="49191" lat="-4.52318917448" lon="57.900633224">
    <tag k="local_x" v="-88.0297"/>
    <tag k="local_y" v="-20.656"/>
    <tag k="ele" v="1.9886"/>
  </node>
  <node id="49192" lat="-4.52318741774" lon="57.90062529262">
    <tag k="local_x" v="-88.9094"/>
    <tag k="local_y" v="-20.4607"/>
    <tag k="ele" v="1.9886"/>
  </node>
  <node id="49193" lat="-4.52318453802" lon="57.90061768886">
    <tag k="local_x" v="-89.7526"/>
    <tag k="local_y" v="-20.1413"/>
    <tag k="ele" v="1.9886"/>
  </node>
  <node id="49197" lat="-4.52326946857" lon="57.89997462785">
    <tag k="local_x" v="-161.1082"/>
    <tag k="local_y" v="-29.442"/>
    <tag k="ele" v="2.0439"/>
  </node>
  <node id="49198" lat="-4.52324527512" lon="57.89997315943">
    <tag k="local_x" v="-161.2678"/>
    <tag k="local_y" v="-26.7672"/>
    <tag k="ele" v="2.0439"/>
  </node>
  <node id="49204" lat="-4.52326654023" lon="57.90001558083">
    <tag k="local_x" v="-156.5643"/>
    <tag k="local_y" v="-29.1239"/>
    <tag k="ele" v="2.0252"/>
  </node>
  <node id="49209" lat="-4.52324236898" lon="57.90001371763">
    <tag k="local_x" v="-156.7677"/>
    <tag k="local_y" v="-26.4515"/>
    <tag k="ele" v="2.0252"/>
  </node>
  <node id="49218" lat="-4.52323008089" lon="57.90023307919">
    <tag k="local_x" v="-132.4291"/>
    <tag k="local_y" v="-25.1232"/>
    <tag k="ele" v="1.9962"/>
  </node>
  <node id="49220" lat="-4.523237013" lon="57.90021599629">
    <tag k="local_x" v="-134.3253"/>
    <tag k="local_y" v="-25.8872"/>
    <tag k="ele" v="1.9962"/>
  </node>
  <node id="49222" lat="-4.52324299121" lon="57.90019858593">
    <tag k="local_x" v="-136.2577"/>
    <tag k="local_y" v="-26.5457"/>
    <tag k="ele" v="1.9962"/>
  </node>
  <node id="49224" lat="-4.52324799915" lon="57.90018090306">
    <tag k="local_x" v="-138.2202"/>
    <tag k="local_y" v="-27.0969"/>
    <tag k="ele" v="1.9962"/>
  </node>
  <node id="49226" lat="-4.52325202592" lon="57.90016299904">
    <tag k="local_x" v="-140.2071"/>
    <tag k="local_y" v="-27.5396"/>
    <tag k="ele" v="1.9962"/>
  </node>
  <node id="49228" lat="-4.52325506149" lon="57.90014492976">
    <tag k="local_x" v="-142.2122"/>
    <tag k="local_y" v="-27.8727"/>
    <tag k="ele" v="1.9962"/>
  </node>
  <node id="49230" lat="-4.52325708027" lon="57.9001269124">
    <tag k="local_x" v="-144.2114"/>
    <tag k="local_y" v="-28.0934"/>
    <tag k="ele" v="1.9962"/>
  </node>
  <node id="49232" lat="-4.52320281416" lon="57.90022035537">
    <tag k="local_x" v="-133.837"/>
    <tag k="local_y" v="-22.1071"/>
    <tag k="ele" v="1.9962"/>
  </node>
  <node id="49234" lat="-4.52320999723" lon="57.90020513769">
    <tag k="local_x" v="-135.5263"/>
    <tag k="local_y" v="-22.8991"/>
    <tag k="ele" v="1.9962"/>
  </node>
  <node id="49236" lat="-4.52321634679" lon="57.90018952688">
    <tag k="local_x" v="-137.2591"/>
    <tag k="local_y" v="-23.5989"/>
    <tag k="ele" v="1.9962"/>
  </node>
  <node id="49238" lat="-4.52322183924" lon="57.90017356799">
    <tag k="local_x" v="-139.0304"/>
    <tag k="local_y" v="-24.2039"/>
    <tag k="ele" v="1.9962"/>
  </node>
  <node id="49240" lat="-4.52322645736" lon="57.90015730968">
    <tag k="local_x" v="-140.8348"/>
    <tag k="local_y" v="-24.7122"/>
    <tag k="ele" v="1.9962"/>
  </node>
  <node id="49242" lat="-4.52323018389" lon="57.90014079789">
    <tag k="local_x" v="-142.6672"/>
    <tag k="local_y" v="-25.1219"/>
    <tag k="ele" v="1.9962"/>
  </node>
  <node id="49244" lat="-4.5232330244" lon="57.90012391905">
    <tag k="local_x" v="-144.5402"/>
    <tag k="local_y" v="-25.4336"/>
    <tag k="ele" v="1.9962"/>
  </node>
  <way id="21">
    <nd ref="14"/>
    <nd ref="20"/>
    <nd ref="83"/>
    <nd ref="104"/>
    <tag k="type" v="line_thin"/>
    <tag k="subtype" v="solid"/>
  </way>
  <way id="78">
    <nd ref="8"/>
    <nd ref="77"/>
    <nd ref="79"/>
    <nd ref="80"/>
    <tag k="type" v="line_thin"/>
    <tag k="subtype" v="solid"/>
  </way>
  <way id="315">
    <nd ref="302"/>
    <nd ref="314"/>
    <nd ref="318"/>
    <tag k="type" v="line_thin"/>
    <tag k="subtype" v="solid"/>
  </way>
  <way id="320">
    <nd ref="312"/>
    <nd ref="319"/>
    <nd ref="322"/>
    <tag k="type" v="line_thin"/>
    <tag k="subtype" v="solid"/>
  </way>
  <way id="470">
    <nd ref="467"/>
    <nd ref="474"/>
    <nd ref="476"/>
    <tag k="type" v="line_thin"/>
    <tag k="subtype" v="solid"/>
  </way>
  <way id="478">
    <nd ref="461"/>
    <nd ref="479"/>
    <nd ref="481"/>
    <tag k="type" v="line_thin"/>
    <tag k="subtype" v="solid"/>
  </way>
  <way id="510">
    <nd ref="502"/>
    <nd ref="511"/>
    <nd ref="513"/>
    <nd ref="514"/>
    <tag k="type" v="line_thin"/>
    <tag k="subtype" v="solid"/>
  </way>
  <way id="516">
    <nd ref="507"/>
    <nd ref="517"/>
    <nd ref="519"/>
    <nd ref="520"/>
    <tag k="type" v="line_thin"/>
    <tag k="subtype" v="solid"/>
  </way>
  <way id="746">
    <nd ref="730"/>
    <nd ref="748"/>
    <nd ref="749"/>
    <nd ref="750"/>
    <nd ref="751"/>
    <tag k="type" v="line_thin"/>
    <tag k="subtype" v="solid"/>
  </way>
  <way id="756">
    <nd ref="743"/>
    <nd ref="757"/>
    <nd ref="758"/>
    <nd ref="759"/>
    <nd ref="760"/>
    <tag k="type" v="line_thin"/>
    <tag k="subtype" v="solid"/>
  </way>
  <way id="1699">
    <nd ref="1486"/>
    <nd ref="1697"/>
    <tag k="type" v="line_thin"/>
    <tag k="subtype" v="solid"/>
  </way>
  <way id="1701">
    <nd ref="1488"/>
    <nd ref="1698"/>
    <tag k="type" v="line_thin"/>
    <tag k="subtype" v="solid"/>
  </way>
  <way id="2425">
    <nd ref="1475"/>
    <nd ref="2423"/>
    <tag k="type" v="line_thin"/>
    <tag k="subtype" v="solid"/>
  </way>
  <way id="2427">
    <nd ref="1472"/>
    <nd ref="2424"/>
    <tag k="type" v="line_thin"/>
    <tag k="subtype" v="solid"/>
  </way>
  <way id="4893">
    <nd ref="4827"/>
    <nd ref="4868"/>
    <nd ref="4872"/>
    <nd ref="4876"/>
    <nd ref="4058"/>
    <tag k="type" v="line_thin"/>
    <tag k="subtype" v="solid"/>
  </way>
  <way id="4894">
    <nd ref="4828"/>
    <nd ref="4882"/>
    <nd ref="4886"/>
    <nd ref="4890"/>
    <nd ref="4059"/>
    <tag k="type" v="line_thin"/>
    <tag k="subtype" v="solid"/>
  </way>
  <way id="9782">
    <nd ref="164"/>
    <nd ref="9780"/>
    <tag k="type" v="line_thin"/>
    <tag k="subtype" v="solid"/>
  </way>
  <way id="9784">
    <nd ref="170"/>
    <nd ref="9781"/>
    <tag k="type" v="line_thin"/>
    <tag k="subtype" v="solid"/>
  </way>
  <way id="9883">
    <nd ref="760"/>
    <nd ref="767"/>
    <nd ref="769"/>
    <nd ref="9881"/>
    <tag k="type" v="line_thin"/>
    <tag k="subtype" v="solid"/>
  </way>
  <way id="9885">
    <nd ref="751"/>
    <nd ref="762"/>
    <nd ref="764"/>
    <nd ref="9882"/>
    <tag k="type" v="line_thin"/>
    <tag k="subtype" v="solid"/>
  </way>
  <way id="9907">
    <nd ref="723"/>
    <nd ref="9905"/>
    <tag k="type" v="line_thin"/>
    <tag k="subtype" v="solid"/>
  </way>
  <way id="9908">
    <nd ref="9905"/>
    <nd ref="741"/>
    <nd ref="743"/>
    <tag k="type" v="line_thin"/>
    <tag k="subtype" v="solid"/>
  </way>
  <way id="9909">
    <nd ref="706"/>
    <nd ref="9906"/>
    <tag k="type" v="line_thin"/>
    <tag k="subtype" v="solid"/>
  </way>
  <way id="9910">
    <nd ref="9906"/>
    <nd ref="728"/>
    <nd ref="730"/>
    <tag k="type" v="line_thin"/>
    <tag k="subtype" v="solid"/>
  </way>
  <way id="10721">
    <nd ref="10718"/>
    <nd ref="312"/>
    <tag k="type" v="line_thin"/>
    <tag k="subtype" v="solid"/>
    <tag k="lane_change" v="yes"/>
  </way>
  <way id="10826">
    <nd ref="10823"/>
    <nd ref="302"/>
    <tag k="type" v="line_thin"/>
    <tag k="subtype" v="solid"/>
    <tag k="lane_change" v="yes"/>
  </way>
  <way id="10828">
    <nd ref="10824"/>
    <nd ref="10718"/>
    <nd ref="312"/>
    <tag k="type" v="line_thin"/>
    <tag k="subtype" v="solid"/>
    <tag k="lane_change" v="yes"/>
  </way>
  <way id="12381">
    <nd ref="12378"/>
    <nd ref="11917"/>
    <tag k="type" v="line_thin"/>
    <tag k="subtype" v="solid"/>
  </way>
  <way id="12383">
    <nd ref="12379"/>
    <nd ref="11918"/>
    <tag k="type" v="line_thin"/>
    <tag k="subtype" v="solid"/>
  </way>
  <way id="12385">
    <nd ref="12360"/>
    <nd ref="12378"/>
    <tag k="type" v="line_thin"/>
    <tag k="subtype" v="solid"/>
  </way>
  <way id="12386">
    <nd ref="12365"/>
    <nd ref="12379"/>
    <tag k="type" v="line_thin"/>
    <tag k="subtype" v="solid"/>
  </way>
  <way id="14853">
    <nd ref="14851"/>
    <nd ref="14852"/>
    <tag k="type" v="line_thin"/>
    <tag k="subtype" v="solid"/>
  </way>
  <way id="14856">
    <nd ref="14854"/>
    <nd ref="14855"/>
    <tag k="type" v="line_thin"/>
    <tag k="subtype" v="solid"/>
  </way>
  <way id="15108">
    <nd ref="15106"/>
    <nd ref="15107"/>
    <tag k="type" v="line_thin"/>
    <tag k="subtype" v="solid"/>
  </way>
  <way id="15111">
    <nd ref="15109"/>
    <nd ref="15110"/>
    <tag k="type" v="line_thin"/>
    <tag k="subtype" v="solid"/>
  </way>
  <way id="15277">
    <nd ref="182"/>
    <nd ref="15109"/>
    <tag k="type" v="line_thin"/>
    <tag k="subtype" v="solid"/>
  </way>
  <way id="15278">
    <nd ref="188"/>
    <nd ref="15106"/>
    <tag k="type" v="line_thin"/>
    <tag k="subtype" v="solid"/>
  </way>
  <way id="21008">
    <nd ref="20994"/>
    <nd ref="20996"/>
    <nd ref="20997"/>
    <nd ref="20998"/>
    <nd ref="20999"/>
    <nd ref="21000"/>
    <tag k="type" v="line_thin"/>
    <tag k="subtype" v="solid"/>
  </way>
  <way id="21009">
    <nd ref="21001"/>
    <nd ref="21003"/>
    <nd ref="21004"/>
    <nd ref="21005"/>
    <nd ref="21006"/>
    <nd ref="21007"/>
    <tag k="type" v="line_thin"/>
    <tag k="subtype" v="solid"/>
  </way>
  <way id="21051">
    <nd ref="20987"/>
    <nd ref="8036"/>
    <tag k="type" v="line_thin"/>
    <tag k="subtype" v="solid"/>
  </way>
  <way id="21052">
    <nd ref="20988"/>
    <nd ref="8037"/>
    <tag k="type" v="line_thin"/>
    <tag k="subtype" v="solid"/>
  </way>
  <way id="21118">
    <nd ref="21115"/>
    <nd ref="10332"/>
    <nd ref="10339"/>
    <tag k="type" v="line_thin"/>
    <tag k="subtype" v="solid"/>
  </way>
  <way id="21120">
    <nd ref="21116"/>
    <nd ref="10333"/>
    <nd ref="10340"/>
    <tag k="type" v="line_thin"/>
    <tag k="subtype" v="solid"/>
  </way>
  <way id="21133">
    <nd ref="21125"/>
    <nd ref="21126"/>
    <nd ref="21127"/>
    <nd ref="21128"/>
    <tag k="type" v="line_thin"/>
    <tag k="subtype" v="solid"/>
  </way>
  <way id="21134">
    <nd ref="21129"/>
    <nd ref="21130"/>
    <nd ref="21131"/>
    <nd ref="21132"/>
    <tag k="type" v="line_thin"/>
    <tag k="subtype" v="solid"/>
  </way>
  <way id="21138">
    <nd ref="7015"/>
    <nd ref="21136"/>
    <tag k="type" v="line_thin"/>
    <tag k="subtype" v="solid"/>
  </way>
  <way id="21140">
    <nd ref="7016"/>
    <nd ref="21137"/>
    <tag k="type" v="line_thin"/>
    <tag k="subtype" v="solid"/>
  </way>
  <way id="21170">
    <nd ref="21136"/>
    <nd ref="21115"/>
    <tag k="type" v="line_thin"/>
    <tag k="subtype" v="solid"/>
  </way>
  <way id="21171">
    <nd ref="21137"/>
    <nd ref="21116"/>
    <tag k="type" v="line_thin"/>
    <tag k="subtype" v="solid"/>
  </way>
  <way id="21773">
    <nd ref="10339"/>
    <nd ref="10741"/>
    <nd ref="10743"/>
    <nd ref="10746"/>
    <nd ref="10749"/>
    <nd ref="10752"/>
    <nd ref="10755"/>
    <nd ref="16252"/>
    <nd ref="21739"/>
    <nd ref="16259"/>
    <nd ref="16262"/>
    <nd ref="16265"/>
    <nd ref="16268"/>
    <nd ref="16271"/>
    <nd ref="10823"/>
    <tag k="type" v="line_thin"/>
    <tag k="subtype" v="solid"/>
  </way>
  <way id="21774">
    <nd ref="10340"/>
    <nd ref="10766"/>
    <nd ref="10769"/>
    <nd ref="10772"/>
    <nd ref="10775"/>
    <nd ref="10778"/>
    <nd ref="10781"/>
    <nd ref="10784"/>
    <nd ref="16253"/>
    <nd ref="21740"/>
    <nd ref="16274"/>
    <nd ref="16277"/>
    <nd ref="16280"/>
    <nd ref="16283"/>
    <nd ref="16286"/>
    <nd ref="10824"/>
    <tag k="type" v="line_thin"/>
    <tag k="subtype" v="solid"/>
  </way>
  <way id="21775">
    <nd ref="21128"/>
    <nd ref="21208"/>
    <nd ref="21210"/>
    <nd ref="21212"/>
    <nd ref="21214"/>
    <nd ref="21216"/>
    <nd ref="21218"/>
    <nd ref="16452"/>
    <nd ref="16455"/>
    <nd ref="16458"/>
    <nd ref="16461"/>
    <nd ref="10823"/>
    <tag k="type" v="line_thin"/>
    <tag k="subtype" v="solid"/>
  </way>
  <way id="21776">
    <nd ref="21132"/>
    <nd ref="21219"/>
    <nd ref="21221"/>
    <nd ref="21223"/>
    <nd ref="21225"/>
    <nd ref="21227"/>
    <nd ref="21229"/>
    <nd ref="16465"/>
    <nd ref="16468"/>
    <nd ref="16471"/>
    <nd ref="16474"/>
    <nd ref="16477"/>
    <nd ref="10824"/>
    <tag k="type" v="line_thin"/>
    <tag k="subtype" v="solid"/>
  </way>
  <way id="22020">
    <nd ref="22003"/>
    <nd ref="21994"/>
    <nd ref="21125"/>
    <tag k="type" v="line_thin"/>
    <tag k="subtype" v="solid"/>
  </way>
  <way id="22021">
    <nd ref="22004"/>
    <nd ref="21998"/>
    <nd ref="22011"/>
    <nd ref="21129"/>
    <tag k="type" v="line_thin"/>
    <tag k="subtype" v="solid"/>
  </way>
  <way id="22079">
    <nd ref="22043"/>
    <nd ref="22047"/>
    <nd ref="22055"/>
    <nd ref="22058"/>
    <nd ref="22061"/>
    <nd ref="10823"/>
    <tag k="type" v="line_thin"/>
    <tag k="subtype" v="solid"/>
  </way>
  <way id="22080">
    <nd ref="22040"/>
    <nd ref="22048"/>
    <nd ref="22066"/>
    <nd ref="22068"/>
    <nd ref="22073"/>
    <nd ref="10824"/>
    <tag k="type" v="line_thin"/>
    <tag k="subtype" v="solid"/>
  </way>
  <way id="22430">
    <nd ref="22408"/>
    <nd ref="22338"/>
    <tag k="type" v="line_thin"/>
    <tag k="subtype" v="solid"/>
  </way>
  <way id="22431">
    <nd ref="22405"/>
    <nd ref="22339"/>
    <tag k="type" v="line_thin"/>
    <tag k="subtype" v="solid"/>
  </way>
  <way id="23754">
    <nd ref="23727"/>
    <nd ref="23752"/>
    <tag k="type" v="line_thin"/>
    <tag k="subtype" v="solid"/>
  </way>
  <way id="23755">
    <nd ref="23752"/>
    <nd ref="22900"/>
    <tag k="type" v="line_thin"/>
    <tag k="subtype" v="solid"/>
  </way>
  <way id="23756">
    <nd ref="23728"/>
    <nd ref="23753"/>
    <tag k="type" v="line_thin"/>
    <tag k="subtype" v="solid"/>
  </way>
  <way id="23757">
    <nd ref="23753"/>
    <nd ref="22901"/>
    <tag k="type" v="line_thin"/>
    <tag k="subtype" v="solid"/>
  </way>
  <way id="24197">
    <nd ref="24194"/>
    <nd ref="24151"/>
    <tag k="type" v="line_thin"/>
    <tag k="subtype" v="solid"/>
  </way>
  <way id="24199">
    <nd ref="24195"/>
    <nd ref="24153"/>
    <tag k="type" v="line_thin"/>
    <tag k="subtype" v="solid"/>
  </way>
  <way id="24293">
    <nd ref="24151"/>
    <nd ref="24291"/>
    <tag k="type" v="line_thin"/>
    <tag k="subtype" v="solid"/>
  </way>
  <way id="24295">
    <nd ref="24153"/>
    <nd ref="24292"/>
    <tag k="type" v="line_thin"/>
    <tag k="subtype" v="solid"/>
  </way>
  <way id="24355">
    <nd ref="24284"/>
    <nd ref="24263"/>
    <tag k="type" v="line_thin"/>
    <tag k="subtype" v="solid"/>
  </way>
  <way id="24356">
    <nd ref="24285"/>
    <nd ref="24264"/>
    <tag k="type" v="line_thin"/>
    <tag k="subtype" v="solid"/>
  </way>
  <way id="24358">
    <nd ref="23903"/>
    <nd ref="24284"/>
    <tag k="type" v="line_thin"/>
    <tag k="subtype" v="solid"/>
  </way>
  <way id="24359">
    <nd ref="23904"/>
    <nd ref="24285"/>
    <tag k="type" v="line_thin"/>
    <tag k="subtype" v="solid"/>
  </way>
  <way id="24582">
    <nd ref="24549"/>
    <nd ref="24550"/>
    <nd ref="24483"/>
    <nd ref="23924"/>
    <tag k="type" v="line_thin"/>
    <tag k="subtype" v="solid"/>
  </way>
  <way id="24583">
    <nd ref="24551"/>
    <nd ref="24552"/>
    <nd ref="24484"/>
    <nd ref="23925"/>
    <tag k="type" v="line_thin"/>
    <tag k="subtype" v="solid"/>
  </way>
  <way id="24605">
    <nd ref="24328"/>
    <nd ref="24389"/>
    <tag k="type" v="line_thin"/>
    <tag k="subtype" v="solid"/>
  </way>
  <way id="24606">
    <nd ref="24344"/>
    <nd ref="24391"/>
    <tag k="type" v="line_thin"/>
    <tag k="subtype" v="solid"/>
  </way>
  <way id="25086">
    <nd ref="25077"/>
    <nd ref="23878"/>
    <tag k="type" v="line_thin"/>
    <tag k="subtype" v="solid"/>
  </way>
  <way id="25087">
    <nd ref="25078"/>
    <nd ref="23875"/>
    <tag k="type" v="line_thin"/>
    <tag k="subtype" v="solid"/>
  </way>
  <way id="25227">
    <nd ref="24899"/>
    <nd ref="25168"/>
    <nd ref="25172"/>
    <nd ref="25176"/>
    <nd ref="25202"/>
    <nd ref="25206"/>
    <nd ref="25210"/>
    <nd ref="25195"/>
    <nd ref="19125"/>
    <tag k="type" v="line_thin"/>
    <tag k="subtype" v="solid"/>
  </way>
  <way id="25228">
    <nd ref="24901"/>
    <nd ref="25179"/>
    <nd ref="25183"/>
    <nd ref="25187"/>
    <nd ref="25160"/>
    <nd ref="25214"/>
    <nd ref="25218"/>
    <nd ref="19129"/>
    <tag k="type" v="line_thin"/>
    <tag k="subtype" v="solid"/>
  </way>
  <way id="25242">
    <nd ref="25036"/>
    <nd ref="25240"/>
    <tag k="type" v="line_thin"/>
    <tag k="subtype" v="solid"/>
  </way>
  <way id="25243">
    <nd ref="25240"/>
    <nd ref="24899"/>
    <tag k="type" v="line_thin"/>
    <tag k="subtype" v="solid"/>
  </way>
  <way id="25244">
    <nd ref="25037"/>
    <nd ref="25241"/>
    <tag k="type" v="line_thin"/>
    <tag k="subtype" v="solid"/>
  </way>
  <way id="25245">
    <nd ref="25241"/>
    <nd ref="24901"/>
    <tag k="type" v="line_thin"/>
    <tag k="subtype" v="solid"/>
  </way>
  <way id="25386">
    <nd ref="25383"/>
    <nd ref="19406"/>
    <tag k="type" v="line_thin"/>
    <tag k="subtype" v="solid"/>
  </way>
  <way id="25388">
    <nd ref="25384"/>
    <nd ref="19409"/>
    <tag k="type" v="line_thin"/>
    <tag k="subtype" v="solid"/>
  </way>
  <way id="25394">
    <nd ref="25390"/>
    <nd ref="25391"/>
    <tag k="type" v="line_thin"/>
    <tag k="subtype" v="solid"/>
  </way>
  <way id="25395">
    <nd ref="25392"/>
    <nd ref="25393"/>
    <tag k="type" v="line_thin"/>
    <tag k="subtype" v="solid"/>
  </way>
  <way id="25409">
    <nd ref="25402"/>
    <nd ref="24827"/>
    <nd ref="25383"/>
    <tag k="type" v="line_thin"/>
    <tag k="subtype" v="solid"/>
  </way>
  <way id="25410">
    <nd ref="25403"/>
    <nd ref="24828"/>
    <nd ref="25384"/>
    <tag k="type" v="line_thin"/>
    <tag k="subtype" v="solid"/>
  </way>
  <way id="25411">
    <nd ref="25334"/>
    <nd ref="25390"/>
    <tag k="type" v="line_thin"/>
    <tag k="subtype" v="solid"/>
  </way>
  <way id="25412">
    <nd ref="25360"/>
    <nd ref="25392"/>
    <tag k="type" v="line_thin"/>
    <tag k="subtype" v="solid"/>
  </way>
  <way id="25710">
    <nd ref="25707"/>
    <nd ref="25672"/>
    <tag k="type" v="line_thin"/>
    <tag k="subtype" v="solid"/>
  </way>
  <way id="25712">
    <nd ref="25708"/>
    <nd ref="25673"/>
    <tag k="type" v="line_thin"/>
    <tag k="subtype" v="solid"/>
  </way>
  <way id="25734">
    <nd ref="25391"/>
    <nd ref="25730"/>
    <nd ref="25707"/>
    <tag k="type" v="line_thin"/>
    <tag k="subtype" v="solid"/>
  </way>
  <way id="25735">
    <nd ref="25393"/>
    <nd ref="25732"/>
    <nd ref="25708"/>
    <tag k="type" v="line_thin"/>
    <tag k="subtype" v="solid"/>
  </way>
  <way id="25747">
    <nd ref="25414"/>
    <nd ref="25036"/>
    <tag k="type" v="line_thin"/>
    <tag k="subtype" v="solid"/>
  </way>
  <way id="25748">
    <nd ref="25417"/>
    <nd ref="25037"/>
    <tag k="type" v="line_thin"/>
    <tag k="subtype" v="solid"/>
  </way>
  <way id="26169">
    <nd ref="26133"/>
    <nd ref="26134"/>
    <nd ref="25919"/>
    <tag k="type" v="line_thin"/>
    <tag k="subtype" v="solid"/>
  </way>
  <way id="26170">
    <nd ref="26135"/>
    <nd ref="26136"/>
    <nd ref="25934"/>
    <tag k="type" v="line_thin"/>
    <tag k="subtype" v="solid"/>
  </way>
  <way id="26254">
    <nd ref="26205"/>
    <nd ref="26206"/>
    <nd ref="26171"/>
    <tag k="type" v="line_thin"/>
    <tag k="subtype" v="solid"/>
  </way>
  <way id="26255">
    <nd ref="26207"/>
    <nd ref="26208"/>
    <nd ref="26186"/>
    <tag k="type" v="line_thin"/>
    <tag k="subtype" v="solid"/>
  </way>
  <way id="26548">
    <nd ref="26421"/>
    <nd ref="26529"/>
    <nd ref="26133"/>
    <tag k="type" v="line_thin"/>
    <tag k="subtype" v="solid"/>
  </way>
  <way id="26549">
    <nd ref="26425"/>
    <nd ref="26538"/>
    <nd ref="26135"/>
    <tag k="type" v="line_thin"/>
    <tag k="subtype" v="solid"/>
  </way>
  <way id="26575">
    <nd ref="26414"/>
    <nd ref="26565"/>
    <nd ref="26205"/>
    <tag k="type" v="line_thin"/>
    <tag k="subtype" v="solid"/>
  </way>
  <way id="26576">
    <nd ref="26415"/>
    <nd ref="26566"/>
    <nd ref="26207"/>
    <tag k="type" v="line_thin"/>
    <tag k="subtype" v="solid"/>
  </way>
  <way id="27343">
    <nd ref="27340"/>
    <nd ref="4095"/>
    <tag k="type" v="line_thin"/>
    <tag k="subtype" v="solid"/>
  </way>
  <way id="27345">
    <nd ref="27341"/>
    <nd ref="4092"/>
    <tag k="type" v="line_thin"/>
    <tag k="subtype" v="solid"/>
  </way>
  <way id="27668">
    <nd ref="27562"/>
    <nd ref="27482"/>
    <tag k="type" v="line_thin"/>
    <tag k="subtype" v="solid"/>
  </way>
  <way id="27669">
    <nd ref="27563"/>
    <nd ref="27483"/>
    <tag k="type" v="line_thin"/>
    <tag k="subtype" v="solid"/>
  </way>
  <way id="28274">
    <nd ref="1697"/>
    <nd ref="1475"/>
    <tag k="type" v="line_thin"/>
    <tag k="subtype" v="solid"/>
  </way>
  <way id="28275">
    <nd ref="1698"/>
    <nd ref="1472"/>
    <tag k="type" v="line_thin"/>
    <tag k="subtype" v="solid"/>
  </way>
  <way id="28282">
    <nd ref="1778"/>
    <nd ref="28280"/>
    <tag k="type" v="line_thin"/>
    <tag k="subtype" v="solid"/>
  </way>
  <way id="28284">
    <nd ref="1775"/>
    <nd ref="28281"/>
    <tag k="type" v="line_thin"/>
    <tag k="subtype" v="solid"/>
  </way>
  <way id="28287">
    <nd ref="28158"/>
    <nd ref="1778"/>
    <tag k="type" v="line_thin"/>
    <tag k="subtype" v="solid"/>
  </way>
  <way id="28288">
    <nd ref="28159"/>
    <nd ref="1775"/>
    <tag k="type" v="line_thin"/>
    <tag k="subtype" v="solid"/>
  </way>
  <way id="28649">
    <nd ref="1817"/>
    <nd ref="28645"/>
    <nd ref="28646"/>
    <nd ref="5"/>
    <tag k="type" v="line_thin"/>
    <tag k="subtype" v="solid"/>
  </way>
  <way id="28650">
    <nd ref="1818"/>
    <nd ref="28647"/>
    <nd ref="28648"/>
    <nd ref="172"/>
    <tag k="type" v="line_thin"/>
    <tag k="subtype" v="solid"/>
  </way>
  <way id="28707">
    <nd ref="28700"/>
    <nd ref="164"/>
    <tag k="type" v="line_thin"/>
    <tag k="subtype" v="solid"/>
  </way>
  <way id="28708">
    <nd ref="28701"/>
    <nd ref="170"/>
    <tag k="type" v="line_thin"/>
    <tag k="subtype" v="solid"/>
  </way>
  <way id="28710">
    <nd ref="9780"/>
    <nd ref="182"/>
    <tag k="type" v="line_thin"/>
    <tag k="subtype" v="solid"/>
  </way>
  <way id="28711">
    <nd ref="9781"/>
    <nd ref="188"/>
    <tag k="type" v="line_thin"/>
    <tag k="subtype" v="solid"/>
  </way>
  <way id="29369">
    <nd ref="4058"/>
    <nd ref="28078"/>
    <tag k="type" v="line_thin"/>
    <tag k="subtype" v="solid"/>
  </way>
  <way id="29370">
    <nd ref="4059"/>
    <nd ref="28079"/>
    <tag k="type" v="line_thin"/>
    <tag k="subtype" v="solid"/>
  </way>
  <way id="30958">
    <nd ref="30876"/>
    <nd ref="30869"/>
    <tag k="type" v="line_thin"/>
    <tag k="subtype" v="solid"/>
  </way>
  <way id="30959">
    <nd ref="30877"/>
    <nd ref="30870"/>
    <tag k="type" v="line_thin"/>
    <tag k="subtype" v="solid"/>
  </way>
  <way id="31853">
    <nd ref="31828"/>
    <nd ref="31851"/>
    <tag k="type" v="line_thin"/>
    <tag k="subtype" v="solid"/>
  </way>
  <way id="31855">
    <nd ref="31838"/>
    <nd ref="31852"/>
    <tag k="type" v="line_thin"/>
    <tag k="subtype" v="solid"/>
  </way>
  <way id="32266">
    <nd ref="32262"/>
    <nd ref="32263"/>
    <tag k="type" v="line_thin"/>
    <tag k="subtype" v="solid"/>
  </way>
  <way id="32267">
    <nd ref="32264"/>
    <nd ref="32265"/>
    <tag k="type" v="line_thin"/>
    <tag k="subtype" v="solid"/>
  </way>
  <way id="32453">
    <nd ref="32450"/>
    <nd ref="32281"/>
    <nd ref="32287"/>
    <nd ref="32293"/>
    <nd ref="32299"/>
    <nd ref="32305"/>
    <nd ref="32311"/>
    <nd ref="32317"/>
    <nd ref="32323"/>
    <nd ref="31956"/>
    <tag k="type" v="line_thin"/>
    <tag k="subtype" v="solid"/>
  </way>
  <way id="32455">
    <nd ref="32451"/>
    <nd ref="32335"/>
    <nd ref="32341"/>
    <nd ref="32347"/>
    <nd ref="32353"/>
    <nd ref="32359"/>
    <nd ref="32365"/>
    <nd ref="32371"/>
    <nd ref="32377"/>
    <nd ref="31953"/>
    <tag k="type" v="line_thin"/>
    <tag k="subtype" v="solid"/>
  </way>
  <way id="32486">
    <nd ref="31956"/>
    <nd ref="32484"/>
    <tag k="type" v="line_thin"/>
    <tag k="subtype" v="solid"/>
  </way>
  <way id="32487">
    <nd ref="32484"/>
    <nd ref="31957"/>
    <tag k="type" v="line_thin"/>
    <tag k="subtype" v="solid"/>
  </way>
  <way id="32488">
    <nd ref="31953"/>
    <nd ref="32485"/>
    <tag k="type" v="line_thin"/>
    <tag k="subtype" v="solid"/>
  </way>
  <way id="32489">
    <nd ref="32485"/>
    <nd ref="31954"/>
    <tag k="type" v="line_thin"/>
    <tag k="subtype" v="solid"/>
  </way>
  <way id="32507">
    <nd ref="32450"/>
    <nd ref="32457"/>
    <nd ref="32461"/>
    <nd ref="32465"/>
    <nd ref="32505"/>
    <tag k="type" v="line_thin"/>
    <tag k="subtype" v="solid"/>
  </way>
  <way id="32508">
    <nd ref="32505"/>
    <nd ref="32262"/>
    <tag k="type" v="line_thin"/>
    <tag k="subtype" v="solid"/>
  </way>
  <way id="32509">
    <nd ref="32451"/>
    <nd ref="32473"/>
    <nd ref="32477"/>
    <nd ref="32506"/>
    <tag k="type" v="line_thin"/>
    <tag k="subtype" v="solid"/>
  </way>
  <way id="32510">
    <nd ref="32506"/>
    <nd ref="32264"/>
    <tag k="type" v="line_thin"/>
    <tag k="subtype" v="solid"/>
  </way>
  <way id="32786">
    <nd ref="32491"/>
    <nd ref="32498"/>
    <nd ref="32505"/>
    <tag k="type" v="line_thin"/>
    <tag k="subtype" v="solid"/>
  </way>
  <way id="32787">
    <nd ref="32493"/>
    <nd ref="32499"/>
    <nd ref="32506"/>
    <tag k="type" v="line_thin"/>
    <tag k="subtype" v="solid"/>
  </way>
  <way id="32843">
    <nd ref="27482"/>
    <nd ref="607"/>
    <nd ref="32841"/>
    <tag k="type" v="line_thin"/>
    <tag k="subtype" v="solid"/>
  </way>
  <way id="32845">
    <nd ref="27483"/>
    <nd ref="612"/>
    <nd ref="32842"/>
    <tag k="type" v="line_thin"/>
    <tag k="subtype" v="solid"/>
  </way>
  <way id="33009">
    <nd ref="11522"/>
    <nd ref="33007"/>
    <tag k="type" v="line_thin"/>
    <tag k="subtype" v="solid"/>
  </way>
  <way id="33011">
    <nd ref="11521"/>
    <nd ref="33008"/>
    <tag k="type" v="line_thin"/>
    <tag k="subtype" v="solid"/>
  </way>
  <way id="33116">
    <nd ref="33007"/>
    <nd ref="33093"/>
    <nd ref="33097"/>
    <nd ref="33101"/>
    <nd ref="33083"/>
    <tag k="type" v="line_thin"/>
    <tag k="subtype" v="solid"/>
  </way>
  <way id="33117">
    <nd ref="33008"/>
    <nd ref="33105"/>
    <nd ref="33106"/>
    <nd ref="33109"/>
    <nd ref="33112"/>
    <nd ref="33115"/>
    <nd ref="33084"/>
    <tag k="type" v="line_thin"/>
    <tag k="subtype" v="solid"/>
  </way>
  <way id="33122">
    <nd ref="33119"/>
    <nd ref="11524"/>
    <tag k="type" v="line_thin"/>
    <tag k="subtype" v="solid"/>
  </way>
  <way id="33124">
    <nd ref="33120"/>
    <nd ref="11523"/>
    <tag k="type" v="line_thin"/>
    <tag k="subtype" v="solid"/>
  </way>
  <way id="33141">
    <nd ref="5"/>
    <nd ref="33139"/>
    <tag k="type" v="line_thin"/>
    <tag k="subtype" v="solid"/>
  </way>
  <way id="33143">
    <nd ref="172"/>
    <nd ref="33140"/>
    <tag k="type" v="line_thin"/>
    <tag k="subtype" v="solid"/>
  </way>
  <way id="33155">
    <nd ref="33146"/>
    <nd ref="32993"/>
    <nd ref="11750"/>
    <nd ref="11764"/>
    <nd ref="11760"/>
    <nd ref="11785"/>
    <nd ref="11787"/>
    <nd ref="11789"/>
    <nd ref="28060"/>
    <nd ref="28062"/>
    <nd ref="28065"/>
    <nd ref="11771"/>
    <tag k="type" v="line_thin"/>
    <tag k="subtype" v="solid"/>
  </way>
  <way id="33156">
    <nd ref="33147"/>
    <nd ref="32994"/>
    <nd ref="11751"/>
    <nd ref="11766"/>
    <nd ref="11793"/>
    <nd ref="28067"/>
    <nd ref="28068"/>
    <nd ref="28071"/>
    <nd ref="11772"/>
    <tag k="type" v="line_thin"/>
    <tag k="subtype" v="solid"/>
  </way>
  <way id="33157">
    <nd ref="33146"/>
    <nd ref="27562"/>
    <tag k="type" v="line_thin"/>
    <tag k="subtype" v="solid"/>
  </way>
  <way id="33158">
    <nd ref="33147"/>
    <nd ref="27563"/>
    <tag k="type" v="line_thin"/>
    <tag k="subtype" v="solid"/>
  </way>
  <way id="33166">
    <nd ref="11771"/>
    <nd ref="8"/>
    <tag k="type" v="line_thin"/>
    <tag k="subtype" v="solid"/>
  </way>
  <way id="33167">
    <nd ref="11772"/>
    <nd ref="14"/>
    <tag k="type" v="line_thin"/>
    <tag k="subtype" v="solid"/>
  </way>
  <way id="33169">
    <nd ref="33139"/>
    <nd ref="11771"/>
    <tag k="type" v="line_thin"/>
    <tag k="subtype" v="solid"/>
  </way>
  <way id="33170">
    <nd ref="33140"/>
    <nd ref="11772"/>
    <tag k="type" v="line_thin"/>
    <tag k="subtype" v="solid"/>
  </way>
  <way id="33174">
    <nd ref="11381"/>
    <nd ref="43337"/>
    <nd ref="33172"/>
    <tag k="type" v="line_thin"/>
    <tag k="subtype" v="solid"/>
  </way>
  <way id="33176">
    <nd ref="11380"/>
    <nd ref="43338"/>
    <nd ref="33173"/>
    <tag k="type" v="line_thin"/>
    <tag k="subtype" v="solid"/>
  </way>
  <way id="33230">
    <nd ref="33172"/>
    <nd ref="33205"/>
    <nd ref="33207"/>
    <nd ref="33209"/>
    <nd ref="33211"/>
    <nd ref="33213"/>
    <nd ref="33215"/>
    <nd ref="33216"/>
    <nd ref="33186"/>
    <tag k="type" v="line_thin"/>
    <tag k="subtype" v="solid"/>
  </way>
  <way id="33231">
    <nd ref="33173"/>
    <nd ref="33218"/>
    <nd ref="33219"/>
    <nd ref="33220"/>
    <nd ref="33222"/>
    <nd ref="33223"/>
    <nd ref="33224"/>
    <nd ref="33226"/>
    <nd ref="33227"/>
    <nd ref="33228"/>
    <nd ref="33229"/>
    <nd ref="33187"/>
    <tag k="type" v="line_thin"/>
    <tag k="subtype" v="solid"/>
  </way>
  <way id="33267">
    <nd ref="33264"/>
    <nd ref="28652"/>
    <tag k="type" v="line_thin"/>
    <tag k="subtype" v="solid"/>
  </way>
  <way id="33269">
    <nd ref="33265"/>
    <nd ref="28653"/>
    <tag k="type" v="line_thin"/>
    <tag k="subtype" v="solid"/>
  </way>
  <way id="33273">
    <nd ref="609"/>
    <nd ref="33271"/>
    <tag k="type" v="line_thin"/>
    <tag k="subtype" v="solid"/>
  </way>
  <way id="33275">
    <nd ref="614"/>
    <nd ref="33272"/>
    <tag k="type" v="line_thin"/>
    <tag k="subtype" v="solid"/>
  </way>
  <way id="33278">
    <nd ref="33271"/>
    <nd ref="33233"/>
    <tag k="type" v="line_thin"/>
    <tag k="subtype" v="solid"/>
  </way>
  <way id="33279">
    <nd ref="33272"/>
    <nd ref="33252"/>
    <tag k="type" v="line_thin"/>
    <tag k="subtype" v="solid"/>
  </way>
  <way id="33281">
    <nd ref="33251"/>
    <nd ref="33264"/>
    <tag k="type" v="line_thin"/>
    <tag k="subtype" v="solid"/>
  </way>
  <way id="33282">
    <nd ref="33260"/>
    <nd ref="33265"/>
    <tag k="type" v="line_thin"/>
    <tag k="subtype" v="solid"/>
  </way>
  <way id="33286">
    <nd ref="33083"/>
    <nd ref="33284"/>
    <tag k="type" v="line_thin"/>
    <tag k="subtype" v="solid"/>
  </way>
  <way id="33287">
    <nd ref="33284"/>
    <nd ref="33146"/>
    <tag k="type" v="line_thin"/>
    <tag k="subtype" v="solid"/>
  </way>
  <way id="33288">
    <nd ref="33084"/>
    <nd ref="33285"/>
    <tag k="type" v="line_thin"/>
    <tag k="subtype" v="solid"/>
  </way>
  <way id="33289">
    <nd ref="33285"/>
    <nd ref="33147"/>
    <tag k="type" v="line_thin"/>
    <tag k="subtype" v="solid"/>
  </way>
  <way id="33493">
    <nd ref="33490"/>
    <nd ref="26614"/>
    <nd ref="26616"/>
    <nd ref="26618"/>
    <nd ref="26620"/>
    <nd ref="302"/>
    <tag k="type" v="line_thin"/>
    <tag k="subtype" v="solid"/>
  </way>
  <way id="33495">
    <nd ref="33491"/>
    <nd ref="26627"/>
    <nd ref="26629"/>
    <nd ref="26631"/>
    <nd ref="26633"/>
    <nd ref="312"/>
    <tag k="type" v="line_thin"/>
    <tag k="subtype" v="solid"/>
  </way>
  <way id="33740">
    <nd ref="33661"/>
    <nd ref="33729"/>
    <nd ref="33696"/>
    <nd ref="33698"/>
    <nd ref="33709"/>
    <nd ref="33710"/>
    <nd ref="33711"/>
    <nd ref="33712"/>
    <nd ref="23752"/>
    <tag k="type" v="line_thin"/>
    <tag k="subtype" v="solid"/>
  </way>
  <way id="33741">
    <nd ref="33662"/>
    <nd ref="33730"/>
    <nd ref="33701"/>
    <nd ref="33704"/>
    <nd ref="33685"/>
    <nd ref="33714"/>
    <nd ref="33715"/>
    <nd ref="33716"/>
    <nd ref="23753"/>
    <tag k="type" v="line_thin"/>
    <tag k="subtype" v="solid"/>
  </way>
  <way id="35102">
    <nd ref="35099"/>
    <nd ref="35089"/>
    <tag k="type" v="line_thin"/>
    <tag k="subtype" v="solid"/>
  </way>
  <way id="35104">
    <nd ref="35100"/>
    <nd ref="35086"/>
    <tag k="type" v="line_thin"/>
    <tag k="subtype" v="solid"/>
  </way>
  <way id="35342">
    <nd ref="4095"/>
    <nd ref="35340"/>
    <tag k="type" v="line_thin"/>
    <tag k="subtype" v="solid"/>
  </way>
  <way id="35343">
    <nd ref="35340"/>
    <nd ref="4096"/>
    <tag k="type" v="line_thin"/>
    <tag k="subtype" v="solid"/>
  </way>
  <way id="35344">
    <nd ref="4092"/>
    <nd ref="35341"/>
    <tag k="type" v="line_thin"/>
    <tag k="subtype" v="solid"/>
  </way>
  <way id="35345">
    <nd ref="35341"/>
    <nd ref="4093"/>
    <tag k="type" v="line_thin"/>
    <tag k="subtype" v="solid"/>
  </way>
  <way id="35413">
    <nd ref="35347"/>
    <nd ref="27340"/>
    <tag k="type" v="line_thin"/>
    <tag k="subtype" v="solid"/>
  </way>
  <way id="35414">
    <nd ref="35349"/>
    <nd ref="27341"/>
    <tag k="type" v="line_thin"/>
    <tag k="subtype" v="solid"/>
  </way>
  <way id="35652">
    <nd ref="35635"/>
    <nd ref="24328"/>
    <tag k="type" v="line_thin"/>
    <tag k="subtype" v="solid"/>
  </way>
  <way id="35653">
    <nd ref="35637"/>
    <nd ref="24344"/>
    <tag k="type" v="line_thin"/>
    <tag k="subtype" v="solid"/>
  </way>
  <way id="36292">
    <nd ref="20939"/>
    <nd ref="36290"/>
    <tag k="type" v="line_thin"/>
    <tag k="subtype" v="solid"/>
  </way>
  <way id="36294">
    <nd ref="20940"/>
    <nd ref="36291"/>
    <tag k="type" v="line_thin"/>
    <tag k="subtype" v="solid"/>
  </way>
  <way id="36299">
    <nd ref="36290"/>
    <nd ref="10160"/>
    <nd ref="266"/>
    <nd ref="10167"/>
    <nd ref="36297"/>
    <tag k="type" v="line_thin"/>
    <tag k="subtype" v="solid"/>
  </way>
  <way id="36301">
    <nd ref="36291"/>
    <nd ref="10161"/>
    <nd ref="272"/>
    <nd ref="10168"/>
    <nd ref="36298"/>
    <tag k="type" v="line_thin"/>
    <tag k="subtype" v="solid"/>
  </way>
  <way id="37131">
    <nd ref="37110"/>
    <nd ref="32526"/>
    <nd ref="31956"/>
    <tag k="type" v="line_thin"/>
    <tag k="subtype" v="solid"/>
  </way>
  <way id="37132">
    <nd ref="37113"/>
    <nd ref="32527"/>
    <nd ref="31953"/>
    <tag k="type" v="line_thin"/>
    <tag k="subtype" v="solid"/>
  </way>
  <way id="37884">
    <nd ref="28078"/>
    <nd ref="37882"/>
    <tag k="type" v="line_thin"/>
    <tag k="subtype" v="solid"/>
  </way>
  <way id="37886">
    <nd ref="28079"/>
    <nd ref="37883"/>
    <tag k="type" v="line_thin"/>
    <tag k="subtype" v="solid"/>
  </way>
  <way id="37932">
    <nd ref="37928"/>
    <nd ref="37929"/>
    <tag k="type" v="line_thin"/>
    <tag k="subtype" v="solid"/>
  </way>
  <way id="37933">
    <nd ref="37930"/>
    <nd ref="37931"/>
    <tag k="type" v="line_thin"/>
    <tag k="subtype" v="solid"/>
  </way>
  <way id="38196">
    <nd ref="38193"/>
    <nd ref="722"/>
    <nd ref="1100"/>
    <nd ref="1099"/>
    <nd ref="1146"/>
    <nd ref="1101"/>
    <nd ref="1147"/>
    <nd ref="723"/>
    <tag k="type" v="line_thin"/>
    <tag k="subtype" v="solid"/>
  </way>
  <way id="38198">
    <nd ref="38194"/>
    <nd ref="705"/>
    <nd ref="1093"/>
    <nd ref="1094"/>
    <nd ref="1148"/>
    <nd ref="1149"/>
    <nd ref="1095"/>
    <nd ref="706"/>
    <tag k="type" v="line_thin"/>
    <tag k="subtype" v="solid"/>
  </way>
  <way id="38416">
    <nd ref="38382"/>
    <nd ref="38393"/>
    <nd ref="38394"/>
    <nd ref="38395"/>
    <nd ref="38396"/>
    <nd ref="38397"/>
    <nd ref="38398"/>
    <nd ref="38399"/>
    <nd ref="38400"/>
    <nd ref="38401"/>
    <nd ref="38193"/>
    <tag k="type" v="line_thin"/>
    <tag k="subtype" v="solid"/>
  </way>
  <way id="38417">
    <nd ref="38379"/>
    <nd ref="38402"/>
    <nd ref="38404"/>
    <nd ref="38406"/>
    <nd ref="38408"/>
    <nd ref="38410"/>
    <nd ref="38194"/>
    <tag k="type" v="line_thin"/>
    <tag k="subtype" v="solid"/>
  </way>
  <way id="38491">
    <nd ref="38432"/>
    <nd ref="38425"/>
    <nd ref="38470"/>
    <nd ref="38471"/>
    <nd ref="38472"/>
    <nd ref="38473"/>
    <nd ref="38474"/>
    <nd ref="38475"/>
    <nd ref="38476"/>
    <nd ref="38477"/>
    <nd ref="38478"/>
    <nd ref="38193"/>
    <tag k="type" v="line_thin"/>
    <tag k="subtype" v="solid"/>
  </way>
  <way id="38492">
    <nd ref="38433"/>
    <nd ref="38426"/>
    <nd ref="38479"/>
    <nd ref="38480"/>
    <nd ref="38481"/>
    <nd ref="38482"/>
    <nd ref="38483"/>
    <nd ref="38484"/>
    <nd ref="38485"/>
    <nd ref="38486"/>
    <nd ref="38487"/>
    <nd ref="38194"/>
    <tag k="type" v="line_thin"/>
    <tag k="subtype" v="solid"/>
  </way>
  <way id="38535">
    <nd ref="35618"/>
    <nd ref="38528"/>
    <tag k="type" v="line_thin"/>
    <tag k="subtype" v="solid"/>
  </way>
  <way id="38536">
    <nd ref="35619"/>
    <nd ref="38525"/>
    <tag k="type" v="line_thin"/>
    <tag k="subtype" v="solid"/>
  </way>
  <way id="38680">
    <nd ref="38528"/>
    <nd ref="38678"/>
    <tag k="type" v="line_thin"/>
    <tag k="subtype" v="solid"/>
  </way>
  <way id="38682">
    <nd ref="38525"/>
    <nd ref="38679"/>
    <tag k="type" v="line_thin"/>
    <tag k="subtype" v="solid"/>
  </way>
  <way id="38916">
    <nd ref="38867"/>
    <nd ref="28700"/>
    <tag k="type" v="line_thin"/>
    <tag k="subtype" v="solid"/>
  </way>
  <way id="38917">
    <nd ref="38869"/>
    <nd ref="28701"/>
    <tag k="type" v="line_thin"/>
    <tag k="subtype" v="solid"/>
  </way>
  <way id="39003">
    <nd ref="35333"/>
    <nd ref="38938"/>
    <nd ref="38978"/>
    <nd ref="38979"/>
    <nd ref="38980"/>
    <nd ref="38981"/>
    <nd ref="38982"/>
    <nd ref="38983"/>
    <nd ref="38984"/>
    <nd ref="38985"/>
    <nd ref="38986"/>
    <nd ref="38987"/>
    <nd ref="38988"/>
    <nd ref="34081"/>
    <tag k="type" v="line_thin"/>
    <tag k="subtype" v="solid"/>
  </way>
  <way id="39004">
    <nd ref="35334"/>
    <nd ref="38939"/>
    <nd ref="38989"/>
    <nd ref="38990"/>
    <nd ref="38991"/>
    <nd ref="38992"/>
    <nd ref="38993"/>
    <nd ref="38994"/>
    <nd ref="38995"/>
    <nd ref="38996"/>
    <nd ref="38997"/>
    <nd ref="38998"/>
    <nd ref="38999"/>
    <nd ref="34082"/>
    <tag k="type" v="line_thin"/>
    <tag k="subtype" v="solid"/>
  </way>
  <way id="39025">
    <nd ref="35089"/>
    <nd ref="39005"/>
    <nd ref="39006"/>
    <nd ref="39007"/>
    <nd ref="39008"/>
    <nd ref="39009"/>
    <nd ref="39010"/>
    <nd ref="39011"/>
    <nd ref="39012"/>
    <nd ref="39013"/>
    <nd ref="39014"/>
    <nd ref="34081"/>
    <tag k="type" v="line_thin"/>
    <tag k="subtype" v="solid"/>
  </way>
  <way id="39026">
    <nd ref="35086"/>
    <nd ref="39015"/>
    <nd ref="39016"/>
    <nd ref="39017"/>
    <nd ref="39018"/>
    <nd ref="39019"/>
    <nd ref="39020"/>
    <nd ref="39021"/>
    <nd ref="39022"/>
    <nd ref="39023"/>
    <nd ref="39024"/>
    <nd ref="34082"/>
    <tag k="type" v="line_thin"/>
    <tag k="subtype" v="solid"/>
  </way>
  <way id="39056">
    <nd ref="34042"/>
    <nd ref="39028"/>
    <nd ref="39035"/>
    <nd ref="39036"/>
    <nd ref="39037"/>
    <nd ref="39038"/>
    <nd ref="39039"/>
    <nd ref="39040"/>
    <nd ref="39041"/>
    <nd ref="39042"/>
    <nd ref="39043"/>
    <nd ref="34081"/>
    <tag k="type" v="line_thin"/>
    <tag k="subtype" v="solid"/>
  </way>
  <way id="39057">
    <nd ref="34039"/>
    <nd ref="39029"/>
    <nd ref="39044"/>
    <nd ref="39045"/>
    <nd ref="39046"/>
    <nd ref="39047"/>
    <nd ref="39048"/>
    <nd ref="39049"/>
    <nd ref="39050"/>
    <nd ref="39051"/>
    <nd ref="39052"/>
    <nd ref="34082"/>
    <tag k="type" v="line_thin"/>
    <tag k="subtype" v="solid"/>
  </way>
  <way id="39060">
    <nd ref="34081"/>
    <nd ref="39058"/>
    <tag k="type" v="line_thin"/>
    <tag k="subtype" v="solid"/>
  </way>
  <way id="39062">
    <nd ref="34082"/>
    <nd ref="39059"/>
    <tag k="type" v="line_thin"/>
    <tag k="subtype" v="solid"/>
  </way>
  <way id="39081">
    <nd ref="39058"/>
    <nd ref="39065"/>
    <nd ref="39066"/>
    <nd ref="39067"/>
    <nd ref="39068"/>
    <nd ref="39069"/>
    <nd ref="39070"/>
    <nd ref="39071"/>
    <nd ref="39072"/>
    <nd ref="14854"/>
    <tag k="type" v="line_thin"/>
    <tag k="subtype" v="solid"/>
  </way>
  <way id="39082">
    <nd ref="39059"/>
    <nd ref="39073"/>
    <nd ref="39074"/>
    <nd ref="39075"/>
    <nd ref="39076"/>
    <nd ref="39077"/>
    <nd ref="39078"/>
    <nd ref="39079"/>
    <nd ref="39080"/>
    <nd ref="14851"/>
    <tag k="type" v="line_thin"/>
    <tag k="subtype" v="solid"/>
  </way>
  <way id="39130">
    <nd ref="14855"/>
    <nd ref="39110"/>
    <nd ref="39111"/>
    <nd ref="39112"/>
    <nd ref="39113"/>
    <nd ref="39114"/>
    <nd ref="39115"/>
    <nd ref="39116"/>
    <nd ref="39117"/>
    <nd ref="39118"/>
    <nd ref="39119"/>
    <nd ref="9905"/>
    <tag k="type" v="line_thin"/>
    <tag k="subtype" v="solid"/>
  </way>
  <way id="39131">
    <nd ref="14852"/>
    <nd ref="39120"/>
    <nd ref="39121"/>
    <nd ref="39122"/>
    <nd ref="39123"/>
    <nd ref="39124"/>
    <nd ref="39125"/>
    <nd ref="39126"/>
    <nd ref="39127"/>
    <nd ref="39128"/>
    <nd ref="39129"/>
    <nd ref="9906"/>
    <tag k="type" v="line_thin"/>
    <tag k="subtype" v="solid"/>
  </way>
  <way id="39198">
    <nd ref="31444"/>
    <nd ref="30537"/>
    <tag k="type" v="line_thin"/>
    <tag k="subtype" v="solid"/>
  </way>
  <way id="39199">
    <nd ref="31445"/>
    <nd ref="30546"/>
    <tag k="type" v="line_thin"/>
    <tag k="subtype" v="solid"/>
  </way>
  <way id="39207">
    <nd ref="37924"/>
    <nd ref="39205"/>
    <tag k="type" v="line_thin"/>
    <tag k="subtype" v="solid"/>
  </way>
  <way id="39209">
    <nd ref="37921"/>
    <nd ref="39206"/>
    <tag k="type" v="line_thin"/>
    <tag k="subtype" v="solid"/>
  </way>
  <way id="39335">
    <nd ref="13506"/>
    <nd ref="39317"/>
    <nd ref="39318"/>
    <nd ref="39319"/>
    <nd ref="39320"/>
    <nd ref="39321"/>
    <nd ref="39322"/>
    <nd ref="39323"/>
    <nd ref="39324"/>
    <nd ref="39325"/>
    <nd ref="37928"/>
    <tag k="type" v="line_thin"/>
    <tag k="subtype" v="solid"/>
  </way>
  <way id="39336">
    <nd ref="13503"/>
    <nd ref="39326"/>
    <nd ref="39327"/>
    <nd ref="39328"/>
    <nd ref="39329"/>
    <nd ref="39330"/>
    <nd ref="39331"/>
    <nd ref="39332"/>
    <nd ref="39333"/>
    <nd ref="37930"/>
    <tag k="type" v="line_thin"/>
    <tag k="subtype" v="solid"/>
  </way>
  <way id="39341">
    <nd ref="31729"/>
    <nd ref="31800"/>
    <nd ref="31804"/>
    <nd ref="31808"/>
    <nd ref="31810"/>
    <nd ref="31790"/>
    <nd ref="25328"/>
    <nd ref="25330"/>
    <nd ref="25332"/>
    <nd ref="25334"/>
    <tag k="type" v="line_thin"/>
    <tag k="subtype" v="solid"/>
  </way>
  <way id="39342">
    <nd ref="31730"/>
    <nd ref="31814"/>
    <nd ref="31818"/>
    <nd ref="31822"/>
    <nd ref="31824"/>
    <nd ref="31791"/>
    <nd ref="25352"/>
    <nd ref="25354"/>
    <nd ref="25356"/>
    <nd ref="25358"/>
    <nd ref="25360"/>
    <tag k="type" v="line_thin"/>
    <tag k="subtype" v="solid"/>
  </way>
  <way id="39359">
    <nd ref="11917"/>
    <nd ref="2402"/>
    <nd ref="1966"/>
    <tag k="type" v="line_thin"/>
    <tag k="subtype" v="solid"/>
  </way>
  <way id="39360">
    <nd ref="11918"/>
    <nd ref="2403"/>
    <nd ref="1967"/>
    <tag k="type" v="line_thin"/>
    <tag k="subtype" v="solid"/>
  </way>
  <way id="39363">
    <nd ref="1966"/>
    <nd ref="1976"/>
    <nd ref="1980"/>
    <nd ref="1393"/>
    <nd ref="1733"/>
    <nd ref="1737"/>
    <nd ref="1741"/>
    <nd ref="1745"/>
    <nd ref="1749"/>
    <nd ref="4827"/>
    <tag k="type" v="line_thin"/>
    <tag k="subtype" v="solid"/>
  </way>
  <way id="39364">
    <nd ref="1967"/>
    <nd ref="1984"/>
    <nd ref="1988"/>
    <nd ref="1390"/>
    <nd ref="1752"/>
    <nd ref="1754"/>
    <nd ref="2410"/>
    <nd ref="1757"/>
    <nd ref="1759"/>
    <nd ref="1761"/>
    <nd ref="1763"/>
    <nd ref="1765"/>
    <nd ref="1767"/>
    <nd ref="1769"/>
    <nd ref="4828"/>
    <tag k="type" v="line_thin"/>
    <tag k="subtype" v="solid"/>
  </way>
  <way id="39367">
    <nd ref="37882"/>
    <nd ref="39365"/>
    <tag k="type" v="line_thin"/>
    <tag k="subtype" v="solid"/>
  </way>
  <way id="39369">
    <nd ref="37883"/>
    <nd ref="39366"/>
    <tag k="type" v="line_thin"/>
    <tag k="subtype" v="solid"/>
  </way>
  <way id="40109">
    <nd ref="40106"/>
    <nd ref="39884"/>
    <nd ref="387"/>
    <tag k="type" v="line_thin"/>
    <tag k="subtype" v="solid"/>
  </way>
  <way id="40111">
    <nd ref="40107"/>
    <nd ref="39888"/>
    <nd ref="382"/>
    <tag k="type" v="line_thin"/>
    <tag k="subtype" v="solid"/>
  </way>
  <way id="40168">
    <nd ref="40165"/>
    <nd ref="40118"/>
    <nd ref="40120"/>
    <nd ref="40122"/>
    <nd ref="40124"/>
    <nd ref="40126"/>
    <nd ref="40106"/>
    <tag k="type" v="line_thin"/>
    <tag k="subtype" v="solid"/>
  </way>
  <way id="40170">
    <nd ref="40166"/>
    <nd ref="40132"/>
    <nd ref="40134"/>
    <nd ref="40136"/>
    <nd ref="40138"/>
    <nd ref="40140"/>
    <nd ref="40107"/>
    <tag k="type" v="line_thin"/>
    <tag k="subtype" v="solid"/>
  </way>
  <way id="40200">
    <nd ref="318"/>
    <nd ref="40173"/>
    <nd ref="40175"/>
    <nd ref="40177"/>
    <nd ref="40179"/>
    <nd ref="40181"/>
    <nd ref="40183"/>
    <nd ref="40185"/>
    <nd ref="40165"/>
    <tag k="type" v="line_thin"/>
    <tag k="subtype" v="solid"/>
  </way>
  <way id="40201">
    <nd ref="322"/>
    <nd ref="40187"/>
    <nd ref="40189"/>
    <nd ref="40191"/>
    <nd ref="40193"/>
    <nd ref="40195"/>
    <nd ref="40197"/>
    <nd ref="40199"/>
    <nd ref="40166"/>
    <tag k="type" v="line_thin"/>
    <tag k="subtype" v="solid"/>
  </way>
  <way id="40320">
    <nd ref="24027"/>
    <nd ref="23903"/>
    <tag k="type" v="line_thin"/>
    <tag k="subtype" v="solid"/>
  </way>
  <way id="40321">
    <nd ref="24029"/>
    <nd ref="23904"/>
    <tag k="type" v="line_thin"/>
    <tag k="subtype" v="solid"/>
  </way>
  <way id="40329">
    <nd ref="24311"/>
    <nd ref="24549"/>
    <tag k="type" v="line_thin"/>
    <tag k="subtype" v="solid"/>
  </way>
  <way id="40330">
    <nd ref="24329"/>
    <nd ref="24551"/>
    <tag k="type" v="line_thin"/>
    <tag k="subtype" v="solid"/>
  </way>
  <way id="40422">
    <nd ref="33500"/>
    <nd ref="40420"/>
    <tag k="type" v="line_thin"/>
    <tag k="subtype" v="solid"/>
  </way>
  <way id="40424">
    <nd ref="33497"/>
    <nd ref="40421"/>
    <tag k="type" v="line_thin"/>
    <tag k="subtype" v="solid"/>
  </way>
  <way id="40437">
    <nd ref="40420"/>
    <nd ref="40428"/>
    <nd ref="40430"/>
    <nd ref="33490"/>
    <tag k="type" v="line_thin"/>
    <tag k="subtype" v="solid"/>
  </way>
  <way id="40438">
    <nd ref="40421"/>
    <nd ref="40433"/>
    <nd ref="40435"/>
    <nd ref="33491"/>
    <tag k="type" v="line_thin"/>
    <tag k="subtype" v="solid"/>
  </way>
  <way id="40442">
    <nd ref="34420"/>
    <nd ref="40440"/>
    <tag k="type" v="line_thin"/>
    <tag k="subtype" v="solid"/>
  </way>
  <way id="40444">
    <nd ref="34422"/>
    <nd ref="40441"/>
    <tag k="type" v="line_thin"/>
    <tag k="subtype" v="solid"/>
  </way>
  <way id="40467">
    <nd ref="40440"/>
    <nd ref="40447"/>
    <nd ref="40449"/>
    <nd ref="40451"/>
    <nd ref="40453"/>
    <nd ref="40455"/>
    <nd ref="33490"/>
    <tag k="type" v="line_thin"/>
    <tag k="subtype" v="solid"/>
  </way>
  <way id="40468">
    <nd ref="40441"/>
    <nd ref="40457"/>
    <nd ref="40459"/>
    <nd ref="40461"/>
    <nd ref="40463"/>
    <nd ref="40465"/>
    <nd ref="33491"/>
    <tag k="type" v="line_thin"/>
    <tag k="subtype" v="solid"/>
  </way>
  <way id="40511">
    <nd ref="40508"/>
    <nd ref="26029"/>
    <nd ref="26153"/>
    <nd ref="26154"/>
    <nd ref="26156"/>
    <nd ref="26133"/>
    <tag k="type" v="line_thin"/>
    <tag k="subtype" v="solid"/>
  </way>
  <way id="40513">
    <nd ref="40509"/>
    <nd ref="26050"/>
    <nd ref="26053"/>
    <nd ref="26147"/>
    <nd ref="26158"/>
    <nd ref="26160"/>
    <nd ref="26135"/>
    <tag k="type" v="line_thin"/>
    <tag k="subtype" v="solid"/>
  </way>
  <way id="40593">
    <nd ref="40590"/>
    <nd ref="26015"/>
    <tag k="type" v="line_thin"/>
    <tag k="subtype" v="solid"/>
  </way>
  <way id="40595">
    <nd ref="40591"/>
    <nd ref="26040"/>
    <tag k="type" v="line_thin"/>
    <tag k="subtype" v="solid"/>
  </way>
  <way id="40636">
    <nd ref="26171"/>
    <nd ref="26377"/>
    <nd ref="40634"/>
    <tag k="type" v="line_thin"/>
    <tag k="subtype" v="solid"/>
  </way>
  <way id="40638">
    <nd ref="26186"/>
    <nd ref="26382"/>
    <nd ref="26384"/>
    <nd ref="40635"/>
    <tag k="type" v="line_thin"/>
    <tag k="subtype" v="solid"/>
  </way>
  <way id="40757">
    <nd ref="26407"/>
    <nd ref="40755"/>
    <tag k="type" v="line_thin"/>
    <tag k="subtype" v="solid"/>
  </way>
  <way id="40758">
    <nd ref="40755"/>
    <nd ref="40659"/>
    <tag k="type" v="line_thin"/>
    <tag k="subtype" v="solid"/>
  </way>
  <way id="40759">
    <nd ref="26408"/>
    <nd ref="40756"/>
    <tag k="type" v="line_thin"/>
    <tag k="subtype" v="solid"/>
  </way>
  <way id="40760">
    <nd ref="40756"/>
    <nd ref="40660"/>
    <tag k="type" v="line_thin"/>
    <tag k="subtype" v="solid"/>
  </way>
  <way id="40837">
    <nd ref="40834"/>
    <nd ref="40529"/>
    <nd ref="26222"/>
    <nd ref="26225"/>
    <nd ref="26228"/>
    <nd ref="26231"/>
    <nd ref="26205"/>
    <tag k="type" v="line_thin"/>
    <tag k="subtype" v="solid"/>
  </way>
  <way id="40839">
    <nd ref="40835"/>
    <nd ref="26242"/>
    <nd ref="26244"/>
    <nd ref="26246"/>
    <nd ref="26249"/>
    <nd ref="26251"/>
    <nd ref="26207"/>
    <tag k="type" v="line_thin"/>
    <tag k="subtype" v="solid"/>
  </way>
  <way id="40851">
    <nd ref="40659"/>
    <nd ref="40841"/>
    <nd ref="40842"/>
    <nd ref="40843"/>
    <nd ref="40844"/>
    <nd ref="40845"/>
    <nd ref="40834"/>
    <tag k="type" v="line_thin"/>
    <tag k="subtype" v="solid"/>
  </way>
  <way id="40852">
    <nd ref="40660"/>
    <nd ref="40846"/>
    <nd ref="40847"/>
    <nd ref="40848"/>
    <nd ref="40849"/>
    <nd ref="40850"/>
    <nd ref="40835"/>
    <tag k="type" v="line_thin"/>
    <tag k="subtype" v="solid"/>
  </way>
  <way id="40854">
    <nd ref="40659"/>
    <nd ref="25885"/>
    <tag k="type" v="line_thin"/>
    <tag k="subtype" v="solid"/>
  </way>
  <way id="40855">
    <nd ref="40660"/>
    <nd ref="25887"/>
    <tag k="type" v="line_thin"/>
    <tag k="subtype" v="solid"/>
  </way>
  <way id="40860">
    <nd ref="40857"/>
    <nd ref="40792"/>
    <nd ref="40793"/>
    <nd ref="40794"/>
    <nd ref="40795"/>
    <nd ref="40796"/>
    <nd ref="26407"/>
    <tag k="type" v="line_thin"/>
    <tag k="subtype" v="solid"/>
  </way>
  <way id="40862">
    <nd ref="40858"/>
    <nd ref="40799"/>
    <nd ref="40800"/>
    <nd ref="40801"/>
    <nd ref="40802"/>
    <nd ref="40803"/>
    <nd ref="26408"/>
    <tag k="type" v="line_thin"/>
    <tag k="subtype" v="solid"/>
  </way>
  <way id="40864">
    <nd ref="19406"/>
    <nd ref="40736"/>
    <nd ref="40738"/>
    <nd ref="40740"/>
    <nd ref="40742"/>
    <nd ref="40791"/>
    <nd ref="40857"/>
    <tag k="type" v="line_thin"/>
    <tag k="subtype" v="solid"/>
  </way>
  <way id="40865">
    <nd ref="19409"/>
    <nd ref="40744"/>
    <nd ref="40746"/>
    <nd ref="40748"/>
    <nd ref="40784"/>
    <nd ref="40798"/>
    <nd ref="40858"/>
    <tag k="type" v="line_thin"/>
    <tag k="subtype" v="solid"/>
  </way>
  <way id="40878">
    <nd ref="25672"/>
    <nd ref="40866"/>
    <nd ref="40868"/>
    <nd ref="40870"/>
    <nd ref="40871"/>
    <nd ref="40857"/>
    <tag k="type" v="line_thin"/>
    <tag k="subtype" v="solid"/>
  </way>
  <way id="40879">
    <nd ref="25673"/>
    <nd ref="40872"/>
    <nd ref="40874"/>
    <nd ref="40876"/>
    <nd ref="40858"/>
    <tag k="type" v="line_thin"/>
    <tag k="subtype" v="solid"/>
  </way>
  <way id="41032">
    <nd ref="41029"/>
    <nd ref="1486"/>
    <tag k="type" v="line_thin"/>
    <tag k="subtype" v="solid"/>
  </way>
  <way id="41034">
    <nd ref="41030"/>
    <nd ref="1488"/>
    <tag k="type" v="line_thin"/>
    <tag k="subtype" v="solid"/>
  </way>
  <way id="41101">
    <nd ref="9881"/>
    <nd ref="41099"/>
    <tag k="type" v="line_thin"/>
    <tag k="subtype" v="solid"/>
  </way>
  <way id="41103">
    <nd ref="9882"/>
    <nd ref="41100"/>
    <tag k="type" v="line_thin"/>
    <tag k="subtype" v="solid"/>
  </way>
  <way id="41163">
    <nd ref="41099"/>
    <nd ref="41153"/>
    <nd ref="41155"/>
    <nd ref="41116"/>
    <tag k="type" v="line_thin"/>
    <tag k="subtype" v="solid"/>
  </way>
  <way id="41164">
    <nd ref="41100"/>
    <nd ref="41158"/>
    <nd ref="41160"/>
    <nd ref="41113"/>
    <tag k="type" v="line_thin"/>
    <tag k="subtype" v="solid"/>
  </way>
  <way id="41199">
    <nd ref="22977"/>
    <nd ref="41197"/>
    <tag k="type" v="line_thin"/>
    <tag k="subtype" v="solid"/>
  </way>
  <way id="41201">
    <nd ref="22978"/>
    <nd ref="41198"/>
    <tag k="type" v="line_thin"/>
    <tag k="subtype" v="solid"/>
  </way>
  <way id="41249">
    <nd ref="41245"/>
    <nd ref="41246"/>
    <tag k="type" v="line_thin"/>
    <tag k="subtype" v="solid"/>
  </way>
  <way id="41250">
    <nd ref="41247"/>
    <nd ref="41248"/>
    <tag k="type" v="line_thin"/>
    <tag k="subtype" v="solid"/>
  </way>
  <way id="41255">
    <nd ref="41252"/>
    <nd ref="23737"/>
    <nd ref="23776"/>
    <nd ref="33668"/>
    <nd ref="33661"/>
    <tag k="type" v="line_thin"/>
    <tag k="subtype" v="solid"/>
  </way>
  <way id="41257">
    <nd ref="41253"/>
    <nd ref="23740"/>
    <nd ref="23777"/>
    <nd ref="33669"/>
    <nd ref="33662"/>
    <tag k="type" v="line_thin"/>
    <tag k="subtype" v="solid"/>
  </way>
  <way id="41262">
    <nd ref="41246"/>
    <nd ref="41252"/>
    <tag k="type" v="line_thin"/>
    <tag k="subtype" v="solid"/>
  </way>
  <way id="41263">
    <nd ref="41248"/>
    <nd ref="41253"/>
    <tag k="type" v="line_thin"/>
    <tag k="subtype" v="solid"/>
  </way>
  <way id="41378">
    <nd ref="41116"/>
    <nd ref="41136"/>
    <nd ref="41137"/>
    <nd ref="41139"/>
    <nd ref="41376"/>
    <tag k="type" v="line_thin"/>
    <tag k="subtype" v="solid"/>
  </way>
  <way id="41379">
    <nd ref="41376"/>
    <nd ref="15635"/>
    <tag k="type" v="line_thin"/>
    <tag k="subtype" v="solid"/>
  </way>
  <way id="41380">
    <nd ref="41113"/>
    <nd ref="41143"/>
    <nd ref="41144"/>
    <nd ref="41146"/>
    <nd ref="41377"/>
    <tag k="type" v="line_thin"/>
    <tag k="subtype" v="solid"/>
  </way>
  <way id="41381">
    <nd ref="41377"/>
    <nd ref="15636"/>
    <tag k="type" v="line_thin"/>
    <tag k="subtype" v="solid"/>
  </way>
  <way id="41428">
    <nd ref="15635"/>
    <nd ref="41404"/>
    <nd ref="41405"/>
    <nd ref="41406"/>
    <nd ref="41407"/>
    <nd ref="41408"/>
    <nd ref="41409"/>
    <nd ref="41410"/>
    <nd ref="41411"/>
    <nd ref="41412"/>
    <nd ref="41413"/>
    <nd ref="41414"/>
    <nd ref="41415"/>
    <nd ref="22977"/>
    <tag k="type" v="line_thin"/>
    <tag k="subtype" v="solid"/>
  </way>
  <way id="41429">
    <nd ref="15636"/>
    <nd ref="41416"/>
    <nd ref="41417"/>
    <nd ref="41418"/>
    <nd ref="41419"/>
    <nd ref="41420"/>
    <nd ref="41421"/>
    <nd ref="41422"/>
    <nd ref="41423"/>
    <nd ref="41424"/>
    <nd ref="41425"/>
    <nd ref="41426"/>
    <nd ref="41427"/>
    <nd ref="22978"/>
    <tag k="type" v="line_thin"/>
    <tag k="subtype" v="solid"/>
  </way>
  <way id="41447">
    <nd ref="15635"/>
    <nd ref="41431"/>
    <nd ref="41432"/>
    <nd ref="41433"/>
    <nd ref="41434"/>
    <nd ref="41435"/>
    <nd ref="41436"/>
    <nd ref="41437"/>
    <nd ref="41438"/>
    <nd ref="41245"/>
    <tag k="type" v="line_thin"/>
    <tag k="subtype" v="solid"/>
  </way>
  <way id="41448">
    <nd ref="15636"/>
    <nd ref="41440"/>
    <nd ref="41442"/>
    <nd ref="41444"/>
    <nd ref="41446"/>
    <nd ref="43855"/>
    <nd ref="41247"/>
    <tag k="type" v="line_thin"/>
    <tag k="subtype" v="solid"/>
  </way>
  <way id="41676">
    <nd ref="22900"/>
    <nd ref="41664"/>
    <nd ref="41665"/>
    <nd ref="41666"/>
    <nd ref="41667"/>
    <nd ref="41668"/>
    <nd ref="41669"/>
    <nd ref="41628"/>
    <tag k="type" v="line_thin"/>
    <tag k="subtype" v="solid"/>
  </way>
  <way id="41677">
    <nd ref="22901"/>
    <nd ref="41670"/>
    <nd ref="41671"/>
    <nd ref="41672"/>
    <nd ref="41673"/>
    <nd ref="41674"/>
    <nd ref="41675"/>
    <nd ref="41629"/>
    <tag k="type" v="line_thin"/>
    <tag k="subtype" v="solid"/>
  </way>
  <way id="41699">
    <nd ref="41628"/>
    <nd ref="41635"/>
    <nd ref="41636"/>
    <nd ref="41637"/>
    <nd ref="41638"/>
    <nd ref="41697"/>
    <tag k="type" v="line_thin"/>
    <tag k="subtype" v="solid"/>
  </way>
  <way id="41701">
    <nd ref="41629"/>
    <nd ref="41648"/>
    <nd ref="41649"/>
    <nd ref="41650"/>
    <nd ref="41651"/>
    <nd ref="41698"/>
    <tag k="type" v="line_thin"/>
    <tag k="subtype" v="solid"/>
  </way>
  <way id="41725">
    <nd ref="33661"/>
    <nd ref="41723"/>
    <tag k="type" v="line_thin"/>
    <tag k="subtype" v="solid"/>
  </way>
  <way id="41726">
    <nd ref="41723"/>
    <nd ref="41704"/>
    <nd ref="41705"/>
    <nd ref="41706"/>
    <nd ref="41707"/>
    <nd ref="41708"/>
    <nd ref="41709"/>
    <nd ref="41710"/>
    <nd ref="41711"/>
    <nd ref="41697"/>
    <tag k="type" v="line_thin"/>
    <tag k="subtype" v="solid"/>
  </way>
  <way id="41727">
    <nd ref="33662"/>
    <nd ref="41724"/>
    <tag k="type" v="line_thin"/>
    <tag k="subtype" v="solid"/>
  </way>
  <way id="41728">
    <nd ref="41724"/>
    <nd ref="41712"/>
    <nd ref="41713"/>
    <nd ref="41714"/>
    <nd ref="41715"/>
    <nd ref="41716"/>
    <nd ref="41717"/>
    <nd ref="41718"/>
    <nd ref="41719"/>
    <nd ref="41698"/>
    <tag k="type" v="line_thin"/>
    <tag k="subtype" v="solid"/>
  </way>
  <way id="41816">
    <nd ref="22900"/>
    <nd ref="41808"/>
    <nd ref="41809"/>
    <nd ref="41810"/>
    <nd ref="41811"/>
    <nd ref="41804"/>
    <tag k="type" v="line_thin"/>
    <tag k="subtype" v="solid"/>
  </way>
  <way id="41817">
    <nd ref="22901"/>
    <nd ref="41812"/>
    <nd ref="41813"/>
    <nd ref="41814"/>
    <nd ref="41815"/>
    <nd ref="41801"/>
    <tag k="type" v="line_thin"/>
    <tag k="subtype" v="solid"/>
  </way>
  <way id="41835">
    <nd ref="41804"/>
    <nd ref="41820"/>
    <nd ref="41822"/>
    <nd ref="41824"/>
    <nd ref="41826"/>
    <nd ref="25077"/>
    <tag k="type" v="line_thin"/>
    <tag k="subtype" v="solid"/>
  </way>
  <way id="41836">
    <nd ref="41801"/>
    <nd ref="41828"/>
    <nd ref="41830"/>
    <nd ref="41832"/>
    <nd ref="41834"/>
    <nd ref="25078"/>
    <tag k="type" v="line_thin"/>
    <tag k="subtype" v="solid"/>
  </way>
  <way id="41868">
    <nd ref="25077"/>
    <nd ref="41857"/>
    <nd ref="41858"/>
    <nd ref="41859"/>
    <nd ref="41730"/>
    <nd ref="24860"/>
    <nd ref="24861"/>
    <nd ref="25043"/>
    <nd ref="25045"/>
    <nd ref="25047"/>
    <nd ref="25049"/>
    <nd ref="25051"/>
    <nd ref="25036"/>
    <tag k="type" v="line_thin"/>
    <tag k="subtype" v="solid"/>
  </way>
  <way id="41869">
    <nd ref="25078"/>
    <nd ref="41860"/>
    <nd ref="41861"/>
    <nd ref="41862"/>
    <nd ref="24880"/>
    <nd ref="24882"/>
    <nd ref="25053"/>
    <nd ref="25055"/>
    <nd ref="25057"/>
    <nd ref="25059"/>
    <nd ref="25061"/>
    <nd ref="25037"/>
    <tag k="type" v="line_thin"/>
    <tag k="subtype" v="solid"/>
  </way>
  <way id="41913">
    <nd ref="31851"/>
    <nd ref="25334"/>
    <tag k="type" v="line_thin"/>
    <tag k="subtype" v="solid"/>
  </way>
  <way id="41914">
    <nd ref="31852"/>
    <nd ref="25360"/>
    <tag k="type" v="line_thin"/>
    <tag k="subtype" v="solid"/>
  </way>
  <way id="41955">
    <nd ref="41952"/>
    <nd ref="24027"/>
    <tag k="type" v="line_thin"/>
    <tag k="subtype" v="solid"/>
  </way>
  <way id="41957">
    <nd ref="41953"/>
    <nd ref="24029"/>
    <tag k="type" v="line_thin"/>
    <tag k="subtype" v="solid"/>
  </way>
  <way id="41961">
    <nd ref="41697"/>
    <nd ref="41639"/>
    <nd ref="41959"/>
    <tag k="type" v="line_thin"/>
    <tag k="subtype" v="solid"/>
  </way>
  <way id="41963">
    <nd ref="41698"/>
    <nd ref="41652"/>
    <nd ref="41960"/>
    <tag k="type" v="line_thin"/>
    <tag k="subtype" v="solid"/>
  </way>
  <way id="41978">
    <nd ref="41959"/>
    <nd ref="41966"/>
    <nd ref="41967"/>
    <nd ref="41968"/>
    <nd ref="41969"/>
    <nd ref="41970"/>
    <nd ref="41971"/>
    <nd ref="41952"/>
    <tag k="type" v="line_thin"/>
    <tag k="subtype" v="solid"/>
  </way>
  <way id="41979">
    <nd ref="41960"/>
    <nd ref="41972"/>
    <nd ref="41973"/>
    <nd ref="41974"/>
    <nd ref="41975"/>
    <nd ref="41976"/>
    <nd ref="41977"/>
    <nd ref="41953"/>
    <tag k="type" v="line_thin"/>
    <tag k="subtype" v="solid"/>
  </way>
  <way id="41981">
    <nd ref="24027"/>
    <nd ref="20535"/>
    <nd ref="20537"/>
    <nd ref="20539"/>
    <nd ref="20541"/>
    <nd ref="20530"/>
    <nd ref="41916"/>
    <nd ref="20554"/>
    <nd ref="20556"/>
    <nd ref="20557"/>
    <nd ref="24151"/>
    <tag k="type" v="line_thin"/>
    <tag k="subtype" v="solid"/>
  </way>
  <way id="41982">
    <nd ref="24029"/>
    <nd ref="20544"/>
    <nd ref="20547"/>
    <nd ref="20550"/>
    <nd ref="20527"/>
    <nd ref="41917"/>
    <nd ref="20558"/>
    <nd ref="20559"/>
    <nd ref="20560"/>
    <nd ref="20561"/>
    <nd ref="24153"/>
    <tag k="type" v="line_thin"/>
    <tag k="subtype" v="solid"/>
  </way>
  <way id="41985">
    <nd ref="24291"/>
    <nd ref="41983"/>
    <tag k="type" v="line_thin"/>
    <tag k="subtype" v="solid"/>
  </way>
  <way id="41987">
    <nd ref="24292"/>
    <nd ref="41984"/>
    <tag k="type" v="line_thin"/>
    <tag k="subtype" v="solid"/>
  </way>
  <way id="42018">
    <nd ref="24389"/>
    <nd ref="42016"/>
    <tag k="type" v="line_thin"/>
    <tag k="subtype" v="solid"/>
  </way>
  <way id="42020">
    <nd ref="24391"/>
    <nd ref="42017"/>
    <tag k="type" v="line_thin"/>
    <tag k="subtype" v="solid"/>
  </way>
  <way id="42118">
    <nd ref="42097"/>
    <nd ref="42111"/>
    <tag k="type" v="line_thin"/>
    <tag k="subtype" v="solid"/>
  </way>
  <way id="42119">
    <nd ref="42098"/>
    <nd ref="42112"/>
    <tag k="type" v="line_thin"/>
    <tag k="subtype" v="solid"/>
  </way>
  <way id="42143">
    <nd ref="42141"/>
    <nd ref="42142"/>
    <tag k="type" v="line_thin"/>
    <tag k="subtype" v="solid"/>
  </way>
  <way id="42146">
    <nd ref="42144"/>
    <nd ref="42145"/>
    <tag k="type" v="line_thin"/>
    <tag k="subtype" v="solid"/>
  </way>
  <way id="42166">
    <nd ref="42111"/>
    <nd ref="42148"/>
    <nd ref="42149"/>
    <nd ref="42151"/>
    <nd ref="42153"/>
    <nd ref="42155"/>
    <nd ref="42144"/>
    <tag k="type" v="line_thin"/>
    <tag k="subtype" v="solid"/>
  </way>
  <way id="42167">
    <nd ref="42112"/>
    <nd ref="42157"/>
    <nd ref="42159"/>
    <nd ref="42161"/>
    <nd ref="42163"/>
    <nd ref="42165"/>
    <nd ref="42141"/>
    <tag k="type" v="line_thin"/>
    <tag k="subtype" v="solid"/>
  </way>
  <way id="42192">
    <nd ref="42145"/>
    <nd ref="42169"/>
    <nd ref="42170"/>
    <nd ref="42172"/>
    <nd ref="42173"/>
    <nd ref="42174"/>
    <nd ref="42175"/>
    <nd ref="20939"/>
    <tag k="type" v="line_thin"/>
    <tag k="subtype" v="solid"/>
  </way>
  <way id="42193">
    <nd ref="42142"/>
    <nd ref="42176"/>
    <nd ref="42177"/>
    <nd ref="42178"/>
    <nd ref="42179"/>
    <nd ref="42180"/>
    <nd ref="42181"/>
    <nd ref="20940"/>
    <tag k="type" v="line_thin"/>
    <tag k="subtype" v="solid"/>
  </way>
  <way id="42194">
    <nd ref="42145"/>
    <nd ref="42198"/>
    <nd ref="42199"/>
    <nd ref="42200"/>
    <nd ref="42197"/>
    <nd ref="20994"/>
    <tag k="type" v="line_thin"/>
    <tag k="subtype" v="solid"/>
  </way>
  <way id="42195">
    <nd ref="42142"/>
    <nd ref="42204"/>
    <nd ref="42203"/>
    <nd ref="42202"/>
    <nd ref="42201"/>
    <nd ref="21001"/>
    <tag k="type" v="line_thin"/>
    <tag k="subtype" v="solid"/>
  </way>
  <way id="42242">
    <nd ref="15110"/>
    <nd ref="42214"/>
    <nd ref="42216"/>
    <nd ref="42218"/>
    <nd ref="42220"/>
    <nd ref="42222"/>
    <nd ref="42224"/>
    <nd ref="42226"/>
    <nd ref="42144"/>
    <tag k="type" v="line_thin"/>
    <tag k="subtype" v="solid"/>
  </way>
  <way id="42243">
    <nd ref="15107"/>
    <nd ref="42228"/>
    <nd ref="42230"/>
    <nd ref="42232"/>
    <nd ref="42234"/>
    <nd ref="42236"/>
    <nd ref="42238"/>
    <nd ref="42240"/>
    <nd ref="42141"/>
    <tag k="type" v="line_thin"/>
    <tag k="subtype" v="solid"/>
  </way>
  <way id="42329">
    <nd ref="42321"/>
    <nd ref="467"/>
    <tag k="type" v="line_thin"/>
    <tag k="subtype" v="solid"/>
  </way>
  <way id="42330">
    <nd ref="42320"/>
    <nd ref="461"/>
    <tag k="type" v="line_thin"/>
    <tag k="subtype" v="solid"/>
  </way>
  <way id="42344">
    <nd ref="33913"/>
    <nd ref="42321"/>
    <tag k="type" v="line_thin"/>
    <tag k="subtype" v="solid"/>
  </way>
  <way id="42345">
    <nd ref="33914"/>
    <nd ref="42320"/>
    <tag k="type" v="line_thin"/>
    <tag k="subtype" v="solid"/>
  </way>
  <way id="42631">
    <nd ref="42549"/>
    <nd ref="42617"/>
    <tag k="type" v="line_thin"/>
    <tag k="subtype" v="solid"/>
  </way>
  <way id="42632">
    <nd ref="42551"/>
    <nd ref="42618"/>
    <tag k="type" v="line_thin"/>
    <tag k="subtype" v="solid"/>
  </way>
  <way id="42841">
    <nd ref="38064"/>
    <nd ref="42839"/>
    <tag k="type" v="line_thin"/>
    <tag k="subtype" v="solid"/>
  </way>
  <way id="42842">
    <nd ref="42839"/>
    <nd ref="37928"/>
    <tag k="type" v="line_thin"/>
    <tag k="subtype" v="solid"/>
  </way>
  <way id="42843">
    <nd ref="38066"/>
    <nd ref="42840"/>
    <tag k="type" v="line_thin"/>
    <tag k="subtype" v="solid"/>
  </way>
  <way id="42844">
    <nd ref="42840"/>
    <nd ref="37930"/>
    <tag k="type" v="line_thin"/>
    <tag k="subtype" v="solid"/>
  </way>
  <way id="42848">
    <nd ref="38050"/>
    <nd ref="42846"/>
    <tag k="type" v="line_thin"/>
    <tag k="subtype" v="solid"/>
  </way>
  <way id="42849">
    <nd ref="42846"/>
    <nd ref="37924"/>
    <tag k="type" v="line_thin"/>
    <tag k="subtype" v="solid"/>
  </way>
  <way id="42850">
    <nd ref="38052"/>
    <nd ref="42847"/>
    <tag k="type" v="line_thin"/>
    <tag k="subtype" v="solid"/>
  </way>
  <way id="42851">
    <nd ref="42847"/>
    <nd ref="37921"/>
    <tag k="type" v="line_thin"/>
    <tag k="subtype" v="solid"/>
  </way>
  <way id="43016">
    <nd ref="42736"/>
    <nd ref="42968"/>
    <nd ref="42969"/>
    <nd ref="42970"/>
    <nd ref="42971"/>
    <nd ref="42972"/>
    <nd ref="42973"/>
    <nd ref="42974"/>
    <nd ref="42975"/>
    <nd ref="42976"/>
    <nd ref="42977"/>
    <nd ref="42978"/>
    <nd ref="42979"/>
    <nd ref="42980"/>
    <nd ref="42981"/>
    <nd ref="42982"/>
    <nd ref="42983"/>
    <nd ref="42984"/>
    <nd ref="42985"/>
    <nd ref="42986"/>
    <nd ref="42987"/>
    <nd ref="42988"/>
    <nd ref="42989"/>
    <nd ref="42990"/>
    <nd ref="42991"/>
    <nd ref="42860"/>
    <tag k="type" v="line_thin"/>
    <tag k="subtype" v="solid"/>
  </way>
  <way id="43017">
    <nd ref="42768"/>
    <nd ref="42992"/>
    <nd ref="42993"/>
    <nd ref="42994"/>
    <nd ref="42995"/>
    <nd ref="42996"/>
    <nd ref="42997"/>
    <nd ref="42998"/>
    <nd ref="42999"/>
    <nd ref="43000"/>
    <nd ref="43001"/>
    <nd ref="43002"/>
    <nd ref="43003"/>
    <nd ref="43004"/>
    <nd ref="43005"/>
    <nd ref="43006"/>
    <nd ref="43007"/>
    <nd ref="43008"/>
    <nd ref="43009"/>
    <nd ref="43010"/>
    <nd ref="43011"/>
    <nd ref="43012"/>
    <nd ref="43013"/>
    <nd ref="43014"/>
    <nd ref="43015"/>
    <nd ref="42861"/>
    <tag k="type" v="line_thin"/>
    <tag k="subtype" v="solid"/>
  </way>
  <way id="43233">
    <nd ref="43173"/>
    <nd ref="43212"/>
    <nd ref="43214"/>
    <nd ref="43216"/>
    <nd ref="43218"/>
    <nd ref="43220"/>
    <nd ref="43207"/>
    <tag k="type" v="line_thin"/>
    <tag k="subtype" v="solid"/>
  </way>
  <way id="43234">
    <nd ref="43172"/>
    <nd ref="43222"/>
    <nd ref="43224"/>
    <nd ref="43226"/>
    <nd ref="43228"/>
    <nd ref="43230"/>
    <nd ref="43232"/>
    <nd ref="43204"/>
    <tag k="type" v="line_thin"/>
    <tag k="subtype" v="solid"/>
  </way>
  <way id="43238">
    <nd ref="43236"/>
    <nd ref="43237"/>
    <tag k="type" v="line_thin"/>
    <tag k="subtype" v="solid"/>
  </way>
  <way id="43241">
    <nd ref="43239"/>
    <nd ref="43240"/>
    <tag k="type" v="line_thin"/>
    <tag k="subtype" v="solid"/>
  </way>
  <way id="43250">
    <nd ref="43240"/>
    <nd ref="43173"/>
    <tag k="type" v="line_thin"/>
    <tag k="subtype" v="solid"/>
  </way>
  <way id="43251">
    <nd ref="43237"/>
    <nd ref="43172"/>
    <tag k="type" v="line_thin"/>
    <tag k="subtype" v="solid"/>
  </way>
  <way id="43253">
    <nd ref="43243"/>
    <nd ref="43239"/>
    <tag k="type" v="line_thin"/>
    <tag k="subtype" v="solid"/>
  </way>
  <way id="43254">
    <nd ref="43244"/>
    <nd ref="43236"/>
    <tag k="type" v="line_thin"/>
    <tag k="subtype" v="solid"/>
  </way>
  <way id="43259">
    <nd ref="43256"/>
    <nd ref="43165"/>
    <nd ref="43243"/>
    <tag k="type" v="line_thin"/>
    <tag k="subtype" v="solid"/>
  </way>
  <way id="43261">
    <nd ref="43257"/>
    <nd ref="43164"/>
    <nd ref="43244"/>
    <tag k="type" v="line_thin"/>
    <tag k="subtype" v="solid"/>
  </way>
  <way id="43287">
    <nd ref="36441"/>
    <nd ref="43280"/>
    <nd ref="43281"/>
    <nd ref="43256"/>
    <tag k="type" v="line_thin"/>
    <tag k="subtype" v="solid"/>
  </way>
  <way id="43288">
    <nd ref="36443"/>
    <nd ref="43284"/>
    <nd ref="43285"/>
    <nd ref="43257"/>
    <tag k="type" v="line_thin"/>
    <tag k="subtype" v="solid"/>
  </way>
  <way id="43290">
    <nd ref="43207"/>
    <nd ref="42736"/>
    <tag k="type" v="line_thin"/>
    <tag k="subtype" v="solid"/>
  </way>
  <way id="43291">
    <nd ref="43204"/>
    <nd ref="42768"/>
    <tag k="type" v="line_thin"/>
    <tag k="subtype" v="solid"/>
  </way>
  <way id="43351">
    <nd ref="32841"/>
    <nd ref="33186"/>
    <tag k="type" v="line_thin"/>
    <tag k="subtype" v="solid"/>
  </way>
  <way id="43352">
    <nd ref="32842"/>
    <nd ref="33187"/>
    <tag k="type" v="line_thin"/>
    <tag k="subtype" v="solid"/>
  </way>
  <way id="43393">
    <nd ref="32967"/>
    <nd ref="33083"/>
    <tag k="type" v="line_thin"/>
    <tag k="subtype" v="solid"/>
  </way>
  <way id="43394">
    <nd ref="32968"/>
    <nd ref="33084"/>
    <tag k="type" v="line_thin"/>
    <tag k="subtype" v="solid"/>
  </way>
  <way id="43825">
    <nd ref="43815"/>
    <nd ref="42144"/>
    <tag k="type" v="line_thin"/>
    <tag k="subtype" v="solid"/>
  </way>
  <way id="43826">
    <nd ref="43817"/>
    <nd ref="42141"/>
    <tag k="type" v="line_thin"/>
    <tag k="subtype" v="solid"/>
  </way>
  <way id="43836">
    <nd ref="15110"/>
    <nd ref="22354"/>
    <nd ref="22358"/>
    <nd ref="22362"/>
    <nd ref="22366"/>
    <nd ref="22370"/>
    <nd ref="22374"/>
    <nd ref="43834"/>
    <tag k="type" v="line_thin"/>
    <tag k="subtype" v="solid"/>
  </way>
  <way id="43837">
    <nd ref="43834"/>
    <nd ref="22413"/>
    <nd ref="22417"/>
    <nd ref="22408"/>
    <tag k="type" v="line_thin"/>
    <tag k="subtype" v="solid"/>
  </way>
  <way id="43838">
    <nd ref="15107"/>
    <nd ref="22375"/>
    <nd ref="22378"/>
    <nd ref="22380"/>
    <nd ref="22384"/>
    <nd ref="22388"/>
    <nd ref="22392"/>
    <nd ref="22396"/>
    <nd ref="22420"/>
    <nd ref="43835"/>
    <tag k="type" v="line_thin"/>
    <tag k="subtype" v="solid"/>
  </way>
  <way id="43839">
    <nd ref="43835"/>
    <nd ref="22424"/>
    <nd ref="22405"/>
    <tag k="type" v="line_thin"/>
    <tag k="subtype" v="solid"/>
  </way>
  <way id="43844">
    <nd ref="43830"/>
    <nd ref="43834"/>
    <tag k="type" v="line_thin"/>
    <tag k="subtype" v="solid"/>
  </way>
  <way id="43845">
    <nd ref="43828"/>
    <nd ref="43835"/>
    <tag k="type" v="line_thin"/>
    <tag k="subtype" v="solid"/>
  </way>
  <way id="43848">
    <nd ref="36866"/>
    <nd ref="43846"/>
    <tag k="type" v="line_thin"/>
    <tag k="subtype" v="solid"/>
  </way>
  <way id="43849">
    <nd ref="43846"/>
    <nd ref="36441"/>
    <tag k="type" v="line_thin"/>
    <tag k="subtype" v="solid"/>
  </way>
  <way id="43850">
    <nd ref="36867"/>
    <nd ref="43847"/>
    <tag k="type" v="line_thin"/>
    <tag k="subtype" v="solid"/>
  </way>
  <way id="43851">
    <nd ref="43847"/>
    <nd ref="36443"/>
    <tag k="type" v="line_thin"/>
    <tag k="subtype" v="solid"/>
  </way>
  <way id="43853">
    <nd ref="41197"/>
    <nd ref="22609"/>
    <nd ref="23727"/>
    <tag k="type" v="line_thin"/>
    <tag k="subtype" v="solid"/>
  </way>
  <way id="43854">
    <nd ref="41198"/>
    <nd ref="22610"/>
    <nd ref="23728"/>
    <tag k="type" v="line_thin"/>
    <tag k="subtype" v="solid"/>
  </way>
  <way id="43870">
    <nd ref="8036"/>
    <nd ref="7015"/>
    <tag k="type" v="line_thin"/>
    <tag k="subtype" v="solid"/>
  </way>
  <way id="43871">
    <nd ref="8037"/>
    <nd ref="7016"/>
    <tag k="type" v="line_thin"/>
    <tag k="subtype" v="solid"/>
  </way>
  <way id="43883">
    <nd ref="21000"/>
    <nd ref="21061"/>
    <nd ref="21067"/>
    <nd ref="21058"/>
    <nd ref="21082"/>
    <nd ref="21085"/>
    <nd ref="43873"/>
    <nd ref="8036"/>
    <tag k="type" v="line_thin"/>
    <tag k="subtype" v="solid"/>
  </way>
  <way id="43884">
    <nd ref="21007"/>
    <nd ref="21069"/>
    <nd ref="21072"/>
    <nd ref="21075"/>
    <nd ref="21055"/>
    <nd ref="21094"/>
    <nd ref="43874"/>
    <nd ref="8037"/>
    <tag k="type" v="line_thin"/>
    <tag k="subtype" v="solid"/>
  </way>
  <way id="43888">
    <nd ref="43885"/>
    <nd ref="21182"/>
    <nd ref="21183"/>
    <nd ref="21184"/>
    <nd ref="21176"/>
    <nd ref="21194"/>
    <nd ref="21196"/>
    <nd ref="21125"/>
    <tag k="type" v="line_thin"/>
    <tag k="subtype" v="solid"/>
  </way>
  <way id="43890">
    <nd ref="43886"/>
    <nd ref="21186"/>
    <nd ref="21188"/>
    <nd ref="21173"/>
    <nd ref="21197"/>
    <nd ref="21198"/>
    <nd ref="21199"/>
    <nd ref="21200"/>
    <nd ref="21129"/>
    <tag k="type" v="line_thin"/>
    <tag k="subtype" v="solid"/>
  </way>
  <way id="43892">
    <nd ref="21136"/>
    <nd ref="43885"/>
    <tag k="type" v="line_thin"/>
    <tag k="subtype" v="solid"/>
  </way>
  <way id="43893">
    <nd ref="21137"/>
    <nd ref="43886"/>
    <tag k="type" v="line_thin"/>
    <tag k="subtype" v="solid"/>
  </way>
  <way id="44178">
    <nd ref="44176"/>
    <nd ref="44177"/>
    <tag k="type" v="line_thin"/>
    <tag k="subtype" v="solid"/>
  </way>
  <way id="44181">
    <nd ref="44179"/>
    <nd ref="44180"/>
    <tag k="type" v="line_thin"/>
    <tag k="subtype" v="solid"/>
  </way>
  <way id="44252">
    <nd ref="44180"/>
    <nd ref="41029"/>
    <tag k="type" v="line_thin"/>
    <tag k="subtype" v="solid"/>
  </way>
  <way id="44253">
    <nd ref="44177"/>
    <nd ref="41030"/>
    <tag k="type" v="line_thin"/>
    <tag k="subtype" v="solid"/>
  </way>
  <way id="44269">
    <nd ref="2423"/>
    <nd ref="44262"/>
    <tag k="type" v="line_thin"/>
    <tag k="subtype" v="solid"/>
  </way>
  <way id="44270">
    <nd ref="2424"/>
    <nd ref="44263"/>
    <tag k="type" v="line_thin"/>
    <tag k="subtype" v="solid"/>
  </way>
  <way id="44281">
    <nd ref="44262"/>
    <nd ref="44279"/>
    <tag k="type" v="line_thin"/>
    <tag k="subtype" v="solid"/>
  </way>
  <way id="44283">
    <nd ref="44263"/>
    <nd ref="44280"/>
    <tag k="type" v="line_thin"/>
    <tag k="subtype" v="solid"/>
  </way>
  <way id="44313">
    <nd ref="44279"/>
    <nd ref="44296"/>
    <nd ref="44298"/>
    <nd ref="44299"/>
    <nd ref="44300"/>
    <nd ref="44301"/>
    <nd ref="44302"/>
    <nd ref="44303"/>
    <nd ref="28158"/>
    <tag k="type" v="line_thin"/>
    <tag k="subtype" v="solid"/>
  </way>
  <way id="44314">
    <nd ref="44280"/>
    <nd ref="44286"/>
    <nd ref="44287"/>
    <nd ref="44289"/>
    <nd ref="44290"/>
    <nd ref="44291"/>
    <nd ref="44292"/>
    <nd ref="44293"/>
    <nd ref="44294"/>
    <nd ref="28159"/>
    <tag k="type" v="line_thin"/>
    <tag k="subtype" v="solid"/>
  </way>
  <way id="44317">
    <nd ref="38652"/>
    <nd ref="44315"/>
    <tag k="type" v="line_thin"/>
    <tag k="subtype" v="solid"/>
  </way>
  <way id="44318">
    <nd ref="44315"/>
    <nd ref="38904"/>
    <nd ref="38905"/>
    <nd ref="38906"/>
    <nd ref="38871"/>
    <nd ref="38867"/>
    <tag k="type" v="line_thin"/>
    <tag k="subtype" v="solid"/>
  </way>
  <way id="44319">
    <nd ref="38653"/>
    <nd ref="44316"/>
    <tag k="type" v="line_thin"/>
    <tag k="subtype" v="solid"/>
  </way>
  <way id="44320">
    <nd ref="44316"/>
    <nd ref="38907"/>
    <nd ref="38908"/>
    <nd ref="38909"/>
    <nd ref="38874"/>
    <nd ref="38869"/>
    <tag k="type" v="line_thin"/>
    <tag k="subtype" v="solid"/>
  </way>
  <way id="44325">
    <nd ref="44322"/>
    <nd ref="43311"/>
    <nd ref="43313"/>
    <nd ref="43315"/>
    <nd ref="43322"/>
    <nd ref="43324"/>
    <nd ref="36866"/>
    <tag k="type" v="line_thin"/>
    <tag k="subtype" v="solid"/>
  </way>
  <way id="44327">
    <nd ref="44323"/>
    <nd ref="43310"/>
    <nd ref="43312"/>
    <nd ref="43314"/>
    <nd ref="43325"/>
    <nd ref="43326"/>
    <nd ref="36867"/>
    <tag k="type" v="line_thin"/>
    <tag k="subtype" v="solid"/>
  </way>
  <way id="44337">
    <nd ref="44334"/>
    <nd ref="38686"/>
    <nd ref="43921"/>
    <nd ref="43922"/>
    <nd ref="43924"/>
    <nd ref="43925"/>
    <nd ref="43926"/>
    <nd ref="38652"/>
    <tag k="type" v="line_thin"/>
    <tag k="subtype" v="solid"/>
  </way>
  <way id="44339">
    <nd ref="44335"/>
    <nd ref="43927"/>
    <nd ref="43928"/>
    <nd ref="43929"/>
    <nd ref="43930"/>
    <nd ref="43931"/>
    <nd ref="43932"/>
    <nd ref="38653"/>
    <tag k="type" v="line_thin"/>
    <tag k="subtype" v="solid"/>
  </way>
  <way id="44343">
    <nd ref="38678"/>
    <nd ref="43895"/>
    <nd ref="43896"/>
    <nd ref="43897"/>
    <nd ref="43898"/>
    <nd ref="43899"/>
    <nd ref="43900"/>
    <nd ref="43901"/>
    <nd ref="44341"/>
    <tag k="type" v="line_thin"/>
    <tag k="subtype" v="solid"/>
  </way>
  <way id="44344">
    <nd ref="44341"/>
    <nd ref="44334"/>
    <tag k="type" v="line_thin"/>
    <tag k="subtype" v="solid"/>
  </way>
  <way id="44345">
    <nd ref="38679"/>
    <nd ref="43903"/>
    <nd ref="43904"/>
    <nd ref="43905"/>
    <nd ref="43906"/>
    <nd ref="43907"/>
    <nd ref="43908"/>
    <nd ref="43909"/>
    <nd ref="44342"/>
    <tag k="type" v="line_thin"/>
    <tag k="subtype" v="solid"/>
  </way>
  <way id="44346">
    <nd ref="44342"/>
    <nd ref="44335"/>
    <tag k="type" v="line_thin"/>
    <tag k="subtype" v="solid"/>
  </way>
  <way id="44371">
    <nd ref="4343"/>
    <nd ref="44369"/>
    <tag k="type" v="line_thin"/>
    <tag k="subtype" v="solid"/>
  </way>
  <way id="44373">
    <nd ref="4344"/>
    <nd ref="44370"/>
    <tag k="type" v="line_thin"/>
    <tag k="subtype" v="solid"/>
  </way>
  <way id="44397">
    <nd ref="4096"/>
    <nd ref="4343"/>
    <tag k="type" v="line_thin"/>
    <tag k="subtype" v="solid"/>
  </way>
  <way id="44398">
    <nd ref="4093"/>
    <nd ref="4344"/>
    <tag k="type" v="line_thin"/>
    <tag k="subtype" v="solid"/>
  </way>
  <way id="44450">
    <nd ref="12512"/>
    <nd ref="44448"/>
    <tag k="type" v="line_thin"/>
    <tag k="subtype" v="solid"/>
  </way>
  <way id="44451">
    <nd ref="44448"/>
    <nd ref="35618"/>
    <tag k="type" v="line_thin"/>
    <tag k="subtype" v="solid"/>
  </way>
  <way id="44452">
    <nd ref="12509"/>
    <nd ref="44449"/>
    <tag k="type" v="line_thin"/>
    <tag k="subtype" v="solid"/>
  </way>
  <way id="44453">
    <nd ref="44449"/>
    <nd ref="35619"/>
    <tag k="type" v="line_thin"/>
    <tag k="subtype" v="solid"/>
  </way>
  <way id="44472">
    <nd ref="44442"/>
    <nd ref="44470"/>
    <tag k="type" v="line_thin"/>
    <tag k="subtype" v="solid"/>
  </way>
  <way id="44473">
    <nd ref="44470"/>
    <nd ref="44456"/>
    <nd ref="44458"/>
    <nd ref="44459"/>
    <nd ref="12512"/>
    <tag k="type" v="line_thin"/>
    <tag k="subtype" v="solid"/>
  </way>
  <way id="44474">
    <nd ref="44441"/>
    <nd ref="44471"/>
    <tag k="type" v="line_thin"/>
    <tag k="subtype" v="solid"/>
  </way>
  <way id="44475">
    <nd ref="44471"/>
    <nd ref="44463"/>
    <nd ref="44465"/>
    <nd ref="12509"/>
    <tag k="type" v="line_thin"/>
    <tag k="subtype" v="solid"/>
  </way>
  <way id="44487">
    <nd ref="44484"/>
    <nd ref="44477"/>
    <tag k="type" v="line_thin"/>
    <tag k="subtype" v="solid"/>
  </way>
  <way id="44489">
    <nd ref="44485"/>
    <nd ref="44478"/>
    <tag k="type" v="line_thin"/>
    <tag k="subtype" v="solid"/>
  </way>
  <way id="44507">
    <nd ref="44477"/>
    <nd ref="44491"/>
    <nd ref="44492"/>
    <nd ref="44493"/>
    <nd ref="44496"/>
    <nd ref="12512"/>
    <tag k="type" v="line_thin"/>
    <tag k="subtype" v="solid"/>
  </way>
  <way id="44508">
    <nd ref="44478"/>
    <nd ref="44499"/>
    <nd ref="44500"/>
    <nd ref="44501"/>
    <nd ref="44502"/>
    <nd ref="44503"/>
    <nd ref="44504"/>
    <nd ref="44505"/>
    <nd ref="44506"/>
    <nd ref="12509"/>
    <tag k="type" v="line_thin"/>
    <tag k="subtype" v="solid"/>
  </way>
  <way id="44533">
    <nd ref="44531"/>
    <nd ref="44532"/>
    <tag k="type" v="line_thin"/>
    <tag k="subtype" v="solid"/>
  </way>
  <way id="44536">
    <nd ref="44534"/>
    <nd ref="44535"/>
    <tag k="type" v="line_thin"/>
    <tag k="subtype" v="solid"/>
  </way>
  <way id="44544">
    <nd ref="31957"/>
    <nd ref="44538"/>
    <nd ref="44539"/>
    <nd ref="44540"/>
    <nd ref="44534"/>
    <tag k="type" v="line_thin"/>
    <tag k="subtype" v="solid"/>
  </way>
  <way id="44545">
    <nd ref="31954"/>
    <nd ref="44541"/>
    <nd ref="44542"/>
    <nd ref="44543"/>
    <nd ref="44531"/>
    <tag k="type" v="line_thin"/>
    <tag k="subtype" v="solid"/>
  </way>
  <way id="44559">
    <nd ref="44535"/>
    <nd ref="44548"/>
    <nd ref="44550"/>
    <nd ref="44552"/>
    <nd ref="44484"/>
    <tag k="type" v="line_thin"/>
    <tag k="subtype" v="solid"/>
  </way>
  <way id="44560">
    <nd ref="44532"/>
    <nd ref="44554"/>
    <nd ref="44556"/>
    <nd ref="44558"/>
    <nd ref="44485"/>
    <tag k="type" v="line_thin"/>
    <tag k="subtype" v="solid"/>
  </way>
  <way id="44571">
    <nd ref="44569"/>
    <nd ref="44570"/>
    <tag k="type" v="line_thin"/>
    <tag k="subtype" v="solid"/>
  </way>
  <way id="44574">
    <nd ref="44572"/>
    <nd ref="44573"/>
    <tag k="type" v="line_thin"/>
    <tag k="subtype" v="solid"/>
  </way>
  <way id="44592">
    <nd ref="32263"/>
    <nd ref="44576"/>
    <nd ref="44578"/>
    <nd ref="44580"/>
    <nd ref="44582"/>
    <nd ref="44572"/>
    <tag k="type" v="line_thin"/>
    <tag k="subtype" v="solid"/>
  </way>
  <way id="44593">
    <nd ref="32265"/>
    <nd ref="44584"/>
    <nd ref="44586"/>
    <nd ref="44588"/>
    <nd ref="44590"/>
    <nd ref="44569"/>
    <tag k="type" v="line_thin"/>
    <tag k="subtype" v="solid"/>
  </way>
  <way id="44607">
    <nd ref="44573"/>
    <nd ref="44596"/>
    <nd ref="44598"/>
    <nd ref="44600"/>
    <nd ref="44565"/>
    <tag k="type" v="line_thin"/>
    <tag k="subtype" v="solid"/>
  </way>
  <way id="44608">
    <nd ref="44570"/>
    <nd ref="44602"/>
    <nd ref="44604"/>
    <nd ref="44606"/>
    <nd ref="44562"/>
    <tag k="type" v="line_thin"/>
    <tag k="subtype" v="solid"/>
  </way>
  <way id="44667">
    <nd ref="44664"/>
    <nd ref="43207"/>
    <tag k="type" v="line_thin"/>
    <tag k="subtype" v="solid"/>
  </way>
  <way id="44669">
    <nd ref="44665"/>
    <nd ref="43204"/>
    <tag k="type" v="line_thin"/>
    <tag k="subtype" v="solid"/>
  </way>
  <way id="44671">
    <nd ref="44565"/>
    <nd ref="44664"/>
    <tag k="type" v="line_thin"/>
    <tag k="subtype" v="solid"/>
  </way>
  <way id="44672">
    <nd ref="44562"/>
    <nd ref="44665"/>
    <tag k="type" v="line_thin"/>
    <tag k="subtype" v="solid"/>
  </way>
  <way id="44696">
    <nd ref="44534"/>
    <nd ref="44686"/>
    <nd ref="44687"/>
    <nd ref="44688"/>
    <nd ref="44689"/>
    <nd ref="44690"/>
    <nd ref="44565"/>
    <tag k="type" v="line_thin"/>
    <tag k="subtype" v="solid"/>
  </way>
  <way id="44697">
    <nd ref="44531"/>
    <nd ref="44691"/>
    <nd ref="44692"/>
    <nd ref="44693"/>
    <nd ref="44694"/>
    <nd ref="44695"/>
    <nd ref="44562"/>
    <tag k="type" v="line_thin"/>
    <tag k="subtype" v="solid"/>
  </way>
  <way id="44732">
    <nd ref="32263"/>
    <nd ref="44484"/>
    <tag k="type" v="line_thin"/>
    <tag k="subtype" v="solid"/>
  </way>
  <way id="44733">
    <nd ref="32265"/>
    <nd ref="44485"/>
    <tag k="type" v="line_thin"/>
    <tag k="subtype" v="solid"/>
  </way>
  <way id="44849">
    <nd ref="44846"/>
    <nd ref="13138"/>
    <tag k="type" v="line_thin"/>
    <tag k="subtype" v="solid"/>
  </way>
  <way id="44851">
    <nd ref="44847"/>
    <nd ref="13135"/>
    <tag k="type" v="line_thin"/>
    <tag k="subtype" v="solid"/>
  </way>
  <way id="44853">
    <nd ref="41394"/>
    <nd ref="41376"/>
    <tag k="type" v="line_thin"/>
    <tag k="subtype" v="solid"/>
  </way>
  <way id="44854">
    <nd ref="41396"/>
    <nd ref="41377"/>
    <tag k="type" v="line_thin"/>
    <tag k="subtype" v="solid"/>
  </way>
  <way id="44892">
    <nd ref="44855"/>
    <nd ref="44856"/>
    <nd ref="44858"/>
    <nd ref="44860"/>
    <nd ref="44862"/>
    <nd ref="44864"/>
    <tag k="type" v="line_thin"/>
    <tag k="subtype" v="solid"/>
  </way>
  <way id="44893">
    <nd ref="44865"/>
    <nd ref="44866"/>
    <nd ref="44867"/>
    <nd ref="44868"/>
    <nd ref="44870"/>
    <nd ref="44872"/>
    <nd ref="44874"/>
    <nd ref="44876"/>
    <nd ref="44878"/>
    <nd ref="44880"/>
    <nd ref="44882"/>
    <nd ref="44883"/>
    <tag k="type" v="line_thin"/>
    <tag k="subtype" v="solid"/>
  </way>
  <way id="44894">
    <nd ref="44864"/>
    <nd ref="44884"/>
    <nd ref="44885"/>
    <nd ref="44886"/>
    <nd ref="44887"/>
    <tag k="type" v="line_thin"/>
    <tag k="subtype" v="solid"/>
  </way>
  <way id="44895">
    <nd ref="44883"/>
    <nd ref="44888"/>
    <nd ref="44889"/>
    <nd ref="44890"/>
    <nd ref="44891"/>
    <tag k="type" v="line_thin"/>
    <tag k="subtype" v="solid"/>
  </way>
  <way id="44901">
    <nd ref="44898"/>
    <nd ref="11524"/>
    <tag k="type" v="line_thin"/>
    <tag k="subtype" v="solid"/>
  </way>
  <way id="44903">
    <nd ref="44899"/>
    <nd ref="11523"/>
    <tag k="type" v="line_thin"/>
    <tag k="subtype" v="solid"/>
  </way>
  <way id="44907">
    <nd ref="11522"/>
    <nd ref="44905"/>
    <tag k="type" v="line_thin"/>
    <tag k="subtype" v="solid"/>
  </way>
  <way id="44909">
    <nd ref="11521"/>
    <nd ref="44906"/>
    <tag k="type" v="line_thin"/>
    <tag k="subtype" v="solid"/>
  </way>
  <way id="44918">
    <nd ref="44898"/>
    <nd ref="44855"/>
    <tag k="type" v="line_thin"/>
    <tag k="subtype" v="solid"/>
  </way>
  <way id="44919">
    <nd ref="44899"/>
    <nd ref="44865"/>
    <tag k="type" v="line_thin"/>
    <tag k="subtype" v="solid"/>
  </way>
  <way id="44927">
    <nd ref="44887"/>
    <nd ref="44923"/>
    <nd ref="44905"/>
    <tag k="type" v="line_thin"/>
    <tag k="subtype" v="solid"/>
  </way>
  <way id="44928">
    <nd ref="44891"/>
    <nd ref="44926"/>
    <nd ref="44906"/>
    <tag k="type" v="line_thin"/>
    <tag k="subtype" v="solid"/>
  </way>
  <way id="45114">
    <nd ref="45088"/>
    <nd ref="45089"/>
    <nd ref="45091"/>
    <nd ref="45093"/>
    <nd ref="45095"/>
    <nd ref="45097"/>
    <nd ref="45099"/>
    <nd ref="45101"/>
    <nd ref="45102"/>
    <nd ref="45104"/>
    <nd ref="45105"/>
    <tag k="type" v="line_thin"/>
    <tag k="subtype" v="solid"/>
  </way>
  <way id="45115">
    <nd ref="45106"/>
    <nd ref="45107"/>
    <nd ref="45112"/>
    <nd ref="45113"/>
    <tag k="type" v="line_thin"/>
    <tag k="subtype" v="solid"/>
  </way>
  <way id="45117">
    <nd ref="33291"/>
    <nd ref="45088"/>
    <tag k="type" v="line_thin"/>
    <tag k="subtype" v="solid"/>
  </way>
  <way id="45118">
    <nd ref="33292"/>
    <nd ref="45106"/>
    <tag k="type" v="line_thin"/>
    <tag k="subtype" v="solid"/>
  </way>
  <way id="45120">
    <nd ref="45105"/>
    <nd ref="12360"/>
    <tag k="type" v="line_thin"/>
    <tag k="subtype" v="solid"/>
  </way>
  <way id="45121">
    <nd ref="45113"/>
    <nd ref="12365"/>
    <tag k="type" v="line_thin"/>
    <tag k="subtype" v="solid"/>
  </way>
  <way id="45189">
    <nd ref="28280"/>
    <nd ref="45187"/>
    <tag k="type" v="line_thin"/>
    <tag k="subtype" v="solid"/>
  </way>
  <way id="45190">
    <nd ref="45187"/>
    <nd ref="33291"/>
    <tag k="type" v="line_thin"/>
    <tag k="subtype" v="solid"/>
  </way>
  <way id="45191">
    <nd ref="28281"/>
    <nd ref="45188"/>
    <tag k="type" v="line_thin"/>
    <tag k="subtype" v="solid"/>
  </way>
  <way id="45192">
    <nd ref="45188"/>
    <nd ref="33292"/>
    <tag k="type" v="line_thin"/>
    <tag k="subtype" v="solid"/>
  </way>
  <way id="45194">
    <nd ref="33233"/>
    <nd ref="12378"/>
    <tag k="type" v="line_thin"/>
    <tag k="subtype" v="solid"/>
  </way>
  <way id="45195">
    <nd ref="33252"/>
    <nd ref="12379"/>
    <tag k="type" v="line_thin"/>
    <tag k="subtype" v="solid"/>
  </way>
  <way id="45197">
    <nd ref="45187"/>
    <nd ref="33251"/>
    <tag k="type" v="line_thin"/>
    <tag k="subtype" v="solid"/>
  </way>
  <way id="45198">
    <nd ref="45188"/>
    <nd ref="33260"/>
    <tag k="type" v="line_thin"/>
    <tag k="subtype" v="solid"/>
  </way>
  <way id="45216">
    <nd ref="39205"/>
    <nd ref="45200"/>
    <nd ref="45201"/>
    <nd ref="45202"/>
    <nd ref="45203"/>
    <nd ref="45204"/>
    <tag k="type" v="line_thin"/>
    <tag k="subtype" v="solid"/>
  </way>
  <way id="45217">
    <nd ref="39206"/>
    <nd ref="45205"/>
    <nd ref="45206"/>
    <nd ref="45207"/>
    <nd ref="45208"/>
    <nd ref="45209"/>
    <tag k="type" v="line_thin"/>
    <tag k="subtype" v="solid"/>
  </way>
  <way id="45270">
    <nd ref="33186"/>
    <nd ref="45268"/>
    <tag k="type" v="line_thin"/>
    <tag k="subtype" v="solid"/>
  </way>
  <way id="45271">
    <nd ref="45268"/>
    <nd ref="609"/>
    <tag k="type" v="line_thin"/>
    <tag k="subtype" v="solid"/>
  </way>
  <way id="45272">
    <nd ref="33187"/>
    <nd ref="45269"/>
    <tag k="type" v="line_thin"/>
    <tag k="subtype" v="solid"/>
  </way>
  <way id="45273">
    <nd ref="45269"/>
    <nd ref="614"/>
    <tag k="type" v="line_thin"/>
    <tag k="subtype" v="solid"/>
  </way>
  <way id="45280">
    <nd ref="28652"/>
    <nd ref="45278"/>
    <tag k="type" v="line_thin"/>
    <tag k="subtype" v="solid"/>
  </way>
  <way id="45281">
    <nd ref="45278"/>
    <nd ref="1817"/>
    <tag k="type" v="line_thin"/>
    <tag k="subtype" v="solid"/>
  </way>
  <way id="45282">
    <nd ref="28653"/>
    <nd ref="45279"/>
    <tag k="type" v="line_thin"/>
    <tag k="subtype" v="solid"/>
  </way>
  <way id="45283">
    <nd ref="45279"/>
    <nd ref="1818"/>
    <tag k="type" v="line_thin"/>
    <tag k="subtype" v="solid"/>
  </way>
  <way id="45285">
    <nd ref="45257"/>
    <nd ref="45278"/>
    <tag k="type" v="line_thin"/>
    <tag k="subtype" v="solid"/>
  </way>
  <way id="45286">
    <nd ref="45262"/>
    <nd ref="45279"/>
    <tag k="type" v="line_thin"/>
    <tag k="subtype" v="solid"/>
  </way>
  <way id="45348">
    <nd ref="387"/>
    <nd ref="45346"/>
    <tag k="type" v="line_thin"/>
    <tag k="subtype" v="solid"/>
  </way>
  <way id="45350">
    <nd ref="382"/>
    <nd ref="45347"/>
    <tag k="type" v="line_thin"/>
    <tag k="subtype" v="solid"/>
  </way>
  <way id="45369">
    <nd ref="45367"/>
    <nd ref="45368"/>
    <tag k="type" v="line_thin"/>
    <tag k="subtype" v="solid"/>
  </way>
  <way id="45372">
    <nd ref="45370"/>
    <nd ref="45371"/>
    <tag k="type" v="line_thin"/>
    <tag k="subtype" v="solid"/>
  </way>
  <way id="45388">
    <nd ref="45346"/>
    <nd ref="45376"/>
    <nd ref="45379"/>
    <nd ref="45370"/>
    <tag k="type" v="line_thin"/>
    <tag k="subtype" v="solid"/>
  </way>
  <way id="45389">
    <nd ref="45347"/>
    <nd ref="45383"/>
    <nd ref="45386"/>
    <nd ref="45367"/>
    <tag k="type" v="line_thin"/>
    <tag k="subtype" v="solid"/>
  </way>
  <way id="45417">
    <nd ref="33483"/>
    <nd ref="45410"/>
    <nd ref="33500"/>
    <tag k="type" v="line_thin"/>
    <tag k="subtype" v="solid"/>
  </way>
  <way id="45418">
    <nd ref="33484"/>
    <nd ref="45411"/>
    <nd ref="33497"/>
    <tag k="type" v="line_thin"/>
    <tag k="subtype" v="solid"/>
  </way>
  <way id="45456">
    <nd ref="45353"/>
    <nd ref="45289"/>
    <nd ref="45290"/>
    <nd ref="45454"/>
    <tag k="type" v="line_thin"/>
    <tag k="subtype" v="solid"/>
  </way>
  <way id="45458">
    <nd ref="45354"/>
    <nd ref="45293"/>
    <nd ref="45294"/>
    <nd ref="45455"/>
    <tag k="type" v="line_thin"/>
    <tag k="subtype" v="solid"/>
  </way>
  <way id="45461">
    <nd ref="45454"/>
    <nd ref="26707"/>
    <tag k="type" v="line_thin"/>
    <tag k="subtype" v="solid"/>
  </way>
  <way id="45462">
    <nd ref="45455"/>
    <nd ref="26708"/>
    <tag k="type" v="line_thin"/>
    <tag k="subtype" v="solid"/>
  </way>
  <way id="45525">
    <nd ref="39365"/>
    <nd ref="43473"/>
    <nd ref="43474"/>
    <tag k="type" v="line_thin"/>
    <tag k="subtype" v="solid"/>
  </way>
  <way id="45526">
    <nd ref="39366"/>
    <nd ref="43470"/>
    <nd ref="43471"/>
    <tag k="type" v="line_thin"/>
    <tag k="subtype" v="solid"/>
  </way>
  <way id="45654">
    <nd ref="45548"/>
    <nd ref="45652"/>
    <tag k="type" v="line_thin"/>
    <tag k="subtype" v="solid"/>
  </way>
  <way id="45656">
    <nd ref="45549"/>
    <nd ref="45653"/>
    <tag k="type" v="line_thin"/>
    <tag k="subtype" v="solid"/>
  </way>
  <way id="45772">
    <nd ref="45768"/>
    <nd ref="45769"/>
    <tag k="type" v="line_thin"/>
    <tag k="subtype" v="solid"/>
  </way>
  <way id="45773">
    <nd ref="45770"/>
    <nd ref="45771"/>
    <tag k="type" v="line_thin"/>
    <tag k="subtype" v="solid"/>
  </way>
  <way id="45891">
    <nd ref="45872"/>
    <nd ref="45779"/>
    <tag k="type" v="line_thin"/>
    <tag k="subtype" v="solid"/>
  </way>
  <way id="45892">
    <nd ref="45874"/>
    <nd ref="45781"/>
    <tag k="type" v="line_thin"/>
    <tag k="subtype" v="solid"/>
  </way>
  <way id="45905">
    <nd ref="45896"/>
    <nd ref="45903"/>
    <tag k="type" v="line_thin"/>
    <tag k="subtype" v="solid"/>
  </way>
  <way id="45907">
    <nd ref="45898"/>
    <nd ref="45904"/>
    <tag k="type" v="line_thin"/>
    <tag k="subtype" v="solid"/>
  </way>
  <way id="46031">
    <nd ref="45769"/>
    <nd ref="45872"/>
    <tag k="type" v="line_thin"/>
    <tag k="subtype" v="solid"/>
  </way>
  <way id="46032">
    <nd ref="45771"/>
    <nd ref="45874"/>
    <tag k="type" v="line_thin"/>
    <tag k="subtype" v="solid"/>
  </way>
  <way id="46069">
    <nd ref="45903"/>
    <nd ref="46041"/>
    <nd ref="46042"/>
    <nd ref="46037"/>
    <nd ref="46049"/>
    <nd ref="46051"/>
    <nd ref="46053"/>
    <nd ref="46055"/>
    <nd ref="45872"/>
    <tag k="type" v="line_thin"/>
    <tag k="subtype" v="solid"/>
  </way>
  <way id="46070">
    <nd ref="45904"/>
    <nd ref="46043"/>
    <nd ref="46044"/>
    <nd ref="46035"/>
    <nd ref="46057"/>
    <nd ref="46059"/>
    <nd ref="46061"/>
    <nd ref="45874"/>
    <tag k="type" v="line_thin"/>
    <tag k="subtype" v="solid"/>
  </way>
  <way id="46084">
    <nd ref="22338"/>
    <nd ref="35726"/>
    <nd ref="44738"/>
    <tag k="type" v="line_thin"/>
    <tag k="subtype" v="solid"/>
  </way>
  <way id="46085">
    <nd ref="22339"/>
    <nd ref="35727"/>
    <nd ref="44739"/>
    <tag k="type" v="line_thin"/>
    <tag k="subtype" v="solid"/>
  </way>
  <way id="46086">
    <nd ref="23878"/>
    <nd ref="23879"/>
    <nd ref="19125"/>
    <tag k="type" v="line_thin"/>
    <tag k="subtype" v="solid"/>
  </way>
  <way id="46087">
    <nd ref="23875"/>
    <nd ref="23876"/>
    <nd ref="19129"/>
    <tag k="type" v="line_thin"/>
    <tag k="subtype" v="solid"/>
  </way>
  <way id="46090">
    <nd ref="19125"/>
    <nd ref="46088"/>
    <tag k="type" v="line_thin"/>
    <tag k="subtype" v="solid"/>
  </way>
  <way id="46091">
    <nd ref="46088"/>
    <nd ref="31729"/>
    <tag k="type" v="line_thin"/>
    <tag k="subtype" v="solid"/>
  </way>
  <way id="46092">
    <nd ref="19129"/>
    <nd ref="46089"/>
    <tag k="type" v="line_thin"/>
    <tag k="subtype" v="solid"/>
  </way>
  <way id="46093">
    <nd ref="46089"/>
    <nd ref="31730"/>
    <tag k="type" v="line_thin"/>
    <tag k="subtype" v="solid"/>
  </way>
  <way id="46095">
    <nd ref="31729"/>
    <nd ref="25402"/>
    <tag k="type" v="line_thin"/>
    <tag k="subtype" v="solid"/>
  </way>
  <way id="46096">
    <nd ref="31730"/>
    <nd ref="25403"/>
    <tag k="type" v="line_thin"/>
    <tag k="subtype" v="solid"/>
  </way>
  <way id="46100">
    <nd ref="22819"/>
    <nd ref="46098"/>
    <tag k="type" v="line_thin"/>
    <tag k="subtype" v="solid"/>
  </way>
  <way id="46102">
    <nd ref="22820"/>
    <nd ref="46099"/>
    <tag k="type" v="line_thin"/>
    <tag k="subtype" v="solid"/>
  </way>
  <way id="46105">
    <nd ref="46098"/>
    <nd ref="41197"/>
    <tag k="type" v="line_thin"/>
    <tag k="subtype" v="solid"/>
  </way>
  <way id="46106">
    <nd ref="46099"/>
    <nd ref="41198"/>
    <tag k="type" v="line_thin"/>
    <tag k="subtype" v="solid"/>
  </way>
  <way id="46186">
    <nd ref="36297"/>
    <nd ref="20987"/>
    <tag k="type" v="line_thin"/>
    <tag k="subtype" v="solid"/>
  </way>
  <way id="46187">
    <nd ref="36298"/>
    <nd ref="20988"/>
    <tag k="type" v="line_thin"/>
    <tag k="subtype" v="solid"/>
  </way>
  <way id="46273">
    <nd ref="26707"/>
    <nd ref="26684"/>
    <nd ref="26685"/>
    <nd ref="26686"/>
    <nd ref="46271"/>
    <tag k="type" v="line_thin"/>
    <tag k="subtype" v="solid"/>
  </way>
  <way id="46275">
    <nd ref="26708"/>
    <nd ref="26689"/>
    <nd ref="26690"/>
    <nd ref="46272"/>
    <tag k="type" v="line_thin"/>
    <tag k="subtype" v="solid"/>
  </way>
  <way id="46419">
    <nd ref="29931"/>
    <nd ref="46382"/>
    <nd ref="46384"/>
    <nd ref="46386"/>
    <nd ref="46388"/>
    <nd ref="46378"/>
    <nd ref="46401"/>
    <nd ref="46403"/>
    <nd ref="46405"/>
    <nd ref="30876"/>
    <tag k="type" v="line_thin"/>
    <tag k="subtype" v="solid"/>
  </way>
  <way id="46420">
    <nd ref="29932"/>
    <nd ref="46390"/>
    <nd ref="46392"/>
    <nd ref="46394"/>
    <nd ref="46396"/>
    <nd ref="46375"/>
    <nd ref="46408"/>
    <nd ref="46410"/>
    <nd ref="46412"/>
    <nd ref="30877"/>
    <tag k="type" v="line_thin"/>
    <tag k="subtype" v="solid"/>
  </way>
  <way id="46424">
    <nd ref="46421"/>
    <nd ref="26692"/>
    <nd ref="26694"/>
    <tag k="type" v="line_thin"/>
    <tag k="subtype" v="solid"/>
  </way>
  <way id="46426">
    <nd ref="46422"/>
    <nd ref="26696"/>
    <nd ref="26698"/>
    <tag k="type" v="line_thin"/>
    <tag k="subtype" v="solid"/>
  </way>
  <way id="46428">
    <nd ref="46271"/>
    <nd ref="46421"/>
    <tag k="type" v="line_thin"/>
    <tag k="subtype" v="solid"/>
  </way>
  <way id="46429">
    <nd ref="46272"/>
    <nd ref="46422"/>
    <tag k="type" v="line_thin"/>
    <tag k="subtype" v="solid"/>
  </way>
  <way id="46447">
    <nd ref="26694"/>
    <nd ref="46431"/>
    <nd ref="46432"/>
    <nd ref="46433"/>
    <nd ref="46434"/>
    <nd ref="46435"/>
    <nd ref="46436"/>
    <nd ref="46437"/>
    <nd ref="46438"/>
    <nd ref="42321"/>
    <tag k="type" v="line_thin"/>
    <tag k="subtype" v="solid"/>
  </way>
  <way id="46448">
    <nd ref="26698"/>
    <nd ref="46439"/>
    <nd ref="46440"/>
    <nd ref="46441"/>
    <nd ref="46444"/>
    <nd ref="46445"/>
    <nd ref="46446"/>
    <nd ref="42320"/>
    <tag k="type" v="line_thin"/>
    <tag k="subtype" v="solid"/>
  </way>
  <way id="46518">
    <nd ref="476"/>
    <nd ref="46495"/>
    <tag k="type" v="line_thin"/>
    <tag k="subtype" v="solid"/>
  </way>
  <way id="46519">
    <nd ref="481"/>
    <nd ref="46499"/>
    <tag k="type" v="line_thin"/>
    <tag k="subtype" v="solid"/>
  </way>
  <way id="46535">
    <nd ref="46532"/>
    <nd ref="46524"/>
    <tag k="type" v="line_thin"/>
    <tag k="subtype" v="solid"/>
  </way>
  <way id="46537">
    <nd ref="46533"/>
    <nd ref="46528"/>
    <tag k="type" v="line_thin"/>
    <tag k="subtype" v="solid"/>
  </way>
  <way id="46560">
    <nd ref="44369"/>
    <nd ref="538"/>
    <nd ref="539"/>
    <nd ref="46546"/>
    <nd ref="46553"/>
    <nd ref="46554"/>
    <nd ref="46532"/>
    <tag k="type" v="line_thin"/>
    <tag k="subtype" v="solid"/>
  </way>
  <way id="46561">
    <nd ref="44370"/>
    <nd ref="557"/>
    <nd ref="1284"/>
    <nd ref="46547"/>
    <nd ref="46555"/>
    <nd ref="46556"/>
    <nd ref="46533"/>
    <tag k="type" v="line_thin"/>
    <tag k="subtype" v="solid"/>
  </way>
  <way id="46657">
    <nd ref="43474"/>
    <nd ref="46655"/>
    <tag k="type" v="line_thin"/>
    <tag k="subtype" v="solid"/>
  </way>
  <way id="46659">
    <nd ref="43471"/>
    <nd ref="46656"/>
    <tag k="type" v="line_thin"/>
    <tag k="subtype" v="solid"/>
  </way>
  <way id="46706">
    <nd ref="46703"/>
    <nd ref="42087"/>
    <nd ref="42088"/>
    <nd ref="42097"/>
    <tag k="type" v="line_thin"/>
    <tag k="subtype" v="solid"/>
  </way>
  <way id="46708">
    <nd ref="46704"/>
    <nd ref="42092"/>
    <nd ref="42093"/>
    <nd ref="42098"/>
    <tag k="type" v="line_thin"/>
    <tag k="subtype" v="solid"/>
  </way>
  <way id="46758">
    <nd ref="46755"/>
    <nd ref="24323"/>
    <nd ref="24608"/>
    <nd ref="24618"/>
    <nd ref="24622"/>
    <nd ref="24328"/>
    <tag k="type" v="line_thin"/>
    <tag k="subtype" v="solid"/>
  </way>
  <way id="46760">
    <nd ref="46756"/>
    <nd ref="24338"/>
    <nd ref="24609"/>
    <nd ref="24628"/>
    <nd ref="24632"/>
    <nd ref="24344"/>
    <tag k="type" v="line_thin"/>
    <tag k="subtype" v="solid"/>
  </way>
  <way id="46777">
    <nd ref="41983"/>
    <nd ref="20589"/>
    <nd ref="20616"/>
    <nd ref="20620"/>
    <nd ref="20622"/>
    <nd ref="46775"/>
    <tag k="type" v="line_thin"/>
    <tag k="subtype" v="solid"/>
  </way>
  <way id="46779">
    <nd ref="41984"/>
    <nd ref="20590"/>
    <nd ref="20624"/>
    <nd ref="20626"/>
    <nd ref="20628"/>
    <nd ref="20630"/>
    <nd ref="46776"/>
    <tag k="type" v="line_thin"/>
    <tag k="subtype" v="solid"/>
  </way>
  <way id="46793">
    <nd ref="24263"/>
    <nd ref="46791"/>
    <tag k="type" v="line_thin"/>
    <tag k="subtype" v="solid"/>
  </way>
  <way id="46794">
    <nd ref="46791"/>
    <nd ref="24311"/>
    <tag k="type" v="line_thin"/>
    <tag k="subtype" v="solid"/>
  </way>
  <way id="46795">
    <nd ref="24264"/>
    <nd ref="46792"/>
    <tag k="type" v="line_thin"/>
    <tag k="subtype" v="solid"/>
  </way>
  <way id="46796">
    <nd ref="46792"/>
    <nd ref="24329"/>
    <tag k="type" v="line_thin"/>
    <tag k="subtype" v="solid"/>
  </way>
  <way id="46836">
    <nd ref="25885"/>
    <nd ref="40590"/>
    <tag k="type" v="line_thin"/>
    <tag k="subtype" v="solid"/>
  </way>
  <way id="46837">
    <nd ref="25887"/>
    <nd ref="40591"/>
    <tag k="type" v="line_thin"/>
    <tag k="subtype" v="solid"/>
  </way>
  <way id="46925">
    <nd ref="46922"/>
    <nd ref="32967"/>
    <tag k="type" v="line_thin"/>
    <tag k="subtype" v="solid"/>
  </way>
  <way id="46927">
    <nd ref="46923"/>
    <nd ref="32968"/>
    <tag k="type" v="line_thin"/>
    <tag k="subtype" v="solid"/>
  </way>
  <way id="46953">
    <nd ref="46524"/>
    <nd ref="46951"/>
    <tag k="type" v="line_thin"/>
    <tag k="subtype" v="solid"/>
  </way>
  <way id="46955">
    <nd ref="46528"/>
    <nd ref="46952"/>
    <tag k="type" v="line_thin"/>
    <tag k="subtype" v="solid"/>
  </way>
  <way id="47042">
    <nd ref="46978"/>
    <nd ref="47040"/>
    <tag k="type" v="line_thin"/>
    <tag k="subtype" v="solid"/>
  </way>
  <way id="47044">
    <nd ref="46980"/>
    <nd ref="47041"/>
    <tag k="type" v="line_thin"/>
    <tag k="subtype" v="solid"/>
  </way>
  <way id="47081">
    <nd ref="23952"/>
    <nd ref="47065"/>
    <nd ref="47066"/>
    <nd ref="47067"/>
    <nd ref="47068"/>
    <nd ref="47069"/>
    <nd ref="47070"/>
    <nd ref="47071"/>
    <nd ref="47072"/>
    <nd ref="46703"/>
    <tag k="type" v="line_thin"/>
    <tag k="subtype" v="solid"/>
  </way>
  <way id="47082">
    <nd ref="23953"/>
    <nd ref="47073"/>
    <nd ref="47074"/>
    <nd ref="47075"/>
    <nd ref="47076"/>
    <nd ref="47077"/>
    <nd ref="47078"/>
    <nd ref="47079"/>
    <nd ref="47080"/>
    <nd ref="46704"/>
    <tag k="type" v="line_thin"/>
    <tag k="subtype" v="solid"/>
  </way>
  <way id="47092">
    <nd ref="24311"/>
    <nd ref="47084"/>
    <nd ref="47085"/>
    <nd ref="47086"/>
    <nd ref="47087"/>
    <nd ref="46755"/>
    <tag k="type" v="line_thin"/>
    <tag k="subtype" v="solid"/>
  </way>
  <way id="47093">
    <nd ref="24329"/>
    <nd ref="47088"/>
    <nd ref="47089"/>
    <nd ref="47090"/>
    <nd ref="47091"/>
    <nd ref="46756"/>
    <tag k="type" v="line_thin"/>
    <tag k="subtype" v="solid"/>
  </way>
  <way id="47109">
    <nd ref="46775"/>
    <nd ref="47095"/>
    <nd ref="47096"/>
    <nd ref="47097"/>
    <nd ref="47098"/>
    <nd ref="47099"/>
    <nd ref="47100"/>
    <nd ref="47101"/>
    <nd ref="46791"/>
    <tag k="type" v="line_thin"/>
    <tag k="subtype" v="solid"/>
  </way>
  <way id="47110">
    <nd ref="46776"/>
    <nd ref="47102"/>
    <nd ref="47103"/>
    <nd ref="47104"/>
    <nd ref="47105"/>
    <nd ref="47106"/>
    <nd ref="47107"/>
    <nd ref="47108"/>
    <nd ref="46792"/>
    <tag k="type" v="line_thin"/>
    <tag k="subtype" v="solid"/>
  </way>
  <way id="47112">
    <nd ref="26015"/>
    <nd ref="26555"/>
    <tag k="type" v="line_thin"/>
    <tag k="subtype" v="solid"/>
  </way>
  <way id="47113">
    <nd ref="26040"/>
    <nd ref="26556"/>
    <tag k="type" v="line_thin"/>
    <tag k="subtype" v="solid"/>
  </way>
  <way id="47196">
    <nd ref="47179"/>
    <nd ref="47180"/>
    <nd ref="47181"/>
    <nd ref="47182"/>
    <nd ref="47183"/>
    <nd ref="47184"/>
    <nd ref="47185"/>
    <nd ref="47186"/>
    <nd ref="47187"/>
    <tag k="type" v="line_thin"/>
    <tag k="subtype" v="solid"/>
  </way>
  <way id="47197">
    <nd ref="47188"/>
    <nd ref="47190"/>
    <nd ref="47191"/>
    <nd ref="47192"/>
    <nd ref="47193"/>
    <nd ref="47194"/>
    <nd ref="47195"/>
    <tag k="type" v="line_thin"/>
    <tag k="subtype" v="solid"/>
  </way>
  <way id="47244">
    <nd ref="30020"/>
    <nd ref="31035"/>
    <tag k="type" v="line_thin"/>
    <tag k="subtype" v="solid"/>
  </way>
  <way id="47245">
    <nd ref="30021"/>
    <nd ref="31036"/>
    <tag k="type" v="line_thin"/>
    <tag k="subtype" v="solid"/>
  </way>
  <way id="47283">
    <nd ref="47266"/>
    <nd ref="47267"/>
    <nd ref="47268"/>
    <nd ref="47269"/>
    <nd ref="47270"/>
    <nd ref="47271"/>
    <nd ref="47272"/>
    <nd ref="47273"/>
    <nd ref="47274"/>
    <tag k="type" v="line_thin"/>
    <tag k="subtype" v="solid"/>
  </way>
  <way id="47284">
    <nd ref="47275"/>
    <nd ref="47276"/>
    <nd ref="47277"/>
    <nd ref="47278"/>
    <nd ref="47279"/>
    <nd ref="47280"/>
    <nd ref="47281"/>
    <nd ref="47282"/>
    <tag k="type" v="line_thin"/>
    <tag k="subtype" v="solid"/>
  </way>
  <way id="47303">
    <nd ref="47286"/>
    <nd ref="47287"/>
    <nd ref="47288"/>
    <nd ref="47289"/>
    <nd ref="47290"/>
    <nd ref="47291"/>
    <nd ref="47292"/>
    <nd ref="47293"/>
    <nd ref="47294"/>
    <tag k="type" v="line_thin"/>
    <tag k="subtype" v="solid"/>
  </way>
  <way id="47304">
    <nd ref="47295"/>
    <nd ref="47296"/>
    <nd ref="47297"/>
    <nd ref="47298"/>
    <nd ref="47299"/>
    <nd ref="47300"/>
    <nd ref="47301"/>
    <nd ref="47302"/>
    <tag k="type" v="line_thin"/>
    <tag k="subtype" v="solid"/>
  </way>
  <way id="47323">
    <nd ref="47306"/>
    <nd ref="47307"/>
    <nd ref="47308"/>
    <nd ref="47309"/>
    <nd ref="47310"/>
    <nd ref="47311"/>
    <nd ref="47312"/>
    <nd ref="47313"/>
    <nd ref="47314"/>
    <tag k="type" v="line_thin"/>
    <tag k="subtype" v="solid"/>
  </way>
  <way id="47324">
    <nd ref="47315"/>
    <nd ref="47316"/>
    <nd ref="47317"/>
    <nd ref="47318"/>
    <nd ref="47319"/>
    <nd ref="47320"/>
    <nd ref="47321"/>
    <nd ref="47322"/>
    <tag k="type" v="line_thin"/>
    <tag k="subtype" v="solid"/>
  </way>
  <way id="47336">
    <nd ref="30869"/>
    <nd ref="47179"/>
    <tag k="type" v="line_thin"/>
    <tag k="subtype" v="solid"/>
  </way>
  <way id="47337">
    <nd ref="30870"/>
    <nd ref="47188"/>
    <tag k="type" v="line_thin"/>
    <tag k="subtype" v="solid"/>
  </way>
  <way id="47365">
    <nd ref="47274"/>
    <nd ref="47286"/>
    <tag k="type" v="line_thin"/>
    <tag k="subtype" v="solid"/>
  </way>
  <way id="47366">
    <nd ref="47282"/>
    <nd ref="47295"/>
    <tag k="type" v="line_thin"/>
    <tag k="subtype" v="solid"/>
  </way>
  <way id="47368">
    <nd ref="31035"/>
    <nd ref="47274"/>
    <tag k="type" v="line_thin"/>
    <tag k="subtype" v="solid"/>
  </way>
  <way id="47369">
    <nd ref="31036"/>
    <nd ref="47282"/>
    <tag k="type" v="line_thin"/>
    <tag k="subtype" v="solid"/>
  </way>
  <way id="47371">
    <nd ref="47286"/>
    <nd ref="31444"/>
    <tag k="type" v="line_thin"/>
    <tag k="subtype" v="solid"/>
  </way>
  <way id="47372">
    <nd ref="47295"/>
    <nd ref="31445"/>
    <tag k="type" v="line_thin"/>
    <tag k="subtype" v="solid"/>
  </way>
  <way id="47442">
    <nd ref="47439"/>
    <nd ref="42365"/>
    <nd ref="42480"/>
    <nd ref="42482"/>
    <nd ref="42484"/>
    <nd ref="42486"/>
    <nd ref="42487"/>
    <nd ref="42488"/>
    <nd ref="4095"/>
    <tag k="type" v="line_thin"/>
    <tag k="subtype" v="solid"/>
  </way>
  <way id="47444">
    <nd ref="47440"/>
    <nd ref="42364"/>
    <nd ref="42489"/>
    <nd ref="42490"/>
    <nd ref="42491"/>
    <nd ref="42492"/>
    <nd ref="42493"/>
    <nd ref="42494"/>
    <nd ref="42495"/>
    <nd ref="42496"/>
    <nd ref="4092"/>
    <tag k="type" v="line_thin"/>
    <tag k="subtype" v="solid"/>
  </way>
  <way id="47449">
    <nd ref="30537"/>
    <nd ref="47314"/>
    <tag k="type" v="line_thin"/>
    <tag k="subtype" v="solid"/>
  </way>
  <way id="47450">
    <nd ref="30546"/>
    <nd ref="47322"/>
    <tag k="type" v="line_thin"/>
    <tag k="subtype" v="solid"/>
  </way>
  <way id="47516">
    <nd ref="47513"/>
    <nd ref="46978"/>
    <tag k="type" v="line_thin"/>
    <tag k="subtype" v="solid"/>
  </way>
  <way id="47518">
    <nd ref="47514"/>
    <nd ref="46980"/>
    <tag k="type" v="line_thin"/>
    <tag k="subtype" v="solid"/>
  </way>
  <way id="47545">
    <nd ref="46655"/>
    <nd ref="47533"/>
    <nd ref="47534"/>
    <nd ref="47535"/>
    <nd ref="47536"/>
    <nd ref="47537"/>
    <nd ref="47538"/>
    <nd ref="45548"/>
    <tag k="type" v="line_thin"/>
    <tag k="subtype" v="solid"/>
  </way>
  <way id="47546">
    <nd ref="46656"/>
    <nd ref="47539"/>
    <nd ref="47541"/>
    <nd ref="47543"/>
    <nd ref="45549"/>
    <tag k="type" v="line_thin"/>
    <tag k="subtype" v="solid"/>
  </way>
  <way id="47562">
    <nd ref="45652"/>
    <nd ref="47548"/>
    <nd ref="47549"/>
    <nd ref="47550"/>
    <nd ref="47551"/>
    <nd ref="47552"/>
    <nd ref="47553"/>
    <nd ref="47554"/>
    <nd ref="47513"/>
    <tag k="type" v="line_thin"/>
    <tag k="subtype" v="solid"/>
  </way>
  <way id="47563">
    <nd ref="45653"/>
    <nd ref="47558"/>
    <nd ref="47559"/>
    <nd ref="47560"/>
    <nd ref="47561"/>
    <nd ref="47514"/>
    <tag k="type" v="line_thin"/>
    <tag k="subtype" v="solid"/>
  </way>
  <way id="47565">
    <nd ref="47040"/>
    <nd ref="47522"/>
    <nd ref="47524"/>
    <nd ref="47026"/>
    <nd ref="44221"/>
    <nd ref="44179"/>
    <tag k="type" v="line_thin"/>
    <tag k="subtype" v="solid"/>
  </way>
  <way id="47566">
    <nd ref="47041"/>
    <nd ref="47527"/>
    <nd ref="47529"/>
    <nd ref="44231"/>
    <nd ref="44233"/>
    <nd ref="44176"/>
    <tag k="type" v="line_thin"/>
    <tag k="subtype" v="solid"/>
  </way>
  <way id="47591">
    <nd ref="47588"/>
    <nd ref="46929"/>
    <nd ref="46930"/>
    <nd ref="46931"/>
    <nd ref="46932"/>
    <nd ref="46922"/>
    <tag k="type" v="line_thin"/>
    <tag k="subtype" v="solid"/>
  </way>
  <way id="47593">
    <nd ref="47589"/>
    <nd ref="46933"/>
    <nd ref="46934"/>
    <nd ref="46935"/>
    <nd ref="46936"/>
    <nd ref="46923"/>
    <tag k="type" v="line_thin"/>
    <tag k="subtype" v="solid"/>
  </way>
  <way id="47601">
    <nd ref="46951"/>
    <nd ref="47595"/>
    <nd ref="47596"/>
    <nd ref="47597"/>
    <nd ref="47588"/>
    <tag k="type" v="line_thin"/>
    <tag k="subtype" v="solid"/>
  </way>
  <way id="47602">
    <nd ref="46952"/>
    <nd ref="47598"/>
    <nd ref="47599"/>
    <nd ref="47600"/>
    <nd ref="47589"/>
    <tag k="type" v="line_thin"/>
    <tag k="subtype" v="solid"/>
  </way>
  <way id="47606">
    <nd ref="47187"/>
    <nd ref="47604"/>
    <tag k="type" v="line_thin"/>
    <tag k="subtype" v="solid"/>
  </way>
  <way id="47607">
    <nd ref="47604"/>
    <nd ref="47266"/>
    <tag k="type" v="line_thin"/>
    <tag k="subtype" v="solid"/>
  </way>
  <way id="47608">
    <nd ref="47195"/>
    <nd ref="47605"/>
    <tag k="type" v="line_thin"/>
    <tag k="subtype" v="solid"/>
  </way>
  <way id="47609">
    <nd ref="47605"/>
    <nd ref="47275"/>
    <tag k="type" v="line_thin"/>
    <tag k="subtype" v="solid"/>
  </way>
  <way id="47613">
    <nd ref="47294"/>
    <nd ref="47611"/>
    <tag k="type" v="line_thin"/>
    <tag k="subtype" v="solid"/>
  </way>
  <way id="47614">
    <nd ref="47611"/>
    <nd ref="47306"/>
    <tag k="type" v="line_thin"/>
    <tag k="subtype" v="solid"/>
  </way>
  <way id="47615">
    <nd ref="47302"/>
    <nd ref="47612"/>
    <tag k="type" v="line_thin"/>
    <tag k="subtype" v="solid"/>
  </way>
  <way id="47616">
    <nd ref="47612"/>
    <nd ref="47315"/>
    <tag k="type" v="line_thin"/>
    <tag k="subtype" v="solid"/>
  </way>
  <way id="47622">
    <nd ref="47618"/>
    <nd ref="47619"/>
    <tag k="type" v="line_thin"/>
    <tag k="subtype" v="solid"/>
  </way>
  <way id="47623">
    <nd ref="47620"/>
    <nd ref="47621"/>
    <tag k="type" v="line_thin"/>
    <tag k="subtype" v="solid"/>
  </way>
  <way id="47625">
    <nd ref="38678"/>
    <nd ref="47618"/>
    <tag k="type" v="line_thin"/>
    <tag k="subtype" v="solid"/>
  </way>
  <way id="47626">
    <nd ref="38679"/>
    <nd ref="47620"/>
    <tag k="type" v="line_thin"/>
    <tag k="subtype" v="solid"/>
  </way>
  <way id="47646">
    <nd ref="47619"/>
    <nd ref="47628"/>
    <nd ref="47629"/>
    <nd ref="47630"/>
    <nd ref="47631"/>
    <nd ref="47632"/>
    <nd ref="47633"/>
    <nd ref="47634"/>
    <nd ref="47635"/>
    <nd ref="47636"/>
    <nd ref="4343"/>
    <tag k="type" v="line_thin"/>
    <tag k="subtype" v="solid"/>
  </way>
  <way id="47647">
    <nd ref="47621"/>
    <nd ref="47637"/>
    <nd ref="47638"/>
    <nd ref="47639"/>
    <nd ref="47640"/>
    <nd ref="47641"/>
    <nd ref="47642"/>
    <nd ref="47643"/>
    <nd ref="47644"/>
    <nd ref="47645"/>
    <nd ref="4344"/>
    <tag k="type" v="line_thin"/>
    <tag k="subtype" v="solid"/>
  </way>
  <way id="47656">
    <nd ref="80"/>
    <nd ref="47649"/>
    <tag k="type" v="line_thin"/>
    <tag k="subtype" v="solid"/>
  </way>
  <way id="47657">
    <nd ref="104"/>
    <nd ref="47651"/>
    <tag k="type" v="line_thin"/>
    <tag k="subtype" v="solid"/>
  </way>
  <way id="47661">
    <nd ref="47659"/>
    <nd ref="47660"/>
    <tag k="type" v="line_thin"/>
    <tag k="subtype" v="solid"/>
  </way>
  <way id="47664">
    <nd ref="47662"/>
    <nd ref="47663"/>
    <tag k="type" v="line_thin"/>
    <tag k="subtype" v="solid"/>
  </way>
  <way id="47681">
    <nd ref="47663"/>
    <nd ref="47677"/>
    <nd ref="47678"/>
    <nd ref="45768"/>
    <tag k="type" v="line_thin"/>
    <tag k="subtype" v="solid"/>
  </way>
  <way id="47682">
    <nd ref="47660"/>
    <nd ref="47679"/>
    <nd ref="47680"/>
    <nd ref="45770"/>
    <tag k="type" v="line_thin"/>
    <tag k="subtype" v="solid"/>
  </way>
  <way id="47714">
    <nd ref="47712"/>
    <nd ref="47713"/>
    <tag k="type" v="line_thin"/>
    <tag k="subtype" v="solid"/>
  </way>
  <way id="47717">
    <nd ref="47715"/>
    <nd ref="47716"/>
    <tag k="type" v="line_thin"/>
    <tag k="subtype" v="solid"/>
  </way>
  <way id="47769">
    <nd ref="47767"/>
    <nd ref="47768"/>
    <tag k="type" v="line_thin"/>
    <tag k="subtype" v="solid"/>
  </way>
  <way id="47772">
    <nd ref="47770"/>
    <nd ref="47771"/>
    <tag k="type" v="line_thin"/>
    <tag k="subtype" v="solid"/>
  </way>
  <way id="47781">
    <nd ref="47771"/>
    <nd ref="47777"/>
    <tag k="type" v="line_thin"/>
    <tag k="subtype" v="solid"/>
  </way>
  <way id="47782">
    <nd ref="47768"/>
    <nd ref="47774"/>
    <tag k="type" v="line_thin"/>
    <tag k="subtype" v="solid"/>
  </way>
  <way id="47848">
    <nd ref="47777"/>
    <nd ref="47846"/>
    <tag k="type" v="line_thin"/>
    <tag k="subtype" v="solid"/>
  </way>
  <way id="47850">
    <nd ref="47774"/>
    <nd ref="47847"/>
    <tag k="type" v="line_thin"/>
    <tag k="subtype" v="solid"/>
  </way>
  <way id="47941">
    <nd ref="47846"/>
    <nd ref="47894"/>
    <nd ref="47896"/>
    <nd ref="47898"/>
    <nd ref="47923"/>
    <nd ref="47886"/>
    <nd ref="47911"/>
    <nd ref="47913"/>
    <nd ref="47930"/>
    <nd ref="44442"/>
    <tag k="type" v="line_thin"/>
    <tag k="subtype" v="solid"/>
  </way>
  <way id="47942">
    <nd ref="47847"/>
    <nd ref="47901"/>
    <nd ref="47903"/>
    <nd ref="47905"/>
    <nd ref="47924"/>
    <nd ref="47887"/>
    <nd ref="47916"/>
    <nd ref="47918"/>
    <nd ref="47931"/>
    <nd ref="44441"/>
    <tag k="type" v="line_thin"/>
    <tag k="subtype" v="solid"/>
  </way>
  <way id="47991">
    <nd ref="47716"/>
    <nd ref="47785"/>
    <nd ref="47787"/>
    <nd ref="47789"/>
    <nd ref="47791"/>
    <nd ref="47793"/>
    <nd ref="47989"/>
    <tag k="type" v="line_thin"/>
    <tag k="subtype" v="solid"/>
  </way>
  <way id="47992">
    <nd ref="47989"/>
    <nd ref="47770"/>
    <tag k="type" v="line_thin"/>
    <tag k="subtype" v="solid"/>
  </way>
  <way id="47993">
    <nd ref="47713"/>
    <nd ref="47795"/>
    <nd ref="47797"/>
    <nd ref="47799"/>
    <nd ref="47801"/>
    <nd ref="47803"/>
    <nd ref="47990"/>
    <tag k="type" v="line_thin"/>
    <tag k="subtype" v="solid"/>
  </way>
  <way id="47994">
    <nd ref="47990"/>
    <nd ref="47767"/>
    <tag k="type" v="line_thin"/>
    <tag k="subtype" v="solid"/>
  </way>
  <way id="48011">
    <nd ref="48004"/>
    <nd ref="48005"/>
    <nd ref="47989"/>
    <tag k="type" v="line_thin"/>
    <tag k="subtype" v="solid"/>
  </way>
  <way id="48012">
    <nd ref="48001"/>
    <nd ref="48002"/>
    <nd ref="47990"/>
    <tag k="type" v="line_thin"/>
    <tag k="subtype" v="solid"/>
  </way>
  <way id="48047">
    <nd ref="48034"/>
    <nd ref="48035"/>
    <nd ref="48036"/>
    <nd ref="48045"/>
    <tag k="type" v="line_thin"/>
    <tag k="subtype" v="solid"/>
  </way>
  <way id="48049">
    <nd ref="48038"/>
    <nd ref="48039"/>
    <nd ref="48040"/>
    <nd ref="48046"/>
    <tag k="type" v="line_thin"/>
    <tag k="subtype" v="solid"/>
  </way>
  <way id="48055">
    <nd ref="48052"/>
    <nd ref="32450"/>
    <tag k="type" v="line_thin"/>
    <tag k="subtype" v="solid"/>
  </way>
  <way id="48057">
    <nd ref="48053"/>
    <nd ref="32451"/>
    <tag k="type" v="line_thin"/>
    <tag k="subtype" v="solid"/>
  </way>
  <way id="48075">
    <nd ref="48045"/>
    <nd ref="48059"/>
    <nd ref="48061"/>
    <nd ref="48063"/>
    <nd ref="48065"/>
    <nd ref="48052"/>
    <tag k="type" v="line_thin"/>
    <tag k="subtype" v="solid"/>
  </way>
  <way id="48076">
    <nd ref="48046"/>
    <nd ref="48067"/>
    <nd ref="48069"/>
    <nd ref="48071"/>
    <nd ref="48073"/>
    <nd ref="48053"/>
    <tag k="type" v="line_thin"/>
    <tag k="subtype" v="solid"/>
  </way>
  <way id="48135">
    <nd ref="13138"/>
    <nd ref="48113"/>
    <nd ref="48115"/>
    <nd ref="48117"/>
    <nd ref="48119"/>
    <nd ref="48121"/>
    <nd ref="48123"/>
    <nd ref="48034"/>
    <tag k="type" v="line_thin"/>
    <tag k="subtype" v="solid"/>
  </way>
  <way id="48136">
    <nd ref="13135"/>
    <nd ref="48124"/>
    <nd ref="48126"/>
    <nd ref="48128"/>
    <nd ref="48130"/>
    <nd ref="48132"/>
    <nd ref="48134"/>
    <nd ref="48038"/>
    <tag k="type" v="line_thin"/>
    <tag k="subtype" v="solid"/>
  </way>
  <way id="48157">
    <nd ref="48154"/>
    <nd ref="48140"/>
    <tag k="type" v="line_thin"/>
    <tag k="subtype" v="solid"/>
  </way>
  <way id="48159">
    <nd ref="48155"/>
    <nd ref="48143"/>
    <tag k="type" v="line_thin"/>
    <tag k="subtype" v="solid"/>
  </way>
  <way id="48169">
    <nd ref="48140"/>
    <nd ref="48161"/>
    <nd ref="48162"/>
    <nd ref="48163"/>
    <nd ref="48164"/>
    <nd ref="38382"/>
    <tag k="type" v="line_thin"/>
    <tag k="subtype" v="solid"/>
  </way>
  <way id="48170">
    <nd ref="48143"/>
    <nd ref="48165"/>
    <nd ref="48166"/>
    <nd ref="48167"/>
    <nd ref="48168"/>
    <nd ref="38379"/>
    <tag k="type" v="line_thin"/>
    <tag k="subtype" v="solid"/>
  </way>
  <way id="48184">
    <nd ref="48140"/>
    <nd ref="48172"/>
    <nd ref="48173"/>
    <nd ref="48174"/>
    <nd ref="48175"/>
    <nd ref="48176"/>
    <nd ref="48177"/>
    <nd ref="44846"/>
    <tag k="type" v="line_thin"/>
    <tag k="subtype" v="solid"/>
  </way>
  <way id="48185">
    <nd ref="48143"/>
    <nd ref="48178"/>
    <nd ref="48179"/>
    <nd ref="48180"/>
    <nd ref="48181"/>
    <nd ref="48182"/>
    <nd ref="48183"/>
    <nd ref="44847"/>
    <tag k="type" v="line_thin"/>
    <tag k="subtype" v="solid"/>
  </way>
  <way id="48187">
    <nd ref="44738"/>
    <nd ref="48154"/>
    <tag k="type" v="line_thin"/>
    <tag k="subtype" v="solid"/>
  </way>
  <way id="48188">
    <nd ref="44739"/>
    <nd ref="48155"/>
    <tag k="type" v="line_thin"/>
    <tag k="subtype" v="solid"/>
  </way>
  <way id="48216">
    <nd ref="42860"/>
    <nd ref="42765"/>
    <nd ref="42766"/>
    <nd ref="48214"/>
    <tag k="type" v="line_thin"/>
    <tag k="subtype" v="solid"/>
  </way>
  <way id="48218">
    <nd ref="42861"/>
    <nd ref="42797"/>
    <nd ref="42798"/>
    <nd ref="48215"/>
    <tag k="type" v="line_thin"/>
    <tag k="subtype" v="solid"/>
  </way>
  <way id="48221">
    <nd ref="48214"/>
    <nd ref="42830"/>
    <nd ref="42818"/>
    <nd ref="42820"/>
    <nd ref="42810"/>
    <nd ref="13506"/>
    <tag k="type" v="line_thin"/>
    <tag k="subtype" v="solid"/>
  </way>
  <way id="48222">
    <nd ref="48215"/>
    <nd ref="42831"/>
    <nd ref="42822"/>
    <nd ref="42824"/>
    <nd ref="42826"/>
    <nd ref="42811"/>
    <nd ref="13503"/>
    <tag k="type" v="line_thin"/>
    <tag k="subtype" v="solid"/>
  </way>
  <way id="48241">
    <nd ref="13506"/>
    <nd ref="48223"/>
    <nd ref="48224"/>
    <nd ref="48226"/>
    <nd ref="48228"/>
    <nd ref="48230"/>
    <nd ref="37924"/>
    <tag k="type" v="line_thin"/>
    <tag k="subtype" v="solid"/>
  </way>
  <way id="48242">
    <nd ref="13503"/>
    <nd ref="48232"/>
    <nd ref="48233"/>
    <nd ref="48235"/>
    <nd ref="48237"/>
    <nd ref="48239"/>
    <nd ref="37921"/>
    <tag k="type" v="line_thin"/>
    <tag k="subtype" v="solid"/>
  </way>
  <way id="48246">
    <nd ref="47649"/>
    <nd ref="48244"/>
    <tag k="type" v="line_thin"/>
    <tag k="subtype" v="solid"/>
  </way>
  <way id="48247">
    <nd ref="48244"/>
    <nd ref="47666"/>
    <nd ref="47667"/>
    <nd ref="47668"/>
    <nd ref="47669"/>
    <nd ref="47662"/>
    <tag k="type" v="line_thin"/>
    <tag k="subtype" v="solid"/>
  </way>
  <way id="48248">
    <nd ref="47651"/>
    <nd ref="48245"/>
    <tag k="type" v="line_thin"/>
    <tag k="subtype" v="solid"/>
  </way>
  <way id="48249">
    <nd ref="48245"/>
    <nd ref="47670"/>
    <nd ref="47671"/>
    <nd ref="47672"/>
    <nd ref="47673"/>
    <nd ref="47659"/>
    <tag k="type" v="line_thin"/>
    <tag k="subtype" v="solid"/>
  </way>
  <way id="48253">
    <nd ref="46495"/>
    <nd ref="48251"/>
    <tag k="type" v="line_thin"/>
    <tag k="subtype" v="solid"/>
  </way>
  <way id="48254">
    <nd ref="48251"/>
    <nd ref="502"/>
    <tag k="type" v="line_thin"/>
    <tag k="subtype" v="solid"/>
  </way>
  <way id="48255">
    <nd ref="46499"/>
    <nd ref="48252"/>
    <tag k="type" v="line_thin"/>
    <tag k="subtype" v="solid"/>
  </way>
  <way id="48256">
    <nd ref="48252"/>
    <nd ref="507"/>
    <tag k="type" v="line_thin"/>
    <tag k="subtype" v="solid"/>
  </way>
  <way id="48333">
    <nd ref="48266"/>
    <nd ref="48319"/>
    <nd ref="48320"/>
    <nd ref="48321"/>
    <nd ref="48322"/>
    <nd ref="48323"/>
    <nd ref="48324"/>
    <nd ref="48325"/>
    <nd ref="33119"/>
    <tag k="type" v="line_thin"/>
    <tag k="subtype" v="solid"/>
  </way>
  <way id="48334">
    <nd ref="48268"/>
    <nd ref="48326"/>
    <nd ref="48327"/>
    <nd ref="48328"/>
    <nd ref="48329"/>
    <nd ref="48330"/>
    <nd ref="48331"/>
    <nd ref="48332"/>
    <nd ref="33120"/>
    <tag k="type" v="line_thin"/>
    <tag k="subtype" v="solid"/>
  </way>
  <way id="48342">
    <nd ref="48339"/>
    <nd ref="48266"/>
    <tag k="type" v="line_thin"/>
    <tag k="subtype" v="solid"/>
  </way>
  <way id="48344">
    <nd ref="48340"/>
    <nd ref="48268"/>
    <tag k="type" v="line_thin"/>
    <tag k="subtype" v="solid"/>
  </way>
  <way id="48380">
    <nd ref="48363"/>
    <nd ref="48339"/>
    <tag k="type" v="line_thin"/>
    <tag k="subtype" v="solid"/>
  </way>
  <way id="48381">
    <nd ref="48365"/>
    <nd ref="48340"/>
    <tag k="type" v="line_thin"/>
    <tag k="subtype" v="solid"/>
  </way>
  <way id="48384">
    <nd ref="46922"/>
    <nd ref="48356"/>
    <nd ref="48349"/>
    <nd ref="48339"/>
    <tag k="type" v="line_thin"/>
    <tag k="subtype" v="solid"/>
  </way>
  <way id="48385">
    <nd ref="46923"/>
    <nd ref="48357"/>
    <nd ref="48350"/>
    <nd ref="48340"/>
    <tag k="type" v="line_thin"/>
    <tag k="subtype" v="solid"/>
  </way>
  <way id="48388">
    <nd ref="45027"/>
    <nd ref="48386"/>
    <tag k="type" v="line_thin"/>
    <tag k="subtype" v="solid"/>
  </way>
  <way id="48390">
    <nd ref="45028"/>
    <nd ref="48387"/>
    <tag k="type" v="line_thin"/>
    <tag k="subtype" v="solid"/>
  </way>
  <way id="48396">
    <nd ref="48393"/>
    <nd ref="11381"/>
    <tag k="type" v="line_thin"/>
    <tag k="subtype" v="solid"/>
  </way>
  <way id="48398">
    <nd ref="48394"/>
    <nd ref="11380"/>
    <tag k="type" v="line_thin"/>
    <tag k="subtype" v="solid"/>
  </way>
  <way id="48410">
    <nd ref="48386"/>
    <nd ref="44996"/>
    <nd ref="44930"/>
    <nd ref="44931"/>
    <nd ref="44932"/>
    <nd ref="44933"/>
    <nd ref="44939"/>
    <nd ref="45013"/>
    <tag k="type" v="line_thin"/>
    <tag k="subtype" v="solid"/>
  </way>
  <way id="48411">
    <nd ref="48387"/>
    <nd ref="48401"/>
    <nd ref="44999"/>
    <nd ref="44940"/>
    <nd ref="44942"/>
    <nd ref="44945"/>
    <nd ref="44947"/>
    <nd ref="44949"/>
    <nd ref="44951"/>
    <nd ref="44954"/>
    <nd ref="44956"/>
    <nd ref="44957"/>
    <nd ref="44958"/>
    <nd ref="45014"/>
    <tag k="type" v="line_thin"/>
    <tag k="subtype" v="solid"/>
  </way>
  <way id="48412">
    <nd ref="45013"/>
    <nd ref="48393"/>
    <tag k="type" v="line_thin"/>
    <tag k="subtype" v="solid"/>
  </way>
  <way id="48413">
    <nd ref="45014"/>
    <nd ref="48658"/>
    <nd ref="48659"/>
    <nd ref="48394"/>
    <tag k="type" v="line_thin"/>
    <tag k="subtype" v="solid"/>
  </way>
  <way id="48417">
    <nd ref="32841"/>
    <nd ref="43334"/>
    <nd ref="43333"/>
    <nd ref="32855"/>
    <nd ref="32857"/>
    <nd ref="15849"/>
    <nd ref="15853"/>
    <nd ref="15855"/>
    <nd ref="15857"/>
    <nd ref="15859"/>
    <nd ref="48415"/>
    <tag k="type" v="line_thin"/>
    <tag k="subtype" v="solid"/>
  </way>
  <way id="48418">
    <nd ref="48415"/>
    <nd ref="46575"/>
    <nd ref="46578"/>
    <nd ref="46581"/>
    <nd ref="46584"/>
    <nd ref="45027"/>
    <tag k="type" v="line_thin"/>
    <tag k="subtype" v="solid"/>
  </way>
  <way id="48419">
    <nd ref="32842"/>
    <nd ref="43336"/>
    <nd ref="43335"/>
    <nd ref="32859"/>
    <nd ref="32862"/>
    <nd ref="15873"/>
    <nd ref="15875"/>
    <nd ref="15877"/>
    <nd ref="15879"/>
    <nd ref="15881"/>
    <nd ref="15883"/>
    <nd ref="15885"/>
    <nd ref="48416"/>
    <tag k="type" v="line_thin"/>
    <tag k="subtype" v="solid"/>
  </way>
  <way id="48420">
    <nd ref="48416"/>
    <nd ref="46588"/>
    <nd ref="46591"/>
    <nd ref="46594"/>
    <nd ref="46597"/>
    <nd ref="45028"/>
    <tag k="type" v="line_thin"/>
    <tag k="subtype" v="solid"/>
  </way>
  <way id="48478">
    <nd ref="48447"/>
    <nd ref="48424"/>
    <nd ref="48440"/>
    <nd ref="48458"/>
    <nd ref="48460"/>
    <nd ref="48462"/>
    <nd ref="48464"/>
    <nd ref="4343"/>
    <tag k="type" v="line_thin"/>
    <tag k="subtype" v="solid"/>
  </way>
  <way id="48479">
    <nd ref="48448"/>
    <nd ref="48428"/>
    <nd ref="48441"/>
    <nd ref="48467"/>
    <nd ref="48469"/>
    <nd ref="48471"/>
    <nd ref="48473"/>
    <nd ref="4344"/>
    <tag k="type" v="line_thin"/>
    <tag k="subtype" v="solid"/>
  </way>
  <way id="48499">
    <nd ref="45268"/>
    <nd ref="45241"/>
    <nd ref="45242"/>
    <nd ref="45244"/>
    <nd ref="45246"/>
    <nd ref="45248"/>
    <nd ref="45250"/>
    <nd ref="45252"/>
    <nd ref="45254"/>
    <nd ref="45256"/>
    <nd ref="45257"/>
    <tag k="type" v="line_thin"/>
    <tag k="subtype" v="solid"/>
  </way>
  <way id="48500">
    <nd ref="45269"/>
    <nd ref="45258"/>
    <nd ref="45259"/>
    <nd ref="45260"/>
    <nd ref="45261"/>
    <nd ref="45262"/>
    <tag k="type" v="line_thin"/>
    <tag k="subtype" v="solid"/>
  </way>
  <way id="48503">
    <nd ref="514"/>
    <nd ref="48501"/>
    <tag k="type" v="line_thin"/>
    <tag k="subtype" v="solid"/>
  </way>
  <way id="48504">
    <nd ref="48501"/>
    <nd ref="48447"/>
    <tag k="type" v="line_thin"/>
    <tag k="subtype" v="solid"/>
  </way>
  <way id="48505">
    <nd ref="520"/>
    <nd ref="48502"/>
    <tag k="type" v="line_thin"/>
    <tag k="subtype" v="solid"/>
  </way>
  <way id="48506">
    <nd ref="48502"/>
    <nd ref="48448"/>
    <tag k="type" v="line_thin"/>
    <tag k="subtype" v="solid"/>
  </way>
  <way id="48552">
    <nd ref="45371"/>
    <nd ref="48544"/>
    <nd ref="48545"/>
    <nd ref="48546"/>
    <nd ref="48547"/>
    <nd ref="45353"/>
    <tag k="type" v="line_thin"/>
    <tag k="subtype" v="solid"/>
  </way>
  <way id="48553">
    <nd ref="45368"/>
    <nd ref="48548"/>
    <nd ref="48549"/>
    <nd ref="48550"/>
    <nd ref="48551"/>
    <nd ref="45354"/>
    <tag k="type" v="line_thin"/>
    <tag k="subtype" v="solid"/>
  </way>
  <way id="48622">
    <nd ref="45454"/>
    <nd ref="48606"/>
    <nd ref="48607"/>
    <nd ref="48608"/>
    <nd ref="48609"/>
    <nd ref="48610"/>
    <nd ref="48611"/>
    <nd ref="48612"/>
    <nd ref="48613"/>
    <nd ref="48599"/>
    <tag k="type" v="line_thin"/>
    <tag k="subtype" v="solid"/>
  </way>
  <way id="48623">
    <nd ref="45455"/>
    <nd ref="48614"/>
    <nd ref="48615"/>
    <nd ref="48616"/>
    <nd ref="48617"/>
    <nd ref="48618"/>
    <nd ref="48619"/>
    <nd ref="48620"/>
    <nd ref="48621"/>
    <nd ref="48600"/>
    <tag k="type" v="line_thin"/>
    <tag k="subtype" v="solid"/>
  </way>
  <way id="48639">
    <nd ref="48599"/>
    <nd ref="48625"/>
    <nd ref="29931"/>
    <tag k="type" v="line_thin"/>
    <tag k="subtype" v="solid"/>
  </way>
  <way id="48640">
    <nd ref="48600"/>
    <nd ref="48632"/>
    <nd ref="29932"/>
    <tag k="type" v="line_thin"/>
    <tag k="subtype" v="solid"/>
  </way>
  <way id="48644">
    <nd ref="47314"/>
    <nd ref="48642"/>
    <tag k="type" v="line_thin"/>
    <tag k="subtype" v="solid"/>
  </way>
  <way id="48646">
    <nd ref="47322"/>
    <nd ref="48643"/>
    <tag k="type" v="line_thin"/>
    <tag k="subtype" v="solid"/>
  </way>
  <way id="48652">
    <nd ref="48642"/>
    <nd ref="47439"/>
    <tag k="type" v="line_thin"/>
    <tag k="subtype" v="solid"/>
  </way>
  <way id="48653">
    <nd ref="48643"/>
    <nd ref="47440"/>
    <tag k="type" v="line_thin"/>
    <tag k="subtype" v="solid"/>
  </way>
  <way id="48655">
    <nd ref="47179"/>
    <nd ref="30020"/>
    <tag k="type" v="line_thin"/>
    <tag k="subtype" v="solid"/>
  </way>
  <way id="48656">
    <nd ref="47188"/>
    <nd ref="30021"/>
    <tag k="type" v="line_thin"/>
    <tag k="subtype" v="solid"/>
  </way>
  <way id="48669">
    <nd ref="45779"/>
    <nd ref="48667"/>
    <tag k="type" v="line_thin"/>
    <tag k="subtype" v="solid"/>
  </way>
  <way id="48670">
    <nd ref="48667"/>
    <nd ref="38867"/>
    <tag k="type" v="line_thin"/>
    <tag k="subtype" v="solid"/>
  </way>
  <way id="48671">
    <nd ref="45781"/>
    <nd ref="48668"/>
    <tag k="type" v="line_thin"/>
    <tag k="subtype" v="solid"/>
  </way>
  <way id="48672">
    <nd ref="48668"/>
    <nd ref="38869"/>
    <tag k="type" v="line_thin"/>
    <tag k="subtype" v="solid"/>
  </way>
  <way id="48701">
    <nd ref="48667"/>
    <nd ref="48687"/>
    <nd ref="48688"/>
    <nd ref="48690"/>
    <nd ref="48691"/>
    <nd ref="48693"/>
    <nd ref="44322"/>
    <tag k="type" v="line_thin"/>
    <tag k="subtype" v="solid"/>
  </way>
  <way id="48702">
    <nd ref="48668"/>
    <nd ref="48694"/>
    <nd ref="48695"/>
    <nd ref="48696"/>
    <nd ref="48697"/>
    <nd ref="48698"/>
    <nd ref="48699"/>
    <nd ref="48700"/>
    <nd ref="44323"/>
    <tag k="type" v="line_thin"/>
    <tag k="subtype" v="solid"/>
  </way>
  <way id="48744">
    <nd ref="45204"/>
    <nd ref="48732"/>
    <nd ref="48734"/>
    <nd ref="48736"/>
    <nd ref="42549"/>
    <tag k="type" v="line_thin"/>
    <tag k="subtype" v="solid"/>
  </way>
  <way id="48745">
    <nd ref="45209"/>
    <nd ref="48738"/>
    <nd ref="48740"/>
    <nd ref="48742"/>
    <nd ref="42551"/>
    <tag k="type" v="line_thin"/>
    <tag k="subtype" v="solid"/>
  </way>
  <way id="48781">
    <nd ref="37929"/>
    <nd ref="42597"/>
    <nd ref="48751"/>
    <nd ref="48759"/>
    <nd ref="48761"/>
    <nd ref="48763"/>
    <nd ref="48765"/>
    <nd ref="48767"/>
    <nd ref="42549"/>
    <tag k="type" v="line_thin"/>
    <tag k="subtype" v="solid"/>
  </way>
  <way id="48782">
    <nd ref="37931"/>
    <nd ref="42602"/>
    <nd ref="48752"/>
    <nd ref="48769"/>
    <nd ref="48771"/>
    <nd ref="48773"/>
    <nd ref="48775"/>
    <nd ref="48777"/>
    <nd ref="42551"/>
    <tag k="type" v="line_thin"/>
    <tag k="subtype" v="solid"/>
  </way>
  <way id="48807">
    <nd ref="42617"/>
    <nd ref="48783"/>
    <nd ref="48785"/>
    <nd ref="48787"/>
    <nd ref="48789"/>
    <nd ref="48791"/>
    <nd ref="48793"/>
    <nd ref="47715"/>
    <tag k="type" v="line_thin"/>
    <tag k="subtype" v="solid"/>
  </way>
  <way id="48808">
    <nd ref="42618"/>
    <nd ref="48795"/>
    <nd ref="48797"/>
    <nd ref="48799"/>
    <nd ref="48801"/>
    <nd ref="48803"/>
    <nd ref="48805"/>
    <nd ref="47712"/>
    <tag k="type" v="line_thin"/>
    <tag k="subtype" v="solid"/>
  </way>
  <way id="48882">
    <nd ref="48879"/>
    <nd ref="23952"/>
    <tag k="type" v="line_thin"/>
    <tag k="subtype" v="solid"/>
  </way>
  <way id="48884">
    <nd ref="48880"/>
    <nd ref="23953"/>
    <tag k="type" v="line_thin"/>
    <tag k="subtype" v="solid"/>
  </way>
  <way id="48916">
    <nd ref="48845"/>
    <nd ref="48887"/>
    <nd ref="48889"/>
    <nd ref="48891"/>
    <nd ref="48893"/>
    <nd ref="48895"/>
    <nd ref="48897"/>
    <nd ref="48899"/>
    <nd ref="48879"/>
    <tag k="type" v="line_thin"/>
    <tag k="subtype" v="solid"/>
  </way>
  <way id="48917">
    <nd ref="48846"/>
    <nd ref="48902"/>
    <nd ref="48904"/>
    <nd ref="48906"/>
    <nd ref="48908"/>
    <nd ref="48910"/>
    <nd ref="48912"/>
    <nd ref="48914"/>
    <nd ref="48880"/>
    <tag k="type" v="line_thin"/>
    <tag k="subtype" v="solid"/>
  </way>
  <way id="48921">
    <nd ref="23924"/>
    <nd ref="42023"/>
    <nd ref="48838"/>
    <nd ref="48879"/>
    <tag k="type" v="line_thin"/>
    <tag k="subtype" v="solid"/>
  </way>
  <way id="48922">
    <nd ref="23925"/>
    <nd ref="42024"/>
    <nd ref="48839"/>
    <nd ref="48880"/>
    <tag k="type" v="line_thin"/>
    <tag k="subtype" v="solid"/>
  </way>
  <way id="49080">
    <nd ref="42016"/>
    <nd ref="41993"/>
    <nd ref="41994"/>
    <nd ref="48845"/>
    <tag k="type" v="line_thin"/>
    <tag k="subtype" v="solid"/>
  </way>
  <way id="49081">
    <nd ref="42017"/>
    <nd ref="42003"/>
    <nd ref="42004"/>
    <nd ref="42005"/>
    <nd ref="48846"/>
    <tag k="type" v="line_thin"/>
    <tag k="subtype" v="solid"/>
  </way>
  <way id="49139">
    <nd ref="25955"/>
    <nd ref="49132"/>
    <tag k="type" v="line_thin"/>
    <tag k="subtype" v="solid"/>
  </way>
  <way id="49140">
    <nd ref="25956"/>
    <nd ref="49133"/>
    <tag k="type" v="line_thin"/>
    <tag k="subtype" v="solid"/>
  </way>
  <way id="49162">
    <nd ref="25919"/>
    <nd ref="49083"/>
    <nd ref="49084"/>
    <nd ref="49085"/>
    <tag k="type" v="line_thin"/>
    <tag k="subtype" v="solid"/>
  </way>
  <way id="49163">
    <nd ref="25934"/>
    <nd ref="49087"/>
    <nd ref="49088"/>
    <nd ref="49090"/>
    <tag k="type" v="line_thin"/>
    <tag k="subtype" v="solid"/>
  </way>
  <way id="49166">
    <nd ref="26555"/>
    <nd ref="25955"/>
    <tag k="type" v="line_thin"/>
    <tag k="subtype" v="solid"/>
  </way>
  <way id="49167">
    <nd ref="26556"/>
    <nd ref="25956"/>
    <tag k="type" v="line_thin"/>
    <tag k="subtype" v="solid"/>
  </way>
  <way id="49185">
    <nd ref="40634"/>
    <nd ref="49170"/>
    <nd ref="49172"/>
    <nd ref="49174"/>
    <nd ref="40590"/>
    <tag k="type" v="line_thin"/>
    <tag k="subtype" v="solid"/>
  </way>
  <way id="49186">
    <nd ref="40635"/>
    <nd ref="49178"/>
    <nd ref="49180"/>
    <nd ref="49182"/>
    <nd ref="40591"/>
    <tag k="type" v="line_thin"/>
    <tag k="subtype" v="solid"/>
  </way>
  <way id="49194">
    <nd ref="26015"/>
    <nd ref="49188"/>
    <nd ref="49189"/>
    <nd ref="49190"/>
    <nd ref="40508"/>
    <tag k="type" v="line_thin"/>
    <tag k="subtype" v="solid"/>
  </way>
  <way id="49195">
    <nd ref="26040"/>
    <nd ref="49191"/>
    <nd ref="49192"/>
    <nd ref="49193"/>
    <nd ref="40509"/>
    <tag k="type" v="line_thin"/>
    <tag k="subtype" v="solid"/>
  </way>
  <way id="49200">
    <nd ref="49197"/>
    <nd ref="33483"/>
    <tag k="type" v="line_thin"/>
    <tag k="subtype" v="solid"/>
  </way>
  <way id="49202">
    <nd ref="49198"/>
    <nd ref="33484"/>
    <tag k="type" v="line_thin"/>
    <tag k="subtype" v="solid"/>
  </way>
  <way id="49214">
    <nd ref="49132"/>
    <nd ref="49204"/>
    <nd ref="49197"/>
    <tag k="type" v="line_thin"/>
    <tag k="subtype" v="solid"/>
  </way>
  <way id="49215">
    <nd ref="49133"/>
    <nd ref="49209"/>
    <nd ref="49198"/>
    <tag k="type" v="line_thin"/>
    <tag k="subtype" v="solid"/>
  </way>
  <way id="49245">
    <nd ref="49085"/>
    <nd ref="49218"/>
    <nd ref="49220"/>
    <nd ref="49222"/>
    <nd ref="49224"/>
    <nd ref="49226"/>
    <nd ref="49228"/>
    <nd ref="49230"/>
    <nd ref="49132"/>
    <tag k="type" v="line_thin"/>
    <tag k="subtype" v="solid"/>
  </way>
  <way id="49246">
    <nd ref="49090"/>
    <nd ref="49232"/>
    <nd ref="49234"/>
    <nd ref="49236"/>
    <nd ref="49238"/>
    <nd ref="49240"/>
    <nd ref="49242"/>
    <nd ref="49244"/>
    <nd ref="49133"/>
    <tag k="type" v="line_thin"/>
    <tag k="subtype" v="solid"/>
  </way>
  <relation id="15">
    <member type="way" role="left" ref="33141"/>
    <member type="way" role="right" ref="33143"/>
    <tag k="type" v="lanelet"/>
    <tag k="subtype" v="road"/>
    <tag k="speed_limit" v="8"/>
    <tag k="location" v="urban"/>
    <tag k="one_way" v="yes"/>
    <tag k="turn_direction" v="straight"/>
  </relation>
  <relation id="105">
    <member type="way" role="left" ref="78"/>
    <member type="way" role="right" ref="21"/>
    <tag k="type" v="lanelet"/>
    <tag k="subtype" v="road"/>
    <tag k="speed_limit" v="8"/>
    <tag k="location" v="urban"/>
    <tag k="one_way" v="yes"/>
    <tag k="turn_direction" v="straight"/>
  </relation>
  <relation id="189">
    <member type="way" role="left" ref="9782"/>
    <member type="way" role="right" ref="9784"/>
    <tag k="type" v="lanelet"/>
    <tag k="subtype" v="road"/>
    <tag k="speed_limit" v="8"/>
    <tag k="location" v="urban"/>
    <tag k="one_way" v="yes"/>
    <tag k="turn_direction" v="straight"/>
  </relation>
  <relation id="323">
    <member type="way" role="left" ref="315"/>
    <member type="way" role="right" ref="320"/>
    <tag k="type" v="lanelet"/>
    <tag k="subtype" v="road"/>
    <tag k="speed_limit" v="8"/>
    <tag k="location" v="urban"/>
    <tag k="one_way" v="yes"/>
    <tag k="turn_direction" v="straight"/>
  </relation>
  <relation id="406">
    <member type="way" role="left" ref="45348"/>
    <member type="way" role="right" ref="45350"/>
    <tag k="type" v="lanelet"/>
    <tag k="subtype" v="road"/>
    <tag k="speed_limit" v="8"/>
    <tag k="location" v="urban"/>
    <tag k="one_way" v="yes"/>
    <tag k="turn_direction" v="straight"/>
  </relation>
  <relation id="482">
    <member type="way" role="left" ref="470"/>
    <member type="way" role="right" ref="478"/>
    <tag k="type" v="lanelet"/>
    <tag k="subtype" v="road"/>
    <tag k="speed_limit" v="8"/>
    <tag k="location" v="urban"/>
    <tag k="one_way" v="yes"/>
    <tag k="turn_direction" v="straight"/>
  </relation>
  <relation id="521">
    <member type="way" role="left" ref="510"/>
    <member type="way" role="right" ref="516"/>
    <tag k="type" v="lanelet"/>
    <tag k="subtype" v="road"/>
    <tag k="speed_limit" v="8"/>
    <tag k="location" v="urban"/>
    <tag k="one_way" v="yes"/>
    <tag k="turn_direction" v="straight"/>
  </relation>
  <relation id="744">
    <member type="way" role="left" ref="9907"/>
    <member type="way" role="right" ref="9909"/>
    <tag k="type" v="lanelet"/>
    <tag k="subtype" v="road"/>
    <tag k="speed_limit" v="8"/>
    <tag k="location" v="urban"/>
    <tag k="one_way" v="yes"/>
    <tag k="turn_direction" v="straight"/>
  </relation>
  <relation id="761">
    <member type="way" role="left" ref="756"/>
    <member type="way" role="right" ref="746"/>
    <tag k="type" v="lanelet"/>
    <tag k="subtype" v="road"/>
    <tag k="speed_limit" v="8"/>
    <tag k="location" v="urban"/>
    <tag k="one_way" v="yes"/>
    <tag k="turn_direction" v="straight"/>
  </relation>
  <relation id="772">
    <member type="way" role="left" ref="9883"/>
    <member type="way" role="right" ref="9885"/>
    <tag k="type" v="lanelet"/>
    <tag k="subtype" v="road"/>
    <tag k="speed_limit" v="8"/>
    <tag k="location" v="urban"/>
    <tag k="one_way" v="yes"/>
    <tag k="turn_direction" v="straight"/>
  </relation>
  <relation id="1478">
    <member type="way" role="left" ref="2425"/>
    <member type="way" role="right" ref="2427"/>
    <tag k="type" v="lanelet"/>
    <tag k="subtype" v="road"/>
    <tag k="speed_limit" v="8"/>
    <tag k="location" v="urban"/>
    <tag k="one_way" v="yes"/>
    <tag k="turn_direction" v="straight"/>
  </relation>
  <relation id="1492">
    <member type="way" role="left" ref="1699"/>
    <member type="way" role="right" ref="1701"/>
    <tag k="type" v="lanelet"/>
    <tag k="subtype" v="road"/>
    <tag k="speed_limit" v="8"/>
    <tag k="location" v="urban"/>
    <tag k="one_way" v="yes"/>
    <tag k="turn_direction" v="straight"/>
  </relation>
  <relation id="1833">
    <member type="way" role="left" ref="28282"/>
    <member type="way" role="right" ref="28284"/>
    <tag k="type" v="lanelet"/>
    <tag k="subtype" v="road"/>
    <tag k="speed_limit" v="8"/>
    <tag k="location" v="urban"/>
    <tag k="one_way" v="yes"/>
    <tag k="turn_direction" v="straight"/>
  </relation>
  <relation id="1897">
    <member type="way" role="left" ref="33273"/>
    <member type="way" role="right" ref="33275"/>
    <tag k="type" v="lanelet"/>
    <tag k="subtype" v="road"/>
    <tag k="speed_limit" v="8"/>
    <tag k="location" v="urban"/>
    <tag k="one_way" v="yes"/>
    <tag k="turn_direction" v="straight"/>
  </relation>
  <relation id="1991">
    <member type="way" role="left" ref="39363"/>
    <member type="way" role="right" ref="39364"/>
    <tag k="type" v="lanelet"/>
    <tag k="subtype" v="road"/>
    <tag k="speed_limit" v="5"/>
    <tag k="location" v="urban"/>
    <tag k="one_way" v="yes"/>
    <tag k="turn_direction" v="left"/>
  </relation>
  <relation id="4098">
    <member type="way" role="left" ref="35342"/>
    <member type="way" role="right" ref="35344"/>
    <tag k="type" v="lanelet"/>
    <tag k="subtype" v="road"/>
    <tag k="speed_limit" v="8"/>
    <tag k="location" v="urban"/>
    <tag k="one_way" v="yes"/>
    <tag k="turn_direction" v="straight"/>
  </relation>
  <relation id="4349">
    <member type="way" role="left" ref="44371"/>
    <member type="way" role="right" ref="44373"/>
    <tag k="type" v="lanelet"/>
    <tag k="subtype" v="road"/>
    <tag k="speed_limit" v="5"/>
    <tag k="location" v="urban"/>
    <tag k="one_way" v="yes"/>
    <tag k="turn_direction" v="left"/>
  </relation>
  <relation id="4895">
    <member type="way" role="left" ref="4893"/>
    <member type="way" role="right" ref="4894"/>
    <tag k="type" v="lanelet"/>
    <tag k="subtype" v="road"/>
    <tag k="speed_limit" v="5"/>
    <tag k="location" v="urban"/>
    <tag k="one_way" v="yes"/>
    <tag k="turn_direction" v="left"/>
  </relation>
  <relation id="7021">
    <member type="way" role="left" ref="21138"/>
    <member type="way" role="right" ref="21140"/>
    <tag k="type" v="lanelet"/>
    <tag k="subtype" v="road"/>
    <tag k="speed_limit" v="8"/>
    <tag k="location" v="urban"/>
    <tag k="one_way" v="yes"/>
    <tag k="turn_direction" v="straight"/>
  </relation>
  <relation id="9887">
    <member type="way" role="left" ref="41101"/>
    <member type="way" role="right" ref="41103"/>
    <tag k="type" v="lanelet"/>
    <tag k="subtype" v="road"/>
    <tag k="speed_limit" v="8"/>
    <tag k="location" v="urban"/>
    <tag k="one_way" v="yes"/>
    <tag k="turn_direction" v="straight"/>
  </relation>
  <relation id="9911">
    <member type="way" role="left" ref="9908"/>
    <member type="way" role="right" ref="9910"/>
    <tag k="type" v="lanelet"/>
    <tag k="subtype" v="road"/>
    <tag k="speed_limit" v="8"/>
    <tag k="location" v="urban"/>
    <tag k="one_way" v="yes"/>
    <tag k="turn_direction" v="straight"/>
  </relation>
  <relation id="10793">
    <member type="way" role="left" ref="21773"/>
    <member type="way" role="right" ref="21774"/>
    <tag k="type" v="lanelet"/>
    <tag k="subtype" v="road"/>
    <tag k="speed_limit" v="8"/>
    <tag k="location" v="urban"/>
    <tag k="one_way" v="yes"/>
    <tag k="turn_direction" v="right"/>
  </relation>
  <relation id="10829">
    <member type="way" role="left" ref="10826"/>
    <member type="way" role="right" ref="10828"/>
    <tag k="type" v="lanelet"/>
    <tag k="subtype" v="road"/>
    <tag k="speed_limit" v="8"/>
    <tag k="location" v="urban"/>
    <tag k="one_way" v="yes"/>
    <tag k="turn_direction" v="right"/>
  </relation>
  <relation id="11572">
    <member type="way" role="left" ref="44907"/>
    <member type="way" role="right" ref="44909"/>
    <tag k="type" v="lanelet"/>
    <tag k="subtype" v="road"/>
    <tag k="speed_limit" v="8"/>
    <tag k="location" v="urban"/>
    <tag k="one_way" v="yes"/>
    <tag k="turn_direction" v="straight"/>
  </relation>
  <relation id="11923">
    <member type="way" role="left" ref="39359"/>
    <member type="way" role="right" ref="39360"/>
    <tag k="type" v="lanelet"/>
    <tag k="subtype" v="road"/>
    <tag k="speed_limit" v="8"/>
    <tag k="location" v="urban"/>
    <tag k="one_way" v="yes"/>
    <tag k="turn_direction" v="straight"/>
  </relation>
  <relation id="12384">
    <member type="way" role="left" ref="12381"/>
    <member type="way" role="right" ref="12383"/>
    <tag k="type" v="lanelet"/>
    <tag k="subtype" v="road"/>
    <tag k="speed_limit" v="8"/>
    <tag k="location" v="urban"/>
    <tag k="one_way" v="yes"/>
    <tag k="turn_direction" v="straight"/>
  </relation>
  <relation id="12387">
    <member type="way" role="left" ref="12385"/>
    <member type="way" role="right" ref="12386"/>
    <tag k="type" v="lanelet"/>
    <tag k="subtype" v="road"/>
    <tag k="speed_limit" v="3"/>
    <tag k="location" v="urban"/>
    <tag k="one_way" v="yes"/>
    <tag k="turn_direction" v="right"/>
  </relation>
  <relation id="12515">
    <member type="way" role="left" ref="44450"/>
    <member type="way" role="right" ref="44452"/>
    <tag k="type" v="lanelet"/>
    <tag k="subtype" v="road"/>
    <tag k="speed_limit" v="8"/>
    <tag k="location" v="urban"/>
    <tag k="one_way" v="yes"/>
    <tag k="turn_direction" v="straight"/>
  </relation>
  <relation id="14857">
    <member type="way" role="left" ref="14856"/>
    <member type="way" role="right" ref="14853"/>
    <tag k="type" v="lanelet"/>
    <tag k="subtype" v="road"/>
    <tag k="speed_limit" v="8"/>
    <tag k="location" v="urban"/>
    <tag k="one_way" v="yes"/>
    <tag k="turn_direction" v="right"/>
  </relation>
  <relation id="15112">
    <member type="way" role="left" ref="15111"/>
    <member type="way" role="right" ref="15108"/>
    <tag k="type" v="lanelet"/>
    <tag k="subtype" v="road"/>
    <tag k="speed_limit" v="8"/>
    <tag k="location" v="urban"/>
    <tag k="one_way" v="yes"/>
    <tag k="turn_direction" v="straight"/>
  </relation>
  <relation id="15279">
    <member type="way" role="left" ref="15277"/>
    <member type="way" role="right" ref="15278"/>
    <tag k="type" v="lanelet"/>
    <tag k="subtype" v="road"/>
    <tag k="speed_limit" v="8"/>
    <tag k="location" v="urban"/>
    <tag k="one_way" v="yes"/>
    <tag k="turn_direction" v="straight"/>
  </relation>
  <relation id="15786">
    <member type="way" role="left" ref="33009"/>
    <member type="way" role="right" ref="33011"/>
    <tag k="type" v="lanelet"/>
    <tag k="subtype" v="road"/>
    <tag k="speed_limit" v="8"/>
    <tag k="location" v="urban"/>
    <tag k="one_way" v="yes"/>
    <tag k="turn_direction" v="left"/>
  </relation>
  <relation id="15835">
    <member type="way" role="left" ref="33174"/>
    <member type="way" role="right" ref="33176"/>
    <tag k="type" v="lanelet"/>
    <tag k="subtype" v="road"/>
    <tag k="speed_limit" v="8"/>
    <tag k="location" v="urban"/>
    <tag k="one_way" v="yes"/>
    <tag k="turn_direction" v="left"/>
  </relation>
  <relation id="20945">
    <member type="way" role="left" ref="36292"/>
    <member type="way" role="right" ref="36294"/>
    <tag k="type" v="lanelet"/>
    <tag k="subtype" v="road"/>
    <tag k="speed_limit" v="8"/>
    <tag k="location" v="urban"/>
    <tag k="one_way" v="yes"/>
    <tag k="turn_direction" v="straight"/>
  </relation>
  <relation id="21010">
    <member type="way" role="left" ref="21008"/>
    <member type="way" role="right" ref="21009"/>
    <tag k="type" v="lanelet"/>
    <tag k="subtype" v="road"/>
    <tag k="speed_limit" v="8"/>
    <tag k="location" v="urban"/>
    <tag k="one_way" v="yes"/>
    <tag k="turn_direction" v="straight"/>
  </relation>
  <relation id="21053">
    <member type="way" role="left" ref="21051"/>
    <member type="way" role="right" ref="21052"/>
    <tag k="type" v="lanelet"/>
    <tag k="subtype" v="road"/>
    <tag k="speed_limit" v="8"/>
    <tag k="location" v="urban"/>
    <tag k="one_way" v="yes"/>
    <tag k="turn_direction" v="straight"/>
  </relation>
  <relation id="21079">
    <member type="way" role="left" ref="43883"/>
    <member type="way" role="right" ref="43884"/>
    <tag k="type" v="lanelet"/>
    <tag k="subtype" v="road"/>
    <tag k="speed_limit" v="6"/>
    <tag k="location" v="urban"/>
    <tag k="one_way" v="yes"/>
    <tag k="turn_direction" v="left"/>
  </relation>
  <relation id="21121">
    <member type="way" role="left" ref="21118"/>
    <member type="way" role="right" ref="21120"/>
    <tag k="type" v="lanelet"/>
    <tag k="subtype" v="road"/>
    <tag k="speed_limit" v="8"/>
    <tag k="location" v="urban"/>
    <tag k="one_way" v="yes"/>
    <tag k="turn_direction" v="straight"/>
  </relation>
  <relation id="21135">
    <member type="way" role="left" ref="21133"/>
    <member type="way" role="right" ref="21134"/>
    <tag k="type" v="lanelet"/>
    <tag k="subtype" v="road"/>
    <tag k="speed_limit" v="8"/>
    <tag k="location" v="urban"/>
    <tag k="one_way" v="yes"/>
    <tag k="turn_direction" v="straight"/>
  </relation>
  <relation id="21172">
    <member type="way" role="left" ref="21170"/>
    <member type="way" role="right" ref="21171"/>
    <tag k="type" v="lanelet"/>
    <tag k="subtype" v="road"/>
    <tag k="speed_limit" v="8"/>
    <tag k="location" v="urban"/>
    <tag k="one_way" v="yes"/>
    <tag k="turn_direction" v="straight"/>
  </relation>
  <relation id="21232">
    <member type="way" role="left" ref="21775"/>
    <member type="way" role="right" ref="21776"/>
    <tag k="type" v="lanelet"/>
    <tag k="subtype" v="road"/>
    <tag k="speed_limit" v="8"/>
    <tag k="location" v="urban"/>
    <tag k="one_way" v="yes"/>
    <tag k="turn_direction" v="right"/>
  </relation>
  <relation id="22009">
    <member type="way" role="left" ref="22020"/>
    <member type="way" role="right" ref="22021"/>
    <tag k="type" v="lanelet"/>
    <tag k="subtype" v="road"/>
    <tag k="speed_limit" v="8"/>
    <tag k="location" v="urban"/>
    <tag k="one_way" v="yes"/>
    <tag k="turn_direction" v="straight"/>
  </relation>
  <relation id="22046">
    <member type="way" role="left" ref="22079"/>
    <member type="way" role="right" ref="22080"/>
    <tag k="type" v="lanelet"/>
    <tag k="subtype" v="road"/>
    <tag k="speed_limit" v="8"/>
    <tag k="location" v="urban"/>
    <tag k="one_way" v="yes"/>
    <tag k="turn_direction" v="straight"/>
  </relation>
  <relation id="22344">
    <member type="way" role="left" ref="46084"/>
    <member type="way" role="right" ref="46085"/>
    <tag k="type" v="lanelet"/>
    <tag k="subtype" v="road"/>
    <tag k="speed_limit" v="8"/>
    <tag k="location" v="urban"/>
    <tag k="one_way" v="yes"/>
    <tag k="turn_direction" v="straight"/>
  </relation>
  <relation id="22400">
    <member type="way" role="left" ref="43836"/>
    <member type="way" role="right" ref="43838"/>
    <tag k="type" v="lanelet"/>
    <tag k="subtype" v="road"/>
    <tag k="speed_limit" v="5"/>
    <tag k="location" v="urban"/>
    <tag k="one_way" v="yes"/>
    <tag k="turn_direction" v="left"/>
  </relation>
  <relation id="22432">
    <member type="way" role="left" ref="22430"/>
    <member type="way" role="right" ref="22431"/>
    <tag k="type" v="lanelet"/>
    <tag k="subtype" v="road"/>
    <tag k="speed_limit" v="8"/>
    <tag k="location" v="urban"/>
    <tag k="one_way" v="yes"/>
    <tag k="turn_direction" v="left"/>
  </relation>
  <relation id="22825">
    <member type="way" role="left" ref="46100"/>
    <member type="way" role="right" ref="46102"/>
    <tag k="type" v="lanelet"/>
    <tag k="subtype" v="road"/>
    <tag k="speed_limit" v="10"/>
    <tag k="location" v="urban"/>
    <tag k="one_way" v="yes"/>
    <tag k="turn_direction" v="straight"/>
  </relation>
  <relation id="22983">
    <member type="way" role="left" ref="41199"/>
    <member type="way" role="right" ref="41201"/>
    <tag k="type" v="lanelet"/>
    <tag k="subtype" v="road"/>
    <tag k="speed_limit" v="8"/>
    <tag k="location" v="urban"/>
    <tag k="one_way" v="yes"/>
    <tag k="turn_direction" v="straight"/>
  </relation>
  <relation id="23733">
    <member type="way" role="left" ref="23754"/>
    <member type="way" role="right" ref="23756"/>
    <tag k="type" v="lanelet"/>
    <tag k="subtype" v="road"/>
    <tag k="speed_limit" v="8"/>
    <tag k="location" v="urban"/>
    <tag k="one_way" v="yes"/>
    <tag k="turn_direction" v="straight"/>
  </relation>
  <relation id="23758">
    <member type="way" role="left" ref="23755"/>
    <member type="way" role="right" ref="23757"/>
    <tag k="type" v="lanelet"/>
    <tag k="subtype" v="road"/>
    <tag k="speed_limit" v="8"/>
    <tag k="location" v="urban"/>
    <tag k="one_way" v="yes"/>
    <tag k="turn_direction" v="straight"/>
  </relation>
  <relation id="23881">
    <member type="way" role="left" ref="46086"/>
    <member type="way" role="right" ref="46087"/>
    <tag k="type" v="lanelet"/>
    <tag k="subtype" v="road"/>
    <tag k="speed_limit" v="8"/>
    <tag k="location" v="urban"/>
    <tag k="one_way" v="yes"/>
    <tag k="turn_direction" v="straight"/>
  </relation>
  <relation id="23909">
    <member type="way" role="left" ref="24358"/>
    <member type="way" role="right" ref="24359"/>
    <tag k="type" v="lanelet"/>
    <tag k="subtype" v="road"/>
    <tag k="speed_limit" v="8"/>
    <tag k="location" v="urban"/>
    <tag k="one_way" v="yes"/>
    <tag k="turn_direction" v="straight"/>
  </relation>
  <relation id="24145">
    <member type="way" role="left" ref="41981"/>
    <member type="way" role="right" ref="41982"/>
    <tag k="type" v="lanelet"/>
    <tag k="subtype" v="road"/>
    <tag k="speed_limit" v="5"/>
    <tag k="location" v="urban"/>
    <tag k="one_way" v="yes"/>
    <tag k="turn_direction" v="right"/>
  </relation>
  <relation id="24157">
    <member type="way" role="left" ref="24293"/>
    <member type="way" role="right" ref="24295"/>
    <tag k="type" v="lanelet"/>
    <tag k="subtype" v="road"/>
    <tag k="speed_limit" v="8"/>
    <tag k="location" v="urban"/>
    <tag k="one_way" v="yes"/>
    <tag k="turn_direction" v="straight"/>
  </relation>
  <relation id="24200">
    <member type="way" role="left" ref="24197"/>
    <member type="way" role="right" ref="24199"/>
    <tag k="type" v="lanelet"/>
    <tag k="subtype" v="road"/>
    <tag k="speed_limit" v="8"/>
    <tag k="location" v="urban"/>
    <tag k="one_way" v="yes"/>
    <tag k="turn_direction" v="straight"/>
  </relation>
  <relation id="24310">
    <member type="way" role="left" ref="41985"/>
    <member type="way" role="right" ref="41987"/>
    <tag k="type" v="lanelet"/>
    <tag k="subtype" v="road"/>
    <tag k="speed_limit" v="8"/>
    <tag k="location" v="urban"/>
    <tag k="one_way" v="yes"/>
    <tag k="turn_direction" v="left"/>
  </relation>
  <relation id="24354">
    <member type="way" role="left" ref="46793"/>
    <member type="way" role="right" ref="46795"/>
    <tag k="type" v="lanelet"/>
    <tag k="subtype" v="road"/>
    <tag k="speed_limit" v="8"/>
    <tag k="location" v="urban"/>
    <tag k="one_way" v="yes"/>
    <tag k="turn_direction" v="straight"/>
  </relation>
  <relation id="24357">
    <member type="way" role="left" ref="24355"/>
    <member type="way" role="right" ref="24356"/>
    <tag k="type" v="lanelet"/>
    <tag k="subtype" v="road"/>
    <tag k="speed_limit" v="8"/>
    <tag k="location" v="urban"/>
    <tag k="one_way" v="yes"/>
    <tag k="turn_direction" v="straight"/>
  </relation>
  <relation id="24555">
    <member type="way" role="left" ref="24582"/>
    <member type="way" role="right" ref="24583"/>
    <tag k="type" v="lanelet"/>
    <tag k="subtype" v="road"/>
    <tag k="speed_limit" v="8"/>
    <tag k="location" v="urban"/>
    <tag k="one_way" v="yes"/>
    <tag k="turn_direction" v="straight"/>
  </relation>
  <relation id="24607">
    <member type="way" role="left" ref="24605"/>
    <member type="way" role="right" ref="24606"/>
    <tag k="type" v="lanelet"/>
    <tag k="subtype" v="road"/>
    <tag k="speed_limit" v="8"/>
    <tag k="location" v="urban"/>
    <tag k="one_way" v="yes"/>
    <tag k="turn_direction" v="straight"/>
  </relation>
  <relation id="25042">
    <member type="way" role="left" ref="25242"/>
    <member type="way" role="right" ref="25244"/>
    <tag k="type" v="lanelet"/>
    <tag k="subtype" v="road"/>
    <tag k="speed_limit" v="8"/>
    <tag k="location" v="urban"/>
    <tag k="one_way" v="yes"/>
    <tag k="turn_direction" v="straight"/>
  </relation>
  <relation id="25088">
    <member type="way" role="left" ref="25086"/>
    <member type="way" role="right" ref="25087"/>
    <tag k="type" v="lanelet"/>
    <tag k="subtype" v="road"/>
    <tag k="speed_limit" v="8"/>
    <tag k="location" v="urban"/>
    <tag k="one_way" v="yes"/>
    <tag k="turn_direction" v="straight"/>
  </relation>
  <relation id="25194">
    <member type="way" role="left" ref="25227"/>
    <member type="way" role="right" ref="25228"/>
    <tag k="type" v="lanelet"/>
    <tag k="subtype" v="road"/>
    <tag k="speed_limit" v="5"/>
    <tag k="location" v="urban"/>
    <tag k="one_way" v="yes"/>
    <tag k="turn_direction" v="left"/>
  </relation>
  <relation id="25234">
    <member type="way" role="left" ref="46090"/>
    <member type="way" role="right" ref="46092"/>
    <tag k="type" v="lanelet"/>
    <tag k="subtype" v="road"/>
    <tag k="speed_limit" v="8"/>
    <tag k="location" v="urban"/>
    <tag k="one_way" v="yes"/>
    <tag k="turn_direction" v="straight"/>
  </relation>
  <relation id="25246">
    <member type="way" role="left" ref="25243"/>
    <member type="way" role="right" ref="25245"/>
    <tag k="type" v="lanelet"/>
    <tag k="subtype" v="road"/>
    <tag k="speed_limit" v="8"/>
    <tag k="location" v="urban"/>
    <tag k="one_way" v="yes"/>
    <tag k="turn_direction" v="left"/>
  </relation>
  <relation id="25389">
    <member type="way" role="left" ref="25386"/>
    <member type="way" role="right" ref="25388"/>
    <tag k="type" v="lanelet"/>
    <tag k="subtype" v="road"/>
    <tag k="speed_limit" v="8"/>
    <tag k="location" v="urban"/>
    <tag k="one_way" v="yes"/>
    <tag k="turn_direction" v="straight"/>
  </relation>
  <relation id="25396">
    <member type="way" role="left" ref="25394"/>
    <member type="way" role="right" ref="25395"/>
    <tag k="type" v="lanelet"/>
    <tag k="subtype" v="road"/>
    <tag k="speed_limit" v="8"/>
    <tag k="location" v="urban"/>
    <tag k="one_way" v="yes"/>
    <tag k="turn_direction" v="straight"/>
  </relation>
  <relation id="25408">
    <member type="way" role="left" ref="25409"/>
    <member type="way" role="right" ref="25410"/>
    <tag k="type" v="lanelet"/>
    <tag k="subtype" v="road"/>
    <tag k="speed_limit" v="8"/>
    <tag k="location" v="urban"/>
    <tag k="one_way" v="yes"/>
    <tag k="turn_direction" v="straight"/>
  </relation>
  <relation id="25413">
    <member type="way" role="left" ref="25411"/>
    <member type="way" role="right" ref="25412"/>
    <tag k="type" v="lanelet"/>
    <tag k="subtype" v="road"/>
    <tag k="speed_limit" v="8"/>
    <tag k="location" v="urban"/>
    <tag k="one_way" v="yes"/>
    <tag k="turn_direction" v="straight"/>
  </relation>
  <relation id="25422">
    <member type="way" role="left" ref="25747"/>
    <member type="way" role="right" ref="25748"/>
    <tag k="type" v="lanelet"/>
    <tag k="subtype" v="road"/>
    <tag k="speed_limit" v="8"/>
    <tag k="location" v="urban"/>
    <tag k="one_way" v="yes"/>
    <tag k="turn_direction" v="straight"/>
  </relation>
  <relation id="25713">
    <member type="way" role="left" ref="25710"/>
    <member type="way" role="right" ref="25712"/>
    <tag k="type" v="lanelet"/>
    <tag k="subtype" v="road"/>
    <tag k="speed_limit" v="8"/>
    <tag k="location" v="urban"/>
    <tag k="one_way" v="yes"/>
    <tag k="turn_direction" v="left"/>
  </relation>
  <relation id="25736">
    <member type="way" role="left" ref="25734"/>
    <member type="way" role="right" ref="25735"/>
    <tag k="type" v="lanelet"/>
    <tag k="subtype" v="road"/>
    <tag k="speed_limit" v="8"/>
    <tag k="location" v="urban"/>
    <tag k="one_way" v="yes"/>
    <tag k="turn_direction" v="left"/>
  </relation>
  <relation id="25891">
    <member type="way" role="left" ref="46836"/>
    <member type="way" role="right" ref="46837"/>
    <tag k="type" v="lanelet"/>
    <tag k="subtype" v="road"/>
    <tag k="speed_limit" v="8"/>
    <tag k="location" v="urban"/>
    <tag k="one_way" v="yes"/>
    <tag k="turn_direction" v="straight"/>
  </relation>
  <relation id="26139">
    <member type="way" role="left" ref="26169"/>
    <member type="way" role="right" ref="26170"/>
    <tag k="type" v="lanelet"/>
    <tag k="subtype" v="road"/>
    <tag k="speed_limit" v="8"/>
    <tag k="location" v="urban"/>
    <tag k="one_way" v="yes"/>
    <tag k="turn_direction" v="straight"/>
  </relation>
  <relation id="26259">
    <member type="way" role="left" ref="26254"/>
    <member type="way" role="right" ref="26255"/>
    <tag k="type" v="lanelet"/>
    <tag k="subtype" v="road"/>
    <tag k="speed_limit" v="8"/>
    <tag k="location" v="urban"/>
    <tag k="one_way" v="yes"/>
    <tag k="turn_direction" v="straight"/>
  </relation>
  <relation id="26387">
    <member type="way" role="left" ref="40636"/>
    <member type="way" role="right" ref="40638"/>
    <tag k="type" v="lanelet"/>
    <tag k="subtype" v="road"/>
    <tag k="speed_limit" v="5"/>
    <tag k="location" v="urban"/>
    <tag k="one_way" v="yes"/>
    <tag k="turn_direction" v="left"/>
  </relation>
  <relation id="26413">
    <member type="way" role="left" ref="40757"/>
    <member type="way" role="right" ref="40759"/>
    <tag k="type" v="lanelet"/>
    <tag k="subtype" v="road"/>
    <tag k="speed_limit" v="8"/>
    <tag k="location" v="urban"/>
    <tag k="one_way" v="yes"/>
    <tag k="turn_direction" v="straight"/>
  </relation>
  <relation id="26420">
    <member type="way" role="left" ref="26575"/>
    <member type="way" role="right" ref="26576"/>
    <tag k="type" v="lanelet"/>
    <tag k="subtype" v="road"/>
    <tag k="speed_limit" v="8"/>
    <tag k="location" v="urban"/>
    <tag k="one_way" v="yes"/>
    <tag k="turn_direction" v="straight"/>
  </relation>
  <relation id="26431">
    <member type="way" role="left" ref="26548"/>
    <member type="way" role="right" ref="26549"/>
    <tag k="type" v="lanelet"/>
    <tag k="subtype" v="road"/>
    <tag k="speed_limit" v="8"/>
    <tag k="location" v="urban"/>
    <tag k="one_way" v="yes"/>
    <tag k="turn_direction" v="straight"/>
  </relation>
  <relation id="26713">
    <member type="way" role="left" ref="46273"/>
    <member type="way" role="right" ref="46275"/>
    <tag k="type" v="lanelet"/>
    <tag k="subtype" v="road"/>
    <tag k="speed_limit" v="8"/>
    <tag k="location" v="urban"/>
    <tag k="one_way" v="yes"/>
    <tag k="turn_direction" v="straight"/>
  </relation>
  <relation id="27346">
    <member type="way" role="left" ref="27343"/>
    <member type="way" role="right" ref="27345"/>
    <tag k="type" v="lanelet"/>
    <tag k="subtype" v="road"/>
    <tag k="speed_limit" v="8"/>
    <tag k="location" v="urban"/>
    <tag k="one_way" v="yes"/>
    <tag k="turn_direction" v="left"/>
  </relation>
  <relation id="27488">
    <member type="way" role="left" ref="32843"/>
    <member type="way" role="right" ref="32845"/>
    <tag k="type" v="lanelet"/>
    <tag k="subtype" v="road"/>
    <tag k="speed_limit" v="8"/>
    <tag k="location" v="urban"/>
    <tag k="one_way" v="yes"/>
    <tag k="turn_direction" v="straight"/>
  </relation>
  <relation id="27670">
    <member type="way" role="left" ref="27668"/>
    <member type="way" role="right" ref="27669"/>
    <tag k="type" v="lanelet"/>
    <tag k="subtype" v="road"/>
    <tag k="speed_limit" v="8"/>
    <tag k="location" v="urban"/>
    <tag k="one_way" v="yes"/>
    <tag k="turn_direction" v="straight"/>
  </relation>
  <relation id="28094">
    <member type="way" role="left" ref="37884"/>
    <member type="way" role="right" ref="37886"/>
    <tag k="type" v="lanelet"/>
    <tag k="subtype" v="road"/>
    <tag k="speed_limit" v="8"/>
    <tag k="location" v="urban"/>
    <tag k="one_way" v="yes"/>
    <tag k="turn_direction" v="straight"/>
  </relation>
  <relation id="28276">
    <member type="way" role="left" ref="28274"/>
    <member type="way" role="right" ref="28275"/>
    <tag k="type" v="lanelet"/>
    <tag k="subtype" v="road"/>
    <tag k="speed_limit" v="8"/>
    <tag k="location" v="urban"/>
    <tag k="one_way" v="yes"/>
    <tag k="turn_direction" v="straight"/>
  </relation>
  <relation id="28289">
    <member type="way" role="left" ref="28287"/>
    <member type="way" role="right" ref="28288"/>
    <tag k="type" v="lanelet"/>
    <tag k="subtype" v="road"/>
    <tag k="speed_limit" v="8"/>
    <tag k="location" v="urban"/>
    <tag k="one_way" v="yes"/>
    <tag k="turn_direction" v="straight"/>
  </relation>
  <relation id="28325">
    <member type="way" role="left" ref="45189"/>
    <member type="way" role="right" ref="45191"/>
    <tag k="type" v="lanelet"/>
    <tag k="subtype" v="road"/>
    <tag k="speed_limit" v="8"/>
    <tag k="location" v="urban"/>
    <tag k="one_way" v="yes"/>
    <tag k="turn_direction" v="straight"/>
  </relation>
  <relation id="28651">
    <member type="way" role="left" ref="28649"/>
    <member type="way" role="right" ref="28650"/>
    <tag k="type" v="lanelet"/>
    <tag k="subtype" v="road"/>
    <tag k="speed_limit" v="8"/>
    <tag k="location" v="urban"/>
    <tag k="one_way" v="yes"/>
    <tag k="turn_direction" v="straight"/>
  </relation>
  <relation id="28709">
    <member type="way" role="left" ref="28707"/>
    <member type="way" role="right" ref="28708"/>
    <tag k="type" v="lanelet"/>
    <tag k="subtype" v="road"/>
    <tag k="speed_limit" v="8"/>
    <tag k="location" v="urban"/>
    <tag k="one_way" v="yes"/>
    <tag k="turn_direction" v="straight"/>
  </relation>
  <relation id="28712">
    <member type="way" role="left" ref="28710"/>
    <member type="way" role="right" ref="28711"/>
    <tag k="type" v="lanelet"/>
    <tag k="subtype" v="road"/>
    <tag k="speed_limit" v="8"/>
    <tag k="location" v="urban"/>
    <tag k="one_way" v="yes"/>
    <tag k="turn_direction" v="straight"/>
  </relation>
  <relation id="29371">
    <member type="way" role="left" ref="29369"/>
    <member type="way" role="right" ref="29370"/>
    <tag k="type" v="lanelet"/>
    <tag k="subtype" v="road"/>
    <tag k="speed_limit" v="8"/>
    <tag k="location" v="urban"/>
    <tag k="one_way" v="yes"/>
    <tag k="turn_direction" v="straight"/>
  </relation>
  <relation id="30026">
    <member type="way" role="left" ref="47244"/>
    <member type="way" role="right" ref="47245"/>
    <tag k="type" v="lanelet"/>
    <tag k="subtype" v="road"/>
    <tag k="speed_limit" v="8"/>
    <tag k="location" v="urban"/>
    <tag k="one_way" v="yes"/>
    <tag k="turn_direction" v="straight"/>
  </relation>
  <relation id="30960">
    <member type="way" role="left" ref="30958"/>
    <member type="way" role="right" ref="30959"/>
    <tag k="type" v="lanelet"/>
    <tag k="subtype" v="road"/>
    <tag k="speed_limit" v="8"/>
    <tag k="location" v="urban"/>
    <tag k="one_way" v="yes"/>
    <tag k="turn_direction" v="straight"/>
  </relation>
  <relation id="31450">
    <member type="way" role="left" ref="39198"/>
    <member type="way" role="right" ref="39199"/>
    <tag k="type" v="lanelet"/>
    <tag k="subtype" v="road"/>
    <tag k="speed_limit" v="8"/>
    <tag k="location" v="urban"/>
    <tag k="one_way" v="yes"/>
    <tag k="turn_direction" v="straight"/>
  </relation>
  <relation id="31827">
    <member type="way" role="left" ref="39341"/>
    <member type="way" role="right" ref="39342"/>
    <tag k="type" v="lanelet"/>
    <tag k="subtype" v="road"/>
    <tag k="speed_limit" v="5"/>
    <tag k="location" v="urban"/>
    <tag k="one_way" v="yes"/>
    <tag k="turn_direction" v="right"/>
  </relation>
  <relation id="31850">
    <member type="way" role="left" ref="31853"/>
    <member type="way" role="right" ref="31855"/>
    <tag k="type" v="lanelet"/>
    <tag k="subtype" v="road"/>
    <tag k="speed_limit" v="8"/>
    <tag k="location" v="urban"/>
    <tag k="one_way" v="yes"/>
    <tag k="turn_direction" v="straight"/>
  </relation>
  <relation id="31959">
    <member type="way" role="left" ref="32486"/>
    <member type="way" role="right" ref="32488"/>
    <tag k="type" v="lanelet"/>
    <tag k="subtype" v="road"/>
    <tag k="speed_limit" v="8"/>
    <tag k="location" v="urban"/>
    <tag k="one_way" v="yes"/>
    <tag k="turn_direction" v="straight"/>
  </relation>
  <relation id="32268">
    <member type="way" role="left" ref="32266"/>
    <member type="way" role="right" ref="32267"/>
    <tag k="type" v="lanelet"/>
    <tag k="subtype" v="road"/>
    <tag k="speed_limit" v="8"/>
    <tag k="location" v="urban"/>
    <tag k="one_way" v="yes"/>
    <tag k="turn_direction" v="straight"/>
  </relation>
  <relation id="32456">
    <member type="way" role="left" ref="32453"/>
    <member type="way" role="right" ref="32455"/>
    <tag k="type" v="lanelet"/>
    <tag k="subtype" v="road"/>
    <tag k="speed_limit" v="5"/>
    <tag k="location" v="urban"/>
    <tag k="one_way" v="yes"/>
    <tag k="turn_direction" v="right"/>
  </relation>
  <relation id="32483">
    <member type="way" role="left" ref="32507"/>
    <member type="way" role="right" ref="32509"/>
    <tag k="type" v="lanelet"/>
    <tag k="subtype" v="road"/>
    <tag k="speed_limit" v="8"/>
    <tag k="location" v="urban"/>
    <tag k="one_way" v="yes"/>
    <tag k="turn_direction" v="right"/>
  </relation>
  <relation id="32490">
    <member type="way" role="left" ref="32487"/>
    <member type="way" role="right" ref="32489"/>
    <tag k="type" v="lanelet"/>
    <tag k="subtype" v="road"/>
    <tag k="speed_limit" v="8"/>
    <tag k="location" v="urban"/>
    <tag k="one_way" v="yes"/>
    <tag k="turn_direction" v="straight"/>
  </relation>
  <relation id="32497">
    <member type="way" role="left" ref="32786"/>
    <member type="way" role="right" ref="32787"/>
    <tag k="type" v="lanelet"/>
    <tag k="subtype" v="road"/>
    <tag k="speed_limit" v="10"/>
    <tag k="location" v="urban"/>
    <tag k="one_way" v="yes"/>
    <tag k="turn_direction" v="straight"/>
  </relation>
  <relation id="32511">
    <member type="way" role="left" ref="32508"/>
    <member type="way" role="right" ref="32510"/>
    <tag k="type" v="lanelet"/>
    <tag k="subtype" v="road"/>
    <tag k="speed_limit" v="8"/>
    <tag k="location" v="urban"/>
    <tag k="one_way" v="yes"/>
    <tag k="turn_direction" v="straight"/>
  </relation>
  <relation id="32865">
    <member type="way" role="left" ref="48417"/>
    <member type="way" role="right" ref="48419"/>
    <tag k="type" v="lanelet"/>
    <tag k="subtype" v="road"/>
    <tag k="speed_limit" v="5"/>
    <tag k="location" v="urban"/>
    <tag k="one_way" v="yes"/>
    <tag k="turn_direction" v="left"/>
  </relation>
  <relation id="33089">
    <member type="way" role="left" ref="33286"/>
    <member type="way" role="right" ref="33288"/>
    <tag k="type" v="lanelet"/>
    <tag k="subtype" v="road"/>
    <tag k="speed_limit" v="8"/>
    <tag k="location" v="urban"/>
    <tag k="one_way" v="yes"/>
    <tag k="turn_direction" v="straight"/>
  </relation>
  <relation id="33118">
    <member type="way" role="left" ref="33116"/>
    <member type="way" role="right" ref="33117"/>
    <tag k="type" v="lanelet"/>
    <tag k="subtype" v="road"/>
    <tag k="speed_limit" v="5"/>
    <tag k="location" v="urban"/>
    <tag k="one_way" v="yes"/>
    <tag k="turn_direction" v="left"/>
  </relation>
  <relation id="33125">
    <member type="way" role="left" ref="33122"/>
    <member type="way" role="right" ref="33124"/>
    <tag k="type" v="lanelet"/>
    <tag k="subtype" v="road"/>
    <tag k="speed_limit" v="8"/>
    <tag k="location" v="urban"/>
    <tag k="one_way" v="yes"/>
    <tag k="turn_direction" v="straight"/>
  </relation>
  <relation id="33152">
    <member type="way" role="left" ref="33155"/>
    <member type="way" role="right" ref="33156"/>
    <tag k="type" v="lanelet"/>
    <tag k="subtype" v="road"/>
    <tag k="speed_limit" v="3"/>
    <tag k="location" v="urban"/>
    <tag k="one_way" v="yes"/>
    <tag k="turn_direction" v="right"/>
  </relation>
  <relation id="33159">
    <member type="way" role="left" ref="33157"/>
    <member type="way" role="right" ref="33158"/>
    <tag k="type" v="lanelet"/>
    <tag k="subtype" v="road"/>
    <tag k="speed_limit" v="8"/>
    <tag k="location" v="urban"/>
    <tag k="one_way" v="yes"/>
    <tag k="turn_direction" v="straight"/>
  </relation>
  <relation id="33168">
    <member type="way" role="left" ref="33166"/>
    <member type="way" role="right" ref="33167"/>
    <tag k="type" v="lanelet"/>
    <tag k="subtype" v="road"/>
    <tag k="speed_limit" v="8"/>
    <tag k="location" v="urban"/>
    <tag k="one_way" v="yes"/>
    <tag k="turn_direction" v="straight"/>
  </relation>
  <relation id="33171">
    <member type="way" role="left" ref="33169"/>
    <member type="way" role="right" ref="33170"/>
    <tag k="type" v="lanelet"/>
    <tag k="subtype" v="road"/>
    <tag k="speed_limit" v="8"/>
    <tag k="location" v="urban"/>
    <tag k="one_way" v="yes"/>
    <tag k="turn_direction" v="straight"/>
  </relation>
  <relation id="33192">
    <member type="way" role="left" ref="45270"/>
    <member type="way" role="right" ref="45272"/>
    <tag k="type" v="lanelet"/>
    <tag k="subtype" v="road"/>
    <tag k="speed_limit" v="8"/>
    <tag k="location" v="urban"/>
    <tag k="one_way" v="yes"/>
    <tag k="turn_direction" v="straight"/>
  </relation>
  <relation id="33232">
    <member type="way" role="left" ref="33230"/>
    <member type="way" role="right" ref="33231"/>
    <tag k="type" v="lanelet"/>
    <tag k="subtype" v="road"/>
    <tag k="speed_limit" v="5"/>
    <tag k="location" v="urban"/>
    <tag k="one_way" v="yes"/>
    <tag k="turn_direction" v="left"/>
  </relation>
  <relation id="33270">
    <member type="way" role="left" ref="33267"/>
    <member type="way" role="right" ref="33269"/>
    <tag k="type" v="lanelet"/>
    <tag k="subtype" v="road"/>
    <tag k="speed_limit" v="8"/>
    <tag k="location" v="urban"/>
    <tag k="one_way" v="yes"/>
    <tag k="turn_direction" v="straight"/>
  </relation>
  <relation id="33280">
    <member type="way" role="left" ref="33278"/>
    <member type="way" role="right" ref="33279"/>
    <tag k="type" v="lanelet"/>
    <tag k="subtype" v="road"/>
    <tag k="speed_limit" v="8"/>
    <tag k="location" v="urban"/>
    <tag k="one_way" v="yes"/>
    <tag k="turn_direction" v="straight"/>
  </relation>
  <relation id="33283">
    <member type="way" role="left" ref="33281"/>
    <member type="way" role="right" ref="33282"/>
    <tag k="type" v="lanelet"/>
    <tag k="subtype" v="road"/>
    <tag k="speed_limit" v="8"/>
    <tag k="location" v="urban"/>
    <tag k="one_way" v="yes"/>
    <tag k="turn_direction" v="straight"/>
  </relation>
  <relation id="33290">
    <member type="way" role="left" ref="33287"/>
    <member type="way" role="right" ref="33289"/>
    <tag k="type" v="lanelet"/>
    <tag k="subtype" v="road"/>
    <tag k="speed_limit" v="8"/>
    <tag k="location" v="urban"/>
    <tag k="one_way" v="yes"/>
    <tag k="turn_direction" v="straight"/>
  </relation>
  <relation id="33496">
    <member type="way" role="left" ref="33493"/>
    <member type="way" role="right" ref="33495"/>
    <tag k="type" v="lanelet"/>
    <tag k="subtype" v="road"/>
    <tag k="speed_limit" v="5"/>
    <tag k="location" v="urban"/>
    <tag k="one_way" v="yes"/>
    <tag k="turn_direction" v="left"/>
  </relation>
  <relation id="33708">
    <member type="way" role="left" ref="33740"/>
    <member type="way" role="right" ref="33741"/>
    <tag k="type" v="lanelet"/>
    <tag k="subtype" v="road"/>
    <tag k="speed_limit" v="5"/>
    <tag k="location" v="urban"/>
    <tag k="one_way" v="yes"/>
    <tag k="turn_direction" v="left"/>
  </relation>
  <relation id="33919">
    <member type="way" role="left" ref="42344"/>
    <member type="way" role="right" ref="42345"/>
    <tag k="type" v="lanelet"/>
    <tag k="subtype" v="road"/>
    <tag k="speed_limit" v="8"/>
    <tag k="location" v="urban"/>
    <tag k="one_way" v="yes"/>
    <tag k="turn_direction" v="straight"/>
  </relation>
  <relation id="34045">
    <member type="way" role="left" ref="39056"/>
    <member type="way" role="right" ref="39057"/>
    <tag k="type" v="lanelet"/>
    <tag k="subtype" v="road"/>
    <tag k="speed_limit" v="8"/>
    <tag k="location" v="urban"/>
    <tag k="one_way" v="yes"/>
    <tag k="turn_direction" v="straight"/>
  </relation>
  <relation id="34087">
    <member type="way" role="left" ref="39060"/>
    <member type="way" role="right" ref="39062"/>
    <tag k="type" v="lanelet"/>
    <tag k="subtype" v="road"/>
    <tag k="speed_limit" v="8"/>
    <tag k="location" v="urban"/>
    <tag k="one_way" v="yes"/>
    <tag k="turn_direction" v="right"/>
  </relation>
  <relation id="34426">
    <member type="way" role="left" ref="40442"/>
    <member type="way" role="right" ref="40444"/>
    <tag k="type" v="lanelet"/>
    <tag k="subtype" v="road"/>
    <tag k="speed_limit" v="8"/>
    <tag k="location" v="urban"/>
    <tag k="one_way" v="yes"/>
    <tag k="turn_direction" v="straight"/>
  </relation>
  <relation id="35105">
    <member type="way" role="left" ref="35102"/>
    <member type="way" role="right" ref="35104"/>
    <tag k="type" v="lanelet"/>
    <tag k="subtype" v="road"/>
    <tag k="speed_limit" v="8"/>
    <tag k="location" v="urban"/>
    <tag k="one_way" v="yes"/>
    <tag k="turn_direction" v="straight"/>
  </relation>
  <relation id="35339">
    <member type="way" role="left" ref="39003"/>
    <member type="way" role="right" ref="39004"/>
    <tag k="type" v="lanelet"/>
    <tag k="subtype" v="road"/>
    <tag k="speed_limit" v="8"/>
    <tag k="location" v="urban"/>
    <tag k="one_way" v="yes"/>
    <tag k="turn_direction" v="straight"/>
  </relation>
  <relation id="35346">
    <member type="way" role="left" ref="35343"/>
    <member type="way" role="right" ref="35345"/>
    <tag k="type" v="lanelet"/>
    <tag k="subtype" v="road"/>
    <tag k="speed_limit" v="8"/>
    <tag k="location" v="urban"/>
    <tag k="one_way" v="yes"/>
    <tag k="turn_direction" v="straight"/>
  </relation>
  <relation id="35353">
    <member type="way" role="left" ref="35413"/>
    <member type="way" role="right" ref="35414"/>
    <tag k="type" v="lanelet"/>
    <tag k="subtype" v="road"/>
    <tag k="speed_limit" v="8"/>
    <tag k="location" v="urban"/>
    <tag k="one_way" v="yes"/>
    <tag k="turn_direction" v="straight"/>
  </relation>
  <relation id="35624">
    <member type="way" role="left" ref="38535"/>
    <member type="way" role="right" ref="38536"/>
    <tag k="type" v="lanelet"/>
    <tag k="subtype" v="road"/>
    <tag k="speed_limit" v="8"/>
    <tag k="location" v="urban"/>
    <tag k="one_way" v="yes"/>
    <tag k="turn_direction" v="straight"/>
  </relation>
  <relation id="35641">
    <member type="way" role="left" ref="35652"/>
    <member type="way" role="right" ref="35653"/>
    <tag k="type" v="lanelet"/>
    <tag k="subtype" v="road"/>
    <tag k="speed_limit" v="8"/>
    <tag k="location" v="urban"/>
    <tag k="one_way" v="yes"/>
    <tag k="turn_direction" v="straight"/>
  </relation>
  <relation id="36296">
    <member type="way" role="left" ref="36299"/>
    <member type="way" role="right" ref="36301"/>
    <tag k="type" v="lanelet"/>
    <tag k="subtype" v="road"/>
    <tag k="speed_limit" v="8"/>
    <tag k="location" v="urban"/>
    <tag k="one_way" v="yes"/>
    <tag k="turn_direction" v="straight"/>
  </relation>
  <relation id="36875">
    <member type="way" role="left" ref="43848"/>
    <member type="way" role="right" ref="43850"/>
    <tag k="type" v="lanelet"/>
    <tag k="subtype" v="road"/>
    <tag k="speed_limit" v="8"/>
    <tag k="location" v="urban"/>
    <tag k="one_way" v="yes"/>
    <tag k="turn_direction" v="straight"/>
  </relation>
  <relation id="37118">
    <member type="way" role="left" ref="37131"/>
    <member type="way" role="right" ref="37132"/>
    <tag k="type" v="lanelet"/>
    <tag k="subtype" v="road"/>
    <tag k="speed_limit" v="8"/>
    <tag k="location" v="urban"/>
    <tag k="one_way" v="yes"/>
    <tag k="turn_direction" v="straight"/>
  </relation>
  <relation id="37888">
    <member type="way" role="left" ref="39367"/>
    <member type="way" role="right" ref="39369"/>
    <tag k="type" v="lanelet"/>
    <tag k="subtype" v="road"/>
    <tag k="speed_limit" v="8"/>
    <tag k="location" v="urban"/>
    <tag k="one_way" v="yes"/>
    <tag k="turn_direction" v="straight"/>
  </relation>
  <relation id="37927">
    <member type="way" role="left" ref="39207"/>
    <member type="way" role="right" ref="39209"/>
    <tag k="type" v="lanelet"/>
    <tag k="subtype" v="road"/>
    <tag k="speed_limit" v="6"/>
    <tag k="location" v="urban"/>
    <tag k="one_way" v="yes"/>
    <tag k="turn_direction" v="straight"/>
  </relation>
  <relation id="37934">
    <member type="way" role="left" ref="37932"/>
    <member type="way" role="right" ref="37933"/>
    <tag k="type" v="lanelet"/>
    <tag k="subtype" v="road"/>
    <tag k="speed_limit" v="6"/>
    <tag k="location" v="urban"/>
    <tag k="one_way" v="yes"/>
    <tag k="turn_direction" v="straight"/>
  </relation>
  <relation id="38056">
    <member type="way" role="left" ref="42848"/>
    <member type="way" role="right" ref="42850"/>
    <tag k="type" v="lanelet"/>
    <tag k="subtype" v="road"/>
    <tag k="speed_limit" v="8"/>
    <tag k="location" v="urban"/>
    <tag k="one_way" v="yes"/>
    <tag k="turn_direction" v="straight"/>
  </relation>
  <relation id="38074">
    <member type="way" role="left" ref="42841"/>
    <member type="way" role="right" ref="42843"/>
    <tag k="type" v="lanelet"/>
    <tag k="subtype" v="road"/>
    <tag k="speed_limit" v="8"/>
    <tag k="location" v="urban"/>
    <tag k="one_way" v="yes"/>
    <tag k="turn_direction" v="straight"/>
  </relation>
  <relation id="38199">
    <member type="way" role="left" ref="38196"/>
    <member type="way" role="right" ref="38198"/>
    <tag k="type" v="lanelet"/>
    <tag k="subtype" v="road"/>
    <tag k="speed_limit" v="5"/>
    <tag k="location" v="urban"/>
    <tag k="one_way" v="yes"/>
    <tag k="turn_direction" v="right"/>
  </relation>
  <relation id="38385">
    <member type="way" role="left" ref="38416"/>
    <member type="way" role="right" ref="38417"/>
    <tag k="type" v="lanelet"/>
    <tag k="subtype" v="road"/>
    <tag k="speed_limit" v="5"/>
    <tag k="location" v="urban"/>
    <tag k="one_way" v="yes"/>
    <tag k="turn_direction" v="right"/>
  </relation>
  <relation id="38438">
    <member type="way" role="left" ref="38491"/>
    <member type="way" role="right" ref="38492"/>
    <tag k="type" v="lanelet"/>
    <tag k="subtype" v="road"/>
    <tag k="speed_limit" v="8"/>
    <tag k="location" v="urban"/>
    <tag k="one_way" v="yes"/>
    <tag k="turn_direction" v="straight"/>
  </relation>
  <relation id="38531">
    <member type="way" role="left" ref="38680"/>
    <member type="way" role="right" ref="38682"/>
    <tag k="type" v="lanelet"/>
    <tag k="subtype" v="road"/>
    <tag k="speed_limit" v="8"/>
    <tag k="location" v="urban"/>
    <tag k="one_way" v="yes"/>
    <tag k="turn_direction" v="straight"/>
  </relation>
  <relation id="38881">
    <member type="way" role="left" ref="38916"/>
    <member type="way" role="right" ref="38917"/>
    <tag k="type" v="lanelet"/>
    <tag k="subtype" v="road"/>
    <tag k="speed_limit" v="8"/>
    <tag k="location" v="urban"/>
    <tag k="one_way" v="yes"/>
    <tag k="turn_direction" v="straight"/>
  </relation>
  <relation id="38912">
    <member type="way" role="left" ref="44317"/>
    <member type="way" role="right" ref="44319"/>
    <tag k="type" v="lanelet"/>
    <tag k="subtype" v="road"/>
    <tag k="speed_limit" v="8"/>
    <tag k="location" v="urban"/>
    <tag k="one_way" v="yes"/>
    <tag k="turn_direction" v="left"/>
  </relation>
  <relation id="39027">
    <member type="way" role="left" ref="39025"/>
    <member type="way" role="right" ref="39026"/>
    <tag k="type" v="lanelet"/>
    <tag k="subtype" v="road"/>
    <tag k="speed_limit" v="8"/>
    <tag k="location" v="urban"/>
    <tag k="one_way" v="yes"/>
    <tag k="turn_direction" v="right"/>
  </relation>
  <relation id="39083">
    <member type="way" role="left" ref="39081"/>
    <member type="way" role="right" ref="39082"/>
    <tag k="type" v="lanelet"/>
    <tag k="subtype" v="road"/>
    <tag k="speed_limit" v="8"/>
    <tag k="location" v="urban"/>
    <tag k="one_way" v="yes"/>
    <tag k="turn_direction" v="right"/>
  </relation>
  <relation id="39132">
    <member type="way" role="left" ref="39130"/>
    <member type="way" role="right" ref="39131"/>
    <tag k="type" v="lanelet"/>
    <tag k="subtype" v="road"/>
    <tag k="speed_limit" v="8"/>
    <tag k="location" v="urban"/>
    <tag k="one_way" v="yes"/>
    <tag k="turn_direction" v="right"/>
  </relation>
  <relation id="39337">
    <member type="way" role="left" ref="39335"/>
    <member type="way" role="right" ref="39336"/>
    <tag k="type" v="lanelet"/>
    <tag k="subtype" v="road"/>
    <tag k="speed_limit" v="5"/>
    <tag k="location" v="urban"/>
    <tag k="one_way" v="yes"/>
    <tag k="turn_direction" v="left"/>
  </relation>
  <relation id="40112">
    <member type="way" role="left" ref="40109"/>
    <member type="way" role="right" ref="40111"/>
    <tag k="type" v="lanelet"/>
    <tag k="subtype" v="road"/>
    <tag k="speed_limit" v="8"/>
    <tag k="location" v="urban"/>
    <tag k="one_way" v="yes"/>
    <tag k="turn_direction" v="straight"/>
  </relation>
  <relation id="40171">
    <member type="way" role="left" ref="40168"/>
    <member type="way" role="right" ref="40170"/>
    <tag k="type" v="lanelet"/>
    <tag k="subtype" v="road"/>
    <tag k="speed_limit" v="8"/>
    <tag k="location" v="urban"/>
    <tag k="one_way" v="yes"/>
    <tag k="turn_direction" v="right"/>
  </relation>
  <relation id="40202">
    <member type="way" role="left" ref="40200"/>
    <member type="way" role="right" ref="40201"/>
    <tag k="type" v="lanelet"/>
    <tag k="subtype" v="road"/>
    <tag k="speed_limit" v="8"/>
    <tag k="location" v="urban"/>
    <tag k="one_way" v="yes"/>
    <tag k="turn_direction" v="right"/>
  </relation>
  <relation id="40322">
    <member type="way" role="left" ref="40320"/>
    <member type="way" role="right" ref="40321"/>
    <tag k="type" v="lanelet"/>
    <tag k="subtype" v="road"/>
    <tag k="speed_limit" v="8"/>
    <tag k="location" v="urban"/>
    <tag k="one_way" v="yes"/>
    <tag k="turn_direction" v="straight"/>
  </relation>
  <relation id="40331">
    <member type="way" role="left" ref="40329"/>
    <member type="way" role="right" ref="40330"/>
    <tag k="type" v="lanelet"/>
    <tag k="subtype" v="road"/>
    <tag k="speed_limit" v="8"/>
    <tag k="location" v="urban"/>
    <tag k="one_way" v="yes"/>
    <tag k="turn_direction" v="straight"/>
  </relation>
  <relation id="40343">
    <member type="way" role="left" ref="42018"/>
    <member type="way" role="right" ref="42020"/>
    <tag k="type" v="lanelet"/>
    <tag k="subtype" v="road"/>
    <tag k="speed_limit" v="8"/>
    <tag k="location" v="urban"/>
    <tag k="one_way" v="yes"/>
    <tag k="turn_direction" v="straight"/>
  </relation>
  <relation id="40380">
    <member type="way" role="left" ref="40422"/>
    <member type="way" role="right" ref="40424"/>
    <tag k="type" v="lanelet"/>
    <tag k="subtype" v="road"/>
    <tag k="speed_limit" v="5"/>
    <tag k="location" v="urban"/>
    <tag k="one_way" v="yes"/>
    <tag k="turn_direction" v="right"/>
  </relation>
  <relation id="40419">
    <member type="way" role="left" ref="45417"/>
    <member type="way" role="right" ref="45418"/>
    <tag k="type" v="lanelet"/>
    <tag k="subtype" v="road"/>
    <tag k="speed_limit" v="5"/>
    <tag k="location" v="urban"/>
    <tag k="one_way" v="yes"/>
    <tag k="turn_direction" v="right"/>
  </relation>
  <relation id="40439">
    <member type="way" role="left" ref="40437"/>
    <member type="way" role="right" ref="40438"/>
    <tag k="type" v="lanelet"/>
    <tag k="subtype" v="road"/>
    <tag k="speed_limit" v="5"/>
    <tag k="location" v="urban"/>
    <tag k="one_way" v="yes"/>
    <tag k="turn_direction" v="right"/>
  </relation>
  <relation id="40469">
    <member type="way" role="left" ref="40467"/>
    <member type="way" role="right" ref="40468"/>
    <tag k="type" v="lanelet"/>
    <tag k="subtype" v="road"/>
    <tag k="speed_limit" v="8"/>
    <tag k="location" v="urban"/>
    <tag k="one_way" v="yes"/>
    <tag k="turn_direction" v="left"/>
  </relation>
  <relation id="40514">
    <member type="way" role="left" ref="40511"/>
    <member type="way" role="right" ref="40513"/>
    <tag k="type" v="lanelet"/>
    <tag k="subtype" v="road"/>
    <tag k="speed_limit" v="5"/>
    <tag k="location" v="urban"/>
    <tag k="one_way" v="yes"/>
    <tag k="turn_direction" v="right"/>
  </relation>
  <relation id="40596">
    <member type="way" role="left" ref="40593"/>
    <member type="way" role="right" ref="40595"/>
    <tag k="type" v="lanelet"/>
    <tag k="subtype" v="road"/>
    <tag k="speed_limit" v="8"/>
    <tag k="location" v="urban"/>
    <tag k="one_way" v="yes"/>
    <tag k="turn_direction" v="straight"/>
  </relation>
  <relation id="40754">
    <member type="way" role="left" ref="40864"/>
    <member type="way" role="right" ref="40865"/>
    <tag k="type" v="lanelet"/>
    <tag k="subtype" v="road"/>
    <tag k="speed_limit" v="5"/>
    <tag k="location" v="urban"/>
    <tag k="one_way" v="yes"/>
    <tag k="turn_direction" v="right"/>
  </relation>
  <relation id="40761">
    <member type="way" role="left" ref="40758"/>
    <member type="way" role="right" ref="40760"/>
    <tag k="type" v="lanelet"/>
    <tag k="subtype" v="road"/>
    <tag k="speed_limit" v="8"/>
    <tag k="location" v="urban"/>
    <tag k="one_way" v="yes"/>
    <tag k="turn_direction" v="straight"/>
  </relation>
  <relation id="40840">
    <member type="way" role="left" ref="40837"/>
    <member type="way" role="right" ref="40839"/>
    <tag k="type" v="lanelet"/>
    <tag k="subtype" v="road"/>
    <tag k="speed_limit" v="5"/>
    <tag k="location" v="urban"/>
    <tag k="one_way" v="yes"/>
    <tag k="turn_direction" v="right"/>
  </relation>
  <relation id="40853">
    <member type="way" role="left" ref="40851"/>
    <member type="way" role="right" ref="40852"/>
    <tag k="type" v="lanelet"/>
    <tag k="subtype" v="road"/>
    <tag k="speed_limit" v="5"/>
    <tag k="location" v="urban"/>
    <tag k="one_way" v="yes"/>
    <tag k="turn_direction" v="right"/>
  </relation>
  <relation id="40856">
    <member type="way" role="left" ref="40854"/>
    <member type="way" role="right" ref="40855"/>
    <tag k="type" v="lanelet"/>
    <tag k="subtype" v="road"/>
    <tag k="speed_limit" v="8"/>
    <tag k="location" v="urban"/>
    <tag k="one_way" v="yes"/>
    <tag k="turn_direction" v="straight"/>
  </relation>
  <relation id="40863">
    <member type="way" role="left" ref="40860"/>
    <member type="way" role="right" ref="40862"/>
    <tag k="type" v="lanelet"/>
    <tag k="subtype" v="road"/>
    <tag k="speed_limit" v="5"/>
    <tag k="location" v="urban"/>
    <tag k="one_way" v="yes"/>
    <tag k="turn_direction" v="right"/>
  </relation>
  <relation id="40880">
    <member type="way" role="left" ref="40878"/>
    <member type="way" role="right" ref="40879"/>
    <tag k="type" v="lanelet"/>
    <tag k="subtype" v="road"/>
    <tag k="speed_limit" v="5"/>
    <tag k="location" v="urban"/>
    <tag k="one_way" v="yes"/>
    <tag k="turn_direction" v="right"/>
  </relation>
  <relation id="41035">
    <member type="way" role="left" ref="41032"/>
    <member type="way" role="right" ref="41034"/>
    <tag k="type" v="lanelet"/>
    <tag k="subtype" v="road"/>
    <tag k="speed_limit" v="8"/>
    <tag k="location" v="urban"/>
    <tag k="one_way" v="yes"/>
    <tag k="turn_direction" v="straight"/>
  </relation>
  <relation id="41152">
    <member type="way" role="left" ref="41378"/>
    <member type="way" role="right" ref="41380"/>
    <tag k="type" v="lanelet"/>
    <tag k="subtype" v="road"/>
    <tag k="speed_limit" v="8"/>
    <tag k="location" v="urban"/>
    <tag k="one_way" v="yes"/>
    <tag k="turn_direction" v="left"/>
  </relation>
  <relation id="41165">
    <member type="way" role="left" ref="41163"/>
    <member type="way" role="right" ref="41164"/>
    <tag k="type" v="lanelet"/>
    <tag k="subtype" v="road"/>
    <tag k="speed_limit" v="8"/>
    <tag k="location" v="urban"/>
    <tag k="one_way" v="yes"/>
    <tag k="turn_direction" v="left"/>
  </relation>
  <relation id="41251">
    <member type="way" role="left" ref="41249"/>
    <member type="way" role="right" ref="41250"/>
    <tag k="type" v="lanelet"/>
    <tag k="subtype" v="road"/>
    <tag k="speed_limit" v="8"/>
    <tag k="location" v="urban"/>
    <tag k="one_way" v="yes"/>
    <tag k="turn_direction" v="straight"/>
  </relation>
  <relation id="41258">
    <member type="way" role="left" ref="41255"/>
    <member type="way" role="right" ref="41257"/>
    <tag k="type" v="lanelet"/>
    <tag k="subtype" v="road"/>
    <tag k="speed_limit" v="8"/>
    <tag k="location" v="urban"/>
    <tag k="one_way" v="yes"/>
    <tag k="turn_direction" v="straight"/>
  </relation>
  <relation id="41261">
    <member type="way" role="left" ref="43853"/>
    <member type="way" role="right" ref="43854"/>
    <tag k="type" v="lanelet"/>
    <tag k="subtype" v="road"/>
    <tag k="speed_limit" v="8"/>
    <tag k="location" v="urban"/>
    <tag k="one_way" v="yes"/>
    <tag k="turn_direction" v="straight"/>
  </relation>
  <relation id="41264">
    <member type="way" role="left" ref="41262"/>
    <member type="way" role="right" ref="41263"/>
    <tag k="type" v="lanelet"/>
    <tag k="subtype" v="road"/>
    <tag k="speed_limit" v="8"/>
    <tag k="location" v="urban"/>
    <tag k="one_way" v="yes"/>
  </relation>
  <relation id="41382">
    <member type="way" role="left" ref="41379"/>
    <member type="way" role="right" ref="41381"/>
    <tag k="type" v="lanelet"/>
    <tag k="subtype" v="road"/>
    <tag k="speed_limit" v="8"/>
    <tag k="location" v="urban"/>
    <tag k="one_way" v="yes"/>
    <tag k="turn_direction" v="right"/>
  </relation>
  <relation id="41400">
    <member type="way" role="left" ref="44853"/>
    <member type="way" role="right" ref="44854"/>
    <tag k="type" v="lanelet"/>
    <tag k="subtype" v="road"/>
    <tag k="speed_limit" v="8"/>
    <tag k="location" v="urban"/>
    <tag k="one_way" v="no"/>
    <tag k="turn_direction" v="straight"/>
  </relation>
  <relation id="41430">
    <member type="way" role="left" ref="41428"/>
    <member type="way" role="right" ref="41429"/>
    <tag k="type" v="lanelet"/>
    <tag k="subtype" v="road"/>
    <tag k="speed_limit" v="8"/>
    <tag k="location" v="urban"/>
    <tag k="one_way" v="yes"/>
    <tag k="turn_direction" v="right"/>
  </relation>
  <relation id="41449">
    <member type="way" role="left" ref="41447"/>
    <member type="way" role="right" ref="41448"/>
    <tag k="type" v="lanelet"/>
    <tag k="subtype" v="road"/>
    <tag k="speed_limit" v="8"/>
    <tag k="location" v="urban"/>
    <tag k="one_way" v="yes"/>
    <tag k="turn_direction" v="right"/>
  </relation>
  <relation id="41663">
    <member type="way" role="left" ref="41699"/>
    <member type="way" role="right" ref="41701"/>
    <tag k="type" v="lanelet"/>
    <tag k="subtype" v="road"/>
    <tag k="speed_limit" v="5"/>
    <tag k="location" v="urban"/>
    <tag k="one_way" v="yes"/>
    <tag k="turn_direction" v="right"/>
  </relation>
  <relation id="41678">
    <member type="way" role="left" ref="41676"/>
    <member type="way" role="right" ref="41677"/>
    <tag k="type" v="lanelet"/>
    <tag k="subtype" v="road"/>
    <tag k="speed_limit" v="5"/>
    <tag k="location" v="urban"/>
    <tag k="one_way" v="yes"/>
    <tag k="turn_direction" v="right"/>
  </relation>
  <relation id="41703">
    <member type="way" role="left" ref="41961"/>
    <member type="way" role="right" ref="41963"/>
    <tag k="type" v="lanelet"/>
    <tag k="subtype" v="road"/>
    <tag k="speed_limit" v="5"/>
    <tag k="location" v="urban"/>
    <tag k="one_way" v="yes"/>
    <tag k="turn_direction" v="right"/>
  </relation>
  <relation id="41722">
    <member type="way" role="left" ref="41725"/>
    <member type="way" role="right" ref="41727"/>
    <tag k="type" v="lanelet"/>
    <tag k="subtype" v="road"/>
    <tag k="speed_limit" v="8"/>
    <tag k="location" v="urban"/>
    <tag k="one_way" v="yes"/>
    <tag k="turn_direction" v="straight"/>
  </relation>
  <relation id="41729">
    <member type="way" role="left" ref="41726"/>
    <member type="way" role="right" ref="41728"/>
    <tag k="type" v="lanelet"/>
    <tag k="subtype" v="road"/>
    <tag k="speed_limit" v="5"/>
    <tag k="location" v="urban"/>
    <tag k="one_way" v="yes"/>
    <tag k="turn_direction" v="right"/>
  </relation>
  <relation id="41818">
    <member type="way" role="left" ref="41816"/>
    <member type="way" role="right" ref="41817"/>
    <tag k="type" v="lanelet"/>
    <tag k="subtype" v="road"/>
    <tag k="speed_limit" v="6"/>
    <tag k="location" v="urban"/>
    <tag k="one_way" v="yes"/>
    <tag k="turn_direction" v="right"/>
  </relation>
  <relation id="41837">
    <member type="way" role="left" ref="41835"/>
    <member type="way" role="right" ref="41836"/>
    <tag k="type" v="lanelet"/>
    <tag k="subtype" v="road"/>
    <tag k="speed_limit" v="5"/>
    <tag k="location" v="urban"/>
    <tag k="one_way" v="yes"/>
    <tag k="turn_direction" v="right"/>
  </relation>
  <relation id="41865">
    <member type="way" role="left" ref="41868"/>
    <member type="way" role="right" ref="41869"/>
    <tag k="type" v="lanelet"/>
    <tag k="subtype" v="road"/>
    <tag k="speed_limit" v="5"/>
    <tag k="location" v="urban"/>
    <tag k="one_way" v="yes"/>
    <tag k="turn_direction" v="right"/>
  </relation>
  <relation id="41915">
    <member type="way" role="left" ref="41913"/>
    <member type="way" role="right" ref="41914"/>
    <tag k="type" v="lanelet"/>
    <tag k="subtype" v="road"/>
    <tag k="speed_limit" v="8"/>
    <tag k="location" v="urban"/>
    <tag k="one_way" v="yes"/>
    <tag k="turn_direction" v="straight"/>
  </relation>
  <relation id="41958">
    <member type="way" role="left" ref="41955"/>
    <member type="way" role="right" ref="41957"/>
    <tag k="type" v="lanelet"/>
    <tag k="subtype" v="road"/>
    <tag k="speed_limit" v="8"/>
    <tag k="location" v="urban"/>
    <tag k="one_way" v="yes"/>
    <tag k="turn_direction" v="straight"/>
  </relation>
  <relation id="41980">
    <member type="way" role="left" ref="41978"/>
    <member type="way" role="right" ref="41979"/>
    <tag k="type" v="lanelet"/>
    <tag k="subtype" v="road"/>
    <tag k="speed_limit" v="5"/>
    <tag k="location" v="urban"/>
    <tag k="one_way" v="yes"/>
    <tag k="turn_direction" v="right"/>
  </relation>
  <relation id="41989">
    <member type="way" role="left" ref="46777"/>
    <member type="way" role="right" ref="46779"/>
    <tag k="type" v="lanelet"/>
    <tag k="subtype" v="road"/>
    <tag k="speed_limit" v="5"/>
    <tag k="location" v="urban"/>
    <tag k="one_way" v="yes"/>
    <tag k="turn_direction" v="left"/>
  </relation>
  <relation id="42039">
    <member type="way" role="left" ref="49080"/>
    <member type="way" role="right" ref="49081"/>
    <tag k="type" v="lanelet"/>
    <tag k="subtype" v="road"/>
    <tag k="speed_limit" v="5"/>
    <tag k="location" v="urban"/>
    <tag k="one_way" v="yes"/>
    <tag k="turn_direction" v="left"/>
  </relation>
  <relation id="42120">
    <member type="way" role="left" ref="42118"/>
    <member type="way" role="right" ref="42119"/>
    <tag k="type" v="lanelet"/>
    <tag k="subtype" v="road"/>
    <tag k="speed_limit" v="5"/>
    <tag k="location" v="urban"/>
    <tag k="one_way" v="yes"/>
    <tag k="turn_direction" v="right"/>
  </relation>
  <relation id="42147">
    <member type="way" role="left" ref="42146"/>
    <member type="way" role="right" ref="42143"/>
    <tag k="type" v="lanelet"/>
    <tag k="subtype" v="road"/>
    <tag k="speed_limit" v="5"/>
    <tag k="location" v="urban"/>
    <tag k="one_way" v="yes"/>
    <tag k="turn_direction" v="straight"/>
  </relation>
  <relation id="42168">
    <member type="way" role="left" ref="42166"/>
    <member type="way" role="right" ref="42167"/>
    <tag k="type" v="lanelet"/>
    <tag k="subtype" v="road"/>
    <tag k="speed_limit" v="5"/>
    <tag k="location" v="urban"/>
    <tag k="one_way" v="yes"/>
    <tag k="turn_direction" v="right"/>
  </relation>
  <relation id="42186">
    <member type="way" role="left" ref="42192"/>
    <member type="way" role="right" ref="42193"/>
    <tag k="type" v="lanelet"/>
    <tag k="subtype" v="road"/>
    <tag k="speed_limit" v="5"/>
    <tag k="location" v="urban"/>
    <tag k="one_way" v="yes"/>
    <tag k="turn_direction" v="left"/>
  </relation>
  <relation id="42196">
    <member type="way" role="left" ref="42194"/>
    <member type="way" role="right" ref="42195"/>
    <tag k="type" v="lanelet"/>
    <tag k="subtype" v="road"/>
    <tag k="speed_limit" v="5"/>
    <tag k="location" v="urban"/>
    <tag k="one_way" v="yes"/>
    <tag k="turn_direction" v="right"/>
  </relation>
  <relation id="42244">
    <member type="way" role="left" ref="42242"/>
    <member type="way" role="right" ref="42243"/>
    <tag k="type" v="lanelet"/>
    <tag k="subtype" v="road"/>
    <tag k="speed_limit" v="5"/>
    <tag k="location" v="urban"/>
    <tag k="one_way" v="yes"/>
    <tag k="turn_direction" v="right"/>
  </relation>
  <relation id="42331">
    <member type="way" role="left" ref="42329"/>
    <member type="way" role="right" ref="42330"/>
    <tag k="type" v="lanelet"/>
    <tag k="subtype" v="road"/>
    <tag k="speed_limit" v="8"/>
    <tag k="location" v="urban"/>
    <tag k="one_way" v="yes"/>
    <tag k="turn_direction" v="straight"/>
  </relation>
  <relation id="42609">
    <member type="way" role="left" ref="48781"/>
    <member type="way" role="right" ref="48782"/>
    <tag k="type" v="lanelet"/>
    <tag k="subtype" v="road"/>
    <tag k="speed_limit" v="6"/>
    <tag k="location" v="urban"/>
    <tag k="one_way" v="yes"/>
    <tag k="turn_direction" v="right"/>
  </relation>
  <relation id="42633">
    <member type="way" role="left" ref="42631"/>
    <member type="way" role="right" ref="42632"/>
    <tag k="type" v="lanelet"/>
    <tag k="subtype" v="road"/>
    <tag k="speed_limit" v="8"/>
    <tag k="location" v="urban"/>
    <tag k="one_way" v="yes"/>
    <tag k="turn_direction" v="straight"/>
  </relation>
  <relation id="42845">
    <member type="way" role="left" ref="42842"/>
    <member type="way" role="right" ref="42844"/>
    <tag k="type" v="lanelet"/>
    <tag k="subtype" v="road"/>
    <tag k="speed_limit" v="8"/>
    <tag k="location" v="urban"/>
    <tag k="one_way" v="yes"/>
    <tag k="turn_direction" v="straight"/>
  </relation>
  <relation id="42852">
    <member type="way" role="left" ref="42849"/>
    <member type="way" role="right" ref="42851"/>
    <tag k="type" v="lanelet"/>
    <tag k="subtype" v="road"/>
    <tag k="speed_limit" v="8"/>
    <tag k="location" v="urban"/>
    <tag k="one_way" v="yes"/>
    <tag k="turn_direction" v="straight"/>
  </relation>
  <relation id="42866">
    <member type="way" role="left" ref="48216"/>
    <member type="way" role="right" ref="48218"/>
    <tag k="type" v="lanelet"/>
    <tag k="subtype" v="road"/>
    <tag k="speed_limit" v="8"/>
    <tag k="location" v="urban"/>
    <tag k="one_way" v="yes"/>
    <tag k="turn_direction" v="straight"/>
  </relation>
  <relation id="43018">
    <member type="way" role="left" ref="43016"/>
    <member type="way" role="right" ref="43017"/>
    <tag k="type" v="lanelet"/>
    <tag k="subtype" v="road"/>
    <tag k="speed_limit" v="8"/>
    <tag k="location" v="urban"/>
    <tag k="one_way" v="yes"/>
    <tag k="turn_direction" v="straight"/>
  </relation>
  <relation id="43235">
    <member type="way" role="left" ref="43233"/>
    <member type="way" role="right" ref="43234"/>
    <tag k="type" v="lanelet"/>
    <tag k="subtype" v="road"/>
    <tag k="speed_limit" v="8"/>
    <tag k="location" v="urban"/>
    <tag k="one_way" v="yes"/>
    <tag k="turn_direction" v="left"/>
  </relation>
  <relation id="43242">
    <member type="way" role="left" ref="43241"/>
    <member type="way" role="right" ref="43238"/>
    <tag k="type" v="lanelet"/>
    <tag k="subtype" v="road"/>
    <tag k="speed_limit" v="8"/>
    <tag k="location" v="urban"/>
    <tag k="one_way" v="yes"/>
    <tag k="turn_direction" v="left"/>
  </relation>
  <relation id="43252">
    <member type="way" role="left" ref="43250"/>
    <member type="way" role="right" ref="43251"/>
    <tag k="type" v="lanelet"/>
    <tag k="subtype" v="road"/>
    <tag k="speed_limit" v="8"/>
    <tag k="location" v="urban"/>
    <tag k="one_way" v="yes"/>
    <tag k="turn_direction" v="left"/>
  </relation>
  <relation id="43255">
    <member type="way" role="left" ref="43253"/>
    <member type="way" role="right" ref="43254"/>
    <tag k="type" v="lanelet"/>
    <tag k="subtype" v="road"/>
    <tag k="speed_limit" v="8"/>
    <tag k="location" v="urban"/>
    <tag k="one_way" v="yes"/>
    <tag k="turn_direction" v="right"/>
  </relation>
  <relation id="43262">
    <member type="way" role="left" ref="43259"/>
    <member type="way" role="right" ref="43261"/>
    <tag k="type" v="lanelet"/>
    <tag k="subtype" v="road"/>
    <tag k="speed_limit" v="8"/>
    <tag k="location" v="urban"/>
    <tag k="one_way" v="yes"/>
    <tag k="turn_direction" v="right"/>
  </relation>
  <relation id="43289">
    <member type="way" role="left" ref="43287"/>
    <member type="way" role="right" ref="43288"/>
    <tag k="type" v="lanelet"/>
    <tag k="subtype" v="road"/>
    <tag k="speed_limit" v="8"/>
    <tag k="location" v="urban"/>
    <tag k="one_way" v="yes"/>
    <tag k="turn_direction" v="straight"/>
  </relation>
  <relation id="43292">
    <member type="way" role="left" ref="43290"/>
    <member type="way" role="right" ref="43291"/>
    <tag k="type" v="lanelet"/>
    <tag k="subtype" v="road"/>
    <tag k="speed_limit" v="8"/>
    <tag k="location" v="urban"/>
    <tag k="one_way" v="yes"/>
    <tag k="turn_direction" v="straight"/>
  </relation>
  <relation id="43353">
    <member type="way" role="left" ref="43351"/>
    <member type="way" role="right" ref="43352"/>
    <tag k="type" v="lanelet"/>
    <tag k="subtype" v="road"/>
    <tag k="speed_limit" v="8"/>
    <tag k="location" v="urban"/>
    <tag k="one_way" v="yes"/>
    <tag k="turn_direction" v="straight"/>
  </relation>
  <relation id="43395">
    <member type="way" role="left" ref="43393"/>
    <member type="way" role="right" ref="43394"/>
    <tag k="type" v="lanelet"/>
    <tag k="subtype" v="road"/>
    <tag k="speed_limit" v="8"/>
    <tag k="location" v="urban"/>
    <tag k="one_way" v="yes"/>
    <tag k="turn_direction" v="straight"/>
  </relation>
  <relation id="43748">
    <member type="way" role="left" ref="45525"/>
    <member type="way" role="right" ref="45526"/>
    <tag k="type" v="lanelet"/>
    <tag k="subtype" v="road"/>
    <tag k="speed_limit" v="8"/>
    <tag k="location" v="urban"/>
    <tag k="one_way" v="yes"/>
    <tag k="turn_direction" v="straight"/>
  </relation>
  <relation id="43821">
    <member type="way" role="left" ref="43825"/>
    <member type="way" role="right" ref="43826"/>
    <tag k="type" v="lanelet"/>
    <tag k="subtype" v="road"/>
    <tag k="speed_limit" v="8"/>
    <tag k="location" v="urban"/>
    <tag k="one_way" v="no"/>
    <tag k="turn_direction" v="straight"/>
  </relation>
  <relation id="43833">
    <member type="way" role="left" ref="43844"/>
    <member type="way" role="right" ref="43845"/>
    <tag k="type" v="lanelet"/>
    <tag k="subtype" v="road"/>
    <tag k="speed_limit" v="8"/>
    <tag k="location" v="urban"/>
    <tag k="one_way" v="yes"/>
    <tag k="turn_direction" v="straight"/>
  </relation>
  <relation id="43840">
    <member type="way" role="left" ref="43837"/>
    <member type="way" role="right" ref="43839"/>
    <tag k="type" v="lanelet"/>
    <tag k="subtype" v="road"/>
    <tag k="speed_limit" v="5"/>
    <tag k="location" v="urban"/>
    <tag k="one_way" v="yes"/>
    <tag k="turn_direction" v="left"/>
  </relation>
  <relation id="43852">
    <member type="way" role="left" ref="43849"/>
    <member type="way" role="right" ref="43851"/>
    <tag k="type" v="lanelet"/>
    <tag k="subtype" v="road"/>
    <tag k="speed_limit" v="8"/>
    <tag k="location" v="urban"/>
    <tag k="one_way" v="yes"/>
    <tag k="turn_direction" v="straight"/>
  </relation>
  <relation id="43872">
    <member type="way" role="left" ref="43870"/>
    <member type="way" role="right" ref="43871"/>
    <tag k="type" v="lanelet"/>
    <tag k="subtype" v="road"/>
    <tag k="speed_limit" v="8"/>
    <tag k="location" v="urban"/>
    <tag k="one_way" v="yes"/>
    <tag k="turn_direction" v="straight"/>
  </relation>
  <relation id="43891">
    <member type="way" role="left" ref="43888"/>
    <member type="way" role="right" ref="43890"/>
    <tag k="type" v="lanelet"/>
    <tag k="subtype" v="road"/>
    <tag k="speed_limit" v="6"/>
    <tag k="location" v="urban"/>
    <tag k="one_way" v="yes"/>
    <tag k="turn_direction" v="right"/>
  </relation>
  <relation id="43894">
    <member type="way" role="left" ref="43892"/>
    <member type="way" role="right" ref="43893"/>
    <tag k="type" v="lanelet"/>
    <tag k="subtype" v="road"/>
    <tag k="speed_limit" v="5"/>
    <tag k="location" v="urban"/>
    <tag k="one_way" v="yes"/>
    <tag k="turn_direction" v="right"/>
  </relation>
  <relation id="43949">
    <member type="way" role="left" ref="44343"/>
    <member type="way" role="right" ref="44345"/>
    <tag k="type" v="lanelet"/>
    <tag k="subtype" v="road"/>
    <tag k="speed_limit" v="5"/>
    <tag k="location" v="urban"/>
    <tag k="one_way" v="yes"/>
    <tag k="turn_direction" v="right"/>
  </relation>
  <relation id="44182">
    <member type="way" role="left" ref="44181"/>
    <member type="way" role="right" ref="44178"/>
    <tag k="type" v="lanelet"/>
    <tag k="subtype" v="road"/>
    <tag k="speed_limit" v="8"/>
    <tag k="location" v="urban"/>
    <tag k="one_way" v="yes"/>
    <tag k="turn_direction" v="straight"/>
  </relation>
  <relation id="44254">
    <member type="way" role="left" ref="44252"/>
    <member type="way" role="right" ref="44253"/>
    <tag k="type" v="lanelet"/>
    <tag k="subtype" v="road"/>
    <tag k="speed_limit" v="8"/>
    <tag k="location" v="urban"/>
    <tag k="one_way" v="yes"/>
    <tag k="turn_direction" v="straight"/>
  </relation>
  <relation id="44268">
    <member type="way" role="left" ref="44281"/>
    <member type="way" role="right" ref="44283"/>
    <tag k="type" v="lanelet"/>
    <tag k="subtype" v="road"/>
    <tag k="speed_limit" v="8"/>
    <tag k="location" v="urban"/>
    <tag k="one_way" v="yes"/>
    <tag k="turn_direction" v="straight"/>
  </relation>
  <relation id="44271">
    <member type="way" role="left" ref="44269"/>
    <member type="way" role="right" ref="44270"/>
    <tag k="type" v="lanelet"/>
    <tag k="subtype" v="road"/>
    <tag k="speed_limit" v="8"/>
    <tag k="location" v="urban"/>
    <tag k="one_way" v="yes"/>
    <tag k="turn_direction" v="straight"/>
  </relation>
  <relation id="44307">
    <member type="way" role="left" ref="44313"/>
    <member type="way" role="right" ref="44314"/>
    <tag k="type" v="lanelet"/>
    <tag k="subtype" v="road"/>
    <tag k="speed_limit" v="5"/>
    <tag k="location" v="urban"/>
    <tag k="one_way" v="yes"/>
    <tag k="turn_direction" v="right"/>
  </relation>
  <relation id="44321">
    <member type="way" role="left" ref="44318"/>
    <member type="way" role="right" ref="44320"/>
    <tag k="type" v="lanelet"/>
    <tag k="subtype" v="road"/>
    <tag k="speed_limit" v="8"/>
    <tag k="location" v="urban"/>
    <tag k="one_way" v="yes"/>
    <tag k="turn_direction" v="left"/>
  </relation>
  <relation id="44328">
    <member type="way" role="left" ref="44325"/>
    <member type="way" role="right" ref="44327"/>
    <tag k="type" v="lanelet"/>
    <tag k="subtype" v="road"/>
    <tag k="speed_limit" v="5"/>
    <tag k="location" v="urban"/>
    <tag k="one_way" v="yes"/>
    <tag k="turn_direction" v="left"/>
  </relation>
  <relation id="44340">
    <member type="way" role="left" ref="44337"/>
    <member type="way" role="right" ref="44339"/>
    <tag k="type" v="lanelet"/>
    <tag k="subtype" v="road"/>
    <tag k="speed_limit" v="5"/>
    <tag k="location" v="urban"/>
    <tag k="one_way" v="yes"/>
    <tag k="turn_direction" v="left"/>
  </relation>
  <relation id="44347">
    <member type="way" role="left" ref="44344"/>
    <member type="way" role="right" ref="44346"/>
    <tag k="type" v="lanelet"/>
    <tag k="subtype" v="road"/>
    <tag k="speed_limit" v="5"/>
    <tag k="location" v="urban"/>
    <tag k="one_way" v="yes"/>
    <tag k="turn_direction" v="right"/>
  </relation>
  <relation id="44375">
    <member type="way" role="left" ref="46560"/>
    <member type="way" role="right" ref="46561"/>
    <tag k="type" v="lanelet"/>
    <tag k="subtype" v="road"/>
    <tag k="speed_limit" v="5"/>
    <tag k="location" v="urban"/>
    <tag k="one_way" v="yes"/>
    <tag k="turn_direction" v="left"/>
  </relation>
  <relation id="44399">
    <member type="way" role="left" ref="44397"/>
    <member type="way" role="right" ref="44398"/>
    <tag k="type" v="lanelet"/>
    <tag k="subtype" v="road"/>
    <tag k="speed_limit" v="8"/>
    <tag k="location" v="urban"/>
    <tag k="one_way" v="yes"/>
    <tag k="turn_direction" v="straight"/>
  </relation>
  <relation id="44454">
    <member type="way" role="left" ref="44451"/>
    <member type="way" role="right" ref="44453"/>
    <tag k="type" v="lanelet"/>
    <tag k="subtype" v="road"/>
    <tag k="speed_limit" v="8"/>
    <tag k="location" v="urban"/>
    <tag k="one_way" v="yes"/>
    <tag k="turn_direction" v="straight"/>
  </relation>
  <relation id="44469">
    <member type="way" role="left" ref="44472"/>
    <member type="way" role="right" ref="44474"/>
    <tag k="type" v="lanelet"/>
    <tag k="subtype" v="road"/>
    <tag k="speed_limit" v="8"/>
    <tag k="location" v="urban"/>
    <tag k="one_way" v="yes"/>
    <tag k="turn_direction" v="right"/>
  </relation>
  <relation id="44476">
    <member type="way" role="left" ref="44473"/>
    <member type="way" role="right" ref="44475"/>
    <tag k="type" v="lanelet"/>
    <tag k="subtype" v="road"/>
    <tag k="speed_limit" v="8"/>
    <tag k="location" v="urban"/>
    <tag k="one_way" v="yes"/>
    <tag k="turn_direction" v="right"/>
  </relation>
  <relation id="44490">
    <member type="way" role="left" ref="44487"/>
    <member type="way" role="right" ref="44489"/>
    <tag k="type" v="lanelet"/>
    <tag k="subtype" v="road"/>
    <tag k="speed_limit" v="5"/>
    <tag k="location" v="urban"/>
    <tag k="one_way" v="yes"/>
    <tag k="turn_direction" v="left"/>
  </relation>
  <relation id="44509">
    <member type="way" role="left" ref="44507"/>
    <member type="way" role="right" ref="44508"/>
    <tag k="type" v="lanelet"/>
    <tag k="subtype" v="road"/>
    <tag k="speed_limit" v="5"/>
    <tag k="location" v="urban"/>
    <tag k="one_way" v="yes"/>
    <tag k="turn_direction" v="left"/>
  </relation>
  <relation id="44537">
    <member type="way" role="left" ref="44536"/>
    <member type="way" role="right" ref="44533"/>
    <tag k="type" v="lanelet"/>
    <tag k="subtype" v="road"/>
    <tag k="speed_limit" v="5"/>
    <tag k="location" v="urban"/>
    <tag k="one_way" v="yes"/>
    <tag k="turn_direction" v="right"/>
  </relation>
  <relation id="44546">
    <member type="way" role="left" ref="44544"/>
    <member type="way" role="right" ref="44545"/>
    <tag k="type" v="lanelet"/>
    <tag k="subtype" v="road"/>
    <tag k="speed_limit" v="5"/>
    <tag k="location" v="urban"/>
    <tag k="one_way" v="yes"/>
    <tag k="turn_direction" v="right"/>
  </relation>
  <relation id="44561">
    <member type="way" role="left" ref="44559"/>
    <member type="way" role="right" ref="44560"/>
    <tag k="type" v="lanelet"/>
    <tag k="subtype" v="road"/>
    <tag k="speed_limit" v="5"/>
    <tag k="location" v="urban"/>
    <tag k="one_way" v="yes"/>
    <tag k="turn_direction" v="right"/>
  </relation>
  <relation id="44568">
    <member type="way" role="left" ref="44671"/>
    <member type="way" role="right" ref="44672"/>
    <tag k="type" v="lanelet"/>
    <tag k="subtype" v="road"/>
    <tag k="speed_limit" v="8"/>
    <tag k="location" v="urban"/>
    <tag k="one_way" v="yes"/>
    <tag k="turn_direction" v="straight"/>
  </relation>
  <relation id="44575">
    <member type="way" role="left" ref="44574"/>
    <member type="way" role="right" ref="44571"/>
    <tag k="type" v="lanelet"/>
    <tag k="subtype" v="road"/>
    <tag k="speed_limit" v="5"/>
    <tag k="location" v="urban"/>
    <tag k="one_way" v="yes"/>
    <tag k="turn_direction" v="right"/>
  </relation>
  <relation id="44594">
    <member type="way" role="left" ref="44592"/>
    <member type="way" role="right" ref="44593"/>
    <tag k="type" v="lanelet"/>
    <tag k="subtype" v="road"/>
    <tag k="speed_limit" v="5"/>
    <tag k="location" v="urban"/>
    <tag k="one_way" v="yes"/>
    <tag k="turn_direction" v="right"/>
  </relation>
  <relation id="44609">
    <member type="way" role="left" ref="44607"/>
    <member type="way" role="right" ref="44608"/>
    <tag k="type" v="lanelet"/>
    <tag k="subtype" v="road"/>
    <tag k="speed_limit" v="5"/>
    <tag k="location" v="urban"/>
    <tag k="one_way" v="yes"/>
    <tag k="turn_direction" v="right"/>
  </relation>
  <relation id="44670">
    <member type="way" role="left" ref="44667"/>
    <member type="way" role="right" ref="44669"/>
    <tag k="type" v="lanelet"/>
    <tag k="subtype" v="road"/>
    <tag k="speed_limit" v="8"/>
    <tag k="location" v="urban"/>
    <tag k="one_way" v="yes"/>
    <tag k="turn_direction" v="straight"/>
  </relation>
  <relation id="44698">
    <member type="way" role="left" ref="44696"/>
    <member type="way" role="right" ref="44697"/>
    <tag k="type" v="lanelet"/>
    <tag k="subtype" v="road"/>
    <tag k="speed_limit" v="5"/>
    <tag k="location" v="urban"/>
    <tag k="one_way" v="yes"/>
    <tag k="turn_direction" v="right"/>
  </relation>
  <relation id="44734">
    <member type="way" role="left" ref="44732"/>
    <member type="way" role="right" ref="44733"/>
    <tag k="type" v="lanelet"/>
    <tag k="subtype" v="road"/>
    <tag k="speed_limit" v="8"/>
    <tag k="location" v="urban"/>
    <tag k="one_way" v="yes"/>
    <tag k="turn_direction" v="straight"/>
  </relation>
  <relation id="44852">
    <member type="way" role="left" ref="44849"/>
    <member type="way" role="right" ref="44851"/>
    <tag k="type" v="lanelet"/>
    <tag k="subtype" v="road"/>
    <tag k="speed_limit" v="5"/>
    <tag k="location" v="urban"/>
    <tag k="one_way" v="yes"/>
    <tag k="turn_direction" v="left"/>
  </relation>
  <relation id="44896">
    <member type="way" role="left" ref="44892"/>
    <member type="way" role="right" ref="44893"/>
    <tag k="type" v="lanelet"/>
    <tag k="subtype" v="road"/>
    <tag k="speed_limit" v="3"/>
    <tag k="location" v="urban"/>
    <tag k="one_way" v="yes"/>
    <tag k="turn_direction" v="left"/>
  </relation>
  <relation id="44897">
    <member type="way" role="left" ref="44894"/>
    <member type="way" role="right" ref="44895"/>
    <tag k="type" v="lanelet"/>
    <tag k="subtype" v="road"/>
    <tag k="speed_limit" v="3"/>
    <tag k="location" v="urban"/>
    <tag k="one_way" v="yes"/>
    <tag k="turn_direction" v="left"/>
  </relation>
  <relation id="44904">
    <member type="way" role="left" ref="44901"/>
    <member type="way" role="right" ref="44903"/>
    <tag k="type" v="lanelet"/>
    <tag k="subtype" v="road"/>
    <tag k="speed_limit" v="8"/>
    <tag k="location" v="urban"/>
    <tag k="one_way" v="yes"/>
    <tag k="turn_direction" v="straight"/>
  </relation>
  <relation id="44920">
    <member type="way" role="left" ref="44918"/>
    <member type="way" role="right" ref="44919"/>
    <tag k="type" v="lanelet"/>
    <tag k="subtype" v="road"/>
    <tag k="speed_limit" v="4"/>
    <tag k="location" v="urban"/>
    <tag k="one_way" v="yes"/>
    <tag k="turn_direction" v="left"/>
  </relation>
  <relation id="44929">
    <member type="way" role="left" ref="44927"/>
    <member type="way" role="right" ref="44928"/>
    <tag k="type" v="lanelet"/>
    <tag k="subtype" v="road"/>
    <tag k="speed_limit" v="8"/>
    <tag k="location" v="urban"/>
    <tag k="one_way" v="yes"/>
    <tag k="turn_direction" v="straight"/>
  </relation>
  <relation id="45033">
    <member type="way" role="left" ref="48388"/>
    <member type="way" role="right" ref="48390"/>
    <tag k="type" v="lanelet"/>
    <tag k="subtype" v="road"/>
    <tag k="speed_limit" v="8"/>
    <tag k="location" v="urban"/>
    <tag k="one_way" v="yes"/>
    <tag k="turn_direction" v="straight"/>
  </relation>
  <relation id="45084">
    <member type="way" role="left" ref="45280"/>
    <member type="way" role="right" ref="45282"/>
    <tag k="type" v="lanelet"/>
    <tag k="subtype" v="road"/>
    <tag k="speed_limit" v="8"/>
    <tag k="location" v="urban"/>
    <tag k="one_way" v="yes"/>
  </relation>
  <relation id="45116">
    <member type="way" role="left" ref="45114"/>
    <member type="way" role="right" ref="45115"/>
    <tag k="type" v="lanelet"/>
    <tag k="subtype" v="road"/>
    <tag k="speed_limit" v="3"/>
    <tag k="location" v="urban"/>
    <tag k="one_way" v="yes"/>
    <tag k="turn_direction" v="right"/>
  </relation>
  <relation id="45119">
    <member type="way" role="left" ref="45117"/>
    <member type="way" role="right" ref="45118"/>
    <tag k="type" v="lanelet"/>
    <tag k="subtype" v="road"/>
    <tag k="speed_limit" v="3"/>
    <tag k="location" v="urban"/>
    <tag k="one_way" v="yes"/>
    <tag k="turn_direction" v="right"/>
  </relation>
  <relation id="45122">
    <member type="way" role="left" ref="45120"/>
    <member type="way" role="right" ref="45121"/>
    <tag k="type" v="lanelet"/>
    <tag k="subtype" v="road"/>
    <tag k="speed_limit" v="3"/>
    <tag k="location" v="urban"/>
    <tag k="one_way" v="yes"/>
  </relation>
  <relation id="45193">
    <member type="way" role="left" ref="45190"/>
    <member type="way" role="right" ref="45192"/>
    <tag k="type" v="lanelet"/>
    <tag k="subtype" v="road"/>
    <tag k="speed_limit" v="3"/>
    <tag k="location" v="urban"/>
    <tag k="one_way" v="yes"/>
    <tag k="turn_direction" v="right"/>
  </relation>
  <relation id="45196">
    <member type="way" role="left" ref="45194"/>
    <member type="way" role="right" ref="45195"/>
    <tag k="type" v="lanelet"/>
    <tag k="subtype" v="road"/>
    <tag k="speed_limit" v="8"/>
    <tag k="location" v="urban"/>
    <tag k="one_way" v="yes"/>
    <tag k="turn_direction" v="straight"/>
  </relation>
  <relation id="45199">
    <member type="way" role="left" ref="45197"/>
    <member type="way" role="right" ref="45198"/>
    <tag k="type" v="lanelet"/>
    <tag k="subtype" v="road"/>
    <tag k="speed_limit" v="8"/>
    <tag k="location" v="urban"/>
    <tag k="one_way" v="yes"/>
    <tag k="turn_direction" v="straight"/>
  </relation>
  <relation id="45215">
    <member type="way" role="left" ref="45216"/>
    <member type="way" role="right" ref="45217"/>
    <tag k="type" v="lanelet"/>
    <tag k="subtype" v="road"/>
    <tag k="speed_limit" v="5"/>
    <tag k="location" v="urban"/>
    <tag k="one_way" v="yes"/>
    <tag k="turn_direction" v="right"/>
  </relation>
  <relation id="45274">
    <member type="way" role="left" ref="45271"/>
    <member type="way" role="right" ref="45273"/>
    <tag k="type" v="lanelet"/>
    <tag k="subtype" v="road"/>
    <tag k="speed_limit" v="8"/>
    <tag k="location" v="urban"/>
    <tag k="one_way" v="yes"/>
    <tag k="turn_direction" v="straight"/>
  </relation>
  <relation id="45277">
    <member type="way" role="left" ref="48499"/>
    <member type="way" role="right" ref="48500"/>
    <tag k="type" v="lanelet"/>
    <tag k="subtype" v="road"/>
    <tag k="speed_limit" v="3"/>
    <tag k="location" v="urban"/>
    <tag k="one_way" v="yes"/>
    <tag k="turn_direction" v="right"/>
  </relation>
  <relation id="45284">
    <member type="way" role="left" ref="45281"/>
    <member type="way" role="right" ref="45283"/>
    <tag k="type" v="lanelet"/>
    <tag k="subtype" v="road"/>
    <tag k="speed_limit" v="8"/>
    <tag k="location" v="urban"/>
    <tag k="one_way" v="yes"/>
  </relation>
  <relation id="45287">
    <member type="way" role="left" ref="45285"/>
    <member type="way" role="right" ref="45286"/>
    <tag k="type" v="lanelet"/>
    <tag k="subtype" v="road"/>
    <tag k="speed_limit" v="3"/>
    <tag k="location" v="urban"/>
    <tag k="one_way" v="yes"/>
    <tag k="turn_direction" v="left"/>
  </relation>
  <relation id="45359">
    <member type="way" role="left" ref="45456"/>
    <member type="way" role="right" ref="45458"/>
    <tag k="type" v="lanelet"/>
    <tag k="subtype" v="road"/>
    <tag k="speed_limit" v="8"/>
    <tag k="location" v="urban"/>
    <tag k="one_way" v="yes"/>
    <tag k="turn_direction" v="straight"/>
  </relation>
  <relation id="45373">
    <member type="way" role="left" ref="45372"/>
    <member type="way" role="right" ref="45369"/>
    <tag k="type" v="lanelet"/>
    <tag k="subtype" v="road"/>
    <tag k="speed_limit" v="5"/>
    <tag k="location" v="urban"/>
    <tag k="one_way" v="yes"/>
    <tag k="turn_direction" v="left"/>
  </relation>
  <relation id="45390">
    <member type="way" role="left" ref="45388"/>
    <member type="way" role="right" ref="45389"/>
    <tag k="type" v="lanelet"/>
    <tag k="subtype" v="road"/>
    <tag k="speed_limit" v="5"/>
    <tag k="location" v="urban"/>
    <tag k="one_way" v="yes"/>
    <tag k="turn_direction" v="left"/>
  </relation>
  <relation id="45460">
    <member type="way" role="left" ref="45461"/>
    <member type="way" role="right" ref="45462"/>
    <tag k="type" v="lanelet"/>
    <tag k="subtype" v="road"/>
    <tag k="speed_limit" v="8"/>
    <tag k="location" v="urban"/>
    <tag k="one_way" v="yes"/>
    <tag k="turn_direction" v="straight"/>
  </relation>
  <relation id="45554">
    <member type="way" role="left" ref="45654"/>
    <member type="way" role="right" ref="45656"/>
    <tag k="type" v="lanelet"/>
    <tag k="subtype" v="road"/>
    <tag k="speed_limit" v="5"/>
    <tag k="location" v="urban"/>
    <tag k="one_way" v="yes"/>
    <tag k="turn_direction" v="right"/>
  </relation>
  <relation id="45774">
    <member type="way" role="left" ref="45772"/>
    <member type="way" role="right" ref="45773"/>
    <tag k="type" v="lanelet"/>
    <tag k="subtype" v="road"/>
    <tag k="speed_limit" v="8"/>
    <tag k="location" v="urban"/>
    <tag k="one_way" v="yes"/>
    <tag k="turn_direction" v="straight"/>
  </relation>
  <relation id="45878">
    <member type="way" role="left" ref="45891"/>
    <member type="way" role="right" ref="45892"/>
    <tag k="type" v="lanelet"/>
    <tag k="subtype" v="road"/>
    <tag k="speed_limit" v="8"/>
    <tag k="location" v="urban"/>
    <tag k="one_way" v="yes"/>
    <tag k="turn_direction" v="straight"/>
  </relation>
  <relation id="45902">
    <member type="way" role="left" ref="45905"/>
    <member type="way" role="right" ref="45907"/>
    <tag k="type" v="lanelet"/>
    <tag k="subtype" v="road"/>
    <tag k="speed_limit" v="8"/>
    <tag k="location" v="urban"/>
    <tag k="one_way" v="yes"/>
    <tag k="turn_direction" v="straight"/>
  </relation>
  <relation id="46033">
    <member type="way" role="left" ref="46031"/>
    <member type="way" role="right" ref="46032"/>
    <tag k="type" v="lanelet"/>
    <tag k="subtype" v="road"/>
    <tag k="speed_limit" v="5"/>
    <tag k="location" v="urban"/>
    <tag k="one_way" v="yes"/>
    <tag k="turn_direction" v="right"/>
  </relation>
  <relation id="46047">
    <member type="way" role="left" ref="46069"/>
    <member type="way" role="right" ref="46070"/>
    <tag k="type" v="lanelet"/>
    <tag k="subtype" v="road"/>
    <tag k="speed_limit" v="8"/>
    <tag k="location" v="urban"/>
    <tag k="one_way" v="yes"/>
    <tag k="turn_direction" v="left"/>
  </relation>
  <relation id="46094">
    <member type="way" role="left" ref="46091"/>
    <member type="way" role="right" ref="46093"/>
    <tag k="type" v="lanelet"/>
    <tag k="subtype" v="road"/>
    <tag k="speed_limit" v="8"/>
    <tag k="location" v="urban"/>
    <tag k="one_way" v="yes"/>
    <tag k="turn_direction" v="straight"/>
  </relation>
  <relation id="46097">
    <member type="way" role="left" ref="46095"/>
    <member type="way" role="right" ref="46096"/>
    <tag k="type" v="lanelet"/>
    <tag k="subtype" v="road"/>
    <tag k="speed_limit" v="8"/>
    <tag k="location" v="urban"/>
    <tag k="one_way" v="yes"/>
    <tag k="turn_direction" v="straight"/>
  </relation>
  <relation id="46107">
    <member type="way" role="left" ref="46105"/>
    <member type="way" role="right" ref="46106"/>
    <tag k="type" v="lanelet"/>
    <tag k="subtype" v="road"/>
    <tag k="speed_limit" v="8"/>
    <tag k="location" v="urban"/>
    <tag k="one_way" v="yes"/>
    <tag k="turn_direction" v="straight"/>
  </relation>
  <relation id="46188">
    <member type="way" role="left" ref="46186"/>
    <member type="way" role="right" ref="46187"/>
    <tag k="type" v="lanelet"/>
    <tag k="subtype" v="road"/>
    <tag k="speed_limit" v="8"/>
    <tag k="location" v="urban"/>
    <tag k="one_way" v="yes"/>
  </relation>
  <relation id="46399">
    <member type="way" role="left" ref="46419"/>
    <member type="way" role="right" ref="46420"/>
    <tag k="type" v="lanelet"/>
    <tag k="subtype" v="road"/>
    <tag k="speed_limit" v="5"/>
    <tag k="location" v="urban"/>
    <tag k="one_way" v="yes"/>
    <tag k="turn_direction" v="right"/>
  </relation>
  <relation id="46427">
    <member type="way" role="left" ref="46424"/>
    <member type="way" role="right" ref="46426"/>
    <tag k="type" v="lanelet"/>
    <tag k="subtype" v="road"/>
    <tag k="speed_limit" v="8"/>
    <tag k="location" v="urban"/>
    <tag k="one_way" v="yes"/>
    <tag k="turn_direction" v="straight"/>
  </relation>
  <relation id="46430">
    <member type="way" role="left" ref="46428"/>
    <member type="way" role="right" ref="46429"/>
    <tag k="type" v="lanelet"/>
    <tag k="subtype" v="road"/>
    <tag k="speed_limit" v="8"/>
    <tag k="location" v="urban"/>
    <tag k="one_way" v="yes"/>
    <tag k="turn_direction" v="straight"/>
  </relation>
  <relation id="46449">
    <member type="way" role="left" ref="46447"/>
    <member type="way" role="right" ref="46448"/>
    <tag k="type" v="lanelet"/>
    <tag k="subtype" v="road"/>
    <tag k="speed_limit" v="5"/>
    <tag k="location" v="urban"/>
    <tag k="one_way" v="yes"/>
    <tag k="turn_direction" v="right"/>
  </relation>
  <relation id="46505">
    <member type="way" role="left" ref="48253"/>
    <member type="way" role="right" ref="48255"/>
    <tag k="type" v="lanelet"/>
    <tag k="subtype" v="road"/>
    <tag k="speed_limit" v="8"/>
    <tag k="location" v="urban"/>
    <tag k="one_way" v="yes"/>
    <tag k="turn_direction" v="straight"/>
  </relation>
  <relation id="46520">
    <member type="way" role="left" ref="46518"/>
    <member type="way" role="right" ref="46519"/>
    <tag k="type" v="lanelet"/>
    <tag k="subtype" v="road"/>
    <tag k="speed_limit" v="8"/>
    <tag k="location" v="urban"/>
    <tag k="one_way" v="yes"/>
    <tag k="turn_direction" v="straight"/>
  </relation>
  <relation id="46538">
    <member type="way" role="left" ref="46535"/>
    <member type="way" role="right" ref="46537"/>
    <tag k="type" v="lanelet"/>
    <tag k="subtype" v="road"/>
    <tag k="speed_limit" v="8"/>
    <tag k="location" v="urban"/>
    <tag k="one_way" v="yes"/>
    <tag k="turn_direction" v="straight"/>
  </relation>
  <relation id="46634">
    <member type="way" role="left" ref="46657"/>
    <member type="way" role="right" ref="46659"/>
    <tag k="type" v="lanelet"/>
    <tag k="subtype" v="road"/>
    <tag k="speed_limit" v="5"/>
    <tag k="location" v="urban"/>
    <tag k="one_way" v="yes"/>
    <tag k="turn_direction" v="right"/>
  </relation>
  <relation id="46709">
    <member type="way" role="left" ref="46706"/>
    <member type="way" role="right" ref="46708"/>
    <tag k="type" v="lanelet"/>
    <tag k="subtype" v="road"/>
    <tag k="speed_limit" v="5"/>
    <tag k="location" v="urban"/>
    <tag k="one_way" v="yes"/>
    <tag k="turn_direction" v="right"/>
  </relation>
  <relation id="46754">
    <member type="way" role="left" ref="48921"/>
    <member type="way" role="right" ref="48922"/>
    <tag k="type" v="lanelet"/>
    <tag k="subtype" v="road"/>
    <tag k="speed_limit" v="8"/>
    <tag k="location" v="urban"/>
    <tag k="one_way" v="yes"/>
    <tag k="turn_direction" v="straight"/>
  </relation>
  <relation id="46761">
    <member type="way" role="left" ref="46758"/>
    <member type="way" role="right" ref="46760"/>
    <tag k="type" v="lanelet"/>
    <tag k="subtype" v="road"/>
    <tag k="speed_limit" v="5"/>
    <tag k="location" v="urban"/>
    <tag k="one_way" v="yes"/>
    <tag k="turn_direction" v="right"/>
  </relation>
  <relation id="46797">
    <member type="way" role="left" ref="46794"/>
    <member type="way" role="right" ref="46796"/>
    <tag k="type" v="lanelet"/>
    <tag k="subtype" v="road"/>
    <tag k="speed_limit" v="8"/>
    <tag k="location" v="urban"/>
    <tag k="one_way" v="yes"/>
    <tag k="turn_direction" v="straight"/>
  </relation>
  <relation id="46819">
    <member type="way" role="left" ref="49139"/>
    <member type="way" role="right" ref="49140"/>
    <tag k="type" v="lanelet"/>
    <tag k="subtype" v="road"/>
    <tag k="speed_limit" v="8"/>
    <tag k="location" v="urban"/>
    <tag k="one_way" v="yes"/>
    <tag k="turn_direction" v="straight"/>
  </relation>
  <relation id="46895">
    <member type="way" role="left" ref="46953"/>
    <member type="way" role="right" ref="46955"/>
    <tag k="type" v="lanelet"/>
    <tag k="subtype" v="road"/>
    <tag k="speed_limit" v="8"/>
    <tag k="location" v="urban"/>
    <tag k="one_way" v="yes"/>
  </relation>
  <relation id="46928">
    <member type="way" role="left" ref="46925"/>
    <member type="way" role="right" ref="46927"/>
    <tag k="type" v="lanelet"/>
    <tag k="subtype" v="road"/>
    <tag k="speed_limit" v="8"/>
    <tag k="location" v="urban"/>
    <tag k="one_way" v="yes"/>
    <tag k="turn_direction" v="straight"/>
  </relation>
  <relation id="46984">
    <member type="way" role="left" ref="47042"/>
    <member type="way" role="right" ref="47044"/>
    <tag k="type" v="lanelet"/>
    <tag k="subtype" v="road"/>
    <tag k="speed_limit" v="8"/>
    <tag k="location" v="urban"/>
    <tag k="one_way" v="yes"/>
    <tag k="turn_direction" v="straight"/>
  </relation>
  <relation id="47083">
    <member type="way" role="left" ref="47081"/>
    <member type="way" role="right" ref="47082"/>
    <tag k="type" v="lanelet"/>
    <tag k="subtype" v="road"/>
    <tag k="speed_limit" v="5"/>
    <tag k="location" v="urban"/>
    <tag k="one_way" v="yes"/>
    <tag k="turn_direction" v="right"/>
  </relation>
  <relation id="47094">
    <member type="way" role="left" ref="47092"/>
    <member type="way" role="right" ref="47093"/>
    <tag k="type" v="lanelet"/>
    <tag k="subtype" v="road"/>
    <tag k="speed_limit" v="5"/>
    <tag k="location" v="urban"/>
    <tag k="one_way" v="yes"/>
    <tag k="turn_direction" v="right"/>
  </relation>
  <relation id="47111">
    <member type="way" role="left" ref="47109"/>
    <member type="way" role="right" ref="47110"/>
    <tag k="type" v="lanelet"/>
    <tag k="subtype" v="road"/>
    <tag k="speed_limit" v="5"/>
    <tag k="location" v="urban"/>
    <tag k="one_way" v="yes"/>
    <tag k="turn_direction" v="left"/>
  </relation>
  <relation id="47114">
    <member type="way" role="left" ref="47112"/>
    <member type="way" role="right" ref="47113"/>
    <tag k="type" v="lanelet"/>
    <tag k="subtype" v="road"/>
    <tag k="speed_limit" v="8"/>
    <tag k="location" v="urban"/>
    <tag k="one_way" v="yes"/>
    <tag k="turn_direction" v="straight"/>
  </relation>
  <relation id="47198">
    <member type="way" role="left" ref="47196"/>
    <member type="way" role="right" ref="47197"/>
    <tag k="type" v="lanelet"/>
    <tag k="subtype" v="road"/>
    <tag k="speed_limit" v="5"/>
    <tag k="location" v="urban"/>
    <tag k="one_way" v="yes"/>
    <tag k="turn_direction" v="left"/>
  </relation>
  <relation id="47285">
    <member type="way" role="left" ref="47283"/>
    <member type="way" role="right" ref="47284"/>
    <tag k="type" v="lanelet"/>
    <tag k="subtype" v="road"/>
    <tag k="speed_limit" v="5"/>
    <tag k="location" v="urban"/>
    <tag k="one_way" v="yes"/>
    <tag k="turn_direction" v="right"/>
  </relation>
  <relation id="47305">
    <member type="way" role="left" ref="47303"/>
    <member type="way" role="right" ref="47304"/>
    <tag k="type" v="lanelet"/>
    <tag k="subtype" v="road"/>
    <tag k="speed_limit" v="5"/>
    <tag k="location" v="urban"/>
    <tag k="one_way" v="yes"/>
    <tag k="turn_direction" v="left"/>
  </relation>
  <relation id="47325">
    <member type="way" role="left" ref="47323"/>
    <member type="way" role="right" ref="47324"/>
    <tag k="type" v="lanelet"/>
    <tag k="subtype" v="road"/>
    <tag k="speed_limit" v="5"/>
    <tag k="location" v="urban"/>
    <tag k="one_way" v="yes"/>
    <tag k="turn_direction" v="right"/>
  </relation>
  <relation id="47338">
    <member type="way" role="left" ref="47336"/>
    <member type="way" role="right" ref="47337"/>
    <tag k="type" v="lanelet"/>
    <tag k="subtype" v="road"/>
    <tag k="speed_limit" v="8"/>
    <tag k="location" v="urban"/>
    <tag k="one_way" v="yes"/>
    <tag k="turn_direction" v="straight"/>
  </relation>
  <relation id="47364">
    <member type="way" role="left" ref="47606"/>
    <member type="way" role="right" ref="47608"/>
    <tag k="type" v="lanelet"/>
    <tag k="subtype" v="road"/>
    <tag k="speed_limit" v="8"/>
    <tag k="location" v="urban"/>
    <tag k="one_way" v="yes"/>
    <tag k="turn_direction" v="straight"/>
  </relation>
  <relation id="47367">
    <member type="way" role="left" ref="47365"/>
    <member type="way" role="right" ref="47366"/>
    <tag k="type" v="lanelet"/>
    <tag k="subtype" v="road"/>
    <tag k="speed_limit" v="8"/>
    <tag k="location" v="urban"/>
    <tag k="one_way" v="yes"/>
    <tag k="turn_direction" v="straight"/>
  </relation>
  <relation id="47370">
    <member type="way" role="left" ref="47368"/>
    <member type="way" role="right" ref="47369"/>
    <tag k="type" v="lanelet"/>
    <tag k="subtype" v="road"/>
    <tag k="speed_limit" v="8"/>
    <tag k="location" v="urban"/>
    <tag k="one_way" v="yes"/>
    <tag k="turn_direction" v="straight"/>
  </relation>
  <relation id="47373">
    <member type="way" role="left" ref="47371"/>
    <member type="way" role="right" ref="47372"/>
    <tag k="type" v="lanelet"/>
    <tag k="subtype" v="road"/>
    <tag k="speed_limit" v="8"/>
    <tag k="location" v="urban"/>
    <tag k="one_way" v="yes"/>
    <tag k="turn_direction" v="straight"/>
  </relation>
  <relation id="47445">
    <member type="way" role="left" ref="47442"/>
    <member type="way" role="right" ref="47444"/>
    <tag k="type" v="lanelet"/>
    <tag k="subtype" v="road"/>
    <tag k="speed_limit" v="5"/>
    <tag k="location" v="urban"/>
    <tag k="one_way" v="yes"/>
    <tag k="turn_direction" v="left"/>
  </relation>
  <relation id="47448">
    <member type="way" role="left" ref="48644"/>
    <member type="way" role="right" ref="48646"/>
    <tag k="type" v="lanelet"/>
    <tag k="subtype" v="road"/>
    <tag k="speed_limit" v="8"/>
    <tag k="location" v="urban"/>
    <tag k="one_way" v="yes"/>
    <tag k="turn_direction" v="straight"/>
  </relation>
  <relation id="47451">
    <member type="way" role="left" ref="47449"/>
    <member type="way" role="right" ref="47450"/>
    <tag k="type" v="lanelet"/>
    <tag k="subtype" v="road"/>
    <tag k="speed_limit" v="8"/>
    <tag k="location" v="urban"/>
    <tag k="one_way" v="yes"/>
    <tag k="turn_direction" v="straight"/>
  </relation>
  <relation id="47484">
    <member type="way" role="left" ref="47613"/>
    <member type="way" role="right" ref="47615"/>
    <tag k="type" v="lanelet"/>
    <tag k="subtype" v="road"/>
    <tag k="speed_limit" v="8"/>
    <tag k="location" v="urban"/>
    <tag k="one_way" v="yes"/>
    <tag k="turn_direction" v="straight"/>
  </relation>
  <relation id="47519">
    <member type="way" role="left" ref="47516"/>
    <member type="way" role="right" ref="47518"/>
    <tag k="type" v="lanelet"/>
    <tag k="subtype" v="road"/>
    <tag k="speed_limit" v="8"/>
    <tag k="location" v="urban"/>
    <tag k="one_way" v="yes"/>
    <tag k="turn_direction" v="straight"/>
  </relation>
  <relation id="47532">
    <member type="way" role="left" ref="47565"/>
    <member type="way" role="right" ref="47566"/>
    <tag k="type" v="lanelet"/>
    <tag k="subtype" v="road"/>
    <tag k="speed_limit" v="5"/>
    <tag k="location" v="urban"/>
    <tag k="one_way" v="yes"/>
    <tag k="turn_direction" v="right"/>
  </relation>
  <relation id="47547">
    <member type="way" role="left" ref="47545"/>
    <member type="way" role="right" ref="47546"/>
    <tag k="type" v="lanelet"/>
    <tag k="subtype" v="road"/>
    <tag k="speed_limit" v="5"/>
    <tag k="location" v="urban"/>
    <tag k="one_way" v="yes"/>
    <tag k="turn_direction" v="right"/>
  </relation>
  <relation id="47564">
    <member type="way" role="left" ref="47562"/>
    <member type="way" role="right" ref="47563"/>
    <tag k="type" v="lanelet"/>
    <tag k="subtype" v="road"/>
    <tag k="speed_limit" v="5"/>
    <tag k="location" v="urban"/>
    <tag k="one_way" v="yes"/>
    <tag k="turn_direction" v="right"/>
  </relation>
  <relation id="47587">
    <member type="way" role="left" ref="48669"/>
    <member type="way" role="right" ref="48671"/>
    <tag k="type" v="lanelet"/>
    <tag k="subtype" v="road"/>
    <tag k="speed_limit" v="8"/>
    <tag k="location" v="urban"/>
    <tag k="one_way" v="yes"/>
    <tag k="turn_direction" v="straight"/>
  </relation>
  <relation id="47594">
    <member type="way" role="left" ref="47591"/>
    <member type="way" role="right" ref="47593"/>
    <tag k="type" v="lanelet"/>
    <tag k="subtype" v="road"/>
    <tag k="speed_limit" v="5"/>
    <tag k="location" v="urban"/>
    <tag k="one_way" v="yes"/>
    <tag k="turn_direction" v="right"/>
  </relation>
  <relation id="47603">
    <member type="way" role="left" ref="47601"/>
    <member type="way" role="right" ref="47602"/>
    <tag k="type" v="lanelet"/>
    <tag k="subtype" v="road"/>
    <tag k="speed_limit" v="5"/>
    <tag k="location" v="urban"/>
    <tag k="one_way" v="yes"/>
    <tag k="turn_direction" v="right"/>
  </relation>
  <relation id="47610">
    <member type="way" role="left" ref="47607"/>
    <member type="way" role="right" ref="47609"/>
    <tag k="type" v="lanelet"/>
    <tag k="subtype" v="road"/>
    <tag k="speed_limit" v="8"/>
    <tag k="location" v="urban"/>
    <tag k="one_way" v="yes"/>
    <tag k="turn_direction" v="right"/>
  </relation>
  <relation id="47617">
    <member type="way" role="left" ref="47614"/>
    <member type="way" role="right" ref="47616"/>
    <tag k="type" v="lanelet"/>
    <tag k="subtype" v="road"/>
    <tag k="speed_limit" v="8"/>
    <tag k="location" v="urban"/>
    <tag k="one_way" v="yes"/>
    <tag k="turn_direction" v="right"/>
  </relation>
  <relation id="47624">
    <member type="way" role="left" ref="47622"/>
    <member type="way" role="right" ref="47623"/>
    <tag k="type" v="lanelet"/>
    <tag k="subtype" v="road"/>
    <tag k="speed_limit" v="8"/>
    <tag k="location" v="urban"/>
    <tag k="one_way" v="yes"/>
    <tag k="turn_direction" v="straight"/>
  </relation>
  <relation id="47627">
    <member type="way" role="left" ref="47625"/>
    <member type="way" role="right" ref="47626"/>
    <tag k="type" v="lanelet"/>
    <tag k="subtype" v="road"/>
    <tag k="speed_limit" v="8"/>
    <tag k="location" v="urban"/>
    <tag k="one_way" v="yes"/>
    <tag k="turn_direction" v="straight"/>
  </relation>
  <relation id="47648">
    <member type="way" role="left" ref="47646"/>
    <member type="way" role="right" ref="47647"/>
    <tag k="type" v="lanelet"/>
    <tag k="subtype" v="road"/>
    <tag k="speed_limit" v="5"/>
    <tag k="location" v="urban"/>
    <tag k="one_way" v="yes"/>
    <tag k="turn_direction" v="right"/>
  </relation>
  <relation id="47658">
    <member type="way" role="left" ref="47656"/>
    <member type="way" role="right" ref="47657"/>
    <tag k="type" v="lanelet"/>
    <tag k="subtype" v="road"/>
    <tag k="speed_limit" v="10"/>
    <tag k="location" v="urban"/>
    <tag k="one_way" v="yes"/>
    <tag k="turn_direction" v="straight"/>
  </relation>
  <relation id="47665">
    <member type="way" role="left" ref="47664"/>
    <member type="way" role="right" ref="47661"/>
    <tag k="type" v="lanelet"/>
    <tag k="subtype" v="road"/>
    <tag k="speed_limit" v="5"/>
    <tag k="location" v="urban"/>
    <tag k="one_way" v="yes"/>
    <tag k="turn_direction" v="left"/>
  </relation>
  <relation id="47676">
    <member type="way" role="left" ref="48246"/>
    <member type="way" role="right" ref="48248"/>
    <tag k="type" v="lanelet"/>
    <tag k="subtype" v="road"/>
    <tag k="speed_limit" v="8"/>
    <tag k="location" v="urban"/>
    <tag k="one_way" v="yes"/>
    <tag k="turn_direction" v="straight"/>
  </relation>
  <relation id="47683">
    <member type="way" role="left" ref="47681"/>
    <member type="way" role="right" ref="47682"/>
    <tag k="type" v="lanelet"/>
    <tag k="subtype" v="road"/>
    <tag k="speed_limit" v="5"/>
    <tag k="location" v="urban"/>
    <tag k="one_way" v="yes"/>
    <tag k="turn_direction" v="left"/>
  </relation>
  <relation id="47718">
    <member type="way" role="left" ref="47717"/>
    <member type="way" role="right" ref="47714"/>
    <tag k="type" v="lanelet"/>
    <tag k="subtype" v="road"/>
    <tag k="speed_limit" v="5"/>
    <tag k="location" v="urban"/>
    <tag k="one_way" v="yes"/>
    <tag k="turn_direction" v="right"/>
  </relation>
  <relation id="47773">
    <member type="way" role="left" ref="47772"/>
    <member type="way" role="right" ref="47769"/>
    <tag k="type" v="lanelet"/>
    <tag k="subtype" v="road"/>
    <tag k="speed_limit" v="8"/>
    <tag k="location" v="urban"/>
    <tag k="one_way" v="yes"/>
    <tag k="turn_direction" v="straight"/>
  </relation>
  <relation id="47780">
    <member type="way" role="left" ref="47848"/>
    <member type="way" role="right" ref="47850"/>
    <tag k="type" v="lanelet"/>
    <tag k="subtype" v="road"/>
    <tag k="speed_limit" v="8"/>
    <tag k="location" v="urban"/>
    <tag k="one_way" v="yes"/>
    <tag k="turn_direction" v="straight"/>
  </relation>
  <relation id="47783">
    <member type="way" role="left" ref="47781"/>
    <member type="way" role="right" ref="47782"/>
    <tag k="type" v="lanelet"/>
    <tag k="subtype" v="road"/>
    <tag k="speed_limit" v="8"/>
    <tag k="location" v="urban"/>
    <tag k="one_way" v="yes"/>
    <tag k="turn_direction" v="straight"/>
  </relation>
  <relation id="47806">
    <member type="way" role="left" ref="47991"/>
    <member type="way" role="right" ref="47993"/>
    <tag k="type" v="lanelet"/>
    <tag k="subtype" v="road"/>
    <tag k="speed_limit" v="5"/>
    <tag k="location" v="urban"/>
    <tag k="one_way" v="yes"/>
    <tag k="turn_direction" v="right"/>
  </relation>
  <relation id="47909">
    <member type="way" role="left" ref="47941"/>
    <member type="way" role="right" ref="47942"/>
    <tag k="type" v="lanelet"/>
    <tag k="subtype" v="road"/>
    <tag k="speed_limit" v="5"/>
    <tag k="location" v="urban"/>
    <tag k="one_way" v="yes"/>
    <tag k="turn_direction" v="right"/>
  </relation>
  <relation id="47995">
    <member type="way" role="left" ref="47992"/>
    <member type="way" role="right" ref="47994"/>
    <tag k="type" v="lanelet"/>
    <tag k="subtype" v="road"/>
    <tag k="speed_limit" v="8"/>
    <tag k="location" v="urban"/>
    <tag k="one_way" v="yes"/>
    <tag k="turn_direction" v="straight"/>
  </relation>
  <relation id="48007">
    <member type="way" role="left" ref="48011"/>
    <member type="way" role="right" ref="48012"/>
    <tag k="type" v="lanelet"/>
    <tag k="subtype" v="road"/>
    <tag k="speed_limit" v="8"/>
    <tag k="location" v="urban"/>
    <tag k="one_way" v="yes"/>
    <tag k="turn_direction" v="straight"/>
  </relation>
  <relation id="48044">
    <member type="way" role="left" ref="48047"/>
    <member type="way" role="right" ref="48049"/>
    <tag k="type" v="lanelet"/>
    <tag k="subtype" v="road"/>
    <tag k="speed_limit" v="8"/>
    <tag k="location" v="urban"/>
    <tag k="one_way" v="yes"/>
    <tag k="turn_direction" v="straight"/>
  </relation>
  <relation id="48058">
    <member type="way" role="left" ref="48055"/>
    <member type="way" role="right" ref="48057"/>
    <tag k="type" v="lanelet"/>
    <tag k="subtype" v="road"/>
    <tag k="speed_limit" v="5"/>
    <tag k="location" v="urban"/>
    <tag k="one_way" v="yes"/>
    <tag k="turn_direction" v="left"/>
  </relation>
  <relation id="48077">
    <member type="way" role="left" ref="48075"/>
    <member type="way" role="right" ref="48076"/>
    <tag k="type" v="lanelet"/>
    <tag k="subtype" v="road"/>
    <tag k="speed_limit" v="5"/>
    <tag k="location" v="urban"/>
    <tag k="one_way" v="yes"/>
    <tag k="turn_direction" v="left"/>
  </relation>
  <relation id="48137">
    <member type="way" role="left" ref="48135"/>
    <member type="way" role="right" ref="48136"/>
    <tag k="type" v="lanelet"/>
    <tag k="subtype" v="road"/>
    <tag k="speed_limit" v="8"/>
    <tag k="location" v="urban"/>
    <tag k="one_way" v="yes"/>
    <tag k="turn_direction" v="straight"/>
  </relation>
  <relation id="48160">
    <member type="way" role="left" ref="48157"/>
    <member type="way" role="right" ref="48159"/>
    <tag k="type" v="lanelet"/>
    <tag k="subtype" v="road"/>
    <tag k="speed_limit" v="8"/>
    <tag k="location" v="urban"/>
    <tag k="one_way" v="yes"/>
    <tag k="turn_direction" v="straight"/>
  </relation>
  <relation id="48171">
    <member type="way" role="left" ref="48169"/>
    <member type="way" role="right" ref="48170"/>
    <tag k="type" v="lanelet"/>
    <tag k="subtype" v="road"/>
    <tag k="speed_limit" v="5"/>
    <tag k="location" v="urban"/>
    <tag k="one_way" v="yes"/>
    <tag k="turn_direction" v="right"/>
  </relation>
  <relation id="48186">
    <member type="way" role="left" ref="48184"/>
    <member type="way" role="right" ref="48185"/>
    <tag k="type" v="lanelet"/>
    <tag k="subtype" v="road"/>
    <tag k="speed_limit" v="5"/>
    <tag k="location" v="urban"/>
    <tag k="one_way" v="yes"/>
    <tag k="turn_direction" v="left"/>
  </relation>
  <relation id="48189">
    <member type="way" role="left" ref="48187"/>
    <member type="way" role="right" ref="48188"/>
    <tag k="type" v="lanelet"/>
    <tag k="subtype" v="road"/>
    <tag k="speed_limit" v="8"/>
    <tag k="location" v="urban"/>
    <tag k="one_way" v="yes"/>
    <tag k="turn_direction" v="straight"/>
  </relation>
  <relation id="48220">
    <member type="way" role="left" ref="48221"/>
    <member type="way" role="right" ref="48222"/>
    <tag k="type" v="lanelet"/>
    <tag k="subtype" v="road"/>
    <tag k="speed_limit" v="8"/>
    <tag k="location" v="urban"/>
    <tag k="one_way" v="yes"/>
    <tag k="turn_direction" v="straight"/>
  </relation>
  <relation id="48243">
    <member type="way" role="left" ref="48241"/>
    <member type="way" role="right" ref="48242"/>
    <tag k="type" v="lanelet"/>
    <tag k="subtype" v="road"/>
    <tag k="speed_limit" v="5"/>
    <tag k="location" v="urban"/>
    <tag k="one_way" v="yes"/>
    <tag k="turn_direction" v="left"/>
  </relation>
  <relation id="48250">
    <member type="way" role="left" ref="48247"/>
    <member type="way" role="right" ref="48249"/>
    <tag k="type" v="lanelet"/>
    <tag k="subtype" v="road"/>
    <tag k="speed_limit" v="5"/>
    <tag k="location" v="urban"/>
    <tag k="one_way" v="yes"/>
    <tag k="turn_direction" v="left"/>
  </relation>
  <relation id="48257">
    <member type="way" role="left" ref="48254"/>
    <member type="way" role="right" ref="48256"/>
    <tag k="type" v="lanelet"/>
    <tag k="subtype" v="road"/>
    <tag k="speed_limit" v="8"/>
    <tag k="location" v="urban"/>
    <tag k="one_way" v="yes"/>
    <tag k="turn_direction" v="straight"/>
  </relation>
  <relation id="48335">
    <member type="way" role="left" ref="48333"/>
    <member type="way" role="right" ref="48334"/>
    <tag k="type" v="lanelet"/>
    <tag k="subtype" v="road"/>
    <tag k="speed_limit" v="5"/>
    <tag k="location" v="urban"/>
    <tag k="one_way" v="yes"/>
    <tag k="turn_direction" v="left"/>
  </relation>
  <relation id="48345">
    <member type="way" role="left" ref="48342"/>
    <member type="way" role="right" ref="48344"/>
    <tag k="type" v="lanelet"/>
    <tag k="subtype" v="road"/>
    <tag k="speed_limit" v="5"/>
    <tag k="location" v="urban"/>
    <tag k="one_way" v="yes"/>
    <tag k="turn_direction" v="left"/>
  </relation>
  <relation id="48348">
    <member type="way" role="left" ref="48384"/>
    <member type="way" role="right" ref="48385"/>
    <tag k="type" v="lanelet"/>
    <tag k="subtype" v="road"/>
    <tag k="speed_limit" v="5"/>
    <tag k="location" v="urban"/>
    <tag k="one_way" v="yes"/>
    <tag k="turn_direction" v="right"/>
  </relation>
  <relation id="48369">
    <member type="way" role="left" ref="48380"/>
    <member type="way" role="right" ref="48381"/>
    <tag k="type" v="lanelet"/>
    <tag k="subtype" v="road"/>
    <tag k="speed_limit" v="8"/>
    <tag k="location" v="urban"/>
    <tag k="one_way" v="yes"/>
    <tag k="turn_direction" v="straight"/>
  </relation>
  <relation id="48399">
    <member type="way" role="left" ref="48396"/>
    <member type="way" role="right" ref="48398"/>
    <tag k="type" v="lanelet"/>
    <tag k="subtype" v="road"/>
    <tag k="speed_limit" v="8"/>
    <tag k="location" v="urban"/>
    <tag k="one_way" v="yes"/>
    <tag k="turn_direction" v="straight"/>
  </relation>
  <relation id="48409">
    <member type="way" role="left" ref="48410"/>
    <member type="way" role="right" ref="48411"/>
    <tag k="type" v="lanelet"/>
    <tag k="subtype" v="road"/>
    <tag k="speed_limit" v="3"/>
    <tag k="location" v="urban"/>
    <tag k="one_way" v="yes"/>
    <tag k="turn_direction" v="left"/>
  </relation>
  <relation id="48414">
    <member type="way" role="left" ref="48412"/>
    <member type="way" role="right" ref="48413"/>
    <tag k="type" v="lanelet"/>
    <tag k="subtype" v="road"/>
    <tag k="speed_limit" v="5"/>
    <tag k="location" v="urban"/>
    <tag k="one_way" v="yes"/>
    <tag k="turn_direction" v="straight"/>
  </relation>
  <relation id="48421">
    <member type="way" role="left" ref="48418"/>
    <member type="way" role="right" ref="48420"/>
    <tag k="type" v="lanelet"/>
    <tag k="subtype" v="road"/>
    <tag k="speed_limit" v="5"/>
    <tag k="location" v="urban"/>
    <tag k="one_way" v="yes"/>
    <tag k="turn_direction" v="left"/>
  </relation>
  <relation id="48453">
    <member type="way" role="left" ref="48478"/>
    <member type="way" role="right" ref="48479"/>
    <tag k="type" v="lanelet"/>
    <tag k="subtype" v="road"/>
    <tag k="speed_limit" v="5"/>
    <tag k="location" v="urban"/>
    <tag k="one_way" v="yes"/>
    <tag k="turn_direction" v="left"/>
  </relation>
  <relation id="48456">
    <member type="way" role="left" ref="48503"/>
    <member type="way" role="right" ref="48505"/>
    <tag k="type" v="lanelet"/>
    <tag k="subtype" v="road"/>
    <tag k="speed_limit" v="8"/>
    <tag k="location" v="urban"/>
    <tag k="one_way" v="yes"/>
    <tag k="turn_direction" v="straight"/>
  </relation>
  <relation id="48507">
    <member type="way" role="left" ref="48504"/>
    <member type="way" role="right" ref="48506"/>
    <tag k="type" v="lanelet"/>
    <tag k="subtype" v="road"/>
    <tag k="speed_limit" v="8"/>
    <tag k="location" v="urban"/>
    <tag k="one_way" v="yes"/>
    <tag k="turn_direction" v="left"/>
  </relation>
  <relation id="48554">
    <member type="way" role="left" ref="48552"/>
    <member type="way" role="right" ref="48553"/>
    <tag k="type" v="lanelet"/>
    <tag k="subtype" v="road"/>
    <tag k="speed_limit" v="3"/>
    <tag k="location" v="urban"/>
    <tag k="one_way" v="yes"/>
    <tag k="turn_direction" v="straight"/>
  </relation>
  <relation id="48624">
    <member type="way" role="left" ref="48622"/>
    <member type="way" role="right" ref="48623"/>
    <tag k="type" v="lanelet"/>
    <tag k="subtype" v="road"/>
    <tag k="speed_limit" v="5"/>
    <tag k="location" v="urban"/>
    <tag k="one_way" v="yes"/>
    <tag k="turn_direction" v="right"/>
  </relation>
  <relation id="48641">
    <member type="way" role="left" ref="48639"/>
    <member type="way" role="right" ref="48640"/>
    <tag k="type" v="lanelet"/>
    <tag k="subtype" v="road"/>
    <tag k="speed_limit" v="8"/>
    <tag k="location" v="urban"/>
    <tag k="one_way" v="yes"/>
    <tag k="turn_direction" v="straight"/>
  </relation>
  <relation id="48654">
    <member type="way" role="left" ref="48652"/>
    <member type="way" role="right" ref="48653"/>
    <tag k="type" v="lanelet"/>
    <tag k="subtype" v="road"/>
    <tag k="speed_limit" v="8"/>
    <tag k="location" v="urban"/>
    <tag k="one_way" v="yes"/>
    <tag k="turn_direction" v="straight"/>
  </relation>
  <relation id="48657">
    <member type="way" role="left" ref="48655"/>
    <member type="way" role="right" ref="48656"/>
    <tag k="type" v="lanelet"/>
    <tag k="subtype" v="road"/>
    <tag k="speed_limit" v="8"/>
    <tag k="location" v="urban"/>
    <tag k="one_way" v="yes"/>
    <tag k="turn_direction" v="straight"/>
  </relation>
  <relation id="48673">
    <member type="way" role="left" ref="48670"/>
    <member type="way" role="right" ref="48672"/>
    <tag k="type" v="lanelet"/>
    <tag k="subtype" v="road"/>
    <tag k="speed_limit" v="8"/>
    <tag k="location" v="urban"/>
    <tag k="one_way" v="yes"/>
    <tag k="turn_direction" v="straight"/>
  </relation>
  <relation id="48703">
    <member type="way" role="left" ref="48701"/>
    <member type="way" role="right" ref="48702"/>
    <tag k="type" v="lanelet"/>
    <tag k="subtype" v="road"/>
    <tag k="speed_limit" v="5"/>
    <tag k="location" v="urban"/>
    <tag k="one_way" v="yes"/>
    <tag k="turn_direction" v="left"/>
  </relation>
  <relation id="48746">
    <member type="way" role="left" ref="48744"/>
    <member type="way" role="right" ref="48745"/>
    <tag k="type" v="lanelet"/>
    <tag k="subtype" v="road"/>
    <tag k="speed_limit" v="6"/>
    <tag k="location" v="urban"/>
    <tag k="one_way" v="yes"/>
    <tag k="turn_direction" v="right"/>
  </relation>
  <relation id="48809">
    <member type="way" role="left" ref="48807"/>
    <member type="way" role="right" ref="48808"/>
    <tag k="type" v="lanelet"/>
    <tag k="subtype" v="road"/>
    <tag k="speed_limit" v="5"/>
    <tag k="location" v="urban"/>
    <tag k="one_way" v="yes"/>
    <tag k="turn_direction" v="right"/>
  </relation>
  <relation id="48885">
    <member type="way" role="left" ref="48882"/>
    <member type="way" role="right" ref="48884"/>
    <tag k="type" v="lanelet"/>
    <tag k="subtype" v="road"/>
    <tag k="speed_limit" v="8"/>
    <tag k="location" v="urban"/>
    <tag k="one_way" v="yes"/>
    <tag k="turn_direction" v="straight"/>
  </relation>
  <relation id="48918">
    <member type="way" role="left" ref="48916"/>
    <member type="way" role="right" ref="48917"/>
    <tag k="type" v="lanelet"/>
    <tag k="subtype" v="road"/>
    <tag k="speed_limit" v="8"/>
    <tag k="location" v="urban"/>
    <tag k="one_way" v="yes"/>
    <tag k="turn_direction" v="left"/>
  </relation>
  <relation id="49122">
    <member type="way" role="left" ref="49162"/>
    <member type="way" role="right" ref="49163"/>
    <tag k="type" v="lanelet"/>
    <tag k="subtype" v="road"/>
    <tag k="speed_limit" v="5"/>
    <tag k="location" v="urban"/>
    <tag k="one_way" v="yes"/>
    <tag k="turn_direction" v="left"/>
  </relation>
  <relation id="49168">
    <member type="way" role="left" ref="49166"/>
    <member type="way" role="right" ref="49167"/>
    <tag k="type" v="lanelet"/>
    <tag k="subtype" v="road"/>
    <tag k="speed_limit" v="8"/>
    <tag k="location" v="urban"/>
    <tag k="one_way" v="yes"/>
    <tag k="turn_direction" v="straight"/>
  </relation>
  <relation id="49187">
    <member type="way" role="left" ref="49185"/>
    <member type="way" role="right" ref="49186"/>
    <tag k="type" v="lanelet"/>
    <tag k="subtype" v="road"/>
    <tag k="speed_limit" v="5"/>
    <tag k="location" v="urban"/>
    <tag k="one_way" v="yes"/>
    <tag k="turn_direction" v="left"/>
  </relation>
  <relation id="49196">
    <member type="way" role="left" ref="49194"/>
    <member type="way" role="right" ref="49195"/>
    <tag k="type" v="lanelet"/>
    <tag k="subtype" v="road"/>
    <tag k="speed_limit" v="5"/>
    <tag k="location" v="urban"/>
    <tag k="one_way" v="yes"/>
    <tag k="turn_direction" v="right"/>
  </relation>
  <relation id="49203">
    <member type="way" role="left" ref="49200"/>
    <member type="way" role="right" ref="49202"/>
    <tag k="type" v="lanelet"/>
    <tag k="subtype" v="road"/>
    <tag k="speed_limit" v="8"/>
    <tag k="location" v="urban"/>
    <tag k="one_way" v="yes"/>
    <tag k="turn_direction" v="right"/>
  </relation>
  <relation id="49216">
    <member type="way" role="left" ref="49214"/>
    <member type="way" role="right" ref="49215"/>
    <tag k="type" v="lanelet"/>
    <tag k="subtype" v="road"/>
    <tag k="speed_limit" v="8"/>
    <tag k="location" v="urban"/>
    <tag k="one_way" v="yes"/>
  </relation>
  <relation id="49247">
    <member type="way" role="left" ref="49245"/>
    <member type="way" role="right" ref="49246"/>
    <tag k="type" v="lanelet"/>
    <tag k="subtype" v="road"/>
    <tag k="speed_limit" v="5"/>
    <tag k="location" v="urban"/>
    <tag k="one_way" v="yes"/>
    <tag k="turn_direction" v="left"/>
  </relation>
</osm>
