<?xml version="1.0" encoding="UTF-8"?>
<osm generator="VMB">
  <MetaInfo format_version="1" map_version="73" validation_version=""/>
  <node id="5" lat="-5.41670966721" lon="53.38725394485">
    <tag k="local_x" v="-487.4342"/>
    <tag k="local_y" v="79.8539"/>
    <tag k="ele" v="1.5005"/>
  </node>
  <node id="8" lat="-5.41669185053" lon="53.3874981655">
    <tag k="local_x" v="-460.3376"/>
    <tag k="local_y" v="81.9888"/>
    <tag k="ele" v="1.5454"/>
  </node>
  <node id="14" lat="-5.41671704724" lon="53.38749956521">
    <tag k="local_x" v="-460.1656"/>
    <tag k="local_y" v="79.199"/>
    <tag k="ele" v="1.5356"/>
  </node>
  <node id="20" lat="-5.41671127068" lon="53.38757605671">
    <tag k="local_x" v="-451.6789"/>
    <tag k="local_y" v="79.8894"/>
    <tag k="ele" v="1.5531"/>
  </node>
  <node id="77" lat="-5.41668594268" lon="53.38757474606">
    <tag k="local_x" v="-451.8411"/>
    <tag k="local_y" v="82.6938"/>
    <tag k="ele" v="1.5629"/>
  </node>
  <node id="79" lat="-5.41668045679" lon="53.38764367362">
    <tag k="local_x" v="-444.1938"/>
    <tag k="local_y" v="83.347"/>
    <tag k="ele" v="1.5472"/>
  </node>
  <node id="80" lat="-5.41667449422" lon="53.38772696806">
    <tag k="local_x" v="-434.9521"/>
    <tag k="local_y" v="84.0625"/>
    <tag k="ele" v="1.5787"/>
  </node>
  <node id="83" lat="-5.41670586775" lon="53.38764436036">
    <tag k="local_x" v="-444.1008"/>
    <tag k="local_y" v="80.533"/>
    <tag k="ele" v="1.5296"/>
  </node>
  <node id="104" lat="-5.41669984297" lon="53.38772903175">
    <tag k="local_x" v="-434.7063"/>
    <tag k="local_y" v="81.2563"/>
    <tag k="ele" v="1.5792"/>
  </node>
  <node id="164" lat="-5.41657317317" lon="53.3890344627">
    <tag k="local_x" v="-289.8879"/>
    <tag k="local_y" v="96.1493"/>
    <tag k="ele" v="1.7781"/>
  </node>
  <node id="170" lat="-5.41659845679" lon="53.38903649891">
    <tag k="local_x" v="-289.6452"/>
    <tag k="local_y" v="93.3503"/>
    <tag k="ele" v="1.7848"/>
  </node>
  <node id="172" lat="-5.41673494863" lon="53.38725531973">
    <tag k="local_x" v="-487.2649"/>
    <tag k="local_y" v="77.0547"/>
    <tag k="ele" v="1.4971"/>
  </node>
  <node id="182" lat="-5.41654419268" lon="53.38942087355">
    <tag k="local_x" v="-247.0157"/>
    <tag k="local_y" v="99.6146"/>
    <tag k="ele" v="1.8585"/>
  </node>
  <node id="188" lat="-5.4165693808" lon="53.38942279142">
    <tag k="local_x" v="-246.7862"/>
    <tag k="local_y" v="96.8261"/>
    <tag k="ele" v="1.874"/>
  </node>
  <node id="266" lat="-5.41683348114" lon="53.38993816703">
    <tag k="local_x" v="-189.4057"/>
    <tag k="local_y" v="67.9158"/>
    <tag k="ele" v="1.8596"/>
  </node>
  <node id="272" lat="-5.41683449474" lon="53.38991300225">
    <tag k="local_x" v="-192.1983"/>
    <tag k="local_y" v="67.7869"/>
    <tag k="ele" v="1.8984"/>
  </node>
  <node id="302" lat="-5.4178130938" lon="53.38993469511">
    <tag k="local_x" v="-189.1448"/>
    <tag k="local_y" v="-40.5857"/>
    <tag k="ele" v="1.8418"/>
  </node>
  <node id="312" lat="-5.41781437241" lon="53.38990931159">
    <tag k="local_x" v="-191.9615"/>
    <tag k="local_y" v="-40.7441"/>
    <tag k="ele" v="1.8089"/>
  </node>
  <node id="318" lat="-5.41792370752" lon="53.38994569357">
    <tag k="local_x" v="-187.851"/>
    <tag k="local_y" v="-52.8297"/>
    <tag k="ele" v="1.8326"/>
  </node>
  <node id="322" lat="-5.41792597017" lon="53.38992044474">
    <tag k="local_x" v="-190.6521"/>
    <tag k="local_y" v="-53.097"/>
    <tag k="ele" v="1.7849"/>
  </node>
  <node id="461" lat="-5.41796607512" lon="53.38861182073">
    <tag k="local_x" v="-335.8816"/>
    <tag k="local_y" v="-58.4044"/>
    <tag k="ele" v="1.7458"/>
  </node>
  <node id="467" lat="-5.41796729686" lon="53.38858675109">
    <tag k="local_x" v="-338.6635"/>
    <tag k="local_y" v="-58.5563"/>
    <tag k="ele" v="1.7432"/>
  </node>
  <node id="474" lat="-5.41787417928" lon="53.38858000475">
    <tag k="local_x" v="-339.4738"/>
    <tag k="local_y" v="-48.2473"/>
    <tag k="ele" v="1.7541"/>
  </node>
  <node id="476" lat="-5.41779684938" lon="53.38857447175">
    <tag k="local_x" v="-340.139"/>
    <tag k="local_y" v="-39.6861"/>
    <tag k="ele" v="1.753"/>
  </node>
  <node id="479" lat="-5.41787273251" lon="53.38860519014">
    <tag k="local_x" v="-336.6792"/>
    <tag k="local_y" v="-48.0704"/>
    <tag k="ele" v="1.7598"/>
  </node>
  <node id="481" lat="-5.4177957687" lon="53.38859957837">
    <tag k="local_x" v="-337.3529"/>
    <tag k="local_y" v="-39.5498"/>
    <tag k="ele" v="1.7592"/>
  </node>
  <node id="502" lat="-5.41722988382" lon="53.38853585795">
    <tag k="local_x" v="-344.7993"/>
    <tag k="local_y" v="23.084"/>
    <tag k="ele" v="1.7616"/>
  </node>
  <node id="507" lat="-5.41722844122" lon="53.38856113968">
    <tag k="local_x" v="-341.994"/>
    <tag k="local_y" v="23.2605"/>
    <tag k="ele" v="1.7688"/>
  </node>
  <node id="511" lat="-5.41710876233" lon="53.38852647804">
    <tag k="local_x" v="-345.9204"/>
    <tag k="local_y" v="36.4929"/>
    <tag k="ele" v="1.7513"/>
  </node>
  <node id="513" lat="-5.41696309743" lon="53.38851533772">
    <tag k="local_x" v="-347.2531"/>
    <tag k="local_y" v="52.619"/>
    <tag k="ele" v="1.7388"/>
  </node>
  <node id="514" lat="-5.41689041833" lon="53.38850981844">
    <tag k="local_x" v="-347.9137"/>
    <tag k="local_y" v="60.6651"/>
    <tag k="ele" v="1.7454"/>
  </node>
  <node id="517" lat="-5.41710691666" lon="53.38855169549">
    <tag k="local_x" v="-343.1225"/>
    <tag k="local_y" v="36.714"/>
    <tag k="ele" v="1.7689"/>
  </node>
  <node id="519" lat="-5.41696222333" lon="53.3885405674">
    <tag k="local_x" v="-344.4532"/>
    <tag k="local_y" v="52.7325"/>
    <tag k="ele" v="1.7615"/>
  </node>
  <node id="520" lat="-5.41688925534" lon="53.38853505434">
    <tag k="local_x" v="-345.1133"/>
    <tag k="local_y" v="60.8106"/>
    <tag k="ele" v="1.7611"/>
  </node>
  <node id="538" lat="-5.41669061919" lon="53.38839892996">
    <tag k="local_x" v="-360.3541"/>
    <tag k="local_y" v="82.721"/>
    <tag k="ele" v="1.7501"/>
  </node>
  <node id="539" lat="-5.41669247349" lon="53.38838906843">
    <tag k="local_x" v="-361.4475"/>
    <tag k="local_y" v="82.5091"/>
    <tag k="ele" v="1.749"/>
  </node>
  <node id="557" lat="-5.4166609016" lon="53.38839251291">
    <tag k="local_x" v="-361.086"/>
    <tag k="local_y" v="86.0082"/>
    <tag k="ele" v="1.731"/>
  </node>
  <node id="607" lat="-5.41678512736" lon="53.38720419222">
    <tag k="local_x" v="-492.9069"/>
    <tag k="local_y" v="71.4632"/>
    <tag k="ele" v="1.4701"/>
  </node>
  <node id="609" lat="-5.41679938357" lon="53.38701161194">
    <tag k="local_x" v="-514.2738"/>
    <tag k="local_y" v="69.7568"/>
    <tag k="ele" v="1.4336"/>
  </node>
  <node id="612" lat="-5.41675948195" lon="53.38720279609">
    <tag k="local_x" v="-493.0788"/>
    <tag k="local_y" v="74.3027"/>
    <tag k="ele" v="1.4761"/>
  </node>
  <node id="614" lat="-5.41677392555" lon="53.38700999488">
    <tag k="local_x" v="-514.4701"/>
    <tag k="local_y" v="72.5754"/>
    <tag k="ele" v="1.4413"/>
  </node>
  <node id="705" lat="-5.41598441493" lon="53.38995565867">
    <tag k="local_x" v="-188.0242"/>
    <tag k="local_y" v="161.9676"/>
    <tag k="ele" v="1.8925"/>
  </node>
  <node id="706" lat="-5.41598502433" lon="53.39002569694">
    <tag k="local_x" v="-180.2496"/>
    <tag k="local_y" v="161.9464"/>
    <tag k="ele" v="1.8956"/>
  </node>
  <node id="722" lat="-5.41595665523" lon="53.38996626692">
    <tag k="local_x" v="-186.865"/>
    <tag k="local_y" v="165.0492"/>
    <tag k="ele" v="1.9064"/>
  </node>
  <node id="723" lat="-5.4159589024" lon="53.39002464944">
    <tag k="local_x" v="-180.3831"/>
    <tag k="local_y" v="164.8389"/>
    <tag k="ele" v="1.9143"/>
  </node>
  <node id="728" lat="-5.41596636768" lon="53.39027736081">
    <tag k="local_x" v="-152.3274"/>
    <tag k="local_y" v="164.1791"/>
    <tag k="ele" v="1.9469"/>
  </node>
  <node id="730" lat="-5.41594984852" lon="53.39049294422">
    <tag k="local_x" v="-128.4087"/>
    <tag k="local_y" v="166.1512"/>
    <tag k="ele" v="1.9517"/>
  </node>
  <node id="741" lat="-5.41594084144" lon="53.39027552237">
    <tag k="local_x" v="-152.5483"/>
    <tag k="local_y" v="167.0051"/>
    <tag k="ele" v="1.985"/>
  </node>
  <node id="743" lat="-5.4159242049" lon="53.39049125602">
    <tag k="local_x" v="-128.613"/>
    <tag k="local_y" v="168.9903"/>
    <tag k="ele" v="1.978"/>
  </node>
  <node id="748" lat="-5.41593377131" lon="53.39054640768">
    <tag k="local_x" v="-122.4849"/>
    <tag k="local_y" v="167.9672"/>
    <tag k="ele" v="1.9974"/>
  </node>
  <node id="749" lat="-5.41592686881" lon="53.39065308187">
    <tag k="local_x" v="-110.6487"/>
    <tag k="local_y" v="168.8022"/>
    <tag k="ele" v="1.9972"/>
  </node>
  <node id="750" lat="-5.4159315247" lon="53.39072491599">
    <tag k="local_x" v="-102.6721"/>
    <tag k="local_y" v="168.334"/>
    <tag k="ele" v="1.9689"/>
  </node>
  <node id="751" lat="-5.4159269519" lon="53.39080425274">
    <tag k="local_x" v="-93.8688"/>
    <tag k="local_y" v="168.8929"/>
    <tag k="ele" v="1.9652"/>
  </node>
  <node id="757" lat="-5.41590830614" lon="53.39054421301">
    <tag k="local_x" v="-122.7453"/>
    <tag k="local_y" v="170.7862"/>
    <tag k="ele" v="2.0325"/>
  </node>
  <node id="758" lat="-5.41590161698" lon="53.39065153638">
    <tag k="local_x" v="-110.8369"/>
    <tag k="local_y" v="171.598"/>
    <tag k="ele" v="2.048"/>
  </node>
  <node id="759" lat="-5.41590595672" lon="53.39072304444">
    <tag k="local_x" v="-102.8967"/>
    <tag k="local_y" v="171.1646"/>
    <tag k="ele" v="1.9926"/>
  </node>
  <node id="760" lat="-5.41590150538" lon="53.39080321831">
    <tag k="local_x" v="-94.0004"/>
    <tag k="local_y" v="171.7106"/>
    <tag k="ele" v="1.9772"/>
  </node>
  <node id="762" lat="-5.4159126948" lon="53.39098179639">
    <tag k="local_x" v="-74.171"/>
    <tag k="local_y" v="170.5893"/>
    <tag k="ele" v="1.9739"/>
  </node>
  <node id="764" lat="-5.41589796464" lon="53.39117766825">
    <tag k="local_x" v="-52.4391"/>
    <tag k="local_y" v="172.3502"/>
    <tag k="ele" v="2.0141"/>
  </node>
  <node id="767" lat="-5.41588776052" lon="53.39098051026">
    <tag k="local_x" v="-74.3302"/>
    <tag k="local_y" v="173.3501"/>
    <tag k="ele" v="1.995"/>
  </node>
  <node id="769" lat="-5.41587265537" lon="53.39117633479">
    <tag k="local_x" v="-52.6038"/>
    <tag k="local_y" v="175.1525"/>
    <tag k="ele" v="2.0214"/>
  </node>
  <node id="1093" lat="-5.41598515201" lon="53.38996827058">
    <tag k="local_x" v="-186.6238"/>
    <tag k="local_y" v="161.8943"/>
    <tag k="ele" v="1.8941"/>
  </node>
  <node id="1094" lat="-5.41598572819" lon="53.38998024742">
    <tag k="local_x" v="-185.294"/>
    <tag k="local_y" v="161.8384"/>
    <tag k="ele" v="1.8949"/>
  </node>
  <node id="1095" lat="-5.41598536867" lon="53.39001622276">
    <tag k="local_x" v="-181.301"/>
    <tag k="local_y" v="161.902"/>
    <tag k="ele" v="1.8953"/>
  </node>
  <node id="1099" lat="-5.41595853243" lon="53.38998580274">
    <tag k="local_x" v="-184.6953"/>
    <tag k="local_y" v="164.8542"/>
    <tag k="ele" v="1.9104"/>
  </node>
  <node id="1100" lat="-5.4159576824" lon="53.38997620052">
    <tag k="local_x" v="-185.7617"/>
    <tag k="local_y" v="164.942"/>
    <tag k="ele" v="1.9084"/>
  </node>
  <node id="1101" lat="-5.41595938411" lon="53.39000491042">
    <tag k="local_x" v="-182.5738"/>
    <tag k="local_y" v="164.7725"/>
    <tag k="ele" v="1.9124"/>
  </node>
  <node id="1146" lat="-5.41595896408" lon="53.38999564979">
    <tag k="local_x" v="-183.602"/>
    <tag k="local_y" v="164.8129"/>
    <tag k="ele" v="1.9114"/>
  </node>
  <node id="1147" lat="-5.41595938037" lon="53.39001532672">
    <tag k="local_x" v="-181.4176"/>
    <tag k="local_y" v="164.7798"/>
    <tag k="ele" v="1.9134"/>
  </node>
  <node id="1148" lat="-5.41598613941" lon="53.3899940829">
    <tag k="local_x" v="-183.758"/>
    <tag k="local_y" v="161.802"/>
    <tag k="ele" v="1.8951"/>
  </node>
  <node id="1149" lat="-5.41598600053" lon="53.39000470001">
    <tag k="local_x" v="-182.5796"/>
    <tag k="local_y" v="161.8244"/>
    <tag k="ele" v="1.8952"/>
  </node>
  <node id="1284" lat="-5.41666303996" lon="53.38838229113">
    <tag k="local_x" v="-362.2192"/>
    <tag k="local_y" v="85.7646"/>
    <tag k="ele" v="1.7291"/>
  </node>
  <node id="1472" lat="-5.4170889748" lon="53.38631048258">
    <tag k="local_x" v="-591.9076"/>
    <tag k="local_y" v="37.2184"/>
    <tag k="ele" v="1.3469"/>
  </node>
  <node id="1475" lat="-5.41709113129" lon="53.38628516964">
    <tag k="local_x" v="-594.7159"/>
    <tag k="local_y" v="36.9628"/>
    <tag k="ele" v="1.3469"/>
  </node>
  <node id="1486" lat="-5.41750838104" lon="53.38630967471">
    <tag k="local_x" v="-591.7203"/>
    <tag k="local_y" v="-9.2346"/>
    <tag k="ele" v="1.3469"/>
  </node>
  <node id="1488" lat="-5.41750622456" lon="53.38633498766">
    <tag k="local_x" v="-588.912"/>
    <tag k="local_y" v="-8.979"/>
    <tag k="ele" v="1.3469"/>
  </node>
  <node id="1697" lat="-5.41731658699" lon="53.38629340852">
    <tag k="local_x" v="-593.6525"/>
    <tag k="local_y" v="11.9973"/>
    <tag k="ele" v="1.3244"/>
  </node>
  <node id="1698" lat="-5.41731443142" lon="53.38631872237">
    <tag k="local_x" v="-590.8441"/>
    <tag k="local_y" v="12.2528"/>
    <tag k="ele" v="1.3244"/>
  </node>
  <node id="1745" lat="-5.41686762269" lon="53.38633564367">
    <tag k="local_x" v="-589.2609"/>
    <tag k="local_y" v="61.7515"/>
    <tag k="ele" v="1.3163"/>
  </node>
  <node id="1749" lat="-5.41687544599" lon="53.38633578182">
    <tag k="local_x" v="-589.2404"/>
    <tag k="local_y" v="60.8851"/>
    <tag k="ele" v="1.3163"/>
  </node>
  <node id="1767" lat="-5.41686414293" lon="53.38630646516">
    <tag k="local_x" v="-592.502"/>
    <tag k="local_y" v="62.1176"/>
    <tag k="ele" v="1.3163"/>
  </node>
  <node id="1769" lat="-5.41687811189" lon="53.38630687215">
    <tag k="local_x" v="-592.4476"/>
    <tag k="local_y" v="60.5707"/>
    <tag k="ele" v="1.3163"/>
  </node>
  <node id="1775" lat="-5.41678878201" lon="53.38658542089">
    <tag k="local_x" v="-561.5878"/>
    <tag k="local_y" v="70.649"/>
    <tag k="ele" v="1.3619"/>
  </node>
  <node id="1778" lat="-5.41676339108" lon="53.3865835476">
    <tag k="local_x" v="-561.8125"/>
    <tag k="local_y" v="73.46"/>
    <tag k="ele" v="1.3619"/>
  </node>
  <node id="1817" lat="-5.41671876017" lon="53.38713667671">
    <tag k="local_x" v="-500.4449"/>
    <tag k="local_y" v="78.7692"/>
    <tag k="ele" v="1.4794"/>
  </node>
  <node id="1818" lat="-5.41674395619" lon="53.38713856561">
    <tag k="local_x" v="-500.2186"/>
    <tag k="local_y" v="75.9798"/>
    <tag k="ele" v="1.4759"/>
  </node>
  <node id="2423" lat="-5.41692332171" lon="53.3862700571">
    <tag k="local_x" v="-596.5042"/>
    <tag k="local_y" v="55.539"/>
    <tag k="ele" v="1.3244"/>
  </node>
  <node id="2424" lat="-5.41692116523" lon="53.38629537093">
    <tag k="local_x" v="-593.6958"/>
    <tag k="local_y" v="55.7946"/>
    <tag k="ele" v="1.3244"/>
  </node>
  <node id="4058" lat="-5.41696499438" lon="53.38636067172">
    <tag k="local_x" v="-586.4185"/>
    <tag k="local_y" v="50.9834"/>
    <tag k="ele" v="1.5265"/>
  </node>
  <node id="4059" lat="-5.41696696478" lon="53.38633534277">
    <tag k="local_x" v="-589.2287"/>
    <tag k="local_y" v="50.7484"/>
    <tag k="ele" v="1.5265"/>
  </node>
  <node id="4092" lat="-5.41661260291" lon="53.38904041215">
    <tag k="local_x" v="-289.2015"/>
    <tag k="local_y" v="91.7861"/>
    <tag k="ele" v="1.8205"/>
  </node>
  <node id="4093" lat="-5.41665357386" lon="53.38854719253">
    <tag k="local_x" v="-343.9215"/>
    <tag k="local_y" v="86.9221"/>
    <tag k="ele" v="1.7572"/>
  </node>
  <node id="4095" lat="-5.4166397953" lon="53.38904216223">
    <tag k="local_x" v="-288.9893"/>
    <tag k="local_y" v="88.7755"/>
    <tag k="ele" v="1.8205"/>
  </node>
  <node id="4096" lat="-5.41667896741" lon="53.38854904338">
    <tag k="local_x" v="-343.6993"/>
    <tag k="local_y" v="84.1108"/>
    <tag k="ele" v="1.7572"/>
  </node>
  <node id="4343" lat="-5.41668796411" lon="53.38842044678">
    <tag k="local_x" v="-357.9675"/>
    <tag k="local_y" v="83.0293"/>
    <tag k="ele" v="1.7532"/>
  </node>
  <node id="4344" lat="-5.41665858594" lon="53.38841795115">
    <tag k="local_x" v="-358.2639"/>
    <tag k="local_y" v="86.2815"/>
    <tag k="ele" v="1.7319"/>
  </node>
  <node id="4827" lat="-5.41688469798" lon="53.3863379403">
    <tag k="local_x" v="-588.9947"/>
    <tag k="local_y" v="59.8618"/>
    <tag k="ele" v="1.3818"/>
  </node>
  <node id="4828" lat="-5.41689208007" lon="53.3863103233">
    <tag k="local_x" v="-592.0553"/>
    <tag k="local_y" v="59.0259"/>
    <tag k="ele" v="1.3818"/>
  </node>
  <node id="4868" lat="-5.41690196063" lon="53.38634575475">
    <tag k="local_x" v="-588.1159"/>
    <tag k="local_y" v="57.955"/>
    <tag k="ele" v="1.3818"/>
  </node>
  <node id="4872" lat="-5.41691907713" lon="53.38635237908">
    <tag k="local_x" v="-587.3693"/>
    <tag k="local_y" v="56.0636"/>
    <tag k="ele" v="1.3818"/>
  </node>
  <node id="4876" lat="-5.41694089999" lon="53.38635713756">
    <tag k="local_x" v="-586.8267"/>
    <tag k="local_y" v="53.6497"/>
    <tag k="ele" v="1.3818"/>
  </node>
  <node id="4882" lat="-5.41690784035" lon="53.38631798813">
    <tag k="local_x" v="-591.1941"/>
    <tag k="local_y" v="57.2854"/>
    <tag k="ele" v="1.3818"/>
  </node>
  <node id="4886" lat="-5.41692409992" lon="53.38632504819">
    <tag k="local_x" v="-590.3997"/>
    <tag k="local_y" v="55.4892"/>
    <tag k="ele" v="1.3818"/>
  </node>
  <node id="4890" lat="-5.41694295788" lon="53.38632998017">
    <tag k="local_x" v="-589.8398"/>
    <tag k="local_y" v="53.4038"/>
    <tag k="ele" v="1.3818"/>
  </node>
  <node id="7015" lat="-5.4171827466" lon="53.38996536449">
    <tag k="local_x" v="-186.1564"/>
    <tag k="local_y" v="29.2501"/>
    <tag k="ele" v="1.858"/>
  </node>
  <node id="7016" lat="-5.41718460176" lon="53.38994036586">
    <tag k="local_x" v="-188.93"/>
    <tag k="local_y" v="29.0281"/>
    <tag k="ele" v="1.891"/>
  </node>
  <node id="8036" lat="-5.41704913459" lon="53.38995402244">
    <tag k="local_x" v="-187.5035"/>
    <tag k="local_y" v="44.0411"/>
    <tag k="ele" v="1.8594"/>
  </node>
  <node id="8037" lat="-5.41705107588" lon="53.38992893142">
    <tag k="local_x" v="-190.2873"/>
    <tag k="local_y" v="43.8095"/>
    <tag k="ele" v="1.895"/>
  </node>
  <node id="9780" lat="-5.41656541422" lon="53.38913539416">
    <tag k="local_x" v="-278.6897"/>
    <tag k="local_y" v="97.0754"/>
    <tag k="ele" v="1.7888"/>
  </node>
  <node id="9781" lat="-5.41659080105" lon="53.38913732616">
    <tag k="local_x" v="-278.4585"/>
    <tag k="local_y" v="94.2649"/>
    <tag k="ele" v="1.7986"/>
  </node>
  <node id="9881" lat="-5.41586921301" lon="53.39122284658">
    <tag k="local_x" v="-47.4433"/>
    <tag k="local_y" v="175.5645"/>
    <tag k="ele" v="2.0207"/>
  </node>
  <node id="9882" lat="-5.41589442616" lon="53.39122471756">
    <tag k="local_x" v="-47.219"/>
    <tag k="local_y" v="172.7732"/>
    <tag k="ele" v="2.0105"/>
  </node>
  <node id="9905" lat="-5.41594789172" lon="53.39017758614">
    <tag k="local_x" v="-163.4145"/>
    <tag k="local_y" v="166.1595"/>
    <tag k="ele" v="1.9497"/>
  </node>
  <node id="9906" lat="-5.41597362582" lon="53.39017945847">
    <tag k="local_x" v="-163.1897"/>
    <tag k="local_y" v="163.3105"/>
    <tag k="ele" v="1.9213"/>
  </node>
  <node id="10160" lat="-5.41678809685" lon="53.38993477906">
    <tag k="local_x" v="-189.8117"/>
    <tag k="local_y" v="72.9402"/>
    <tag k="ele" v="1.8619"/>
  </node>
  <node id="10161" lat="-5.4167899935" lon="53.38990962074">
    <tag k="local_x" v="-192.603"/>
    <tag k="local_y" v="72.7135"/>
    <tag k="ele" v="1.8993"/>
  </node>
  <node id="10167" lat="-5.41687177099" lon="53.38994115931">
    <tag k="local_x" v="-189.0483"/>
    <tag k="local_y" v="63.6769"/>
    <tag k="ele" v="1.8636"/>
  </node>
  <node id="10168" lat="-5.41687373095" lon="53.38991601954">
    <tag k="local_x" v="-191.8375"/>
    <tag k="local_y" v="63.4432"/>
    <tag k="ele" v="1.8973"/>
  </node>
  <node id="10332" lat="-5.41733684999" lon="53.38997680905">
    <tag k="local_x" v="-184.7844"/>
    <tag k="local_y" v="12.1896"/>
    <tag k="ele" v="1.8353"/>
  </node>
  <node id="10333" lat="-5.41733884348" lon="53.38995184383">
    <tag k="local_x" v="-187.5542"/>
    <tag k="local_y" v="11.9523"/>
    <tag k="ele" v="1.8775"/>
  </node>
  <node id="10339" lat="-5.41747591086" lon="53.3899878493">
    <tag k="local_x" v="-183.4672"/>
    <tag k="local_y" v="-3.2051"/>
    <tag k="ele" v="1.8289"/>
  </node>
  <node id="10340" lat="-5.41747790181" lon="53.38996291292">
    <tag k="local_x" v="-186.2338"/>
    <tag k="local_y" v="-3.4421"/>
    <tag k="ele" v="1.8761"/>
  </node>
  <node id="10718" lat="-5.4178110811" lon="53.38990910593">
    <tag k="local_x" v="-191.9865"/>
    <tag k="local_y" v="-40.3797"/>
    <tag k="ele" v="1.8428"/>
  </node>
  <node id="10741" lat="-5.41751233609" lon="53.38998869317">
    <tag k="local_x" v="-183.3495"/>
    <tag k="local_y" v="-7.2389"/>
    <tag k="ele" v="1.8516"/>
  </node>
  <node id="10743" lat="-5.41752477184" lon="53.38998922106">
    <tag k="local_x" v="-183.2827"/>
    <tag k="local_y" v="-8.6159"/>
    <tag k="ele" v="1.8516"/>
  </node>
  <node id="10746" lat="-5.41753562355" lon="53.38998862593">
    <tag k="local_x" v="-183.3416"/>
    <tag k="local_y" v="-9.8182"/>
    <tag k="ele" v="1.8516"/>
  </node>
  <node id="10749" lat="-5.41754963188" lon="53.38998714896">
    <tag k="local_x" v="-183.4963"/>
    <tag k="local_y" v="-11.3707"/>
    <tag k="ele" v="1.8516"/>
  </node>
  <node id="10752" lat="-5.41756349295" lon="53.38998459899">
    <tag k="local_x" v="-183.7702"/>
    <tag k="local_y" v="-12.9076"/>
    <tag k="ele" v="1.8516"/>
  </node>
  <node id="10755" lat="-5.41758348306" lon="53.38997892697">
    <tag k="local_x" v="-184.3866"/>
    <tag k="local_y" v="-15.1254"/>
    <tag k="ele" v="1.8516"/>
  </node>
  <node id="10766" lat="-5.41751336331" lon="53.38996369585">
    <tag k="local_x" v="-186.1235"/>
    <tag k="local_y" v="-7.3692"/>
    <tag k="ele" v="1.8516"/>
  </node>
  <node id="10769" lat="-5.41752565645" lon="53.38996377864">
    <tag k="local_x" v="-186.1062"/>
    <tag k="local_y" v="-8.7307"/>
    <tag k="ele" v="1.8516"/>
  </node>
  <node id="10772" lat="-5.41753775078" lon="53.38996292387">
    <tag k="local_x" v="-186.1931"/>
    <tag k="local_y" v="-10.0708"/>
    <tag k="ele" v="1.8516"/>
  </node>
  <node id="10775" lat="-5.41754973486" lon="53.38996114361">
    <tag k="local_x" v="-186.3828"/>
    <tag k="local_y" v="-11.3993"/>
    <tag k="ele" v="1.8516"/>
  </node>
  <node id="10778" lat="-5.41756153832" lon="53.38995845001">
    <tag k="local_x" v="-186.674"/>
    <tag k="local_y" v="-12.7084"/>
    <tag k="ele" v="1.8516"/>
  </node>
  <node id="10781" lat="-5.41757308995" lon="53.38995486059">
    <tag k="local_x" v="-187.0648"/>
    <tag k="local_y" v="-13.9902"/>
    <tag k="ele" v="1.8516"/>
  </node>
  <node id="10784" lat="-5.41758432307" lon="53.38995039829">
    <tag k="local_x" v="-187.5527"/>
    <tag k="local_y" v="-15.2373"/>
    <tag k="ele" v="1.8516"/>
  </node>
  <node id="10823" lat="-5.41772720006" lon="53.38992992544">
    <tag k="local_x" v="-189.7309"/>
    <tag k="local_y" v="-31.0755"/>
    <tag k="ele" v="1.8592"/>
  </node>
  <node id="10824" lat="-5.41772967381" lon="53.38990298436">
    <tag k="local_x" v="-192.7197"/>
    <tag k="local_y" v="-31.3673"/>
    <tag k="ele" v="1.8597"/>
  </node>
  <node id="10926" lat="-5.41741631171" lon="53.38645036462">
    <tag k="local_x" v="-576.1646"/>
    <tag k="local_y" v="1.0559"/>
    <tag k="ele" v="2.9548"/>
  </node>
  <node id="10927" lat="-5.41658105337" lon="53.38834702341">
    <tag k="local_x" v="-366.188"/>
    <tag k="local_y" v="94.8219"/>
    <tag k="ele" v="0.9723"/>
  </node>
  <node id="11380" lat="-5.41693932716" lon="53.38718620205">
    <tag k="local_x" v="-494.802"/>
    <tag k="local_y" v="54.3725"/>
    <tag k="ele" v="1.4548"/>
  </node>
  <node id="11381" lat="-5.41694125096" lon="53.38716198238">
    <tag k="local_x" v="-497.4891"/>
    <tag k="local_y" v="54.1434"/>
    <tag k="ele" v="1.4548"/>
  </node>
  <node id="11750" lat="-5.416768513" lon="53.3874338426">
    <tag k="local_x" v="-467.4268"/>
    <tag k="local_y" v="73.4553"/>
    <tag k="ele" v="1.4962"/>
  </node>
  <node id="11751" lat="-5.41673891146" lon="53.38744413131">
    <tag k="local_x" v="-466.3043"/>
    <tag k="local_y" v="76.7407"/>
    <tag k="ele" v="1.5076"/>
  </node>
  <node id="11760" lat="-5.41676402471" lon="53.38740888359">
    <tag k="local_x" v="-470.2002"/>
    <tag k="local_y" v="73.9359"/>
    <tag k="ele" v="1.522"/>
  </node>
  <node id="11764" lat="-5.41676817609" lon="53.38742187878">
    <tag k="local_x" v="-468.755"/>
    <tag k="local_y" v="73.4847"/>
    <tag k="ele" v="1.5003"/>
  </node>
  <node id="11766" lat="-5.41673595459" lon="53.38744111465">
    <tag k="local_x" v="-466.6411"/>
    <tag k="local_y" v="77.0662"/>
    <tag k="ele" v="1.5003"/>
  </node>
  <node id="11771" lat="-5.41669454386" lon="53.38746114119">
    <tag k="local_x" v="-464.4455"/>
    <tag k="local_y" v="81.666"/>
    <tag k="ele" v="1.5289"/>
  </node>
  <node id="11772" lat="-5.41671961953" lon="53.38746268307">
    <tag k="local_x" v="-464.2578"/>
    <tag k="local_y" v="78.8897"/>
    <tag k="ele" v="1.5231"/>
  </node>
  <node id="11785" lat="-5.41675530822" lon="53.38739948673">
    <tag k="local_x" v="-471.249"/>
    <tag k="local_y" v="74.8951"/>
    <tag k="ele" v="1.5234"/>
  </node>
  <node id="11787" lat="-5.41674204192" lon="53.38739337551">
    <tag k="local_x" v="-471.9361"/>
    <tag k="local_y" v="76.3604"/>
    <tag k="ele" v="1.5234"/>
  </node>
  <node id="11789" lat="-5.41672827556" lon="53.38739212313">
    <tag k="local_x" v="-472.0842"/>
    <tag k="local_y" v="77.8843"/>
    <tag k="ele" v="1.5234"/>
  </node>
  <node id="11793" lat="-5.41673185111" lon="53.38744022103">
    <tag k="local_x" v="-466.743"/>
    <tag k="local_y" v="77.5201"/>
    <tag k="ele" v="1.5234"/>
  </node>
  <node id="11917" lat="-5.41683844546" lon="53.38650654947">
    <tag k="local_x" v="-570.3097"/>
    <tag k="local_y" v="65.0962"/>
    <tag k="ele" v="1.4739"/>
  </node>
  <node id="11918" lat="-5.41681305786" lon="53.38650462841">
    <tag k="local_x" v="-570.5397"/>
    <tag k="local_y" v="67.9068"/>
    <tag k="ele" v="1.4739"/>
  </node>
  <node id="12360" lat="-5.41682322964" lon="53.38670819037">
    <tag k="local_x" v="-547.9377"/>
    <tag k="local_y" v="66.9149"/>
    <tag k="ele" v="1.4739"/>
  </node>
  <node id="12365" lat="-5.41679322615" lon="53.38671466527">
    <tag k="local_x" v="-547.2388"/>
    <tag k="local_y" v="70.2423"/>
    <tag k="ele" v="1.4739"/>
  </node>
  <node id="12378" lat="-5.41682488504" lon="53.38668499034">
    <tag k="local_x" v="-550.5118"/>
    <tag k="local_y" v="66.7162"/>
    <tag k="ele" v="1.4767"/>
  </node>
  <node id="12379" lat="-5.41679949834" lon="53.38668307017">
    <tag k="local_x" v="-550.7417"/>
    <tag k="local_y" v="69.5267"/>
    <tag k="ele" v="1.4767"/>
  </node>
  <node id="12509" lat="-5.41612970986" lon="53.38843525397">
    <tag k="local_x" v="-356.6923"/>
    <tag k="local_y" v="144.8699"/>
    <tag k="ele" v="0.0182"/>
  </node>
  <node id="12512" lat="-5.41612541116" lon="53.38846668869">
    <tag k="local_x" v="-353.2059"/>
    <tag k="local_y" v="145.3668"/>
    <tag k="ele" v="0.0182"/>
  </node>
  <node id="13135" lat="-5.41596917977" lon="53.38968758445">
    <tag k="local_x" v="-217.7903"/>
    <tag k="local_y" v="163.4778"/>
    <tag k="ele" v="0.141"/>
  </node>
  <node id="13138" lat="-5.41599371453" lon="53.38967926923">
    <tag k="local_x" v="-218.6971"/>
    <tag k="local_y" v="160.7549"/>
    <tag k="ele" v="0.141"/>
  </node>
  <node id="13503" lat="-5.41613256796" lon="53.38723397316">
    <tag k="local_x" v="-490.032"/>
    <tag k="local_y" v="143.7588"/>
    <tag k="ele" v="-0.1174"/>
  </node>
  <node id="13506" lat="-5.41615331818" lon="53.38724945884">
    <tag k="local_x" v="-488.2994"/>
    <tag k="local_y" v="141.4708"/>
    <tag k="ele" v="-0.1174"/>
  </node>
  <node id="14851" lat="-5.41592871237" lon="53.38987871169">
    <tag k="local_x" v="-196.602"/>
    <tag k="local_y" v="168.0862"/>
    <tag k="ele" v="0.1406"/>
  </node>
  <node id="14852" lat="-5.41594387298" lon="53.38994837429">
    <tag k="local_x" v="-188.8595"/>
    <tag k="local_y" v="166.4531"/>
    <tag k="ele" v="0.2497"/>
  </node>
  <node id="14854" lat="-5.41590339057" lon="53.38988419912">
    <tag k="local_x" v="-196.0096"/>
    <tag k="local_y" v="170.8944"/>
    <tag k="ele" v="0.1406"/>
  </node>
  <node id="14855" lat="-5.41591855118" lon="53.38995386173">
    <tag k="local_x" v="-188.2671"/>
    <tag k="local_y" v="169.2613"/>
    <tag k="ele" v="0.2497"/>
  </node>
  <node id="15106" lat="-5.41656653833" lon="53.38945678603">
    <tag k="local_x" v="-243.0147"/>
    <tag k="local_y" v="97.1634"/>
    <tag k="ele" v="1.8487"/>
  </node>
  <node id="15107" lat="-5.41654014918" lon="53.38977307391">
    <tag k="local_x" v="-207.9244"/>
    <tag k="local_y" v="100.2953"/>
    <tag k="ele" v="1.8368"/>
  </node>
  <node id="15109" lat="-5.41654151443" lon="53.38945485006">
    <tag k="local_x" v="-243.2461"/>
    <tag k="local_y" v="99.9337"/>
    <tag k="ele" v="1.8487"/>
  </node>
  <node id="15110" lat="-5.41651512527" lon="53.38977113702">
    <tag k="local_x" v="-208.1559"/>
    <tag k="local_y" v="103.0656"/>
    <tag k="ele" v="1.8368"/>
  </node>
  <node id="15635" lat="-5.41582449896" lon="53.391466369">
    <tag k="local_x" v="-20.442"/>
    <tag k="local_y" v="180.6778"/>
    <tag k="ele" v="2.0368"/>
  </node>
  <node id="15636" lat="-5.41585636244" lon="53.3914665284">
    <tag k="local_x" v="-20.4033"/>
    <tag k="local_y" v="177.1488"/>
    <tag k="ele" v="2.0368"/>
  </node>
  <node id="16252" lat="-5.41760001372" lon="53.38997225748">
    <tag k="local_x" v="-185.116"/>
    <tag k="local_y" v="-16.9607"/>
    <tag k="ele" v="1.8516"/>
  </node>
  <node id="16253" lat="-5.41758850921" lon="53.38994834997">
    <tag k="local_x" v="-187.7773"/>
    <tag k="local_y" v="-15.7023"/>
    <tag k="ele" v="1.8516"/>
  </node>
  <node id="16259" lat="-5.41767047544" lon="53.38993950954">
    <tag k="local_x" v="-188.7045"/>
    <tag k="local_y" v="-24.7865"/>
    <tag k="ele" v="1.8516"/>
  </node>
  <node id="16262" lat="-5.41768159606" lon="53.38993540917">
    <tag k="local_x" v="-189.1523"/>
    <tag k="local_y" v="-26.0209"/>
    <tag k="ele" v="1.8516"/>
  </node>
  <node id="16265" lat="-5.41769284888" lon="53.38993243234">
    <tag k="local_x" v="-189.4753"/>
    <tag k="local_y" v="-27.2692"/>
    <tag k="ele" v="1.8516"/>
  </node>
  <node id="16268" lat="-5.41770432659" lon="53.38993052536">
    <tag k="local_x" v="-189.6794"/>
    <tag k="local_y" v="-28.5417"/>
    <tag k="ele" v="1.8516"/>
  </node>
  <node id="16271" lat="-5.41771592814" lon="53.38992970324">
    <tag k="local_x" v="-189.763"/>
    <tag k="local_y" v="-29.8272"/>
    <tag k="ele" v="1.8516"/>
  </node>
  <node id="16274" lat="-5.4176603829" lon="53.38991497561">
    <tag k="local_x" v="-191.4344"/>
    <tag k="local_y" v="-23.6849"/>
    <tag k="ele" v="1.8516"/>
  </node>
  <node id="16277" lat="-5.41767342444" lon="53.3899100521">
    <tag k="local_x" v="-191.9723"/>
    <tag k="local_y" v="-25.1326"/>
    <tag k="ele" v="1.8516"/>
  </node>
  <node id="16280" lat="-5.41768707705" lon="53.38990631055">
    <tag k="local_x" v="-192.3786"/>
    <tag k="local_y" v="-26.6472"/>
    <tag k="ele" v="1.8516"/>
  </node>
  <node id="16283" lat="-5.41770102722" lon="53.38990386365">
    <tag k="local_x" v="-192.641"/>
    <tag k="local_y" v="-28.1939"/>
    <tag k="ele" v="1.8516"/>
  </node>
  <node id="16286" lat="-5.41771515049" lon="53.38990273645">
    <tag k="local_x" v="-192.7568"/>
    <tag k="local_y" v="-29.7589"/>
    <tag k="ele" v="1.8516"/>
  </node>
  <node id="16452" lat="-5.41762001336" lon="53.38993158238">
    <tag k="local_x" v="-189.6177"/>
    <tag k="local_y" v="-19.2027"/>
    <tag k="ele" v="1.8516"/>
  </node>
  <node id="16455" lat="-5.41763103174" lon="53.38992850515">
    <tag k="local_x" v="-189.952"/>
    <tag k="local_y" v="-20.4251"/>
    <tag k="ele" v="1.8516"/>
  </node>
  <node id="16458" lat="-5.4176422932" lon="53.38992652108">
    <tag k="local_x" v="-190.1648"/>
    <tag k="local_y" v="-21.6737"/>
    <tag k="ele" v="1.8516"/>
  </node>
  <node id="16461" lat="-5.4176536886" lon="53.38992564973">
    <tag k="local_x" v="-190.254"/>
    <tag k="local_y" v="-22.9364"/>
    <tag k="ele" v="1.8516"/>
  </node>
  <node id="16465" lat="-5.41760703274" lon="53.38990799265">
    <tag k="local_x" v="-192.2447"/>
    <tag k="local_y" v="-17.7806"/>
    <tag k="ele" v="1.8516"/>
  </node>
  <node id="16468" lat="-5.41762040091" lon="53.38990363838">
    <tag k="local_x" v="-192.7192"/>
    <tag k="local_y" v="-19.2641"/>
    <tag k="ele" v="1.8516"/>
  </node>
  <node id="16471" lat="-5.41763413815" lon="53.38990061255">
    <tag k="local_x" v="-193.046"/>
    <tag k="local_y" v="-20.7876"/>
    <tag k="ele" v="1.8516"/>
  </node>
  <node id="16474" lat="-5.41764811282" lon="53.38989894389">
    <tag k="local_x" v="-193.222"/>
    <tag k="local_y" v="-22.3365"/>
    <tag k="ele" v="1.8516"/>
  </node>
  <node id="16477" lat="-5.41766196927" lon="53.38989864441">
    <tag k="local_x" v="-193.2461"/>
    <tag k="local_y" v="-23.8714"/>
    <tag k="ele" v="1.8516"/>
  </node>
  <node id="19125" lat="-5.41690054742" lon="53.39163928804">
    <tag k="local_x" v="-0.5387"/>
    <tag k="local_y" v="61.6121"/>
    <tag k="ele" v="1.9586"/>
  </node>
  <node id="19129" lat="-5.41690230778" lon="53.39161382238">
    <tag k="local_x" v="-3.3642"/>
    <tag k="local_y" v="61.4003"/>
    <tag k="ele" v="1.9412"/>
  </node>
  <node id="19406" lat="-5.41745324741" lon="53.39168304662">
    <tag k="local_x" v="4.6829"/>
    <tag k="local_y" v="0.4256"/>
    <tag k="ele" v="1.8893"/>
  </node>
  <node id="19409" lat="-5.41745561164" lon="53.39165770798">
    <tag k="local_x" v="1.8719"/>
    <tag k="local_y" v="0.147"/>
    <tag k="ele" v="1.8706"/>
  </node>
  <node id="20527" lat="-5.41643609358" lon="53.39126195707">
    <tag k="local_x" v="-42.7283"/>
    <tag k="local_y" v="112.8043"/>
    <tag k="ele" v="1.985"/>
  </node>
  <node id="20530" lat="-5.41646251122" lon="53.39124885318">
    <tag k="local_x" v="-44.1654"/>
    <tag k="local_y" v="109.8697"/>
    <tag k="ele" v="1.985"/>
  </node>
  <node id="20535" lat="-5.41647225933" lon="53.39128755146">
    <tag k="local_x" v="-39.8635"/>
    <tag k="local_y" v="108.8156"/>
    <tag k="ele" v="1.9962"/>
  </node>
  <node id="20537" lat="-5.41647218018" lon="53.39127655544">
    <tag k="local_x" v="-41.0841"/>
    <tag k="local_y" v="108.8171"/>
    <tag k="ele" v="1.9962"/>
  </node>
  <node id="20539" lat="-5.41647131637" lon="53.39126706139">
    <tag k="local_x" v="-42.1385"/>
    <tag k="local_y" v="108.9065"/>
    <tag k="ele" v="1.9962"/>
  </node>
  <node id="20541" lat="-5.41646749798" lon="53.39125796237">
    <tag k="local_x" v="-43.151"/>
    <tag k="local_y" v="109.3234"/>
    <tag k="ele" v="1.9962"/>
  </node>
  <node id="20544" lat="-5.41644520168" lon="53.39129008339">
    <tag k="local_x" v="-39.6003"/>
    <tag k="local_y" v="111.8141"/>
    <tag k="ele" v="1.9962"/>
  </node>
  <node id="20547" lat="-5.4164433082" lon="53.3912788603">
    <tag k="local_x" v="-40.8473"/>
    <tag k="local_y" v="112.0164"/>
    <tag k="ele" v="1.9962"/>
  </node>
  <node id="20550" lat="-5.41643964314" lon="53.39126897658">
    <tag k="local_x" v="-41.9468"/>
    <tag k="local_y" v="112.4158"/>
    <tag k="ele" v="1.9962"/>
  </node>
  <node id="20554" lat="-5.41645155055" lon="53.39122695324">
    <tag k="local_x" v="-46.6035"/>
    <tag k="local_y" v="111.0692"/>
    <tag k="ele" v="1.9832"/>
  </node>
  <node id="20556" lat="-5.41644883602" lon="53.39121733865">
    <tag k="local_x" v="-47.6725"/>
    <tag k="local_y" v="111.3635"/>
    <tag k="ele" v="1.9832"/>
  </node>
  <node id="20557" lat="-5.41644662683" lon="53.39120616609">
    <tag k="local_x" v="-48.9141"/>
    <tag k="local_y" v="111.6008"/>
    <tag k="ele" v="1.9832"/>
  </node>
  <node id="20558" lat="-5.41642461681" lon="53.39124041695">
    <tag k="local_x" v="-45.1268"/>
    <tag k="local_y" v="114.0612"/>
    <tag k="ele" v="1.9832"/>
  </node>
  <node id="20559" lat="-5.4164209889" lon="53.39123297718">
    <tag k="local_x" v="-45.955"/>
    <tag k="local_y" v="114.4581"/>
    <tag k="ele" v="1.9832"/>
  </node>
  <node id="20560" lat="-5.41641951342" lon="53.39122416965">
    <tag k="local_x" v="-46.9336"/>
    <tag k="local_y" v="114.6157"/>
    <tag k="ele" v="1.9832"/>
  </node>
  <node id="20561" lat="-5.41641904952" lon="53.39121527233">
    <tag k="local_x" v="-47.9215"/>
    <tag k="local_y" v="114.6612"/>
    <tag k="ele" v="1.9832"/>
  </node>
  <node id="20589" lat="-5.41646949621" lon="53.39091631067">
    <tag k="local_x" v="-81.0727"/>
    <tag k="local_y" v="108.8763"/>
    <tag k="ele" v="1.9962"/>
  </node>
  <node id="20590" lat="-5.41644346368" lon="53.39090876256">
    <tag k="local_x" v="-81.9277"/>
    <tag k="local_y" v="111.7546"/>
    <tag k="ele" v="1.9962"/>
  </node>
  <node id="20616" lat="-5.41647306134" lon="53.39090475516">
    <tag k="local_x" v="-82.353"/>
    <tag k="local_y" v="108.4738"/>
    <tag k="ele" v="1.9962"/>
  </node>
  <node id="20620" lat="-5.41647749477" lon="53.39089633325">
    <tag k="local_x" v="-83.2849"/>
    <tag k="local_y" v="107.9772"/>
    <tag k="ele" v="1.9962"/>
  </node>
  <node id="20622" lat="-5.4164824326" lon="53.39088831376">
    <tag k="local_x" v="-84.1718"/>
    <tag k="local_y" v="107.425"/>
    <tag k="ele" v="1.9962"/>
  </node>
  <node id="20624" lat="-5.41644572524" lon="53.39089754092">
    <tag k="local_x" v="-83.1718"/>
    <tag k="local_y" v="111.4967"/>
    <tag k="ele" v="1.9962"/>
  </node>
  <node id="20626" lat="-5.41644910516" lon="53.39088762977">
    <tag k="local_x" v="-84.2697"/>
    <tag k="local_y" v="111.1158"/>
    <tag k="ele" v="1.9962"/>
  </node>
  <node id="20628" lat="-5.41645407648" lon="53.39087841458">
    <tag k="local_x" v="-85.2893"/>
    <tag k="local_y" v="110.5591"/>
    <tag k="ele" v="1.9962"/>
  </node>
  <node id="20630" lat="-5.41645970757" lon="53.3908705207">
    <tag k="local_x" v="-86.1618"/>
    <tag k="local_y" v="109.9302"/>
    <tag k="ele" v="1.9962"/>
  </node>
  <node id="20939" lat="-5.41672203638" lon="53.3899287653">
    <tag k="local_x" v="-190.5228"/>
    <tag k="local_y" v="80.2529"/>
    <tag k="ele" v="1.8671"/>
  </node>
  <node id="20940" lat="-5.4167240328" lon="53.38990368207">
    <tag k="local_x" v="-193.3057"/>
    <tag k="local_y" v="80.0152"/>
    <tag k="ele" v="1.8986"/>
  </node>
  <node id="20987" lat="-5.41694416571" lon="53.3899468156">
    <tag k="local_x" v="-188.3727"/>
    <tag k="local_y" v="55.6624"/>
    <tag k="ele" v="1.8666"/>
  </node>
  <node id="20988" lat="-5.41694612604" lon="53.38992158663">
    <tag k="local_x" v="-191.1718"/>
    <tag k="local_y" v="55.4286"/>
    <tag k="ele" v="1.8964"/>
  </node>
  <node id="20994" lat="-5.41672458083" lon="53.38989384721">
    <tag k="local_x" v="-194.397"/>
    <tag k="local_y" v="79.948"/>
    <tag k="ele" v="1.8671"/>
  </node>
  <node id="20996" lat="-5.41679059259" lon="53.38989896215">
    <tag k="local_x" v="-193.7857"/>
    <tag k="local_y" v="72.6401"/>
    <tag k="ele" v="1.8619"/>
  </node>
  <node id="20997" lat="-5.41683597688" lon="53.38990235011">
    <tag k="local_x" v="-193.3797"/>
    <tag k="local_y" v="67.6157"/>
    <tag k="ele" v="1.8596"/>
  </node>
  <node id="20998" lat="-5.41687426673" lon="53.3899053424">
    <tag k="local_x" v="-193.0223"/>
    <tag k="local_y" v="63.3768"/>
    <tag k="ele" v="1.8636"/>
  </node>
  <node id="20999" lat="-5.41690825236" lon="53.3899079981">
    <tag k="local_x" v="-192.7051"/>
    <tag k="local_y" v="59.6144"/>
    <tag k="ele" v="1.8656"/>
  </node>
  <node id="21000" lat="-5.41694666144" lon="53.38991099868">
    <tag k="local_x" v="-192.3467"/>
    <tag k="local_y" v="55.3623"/>
    <tag k="ele" v="1.8666"/>
  </node>
  <node id="21001" lat="-5.41672657724" lon="53.38986876398">
    <tag k="local_x" v="-197.1799"/>
    <tag k="local_y" v="79.7103"/>
    <tag k="ele" v="1.8986"/>
  </node>
  <node id="21003" lat="-5.41679248923" lon="53.38987380383">
    <tag k="local_x" v="-196.577"/>
    <tag k="local_y" v="72.4134"/>
    <tag k="ele" v="1.8993"/>
  </node>
  <node id="21004" lat="-5.41683699048" lon="53.38987718533">
    <tag k="local_x" v="-196.1723"/>
    <tag k="local_y" v="67.4868"/>
    <tag k="ele" v="1.8984"/>
  </node>
  <node id="21005" lat="-5.41687622669" lon="53.38988020262">
    <tag k="local_x" v="-195.8115"/>
    <tag k="local_y" v="63.1431"/>
    <tag k="ele" v="1.8973"/>
  </node>
  <node id="21006" lat="-5.41691021207" lon="53.38988281598">
    <tag k="local_x" v="-195.499"/>
    <tag k="local_y" v="59.3807"/>
    <tag k="ele" v="1.8967"/>
  </node>
  <node id="21007" lat="-5.41694862177" lon="53.38988576971">
    <tag k="local_x" v="-195.1458"/>
    <tag k="local_y" v="55.1285"/>
    <tag k="ele" v="1.8964"/>
  </node>
  <node id="21055" lat="-5.41701554158" lon="53.38991005327">
    <tag k="local_x" v="-192.4062"/>
    <tag k="local_y" v="47.7327"/>
    <tag k="ele" v="1.8868"/>
  </node>
  <node id="21058" lat="-5.41699761271" lon="53.38992978881">
    <tag k="local_x" v="-190.2274"/>
    <tag k="local_y" v="49.7315"/>
    <tag k="ele" v="1.8868"/>
  </node>
  <node id="21061" lat="-5.41696835053" lon="53.38991496711">
    <tag k="local_x" v="-191.8919"/>
    <tag k="local_y" v="52.9627"/>
    <tag k="ele" v="1.8817"/>
  </node>
  <node id="21067" lat="-5.416983969" lon="53.38992095541">
    <tag k="local_x" v="-191.2169"/>
    <tag k="local_y" v="51.2368"/>
    <tag k="ele" v="1.8817"/>
  </node>
  <node id="21069" lat="-5.4169772956" lon="53.38988914977">
    <tag k="local_x" v="-194.7517"/>
    <tag k="local_y" v="51.9549"/>
    <tag k="ele" v="1.8817"/>
  </node>
  <node id="21072" lat="-5.41699130116" lon="53.38989326026">
    <tag k="local_x" v="-194.2862"/>
    <tag k="local_y" v="50.4064"/>
    <tag k="ele" v="1.8817"/>
  </node>
  <node id="21075" lat="-5.41700436921" lon="53.38990079437">
    <tag k="local_x" v="-193.4413"/>
    <tag k="local_y" v="48.964"/>
    <tag k="ele" v="1.8817"/>
  </node>
  <node id="21082" lat="-5.41701127549" lon="53.38993969958">
    <tag k="local_x" v="-189.1183"/>
    <tag k="local_y" v="48.2248"/>
    <tag k="ele" v="1.8837"/>
  </node>
  <node id="21085" lat="-5.41702456281" lon="53.38994706031">
    <tag k="local_x" v="-188.2925"/>
    <tag k="local_y" v="46.758"/>
    <tag k="ele" v="1.8837"/>
  </node>
  <node id="21094" lat="-5.41702901205" lon="53.38991935887">
    <tag k="local_x" v="-191.3644"/>
    <tag k="local_y" v="46.2469"/>
    <tag k="ele" v="1.8837"/>
  </node>
  <node id="21115" lat="-5.41730684375" lon="53.38997452791">
    <tag k="local_x" v="-185.0574"/>
    <tag k="local_y" v="15.5115"/>
    <tag k="ele" v="1.851"/>
  </node>
  <node id="21116" lat="-5.41730869898" lon="53.38994954279">
    <tag k="local_x" v="-187.8295"/>
    <tag k="local_y" v="15.2895"/>
    <tag k="ele" v="1.8835"/>
  </node>
  <node id="21125" lat="-5.41730956253" lon="53.38993796279">
    <tag k="local_x" v="-189.1143"/>
    <tag k="local_y" v="15.1862"/>
    <tag k="ele" v="1.851"/>
  </node>
  <node id="21126" lat="-5.41732780324" lon="53.38993931024">
    <tag k="local_x" v="-188.9527"/>
    <tag k="local_y" v="13.1668"/>
    <tag k="ele" v="1.8481"/>
  </node>
  <node id="21127" lat="-5.41733956876" lon="53.38994024392">
    <tag k="local_x" v="-188.8413"/>
    <tag k="local_y" v="11.8643"/>
    <tag k="ele" v="1.8353"/>
  </node>
  <node id="21128" lat="-5.41747862963" lon="53.38995128417">
    <tag k="local_x" v="-187.5241"/>
    <tag k="local_y" v="-3.5304"/>
    <tag k="ele" v="1.8289"/>
  </node>
  <node id="21129" lat="-5.41731141776" lon="53.38991297767">
    <tag k="local_x" v="-191.8864"/>
    <tag k="local_y" v="14.9642"/>
    <tag k="ele" v="1.8835"/>
  </node>
  <node id="21130" lat="-5.41732885276" lon="53.38991426685">
    <tag k="local_x" v="-191.7318"/>
    <tag k="local_y" v="13.034"/>
    <tag k="ele" v="1.8804"/>
  </node>
  <node id="21131" lat="-5.41734156226" lon="53.38991527871">
    <tag k="local_x" v="-191.6111"/>
    <tag k="local_y" v="11.627"/>
    <tag k="ele" v="1.8775"/>
  </node>
  <node id="21132" lat="-5.41748062059" lon="53.38992634779">
    <tag k="local_x" v="-190.2907"/>
    <tag k="local_y" v="-3.7674"/>
    <tag k="ele" v="1.8761"/>
  </node>
  <node id="21136" lat="-5.41720913936" lon="53.38996731395">
    <tag k="local_x" v="-185.9226"/>
    <tag k="local_y" v="26.3282"/>
    <tag k="ele" v="1.8573"/>
  </node>
  <node id="21137" lat="-5.41721099543" lon="53.38994231802">
    <tag k="local_x" v="-188.6959"/>
    <tag k="local_y" v="26.1061"/>
    <tag k="ele" v="1.8903"/>
  </node>
  <node id="21173" lat="-5.41725668951" lon="53.38992696703">
    <tag k="local_x" v="-190.3697"/>
    <tag k="local_y" v="21.035"/>
    <tag k="ele" v="1.8786"/>
  </node>
  <node id="21176" lat="-5.41727531356" lon="53.38994730697">
    <tag k="local_x" v="-188.0997"/>
    <tag k="local_y" v="18.9857"/>
    <tag k="ele" v="1.8786"/>
  </node>
  <node id="21182" lat="-5.41724695545" lon="53.38996248375">
    <tag k="local_x" v="-186.4338"/>
    <tag k="local_y" v="22.1366"/>
    <tag k="ele" v="1.8737"/>
  </node>
  <node id="21183" lat="-5.41725586959" lon="53.38995886227">
    <tag k="local_x" v="-186.8299"/>
    <tag k="local_y" v="21.1469"/>
    <tag k="ele" v="1.8737"/>
  </node>
  <node id="21184" lat="-5.41726391528" lon="53.38995389819">
    <tag k="local_x" v="-187.3756"/>
    <tag k="local_y" v="20.2525"/>
    <tag k="ele" v="1.8737"/>
  </node>
  <node id="21186" lat="-5.41723411436" lon="53.38993821752">
    <tag k="local_x" v="-189.1358"/>
    <tag k="local_y" v="23.5428"/>
    <tag k="ele" v="1.8737"/>
  </node>
  <node id="21188" lat="-5.41724559308" lon="53.38993330331">
    <tag k="local_x" v="-189.6737"/>
    <tag k="local_y" v="22.2682"/>
    <tag k="ele" v="1.8737"/>
  </node>
  <node id="21194" lat="-5.41728725597" lon="53.38994232874">
    <tag k="local_x" v="-188.6444"/>
    <tag k="local_y" v="17.6597"/>
    <tag k="ele" v="1.8837"/>
  </node>
  <node id="21196" lat="-5.41729708617" lon="53.38993955497">
    <tag k="local_x" v="-188.9458"/>
    <tag k="local_y" v="16.5691"/>
    <tag k="ele" v="1.8837"/>
  </node>
  <node id="21197" lat="-5.41726714067" lon="53.38992007333">
    <tag k="local_x" v="-191.128"/>
    <tag k="local_y" v="19.8729"/>
    <tag k="ele" v="1.8837"/>
  </node>
  <node id="21198" lat="-5.4172745289" lon="53.38991629154">
    <tag k="local_x" v="-191.5429"/>
    <tag k="local_y" v="19.0521"/>
    <tag k="ele" v="1.8837"/>
  </node>
  <node id="21199" lat="-5.41728334879" lon="53.38991336703">
    <tag k="local_x" v="-191.8617"/>
    <tag k="local_y" v="18.0733"/>
    <tag k="ele" v="1.8837"/>
  </node>
  <node id="21200" lat="-5.4172914781" lon="53.38991243041">
    <tag k="local_x" v="-191.9603"/>
    <tag k="local_y" v="17.1723"/>
    <tag k="ele" v="1.8837"/>
  </node>
  <node id="21208" lat="-5.41750995503" lon="53.38995357548">
    <tag k="local_x" v="-187.2491"/>
    <tag k="local_y" v="-6.9984"/>
    <tag k="ele" v="1.8519"/>
  </node>
  <node id="21210" lat="-5.41752818747" lon="53.38995368873">
    <tag k="local_x" v="-187.2245"/>
    <tag k="local_y" v="-9.0177"/>
    <tag k="ele" v="1.8519"/>
  </node>
  <node id="21212" lat="-5.41754663584" lon="53.3899523133">
    <tag k="local_x" v="-187.365"/>
    <tag k="local_y" v="-11.0619"/>
    <tag k="ele" v="1.8519"/>
  </node>
  <node id="21214" lat="-5.41756492454" lon="53.38994944962">
    <tag k="local_x" v="-187.6708"/>
    <tag k="local_y" v="-13.0894"/>
    <tag k="ele" v="1.8519"/>
  </node>
  <node id="21216" lat="-5.4175829318" lon="53.38994511462">
    <tag k="local_x" v="-188.1401"/>
    <tag k="local_y" v="-15.0867"/>
    <tag k="ele" v="1.8519"/>
  </node>
  <node id="21218" lat="-5.41760028723" lon="53.38993942763">
    <tag k="local_x" v="-188.7599"/>
    <tag k="local_y" v="-17.0127"/>
    <tag k="ele" v="1.8519"/>
  </node>
  <node id="21219" lat="-5.41751042327" lon="53.38992856076">
    <tag k="local_x" v="-190.0254"/>
    <tag k="local_y" v="-7.0668"/>
    <tag k="ele" v="1.8519"/>
  </node>
  <node id="21221" lat="-5.41752711914" lon="53.38992839305">
    <tag k="local_x" v="-190.033"/>
    <tag k="local_y" v="-8.9161"/>
    <tag k="ele" v="1.8519"/>
  </node>
  <node id="21223" lat="-5.4175434802" lon="53.38992688949">
    <tag k="local_x" v="-190.1891"/>
    <tag k="local_y" v="-10.7292"/>
    <tag k="ele" v="1.8519"/>
  </node>
  <node id="21225" lat="-5.41755965464" lon="53.3899240708">
    <tag k="local_x" v="-190.4913"/>
    <tag k="local_y" v="-12.5225"/>
    <tag k="ele" v="1.8519"/>
  </node>
  <node id="21227" lat="-5.41757553423" lon="53.38991995746">
    <tag k="local_x" v="-190.9374"/>
    <tag k="local_y" v="-14.284"/>
    <tag k="ele" v="1.8519"/>
  </node>
  <node id="21229" lat="-5.41759126847" lon="53.38991448371">
    <tag k="local_x" v="-191.5346"/>
    <tag k="local_y" v="-16.0303"/>
    <tag k="ele" v="1.8519"/>
  </node>
  <node id="21739" lat="-5.41762675042" lon="53.38995983088">
    <tag k="local_x" v="-186.4777"/>
    <tag k="local_y" v="-19.9302"/>
    <tag k="ele" v="1.8516"/>
  </node>
  <node id="21740" lat="-5.4176155377" lon="53.38993579911">
    <tag k="local_x" v="-189.1526"/>
    <tag k="local_y" v="-18.7042"/>
    <tag k="ele" v="1.8516"/>
  </node>
  <node id="21994" lat="-5.4171823616" lon="53.38992764033">
    <tag k="local_x" v="-190.344"/>
    <tag k="local_y" v="29.2678"/>
    <tag k="ele" v="1.8353"/>
  </node>
  <node id="21998" lat="-5.4171843551" lon="53.38990267512">
    <tag k="local_x" v="-193.1138"/>
    <tag k="local_y" v="29.0305"/>
    <tag k="ele" v="1.8775"/>
  </node>
  <node id="22003" lat="-5.41717677828" lon="53.38992719693">
    <tag k="local_x" v="-190.3969"/>
    <tag k="local_y" v="29.8859"/>
    <tag k="ele" v="1.8417"/>
  </node>
  <node id="22004" lat="-5.41717877087" lon="53.38990223083">
    <tag k="local_x" v="-193.1668"/>
    <tag k="local_y" v="29.6487"/>
    <tag k="ele" v="1.879"/>
  </node>
  <node id="22011" lat="-5.41724960982" lon="53.38990786931">
    <tag k="local_x" v="-192.4942"/>
    <tag k="local_y" v="21.8065"/>
    <tag k="ele" v="1.8768"/>
  </node>
  <node id="22040" lat="-5.41749896393" lon="53.38988650777">
    <tag k="local_x" v="-194.7008"/>
    <tag k="local_y" v="-5.8254"/>
    <tag k="ele" v="1.8284"/>
  </node>
  <node id="22043" lat="-5.41749692974" lon="53.38991327686">
    <tag k="local_x" v="-191.7308"/>
    <tag k="local_y" v="-5.5824"/>
    <tag k="ele" v="1.8284"/>
  </node>
  <node id="22047" lat="-5.41756963571" lon="53.38991874206">
    <tag k="local_x" v="-191.0762"/>
    <tag k="local_y" v="-13.6315"/>
    <tag k="ele" v="1.8189"/>
  </node>
  <node id="22048" lat="-5.41757165634" lon="53.38989197215">
    <tag k="local_x" v="-194.0463"/>
    <tag k="local_y" v="-13.873"/>
    <tag k="ele" v="1.8189"/>
  </node>
  <node id="22055" lat="-5.41759864903" lon="53.38992091197">
    <tag k="local_x" v="-190.8162"/>
    <tag k="local_y" v="-16.8435"/>
    <tag k="ele" v="1.8185"/>
  </node>
  <node id="22058" lat="-5.41763731167" lon="53.38992373805">
    <tag k="local_x" v="-190.477"/>
    <tag k="local_y" v="-21.1238"/>
    <tag k="ele" v="1.8185"/>
  </node>
  <node id="22061" lat="-5.41767598098" lon="53.38992646949">
    <tag k="local_x" v="-190.1483"/>
    <tag k="local_y" v="-25.4049"/>
    <tag k="ele" v="1.8185"/>
  </node>
  <node id="22066" lat="-5.41760062798" lon="53.38989411798">
    <tag k="local_x" v="-193.789"/>
    <tag k="local_y" v="-17.0804"/>
    <tag k="ele" v="1.8185"/>
  </node>
  <node id="22068" lat="-5.41762636105" lon="53.38989596865">
    <tag k="local_x" v="-193.5666"/>
    <tag k="local_y" v="-19.9293"/>
    <tag k="ele" v="1.8185"/>
  </node>
  <node id="22073" lat="-5.41769070659" lon="53.38990040875">
    <tag k="local_x" v="-193.0313"/>
    <tag k="local_y" v="-27.0531"/>
    <tag k="ele" v="1.8185"/>
  </node>
  <node id="22338" lat="-5.41634786509" lon="53.38980731956">
    <tag k="local_x" v="-204.25"/>
    <tag k="local_y" v="121.6148"/>
    <tag k="ele" v="1.8872"/>
  </node>
  <node id="22339" lat="-5.41634583741" lon="53.38983291467">
    <tag k="local_x" v="-201.4103"/>
    <tag k="local_y" v="121.8563"/>
    <tag k="ele" v="1.8872"/>
  </node>
  <node id="22405" lat="-5.41639842106" lon="53.38984277882">
    <tag k="local_x" v="-200.2807"/>
    <tag k="local_y" v="116.0388"/>
    <tag k="ele" v="1.9683"/>
  </node>
  <node id="22408" lat="-5.41641692262" lon="53.38982111917">
    <tag k="local_x" v="-202.6727"/>
    <tag k="local_y" v="113.9753"/>
    <tag k="ele" v="1.9683"/>
  </node>
  <node id="22900" lat="-5.41630524654" lon="53.3916204212">
    <tag k="local_x" v="-3.0254"/>
    <tag k="local_y" v="127.5334"/>
    <tag k="ele" v="2.1269"/>
  </node>
  <node id="22901" lat="-5.41630723472" lon="53.39159500376">
    <tag k="local_x" v="-5.8454"/>
    <tag k="local_y" v="127.2964"/>
    <tag k="ele" v="2.1269"/>
  </node>
  <node id="22977" lat="-5.41598129515" lon="53.39160044512">
    <tag k="local_x" v="-5.4563"/>
    <tag k="local_y" v="163.4001"/>
    <tag k="ele" v="2.126"/>
  </node>
  <node id="22978" lat="-5.41598375972" lon="53.3915740618">
    <tag k="local_x" v="-8.3832"/>
    <tag k="local_y" v="163.1097"/>
    <tag k="ele" v="2.126"/>
  </node>
  <node id="23559" lat="-5.41588110404" lon="53.39162319171">
    <tag k="local_x" v="-2.9975"/>
    <tag k="local_y" v="174.512"/>
    <tag k="ele" v="2.0627"/>
  </node>
  <node id="23727" lat="-5.41620796318" lon="53.39161918459">
    <tag k="local_x" v="-3.2268"/>
    <tag k="local_y" v="138.3074"/>
    <tag k="ele" v="2.1269"/>
  </node>
  <node id="23728" lat="-5.41621003085" lon="53.39159422525">
    <tag k="local_x" v="-5.9959"/>
    <tag k="local_y" v="138.0619"/>
    <tag k="ele" v="2.1269"/>
  </node>
  <node id="23737" lat="-5.416091729" lon="53.39157006464">
    <tag k="local_x" v="-8.7557"/>
    <tag k="local_y" v="151.1487"/>
    <tag k="ele" v="2.1251"/>
  </node>
  <node id="23740" lat="-5.41609370724" lon="53.39154509772">
    <tag k="local_x" v="-11.5257"/>
    <tag k="local_y" v="150.9131"/>
    <tag k="ele" v="2.1251"/>
  </node>
  <node id="23752" lat="-5.4162972216" lon="53.39161978778">
    <tag k="local_x" v="-3.101"/>
    <tag k="local_y" v="128.4218"/>
    <tag k="ele" v="2.1277"/>
  </node>
  <node id="23753" lat="-5.41629920979" lon="53.39159437034">
    <tag k="local_x" v="-5.921"/>
    <tag k="local_y" v="128.1848"/>
    <tag k="ele" v="2.1277"/>
  </node>
  <node id="23776" lat="-5.41617528173" lon="53.39157695672">
    <tag k="local_x" v="-7.9356"/>
    <tag k="local_y" v="141.8992"/>
    <tag k="ele" v="2.126"/>
  </node>
  <node id="23777" lat="-5.4161773494" lon="53.39155199738">
    <tag k="local_x" v="-10.7047"/>
    <tag k="local_y" v="141.6537"/>
    <tag k="ele" v="2.126"/>
  </node>
  <node id="23875" lat="-5.41661062782" lon="53.39159034937">
    <tag k="local_x" v="-6.162"/>
    <tag k="local_y" v="93.6904"/>
    <tag k="ele" v="2.012"/>
  </node>
  <node id="23876" lat="-5.4167778945" lon="53.39160361177">
    <tag k="local_x" v="-4.5796"/>
    <tag k="local_y" v="75.1732"/>
    <tag k="ele" v="1.9923"/>
  </node>
  <node id="23878" lat="-5.41660858924" lon="53.3916159437">
    <tag k="local_x" v="-3.3224"/>
    <tag k="local_y" v="93.9331"/>
    <tag k="ele" v="2.012"/>
  </node>
  <node id="23879" lat="-5.41677585592" lon="53.39162920701">
    <tag k="local_x" v="-1.7399"/>
    <tag k="local_y" v="75.4159"/>
    <tag k="ele" v="1.9923"/>
  </node>
  <node id="23903" lat="-5.41648081999" lon="53.3912136333">
    <tag k="local_x" v="-48.0627"/>
    <tag k="local_y" v="107.8186"/>
    <tag k="ele" v="1.9962"/>
  </node>
  <node id="23904" lat="-5.41645566156" lon="53.39121170526">
    <tag k="local_x" v="-48.2933"/>
    <tag k="local_y" v="110.6038"/>
    <tag k="ele" v="1.9962"/>
  </node>
  <node id="23924" lat="-5.41653834979" lon="53.390455942">
    <tag k="local_x" v="-132.1278"/>
    <tag k="local_y" v="100.946"/>
    <tag k="ele" v="1.9614"/>
  </node>
  <node id="23925" lat="-5.41651303947" lon="53.39045397435">
    <tag k="local_x" v="-132.3629"/>
    <tag k="local_y" v="103.748"/>
    <tag k="ele" v="1.9792"/>
  </node>
  <node id="23952" lat="-5.41656045566" lon="53.39017468053">
    <tag k="local_x" v="-163.333"/>
    <tag k="local_y" v="98.3117"/>
    <tag k="ele" v="1.934"/>
  </node>
  <node id="23953" lat="-5.41653500398" lon="53.3901727777">
    <tag k="local_x" v="-163.561"/>
    <tag k="local_y" v="101.1294"/>
    <tag k="ele" v="1.9474"/>
  </node>
  <node id="24027" lat="-5.41646979759" lon="53.39131531137">
    <tag k="local_x" v="-36.7838"/>
    <tag k="local_y" v="109.1066"/>
    <tag k="ele" v="1.9962"/>
  </node>
  <node id="24029" lat="-5.41644277848" lon="53.39131356015">
    <tag k="local_x" v="-36.996"/>
    <tag k="local_y" v="112.098"/>
    <tag k="ele" v="1.9962"/>
  </node>
  <node id="24151" lat="-5.41644586442" lon="53.39119323988">
    <tag k="local_x" v="-50.3494"/>
    <tag k="local_y" v="111.6767"/>
    <tag k="ele" v="1.9962"/>
  </node>
  <node id="24153" lat="-5.416420706" lon="53.39119131184">
    <tag k="local_x" v="-50.58"/>
    <tag k="local_y" v="114.4619"/>
    <tag k="ele" v="1.9962"/>
  </node>
  <node id="24194" lat="-5.41643512821" lon="53.39132835707">
    <tag k="local_x" v="-35.3586"/>
    <tag k="local_y" v="112.9551"/>
    <tag k="ele" v="1.9962"/>
  </node>
  <node id="24195" lat="-5.41640997483" lon="53.39132636683">
    <tag k="local_x" v="-35.5961"/>
    <tag k="local_y" v="115.7397"/>
    <tag k="ele" v="1.9962"/>
  </node>
  <node id="24263" lat="-5.41650997008" lon="53.39083259114">
    <tag k="local_x" v="-90.3388"/>
    <tag k="local_y" v="104.3382"/>
    <tag k="ele" v="1.9804"/>
  </node>
  <node id="24264" lat="-5.41648488241" lon="53.3908305645">
    <tag k="local_x" v="-90.5803"/>
    <tag k="local_y" v="107.1155"/>
    <tag k="ele" v="1.982"/>
  </node>
  <node id="24284" lat="-5.41650053193" lon="53.39096219874">
    <tag k="local_x" v="-75.9587"/>
    <tag k="local_y" v="105.4692"/>
    <tag k="ele" v="1.9941"/>
  </node>
  <node id="24285" lat="-5.41647536186" lon="53.3909602852">
    <tag k="local_x" v="-76.1877"/>
    <tag k="local_y" v="108.2557"/>
    <tag k="ele" v="1.9948"/>
  </node>
  <node id="24291" lat="-5.41646086134" lon="53.39100169241">
    <tag k="local_x" v="-71.6011"/>
    <tag k="local_y" v="109.8891"/>
    <tag k="ele" v="1.9962"/>
  </node>
  <node id="24292" lat="-5.41643570454" lon="53.39099973193">
    <tag k="local_x" v="-71.8353"/>
    <tag k="local_y" v="112.6741"/>
    <tag k="ele" v="1.9962"/>
  </node>
  <node id="24311" lat="-5.41651361573" lon="53.39078505377">
    <tag k="local_x" v="-95.613"/>
    <tag k="local_y" v="103.903"/>
    <tag k="ele" v="1.9962"/>
  </node>
  <node id="24323" lat="-5.41650297614" lon="53.39071649661">
    <tag k="local_x" v="-103.2298"/>
    <tag k="local_y" v="105.0361"/>
    <tag k="ele" v="1.985"/>
  </node>
  <node id="24328" lat="-5.41648651136" lon="53.39066203993">
    <tag k="local_x" v="-109.2853"/>
    <tag k="local_y" v="106.8237"/>
    <tag k="ele" v="1.9962"/>
  </node>
  <node id="24329" lat="-5.41648856117" lon="53.3907835837">
    <tag k="local_x" v="-95.7927"/>
    <tag k="local_y" v="106.677"/>
    <tag k="ele" v="1.9962"/>
  </node>
  <node id="24338" lat="-5.41647590028" lon="53.39072853144">
    <tag k="local_x" v="-101.9118"/>
    <tag k="local_y" v="108.0429"/>
    <tag k="ele" v="1.985"/>
  </node>
  <node id="24344" lat="-5.41646135295" lon="53.39066011192">
    <tag k="local_x" v="-109.5159"/>
    <tag k="local_y" v="109.6089"/>
    <tag k="ele" v="1.9962"/>
  </node>
  <node id="24389" lat="-5.41649908749" lon="53.39049999455">
    <tag k="local_x" v="-127.2639"/>
    <tag k="local_y" v="105.3237"/>
    <tag k="ele" v="1.9962"/>
  </node>
  <node id="24391" lat="-5.41647393069" lon="53.3904980341">
    <tag k="local_x" v="-127.4981"/>
    <tag k="local_y" v="108.1087"/>
    <tag k="ele" v="1.9962"/>
  </node>
  <node id="24483" lat="-5.41653367038" lon="53.39051588649">
    <tag k="local_x" v="-125.4771"/>
    <tag k="local_y" v="101.5039"/>
    <tag k="ele" v="1.9614"/>
  </node>
  <node id="24484" lat="-5.41650836006" lon="53.39051391885">
    <tag k="local_x" v="-125.7122"/>
    <tag k="local_y" v="104.3059"/>
    <tag k="ele" v="1.9802"/>
  </node>
  <node id="24549" lat="-5.41652277628" lon="53.39066264429">
    <tag k="local_x" v="-109.1943"/>
    <tag k="local_y" v="102.8075"/>
    <tag k="ele" v="1.9614"/>
  </node>
  <node id="24550" lat="-5.41652745571" lon="53.39060269979">
    <tag k="local_x" v="-115.845"/>
    <tag k="local_y" v="102.2496"/>
    <tag k="ele" v="1.9614"/>
  </node>
  <node id="24551" lat="-5.41649746595" lon="53.39066067664">
    <tag k="local_x" v="-109.4294"/>
    <tag k="local_y" v="105.6095"/>
    <tag k="ele" v="1.9802"/>
  </node>
  <node id="24552" lat="-5.41650214538" lon="53.39060073214">
    <tag k="local_x" v="-116.0801"/>
    <tag k="local_y" v="105.0516"/>
    <tag k="ele" v="1.9792"/>
  </node>
  <node id="24608" lat="-5.41649601044" lon="53.39070439014">
    <tag k="local_x" v="-104.5782"/>
    <tag k="local_y" v="105.7996"/>
    <tag k="ele" v="1.9841"/>
  </node>
  <node id="24609" lat="-5.41646781637" lon="53.39071347665">
    <tag k="local_x" v="-103.5882"/>
    <tag k="local_y" v="108.9283"/>
    <tag k="ele" v="1.9841"/>
  </node>
  <node id="24618" lat="-5.4164905177" lon="53.3906891686">
    <tag k="local_x" v="-106.2714"/>
    <tag k="local_y" v="106.3979"/>
    <tag k="ele" v="1.9841"/>
  </node>
  <node id="24622" lat="-5.41648767787" lon="53.39067535203">
    <tag k="local_x" v="-107.8069"/>
    <tag k="local_y" v="106.7033"/>
    <tag k="ele" v="1.9841"/>
  </node>
  <node id="24628" lat="-5.41646105974" lon="53.39069555448">
    <tag k="local_x" v="-105.582"/>
    <tag k="local_y" v="109.6648"/>
    <tag k="ele" v="1.9841"/>
  </node>
  <node id="24632" lat="-5.41646049589" lon="53.39067686669">
    <tag k="local_x" v="-107.6567"/>
    <tag k="local_y" v="109.7149"/>
    <tag k="ele" v="1.9841"/>
  </node>
  <node id="24827" lat="-5.41726429791" lon="53.39166838607">
    <tag k="local_x" v="2.931"/>
    <tag k="local_y" v="21.3434"/>
    <tag k="ele" v="1.9012"/>
  </node>
  <node id="24828" lat="-5.41726626161" lon="53.39164310657">
    <tag k="local_x" v="0.1263"/>
    <tag k="local_y" v="21.1092"/>
    <tag k="ele" v="1.8835"/>
  </node>
  <node id="24860" lat="-5.41656841213" lon="53.39159142987">
    <tag k="local_x" v="-6.0699"/>
    <tag k="local_y" v="98.3668"/>
    <tag k="ele" v="1.9439"/>
  </node>
  <node id="24861" lat="-5.41657544284" lon="53.39158825384">
    <tag k="local_x" v="-6.4178"/>
    <tag k="local_y" v="97.586"/>
    <tag k="ele" v="1.9403"/>
  </node>
  <node id="24880" lat="-5.41655636008" lon="53.39156683817">
    <tag k="local_x" v="-8.8075"/>
    <tag k="local_y" v="99.6854"/>
    <tag k="ele" v="1.9439"/>
  </node>
  <node id="24882" lat="-5.41656374155" lon="53.39156282852">
    <tag k="local_x" v="-9.2477"/>
    <tag k="local_y" v="98.8652"/>
    <tag k="ele" v="1.9403"/>
  </node>
  <node id="24899" lat="-5.41677691695" lon="53.39159079223">
    <tag k="local_x" v="-6.0032"/>
    <tag k="local_y" v="75.273"/>
    <tag k="ele" v="1.9923"/>
  </node>
  <node id="24901" lat="-5.41677895552" lon="53.391565197">
    <tag k="local_x" v="-8.8429"/>
    <tag k="local_y" v="75.0303"/>
    <tag k="ele" v="1.9923"/>
  </node>
  <node id="25036" lat="-5.41661998858" lon="53.39157834861">
    <tag k="local_x" v="-7.4879"/>
    <tag k="local_y" v="92.6457"/>
    <tag k="ele" v="2.0022"/>
  </node>
  <node id="25037" lat="-5.41662202717" lon="53.39155275428">
    <tag k="local_x" v="-10.3275"/>
    <tag k="local_y" v="92.403"/>
    <tag k="ele" v="2.0022"/>
  </node>
  <node id="25043" lat="-5.41658353553" lon="53.39158495799">
    <tag k="local_x" v="-6.7783"/>
    <tag k="local_y" v="96.6875"/>
    <tag k="ele" v="1.9402"/>
  </node>
  <node id="25045" lat="-5.41659079594" lon="53.39158244818">
    <tag k="local_x" v="-7.0521"/>
    <tag k="local_y" v="95.8817"/>
    <tag k="ele" v="1.9402"/>
  </node>
  <node id="25047" lat="-5.41659797491" lon="53.39158066498">
    <tag k="local_x" v="-7.2453"/>
    <tag k="local_y" v="95.0854"/>
    <tag k="ele" v="1.9402"/>
  </node>
  <node id="25049" lat="-5.41660529133" lon="53.39157952241">
    <tag k="local_x" v="-7.3673"/>
    <tag k="local_y" v="94.2743"/>
    <tag k="ele" v="1.9402"/>
  </node>
  <node id="25051" lat="-5.41661279045" lon="53.39157858416">
    <tag k="local_x" v="-7.4665"/>
    <tag k="local_y" v="93.4431"/>
    <tag k="ele" v="1.9402"/>
  </node>
  <node id="25053" lat="-5.41657438404" lon="53.39155818328">
    <tag k="local_x" v="-9.7563"/>
    <tag k="local_y" v="97.6834"/>
    <tag k="ele" v="1.9402"/>
  </node>
  <node id="25055" lat="-5.41658338037" lon="53.391555319">
    <tag k="local_x" v="-10.0683"/>
    <tag k="local_y" v="96.6851"/>
    <tag k="ele" v="1.9402"/>
  </node>
  <node id="25057" lat="-5.41659287223" lon="53.39155318602">
    <tag k="local_x" v="-10.2988"/>
    <tag k="local_y" v="95.6324"/>
    <tag k="ele" v="1.9402"/>
  </node>
  <node id="25059" lat="-5.41660256685" lon="53.39155234915">
    <tag k="local_x" v="-10.3853"/>
    <tag k="local_y" v="94.5581"/>
    <tag k="ele" v="1.9402"/>
  </node>
  <node id="25061" lat="-5.41661232887" lon="53.39155236864">
    <tag k="local_x" v="-10.3767"/>
    <tag k="local_y" v="93.4769"/>
    <tag k="ele" v="1.9402"/>
  </node>
  <node id="25077" lat="-5.41651764944" lon="53.39160380087">
    <tag k="local_x" v="-4.7302"/>
    <tag k="local_y" v="103.9973"/>
    <tag k="ele" v="1.9985"/>
  </node>
  <node id="25078" lat="-5.41651997179" lon="53.3915750724">
    <tag k="local_x" v="-7.9175"/>
    <tag k="local_y" v="103.7211"/>
    <tag k="ele" v="1.9967"/>
  </node>
  <node id="25160" lat="-5.41685070218" lon="53.39158993771">
    <tag k="local_x" v="-6.0494"/>
    <tag k="local_y" v="67.1002"/>
    <tag k="ele" v="1.9823"/>
  </node>
  <node id="25168" lat="-5.41679161039" lon="53.39159352029">
    <tag k="local_x" v="-5.6907"/>
    <tag k="local_y" v="73.6474"/>
    <tag k="ele" v="1.9918"/>
  </node>
  <node id="25172" lat="-5.41681037179" lon="53.39159905484">
    <tag k="local_x" v="-5.064"/>
    <tag k="local_y" v="71.5731"/>
    <tag k="ele" v="1.9918"/>
  </node>
  <node id="25176" lat="-5.41682409066" lon="53.3916059581">
    <tag k="local_x" v="-4.2887"/>
    <tag k="local_y" v="70.0582"/>
    <tag k="ele" v="1.9918"/>
  </node>
  <node id="25179" lat="-5.41679143174" lon="53.39156630127">
    <tag k="local_x" v="-8.7121"/>
    <tag k="local_y" v="73.6492"/>
    <tag k="ele" v="1.9918"/>
  </node>
  <node id="25183" lat="-5.41681052423" lon="53.39156997438">
    <tag k="local_x" v="-8.2918"/>
    <tag k="local_y" v="71.537"/>
    <tag k="ele" v="1.9918"/>
  </node>
  <node id="25187" lat="-5.41682904784" lon="53.39157681486">
    <tag k="local_x" v="-7.5203"/>
    <tag k="local_y" v="69.4899"/>
    <tag k="ele" v="1.9918"/>
  </node>
  <node id="25195" lat="-5.41688902124" lon="53.39163685829">
    <tag k="local_x" v="-0.816"/>
    <tag k="local_y" v="62.8871"/>
    <tag k="ele" v="1.9739"/>
  </node>
  <node id="25202" lat="-5.41684505623" lon="53.39162076434">
    <tag k="local_x" v="-2.6314"/>
    <tag k="local_y" v="67.7459"/>
    <tag k="ele" v="1.9653"/>
  </node>
  <node id="25206" lat="-5.41686178583" lon="53.39162927225">
    <tag k="local_x" v="-1.676"/>
    <tag k="local_y" v="65.8986"/>
    <tag k="ele" v="1.9653"/>
  </node>
  <node id="25210" lat="-5.41687668122" lon="53.39163346219">
    <tag k="local_x" v="-1.2011"/>
    <tag k="local_y" v="64.2516"/>
    <tag k="ele" v="1.9653"/>
  </node>
  <node id="25214" lat="-5.41686580289" lon="53.3916002427">
    <tag k="local_x" v="-4.8956"/>
    <tag k="local_y" v="65.4345"/>
    <tag k="ele" v="1.9653"/>
  </node>
  <node id="25218" lat="-5.41688445724" lon="53.39160871846">
    <tag k="local_x" v="-3.9425"/>
    <tag k="local_y" v="63.374"/>
    <tag k="ele" v="1.9653"/>
  </node>
  <node id="25240" lat="-5.41674546298" lon="53.39158829797">
    <tag k="local_x" v="-6.3008"/>
    <tag k="local_y" v="78.7551"/>
    <tag k="ele" v="1.9973"/>
  </node>
  <node id="25241" lat="-5.41674750066" lon="53.39156270274">
    <tag k="local_x" v="-9.1405"/>
    <tag k="local_y" v="78.5125"/>
    <tag k="ele" v="1.9973"/>
  </node>
  <node id="25328" lat="-5.41717658295" lon="53.39163002747">
    <tag k="local_x" v="-1.3846"/>
    <tag k="local_y" v="31.0331"/>
    <tag k="ele" v="1.9402"/>
  </node>
  <node id="25330" lat="-5.41718697489" lon="53.39162712246">
    <tag k="local_x" v="-1.7002"/>
    <tag k="local_y" v="29.8802"/>
    <tag k="ele" v="1.9402"/>
  </node>
  <node id="25332" lat="-5.41719684655" lon="53.39162599714">
    <tag k="local_x" v="-1.8186"/>
    <tag k="local_y" v="28.7861"/>
    <tag k="ele" v="1.9402"/>
  </node>
  <node id="25334" lat="-5.41720662887" lon="53.39162563452">
    <tag k="local_x" v="-1.8524"/>
    <tag k="local_y" v="27.7024"/>
    <tag k="ele" v="2.0022"/>
  </node>
  <node id="25352" lat="-5.41717224155" lon="53.39160106377">
    <tag k="local_x" v="-4.6024"/>
    <tag k="local_y" v="31.4948"/>
    <tag k="ele" v="1.9402"/>
  </node>
  <node id="25354" lat="-5.41718246299" lon="53.39159954448">
    <tag k="local_x" v="-4.7643"/>
    <tag k="local_y" v="30.3617"/>
    <tag k="ele" v="1.9402"/>
  </node>
  <node id="25356" lat="-5.41718976072" lon="53.39159920383">
    <tag k="local_x" v="-4.7973"/>
    <tag k="local_y" v="29.5532"/>
    <tag k="ele" v="1.9402"/>
  </node>
  <node id="25358" lat="-5.41719896914" lon="53.39159965453">
    <tag k="local_x" v="-4.7412"/>
    <tag k="local_y" v="28.5336"/>
    <tag k="ele" v="1.9402"/>
  </node>
  <node id="25360" lat="-5.41720866744" lon="53.39160004017">
    <tag k="local_x" v="-4.692"/>
    <tag k="local_y" v="27.4597"/>
    <tag k="ele" v="2.0022"/>
  </node>
  <node id="25383" lat="-5.41735192297" lon="53.39167518451">
    <tag k="local_x" v="3.7434"/>
    <tag k="local_y" v="11.6428"/>
    <tag k="ele" v="1.8953"/>
  </node>
  <node id="25384" lat="-5.41735389094" lon="53.39164986355">
    <tag k="local_x" v="0.9341"/>
    <tag k="local_y" v="11.4081"/>
    <tag k="ele" v="1.8771"/>
  </node>
  <node id="25390" lat="-5.41726591233" lon="53.39163026617">
    <tag k="local_x" v="-1.2992"/>
    <tag k="local_y" v="21.1394"/>
    <tag k="ele" v="1.9012"/>
  </node>
  <node id="25391" lat="-5.41735353739" lon="53.39163706461">
    <tag k="local_x" v="-0.4868"/>
    <tag k="local_y" v="11.4388"/>
    <tag k="ele" v="1.8953"/>
  </node>
  <node id="25392" lat="-5.41726787603" lon="53.39160498668">
    <tag k="local_x" v="-4.1039"/>
    <tag k="local_y" v="20.9052"/>
    <tag k="ele" v="1.8835"/>
  </node>
  <node id="25393" lat="-5.41735550535" lon="53.39161174364">
    <tag k="local_x" v="-3.2961"/>
    <tag k="local_y" v="11.2041"/>
    <tag k="ele" v="1.8771"/>
  </node>
  <node id="25402" lat="-5.41720357423" lon="53.39166343053">
    <tag k="local_x" v="2.3409"/>
    <tag k="local_y" v="28.0657"/>
    <tag k="ele" v="1.9468"/>
  </node>
  <node id="25403" lat="-5.41720568176" lon="53.39163804388">
    <tag k="local_x" v="-0.4756"/>
    <tag k="local_y" v="27.8155"/>
    <tag k="ele" v="1.9379"/>
  </node>
  <node id="25414" lat="-5.4164844291" lon="53.39156870959">
    <tag k="local_x" v="-8.6472"/>
    <tag k="local_y" v="107.6535"/>
    <tag k="ele" v="1.921"/>
  </node>
  <node id="25417" lat="-5.4164859943" lon="53.39154216132">
    <tag k="local_x" v="-11.593"/>
    <tag k="local_y" v="107.4626"/>
    <tag k="ele" v="1.9049"/>
  </node>
  <node id="25672" lat="-5.41747306325" lon="53.391650579">
    <tag k="local_x" v="1.0921"/>
    <tag k="local_y" v="-1.7906"/>
    <tag k="ele" v="1.9157"/>
  </node>
  <node id="25673" lat="-5.4174743111" lon="53.39162532267">
    <tag k="local_x" v="-1.7105"/>
    <tag k="local_y" v="-1.9455"/>
    <tag k="ele" v="1.9157"/>
  </node>
  <node id="25707" lat="-5.41743458809" lon="53.39164377777">
    <tag k="local_x" v="0.3118"/>
    <tag k="local_y" v="2.4663"/>
    <tag k="ele" v="1.9127"/>
  </node>
  <node id="25708" lat="-5.41743583595" lon="53.39161852144">
    <tag k="local_x" v="-2.4908"/>
    <tag k="local_y" v="2.3114"/>
    <tag k="ele" v="1.9127"/>
  </node>
  <node id="25730" lat="-5.41742653993" lon="53.39164273368">
    <tag k="local_x" v="0.1906"/>
    <tag k="local_y" v="3.357"/>
    <tag k="ele" v="1.8813"/>
  </node>
  <node id="25732" lat="-5.4174297474" lon="53.39161753868">
    <tag k="local_x" v="-2.6039"/>
    <tag k="local_y" v="2.9851"/>
    <tag k="ele" v="1.8813"/>
  </node>
  <node id="25885" lat="-5.41763563414" lon="53.39123929703">
    <tag k="local_x" v="-44.4525"/>
    <tag k="local_y" v="-20.0683"/>
    <tag k="ele" v="2.0367"/>
  </node>
  <node id="25887" lat="-5.41761059764" lon="53.39123752775">
    <tag k="local_x" v="-44.6654"/>
    <tag k="local_y" v="-17.2965"/>
    <tag k="ele" v="2.0367"/>
  </node>
  <node id="25919" lat="-5.41765737643" lon="53.39050047831">
    <tag k="local_x" v="-126.4462"/>
    <tag k="local_y" v="-22.9648"/>
    <tag k="ele" v="1.9962"/>
  </node>
  <node id="25934" lat="-5.41763236087" lon="53.39049843146">
    <tag k="local_x" v="-126.6899"/>
    <tag k="local_y" v="-20.1955"/>
    <tag k="ele" v="1.9962"/>
  </node>
  <node id="25955" lat="-5.41769094768" lon="53.39050631309">
    <tag k="local_x" v="-125.7764"/>
    <tag k="local_y" v="-26.6792"/>
    <tag k="ele" v="2.094"/>
  </node>
  <node id="25956" lat="-5.41766592126" lon="53.39050441406">
    <tag k="local_x" v="-126.0037"/>
    <tag k="local_y" v="-23.9086"/>
    <tag k="ele" v="2.094"/>
  </node>
  <node id="26015" lat="-5.41766230632" lon="53.390876869">
    <tag k="local_x" v="-84.664"/>
    <tag k="local_y" v="-23.262"/>
    <tag k="ele" v="1.9962"/>
  </node>
  <node id="26029" lat="-5.41764440078" lon="53.39079054029">
    <tag k="local_x" v="-94.2582"/>
    <tag k="local_y" v="-21.3359"/>
    <tag k="ele" v="1.9841"/>
  </node>
  <node id="26040" lat="-5.41763714701" lon="53.39087494191">
    <tag k="local_x" v="-84.8945"/>
    <tag k="local_y" v="-20.4767"/>
    <tag k="ele" v="1.9962"/>
  </node>
  <node id="26050" lat="-5.41762051843" lon="53.39080454722">
    <tag k="local_x" v="-92.7192"/>
    <tag k="local_y" v="-18.6815"/>
    <tag k="ele" v="1.9841"/>
  </node>
  <node id="26053" lat="-5.41761544403" lon="53.39079119616">
    <tag k="local_x" v="-94.2045"/>
    <tag k="local_y" v="-18.1283"/>
    <tag k="ele" v="1.9841"/>
  </node>
  <node id="26133" lat="-5.41763852021" lon="53.39074286665">
    <tag k="local_x" v="-99.5538"/>
    <tag k="local_y" v="-20.7161"/>
    <tag k="ele" v="2.1083"/>
  </node>
  <node id="26134" lat="-5.41764384127" lon="53.39067304785">
    <tag k="local_x" v="-107.3001"/>
    <tag k="local_y" v="-21.3516"/>
    <tag k="ele" v="2.1011"/>
  </node>
  <node id="26135" lat="-5.41761304313" lon="53.39074094686">
    <tag k="local_x" v="-99.7837"/>
    <tag k="local_y" v="-17.8956"/>
    <tag k="ele" v="2.1083"/>
  </node>
  <node id="26136" lat="-5.41761836419" lon="53.39067112806">
    <tag k="local_x" v="-107.53"/>
    <tag k="local_y" v="-18.5311"/>
    <tag k="ele" v="2.1011"/>
  </node>
  <node id="26147" lat="-5.41761382649" lon="53.39078491201">
    <tag k="local_x" v="-94.9031"/>
    <tag k="local_y" v="-17.9533"/>
    <tag k="ele" v="1.9841"/>
  </node>
  <node id="26153" lat="-5.4176403132" lon="53.39077809329">
    <tag k="local_x" v="-95.6425"/>
    <tag k="local_y" v="-20.8914"/>
    <tag k="ele" v="1.9841"/>
  </node>
  <node id="26154" lat="-5.41763847415" lon="53.39076616085">
    <tag k="local_x" v="-96.9682"/>
    <tag k="local_y" v="-20.6956"/>
    <tag k="ele" v="1.9841"/>
  </node>
  <node id="26156" lat="-5.41763819989" lon="53.39075606058">
    <tag k="local_x" v="-98.0895"/>
    <tag k="local_y" v="-20.6719"/>
    <tag k="ele" v="1.9841"/>
  </node>
  <node id="26158" lat="-5.41761213012" lon="53.39077555533">
    <tag k="local_x" v="-95.9428"/>
    <tag k="local_y" v="-17.7716"/>
    <tag k="ele" v="1.9841"/>
  </node>
  <node id="26160" lat="-5.41761178018" lon="53.39076608705">
    <tag k="local_x" v="-96.994"/>
    <tag k="local_y" v="-17.7391"/>
    <tag k="ele" v="1.9841"/>
  </node>
  <node id="26171" lat="-5.41762094541" lon="53.39099635564">
    <tag k="local_x" v="-71.4284"/>
    <tag k="local_y" v="-18.602"/>
    <tag k="ele" v="1.9962"/>
  </node>
  <node id="26186" lat="-5.4175950284" lon="53.39099424836">
    <tag k="local_x" v="-71.6794"/>
    <tag k="local_y" v="-15.7329"/>
    <tag k="ele" v="1.9962"/>
  </node>
  <node id="26205" lat="-5.41760073688" lon="53.39123866293">
    <tag k="local_x" v="-44.5459"/>
    <tag k="local_y" v="-16.2036"/>
    <tag k="ele" v="2.1083"/>
  </node>
  <node id="26206" lat="-5.417606058" lon="53.39116884409">
    <tag k="local_x" v="-52.2922"/>
    <tag k="local_y" v="-16.8391"/>
    <tag k="ele" v="2.1011"/>
  </node>
  <node id="26207" lat="-5.41757571044" lon="53.39123676386">
    <tag k="local_x" v="-44.7732"/>
    <tag k="local_y" v="-13.433"/>
    <tag k="ele" v="2.1083"/>
  </node>
  <node id="26208" lat="-5.41758103157" lon="53.39116694502">
    <tag k="local_x" v="-52.5195"/>
    <tag k="local_y" v="-14.0685"/>
    <tag k="ele" v="2.1011"/>
  </node>
  <node id="26222" lat="-5.41760624398" lon="53.39128896947">
    <tag k="local_x" v="-38.9583"/>
    <tag k="local_y" v="-16.7803"/>
    <tag k="ele" v="1.9841"/>
  </node>
  <node id="26225" lat="-5.41760244441" lon="53.39127939285">
    <tag k="local_x" v="-40.0238"/>
    <tag k="local_y" v="-16.3658"/>
    <tag k="ele" v="1.9841"/>
  </node>
  <node id="26228" lat="-5.41760040616" lon="53.39127175263">
    <tag k="local_x" v="-40.8732"/>
    <tag k="local_y" v="-16.1451"/>
    <tag k="ele" v="1.9841"/>
  </node>
  <node id="26231" lat="-5.41759908763" lon="53.39126125765">
    <tag k="local_x" v="-42.039"/>
    <tag k="local_y" v="-16.006"/>
    <tag k="ele" v="1.9841"/>
  </node>
  <node id="26242" lat="-5.41758497542" lon="53.39130554557">
    <tag k="local_x" v="-37.1324"/>
    <tag k="local_y" v="-14.4137"/>
    <tag k="ele" v="1.9841"/>
  </node>
  <node id="26244" lat="-5.41757910491" lon="53.39129147489">
    <tag k="local_x" v="-38.6981"/>
    <tag k="local_y" v="-13.7728"/>
    <tag k="ele" v="1.9841"/>
  </node>
  <node id="26246" lat="-5.41757642911" lon="53.39128245106">
    <tag k="local_x" v="-39.7015"/>
    <tag k="local_y" v="-13.4824"/>
    <tag k="ele" v="1.9841"/>
  </node>
  <node id="26249" lat="-5.41757434675" lon="53.3912713516">
    <tag k="local_x" v="-40.9349"/>
    <tag k="local_y" v="-13.2591"/>
    <tag k="ele" v="1.9841"/>
  </node>
  <node id="26251" lat="-5.41757399681" lon="53.39126188331">
    <tag k="local_x" v="-41.9861"/>
    <tag k="local_y" v="-13.2266"/>
    <tag k="ele" v="1.9841"/>
  </node>
  <node id="26377" lat="-5.41762609726" lon="53.39098425914">
    <tag k="local_x" v="-72.7677"/>
    <tag k="local_y" v="-19.1806"/>
    <tag k="ele" v="1.9962"/>
  </node>
  <node id="26382" lat="-5.41759848782" lon="53.3909776907">
    <tag k="local_x" v="-73.515"/>
    <tag k="local_y" v="-16.127"/>
    <tag k="ele" v="1.9962"/>
  </node>
  <node id="26384" lat="-5.41760307866" lon="53.39096796062">
    <tag k="local_x" v="-74.592"/>
    <tag k="local_y" v="-16.6419"/>
    <tag k="ele" v="1.9962"/>
  </node>
  <node id="26407" lat="-5.41761077849" lon="53.39152837123">
    <tag k="local_x" v="-12.382"/>
    <tag k="local_y" v="-17.1243"/>
    <tag k="ele" v="1.934"/>
  </node>
  <node id="26408" lat="-5.41758398443" lon="53.39152635742">
    <tag k="local_x" v="-12.6232"/>
    <tag k="local_y" v="-14.158"/>
    <tag k="ele" v="1.934"/>
  </node>
  <node id="26414" lat="-5.41759055887" lon="53.39137424556">
    <tag k="local_x" v="-29.5031"/>
    <tag k="local_y" v="-14.9867"/>
    <tag k="ele" v="1.9133"/>
  </node>
  <node id="26415" lat="-5.41756528022" lon="53.39137229482">
    <tag k="local_x" v="-29.7363"/>
    <tag k="local_y" v="-12.1882"/>
    <tag k="ele" v="1.936"/>
  </node>
  <node id="26421" lat="-5.41762796913" lon="53.39087885144">
    <tag k="local_x" v="-84.4666"/>
    <tag k="local_y" v="-19.4576"/>
    <tag k="ele" v="1.9133"/>
  </node>
  <node id="26425" lat="-5.41760269049" lon="53.39087690074">
    <tag k="local_x" v="-84.6998"/>
    <tag k="local_y" v="-16.6591"/>
    <tag k="ele" v="1.936"/>
  </node>
  <node id="26529" lat="-5.41763135322" lon="53.39083545342">
    <tag k="local_x" v="-89.2815"/>
    <tag k="local_y" v="-19.8611"/>
    <tag k="ele" v="1.9246"/>
  </node>
  <node id="26538" lat="-5.41760601863" lon="53.39083350755">
    <tag k="local_x" v="-89.5142"/>
    <tag k="local_y" v="-17.0564"/>
    <tag k="ele" v="1.9246"/>
  </node>
  <node id="26555" lat="-5.41767235892" lon="53.39074843139">
    <tag k="local_x" v="-98.9138"/>
    <tag k="local_y" v="-24.4603"/>
    <tag k="ele" v="2.1047"/>
  </node>
  <node id="26556" lat="-5.41764733249" lon="53.39074653234">
    <tag k="local_x" v="-99.1411"/>
    <tag k="local_y" v="-21.6897"/>
    <tag k="ele" v="2.1047"/>
  </node>
  <node id="26565" lat="-5.41759201185" lon="53.39135567817">
    <tag k="local_x" v="-31.5631"/>
    <tag k="local_y" v="-15.1599"/>
    <tag k="ele" v="1.9131"/>
  </node>
  <node id="26566" lat="-5.41756670785" lon="53.39135371587">
    <tag k="local_x" v="-31.7976"/>
    <tag k="local_y" v="-12.3586"/>
    <tag k="ele" v="1.936"/>
  </node>
  <node id="26614" lat="-5.41773848933" lon="53.38996193881">
    <tag k="local_x" v="-186.17"/>
    <tag k="local_y" v="-32.3047"/>
    <tag k="ele" v="1.7679"/>
  </node>
  <node id="26616" lat="-5.41775703732" lon="53.38994791132">
    <tag k="local_x" v="-187.7148"/>
    <tag k="local_y" v="-34.3683"/>
    <tag k="ele" v="1.7679"/>
  </node>
  <node id="26618" lat="-5.41777836748" lon="53.3899386403">
    <tag k="local_x" v="-188.7298"/>
    <tag k="local_y" v="-36.7369"/>
    <tag k="ele" v="1.7679"/>
  </node>
  <node id="26620" lat="-5.41780203378" lon="53.38993457887">
    <tag k="local_x" v="-189.165"/>
    <tag k="local_y" v="-39.3608"/>
    <tag k="ele" v="1.7679"/>
  </node>
  <node id="26627" lat="-5.41772090952" lon="53.3899438035">
    <tag k="local_x" v="-188.1946"/>
    <tag k="local_y" v="-30.3696"/>
    <tag k="ele" v="1.7679"/>
  </node>
  <node id="26629" lat="-5.41774420095" lon="53.38992610183">
    <tag k="local_x" v="-190.1441"/>
    <tag k="local_y" v="-32.961"/>
    <tag k="ele" v="1.7679"/>
  </node>
  <node id="26631" lat="-5.41777102124" lon="53.38991436752">
    <tag k="local_x" v="-191.4289"/>
    <tag k="local_y" v="-35.9393"/>
    <tag k="ele" v="1.7679"/>
  </node>
  <node id="26633" lat="-5.41779911031" lon="53.38990932934">
    <tag k="local_x" v="-191.9696"/>
    <tag k="local_y" v="-39.0537"/>
    <tag k="ele" v="1.7679"/>
  </node>
  <node id="26694" lat="-5.41830202258" lon="53.38866287209">
    <tag k="local_x" v="-329.9932"/>
    <tag k="local_y" v="-95.5793"/>
    <tag k="ele" v="1.7673"/>
  </node>
  <node id="26698" lat="-5.41827700312" lon="53.38866046679">
    <tag k="local_x" v="-330.2767"/>
    <tag k="local_y" v="-92.8098"/>
    <tag k="ele" v="1.7715"/>
  </node>
  <node id="27340" lat="-5.41663813223" lon="53.38906379208">
    <tag k="local_x" v="-286.5895"/>
    <tag k="local_y" v="88.974"/>
    <tag k="ele" v="2.0206"/>
  </node>
  <node id="27341" lat="-5.41661111373" lon="53.38906213195">
    <tag k="local_x" v="-286.7916"/>
    <tag k="local_y" v="91.9654"/>
    <tag k="ele" v="2.0206"/>
  </node>
  <node id="27482" lat="-5.41677964248" lon="53.38728431262">
    <tag k="local_x" v="-484.0172"/>
    <tag k="local_y" v="72.1237"/>
    <tag k="ele" v="1.4788"/>
  </node>
  <node id="27483" lat="-5.41675413153" lon="53.38728260307">
    <tag k="local_x" v="-484.2238"/>
    <tag k="local_y" v="74.9481"/>
    <tag k="ele" v="1.4866"/>
  </node>
  <node id="27562" lat="-5.41677391021" lon="53.38736488944">
    <tag k="local_x" v="-475.077"/>
    <tag k="local_y" v="72.8119"/>
    <tag k="ele" v="1.494"/>
  </node>
  <node id="27563" lat="-5.41674853137" lon="53.38736292595">
    <tag k="local_x" v="-475.3117"/>
    <tag k="local_y" v="75.6215"/>
    <tag k="ele" v="1.505"/>
  </node>
  <node id="28060" lat="-5.41671274739" lon="53.38739762181">
    <tag k="local_x" v="-471.4841"/>
    <tag k="local_y" v="79.6078"/>
    <tag k="ele" v="1.5234"/>
  </node>
  <node id="28062" lat="-5.41670199442" lon="53.38740900023">
    <tag k="local_x" v="-470.2282"/>
    <tag k="local_y" v="80.8063"/>
    <tag k="ele" v="1.5234"/>
  </node>
  <node id="28065" lat="-5.41669648274" lon="53.38742825833">
    <tag k="local_x" v="-468.0942"/>
    <tag k="local_y" v="81.4295"/>
    <tag k="ele" v="1.5234"/>
  </node>
  <node id="28067" lat="-5.41672779169" lon="53.38744065688">
    <tag k="local_x" v="-466.6973"/>
    <tag k="local_y" v="77.97"/>
    <tag k="ele" v="1.5234"/>
  </node>
  <node id="28068" lat="-5.41672493287" lon="53.38744317209">
    <tag k="local_x" v="-466.42"/>
    <tag k="local_y" v="78.2883"/>
    <tag k="ele" v="1.5234"/>
  </node>
  <node id="28071" lat="-5.41672320151" lon="53.38744746259">
    <tag k="local_x" v="-465.9449"/>
    <tag k="local_y" v="78.4829"/>
    <tag k="ele" v="1.5234"/>
  </node>
  <node id="28078" lat="-5.41721405593" lon="53.38637726306">
    <tag k="local_x" v="-584.4124"/>
    <tag k="local_y" v="23.4089"/>
    <tag k="ele" v="1.5322"/>
  </node>
  <node id="28079" lat="-5.41721602633" lon="53.3863519341">
    <tag k="local_x" v="-587.2226"/>
    <tag k="local_y" v="23.1739"/>
    <tag k="ele" v="1.5322"/>
  </node>
  <node id="28280" lat="-5.41676013224" lon="53.38662746085">
    <tag k="local_x" v="-556.9403"/>
    <tag k="local_y" v="73.85"/>
    <tag k="ele" v="1.3677"/>
  </node>
  <node id="28281" lat="-5.41678552318" lon="53.38662933685">
    <tag k="local_x" v="-556.7153"/>
    <tag k="local_y" v="71.039"/>
    <tag k="ele" v="1.3677"/>
  </node>
  <node id="28652" lat="-5.4167247365" lon="53.3870593255">
    <tag k="local_x" v="-509.0269"/>
    <tag k="local_y" v="78.0561"/>
    <tag k="ele" v="1.4348"/>
  </node>
  <node id="28653" lat="-5.41674996897" lon="53.38706127273">
    <tag k="local_x" v="-508.7941"/>
    <tag k="local_y" v="75.2627"/>
    <tag k="ele" v="1.433"/>
  </node>
  <node id="28700" lat="-5.41660069913" lon="53.38867440764">
    <tag k="local_x" v="-329.8356"/>
    <tag k="local_y" v="92.8625"/>
    <tag k="ele" v="1.7366"/>
  </node>
  <node id="28701" lat="-5.41662577468" lon="53.38867652975">
    <tag k="local_x" v="-329.5835"/>
    <tag k="local_y" v="90.0866"/>
    <tag k="ele" v="1.7508"/>
  </node>
  <node id="30020" lat="-5.41753075115" lon="53.38918265787">
    <tag k="local_x" v="-272.8065"/>
    <tag k="local_y" v="-9.8115"/>
    <tag k="ele" v="1.7262"/>
  </node>
  <node id="30021" lat="-5.41752871577" lon="53.38920816207">
    <tag k="local_x" v="-269.9769"/>
    <tag k="local_y" v="-9.5692"/>
    <tag k="ele" v="1.7262"/>
  </node>
  <node id="30537" lat="-5.41708030645" lon="53.38914779034">
    <tag k="local_x" v="-276.974"/>
    <tag k="local_y" v="40.0555"/>
    <tag k="ele" v="1.7282"/>
  </node>
  <node id="30546" lat="-5.4170781273" lon="53.38917326024">
    <tag k="local_x" v="-274.1483"/>
    <tag k="local_y" v="40.3137"/>
    <tag k="ele" v="1.7282"/>
  </node>
  <node id="30869" lat="-5.41775290974" lon="53.38919913094">
    <tag k="local_x" v="-270.8314"/>
    <tag k="local_y" v="-34.4063"/>
    <tag k="ele" v="1.7406"/>
  </node>
  <node id="30870" lat="-5.41775087053" lon="53.38922459914">
    <tag k="local_x" v="-268.0058"/>
    <tag k="local_y" v="-34.1636"/>
    <tag k="ele" v="1.7406"/>
  </node>
  <node id="30876" lat="-5.41787046297" lon="53.38920787628">
    <tag k="local_x" v="-269.7831"/>
    <tag k="local_y" v="-47.4204"/>
    <tag k="ele" v="1.7436"/>
  </node>
  <node id="30877" lat="-5.41786842285" lon="53.38923334088">
    <tag k="local_x" v="-266.9579"/>
    <tag k="local_y" v="-47.1776"/>
    <tag k="ele" v="1.7436"/>
  </node>
  <node id="31035" lat="-5.41738287287" lon="53.38917085491">
    <tag k="local_x" v="-274.2142"/>
    <tag k="local_y" v="6.5593"/>
    <tag k="ele" v="1.7269"/>
  </node>
  <node id="31036" lat="-5.41738072716" lon="53.38919632913">
    <tag k="local_x" v="-271.388"/>
    <tag k="local_y" v="6.8138"/>
    <tag k="ele" v="1.7269"/>
  </node>
  <node id="31444" lat="-5.41720087665" lon="53.38915752052">
    <tag k="local_x" v="-275.8144"/>
    <tag k="local_y" v="26.7079"/>
    <tag k="ele" v="1.8626"/>
  </node>
  <node id="31445" lat="-5.41719882121" lon="53.38918299419">
    <tag k="local_x" v="-272.9882"/>
    <tag k="local_y" v="26.9524"/>
    <tag k="ele" v="1.8626"/>
  </node>
  <node id="31729" lat="-5.41707272086" lon="53.39165248613">
    <tag k="local_x" v="1.0398"/>
    <tag k="local_y" v="42.5514"/>
    <tag k="ele" v="2.0022"/>
  </node>
  <node id="31730" lat="-5.41707475943" lon="53.39162689088">
    <tag k="local_x" v="-1.7999"/>
    <tag k="local_y" v="42.3087"/>
    <tag k="ele" v="2.0022"/>
  </node>
  <node id="31790" lat="-5.41716879411" lon="53.39163294945">
    <tag k="local_x" v="-1.0654"/>
    <tag k="local_y" v="31.8977"/>
    <tag k="ele" v="1.9402"/>
  </node>
  <node id="31791" lat="-5.41716104498" lon="53.39160469699">
    <tag k="local_x" v="-4.2065"/>
    <tag k="local_y" v="32.7373"/>
    <tag k="ele" v="1.9402"/>
  </node>
  <node id="31800" lat="-5.41709128656" lon="53.39165230827">
    <tag k="local_x" v="1.0323"/>
    <tag k="local_y" v="40.495"/>
    <tag k="ele" v="2.0022"/>
  </node>
  <node id="31804" lat="-5.41710929196" lon="53.39165098418">
    <tag k="local_x" v="0.8972"/>
    <tag k="local_y" v="38.4999"/>
    <tag k="ele" v="2.0022"/>
  </node>
  <node id="31808" lat="-5.41712387763" lon="53.39164835967">
    <tag k="local_x" v="0.6155"/>
    <tag k="local_y" v="36.8827"/>
    <tag k="ele" v="2.0022"/>
  </node>
  <node id="31810" lat="-5.41713712441" lon="53.39164468815">
    <tag k="local_x" v="0.2167"/>
    <tag k="local_y" v="35.4131"/>
    <tag k="ele" v="2.0022"/>
  </node>
  <node id="31814" lat="-5.41709026847" lon="53.39162527981">
    <tag k="local_x" v="-1.9685"/>
    <tag k="local_y" v="40.5899"/>
    <tag k="ele" v="2.0022"/>
  </node>
  <node id="31818" lat="-5.41710573522" lon="53.39162324016">
    <tag k="local_x" v="-2.1847"/>
    <tag k="local_y" v="38.8755"/>
    <tag k="ele" v="2.0022"/>
  </node>
  <node id="31822" lat="-5.41711776255" lon="53.39162053355">
    <tag k="local_x" v="-2.4772"/>
    <tag k="local_y" v="37.5416"/>
    <tag k="ele" v="2.0022"/>
  </node>
  <node id="31824" lat="-5.41712964162" lon="53.39161703953">
    <tag k="local_x" v="-2.8572"/>
    <tag k="local_y" v="36.2236"/>
    <tag k="ele" v="2.0022"/>
  </node>
  <node id="31828" lat="-5.41702468627" lon="53.39161107016">
    <tag k="local_x" v="-3.589"/>
    <tag k="local_y" v="47.8442"/>
    <tag k="ele" v="1.921"/>
  </node>
  <node id="31838" lat="-5.41702662353" lon="53.39158589714">
    <tag k="local_x" v="-6.3819"/>
    <tag k="local_y" v="47.613"/>
    <tag k="ele" v="1.9049"/>
  </node>
  <node id="31851" lat="-5.41705926168" lon="53.39161374858">
    <tag k="local_x" v="-3.2689"/>
    <tag k="local_y" v="44.0165"/>
    <tag k="ele" v="1.9128"/>
  </node>
  <node id="31852" lat="-5.41706123576" lon="53.391588542">
    <tag k="local_x" v="-6.0655"/>
    <tag k="local_y" v="43.7812"/>
    <tag k="ele" v="1.9128"/>
  </node>
  <node id="31953" lat="-5.416073156" lon="53.38889807275">
    <tag k="local_x" v="-305.357"/>
    <tag k="local_y" v="151.4397"/>
    <tag k="ele" v="1.9087"/>
  </node>
  <node id="31956" lat="-5.4160992838" lon="53.38889980665">
    <tag k="local_x" v="-305.1473"/>
    <tag k="local_y" v="148.547"/>
    <tag k="ele" v="1.9087"/>
  </node>
  <node id="32484" lat="-5.41610859594" lon="53.38876413254">
    <tag k="local_x" v="-320.2009"/>
    <tag k="local_y" v="147.4259"/>
    <tag k="ele" v="1.8998"/>
  </node>
  <node id="32485" lat="-5.41608247146" lon="53.38876234818">
    <tag k="local_x" v="-320.4162"/>
    <tag k="local_y" v="150.3182"/>
    <tag k="ele" v="1.8998"/>
  </node>
  <node id="32841" lat="-5.41678512905" lon="53.38720417329">
    <tag k="local_x" v="-492.909"/>
    <tag k="local_y" v="71.463"/>
    <tag k="ele" v="1.4518"/>
  </node>
  <node id="32842" lat="-5.41675952125" lon="53.38720227153">
    <tag k="local_x" v="-493.137"/>
    <tag k="local_y" v="74.298"/>
    <tag k="ele" v="1.4587"/>
  </node>
  <node id="32967" lat="-5.41674867695" lon="53.3876909835">
    <tag k="local_x" v="-438.8974"/>
    <tag k="local_y" v="75.8224"/>
    <tag k="ele" v="1.6645"/>
  </node>
  <node id="32968" lat="-5.41672319252" lon="53.38768902963">
    <tag k="local_x" v="-439.1311"/>
    <tag k="local_y" v="78.6437"/>
    <tag k="ele" v="1.6649"/>
  </node>
  <node id="32993" lat="-5.41676797191" lon="53.38744075216">
    <tag k="local_x" v="-466.6602"/>
    <tag k="local_y" v="73.5198"/>
    <tag k="ele" v="1.5005"/>
  </node>
  <node id="32994" lat="-5.41673967073" lon="53.3874488088">
    <tag k="local_x" v="-465.7846"/>
    <tag k="local_y" v="76.6597"/>
    <tag k="ele" v="1.5128"/>
  </node>
  <node id="33083" lat="-5.4167530107" lon="53.38763353311">
    <tag k="local_x" v="-445.2715"/>
    <tag k="local_y" v="75.3044"/>
    <tag k="ele" v="1.5826"/>
  </node>
  <node id="33084" lat="-5.41672774117" lon="53.38763158067">
    <tag k="local_x" v="-445.5049"/>
    <tag k="local_y" v="78.1019"/>
    <tag k="ele" v="1.5888"/>
  </node>
  <node id="33139" lat="-5.41670137045" lon="53.38736333706">
    <tag k="local_x" v="-475.2972"/>
    <tag k="local_y" v="80.8452"/>
    <tag k="ele" v="1.5065"/>
  </node>
  <node id="33140" lat="-5.41672667941" lon="53.3873652397">
    <tag k="local_x" v="-475.0693"/>
    <tag k="local_y" v="78.0433"/>
    <tag k="ele" v="1.5039"/>
  </node>
  <node id="33146" lat="-5.41676583831" lon="53.38746824427">
    <tag k="local_x" v="-463.61"/>
    <tag k="local_y" v="73.7743"/>
    <tag k="ele" v="1.5416"/>
  </node>
  <node id="33147" lat="-5.41674056877" lon="53.38746629093">
    <tag k="local_x" v="-463.8435"/>
    <tag k="local_y" v="76.5718"/>
    <tag k="ele" v="1.5508"/>
  </node>
  <node id="33172" lat="-5.41682206939" lon="53.3871519119">
    <tag k="local_x" v="-498.6856"/>
    <tag k="local_y" v="67.337"/>
    <tag k="ele" v="1.4058"/>
  </node>
  <node id="33173" lat="-5.41681369378" lon="53.38717705733">
    <tag k="local_x" v="-495.9"/>
    <tag k="local_y" v="68.2813"/>
    <tag k="ele" v="1.4058"/>
  </node>
  <node id="33233" lat="-5.41681334355" lon="53.38683686145">
    <tag k="local_x" v="-533.6618"/>
    <tag k="local_y" v="68.095"/>
    <tag k="ele" v="1.5416"/>
  </node>
  <node id="33252" lat="-5.41678807403" lon="53.38683490814">
    <tag k="local_x" v="-533.8953"/>
    <tag k="local_y" v="70.8925"/>
    <tag k="ele" v="1.5508"/>
  </node>
  <node id="33271" lat="-5.41681094352" lon="53.38686675334">
    <tag k="local_x" v="-530.3454"/>
    <tag k="local_y" v="68.3806"/>
    <tag k="ele" v="1.4478"/>
  </node>
  <node id="33272" lat="-5.41678555532" lon="53.38686473226">
    <tag k="local_x" v="-530.5865"/>
    <tag k="local_y" v="71.1912"/>
    <tag k="ele" v="1.4535"/>
  </node>
  <node id="33284" lat="-5.41676301894" lon="53.38750457293">
    <tag k="local_x" v="-459.5794"/>
    <tag k="local_y" v="74.1106"/>
    <tag k="ele" v="1.5621"/>
  </node>
  <node id="33285" lat="-5.41673774941" lon="53.38750262049">
    <tag k="local_x" v="-459.8128"/>
    <tag k="local_y" v="76.9081"/>
    <tag k="ele" v="1.5698"/>
  </node>
  <node id="33291" lat="-5.41675331322" lon="53.38670474858">
    <tag k="local_x" v="-548.3659"/>
    <tag k="local_y" v="74.6564"/>
    <tag k="ele" v="1.3733"/>
  </node>
  <node id="33292" lat="-5.4167826979" lon="53.38671393329">
    <tag k="local_x" v="-547.327"/>
    <tag k="local_y" v="71.4079"/>
    <tag k="ele" v="1.3733"/>
  </node>
  <node id="33483" lat="-5.41771910571" lon="53.39011185454">
    <tag k="local_x" v="-169.5423"/>
    <tag k="local_y" v="-30.0587"/>
    <tag k="ele" v="2.0511"/>
  </node>
  <node id="33484" lat="-5.4176940793" lon="53.39010995552">
    <tag k="local_x" v="-169.7696"/>
    <tag k="local_y" v="-27.2881"/>
    <tag k="ele" v="2.0511"/>
  </node>
  <node id="33490" lat="-5.41772458284" lon="53.38997880992">
    <tag k="local_x" v="-184.3065"/>
    <tag k="local_y" v="-30.7533"/>
    <tag k="ele" v="1.7679"/>
  </node>
  <node id="33491" lat="-5.41770413721" lon="53.38996413761">
    <tag k="local_x" v="-185.9486"/>
    <tag k="local_y" v="-28.4985"/>
    <tag k="ele" v="1.7679"/>
  </node>
  <node id="33497" lat="-5.41769364024" lon="53.39006998298">
    <tag k="local_x" v="-174.2068"/>
    <tag k="local_y" v="-27.2659"/>
    <tag k="ele" v="1.8028"/>
  </node>
  <node id="33500" lat="-5.41771919048" lon="53.39006782569">
    <tag k="local_x" v="-174.4294"/>
    <tag k="local_y" v="-30.0972"/>
    <tag k="ele" v="1.8028"/>
  </node>
  <node id="33661" lat="-5.41621402552" lon="53.39158005546">
    <tag k="local_x" v="-7.5661"/>
    <tag k="local_y" v="137.6101"/>
    <tag k="ele" v="2.1256"/>
  </node>
  <node id="33662" lat="-5.41621609318" lon="53.39155509611">
    <tag k="local_x" v="-10.3352"/>
    <tag k="local_y" v="137.3646"/>
    <tag k="ele" v="2.1256"/>
  </node>
  <node id="33668" lat="-5.41620179093" lon="53.39157904613">
    <tag k="local_x" v="-7.6862"/>
    <tag k="local_y" v="138.9645"/>
    <tag k="ele" v="2.1254"/>
  </node>
  <node id="33669" lat="-5.4162038595" lon="53.39155408679">
    <tag k="local_x" v="-10.4553"/>
    <tag k="local_y" v="138.7189"/>
    <tag k="ele" v="2.1254"/>
  </node>
  <node id="33685" lat="-5.41625817284" lon="53.39156753457">
    <tag k="local_x" v="-8.9268"/>
    <tag k="local_y" v="132.7122"/>
    <tag k="ele" v="2.0751"/>
  </node>
  <node id="33696" lat="-5.41623116338" lon="53.39158753121">
    <tag k="local_x" v="-6.725"/>
    <tag k="local_y" v="135.7169"/>
    <tag k="ele" v="2.1256"/>
  </node>
  <node id="33698" lat="-5.41623875318" lon="53.391593015">
    <tag k="local_x" v="-6.1113"/>
    <tag k="local_y" v="134.8799"/>
    <tag k="ele" v="2.1256"/>
  </node>
  <node id="33701" lat="-5.41623528366" lon="53.39155809477">
    <tag k="local_x" v="-9.9897"/>
    <tag k="local_y" v="135.2411"/>
    <tag k="ele" v="2.1256"/>
  </node>
  <node id="33704" lat="-5.41624686173" lon="53.39156180621">
    <tag k="local_x" v="-9.5701"/>
    <tag k="local_y" v="133.9612"/>
    <tag k="ele" v="2.1256"/>
  </node>
  <node id="33709" lat="-5.41625483717" lon="53.39160529796">
    <tag k="local_x" v="-4.7373"/>
    <tag k="local_y" v="133.1066"/>
    <tag k="ele" v="1.7388"/>
  </node>
  <node id="33710" lat="-5.41626487567" lon="53.39161170595">
    <tag k="local_x" v="-4.0194"/>
    <tag k="local_y" v="131.999"/>
    <tag k="ele" v="1.7388"/>
  </node>
  <node id="33711" lat="-5.41627489731" lon="53.39161604647">
    <tag k="local_x" v="-3.531"/>
    <tag k="local_y" v="130.8919"/>
    <tag k="ele" v="1.7388"/>
  </node>
  <node id="33712" lat="-5.41628580577" lon="53.39161829881">
    <tag k="local_x" v="-3.2738"/>
    <tag k="local_y" v="129.6852"/>
    <tag k="ele" v="1.7388"/>
  </node>
  <node id="33714" lat="-5.41627577336" lon="53.39158052384">
    <tag k="local_x" v="-7.4734"/>
    <tag k="local_y" v="130.7714"/>
    <tag k="ele" v="1.7388"/>
  </node>
  <node id="33715" lat="-5.41628344228" lon="53.39158716303">
    <tag k="local_x" v="-6.7314"/>
    <tag k="local_y" v="129.9264"/>
    <tag k="ele" v="1.7388"/>
  </node>
  <node id="33716" lat="-5.41629018159" lon="53.3915912879">
    <tag k="local_x" v="-6.2691"/>
    <tag k="local_y" v="129.1827"/>
    <tag k="ele" v="1.7388"/>
  </node>
  <node id="33729" lat="-5.41622320648" lon="53.39158331987">
    <tag k="local_x" v="-7.1977"/>
    <tag k="local_y" v="136.5954"/>
    <tag k="ele" v="2.1256"/>
  </node>
  <node id="33730" lat="-5.41622462022" lon="53.39155589773">
    <tag k="local_x" v="-10.2406"/>
    <tag k="local_y" v="136.4207"/>
    <tag k="ele" v="2.1256"/>
  </node>
  <node id="33913" lat="-5.41837814518" lon="53.38860685404">
    <tag k="local_x" v="-336.1609"/>
    <tag k="local_y" v="-104.0475"/>
    <tag k="ele" v="1.7487"/>
  </node>
  <node id="33914" lat="-5.41837670649" lon="53.38863822684">
    <tag k="local_x" v="-332.6795"/>
    <tag k="local_y" v="-103.8674"/>
    <tag k="ele" v="1.7528"/>
  </node>
  <node id="34039" lat="-5.41573290894" lon="53.38949786305">
    <tag k="local_x" v="-239.0051"/>
    <tag k="local_y" v="189.5211"/>
    <tag k="ele" v="1.8768"/>
  </node>
  <node id="34042" lat="-5.41573120449" lon="53.38955552755">
    <tag k="local_x" v="-232.6055"/>
    <tag k="local_y" v="189.748"/>
    <tag k="ele" v="1.8768"/>
  </node>
  <node id="34081" lat="-5.41585422664" lon="53.38964674568">
    <tag k="local_x" v="-222.3992"/>
    <tag k="local_y" v="176.1827"/>
    <tag k="ele" v="0.0092"/>
  </node>
  <node id="34082" lat="-5.4158796954" lon="53.38964198169">
    <tag k="local_x" v="-222.9112"/>
    <tag k="local_y" v="173.3587"/>
    <tag k="ele" v="0.0092"/>
  </node>
  <node id="34420" lat="-5.41768360107" lon="53.3902047259">
    <tag k="local_x" v="-159.2571"/>
    <tag k="local_y" v="-26.0649"/>
    <tag k="ele" v="2.0654"/>
  </node>
  <node id="34422" lat="-5.41765857466" lon="53.39020282688">
    <tag k="local_x" v="-159.4844"/>
    <tag k="local_y" v="-23.2943"/>
    <tag k="ele" v="2.0654"/>
  </node>
  <node id="35086" lat="-5.41587262456" lon="53.38940381242">
    <tag k="local_x" v="-249.3525"/>
    <tag k="local_y" v="173.9844"/>
    <tag k="ele" v="1.855"/>
  </node>
  <node id="35089" lat="-5.41584704786" lon="53.38940198783">
    <tag k="local_x" v="-249.5719"/>
    <tag k="local_y" v="176.816"/>
    <tag k="ele" v="1.855"/>
  </node>
  <node id="35099" lat="-5.41585330693" lon="53.38931461411">
    <tag k="local_x" v="-259.2662"/>
    <tag k="local_y" v="176.065"/>
    <tag k="ele" v="1.85"/>
  </node>
  <node id="35100" lat="-5.41587888363" lon="53.3893164387">
    <tag k="local_x" v="-259.0468"/>
    <tag k="local_y" v="173.2334"/>
    <tag k="ele" v="1.85"/>
  </node>
  <node id="35333" lat="-5.41581492635" lon="53.38925497161">
    <tag k="local_x" v="-265.9118"/>
    <tag k="local_y" v="180.2765"/>
    <tag k="ele" v="1.8513"/>
  </node>
  <node id="35334" lat="-5.41585451798" lon="53.38925763814">
    <tag k="local_x" v="-265.5897"/>
    <tag k="local_y" v="175.8932"/>
    <tag k="ele" v="1.8513"/>
  </node>
  <node id="35340" lat="-5.41665379035" lon="53.38889298528">
    <tag k="local_x" v="-305.5386"/>
    <tag k="local_y" v="87.1268"/>
    <tag k="ele" v="1.7889"/>
  </node>
  <node id="35341" lat="-5.41662839679" lon="53.38889113442">
    <tag k="local_x" v="-305.7608"/>
    <tag k="local_y" v="89.9381"/>
    <tag k="ele" v="1.7889"/>
  </node>
  <node id="35347" lat="-5.41663100314" lon="53.38920126239">
    <tag k="local_x" v="-271.3351"/>
    <tag k="local_y" v="89.8545"/>
    <tag k="ele" v="1.8205"/>
  </node>
  <node id="35349" lat="-5.41660130664" lon="53.38919928935">
    <tag k="local_x" v="-271.5737"/>
    <tag k="local_y" v="93.1423"/>
    <tag k="ele" v="1.8205"/>
  </node>
  <node id="35618" lat="-5.41627064175" lon="53.38847571007">
    <tag k="local_x" v="-352.1087"/>
    <tag k="local_y" v="129.2874"/>
    <tag k="ele" v="0.083"/>
  </node>
  <node id="35619" lat="-5.41627247047" lon="53.38844991979">
    <tag k="local_x" v="-354.9702"/>
    <tag k="local_y" v="129.0678"/>
    <tag k="ele" v="0.083"/>
  </node>
  <node id="35635" lat="-5.416476128" lon="53.3907955937">
    <tag k="local_x" v="-94.4678"/>
    <tag k="local_y" v="108.062"/>
    <tag k="ele" v="1.9962"/>
  </node>
  <node id="35637" lat="-5.41645097464" lon="53.39079360348">
    <tag k="local_x" v="-94.7053"/>
    <tag k="local_y" v="110.8466"/>
    <tag k="ele" v="1.9962"/>
  </node>
  <node id="36290" lat="-5.41674050956" lon="53.38993109157">
    <tag k="local_x" v="-190.2524"/>
    <tag k="local_y" v="78.2084"/>
    <tag k="ele" v="1.8645"/>
  </node>
  <node id="36291" lat="-5.41674244444" lon="53.38990598528">
    <tag k="local_x" v="-193.0379"/>
    <tag k="local_y" v="77.9775"/>
    <tag k="ele" v="1.899"/>
  </node>
  <node id="36297" lat="-5.41687428938" lon="53.38994135606">
    <tag k="local_x" v="-189.0248"/>
    <tag k="local_y" v="63.3981"/>
    <tag k="ele" v="1.8646"/>
  </node>
  <node id="36298" lat="-5.41687624571" lon="53.3899162127">
    <tag k="local_x" v="-191.8144"/>
    <tag k="local_y" v="63.1648"/>
    <tag k="ele" v="1.897"/>
  </node>
  <node id="36441" lat="-5.41633350139" lon="53.38838282508">
    <tag k="local_x" v="-362.3774"/>
    <tag k="local_y" v="122.2638"/>
    <tag k="ele" v="0.1408"/>
  </node>
  <node id="36443" lat="-5.41633173501" lon="53.3884086213">
    <tag k="local_x" v="-359.5152"/>
    <tag k="local_y" v="122.4765"/>
    <tag k="ele" v="0.1408"/>
  </node>
  <node id="36866" lat="-5.41646319026" lon="53.38839175502">
    <tag k="local_x" v="-361.3006"/>
    <tag k="local_y" v="107.9057"/>
    <tag k="ele" v="0.1101"/>
  </node>
  <node id="36867" lat="-5.41646143854" lon="53.38841894936">
    <tag k="local_x" v="-358.2832"/>
    <tag k="local_y" v="108.1177"/>
    <tag k="ele" v="0.1101"/>
  </node>
  <node id="37110" lat="-5.41607887863" lon="53.38919288273">
    <tag k="local_x" v="-272.6295"/>
    <tag k="local_y" v="151.0008"/>
    <tag k="ele" v="1.9087"/>
  </node>
  <node id="37113" lat="-5.41605275082" lon="53.38919114882">
    <tag k="local_x" v="-272.8392"/>
    <tag k="local_y" v="153.8935"/>
    <tag k="ele" v="1.9087"/>
  </node>
  <node id="37882" lat="-5.4182225913" lon="53.38645316111">
    <tag k="local_x" v="-575.3217"/>
    <tag k="local_y" v="-88.2439"/>
    <tag k="ele" v="1.5252"/>
  </node>
  <node id="37883" lat="-5.4182244578" lon="53.38642782461">
    <tag k="local_x" v="-578.1328"/>
    <tag k="local_y" v="-88.4674"/>
    <tag k="ele" v="1.5252"/>
  </node>
  <node id="37921" lat="-5.41619962048" lon="53.38711285414">
    <tag k="local_x" v="-503.4319"/>
    <tag k="local_y" v="136.2521"/>
    <tag k="ele" v="2.6469"/>
  </node>
  <node id="37924" lat="-5.41621931215" lon="53.38711467038">
    <tag k="local_x" v="-503.2173"/>
    <tag k="local_y" v="134.0723"/>
    <tag k="ele" v="2.6469"/>
  </node>
  <node id="37928" lat="-5.41618803095" lon="53.38711160144">
    <tag k="local_x" v="-503.5786"/>
    <tag k="local_y" v="137.5349"/>
    <tag k="ele" v="2.6469"/>
  </node>
  <node id="37929" lat="-5.41620493553" lon="53.38691148938">
    <tag k="local_x" v="-525.7798"/>
    <tag k="local_y" v="135.5302"/>
    <tag k="ele" v="2.9298"/>
  </node>
  <node id="37930" lat="-5.41616507403" lon="53.38711016138">
    <tag k="local_x" v="-503.7536"/>
    <tag k="local_y" v="140.0766"/>
    <tag k="ele" v="2.6469"/>
  </node>
  <node id="37931" lat="-5.41618197862" lon="53.38691004933">
    <tag k="local_x" v="-525.9548"/>
    <tag k="local_y" v="138.0719"/>
    <tag k="ele" v="2.9298"/>
  </node>
  <node id="38050" lat="-5.41619971245" lon="53.38737570866">
    <tag k="local_x" v="-474.2551"/>
    <tag k="local_y" v="136.4158"/>
    <tag k="ele" v="2.2996"/>
  </node>
  <node id="38052" lat="-5.41617414841" lon="53.38737372734">
    <tag k="local_x" v="-474.4919"/>
    <tag k="local_y" v="139.2459"/>
    <tag k="ele" v="2.2996"/>
  </node>
  <node id="38064" lat="-5.41616823183" lon="53.38737386883">
    <tag k="local_x" v="-474.4801"/>
    <tag k="local_y" v="139.9013"/>
    <tag k="ele" v="2.2996"/>
  </node>
  <node id="38066" lat="-5.41614266779" lon="53.3873718875">
    <tag k="local_x" v="-474.7169"/>
    <tag k="local_y" v="142.7314"/>
    <tag k="ele" v="2.2996"/>
  </node>
  <node id="38193" lat="-5.41595563278" lon="53.38995788015">
    <tag k="local_x" v="-187.7966"/>
    <tag k="local_y" v="165.1569"/>
    <tag k="ele" v="1.9067"/>
  </node>
  <node id="38194" lat="-5.41598432137" lon="53.38995465561">
    <tag k="local_x" v="-188.1356"/>
    <tag k="local_y" v="161.9773"/>
    <tag k="ele" v="1.8926"/>
  </node>
  <node id="38379" lat="-5.41601500274" lon="53.38985841683">
    <tag k="local_x" v="-198.7978"/>
    <tag k="local_y" v="158.5155"/>
    <tag k="ele" v="1.9943"/>
  </node>
  <node id="38382" lat="-5.41599360627" lon="53.38984084656">
    <tag k="local_x" v="-200.7622"/>
    <tag k="local_y" v="160.8737"/>
    <tag k="ele" v="1.9943"/>
  </node>
  <node id="38393" lat="-5.41597264346" lon="53.38987778397">
    <tag k="local_x" v="-196.676"/>
    <tag k="local_y" v="163.2199"/>
    <tag k="ele" v="1.9571"/>
  </node>
  <node id="38394" lat="-5.41596867427" lon="53.38988562562">
    <tag k="local_x" v="-195.8082"/>
    <tag k="local_y" v="163.6647"/>
    <tag k="ele" v="1.9571"/>
  </node>
  <node id="38395" lat="-5.41596504736" lon="53.38989408687">
    <tag k="local_x" v="-194.8714"/>
    <tag k="local_y" v="164.072"/>
    <tag k="ele" v="1.9571"/>
  </node>
  <node id="38396" lat="-5.4159619608" lon="53.38990277283">
    <tag k="local_x" v="-193.9093"/>
    <tag k="local_y" v="164.4196"/>
    <tag k="ele" v="1.9571"/>
  </node>
  <node id="38397" lat="-5.41595942793" lon="53.3899116483">
    <tag k="local_x" v="-192.9258"/>
    <tag k="local_y" v="164.706"/>
    <tag k="ele" v="1.9571"/>
  </node>
  <node id="38398" lat="-5.4159574612" lon="53.38992067896">
    <tag k="local_x" v="-191.9247"/>
    <tag k="local_y" v="164.9298"/>
    <tag k="ele" v="1.9571"/>
  </node>
  <node id="38399" lat="-5.41595606849" lon="53.38992982784">
    <tag k="local_x" v="-190.9101"/>
    <tag k="local_y" v="165.0901"/>
    <tag k="ele" v="1.9571"/>
  </node>
  <node id="38400" lat="-5.41595525862" lon="53.38993905883">
    <tag k="local_x" v="-189.886"/>
    <tag k="local_y" v="165.1859"/>
    <tag k="ele" v="1.9571"/>
  </node>
  <node id="38401" lat="-5.41595503047" lon="53.38994787916">
    <tag k="local_x" v="-188.9071"/>
    <tag k="local_y" v="165.217"/>
    <tag k="ele" v="1.9571"/>
  </node>
  <node id="38402" lat="-5.41599657211" lon="53.38988969231">
    <tag k="local_x" v="-195.3384"/>
    <tag k="local_y" v="160.5775"/>
    <tag k="ele" v="1.9571"/>
  </node>
  <node id="38404" lat="-5.41599039798" lon="53.38990477594">
    <tag k="local_x" v="-193.6682"/>
    <tag k="local_y" v="161.2713"/>
    <tag k="ele" v="1.9571"/>
  </node>
  <node id="38406" lat="-5.41598699767" lon="53.38991822686">
    <tag k="local_x" v="-192.1774"/>
    <tag k="local_y" v="161.6568"/>
    <tag k="ele" v="1.9571"/>
  </node>
  <node id="38408" lat="-5.41598538923" lon="53.38992919955">
    <tag k="local_x" v="-190.9605"/>
    <tag k="local_y" v="161.8422"/>
    <tag k="ele" v="1.9571"/>
  </node>
  <node id="38410" lat="-5.41598469166" lon="53.38994287406">
    <tag k="local_x" v="-189.4431"/>
    <tag k="local_y" v="161.9285"/>
    <tag k="ele" v="1.9571"/>
  </node>
  <node id="38425" lat="-5.41592950805" lon="53.3898274688">
    <tag k="local_x" v="-202.2894"/>
    <tag k="local_y" v="167.9642"/>
    <tag k="ele" v="2.0262"/>
  </node>
  <node id="38426" lat="-5.41596024266" lon="53.38981881765">
    <tag k="local_x" v="-203.2294"/>
    <tag k="local_y" v="164.5544"/>
    <tag k="ele" v="2.0262"/>
  </node>
  <node id="38432" lat="-5.41592246409" lon="53.38980255285">
    <tag k="local_x" v="-205.0597"/>
    <tag k="local_y" v="168.7279"/>
    <tag k="ele" v="2.0205"/>
  </node>
  <node id="38433" lat="-5.41595319961" lon="53.38979390259">
    <tag k="local_x" v="-205.9996"/>
    <tag k="local_y" v="165.318"/>
    <tag k="ele" v="2.0205"/>
  </node>
  <node id="38470" lat="-5.4159337479" lon="53.38984288965">
    <tag k="local_x" v="-200.5749"/>
    <tag k="local_y" v="167.5048"/>
    <tag k="ele" v="2.0269"/>
  </node>
  <node id="38471" lat="-5.41593715324" lon="53.38985554697">
    <tag k="local_x" v="-199.1677"/>
    <tag k="local_y" v="167.136"/>
    <tag k="ele" v="2.0269"/>
  </node>
  <node id="38472" lat="-5.41594029358" lon="53.38986812659">
    <tag k="local_x" v="-197.7693"/>
    <tag k="local_y" v="166.7965"/>
    <tag k="ele" v="2.0269"/>
  </node>
  <node id="38473" lat="-5.41594320403" lon="53.38988076433">
    <tag k="local_x" v="-196.3646"/>
    <tag k="local_y" v="166.4825"/>
    <tag k="ele" v="2.0269"/>
  </node>
  <node id="38474" lat="-5.41594588458" lon="53.38989345659">
    <tag k="local_x" v="-194.954"/>
    <tag k="local_y" v="166.194"/>
    <tag k="ele" v="2.0269"/>
  </node>
  <node id="38475" lat="-5.41594833338" lon="53.38990619887">
    <tag k="local_x" v="-193.538"/>
    <tag k="local_y" v="165.9312"/>
    <tag k="ele" v="2.0269"/>
  </node>
  <node id="38476" lat="-5.41595054952" lon="53.38991898669">
    <tag k="local_x" v="-192.1171"/>
    <tag k="local_y" v="165.6942"/>
    <tag k="ele" v="2.0269"/>
  </node>
  <node id="38477" lat="-5.41595253205" lon="53.38993181643">
    <tag k="local_x" v="-190.6917"/>
    <tag k="local_y" v="165.4831"/>
    <tag k="ele" v="2.0269"/>
  </node>
  <node id="38478" lat="-5.4159542962" lon="53.38994481414">
    <tag k="local_x" v="-189.2478"/>
    <tag k="local_y" v="165.2963"/>
    <tag k="ele" v="2.0269"/>
  </node>
  <node id="38479" lat="-5.41596470784" lon="53.38983508041">
    <tag k="local_x" v="-201.4213"/>
    <tag k="local_y" v="164.0706"/>
    <tag k="ele" v="2.0269"/>
  </node>
  <node id="38480" lat="-5.41596781113" lon="53.38984810979">
    <tag k="local_x" v="-199.973"/>
    <tag k="local_y" v="163.7355"/>
    <tag k="ele" v="2.0269"/>
  </node>
  <node id="38481" lat="-5.41597070792" lon="53.3898613314">
    <tag k="local_x" v="-198.5035"/>
    <tag k="local_y" v="163.4234"/>
    <tag k="ele" v="2.0269"/>
  </node>
  <node id="38482" lat="-5.41597336301" lon="53.38987459949">
    <tag k="local_x" v="-197.029"/>
    <tag k="local_y" v="163.1381"/>
    <tag k="ele" v="2.0269"/>
  </node>
  <node id="38483" lat="-5.41597577458" lon="53.38988791138">
    <tag k="local_x" v="-195.5498"/>
    <tag k="local_y" v="162.8798"/>
    <tag k="ele" v="2.0269"/>
  </node>
  <node id="38484" lat="-5.4159779417" lon="53.38990126075">
    <tag k="local_x" v="-194.0666"/>
    <tag k="local_y" v="162.6486"/>
    <tag k="ele" v="2.0269"/>
  </node>
  <node id="38485" lat="-5.41597986434" lon="53.389914644">
    <tag k="local_x" v="-192.5798"/>
    <tag k="local_y" v="162.4445"/>
    <tag k="ele" v="2.0269"/>
  </node>
  <node id="38486" lat="-5.41598154158" lon="53.38992805664">
    <tag k="local_x" v="-191.0899"/>
    <tag k="local_y" v="162.2676"/>
    <tag k="ele" v="2.0269"/>
  </node>
  <node id="38487" lat="-5.41598295815" lon="53.38994136363">
    <tag k="local_x" v="-189.6119"/>
    <tag k="local_y" v="162.1195"/>
    <tag k="ele" v="2.0269"/>
  </node>
  <node id="38525" lat="-5.41643914654" lon="53.38846248934">
    <tag k="local_x" v="-353.465"/>
    <tag k="local_y" v="110.6155"/>
    <tag k="ele" v="1.8128"/>
  </node>
  <node id="38528" lat="-5.41643695398" lon="53.3884879809">
    <tag k="local_x" v="-350.6369"/>
    <tag k="local_y" v="110.8752"/>
    <tag k="ele" v="1.8128"/>
  </node>
  <node id="38652" lat="-5.41661752025" lon="53.3885397753">
    <tag k="local_x" v="-344.7686"/>
    <tag k="local_y" v="90.9104"/>
    <tag k="ele" v="1.7522"/>
  </node>
  <node id="38653" lat="-5.41664687916" lon="53.38854176744">
    <tag k="local_x" v="-344.5281"/>
    <tag k="local_y" v="87.66"/>
    <tag k="ele" v="1.7636"/>
  </node>
  <node id="38678" lat="-5.41649406559" lon="53.38849287113">
    <tag k="local_x" v="-350.0564"/>
    <tag k="local_y" v="104.5529"/>
    <tag k="ele" v="1.8118"/>
  </node>
  <node id="38679" lat="-5.41649625814" lon="53.38846737957">
    <tag k="local_x" v="-352.8845"/>
    <tag k="local_y" v="104.2932"/>
    <tag k="ele" v="1.8118"/>
  </node>
  <node id="38686" lat="-5.41659437856" lon="53.38848169181">
    <tag k="local_x" v="-351.2311"/>
    <tag k="local_y" v="93.4351"/>
    <tag k="ele" v="1.8108"/>
  </node>
  <node id="38867" lat="-5.41660613085" lon="53.38860470466">
    <tag k="local_x" v="-337.569"/>
    <tag k="local_y" v="92.2148"/>
    <tag k="ele" v="1.7231"/>
  </node>
  <node id="38869" lat="-5.41663127698" lon="53.38860594436">
    <tag k="local_x" v="-337.4148"/>
    <tag k="local_y" v="89.4305"/>
    <tag k="ele" v="1.7407"/>
  </node>
  <node id="38871" lat="-5.41660807946" lon="53.38859400382">
    <tag k="local_x" v="-338.7555"/>
    <tag k="local_y" v="91.9919"/>
    <tag k="ele" v="0.7491"/>
  </node>
  <node id="38874" lat="-5.41663443035" lon="53.38859499492">
    <tag k="local_x" v="-338.6281"/>
    <tag k="local_y" v="89.074"/>
    <tag k="ele" v="0.7491"/>
  </node>
  <node id="38904" lat="-5.41661581351" lon="53.3885589279">
    <tag k="local_x" v="-342.6438"/>
    <tag k="local_y" v="91.1121"/>
    <tag k="ele" v="1.7579"/>
  </node>
  <node id="38905" lat="-5.41661346391" lon="53.38857096987">
    <tag k="local_x" v="-341.3087"/>
    <tag k="local_y" v="91.3803"/>
    <tag k="ele" v="1.7579"/>
  </node>
  <node id="38906" lat="-5.41661074739" lon="53.38858325636">
    <tag k="local_x" v="-339.9467"/>
    <tag k="local_y" v="91.6893"/>
    <tag k="ele" v="1.7579"/>
  </node>
  <node id="38907" lat="-5.41664429491" lon="53.38855805947">
    <tag k="local_x" v="-342.7214"/>
    <tag k="local_y" v="87.957"/>
    <tag k="ele" v="1.7579"/>
  </node>
  <node id="38908" lat="-5.41664153944" lon="53.38856911556">
    <tag k="local_x" v="-341.496"/>
    <tag k="local_y" v="88.2695"/>
    <tag k="ele" v="1.7579"/>
  </node>
  <node id="38909" lat="-5.4166389084" lon="53.38857984118">
    <tag k="local_x" v="-340.3072"/>
    <tag k="local_y" v="88.568"/>
    <tag k="ele" v="1.7579"/>
  </node>
  <node id="38938" lat="-5.41581098837" lon="53.38931190523">
    <tag k="local_x" v="-259.5948"/>
    <tag k="local_y" v="180.7503"/>
    <tag k="ele" v="1.8507"/>
  </node>
  <node id="38939" lat="-5.41585076707" lon="53.38931460128">
    <tag k="local_x" v="-259.2693"/>
    <tag k="local_y" v="176.3463"/>
    <tag k="ele" v="1.8507"/>
  </node>
  <node id="38978" lat="-5.41580998841" lon="53.38932952389">
    <tag k="local_x" v="-257.6398"/>
    <tag k="local_y" v="180.8727"/>
    <tag k="ele" v="1.8507"/>
  </node>
  <node id="38979" lat="-5.41581007136" lon="53.38934674781">
    <tag k="local_x" v="-255.7279"/>
    <tag k="local_y" v="180.8749"/>
    <tag k="ele" v="1.8507"/>
  </node>
  <node id="38980" lat="-5.41581051386" lon="53.38936415969">
    <tag k="local_x" v="-253.7949"/>
    <tag k="local_y" v="180.8374"/>
    <tag k="ele" v="1.8507"/>
  </node>
  <node id="38981" lat="-5.41581132368" lon="53.38938154507">
    <tag k="local_x" v="-251.8646"/>
    <tag k="local_y" v="180.7592"/>
    <tag k="ele" v="1.8507"/>
  </node>
  <node id="38982" lat="-5.41581249895" lon="53.38939889403">
    <tag k="local_x" v="-249.9381"/>
    <tag k="local_y" v="180.6405"/>
    <tag k="ele" v="1.8507"/>
  </node>
  <node id="38983" lat="-5.41581403962" lon="53.38941620029">
    <tag k="local_x" v="-248.0161"/>
    <tag k="local_y" v="180.4813"/>
    <tag k="ele" v="1.8507"/>
  </node>
  <node id="38984" lat="-5.41581594295" lon="53.38943345574">
    <tag k="local_x" v="-246.0995"/>
    <tag k="local_y" v="180.2819"/>
    <tag k="ele" v="1.8507"/>
  </node>
  <node id="38985" lat="-5.41581820978" lon="53.38945065318">
    <tag k="local_x" v="-244.1891"/>
    <tag k="local_y" v="180.0422"/>
    <tag k="ele" v="1.8507"/>
  </node>
  <node id="38986" lat="-5.41582083647" lon="53.38946778361">
    <tag k="local_x" v="-242.2859"/>
    <tag k="local_y" v="179.7626"/>
    <tag k="ele" v="1.8507"/>
  </node>
  <node id="38987" lat="-5.41582382116" lon="53.38948484165">
    <tag k="local_x" v="-240.3905"/>
    <tag k="local_y" v="179.4433"/>
    <tag k="ele" v="1.8507"/>
  </node>
  <node id="38988" lat="-5.41582714225" lon="53.38950168417">
    <tag k="local_x" v="-238.5188"/>
    <tag k="local_y" v="179.0866"/>
    <tag k="ele" v="1.8507"/>
  </node>
  <node id="38989" lat="-5.41584983353" lon="53.38933094295">
    <tag k="local_x" v="-257.456"/>
    <tag k="local_y" v="176.4605"/>
    <tag k="ele" v="1.8507"/>
  </node>
  <node id="38990" lat="-5.41584853417" lon="53.38934771383">
    <tag k="local_x" v="-255.5953"/>
    <tag k="local_y" v="176.6155"/>
    <tag k="ele" v="1.8507"/>
  </node>
  <node id="38991" lat="-5.41584759223" lon="53.38936431232">
    <tag k="local_x" v="-253.7535"/>
    <tag k="local_y" v="176.7308"/>
    <tag k="ele" v="1.8507"/>
  </node>
  <node id="38992" lat="-5.4158470017" lon="53.38938094204">
    <tag k="local_x" v="-251.908"/>
    <tag k="local_y" v="176.8072"/>
    <tag k="ele" v="1.8507"/>
  </node>
  <node id="38993" lat="-5.41584676162" lon="53.38939759582">
    <tag k="local_x" v="-250.0596"/>
    <tag k="local_y" v="176.8448"/>
    <tag k="ele" v="1.8507"/>
  </node>
  <node id="38994" lat="-5.41584687375" lon="53.38941426461">
    <tag k="local_x" v="-248.2093"/>
    <tag k="local_y" v="176.8434"/>
    <tag k="ele" v="1.8507"/>
  </node>
  <node id="38995" lat="-5.41584733807" lon="53.38943094303">
    <tag k="local_x" v="-246.3577"/>
    <tag k="local_y" v="176.803"/>
    <tag k="ele" v="1.8507"/>
  </node>
  <node id="38996" lat="-5.4158481554" lon="53.38944762115">
    <tag k="local_x" v="-244.5059"/>
    <tag k="local_y" v="176.7235"/>
    <tag k="ele" v="1.8507"/>
  </node>
  <node id="38997" lat="-5.41584932663" lon="53.38946429446">
    <tag k="local_x" v="-242.6544"/>
    <tag k="local_y" v="176.6048"/>
    <tag k="ele" v="1.8507"/>
  </node>
  <node id="38998" lat="-5.41585084989" lon="53.38948095307">
    <tag k="local_x" v="-240.8043"/>
    <tag k="local_y" v="176.4471"/>
    <tag k="ele" v="1.8507"/>
  </node>
  <node id="38999" lat="-5.41585274943" lon="53.38949772476">
    <tag k="local_x" v="-238.9414"/>
    <tag k="local_y" v="176.2478"/>
    <tag k="ele" v="1.8507"/>
  </node>
  <node id="39005" lat="-5.41584228438" lon="53.38947143275">
    <tag k="local_x" v="-241.8667"/>
    <tag k="local_y" v="177.3895"/>
    <tag k="ele" v="1.858"/>
  </node>
  <node id="39006" lat="-5.4158416329" lon="53.38948889618">
    <tag k="local_x" v="-239.9287"/>
    <tag k="local_y" v="177.4732"/>
    <tag k="ele" v="1.858"/>
  </node>
  <node id="39007" lat="-5.41584138778" lon="53.38950651936">
    <tag k="local_x" v="-237.9727"/>
    <tag k="local_y" v="177.512"/>
    <tag k="ele" v="1.858"/>
  </node>
  <node id="39008" lat="-5.41584155527" lon="53.38952414369">
    <tag k="local_x" v="-236.0163"/>
    <tag k="local_y" v="177.5051"/>
    <tag k="ele" v="1.858"/>
  </node>
  <node id="39009" lat="-5.41584213442" lon="53.38954175927">
    <tag k="local_x" v="-234.0606"/>
    <tag k="local_y" v="177.4526"/>
    <tag k="ele" v="1.858"/>
  </node>
  <node id="39010" lat="-5.41584312427" lon="53.38955935799">
    <tag k="local_x" v="-232.1065"/>
    <tag k="local_y" v="177.3546"/>
    <tag k="ele" v="1.858"/>
  </node>
  <node id="39011" lat="-5.41584452657" lon="53.38957692814">
    <tag k="local_x" v="-230.1553"/>
    <tag k="local_y" v="177.2109"/>
    <tag k="ele" v="1.858"/>
  </node>
  <node id="39012" lat="-5.41584633856" lon="53.38959446252">
    <tag k="local_x" v="-228.2078"/>
    <tag k="local_y" v="177.0218"/>
    <tag k="ele" v="1.858"/>
  </node>
  <node id="39013" lat="-5.41584856108" lon="53.38961194941">
    <tag k="local_x" v="-226.2653"/>
    <tag k="local_y" v="176.7872"/>
    <tag k="ele" v="1.858"/>
  </node>
  <node id="39014" lat="-5.415851167" lon="53.38962923133">
    <tag k="local_x" v="-224.3453"/>
    <tag k="local_y" v="176.51"/>
    <tag k="ele" v="1.858"/>
  </node>
  <node id="39015" lat="-5.41586790901" lon="53.38947236336">
    <tag k="local_x" v="-241.7465"/>
    <tag k="local_y" v="174.552"/>
    <tag k="ele" v="1.858"/>
  </node>
  <node id="39016" lat="-5.41586729729" lon="53.38948952835">
    <tag k="local_x" v="-239.8416"/>
    <tag k="local_y" v="174.6311"/>
    <tag k="ele" v="1.858"/>
  </node>
  <node id="39017" lat="-5.41586709013" lon="53.38950655401">
    <tag k="local_x" v="-237.9519"/>
    <tag k="local_y" v="174.6653"/>
    <tag k="ele" v="1.858"/>
  </node>
  <node id="39018" lat="-5.41586728113" lon="53.38952358">
    <tag k="local_x" v="-236.0619"/>
    <tag k="local_y" v="174.6554"/>
    <tag k="ele" v="1.858"/>
  </node>
  <node id="39019" lat="-5.41586786934" lon="53.38954059552">
    <tag k="local_x" v="-234.1728"/>
    <tag k="local_y" v="174.6015"/>
    <tag k="ele" v="1.858"/>
  </node>
  <node id="39020" lat="-5.41586885651" lon="53.38955759336">
    <tag k="local_x" v="-232.2854"/>
    <tag k="local_y" v="174.5034"/>
    <tag k="ele" v="1.858"/>
  </node>
  <node id="39021" lat="-5.41587023988" lon="53.38957456271">
    <tag k="local_x" v="-230.4009"/>
    <tag k="local_y" v="174.3614"/>
    <tag k="ele" v="1.858"/>
  </node>
  <node id="39022" lat="-5.41587201938" lon="53.38959149458">
    <tag k="local_x" v="-228.5203"/>
    <tag k="local_y" v="174.1755"/>
    <tag k="ele" v="1.858"/>
  </node>
  <node id="39023" lat="-5.41587419498" lon="53.38960838085">
    <tag k="local_x" v="-226.6445"/>
    <tag k="local_y" v="173.9457"/>
    <tag k="ele" v="1.858"/>
  </node>
  <node id="39024" lat="-5.41587678735" lon="53.38962536014">
    <tag k="local_x" v="-224.7581"/>
    <tag k="local_y" v="173.6698"/>
    <tag k="ele" v="1.858"/>
  </node>
  <node id="39028" lat="-5.41574356231" lon="53.38955616133">
    <tag k="local_x" v="-232.527"/>
    <tag k="local_y" v="188.3797"/>
    <tag k="ele" v="1.8561"/>
  </node>
  <node id="39029" lat="-5.41574653118" lon="53.38949856228">
    <tag k="local_x" v="-238.9185"/>
    <tag k="local_y" v="188.0128"/>
    <tag k="ele" v="1.8561"/>
  </node>
  <node id="39035" lat="-5.41575484604" lon="53.38955730329">
    <tag k="local_x" v="-232.3928"/>
    <tag k="local_y" v="187.1307"/>
    <tag k="ele" v="1.8561"/>
  </node>
  <node id="39036" lat="-5.41577019223" lon="53.38955912292">
    <tag k="local_x" v="-232.1807"/>
    <tag k="local_y" v="185.4322"/>
    <tag k="ele" v="1.8561"/>
  </node>
  <node id="39037" lat="-5.41578359601" lon="53.38956240004">
    <tag k="local_x" v="-231.8081"/>
    <tag k="local_y" v="183.9498"/>
    <tag k="ele" v="1.8561"/>
  </node>
  <node id="39038" lat="-5.41579667425" lon="53.38956755839">
    <tag k="local_x" v="-231.2269"/>
    <tag k="local_y" v="182.5047"/>
    <tag k="ele" v="1.8561"/>
  </node>
  <node id="39039" lat="-5.41580915951" lon="53.38957456802">
    <tag k="local_x" v="-230.4406"/>
    <tag k="local_y" v="181.1265"/>
    <tag k="ele" v="1.8561"/>
  </node>
  <node id="39040" lat="-5.41582078865" lon="53.38958336023">
    <tag k="local_x" v="-229.457"/>
    <tag k="local_y" v="179.8443"/>
    <tag k="ele" v="1.8561"/>
  </node>
  <node id="39041" lat="-5.41583130281" lon="53.38959382754">
    <tag k="local_x" v="-228.2882"/>
    <tag k="local_y" v="178.6867"/>
    <tag k="ele" v="1.8561"/>
  </node>
  <node id="39042" lat="-5.41584046006" lon="53.38960582815">
    <tag k="local_x" v="-226.9501"/>
    <tag k="local_y" v="177.6804"/>
    <tag k="ele" v="1.8561"/>
  </node>
  <node id="39043" lat="-5.41584833371" lon="53.38961999225">
    <tag k="local_x" v="-225.3727"/>
    <tag k="local_y" v="176.8177"/>
    <tag k="ele" v="1.8561"/>
  </node>
  <node id="39044" lat="-5.4157692304" lon="53.38950144273">
    <tag k="local_x" v="-238.5838"/>
    <tag k="local_y" v="185.5006"/>
    <tag k="ele" v="1.8561"/>
  </node>
  <node id="39045" lat="-5.41578702891" lon="53.38950812078">
    <tag k="local_x" v="-237.8308"/>
    <tag k="local_y" v="183.5337"/>
    <tag k="ele" v="1.8561"/>
  </node>
  <node id="39046" lat="-5.415805342" lon="53.38951766426">
    <tag k="local_x" v="-236.7594"/>
    <tag k="local_y" v="181.5117"/>
    <tag k="ele" v="1.8561"/>
  </node>
  <node id="39047" lat="-5.41582198987" lon="53.38952942305">
    <tag k="local_x" v="-235.4432"/>
    <tag k="local_y" v="179.6756"/>
    <tag k="ele" v="1.8561"/>
  </node>
  <node id="39048" lat="-5.41583671088" lon="53.38954312574">
    <tag k="local_x" v="-233.9125"/>
    <tag k="local_y" v="178.0542"/>
    <tag k="ele" v="1.8561"/>
  </node>
  <node id="39049" lat="-5.41584928653" lon="53.38955847272">
    <tag k="local_x" v="-232.2007"/>
    <tag k="local_y" v="176.6715"/>
    <tag k="ele" v="1.8561"/>
  </node>
  <node id="39050" lat="-5.41585954247" lon="53.3895751425">
    <tag k="local_x" v="-230.3436"/>
    <tag k="local_y" v="175.5466"/>
    <tag k="ele" v="1.8561"/>
  </node>
  <node id="39051" lat="-5.41586735387" lon="53.38959279528">
    <tag k="local_x" v="-228.379"/>
    <tag k="local_y" v="174.6931"/>
    <tag k="ele" v="1.8561"/>
  </node>
  <node id="39052" lat="-5.41587234544" lon="53.38961027203">
    <tag k="local_x" v="-226.4358"/>
    <tag k="local_y" v="174.1518"/>
    <tag k="ele" v="1.8561"/>
  </node>
  <node id="39058" lat="-5.41585617347" lon="53.38965707201">
    <tag k="local_x" v="-221.2517"/>
    <tag k="local_y" v="175.9739"/>
    <tag k="ele" v="0.0092"/>
  </node>
  <node id="39059" lat="-5.41588163479" lon="53.38965227023">
    <tag k="local_x" v="-221.7679"/>
    <tag k="local_y" v="173.1507"/>
    <tag k="ele" v="0.0092"/>
  </node>
  <node id="39065" lat="-5.4158593856" lon="53.38967396473">
    <tag k="local_x" v="-219.3745"/>
    <tag k="local_y" v="175.6293"/>
    <tag k="ele" v="0.0092"/>
  </node>
  <node id="39066" lat="-5.41586264446" lon="53.38969081934">
    <tag k="local_x" v="-217.5015"/>
    <tag k="local_y" v="175.2795"/>
    <tag k="ele" v="0.0092"/>
  </node>
  <node id="39067" lat="-5.41586595934" lon="53.38970768353">
    <tag k="local_x" v="-215.6274"/>
    <tag k="local_y" v="174.9235"/>
    <tag k="ele" v="0.0092"/>
  </node>
  <node id="39068" lat="-5.41586932654" lon="53.3897245375">
    <tag k="local_x" v="-213.7544"/>
    <tag k="local_y" v="174.5617"/>
    <tag k="ele" v="0.0092"/>
  </node>
  <node id="39069" lat="-5.41587274603" lon="53.38974138034">
    <tag k="local_x" v="-211.8826"/>
    <tag k="local_y" v="174.1941"/>
    <tag k="ele" v="0.0092"/>
  </node>
  <node id="39070" lat="-5.41587621783" lon="53.38975821296">
    <tag k="local_x" v="-210.0119"/>
    <tag k="local_y" v="173.8207"/>
    <tag k="ele" v="0.0092"/>
  </node>
  <node id="39071" lat="-5.41587974283" lon="53.38977503446">
    <tag k="local_x" v="-208.1424"/>
    <tag k="local_y" v="173.4414"/>
    <tag k="ele" v="0.0092"/>
  </node>
  <node id="39072" lat="-5.4158833146" lon="53.38979182595">
    <tag k="local_x" v="-206.2762"/>
    <tag k="local_y" v="173.0569"/>
    <tag k="ele" v="0.0092"/>
  </node>
  <node id="39073" lat="-5.41588482829" lon="53.38966906667">
    <tag k="local_x" v="-219.9014"/>
    <tag k="local_y" v="172.8081"/>
    <tag k="ele" v="0.0092"/>
  </node>
  <node id="39074" lat="-5.41588807968" lon="53.38968588258">
    <tag k="local_x" v="-218.0327"/>
    <tag k="local_y" v="172.4591"/>
    <tag k="ele" v="0.0092"/>
  </node>
  <node id="39075" lat="-5.41589137875" lon="53.38970266758">
    <tag k="local_x" v="-216.1674"/>
    <tag k="local_y" v="172.1048"/>
    <tag k="ele" v="0.0092"/>
  </node>
  <node id="39076" lat="-5.41589473013" lon="53.38971944327">
    <tag k="local_x" v="-214.3031"/>
    <tag k="local_y" v="171.7447"/>
    <tag k="ele" v="0.0092"/>
  </node>
  <node id="39077" lat="-5.41589813471" lon="53.38973620782">
    <tag k="local_x" v="-212.44"/>
    <tag k="local_y" v="171.3787"/>
    <tag k="ele" v="0.0092"/>
  </node>
  <node id="39078" lat="-5.41590158978" lon="53.38975296127">
    <tag k="local_x" v="-210.5781"/>
    <tag k="local_y" v="171.0071"/>
    <tag k="ele" v="0.0092"/>
  </node>
  <node id="39079" lat="-5.41590509806" lon="53.38976970448">
    <tag k="local_x" v="-208.7173"/>
    <tag k="local_y" v="170.6296"/>
    <tag k="ele" v="0.0092"/>
  </node>
  <node id="39080" lat="-5.41590866238" lon="53.38978645728">
    <tag k="local_x" v="-206.8554"/>
    <tag k="local_y" v="170.2459"/>
    <tag k="ele" v="0.0092"/>
  </node>
  <node id="39110" lat="-5.415940817" lon="53.39005689045">
    <tag k="local_x" v="-176.8163"/>
    <tag k="local_y" v="166.8633"/>
    <tag k="ele" v="0.3927"/>
  </node>
  <node id="39111" lat="-5.41594296304" lon="53.39006897687">
    <tag k="local_x" v="-175.4733"/>
    <tag k="local_y" v="166.6336"/>
    <tag k="ele" v="0.3927"/>
  </node>
  <node id="39112" lat="-5.4159447662" lon="53.39008094912">
    <tag k="local_x" v="-174.1432"/>
    <tag k="local_y" v="166.4418"/>
    <tag k="ele" v="0.3927"/>
  </node>
  <node id="39113" lat="-5.41594625632" lon="53.39009296377">
    <tag k="local_x" v="-172.8086"/>
    <tag k="local_y" v="166.2847"/>
    <tag k="ele" v="0.3927"/>
  </node>
  <node id="39114" lat="-5.41594743245" lon="53.39010501361">
    <tag k="local_x" v="-171.4703"/>
    <tag k="local_y" v="166.1624"/>
    <tag k="ele" v="0.3927"/>
  </node>
  <node id="39115" lat="-5.41594829363" lon="53.39011708966">
    <tag k="local_x" v="-170.1293"/>
    <tag k="local_y" v="166.075"/>
    <tag k="ele" v="0.3927"/>
  </node>
  <node id="39116" lat="-5.41594883891" lon="53.3901291847">
    <tag k="local_x" v="-168.7864"/>
    <tag k="local_y" v="166.0226"/>
    <tag k="ele" v="0.3927"/>
  </node>
  <node id="39117" lat="-5.41594906825" lon="53.39014128972">
    <tag k="local_x" v="-167.4426"/>
    <tag k="local_y" v="166.0052"/>
    <tag k="ele" v="0.3927"/>
  </node>
  <node id="39118" lat="-5.4159489825" lon="53.39015339661">
    <tag k="local_x" v="-166.0988"/>
    <tag k="local_y" v="166.0227"/>
    <tag k="ele" v="0.3927"/>
  </node>
  <node id="39119" lat="-5.41594857267" lon="53.3901656649">
    <tag k="local_x" v="-164.7373"/>
    <tag k="local_y" v="166.0762"/>
    <tag k="ele" v="0.3927"/>
  </node>
  <node id="39120" lat="-5.41596633433" lon="53.39005239555">
    <tag k="local_x" v="-177.2984"/>
    <tag k="local_y" v="164.0341"/>
    <tag k="ele" v="0.3927"/>
  </node>
  <node id="39121" lat="-5.4159685248" lon="53.39006481595">
    <tag k="local_x" v="-175.9183"/>
    <tag k="local_y" v="163.7997"/>
    <tag k="ele" v="0.3927"/>
  </node>
  <node id="39122" lat="-5.41597041681" lon="53.39007745524">
    <tag k="local_x" v="-174.5141"/>
    <tag k="local_y" v="163.5985"/>
    <tag k="ele" v="0.3927"/>
  </node>
  <node id="39123" lat="-5.41597197684" lon="53.39009013975">
    <tag k="local_x" v="-173.1051"/>
    <tag k="local_y" v="163.4341"/>
    <tag k="ele" v="0.3927"/>
  </node>
  <node id="39124" lat="-5.41597320662" lon="53.39010285956">
    <tag k="local_x" v="-171.6924"/>
    <tag k="local_y" v="163.3063"/>
    <tag k="ele" v="0.3927"/>
  </node>
  <node id="39125" lat="-5.41597410251" lon="53.39011560747">
    <tag k="local_x" v="-170.2768"/>
    <tag k="local_y" v="163.2155"/>
    <tag k="ele" v="0.3927"/>
  </node>
  <node id="39126" lat="-5.41597466625" lon="53.39012837448">
    <tag k="local_x" v="-168.8593"/>
    <tag k="local_y" v="163.1615"/>
    <tag k="ele" v="0.3927"/>
  </node>
  <node id="39127" lat="-5.41597489599" lon="53.39014115067">
    <tag k="local_x" v="-167.441"/>
    <tag k="local_y" v="163.1445"/>
    <tag k="ele" v="0.3927"/>
  </node>
  <node id="39128" lat="-5.41597479257" lon="53.39015392885">
    <tag k="local_x" v="-166.0227"/>
    <tag k="local_y" v="163.1644"/>
    <tag k="ele" v="0.3927"/>
  </node>
  <node id="39129" lat="-5.41597436127" lon="53.3901665324">
    <tag k="local_x" v="-164.624"/>
    <tag k="local_y" v="163.2205"/>
    <tag k="ele" v="0.3927"/>
  </node>
  <node id="39205" lat="-5.41623485266" lon="53.38692743583">
    <tag k="local_x" v="-523.99"/>
    <tag k="local_y" v="132.2272"/>
    <tag k="ele" v="2.7177"/>
  </node>
  <node id="39206" lat="-5.41621515333" lon="53.38692569533">
    <tag k="local_x" v="-524.1962"/>
    <tag k="local_y" v="134.4079"/>
    <tag k="ele" v="2.7177"/>
  </node>
  <node id="39317" lat="-5.41615889579" lon="53.38724154095">
    <tag k="local_x" v="-489.1746"/>
    <tag k="local_y" v="140.8478"/>
    <tag k="ele" v="-0.1174"/>
  </node>
  <node id="39318" lat="-5.41616346616" lon="53.38723383627">
    <tag k="local_x" v="-490.0268"/>
    <tag k="local_y" v="140.3365"/>
    <tag k="ele" v="-0.1174"/>
  </node>
  <node id="39319" lat="-5.41616777234" lon="53.3872255863">
    <tag k="local_x" v="-490.9397"/>
    <tag k="local_y" v="139.8541"/>
    <tag k="ele" v="-0.1174"/>
  </node>
  <node id="39320" lat="-5.41617160503" lon="53.38721711934">
    <tag k="local_x" v="-491.877"/>
    <tag k="local_y" v="139.424"/>
    <tag k="ele" v="-0.1174"/>
  </node>
  <node id="39321" lat="-5.41617495445" lon="53.38720846335">
    <tag k="local_x" v="-492.8356"/>
    <tag k="local_y" v="139.0473"/>
    <tag k="ele" v="-0.1174"/>
  </node>
  <node id="39322" lat="-5.41617780993" lon="53.38719964543">
    <tag k="local_x" v="-493.8125"/>
    <tag k="local_y" v="138.7252"/>
    <tag k="ele" v="-0.1174"/>
  </node>
  <node id="39323" lat="-5.41618016624" lon="53.38719069445">
    <tag k="local_x" v="-494.8045"/>
    <tag k="local_y" v="138.4583"/>
    <tag k="ele" v="-0.1174"/>
  </node>
  <node id="39324" lat="-5.41618201449" lon="53.38718163658">
    <tag k="local_x" v="-495.8087"/>
    <tag k="local_y" v="138.2476"/>
    <tag k="ele" v="-0.1174"/>
  </node>
  <node id="39325" lat="-5.41618330435" lon="53.38717281176">
    <tag k="local_x" v="-496.7874"/>
    <tag k="local_y" v="138.0989"/>
    <tag k="ele" v="-0.1174"/>
  </node>
  <node id="39326" lat="-5.41613692021" lon="53.38722784185">
    <tag k="local_x" v="-490.7097"/>
    <tag k="local_y" v="143.2727"/>
    <tag k="ele" v="-0.1174"/>
  </node>
  <node id="39327" lat="-5.41614147837" lon="53.38722096607">
    <tag k="local_x" v="-491.4699"/>
    <tag k="local_y" v="142.7633"/>
    <tag k="ele" v="-0.1174"/>
  </node>
  <node id="39328" lat="-5.41614547261" lon="53.3872141513">
    <tag k="local_x" v="-492.2237"/>
    <tag k="local_y" v="142.3164"/>
    <tag k="ele" v="-0.1174"/>
  </node>
  <node id="39329" lat="-5.4161490845" lon="53.38720711358">
    <tag k="local_x" v="-493.0025"/>
    <tag k="local_y" v="141.9117"/>
    <tag k="ele" v="-0.1174"/>
  </node>
  <node id="39330" lat="-5.41615230154" lon="53.38719987551">
    <tag k="local_x" v="-493.8038"/>
    <tag k="local_y" v="141.5506"/>
    <tag k="ele" v="-0.1174"/>
  </node>
  <node id="39331" lat="-5.41615511393" lon="53.38719245875">
    <tag k="local_x" v="-494.6252"/>
    <tag k="local_y" v="141.2342"/>
    <tag k="ele" v="-0.1174"/>
  </node>
  <node id="39332" lat="-5.41615750916" lon="53.38718488502">
    <tag k="local_x" v="-495.4643"/>
    <tag k="local_y" v="140.9639"/>
    <tag k="ele" v="-0.1174"/>
  </node>
  <node id="39333" lat="-5.41615948106" lon="53.38717717957">
    <tag k="local_x" v="-496.3183"/>
    <tag k="local_y" v="140.7404"/>
    <tag k="ele" v="-0.1174"/>
  </node>
  <node id="39365" lat="-5.4183964812" lon="53.38646500666">
    <tag k="local_x" v="-573.892"/>
    <tag k="local_y" v="-107.4957"/>
    <tag k="ele" v="1.5217"/>
  </node>
  <node id="39366" lat="-5.41839821582" lon="53.38643966103">
    <tag k="local_x" v="-576.7042"/>
    <tag k="local_y" v="-107.7046"/>
    <tag k="ele" v="1.5217"/>
  </node>
  <node id="40420" lat="-5.4177150511" lon="53.39001675702">
    <tag k="local_x" v="-180.1007"/>
    <tag k="local_y" v="-29.6725"/>
    <tag k="ele" v="1.6561"/>
  </node>
  <node id="40421" lat="-5.41768959129" lon="53.39001878674">
    <tag k="local_x" v="-179.8922"/>
    <tag k="local_y" v="-26.8513"/>
    <tag k="ele" v="1.6561"/>
  </node>
  <node id="40428" lat="-5.41771527417" lon="53.39000179429">
    <tag k="local_x" v="-181.7614"/>
    <tag k="local_y" v="-29.7071"/>
    <tag k="ele" v="1.6489"/>
  </node>
  <node id="40430" lat="-5.41771854745" lon="53.3899897558">
    <tag k="local_x" v="-183.0955"/>
    <tag k="local_y" v="-30.0776"/>
    <tag k="ele" v="1.6489"/>
  </node>
  <node id="40433" lat="-5.41769012648" lon="53.38999787976">
    <tag k="local_x" v="-182.2125"/>
    <tag k="local_y" v="-26.9244"/>
    <tag k="ele" v="1.6489"/>
  </node>
  <node id="40435" lat="-5.41769516453" lon="53.38998018479">
    <tag k="local_x" v="-184.1733"/>
    <tag k="local_y" v="-27.4941"/>
    <tag k="ele" v="1.6489"/>
  </node>
  <node id="40440" lat="-5.41769067783" lon="53.39011186404">
    <tag k="local_x" v="-169.56"/>
    <tag k="local_y" v="-26.9101"/>
    <tag k="ele" v="2.0583"/>
  </node>
  <node id="40441" lat="-5.41766565142" lon="53.39010996502">
    <tag k="local_x" v="-169.7873"/>
    <tag k="local_y" v="-24.1395"/>
    <tag k="ele" v="2.0583"/>
  </node>
  <node id="40447" lat="-5.41769533794" lon="53.39005309345">
    <tag k="local_x" v="-176.0804"/>
    <tag k="local_y" v="-27.4651"/>
    <tag k="ele" v="2.0544"/>
  </node>
  <node id="40449" lat="-5.41769820133" lon="53.39003697177">
    <tag k="local_x" v="-177.868"/>
    <tag k="local_y" v="-27.7929"/>
    <tag k="ele" v="2.0544"/>
  </node>
  <node id="40451" lat="-5.41770258282" lon="53.39002151856">
    <tag k="local_x" v="-179.5804"/>
    <tag k="local_y" v="-28.2884"/>
    <tag k="ele" v="2.0544"/>
  </node>
  <node id="40453" lat="-5.4177084824" lon="53.39000657705">
    <tag k="local_x" v="-181.235"/>
    <tag k="local_y" v="-28.9517"/>
    <tag k="ele" v="2.0544"/>
  </node>
  <node id="40455" lat="-5.41771584135" lon="53.38999229624">
    <tag k="local_x" v="-182.8153"/>
    <tag k="local_y" v="-29.7762"/>
    <tag k="ele" v="2.0544"/>
  </node>
  <node id="40457" lat="-5.41767052346" lon="53.3900493364">
    <tag k="local_x" v="-176.5138"/>
    <tag k="local_y" v="-24.7192"/>
    <tag k="ele" v="2.0544"/>
  </node>
  <node id="40459" lat="-5.41767371803" lon="53.3900313722">
    <tag k="local_x" v="-178.5057"/>
    <tag k="local_y" v="-25.0849"/>
    <tag k="ele" v="2.0544"/>
  </node>
  <node id="40461" lat="-5.41767876141" lon="53.39001351142">
    <tag k="local_x" v="-180.4849"/>
    <tag k="local_y" v="-25.6553"/>
    <tag k="ele" v="2.0544"/>
  </node>
  <node id="40463" lat="-5.41768555987" lon="53.38999623842">
    <tag k="local_x" v="-182.3977"/>
    <tag k="local_y" v="-26.4197"/>
    <tag k="ele" v="2.0544"/>
  </node>
  <node id="40465" lat="-5.41769404672" lon="53.38997972386">
    <tag k="local_x" v="-184.2252"/>
    <tag k="local_y" v="-27.3706"/>
    <tag k="ele" v="2.0544"/>
  </node>
  <node id="40508" lat="-5.4176565112" lon="53.39081325505">
    <tag k="local_x" v="-91.7289"/>
    <tag k="local_y" v="-22.6622"/>
    <tag k="ele" v="1.9908"/>
  </node>
  <node id="40509" lat="-5.41763100919" lon="53.39082500941">
    <tag k="local_x" v="-90.441"/>
    <tag k="local_y" v="-19.8299"/>
    <tag k="ele" v="1.9852"/>
  </node>
  <node id="40529" lat="-5.41760973292" lon="53.39129747947">
    <tag k="local_x" v="-38.0114"/>
    <tag k="local_y" v="-17.1611"/>
    <tag k="ele" v="1.9846"/>
  </node>
  <node id="40590" lat="-5.41766124072" lon="53.39089347461">
    <tag k="local_x" v="-82.8215"/>
    <tag k="local_y" v="-23.133"/>
    <tag k="ele" v="2.002"/>
  </node>
  <node id="40591" lat="-5.41763607254" lon="53.3908918773">
    <tag k="local_x" v="-83.0154"/>
    <tag k="local_y" v="-20.3465"/>
    <tag k="ele" v="2.002"/>
  </node>
  <node id="40634" lat="-5.41763453152" lon="53.39097344945">
    <tag k="local_x" v="-73.962"/>
    <tag k="local_y" v="-20.1219"/>
    <tag k="ele" v="1.9849"/>
  </node>
  <node id="40635" lat="-5.41761117626" lon="53.39095747185">
    <tag k="local_x" v="-75.7509"/>
    <tag k="local_y" v="-17.5457"/>
    <tag k="ele" v="1.9907"/>
  </node>
  <node id="40659" lat="-5.41761969077" lon="53.39138659783">
    <tag k="local_x" v="-28.1128"/>
    <tag k="local_y" v="-18.2051"/>
    <tag k="ele" v="1.953"/>
  </node>
  <node id="40660" lat="-5.41759458426" lon="53.39138474607">
    <tag k="local_x" v="-28.3349"/>
    <tag k="local_y" v="-15.4256"/>
    <tag k="ele" v="1.953"/>
  </node>
  <node id="40736" lat="-5.41750464494" lon="53.39168280074">
    <tag k="local_x" v="4.6895"/>
    <tag k="local_y" v="-5.2672"/>
    <tag k="ele" v="1.8774"/>
  </node>
  <node id="40738" lat="-5.4175240422" lon="53.39168005214">
    <tag k="local_x" v="4.3972"/>
    <tag k="local_y" v="-7.4174"/>
    <tag k="ele" v="1.8774"/>
  </node>
  <node id="40740" lat="-5.41754306397" lon="53.3916727814">
    <tag k="local_x" v="3.6027"/>
    <tag k="local_y" v="-9.529"/>
    <tag k="ele" v="1.8774"/>
  </node>
  <node id="40742" lat="-5.41755999714" lon="53.39166138518">
    <tag k="local_x" v="2.3489"/>
    <tag k="local_y" v="-11.412"/>
    <tag k="ele" v="1.8774"/>
  </node>
  <node id="40744" lat="-5.41750226996" lon="53.39165746232">
    <tag k="local_x" v="1.8754"/>
    <tag k="local_y" v="-5.0209"/>
    <tag k="ele" v="1.8774"/>
  </node>
  <node id="40746" lat="-5.41751726481" lon="53.39165502006">
    <tag k="local_x" v="1.6142"/>
    <tag k="local_y" v="-6.6833"/>
    <tag k="ele" v="1.8774"/>
  </node>
  <node id="40748" lat="-5.41753057637" lon="53.39164949497">
    <tag k="local_x" v="1.0097"/>
    <tag k="local_y" v="-8.1613"/>
    <tag k="ele" v="1.8774"/>
  </node>
  <node id="40755" lat="-5.41761202601" lon="53.39151198886">
    <tag k="local_x" v="-14.1996"/>
    <tag k="local_y" v="-17.2733"/>
    <tag k="ele" v="1.9226"/>
  </node>
  <node id="40756" lat="-5.41758522201" lon="53.39150997241">
    <tag k="local_x" v="-14.4411"/>
    <tag k="local_y" v="-14.3059"/>
    <tag k="ele" v="1.9226"/>
  </node>
  <node id="40784" lat="-5.417543838" lon="53.3916395377">
    <tag k="local_x" v="-0.0868"/>
    <tag k="local_y" v="-9.6367"/>
    <tag k="ele" v="1.8774"/>
  </node>
  <node id="40791" lat="-5.417580346" lon="53.39163910999">
    <tag k="local_x" v="-0.1102"/>
    <tag k="local_y" v="-13.6805"/>
    <tag k="ele" v="1.8774"/>
  </node>
  <node id="40792" lat="-5.41758780596" lon="53.39162797816">
    <tag k="local_x" v="-1.3409"/>
    <tag k="local_y" v="-14.5141"/>
    <tag k="ele" v="1.8774"/>
  </node>
  <node id="40793" lat="-5.41759419034" lon="53.39161619956">
    <tag k="local_x" v="-2.6441"/>
    <tag k="local_y" v="-15.229"/>
    <tag k="ele" v="1.8774"/>
  </node>
  <node id="40794" lat="-5.41759944289" lon="53.39160387903">
    <tag k="local_x" v="-4.0082"/>
    <tag k="local_y" v="-15.8189"/>
    <tag k="ele" v="1.8774"/>
  </node>
  <node id="40795" lat="-5.41760351911" lon="53.39159112314">
    <tag k="local_x" v="-5.4214"/>
    <tag k="local_y" v="-16.2788"/>
    <tag k="ele" v="1.8774"/>
  </node>
  <node id="40796" lat="-5.41760626172" lon="53.39157865987">
    <tag k="local_x" v="-6.803"/>
    <tag k="local_y" v="-16.5908"/>
    <tag k="ele" v="1.8774"/>
  </node>
  <node id="40798" lat="-5.41755865634" lon="53.39162309723">
    <tag k="local_x" v="-1.9019"/>
    <tag k="local_y" v="-11.2888"/>
    <tag k="ele" v="1.8774"/>
  </node>
  <node id="40799" lat="-5.41756473029" lon="53.39161406916">
    <tag k="local_x" v="-2.9"/>
    <tag k="local_y" v="-11.9675"/>
    <tag k="ele" v="1.8774"/>
  </node>
  <node id="40800" lat="-5.41756993343" lon="53.39160451291">
    <tag k="local_x" v="-3.9573"/>
    <tag k="local_y" v="-12.5501"/>
    <tag k="ele" v="1.8774"/>
  </node>
  <node id="40801" lat="-5.4175742184" lon="53.39159451257">
    <tag k="local_x" v="-5.0645"/>
    <tag k="local_y" v="-13.0313"/>
    <tag k="ele" v="1.8774"/>
  </node>
  <node id="40802" lat="-5.41757754961" lon="53.39158415483">
    <tag k="local_x" v="-6.212"/>
    <tag k="local_y" v="-13.4071"/>
    <tag k="ele" v="1.8774"/>
  </node>
  <node id="40803" lat="-5.41758001602" lon="53.39157291573">
    <tag k="local_x" v="-7.4579"/>
    <tag k="local_y" v="-13.6877"/>
    <tag k="ele" v="1.8774"/>
  </node>
  <node id="40834" lat="-5.41761380023" lon="53.39130623017">
    <tag k="local_x" v="-37.0374"/>
    <tag k="local_y" v="-17.6058"/>
    <tag k="ele" v="1.9942"/>
  </node>
  <node id="40835" lat="-5.41759075206" lon="53.39131614199">
    <tag k="local_x" v="-35.9524"/>
    <tag k="local_y" v="-15.0465"/>
    <tag k="ele" v="1.9942"/>
  </node>
  <node id="40841" lat="-5.41762396808" lon="53.39135095492">
    <tag k="local_x" v="-32.0663"/>
    <tag k="local_y" v="-18.7024"/>
    <tag k="ele" v="1.9593"/>
  </node>
  <node id="40842" lat="-5.41762351786" lon="53.39134208182">
    <tag k="local_x" v="-33.0515"/>
    <tag k="local_y" v="-18.6584"/>
    <tag k="ele" v="1.9593"/>
  </node>
  <node id="40843" lat="-5.41762223782" lon="53.39133274068">
    <tag k="local_x" v="-34.0892"/>
    <tag k="local_y" v="-18.5228"/>
    <tag k="ele" v="1.9593"/>
  </node>
  <node id="40844" lat="-5.41762015058" lon="53.39132354667">
    <tag k="local_x" v="-35.1111"/>
    <tag k="local_y" v="-18.2977"/>
    <tag k="ele" v="1.9593"/>
  </node>
  <node id="40845" lat="-5.41761745012" lon="53.39131508155">
    <tag k="local_x" v="-36.0525"/>
    <tag k="local_y" v="-18.0042"/>
    <tag k="ele" v="1.9593"/>
  </node>
  <node id="40846" lat="-5.41759821922" lon="53.39135372685">
    <tag k="local_x" v="-31.7756"/>
    <tag k="local_y" v="-15.8487"/>
    <tag k="ele" v="1.9593"/>
  </node>
  <node id="40847" lat="-5.41759846769" lon="53.39134437572">
    <tag k="local_x" v="-32.8134"/>
    <tag k="local_y" v="-15.8824"/>
    <tag k="ele" v="1.9593"/>
  </node>
  <node id="40848" lat="-5.41759749935" lon="53.39133718861">
    <tag k="local_x" v="-33.6118"/>
    <tag k="local_y" v="-15.7799"/>
    <tag k="ele" v="1.9593"/>
  </node>
  <node id="40849" lat="-5.41759591139" lon="53.39133011148">
    <tag k="local_x" v="-34.3984"/>
    <tag k="local_y" v="-15.6087"/>
    <tag k="ele" v="1.9593"/>
  </node>
  <node id="40850" lat="-5.41759353765" lon="53.39132268407">
    <tag k="local_x" v="-35.2244"/>
    <tag k="local_y" v="-15.3507"/>
    <tag k="ele" v="1.9593"/>
  </node>
  <node id="40857" lat="-5.4175869889" lon="53.39162919744">
    <tag k="local_x" v="-1.2061"/>
    <tag k="local_y" v="-14.4228"/>
    <tag k="ele" v="1.8774"/>
  </node>
  <node id="40858" lat="-5.41756461753" lon="53.39161423649">
    <tag k="local_x" v="-2.8815"/>
    <tag k="local_y" v="-11.9549"/>
    <tag k="ele" v="1.8774"/>
  </node>
  <node id="40866" lat="-5.41753055334" lon="53.39166061505">
    <tag k="local_x" v="2.244"/>
    <tag k="local_y" v="-8.1514"/>
    <tag k="ele" v="1.9195"/>
  </node>
  <node id="40868" lat="-5.4175490644" lon="53.39165854289">
    <tag k="local_x" v="2.0262"/>
    <tag k="local_y" v="-10.203"/>
    <tag k="ele" v="1.9195"/>
  </node>
  <node id="40870" lat="-5.41756704405" lon="53.39164911976">
    <tag k="local_x" v="0.9921"/>
    <tag k="local_y" v="-12.2006"/>
    <tag k="ele" v="1.9195"/>
  </node>
  <node id="40871" lat="-5.41757702822" lon="53.39164127747">
    <tag k="local_x" v="0.1282"/>
    <tag k="local_y" v="-13.3116"/>
    <tag k="ele" v="1.9195"/>
  </node>
  <node id="40872" lat="-5.41752754781" lon="53.39163370558">
    <tag k="local_x" v="-0.7449"/>
    <tag k="local_y" v="-7.8363"/>
    <tag k="ele" v="1.9195"/>
  </node>
  <node id="40874" lat="-5.41754472033" lon="53.39163109993">
    <tag k="local_x" v="-1.0228"/>
    <tag k="local_y" v="-9.74"/>
    <tag k="ele" v="1.9195"/>
  </node>
  <node id="40876" lat="-5.41755573036" lon="53.39162404706">
    <tag k="local_x" v="-1.7984"/>
    <tag k="local_y" v="-10.9641"/>
    <tag k="ele" v="1.9195"/>
  </node>
  <node id="41029" lat="-5.41803895697" lon="53.38635071261">
    <tag k="local_x" v="-586.8147"/>
    <tag k="local_y" v="-67.9728"/>
    <tag k="ele" v="1.3679"/>
  </node>
  <node id="41030" lat="-5.41803698929" lon="53.38637603978">
    <tag k="local_x" v="-584.0047"/>
    <tag k="local_y" v="-67.7381"/>
    <tag k="ele" v="1.3679"/>
  </node>
  <node id="41099" lat="-5.4158598961" lon="53.3912924439">
    <tag k="local_x" v="-39.7242"/>
    <tag k="local_y" v="176.6424"/>
    <tag k="ele" v="2.0203"/>
  </node>
  <node id="41100" lat="-5.41588896774" lon="53.39129470007">
    <tag k="local_x" v="-39.4546"/>
    <tag k="local_y" v="173.424"/>
    <tag k="ele" v="2.0069"/>
  </node>
  <node id="41113" lat="-5.41587435364" lon="53.39138109475">
    <tag k="local_x" v="-29.8745"/>
    <tag k="local_y" v="175.0997"/>
    <tag k="ele" v="2.121"/>
  </node>
  <node id="41116" lat="-5.41584540065" lon="53.39136846031">
    <tag k="local_x" v="-31.296"/>
    <tag k="local_y" v="178.2981"/>
    <tag k="ele" v="2.121"/>
  </node>
  <node id="41136" lat="-5.4158332594" lon="53.3914012579">
    <tag k="local_x" v="-27.6635"/>
    <tag k="local_y" v="179.6645"/>
    <tag k="ele" v="2.3285"/>
  </node>
  <node id="41137" lat="-5.41582951481" lon="53.3914154244">
    <tag k="local_x" v="-26.0935"/>
    <tag k="local_y" v="180.0886"/>
    <tag k="ele" v="2.3285"/>
  </node>
  <node id="41139" lat="-5.41582688777" lon="53.39142895092">
    <tag k="local_x" v="-24.5938"/>
    <tag k="local_y" v="180.3885"/>
    <tag k="ele" v="2.3285"/>
  </node>
  <node id="41143" lat="-5.41586363261" lon="53.39140995775">
    <tag k="local_x" v="-26.6778"/>
    <tag k="local_y" v="176.3062"/>
    <tag k="ele" v="2.3285"/>
  </node>
  <node id="41144" lat="-5.41586028563" lon="53.39142236511">
    <tag k="local_x" v="-25.3028"/>
    <tag k="local_y" v="176.6851"/>
    <tag k="ele" v="2.3285"/>
  </node>
  <node id="41146" lat="-5.41585832003" lon="53.3914331057">
    <tag k="local_x" v="-24.1119"/>
    <tag k="local_y" v="176.9099"/>
    <tag k="ele" v="2.3285"/>
  </node>
  <node id="41153" lat="-5.41585536446" lon="53.39133389636">
    <tag k="local_x" v="-35.126"/>
    <tag k="local_y" v="177.1717"/>
    <tag k="ele" v="2.0126"/>
  </node>
  <node id="41155" lat="-5.41585098392" lon="53.3913526991">
    <tag k="local_x" v="-33.0418"/>
    <tag k="local_y" v="177.6693"/>
    <tag k="ele" v="2.0126"/>
  </node>
  <node id="41158" lat="-5.41588411572" lon="53.39133874815">
    <tag k="local_x" v="-34.5685"/>
    <tag k="local_y" v="173.9905"/>
    <tag k="ele" v="2.0126"/>
  </node>
  <node id="41160" lat="-5.41588057491" lon="53.39136134413">
    <tag k="local_x" v="-32.0627"/>
    <tag k="local_y" v="174.3976"/>
    <tag k="ele" v="2.0126"/>
  </node>
  <node id="41245" lat="-5.41598441918" lon="53.39156292175">
    <tag k="local_x" v="-9.6193"/>
    <tag k="local_y" v="163.0293"/>
    <tag k="ele" v="2.126"/>
  </node>
  <node id="41246" lat="-5.41600625561" lon="53.39156464433">
    <tag k="local_x" v="-9.4137"/>
    <tag k="local_y" v="160.6119"/>
    <tag k="ele" v="2.1256"/>
  </node>
  <node id="41247" lat="-5.41598648427" lon="53.3915343507">
    <tag k="local_x" v="-12.7893"/>
    <tag k="local_y" v="162.7817"/>
    <tag k="ele" v="2.126"/>
  </node>
  <node id="41248" lat="-5.4160083216" lon="53.39153607326">
    <tag k="local_x" v="-12.5837"/>
    <tag k="local_y" v="160.3642"/>
    <tag k="ele" v="2.1256"/>
  </node>
  <node id="41252" lat="-5.4160665079" lon="53.39156807478">
    <tag k="local_x" v="-8.9932"/>
    <tag k="local_y" v="153.9408"/>
    <tag k="ele" v="2.1254"/>
  </node>
  <node id="41253" lat="-5.41606848614" lon="53.39154310787">
    <tag k="local_x" v="-11.7632"/>
    <tag k="local_y" v="153.7052"/>
    <tag k="ele" v="2.1254"/>
  </node>
  <node id="41376" lat="-5.41582530915" lon="53.39144568565">
    <tag k="local_x" v="-22.7373"/>
    <tag k="local_y" v="180.5744"/>
    <tag k="ele" v="2.3285"/>
  </node>
  <node id="41377" lat="-5.41585701234" lon="53.39144758115">
    <tag k="local_x" v="-22.506"/>
    <tag k="local_y" v="177.0643"/>
    <tag k="ele" v="2.3285"/>
  </node>
  <node id="41394" lat="-5.41583393054" lon="53.39120758577">
    <tag k="local_x" v="-49.1605"/>
    <tag k="local_y" v="179.4622"/>
    <tag k="ele" v="2.3285"/>
  </node>
  <node id="41396" lat="-5.41586563372" lon="53.39120948125">
    <tag k="local_x" v="-48.9292"/>
    <tag k="local_y" v="175.9521"/>
    <tag k="ele" v="2.3285"/>
  </node>
  <node id="41404" lat="-5.4158249304" lon="53.39148117826">
    <tag k="local_x" v="-18.7979"/>
    <tag k="local_y" v="180.6398"/>
    <tag k="ele" v="2.0368"/>
  </node>
  <node id="41405" lat="-5.41582697524" lon="53.39149446893">
    <tag k="local_x" v="-17.3213"/>
    <tag k="local_y" v="180.4221"/>
    <tag k="ele" v="2.0368"/>
  </node>
  <node id="41406" lat="-5.41583077503" lon="53.39150832304">
    <tag k="local_x" v="-15.781"/>
    <tag k="local_y" v="180.0104"/>
    <tag k="ele" v="2.0368"/>
  </node>
  <node id="41407" lat="-5.41583617231" lon="53.39152162172">
    <tag k="local_x" v="-14.3013"/>
    <tag k="local_y" v="179.4214"/>
    <tag k="ele" v="2.0368"/>
  </node>
  <node id="41408" lat="-5.41584308742" lon="53.39153418075">
    <tag k="local_x" v="-12.9027"/>
    <tag k="local_y" v="178.6638"/>
    <tag k="ele" v="2.0368"/>
  </node>
  <node id="41409" lat="-5.41585142185" lon="53.39154583044">
    <tag k="local_x" v="-11.6041"/>
    <tag k="local_y" v="177.7484"/>
    <tag k="ele" v="2.0368"/>
  </node>
  <node id="41410" lat="-5.41586105727" lon="53.39155641114">
    <tag k="local_x" v="-10.4233"/>
    <tag k="local_y" v="176.6882"/>
    <tag k="ele" v="2.0368"/>
  </node>
  <node id="41411" lat="-5.41587185739" lon="53.3915657795">
    <tag k="local_x" v="-9.3763"/>
    <tag k="local_y" v="175.4982"/>
    <tag k="ele" v="2.0368"/>
  </node>
  <node id="41412" lat="-5.41588367068" lon="53.39157380941">
    <tag k="local_x" v="-8.4772"/>
    <tag k="local_y" v="174.1951"/>
    <tag k="ele" v="2.0368"/>
  </node>
  <node id="41413" lat="-5.41589633128" lon="53.39158039372">
    <tag k="local_x" v="-7.738"/>
    <tag k="local_y" v="172.7972"/>
    <tag k="ele" v="2.0368"/>
  </node>
  <node id="41414" lat="-5.41590966349" lon="53.39158544341">
    <tag k="local_x" v="-7.1687"/>
    <tag k="local_y" v="171.3239"/>
    <tag k="ele" v="2.0368"/>
  </node>
  <node id="41415" lat="-5.4159226582" lon="53.3915887059">
    <tag k="local_x" v="-6.798"/>
    <tag k="local_y" v="169.8868"/>
    <tag k="ele" v="2.0368"/>
  </node>
  <node id="41416" lat="-5.41585648393" lon="53.39147675299">
    <tag k="local_x" v="-19.2683"/>
    <tag k="local_y" v="177.1421"/>
    <tag k="ele" v="2.0368"/>
  </node>
  <node id="41417" lat="-5.41585793215" lon="53.39148825799">
    <tag k="local_x" v="-17.9903"/>
    <tag k="local_y" v="176.9893"/>
    <tag k="ele" v="2.0368"/>
  </node>
  <node id="41418" lat="-5.4158605157" lon="53.3914986202">
    <tag k="local_x" v="-16.8384"/>
    <tag k="local_y" v="176.71"/>
    <tag k="ele" v="2.0368"/>
  </node>
  <node id="41419" lat="-5.41586430607" lon="53.3915086239">
    <tag k="local_x" v="-15.7255"/>
    <tag k="local_y" v="176.2968"/>
    <tag k="ele" v="2.0368"/>
  </node>
  <node id="41420" lat="-5.41586925456" lon="53.39151812972">
    <tag k="local_x" v="-14.6671"/>
    <tag k="local_y" v="175.755"/>
    <tag k="ele" v="2.0368"/>
  </node>
  <node id="41421" lat="-5.41587529628" lon="53.39152700381">
    <tag k="local_x" v="-13.6781"/>
    <tag k="local_y" v="175.0917"/>
    <tag k="ele" v="2.0368"/>
  </node>
  <node id="41422" lat="-5.41588235014" lon="53.39153512324">
    <tag k="local_x" v="-12.7722"/>
    <tag k="local_y" v="174.3158"/>
    <tag k="ele" v="2.0368"/>
  </node>
  <node id="41423" lat="-5.41589032334" lon="53.39154237054">
    <tag k="local_x" v="-11.9625"/>
    <tag k="local_y" v="173.4375"/>
    <tag k="ele" v="2.0368"/>
  </node>
  <node id="41424" lat="-5.41589910694" lon="53.39154864545">
    <tag k="local_x" v="-11.2602"/>
    <tag k="local_y" v="172.4688"/>
    <tag k="ele" v="2.0368"/>
  </node>
  <node id="41425" lat="-5.41590858212" lon="53.39155385588">
    <tag k="local_x" v="-10.6756"/>
    <tag k="local_y" v="171.4228"/>
    <tag k="ele" v="2.0368"/>
  </node>
  <node id="41426" lat="-5.41591862111" lon="53.39155792692">
    <tag k="local_x" v="-10.2171"/>
    <tag k="local_y" v="170.3136"/>
    <tag k="ele" v="2.0368"/>
  </node>
  <node id="41427" lat="-5.41592990728" lon="53.39156098874">
    <tag k="local_x" v="-9.8698"/>
    <tag k="local_y" v="169.0656"/>
    <tag k="ele" v="2.0368"/>
  </node>
  <node id="41431" lat="-5.4158254792" lon="53.3914823642">
    <tag k="local_x" v="-18.6659"/>
    <tag k="local_y" v="180.5798"/>
    <tag k="ele" v="2.0368"/>
  </node>
  <node id="41432" lat="-5.4158287501" lon="53.39149579713">
    <tag k="local_x" v="-17.1727"/>
    <tag k="local_y" v="180.2264"/>
    <tag k="ele" v="2.0368"/>
  </node>
  <node id="41433" lat="-5.41583469372" lon="53.3915097187">
    <tag k="local_x" v="-15.6235"/>
    <tag k="local_y" v="179.5773"/>
    <tag k="ele" v="2.0368"/>
  </node>
  <node id="41434" lat="-5.41584288988" lon="53.39152240616">
    <tag k="local_x" v="-14.2098"/>
    <tag k="local_y" v="178.6779"/>
    <tag k="ele" v="2.0368"/>
  </node>
  <node id="41435" lat="-5.41585309175" lon="53.39153349971">
    <tag k="local_x" v="-12.9717"/>
    <tag k="local_y" v="177.5553"/>
    <tag k="ele" v="2.0368"/>
  </node>
  <node id="41436" lat="-5.41586499593" lon="53.39154268944">
    <tag k="local_x" v="-11.9438"/>
    <tag k="local_y" v="176.2429"/>
    <tag k="ele" v="2.0368"/>
  </node>
  <node id="41437" lat="-5.41587825238" lon="53.39154971977">
    <tag k="local_x" v="-11.1547"/>
    <tag k="local_y" v="174.7793"/>
    <tag k="ele" v="2.0368"/>
  </node>
  <node id="41438" lat="-5.41589130583" lon="53.39155405219">
    <tag k="local_x" v="-10.6652"/>
    <tag k="local_y" v="173.3364"/>
    <tag k="ele" v="2.0368"/>
  </node>
  <node id="41440" lat="-5.41586035369" lon="53.39148614269">
    <tag k="local_x" v="-18.2235"/>
    <tag k="local_y" v="176.7197"/>
    <tag k="ele" v="2.0368"/>
  </node>
  <node id="41442" lat="-5.41587010598" lon="53.39150360022">
    <tag k="local_x" v="-16.2793"/>
    <tag k="local_y" v="175.6511"/>
    <tag k="ele" v="2.0368"/>
  </node>
  <node id="41444" lat="-5.4158836341" lon="53.39151742629">
    <tag k="local_x" v="-14.7357"/>
    <tag k="local_y" v="174.1619"/>
    <tag k="ele" v="2.0368"/>
  </node>
  <node id="41446" lat="-5.41590277012" lon="53.39152612892">
    <tag k="local_x" v="-13.7571"/>
    <tag k="local_y" v="172.0482"/>
    <tag k="ele" v="2.0368"/>
  </node>
  <node id="41628" lat="-5.41639783087" lon="53.39157814748">
    <tag k="local_x" v="-7.6567"/>
    <tag k="local_y" v="117.2511"/>
    <tag k="ele" v="2.0725"/>
  </node>
  <node id="41629" lat="-5.41637256157" lon="53.3915589974">
    <tag k="local_x" v="-9.799"/>
    <tag k="local_y" v="120.0372"/>
    <tag k="ele" v="2.0725"/>
  </node>
  <node id="41635" lat="-5.41640580146" lon="53.39156679553">
    <tag k="local_x" v="-8.9115"/>
    <tag k="local_y" v="116.3608"/>
    <tag k="ele" v="2.0725"/>
  </node>
  <node id="41636" lat="-5.41641285896" lon="53.3915555472">
    <tag k="local_x" v="-10.1554"/>
    <tag k="local_y" v="115.5717"/>
    <tag k="ele" v="2.0725"/>
  </node>
  <node id="41637" lat="-5.41641963174" lon="53.39154379336">
    <tag k="local_x" v="-11.4556"/>
    <tag k="local_y" v="114.8138"/>
    <tag k="ele" v="2.0725"/>
  </node>
  <node id="41638" lat="-5.41642594803" lon="53.39153179717">
    <tag k="local_x" v="-12.783"/>
    <tag k="local_y" v="114.1063"/>
    <tag k="ele" v="2.0725"/>
  </node>
  <node id="41639" lat="-5.4164317998" lon="53.39151957582">
    <tag k="local_x" v="-14.1357"/>
    <tag k="local_y" v="113.4501"/>
    <tag k="ele" v="2.0725"/>
  </node>
  <node id="41648" lat="-5.41637967644" lon="53.39154994966">
    <tag k="local_x" v="-10.7986"/>
    <tag k="local_y" v="119.2432"/>
    <tag k="ele" v="2.0725"/>
  </node>
  <node id="41649" lat="-5.41638683802" lon="53.39153919892">
    <tag k="local_x" v="-11.9872"/>
    <tag k="local_y" v="118.4429"/>
    <tag k="ele" v="2.0725"/>
  </node>
  <node id="41650" lat="-5.41639324079" lon="53.39152883377">
    <tag k="local_x" v="-13.1335"/>
    <tag k="local_y" v="117.7269"/>
    <tag k="ele" v="2.0725"/>
  </node>
  <node id="41651" lat="-5.41639934023" lon="53.39151802267">
    <tag k="local_x" v="-14.3295"/>
    <tag k="local_y" v="117.0442"/>
    <tag k="ele" v="2.0725"/>
  </node>
  <node id="41652" lat="-5.41640502659" lon="53.39150698159">
    <tag k="local_x" v="-15.5513"/>
    <tag k="local_y" v="116.4071"/>
    <tag k="ele" v="2.0725"/>
  </node>
  <node id="41664" lat="-5.41632083723" lon="53.39162038986">
    <tag k="local_x" v="-3.0186"/>
    <tag k="local_y" v="125.8066"/>
    <tag k="ele" v="2.1269"/>
  </node>
  <node id="41665" lat="-5.41633452793" lon="53.39161893916">
    <tag k="local_x" v="-3.1706"/>
    <tag k="local_y" v="124.2893"/>
    <tag k="ele" v="2.1269"/>
  </node>
  <node id="41666" lat="-5.41634884798" lon="53.39161522524">
    <tag k="local_x" v="-3.5734"/>
    <tag k="local_y" v="122.7008"/>
    <tag k="ele" v="2.1269"/>
  </node>
  <node id="41667" lat="-5.41636253609" lon="53.39160940515">
    <tag k="local_x" v="-4.2104"/>
    <tag k="local_y" v="121.1809"/>
    <tag k="ele" v="2.1269"/>
  </node>
  <node id="41668" lat="-5.4163752805" lon="53.39160158614">
    <tag k="local_x" v="-5.0699"/>
    <tag k="local_y" v="119.7642"/>
    <tag k="ele" v="2.1269"/>
  </node>
  <node id="41669" lat="-5.41638596373" lon="53.3915927226">
    <tag k="local_x" v="-6.0467"/>
    <tag k="local_y" v="118.5751"/>
    <tag k="ele" v="2.1269"/>
  </node>
  <node id="41670" lat="-5.41631673669" lon="53.39159380767">
    <tag k="local_x" v="-5.9719"/>
    <tag k="local_y" v="126.2432"/>
    <tag k="ele" v="2.1269"/>
  </node>
  <node id="41671" lat="-5.41632762524" lon="53.39159151235">
    <tag k="local_x" v="-6.2195"/>
    <tag k="local_y" v="125.0357"/>
    <tag k="ele" v="2.1269"/>
  </node>
  <node id="41672" lat="-5.41633806472" lon="53.39158779806">
    <tag k="local_x" v="-6.6249"/>
    <tag k="local_y" v="123.877"/>
    <tag k="ele" v="2.1269"/>
  </node>
  <node id="41673" lat="-5.41634758503" lon="53.39158226128">
    <tag k="local_x" v="-7.2332"/>
    <tag k="local_y" v="122.8189"/>
    <tag k="ele" v="2.1269"/>
  </node>
  <node id="41674" lat="-5.41635593683" lon="53.39157608819">
    <tag k="local_x" v="-7.9129"/>
    <tag k="local_y" v="121.8898"/>
    <tag k="ele" v="2.1269"/>
  </node>
  <node id="41675" lat="-5.4163643728" lon="53.39156813171">
    <tag k="local_x" v="-8.7905"/>
    <tag k="local_y" v="120.9502"/>
    <tag k="ele" v="2.1269"/>
  </node>
  <node id="41697" lat="-5.41642663381" lon="53.39153036606">
    <tag k="local_x" v="-12.9414"/>
    <tag k="local_y" v="114.0294"/>
    <tag k="ele" v="2.0725"/>
  </node>
  <node id="41698" lat="-5.41639983202" lon="53.39151706748">
    <tag k="local_x" v="-14.4352"/>
    <tag k="local_y" v="116.9891"/>
    <tag k="ele" v="2.0725"/>
  </node>
  <node id="41704" lat="-5.41633415179" lon="53.39158888077">
    <tag k="local_x" v="-6.5073"/>
    <tag k="local_y" v="124.3111"/>
    <tag k="ele" v="2.1273"/>
  </node>
  <node id="41705" lat="-5.41634756742" lon="53.3915876335">
    <tag k="local_x" v="-6.6369"/>
    <tag k="local_y" v="122.8244"/>
    <tag k="ele" v="2.1273"/>
  </node>
  <node id="41706" lat="-5.41636155739" lon="53.39158443777">
    <tag k="local_x" v="-6.9824"/>
    <tag k="local_y" v="121.2728"/>
    <tag k="ele" v="2.1273"/>
  </node>
  <node id="41707" lat="-5.41637504254" lon="53.39157940627">
    <tag k="local_x" v="-7.532"/>
    <tag k="local_y" v="119.7759"/>
    <tag k="ele" v="2.1273"/>
  </node>
  <node id="41708" lat="-5.41638778317" lon="53.39157261792">
    <tag k="local_x" v="-8.2771"/>
    <tag k="local_y" v="118.3603"/>
    <tag k="ele" v="2.1273"/>
  </node>
  <node id="41709" lat="-5.41639954789" lon="53.3915641804">
    <tag k="local_x" v="-9.2059"/>
    <tag k="local_y" v="117.0517"/>
    <tag k="ele" v="2.1273"/>
  </node>
  <node id="41710" lat="-5.41641012443" lon="53.3915542319">
    <tag k="local_x" v="-10.3032"/>
    <tag k="local_y" v="115.8737"/>
    <tag k="ele" v="2.1273"/>
  </node>
  <node id="41711" lat="-5.41641873579" lon="53.39154374282">
    <tag k="local_x" v="-11.4618"/>
    <tag k="local_y" v="114.913"/>
    <tag k="ele" v="2.1273"/>
  </node>
  <node id="41712" lat="-5.41633123607" lon="53.39156400597">
    <tag k="local_x" v="-9.2703"/>
    <tag k="local_y" v="124.6176"/>
    <tag k="ele" v="2.1273"/>
  </node>
  <node id="41713" lat="-5.4163428804" lon="53.39156232869">
    <tag k="local_x" v="-9.4488"/>
    <tag k="local_y" v="123.3268"/>
    <tag k="ele" v="2.1273"/>
  </node>
  <node id="41714" lat="-5.41635334304" lon="53.39155931877">
    <tag k="local_x" v="-9.776"/>
    <tag k="local_y" v="122.166"/>
    <tag k="ele" v="2.1273"/>
  </node>
  <node id="41715" lat="-5.41636327313" lon="53.39155497146">
    <tag k="local_x" v="-10.252"/>
    <tag k="local_y" v="121.0633"/>
    <tag k="ele" v="2.1273"/>
  </node>
  <node id="41716" lat="-5.41637249874" lon="53.39154937427">
    <tag k="local_x" v="-10.8672"/>
    <tag k="local_y" v="120.0378"/>
    <tag k="ele" v="2.1273"/>
  </node>
  <node id="41717" lat="-5.41638086614" lon="53.39154263622">
    <tag k="local_x" v="-11.6096"/>
    <tag k="local_y" v="119.1066"/>
    <tag k="ele" v="2.1273"/>
  </node>
  <node id="41718" lat="-5.41638823433" lon="53.39153488608">
    <tag k="local_x" v="-12.465"/>
    <tag k="local_y" v="118.2854"/>
    <tag k="ele" v="2.1273"/>
  </node>
  <node id="41719" lat="-5.41639506346" lon="53.39152546435">
    <tag k="local_x" v="-13.5063"/>
    <tag k="local_y" v="117.5228"/>
    <tag k="ele" v="2.1273"/>
  </node>
  <node id="41723" lat="-5.41630833805" lon="53.39158698453">
    <tag k="local_x" v="-6.7348"/>
    <tag k="local_y" v="127.1689"/>
    <tag k="ele" v="2.1265"/>
  </node>
  <node id="41724" lat="-5.41631019113" lon="53.39156237781">
    <tag k="local_x" v="-9.4649"/>
    <tag k="local_y" v="126.9474"/>
    <tag k="ele" v="2.1265"/>
  </node>
  <node id="41730" lat="-5.4165623357" lon="53.39159429482">
    <tag k="local_x" v="-5.7559"/>
    <tag k="local_y" v="99.0417"/>
    <tag k="ele" v="1.9337"/>
  </node>
  <node id="41801" lat="-5.4164269202" lon="53.39159184148">
    <tag k="local_x" v="-6.1175"/>
    <tag k="local_y" v="114.0383"/>
    <tag k="ele" v="2.0615"/>
  </node>
  <node id="41804" lat="-5.41644479969" lon="53.39161784092">
    <tag k="local_x" v="-3.2198"/>
    <tag k="local_y" v="112.0752"/>
    <tag k="ele" v="2.0615"/>
  </node>
  <node id="41808" lat="-5.41638195741" lon="53.39162582417">
    <tag k="local_x" v="-2.3751"/>
    <tag k="local_y" v="119.0407"/>
    <tag k="ele" v="2.1178"/>
  </node>
  <node id="41809" lat="-5.41640479761" lon="53.39162659932">
    <tag k="local_x" v="-2.274"/>
    <tag k="local_y" v="116.5115"/>
    <tag k="ele" v="2.1178"/>
  </node>
  <node id="41810" lat="-5.41642321237" lon="53.39162533588">
    <tag k="local_x" v="-2.4021"/>
    <tag k="local_y" v="114.4711"/>
    <tag k="ele" v="2.1178"/>
  </node>
  <node id="41811" lat="-5.41643574968" lon="53.39162169651">
    <tag k="local_x" v="-2.7978"/>
    <tag k="local_y" v="113.0801"/>
    <tag k="ele" v="2.1178"/>
  </node>
  <node id="41812" lat="-5.41638409847" lon="53.3915993959">
    <tag k="local_x" v="-5.3072"/>
    <tag k="local_y" v="118.7861"/>
    <tag k="ele" v="2.1178"/>
  </node>
  <node id="41813" lat="-5.41639695184" lon="53.39159909433">
    <tag k="local_x" v="-5.3322"/>
    <tag k="local_y" v="117.3623"/>
    <tag k="ele" v="2.1178"/>
  </node>
  <node id="41814" lat="-5.41640796522" lon="53.39159820008">
    <tag k="local_x" v="-5.4242"/>
    <tag k="local_y" v="116.1419"/>
    <tag k="ele" v="2.1178"/>
  </node>
  <node id="41815" lat="-5.41641854395" lon="53.39159527775">
    <tag k="local_x" v="-5.7416"/>
    <tag k="local_y" v="114.9683"/>
    <tag k="ele" v="2.1178"/>
  </node>
  <node id="41820" lat="-5.41645732326" lon="53.39161144396">
    <tag k="local_x" v="-3.9216"/>
    <tag k="local_y" v="110.6839"/>
    <tag k="ele" v="2.0615"/>
  </node>
  <node id="41822" lat="-5.4164715174" lon="53.39160630104">
    <tag k="local_x" v="-4.4831"/>
    <tag k="local_y" v="109.1084"/>
    <tag k="ele" v="2.0615"/>
  </node>
  <node id="41824" lat="-5.41648635956" lon="53.39160323357">
    <tag k="local_x" v="-4.8138"/>
    <tag k="local_y" v="107.4625"/>
    <tag k="ele" v="2.0615"/>
  </node>
  <node id="41826" lat="-5.41650206423" lon="53.39160233037">
    <tag k="local_x" v="-4.9037"/>
    <tag k="local_y" v="105.7225"/>
    <tag k="ele" v="2.0615"/>
  </node>
  <node id="41828" lat="-5.41644532134" lon="53.39158269336">
    <tag k="local_x" v="-7.1208"/>
    <tag k="local_y" v="111.9942"/>
    <tag k="ele" v="2.0615"/>
  </node>
  <node id="41830" lat="-5.41646396628" lon="53.39157687986">
    <tag k="local_x" v="-7.7538"/>
    <tag k="local_y" v="109.9253"/>
    <tag k="ele" v="2.0615"/>
  </node>
  <node id="41832" lat="-5.41648319999" lon="53.39157380613">
    <tag k="local_x" v="-8.0823"/>
    <tag k="local_y" v="107.793"/>
    <tag k="ele" v="2.0615"/>
  </node>
  <node id="41834" lat="-5.41650209994" lon="53.39157350828">
    <tag k="local_x" v="-8.1029"/>
    <tag k="local_y" v="105.6995"/>
    <tag k="ele" v="2.0615"/>
  </node>
  <node id="41857" lat="-5.4165291649" lon="53.39160398022">
    <tag k="local_x" v="-4.7027"/>
    <tag k="local_y" v="102.722"/>
    <tag k="ele" v="1.9976"/>
  </node>
  <node id="41858" lat="-5.41653884892" lon="53.3916030326">
    <tag k="local_x" v="-4.8015"/>
    <tag k="local_y" v="101.6488"/>
    <tag k="ele" v="1.9976"/>
  </node>
  <node id="41859" lat="-5.41654810524" lon="53.39160001003">
    <tag k="local_x" v="-5.1309"/>
    <tag k="local_y" v="100.6216"/>
    <tag k="ele" v="1.9976"/>
  </node>
  <node id="41860" lat="-5.4165279514" lon="53.39157461509">
    <tag k="local_x" v="-7.963"/>
    <tag k="local_y" v="102.837"/>
    <tag k="ele" v="1.9976"/>
  </node>
  <node id="41861" lat="-5.41653623516" lon="53.3915736848">
    <tag k="local_x" v="-8.0608"/>
    <tag k="local_y" v="101.9189"/>
    <tag k="ele" v="1.9976"/>
  </node>
  <node id="41862" lat="-5.4165464088" lon="53.39157111533">
    <tag k="local_x" v="-8.3393"/>
    <tag k="local_y" v="100.7904"/>
    <tag k="ele" v="1.9976"/>
  </node>
  <node id="41916" lat="-5.41646004034" lon="53.39124421196">
    <tag k="local_x" v="-44.6822"/>
    <tag k="local_y" v="110.1403"/>
    <tag k="ele" v="1.9841"/>
  </node>
  <node id="41917" lat="-5.41643354877" lon="53.39125718115">
    <tag k="local_x" v="-43.2601"/>
    <tag k="local_y" v="113.083"/>
    <tag k="ele" v="1.9841"/>
  </node>
  <node id="41952" lat="-5.41646609848" lon="53.39135268683">
    <tag k="local_x" v="-32.6376"/>
    <tag k="local_y" v="109.541"/>
    <tag k="ele" v="1.9962"/>
  </node>
  <node id="41953" lat="-5.41644035908" lon="53.3913502343">
    <tag k="local_x" v="-32.9268"/>
    <tag k="local_y" v="112.3902"/>
    <tag k="ele" v="1.9962"/>
  </node>
  <node id="41959" lat="-5.41643535863" lon="53.391511351">
    <tag k="local_x" v="-15.0463"/>
    <tag k="local_y" v="113.0505"/>
    <tag k="ele" v="2.0725"/>
  </node>
  <node id="41960" lat="-5.41640850791" lon="53.39149953652">
    <tag k="local_x" v="-16.3754"/>
    <tag k="local_y" v="116.0166"/>
    <tag k="ele" v="2.0725"/>
  </node>
  <node id="41966" lat="-5.41644044227" lon="53.3914993189">
    <tag k="local_x" v="-16.3785"/>
    <tag k="local_y" v="112.4795"/>
    <tag k="ele" v="2.0725"/>
  </node>
  <node id="41967" lat="-5.41644448782" lon="53.39148747494">
    <tag k="local_x" v="-17.6905"/>
    <tag k="local_y" v="112.0236"/>
    <tag k="ele" v="2.0725"/>
  </node>
  <node id="41968" lat="-5.41644811176" lon="53.39147518124">
    <tag k="local_x" v="-19.0527"/>
    <tag k="local_y" v="111.6141"/>
    <tag k="ele" v="2.0725"/>
  </node>
  <node id="41969" lat="-5.41645119409" lon="53.39146275651">
    <tag k="local_x" v="-20.4298"/>
    <tag k="local_y" v="111.2645"/>
    <tag k="ele" v="2.0725"/>
  </node>
  <node id="41970" lat="-5.41645373045" lon="53.39145022602">
    <tag k="local_x" v="-21.819"/>
    <tag k="local_y" v="110.9753"/>
    <tag k="ele" v="2.0725"/>
  </node>
  <node id="41971" lat="-5.41645567025" lon="53.39143788646">
    <tag k="local_x" v="-23.1874"/>
    <tag k="local_y" v="110.7523"/>
    <tag k="ele" v="2.0725"/>
  </node>
  <node id="41972" lat="-5.41641294286" lon="53.39148909747">
    <tag k="local_x" v="-17.5312"/>
    <tag k="local_y" v="115.5185"/>
    <tag k="ele" v="2.0725"/>
  </node>
  <node id="41973" lat="-5.41641743124" lon="53.39147807972">
    <tag k="local_x" v="-18.7512"/>
    <tag k="local_y" v="115.0141"/>
    <tag k="ele" v="2.0725"/>
  </node>
  <node id="41974" lat="-5.41642134149" lon="53.39146716541">
    <tag k="local_x" v="-19.9601"/>
    <tag k="local_y" v="114.5738"/>
    <tag k="ele" v="2.0725"/>
  </node>
  <node id="41975" lat="-5.41642477759" lon="53.39145607643">
    <tag k="local_x" v="-21.1887"/>
    <tag k="local_y" v="114.1859"/>
    <tag k="ele" v="2.0725"/>
  </node>
  <node id="41976" lat="-5.41642773155" lon="53.39144483536">
    <tag k="local_x" v="-22.4345"/>
    <tag k="local_y" v="113.8513"/>
    <tag k="ele" v="2.0725"/>
  </node>
  <node id="41977" lat="-5.41643024609" lon="53.39143318699">
    <tag k="local_x" v="-23.7258"/>
    <tag k="local_y" v="113.5651"/>
    <tag k="ele" v="2.0725"/>
  </node>
  <node id="41983" lat="-5.41646668525" lon="53.39093002838">
    <tag k="local_x" v="-79.5519"/>
    <tag k="local_y" v="109.1967"/>
    <tag k="ele" v="1.9962"/>
  </node>
  <node id="41984" lat="-5.41644199801" lon="53.39092792908">
    <tag k="local_x" v="-79.8012"/>
    <tag k="local_y" v="111.9296"/>
    <tag k="ele" v="1.9962"/>
  </node>
  <node id="41993" lat="-5.41651047127" lon="53.39039838107">
    <tag k="local_x" v="-138.5354"/>
    <tag k="local_y" v="103.9957"/>
    <tag k="ele" v="1.9962"/>
  </node>
  <node id="41994" lat="-5.4165139661" lon="53.39038699986">
    <tag k="local_x" v="-139.7964"/>
    <tag k="local_y" v="103.6011"/>
    <tag k="ele" v="1.9962"/>
  </node>
  <node id="42003" lat="-5.41648292828" lon="53.39039053746">
    <tag k="local_x" v="-139.4242"/>
    <tag k="local_y" v="107.0411"/>
    <tag k="ele" v="1.9962"/>
  </node>
  <node id="42004" lat="-5.41648518983" lon="53.39037931583">
    <tag k="local_x" v="-140.6683"/>
    <tag k="local_y" v="106.7832"/>
    <tag k="ele" v="1.9962"/>
  </node>
  <node id="42005" lat="-5.41648856973" lon="53.39036940468">
    <tag k="local_x" v="-141.7662"/>
    <tag k="local_y" v="106.4023"/>
    <tag k="ele" v="1.9962"/>
  </node>
  <node id="42016" lat="-5.41650638739" lon="53.39042391995">
    <tag k="local_x" v="-135.7033"/>
    <tag k="local_y" v="104.4649"/>
    <tag k="ele" v="1.9962"/>
  </node>
  <node id="42017" lat="-5.41648063325" lon="53.39042156485">
    <tag k="local_x" v="-135.9817"/>
    <tag k="local_y" v="107.3158"/>
    <tag k="ele" v="1.9962"/>
  </node>
  <node id="42023" lat="-5.41655232906" lon="53.39028559994">
    <tag k="local_x" v="-151.0264"/>
    <tag k="local_y" v="99.2851"/>
    <tag k="ele" v="1.9409"/>
  </node>
  <node id="42024" lat="-5.41652692645" lon="53.39028375087">
    <tag k="local_x" v="-151.2484"/>
    <tag k="local_y" v="102.0974"/>
    <tag k="ele" v="1.9554"/>
  </node>
  <node id="42111" lat="-5.41655503014" lon="53.38994169571">
    <tag k="local_x" v="-189.1977"/>
    <tag k="local_y" v="98.7586"/>
    <tag k="ele" v="2.0045"/>
  </node>
  <node id="42112" lat="-5.41652459725" lon="53.38993721346">
    <tag k="local_x" v="-189.7153"/>
    <tag k="local_y" v="102.1263"/>
    <tag k="ele" v="2.0045"/>
  </node>
  <node id="42141" lat="-5.41660625298" lon="53.38986682048">
    <tag k="local_x" v="-197.475"/>
    <tag k="local_y" v="93.0358"/>
    <tag k="ele" v="1.7418"/>
  </node>
  <node id="42142" lat="-5.41663820072" lon="53.38986900541">
    <tag k="local_x" v="-197.2114"/>
    <tag k="local_y" v="89.4988"/>
    <tag k="ele" v="1.7448"/>
  </node>
  <node id="42144" lat="-5.41660409146" lon="53.3898982777">
    <tag k="local_x" v="-193.9847"/>
    <tag k="local_y" v="93.296"/>
    <tag k="ele" v="1.7418"/>
  </node>
  <node id="42145" lat="-5.41663604011" lon="53.38990046263">
    <tag k="local_x" v="-193.7211"/>
    <tag k="local_y" v="89.7589"/>
    <tag k="ele" v="1.7448"/>
  </node>
  <node id="42169" lat="-5.41664466484" lon="53.38990159877">
    <tag k="local_x" v="-193.5893"/>
    <tag k="local_y" v="88.8044"/>
    <tag k="ele" v="1.762"/>
  </node>
  <node id="42170" lat="-5.41665541262" lon="53.38990476736">
    <tag k="local_x" v="-193.2305"/>
    <tag k="local_y" v="87.6161"/>
    <tag k="ele" v="1.9306"/>
  </node>
  <node id="42173" lat="-5.41667989818" lon="53.38991815888">
    <tag k="local_x" v="-191.7279"/>
    <tag k="local_y" v="84.913"/>
    <tag k="ele" v="1.7617"/>
  </node>
  <node id="42175" lat="-5.41671098872" lon="53.3899273913">
    <tag k="local_x" v="-190.6826"/>
    <tag k="local_y" v="81.4756"/>
    <tag k="ele" v="1.7756"/>
  </node>
  <node id="42176" lat="-5.41664879998" lon="53.38987058568">
    <tag k="local_x" v="-197.029"/>
    <tag k="local_y" v="88.3259"/>
    <tag k="ele" v="1.762"/>
  </node>
  <node id="42177" lat="-5.41665941987" lon="53.38987410908">
    <tag k="local_x" v="-196.6309"/>
    <tag k="local_y" v="87.152"/>
    <tag k="ele" v="1.9306"/>
  </node>
  <node id="42178" lat="-5.41667503187" lon="53.38988264339">
    <tag k="local_x" v="-195.6733"/>
    <tag k="local_y" v="85.4285"/>
    <tag k="ele" v="1.8846"/>
  </node>
  <node id="42181" lat="-5.41671333759" lon="53.38990160778">
    <tag k="local_x" v="-193.543"/>
    <tag k="local_y" v="81.1984"/>
    <tag k="ele" v="1.7756"/>
  </node>
  <node id="42197" lat="-5.41670970462" lon="53.38989422931">
    <tag k="local_x" v="-194.3644"/>
    <tag k="local_y" v="81.5959"/>
    <tag k="ele" v="1.806"/>
  </node>
  <node id="42198" lat="-5.41665802479" lon="53.3899002545">
    <tag k="local_x" v="-193.7297"/>
    <tag k="local_y" v="87.3238"/>
    <tag k="ele" v="1.7754"/>
  </node>
  <node id="42199" lat="-5.41667540919" lon="53.38989881604">
    <tag k="local_x" v="-193.8779"/>
    <tag k="local_y" v="85.3974"/>
    <tag k="ele" v="1.7907"/>
  </node>
  <node id="42201" lat="-5.41671230851" lon="53.38986745507">
    <tag k="local_x" v="-197.3346"/>
    <tag k="local_y" v="81.2898"/>
    <tag k="ele" v="1.8217"/>
  </node>
  <node id="42202" lat="-5.41669504493" lon="53.38986705226">
    <tag k="local_x" v="-197.3907"/>
    <tag k="local_y" v="83.2016"/>
    <tag k="ele" v="1.7833"/>
  </node>
  <node id="42203" lat="-5.41667618054" lon="53.38986755356">
    <tag k="local_x" v="-197.3475"/>
    <tag k="local_y" v="85.2913"/>
    <tag k="ele" v="1.7641"/>
  </node>
  <node id="42204" lat="-5.41665937196" lon="53.38986804896">
    <tag k="local_x" v="-197.3036"/>
    <tag k="local_y" v="87.1533"/>
    <tag k="ele" v="1.7545"/>
  </node>
  <node id="42214" lat="-5.41651330215" lon="53.38980059762">
    <tag k="local_x" v="-204.887"/>
    <tag k="local_y" v="103.287"/>
    <tag k="ele" v="1.8361"/>
  </node>
  <node id="42216" lat="-5.41651542241" lon="53.38982046444">
    <tag k="local_x" v="-202.6804"/>
    <tag k="local_y" v="103.0653"/>
    <tag k="ele" v="1.8361"/>
  </node>
  <node id="42218" lat="-5.41652187919" lon="53.38984018297">
    <tag k="local_x" v="-200.4874"/>
    <tag k="local_y" v="102.3632"/>
    <tag k="ele" v="1.8361"/>
  </node>
  <node id="42220" lat="-5.41653239418" lon="53.38985820079">
    <tag k="local_x" v="-198.4805"/>
    <tag k="local_y" v="101.2105"/>
    <tag k="ele" v="1.8361"/>
  </node>
  <node id="42222" lat="-5.41654653628" lon="53.38987369163">
    <tag k="local_x" v="-196.7517"/>
    <tag k="local_y" v="99.6544"/>
    <tag k="ele" v="1.8361"/>
  </node>
  <node id="42224" lat="-5.41656370893" lon="53.38988593652">
    <tag k="local_x" v="-195.3812"/>
    <tag k="local_y" v="97.7605"/>
    <tag k="ele" v="1.8361"/>
  </node>
  <node id="42226" lat="-5.41658317189" lon="53.38989435335">
    <tag k="local_x" v="-194.4341"/>
    <tag k="local_y" v="95.6104"/>
    <tag k="ele" v="1.8361"/>
  </node>
  <node id="42228" lat="-5.41653922912" lon="53.38979878316">
    <tag k="local_x" v="-205.0713"/>
    <tag k="local_y" v="100.4142"/>
    <tag k="ele" v="1.8361"/>
  </node>
  <node id="42230" lat="-5.41654081042" lon="53.38981442523">
    <tag k="local_x" v="-203.334"/>
    <tag k="local_y" v="100.2494"/>
    <tag k="ele" v="1.8361"/>
  </node>
  <node id="42232" lat="-5.41654633536" lon="53.38982853304">
    <tag k="local_x" v="-201.7644"/>
    <tag k="local_y" v="99.6468"/>
    <tag k="ele" v="1.8361"/>
  </node>
  <node id="42234" lat="-5.41655464809" lon="53.38984108103">
    <tag k="local_x" v="-200.3661"/>
    <tag k="local_y" v="98.7344"/>
    <tag k="ele" v="1.8361"/>
  </node>
  <node id="42236" lat="-5.41656534093" lon="53.38985153287">
    <tag k="local_x" v="-199.1989"/>
    <tag k="local_y" v="97.557"/>
    <tag k="ele" v="1.8361"/>
  </node>
  <node id="42238" lat="-5.41657790658" lon="53.38985945375">
    <tag k="local_x" v="-198.3114"/>
    <tag k="local_y" v="96.1705"/>
    <tag k="ele" v="1.8361"/>
  </node>
  <node id="42240" lat="-5.41659176079" lon="53.38986452821">
    <tag k="local_x" v="-197.739"/>
    <tag k="local_y" v="94.6394"/>
    <tag k="ele" v="1.8361"/>
  </node>
  <node id="42320" lat="-5.41818770304" lon="53.38862366418">
    <tag k="local_x" v="-334.4207"/>
    <tag k="local_y" v="-82.9435"/>
    <tag k="ele" v="1.7761"/>
  </node>
  <node id="42321" lat="-5.4181898572" lon="53.38859220605">
    <tag k="local_x" v="-337.9111"/>
    <tag k="local_y" v="-83.2029"/>
    <tag k="ele" v="1.7761"/>
  </node>
  <node id="42364" lat="-5.4166672658" lon="53.3891372248">
    <tag k="local_x" v="-278.4193"/>
    <tag k="local_y" v="85.7958"/>
    <tag k="ele" v="1.8922"/>
  </node>
  <node id="42365" lat="-5.41667913542" lon="53.38910720179">
    <tag k="local_x" v="-281.744"/>
    <tag k="local_y" v="84.4613"/>
    <tag k="ele" v="1.8922"/>
  </node>
  <node id="42480" lat="-5.41666616191" lon="53.38910204284">
    <tag k="local_x" v="-282.3252"/>
    <tag k="local_y" v="85.8948"/>
    <tag k="ele" v="1.8922"/>
  </node>
  <node id="42482" lat="-5.41665686805" lon="53.38909680525">
    <tag k="local_x" v="-282.9127"/>
    <tag k="local_y" v="86.9207"/>
    <tag k="ele" v="1.8922"/>
  </node>
  <node id="42484" lat="-5.41664834755" lon="53.38909013874">
    <tag k="local_x" v="-283.6583"/>
    <tag k="local_y" v="87.86"/>
    <tag k="ele" v="1.8922"/>
  </node>
  <node id="42486" lat="-5.4166429844" lon="53.38908256516">
    <tag k="local_x" v="-284.5025"/>
    <tag k="local_y" v="88.449"/>
    <tag k="ele" v="1.8922"/>
  </node>
  <node id="42487" lat="-5.41663967171" lon="53.38907469381">
    <tag k="local_x" v="-285.3784"/>
    <tag k="local_y" v="88.8107"/>
    <tag k="ele" v="1.8922"/>
  </node>
  <node id="42488" lat="-5.41663824127" lon="53.38906784011">
    <tag k="local_x" v="-286.1401"/>
    <tag k="local_y" v="88.9646"/>
    <tag k="ele" v="1.8922"/>
  </node>
  <node id="42489" lat="-5.41665734353" lon="53.38913516124">
    <tag k="local_x" v="-278.6549"/>
    <tag k="local_y" v="86.8934"/>
    <tag k="ele" v="1.8922"/>
  </node>
  <node id="42490" lat="-5.41664862958" lon="53.38913193464">
    <tag k="local_x" v="-279.0188"/>
    <tag k="local_y" v="87.8564"/>
    <tag k="ele" v="1.8922"/>
  </node>
  <node id="42491" lat="-5.41663886952" lon="53.38912709712">
    <tag k="local_x" v="-279.5622"/>
    <tag k="local_y" v="88.9342"/>
    <tag k="ele" v="1.8922"/>
  </node>
  <node id="42492" lat="-5.41663088196" lon="53.38912107609">
    <tag k="local_x" v="-280.2358"/>
    <tag k="local_y" v="89.8149"/>
    <tag k="ele" v="1.8922"/>
  </node>
  <node id="42493" lat="-5.4166234576" lon="53.38911335981">
    <tag k="local_x" v="-281.0972"/>
    <tag k="local_y" v="90.6321"/>
    <tag k="ele" v="1.8922"/>
  </node>
  <node id="42494" lat="-5.41661710515" lon="53.38910355967">
    <tag k="local_x" v="-282.1892"/>
    <tag k="local_y" v="91.3292"/>
    <tag k="ele" v="1.8922"/>
  </node>
  <node id="42495" lat="-5.41661222746" lon="53.38908898136">
    <tag k="local_x" v="-283.8106"/>
    <tag k="local_y" v="91.8598"/>
    <tag k="ele" v="1.8922"/>
  </node>
  <node id="42496" lat="-5.41661068471" lon="53.38907450665">
    <tag k="local_x" v="-285.4183"/>
    <tag k="local_y" v="92.0211"/>
    <tag k="ele" v="1.8922"/>
  </node>
  <node id="42549" lat="-5.41620020417" lon="53.38675651158">
    <tag k="local_x" v="-542.9854"/>
    <tag k="local_y" v="135.9517"/>
    <tag k="ele" v="2.3257"/>
  </node>
  <node id="42551" lat="-5.41617464015" lon="53.38675453029">
    <tag k="local_x" v="-543.2222"/>
    <tag k="local_y" v="138.7818"/>
    <tag k="ele" v="2.3257"/>
  </node>
  <node id="42597" lat="-5.41620536561" lon="53.38689491469">
    <tag k="local_x" v="-527.6193"/>
    <tag k="local_y" v="135.4716"/>
    <tag k="ele" v="2.9298"/>
  </node>
  <node id="42602" lat="-5.4161814994" lon="53.38689693412">
    <tag k="local_x" v="-527.4109"/>
    <tag k="local_y" v="138.1163"/>
    <tag k="ele" v="2.9298"/>
  </node>
  <node id="42617" lat="-5.41622498617" lon="53.38643851363">
    <tag k="local_x" v="-578.2667"/>
    <tag k="local_y" v="132.9965"/>
    <tag k="ele" v="2.3387"/>
  </node>
  <node id="42618" lat="-5.41619942215" lon="53.38643653145">
    <tag k="local_x" v="-578.5036"/>
    <tag k="local_y" v="135.8266"/>
    <tag k="ele" v="2.3387"/>
  </node>
  <node id="42736" lat="-5.41606231935" lon="53.38823550047">
    <tag k="local_x" v="-378.9093"/>
    <tag k="local_y" v="152.2018"/>
    <tag k="ele" v="-0.2247"/>
  </node>
  <node id="42765" lat="-5.41610917639" lon="53.38760965157">
    <tag k="local_x" v="-448.3473"/>
    <tag k="local_y" v="146.5981"/>
    <tag k="ele" v="2.039"/>
  </node>
  <node id="42766" lat="-5.41612641939" lon="53.38738816437">
    <tag k="local_x" v="-472.9209"/>
    <tag k="local_y" v="144.5418"/>
    <tag k="ele" v="2.2475"/>
  </node>
  <node id="42768" lat="-5.4160364718" lon="53.38823367305">
    <tag k="local_x" v="-379.1292"/>
    <tag k="local_y" v="155.0634"/>
    <tag k="ele" v="-0.2247"/>
  </node>
  <node id="42797" lat="-5.41608361234" lon="53.38760767023">
    <tag k="local_x" v="-448.5841"/>
    <tag k="local_y" v="149.4282"/>
    <tag k="ele" v="2.039"/>
  </node>
  <node id="42798" lat="-5.41610085535" lon="53.38738618304">
    <tag k="local_x" v="-473.1577"/>
    <tag k="local_y" v="147.3719"/>
    <tag k="ele" v="2.2475"/>
  </node>
  <node id="42810" lat="-5.41614853407" lon="53.38725584226">
    <tag k="local_x" v="-487.594"/>
    <tag k="local_y" v="142.0049"/>
    <tag k="ele" v="-0.1323"/>
  </node>
  <node id="42811" lat="-5.41612778295" lon="53.3872403575">
    <tag k="local_x" v="-489.3265"/>
    <tag k="local_y" v="144.293"/>
    <tag k="ele" v="-0.1323"/>
  </node>
  <node id="42818" lat="-5.41613511196" lon="53.38728894833">
    <tag k="local_x" v="-483.9281"/>
    <tag k="local_y" v="143.5134"/>
    <tag k="ele" v="2.3337"/>
  </node>
  <node id="42820" lat="-5.41614074325" lon="53.38727006522">
    <tag k="local_x" v="-486.0204"/>
    <tag k="local_y" v="142.8772"/>
    <tag k="ele" v="2.3337"/>
  </node>
  <node id="42822" lat="-5.41610931374" lon="53.38728434046">
    <tag k="local_x" v="-484.4566"/>
    <tag k="local_y" v="146.3677"/>
    <tag k="ele" v="2.3337"/>
  </node>
  <node id="42824" lat="-5.41611423973" lon="53.38726618678">
    <tag k="local_x" v="-486.4684"/>
    <tag k="local_y" v="145.8101"/>
    <tag k="ele" v="2.3337"/>
  </node>
  <node id="42826" lat="-5.41612240787" lon="53.38724923004">
    <tag k="local_x" v="-488.3452"/>
    <tag k="local_y" v="144.8942"/>
    <tag k="ele" v="2.3337"/>
  </node>
  <node id="42830" lat="-5.41613301823" lon="53.38730633833">
    <tag k="local_x" v="-481.9992"/>
    <tag k="local_y" v="143.7568"/>
    <tag k="ele" v="2.2906"/>
  </node>
  <node id="42831" lat="-5.41610765863" lon="53.3873042702">
    <tag k="local_x" v="-482.2455"/>
    <tag k="local_y" v="146.5642"/>
    <tag k="ele" v="2.2906"/>
  </node>
  <node id="42839" lat="-5.4161694696" lon="53.38735783438">
    <tag k="local_x" v="-476.2591"/>
    <tag k="local_y" v="139.7536"/>
    <tag k="ele" v="2.4733"/>
  </node>
  <node id="42840" lat="-5.41614410282" lon="53.3873557735">
    <tag k="local_x" v="-476.5046"/>
    <tag k="local_y" v="142.5618"/>
    <tag k="ele" v="2.4733"/>
  </node>
  <node id="42846" lat="-5.41620095777" lon="53.38735912371">
    <tag k="local_x" v="-476.0952"/>
    <tag k="local_y" v="136.2669"/>
    <tag k="ele" v="2.4733"/>
  </node>
  <node id="42847" lat="-5.41617572339" lon="53.3873570089">
    <tag k="local_x" v="-476.3466"/>
    <tag k="local_y" v="139.0604"/>
    <tag k="ele" v="2.4733"/>
  </node>
  <node id="42860" lat="-5.41610336946" lon="53.38768636028">
    <tag k="local_x" v="-439.8365"/>
    <tag k="local_y" v="147.292"/>
    <tag k="ele" v="0.9072"/>
  </node>
  <node id="42861" lat="-5.41607753621" lon="53.38768435532">
    <tag k="local_x" v="-440.0761"/>
    <tag k="local_y" v="150.1519"/>
    <tag k="ele" v="0.9072"/>
  </node>
  <node id="43164" lat="-5.41622145528" lon="53.38841391387">
    <tag k="local_x" v="-359.0005"/>
    <tag k="local_y" v="134.6943"/>
    <tag k="ele" v="1.5189"/>
  </node>
  <node id="43165" lat="-5.41621939214" lon="53.38838244939">
    <tag k="local_x" v="-362.4944"/>
    <tag k="local_y" v="134.902"/>
    <tag k="ele" v="1.5189"/>
  </node>
  <node id="43172" lat="-5.41610197478" lon="53.38841292595">
    <tag k="local_x" v="-359.189"/>
    <tag k="local_y" v="147.927"/>
    <tag k="ele" v="1.5724"/>
  </node>
  <node id="43173" lat="-5.41610777848" lon="53.38838193093">
    <tag k="local_x" v="-362.6256"/>
    <tag k="local_y" v="147.2637"/>
    <tag k="ele" v="1.5724"/>
  </node>
  <node id="43204" lat="-5.41602773287" lon="53.38832273532">
    <tag k="local_x" v="-369.2491"/>
    <tag k="local_y" v="156.0902"/>
    <tag k="ele" v="1.726"/>
  </node>
  <node id="43207" lat="-5.41605925048" lon="53.38832501824">
    <tag k="local_x" v="-368.9749"/>
    <tag k="local_y" v="152.6009"/>
    <tag k="ele" v="1.726"/>
  </node>
  <node id="43212" lat="-5.4160901822" lon="53.38837706434">
    <tag k="local_x" v="-363.1774"/>
    <tag k="local_y" v="149.2094"/>
    <tag k="ele" v="1.5922"/>
  </node>
  <node id="43214" lat="-5.41607920112" lon="53.38837035481">
    <tag k="local_x" v="-363.9294"/>
    <tag k="local_y" v="150.4212"/>
    <tag k="ele" v="1.5922"/>
  </node>
  <node id="43216" lat="-5.41607016109" lon="53.38836120581">
    <tag k="local_x" v="-364.9509"/>
    <tag k="local_y" v="151.4164"/>
    <tag k="ele" v="1.5922"/>
  </node>
  <node id="43218" lat="-5.41606359351" lon="53.38835015471">
    <tag k="local_x" v="-366.1819"/>
    <tag k="local_y" v="152.1365"/>
    <tag k="ele" v="1.5922"/>
  </node>
  <node id="43220" lat="-5.41605988508" lon="53.38833785147">
    <tag k="local_x" v="-367.55"/>
    <tag k="local_y" v="152.5391"/>
    <tag k="ele" v="1.5922"/>
  </node>
  <node id="43222" lat="-5.41608576715" lon="53.38840912138">
    <tag k="local_x" v="-359.622"/>
    <tag k="local_y" v="149.7196"/>
    <tag k="ele" v="1.5922"/>
  </node>
  <node id="43224" lat="-5.41606798582" lon="53.38840093425">
    <tag k="local_x" v="-360.5425"/>
    <tag k="local_y" v="151.6836"/>
    <tag k="ele" v="1.5922"/>
  </node>
  <node id="43226" lat="-5.41605189998" lon="53.38838819287">
    <tag k="local_x" v="-361.9674"/>
    <tag k="local_y" v="153.4568"/>
    <tag k="ele" v="1.5922"/>
  </node>
  <node id="43228" lat="-5.41603935966" lon="53.38837196194">
    <tag k="local_x" v="-363.7773"/>
    <tag k="local_y" v="154.835"/>
    <tag k="ele" v="1.5922"/>
  </node>
  <node id="43230" lat="-5.4160311028" lon="53.38835319742">
    <tag k="local_x" v="-365.8656"/>
    <tag k="local_y" v="155.7371"/>
    <tag k="ele" v="1.5922"/>
  </node>
  <node id="43232" lat="-5.41602769242" lon="53.38833395544">
    <tag k="local_x" v="-368.0037"/>
    <tag k="local_y" v="156.1021"/>
    <tag k="ele" v="1.5922"/>
  </node>
  <node id="43236" lat="-5.41615026336" lon="53.38841824792">
    <tag k="local_x" v="-358.5664"/>
    <tag k="local_y" v="142.5822"/>
    <tag k="ele" v="6.7122"/>
  </node>
  <node id="43237" lat="-5.41611286602" lon="53.38841486932">
    <tag k="local_x" v="-358.9661"/>
    <tag k="local_y" v="146.722"/>
    <tag k="ele" v="1.8078"/>
  </node>
  <node id="43239" lat="-5.41615311313" lon="53.38838684523">
    <tag k="local_x" v="-362.0502"/>
    <tag k="local_y" v="142.2458"/>
    <tag k="ele" v="6.7122"/>
  </node>
  <node id="43240" lat="-5.41611571669" lon="53.38838346663">
    <tag k="local_x" v="-362.4499"/>
    <tag k="local_y" v="146.3855"/>
    <tag k="ele" v="1.8078"/>
  </node>
  <node id="43243" lat="-5.41618473622" lon="53.3883859257">
    <tag k="local_x" v="-362.1314"/>
    <tag k="local_y" v="138.7427"/>
    <tag k="ele" v="1.5086"/>
  </node>
  <node id="43244" lat="-5.41618790481" lon="53.38841729441">
    <tag k="local_x" v="-358.6474"/>
    <tag k="local_y" v="138.4125"/>
    <tag k="ele" v="1.5086"/>
  </node>
  <node id="43256" lat="-5.41627348209" lon="53.38838012692">
    <tag k="local_x" v="-362.7165"/>
    <tag k="local_y" v="128.9096"/>
    <tag k="ele" v="1.6428"/>
  </node>
  <node id="43257" lat="-5.41627423026" lon="53.38840941001">
    <tag k="local_x" v="-359.4656"/>
    <tag k="local_y" v="128.8461"/>
    <tag k="ele" v="1.6428"/>
  </node>
  <node id="43280" lat="-5.41631000837" lon="53.38838112059">
    <tag k="local_x" v="-362.5821"/>
    <tag k="local_y" v="124.8647"/>
    <tag k="ele" v="0.1447"/>
  </node>
  <node id="43281" lat="-5.41629058607" lon="53.38838011623">
    <tag k="local_x" v="-362.7064"/>
    <tag k="local_y" v="127.0152"/>
    <tag k="ele" v="0.1447"/>
  </node>
  <node id="43284" lat="-5.41631048941" lon="53.38840800436">
    <tag k="local_x" v="-359.5977"/>
    <tag k="local_y" v="124.8292"/>
    <tag k="ele" v="0.1447"/>
  </node>
  <node id="43285" lat="-5.41629100784" lon="53.38840811117">
    <tag k="local_x" v="-359.5987"/>
    <tag k="local_y" v="126.987"/>
    <tag k="ele" v="0.1447"/>
  </node>
  <node id="43310" lat="-5.41654587788" lon="53.3884379763">
    <tag k="local_x" v="-356.1155"/>
    <tag k="local_y" v="98.778"/>
    <tag k="ele" v="1.8136"/>
  </node>
  <node id="43311" lat="-5.41655387958" lon="53.38840901865">
    <tag k="local_x" v="-359.3245"/>
    <tag k="local_y" v="97.8726"/>
    <tag k="ele" v="1.8136"/>
  </node>
  <node id="43312" lat="-5.41653165757" lon="53.38843328154">
    <tag k="local_x" v="-356.646"/>
    <tag k="local_y" v="100.3499"/>
    <tag k="ele" v="1.8085"/>
  </node>
  <node id="43313" lat="-5.4165354795" lon="53.38840426225">
    <tag k="local_x" v="-359.8646"/>
    <tag k="local_y" v="99.9074"/>
    <tag k="ele" v="1.8085"/>
  </node>
  <node id="43314" lat="-5.41651654502" lon="53.38842946055">
    <tag k="local_x" v="-357.0801"/>
    <tag k="local_y" v="102.0212"/>
    <tag k="ele" v="1.7943"/>
  </node>
  <node id="43315" lat="-5.41651766739" lon="53.3883998411">
    <tag k="local_x" v="-360.3671"/>
    <tag k="local_y" v="101.8773"/>
    <tag k="ele" v="1.7943"/>
  </node>
  <node id="43322" lat="-5.41650223546" lon="53.38839696616">
    <tag k="local_x" v="-360.6964"/>
    <tag k="local_y" v="103.5846"/>
    <tag k="ele" v="1.7733"/>
  </node>
  <node id="43324" lat="-5.41648359367" lon="53.38839391751">
    <tag k="local_x" v="-361.0471"/>
    <tag k="local_y" v="105.6473"/>
    <tag k="ele" v="1.7733"/>
  </node>
  <node id="43325" lat="-5.41649903657" lon="53.38842569525">
    <tag k="local_x" v="-357.5096"/>
    <tag k="local_y" v="103.9579"/>
    <tag k="ele" v="1.7733"/>
  </node>
  <node id="43326" lat="-5.4164793461" lon="53.38842151229">
    <tag k="local_x" v="-357.9869"/>
    <tag k="local_y" v="106.136"/>
    <tag k="ele" v="1.7733"/>
  </node>
  <node id="43470" lat="-5.41855664623" lon="53.38644900213">
    <tag k="local_x" v="-575.5627"/>
    <tag k="local_y" v="-125.2458"/>
    <tag k="ele" v="1.2835"/>
  </node>
  <node id="43471" lat="-5.41858299446" lon="53.38644986156">
    <tag k="local_x" v="-575.4499"/>
    <tag k="local_y" v="-128.1635"/>
    <tag k="ele" v="1.2761"/>
  </node>
  <node id="43473" lat="-5.41855442521" lon="53.38647680563">
    <tag k="local_x" v="-572.478"/>
    <tag k="local_y" v="-124.9814"/>
    <tag k="ele" v="1.2835"/>
  </node>
  <node id="43474" lat="-5.41858639709" lon="53.38647896764">
    <tag k="local_x" v="-572.2169"/>
    <tag k="local_y" v="-128.5211"/>
    <tag k="ele" v="1.2761"/>
  </node>
  <node id="43815" lat="-5.41647052573" lon="53.3898954426">
    <tag k="local_x" v="-194.3875"/>
    <tag k="local_y" v="108.0875"/>
    <tag k="ele" v="1.7418"/>
  </node>
  <node id="43817" lat="-5.41647158315" lon="53.38986052615">
    <tag k="local_x" v="-198.2625"/>
    <tag k="local_y" v="107.9473"/>
    <tag k="ele" v="1.7418"/>
  </node>
  <node id="43846" lat="-5.41644567452" lon="53.38839054923">
    <tag k="local_x" v="-361.446"/>
    <tag k="local_y" v="109.8449"/>
    <tag k="ele" v="0.1255"/>
  </node>
  <node id="43847" lat="-5.41644389098" lon="53.38841634376">
    <tag k="local_x" v="-358.584"/>
    <tag k="local_y" v="110.0595"/>
    <tag k="ele" v="0.1255"/>
  </node>
  <node id="43855" lat="-5.41591368864" lon="53.39152810102">
    <tag k="local_x" v="-13.531"/>
    <tag k="local_y" v="170.8402"/>
    <tag k="ele" v="2.0814"/>
  </node>
  <node id="43873" lat="-5.41703143578" lon="53.3899498312">
    <tag k="local_x" v="-187.9804"/>
    <tag k="local_y" v="45.9986"/>
    <tag k="ele" v="1.8837"/>
  </node>
  <node id="43874" lat="-5.41703770009" lon="53.38992414421">
    <tag k="local_x" v="-190.8275"/>
    <tag k="local_y" v="45.2878"/>
    <tag k="ele" v="1.8837"/>
  </node>
  <node id="43885" lat="-5.41723720475" lon="53.38996511379">
    <tag k="local_x" v="-186.1483"/>
    <tag k="local_y" v="23.2183"/>
    <tag k="ele" v="1.8737"/>
  </node>
  <node id="43886" lat="-5.41723000106" lon="53.38993991405">
    <tag k="local_x" v="-188.9502"/>
    <tag k="local_y" v="23.9995"/>
    <tag k="ele" v="1.8737"/>
  </node>
  <node id="43895" lat="-5.4165048564" lon="53.38849296553">
    <tag k="local_x" v="-350.0388"/>
    <tag k="local_y" v="103.3578"/>
    <tag k="ele" v="1.8108"/>
  </node>
  <node id="43896" lat="-5.41651625705" lon="53.38849116171">
    <tag k="local_x" v="-350.2315"/>
    <tag k="local_y" v="102.0939"/>
    <tag k="ele" v="1.8107"/>
  </node>
  <node id="43897" lat="-5.41653094207" lon="53.38848855277">
    <tag k="local_x" v="-350.5114"/>
    <tag k="local_y" v="100.4657"/>
    <tag k="ele" v="1.8107"/>
  </node>
  <node id="43898" lat="-5.41654301903" lon="53.38848479176">
    <tag k="local_x" v="-350.9209"/>
    <tag k="local_y" v="99.1256"/>
    <tag k="ele" v="1.8107"/>
  </node>
  <node id="43899" lat="-5.41655172492" lon="53.38848198323">
    <tag k="local_x" v="-351.2269"/>
    <tag k="local_y" v="98.1595"/>
    <tag k="ele" v="1.8107"/>
  </node>
  <node id="43900" lat="-5.41656150646" lon="53.38848013498">
    <tag k="local_x" v="-351.4256"/>
    <tag k="local_y" v="97.0749"/>
    <tag k="ele" v="1.8107"/>
  </node>
  <node id="43901" lat="-5.41656957339" lon="53.38847979062">
    <tag k="local_x" v="-351.4585"/>
    <tag k="local_y" v="96.1812"/>
    <tag k="ele" v="1.8107"/>
  </node>
  <node id="43903" lat="-5.41650699048" lon="53.3884667536">
    <tag k="local_x" v="-352.9469"/>
    <tag k="local_y" v="103.1041"/>
    <tag k="ele" v="1.8108"/>
  </node>
  <node id="43904" lat="-5.41651846111" lon="53.38846427008">
    <tag k="local_x" v="-353.215"/>
    <tag k="local_y" v="101.832"/>
    <tag k="ele" v="1.8107"/>
  </node>
  <node id="43905" lat="-5.41652750774" lon="53.38846061267">
    <tag k="local_x" v="-353.615"/>
    <tag k="local_y" v="100.8276"/>
    <tag k="ele" v="1.8107"/>
  </node>
  <node id="43906" lat="-5.41653885936" lon="53.38845679651">
    <tag k="local_x" v="-354.0311"/>
    <tag k="local_y" v="99.5678"/>
    <tag k="ele" v="1.8107"/>
  </node>
  <node id="43907" lat="-5.41654956189" lon="53.38845359953">
    <tag k="local_x" v="-354.3789"/>
    <tag k="local_y" v="98.3803"/>
    <tag k="ele" v="1.8107"/>
  </node>
  <node id="43908" lat="-5.41656003425" lon="53.3884517715">
    <tag k="local_x" v="-354.5749"/>
    <tag k="local_y" v="97.2192"/>
    <tag k="ele" v="1.8107"/>
  </node>
  <node id="43909" lat="-5.41656966487" lon="53.38845141334">
    <tag k="local_x" v="-354.6083"/>
    <tag k="local_y" v="96.1523"/>
    <tag k="ele" v="1.8107"/>
  </node>
  <node id="43921" lat="-5.4166025587" lon="53.38848503509">
    <tag k="local_x" v="-350.8546"/>
    <tag k="local_y" v="92.5313"/>
    <tag k="ele" v="1.8108"/>
  </node>
  <node id="43922" lat="-5.41660900279" lon="53.38849007069">
    <tag k="local_x" v="-350.2914"/>
    <tag k="local_y" v="91.8209"/>
    <tag k="ele" v="1.8108"/>
  </node>
  <node id="43924" lat="-5.41661367341" lon="53.3884968844">
    <tag k="local_x" v="-349.532"/>
    <tag k="local_y" v="91.3081"/>
    <tag k="ele" v="1.8108"/>
  </node>
  <node id="43925" lat="-5.41661717462" lon="53.3885056321">
    <tag k="local_x" v="-348.5587"/>
    <tag k="local_y" v="90.9261"/>
    <tag k="ele" v="1.8108"/>
  </node>
  <node id="43926" lat="-5.41661851821" lon="53.38852152691">
    <tag k="local_x" v="-346.7935"/>
    <tag k="local_y" v="90.7878"/>
    <tag k="ele" v="1.8108"/>
  </node>
  <node id="43927" lat="-5.41660928634" lon="53.38845499942">
    <tag k="local_x" v="-354.1841"/>
    <tag k="local_y" v="91.7663"/>
    <tag k="ele" v="1.8108"/>
  </node>
  <node id="43928" lat="-5.416621558" lon="53.3884584427">
    <tag k="local_x" v="-353.7938"/>
    <tag k="local_y" v="90.4094"/>
    <tag k="ele" v="1.8108"/>
  </node>
  <node id="43929" lat="-5.41663239248" lon="53.38846403688">
    <tag k="local_x" v="-353.1657"/>
    <tag k="local_y" v="89.2131"/>
    <tag k="ele" v="1.8108"/>
  </node>
  <node id="43930" lat="-5.41664217591" lon="53.38847671843">
    <tag k="local_x" v="-351.7516"/>
    <tag k="local_y" v="88.1379"/>
    <tag k="ele" v="1.8108"/>
  </node>
  <node id="43931" lat="-5.4166472497" lon="53.3884954073">
    <tag k="local_x" v="-349.6738"/>
    <tag k="local_y" v="87.5883"/>
    <tag k="ele" v="1.8108"/>
  </node>
  <node id="43932" lat="-5.41664804759" lon="53.38851850089">
    <tag k="local_x" v="-347.1099"/>
    <tag k="local_y" v="87.5152"/>
    <tag k="ele" v="1.8108"/>
  </node>
  <node id="44176" lat="-5.41817234107" lon="53.3863927336">
    <tag k="local_x" v="-582.0623"/>
    <tag k="local_y" v="-82.7183"/>
    <tag k="ele" v="1.1497"/>
  </node>
  <node id="44177" lat="-5.41814359507" lon="53.38639040554">
    <tag k="local_x" v="-582.3397"/>
    <tag k="local_y" v="-79.536"/>
    <tag k="ele" v="0.9774"/>
  </node>
  <node id="44179" lat="-5.41817489708" lon="53.38636130649">
    <tag k="local_x" v="-585.549"/>
    <tag k="local_y" v="-83.0222"/>
    <tag k="ele" v="1.1497"/>
  </node>
  <node id="44180" lat="-5.41814615198" lon="53.38635897842">
    <tag k="local_x" v="-585.8264"/>
    <tag k="local_y" v="-79.84"/>
    <tag k="ele" v="0.9774"/>
  </node>
  <node id="44221" lat="-5.41818954203" lon="53.38636151845">
    <tag k="local_x" v="-585.5158"/>
    <tag k="local_y" v="-84.6441"/>
    <tag k="ele" v="1.246"/>
  </node>
  <node id="44231" lat="-5.41820989702" lon="53.386390784">
    <tag k="local_x" v="-582.2539"/>
    <tag k="local_y" v="-86.8792"/>
    <tag k="ele" v="1.246"/>
  </node>
  <node id="44233" lat="-5.41819118383" lon="53.38639300617">
    <tag k="local_x" v="-582.0196"/>
    <tag k="local_y" v="-84.8051"/>
    <tag k="ele" v="1.246"/>
  </node>
  <node id="44262" lat="-5.41687771157" lon="53.38626692212">
    <tag k="local_x" v="-596.8823"/>
    <tag k="local_y" v="60.5886"/>
    <tag k="ele" v="1.3357"/>
  </node>
  <node id="44263" lat="-5.41687555507" lon="53.38629223505">
    <tag k="local_x" v="-594.074"/>
    <tag k="local_y" v="60.8442"/>
    <tag k="ele" v="1.3357"/>
  </node>
  <node id="44315" lat="-5.41661683723" lon="53.38854711093">
    <tag k="local_x" v="-343.9548"/>
    <tag k="local_y" v="90.9909"/>
    <tag k="ele" v="1.7551"/>
  </node>
  <node id="44316" lat="-5.41664613117" lon="53.38854956112">
    <tag k="local_x" v="-343.6635"/>
    <tag k="local_y" v="87.748"/>
    <tag k="ele" v="1.7608"/>
  </node>
  <node id="44334" lat="-5.41659426384" lon="53.38848168168">
    <tag k="local_x" v="-351.2323"/>
    <tag k="local_y" v="93.4478"/>
    <tag k="ele" v="1.811"/>
  </node>
  <node id="44335" lat="-5.41659586554" lon="53.38845280172">
    <tag k="local_x" v="-354.4369"/>
    <tag k="local_y" v="93.2513"/>
    <tag k="ele" v="1.811"/>
  </node>
  <node id="44341" lat="-5.41657901273" lon="53.38848036063">
    <tag k="local_x" v="-351.389"/>
    <tag k="local_y" v="95.1361"/>
    <tag k="ele" v="1.8112"/>
  </node>
  <node id="44342" lat="-5.41658086512" lon="53.38845158009">
    <tag k="local_x" v="-354.5824"/>
    <tag k="local_y" v="94.9119"/>
    <tag k="ele" v="1.8112"/>
  </node>
  <node id="44369" lat="-5.41668956886" lon="53.38840689662">
    <tag k="local_x" v="-359.4705"/>
    <tag k="local_y" v="82.8426"/>
    <tag k="ele" v="1.7517"/>
  </node>
  <node id="44370" lat="-5.41665957413" lon="53.38840351006">
    <tag k="local_x" v="-359.8662"/>
    <tag k="local_y" v="86.1625"/>
    <tag k="ele" v="1.7315"/>
  </node>
  <node id="44441" lat="-5.4160205303" lon="53.38838528024">
    <tag k="local_x" v="-362.3114"/>
    <tag k="local_y" v="156.9293"/>
    <tag k="ele" v="1.7151"/>
  </node>
  <node id="44442" lat="-5.41600540847" lon="53.38840954413">
    <tag k="local_x" v="-359.6281"/>
    <tag k="local_y" v="158.6202"/>
    <tag k="ele" v="1.7151"/>
  </node>
  <node id="44448" lat="-5.41614225766" lon="53.38846664981">
    <tag k="local_x" v="-353.1991"/>
    <tag k="local_y" v="143.5009"/>
    <tag k="ele" v="0.0506"/>
  </node>
  <node id="44449" lat="-5.4161443751" lon="53.38843628932">
    <tag k="local_x" v="-356.5677"/>
    <tag k="local_y" v="143.2463"/>
    <tag k="ele" v="0.0506"/>
  </node>
  <node id="44456" lat="-5.41608439251" lon="53.38845440905">
    <tag k="local_x" v="-354.596"/>
    <tag k="local_y" v="149.9018"/>
    <tag k="ele" v="1.7203"/>
  </node>
  <node id="44458" lat="-5.41609635803" lon="53.38845950641">
    <tag k="local_x" v="-354.0223"/>
    <tag k="local_y" v="148.5799"/>
    <tag k="ele" v="1.7203"/>
  </node>
  <node id="44459" lat="-5.41610995415" lon="53.38846354453">
    <tag k="local_x" v="-353.5651"/>
    <tag k="local_y" v="147.0767"/>
    <tag k="ele" v="1.7203"/>
  </node>
  <node id="44463" lat="-5.41609364616" lon="53.38842614759">
    <tag k="local_x" v="-357.7269"/>
    <tag k="local_y" v="148.8582"/>
    <tag k="ele" v="1.7203"/>
  </node>
  <node id="44465" lat="-5.41610941298" lon="53.38843203317">
    <tag k="local_x" v="-357.0632"/>
    <tag k="local_y" v="147.1158"/>
    <tag k="ele" v="1.7203"/>
  </node>
  <node id="44470" lat="-5.41606493871" lon="53.38844389491">
    <tag k="local_x" v="-355.7759"/>
    <tag k="local_y" v="152.0495"/>
    <tag k="ele" v="1.7177"/>
  </node>
  <node id="44471" lat="-5.4160792304" lon="53.38841926389">
    <tag k="local_x" v="-358.5005"/>
    <tag k="local_y" v="150.4503"/>
    <tag k="ele" v="1.7177"/>
  </node>
  <node id="44477" lat="-5.4160890211" lon="53.38850983316">
    <tag k="local_x" v="-348.4409"/>
    <tag k="local_y" v="149.4258"/>
    <tag k="ele" v="1.8196"/>
  </node>
  <node id="44478" lat="-5.4160572565" lon="53.38850746522">
    <tag k="local_x" v="-348.7247"/>
    <tag k="local_y" v="152.9424"/>
    <tag k="ele" v="1.8196"/>
  </node>
  <node id="44484" lat="-5.41608728155" lon="53.38852182645">
    <tag k="local_x" v="-347.1108"/>
    <tag k="local_y" v="149.6264"/>
    <tag k="ele" v="1.8179"/>
  </node>
  <node id="44485" lat="-5.4160562302" lon="53.38851960832">
    <tag k="local_x" v="-347.3775"/>
    <tag k="local_y" v="153.0641"/>
    <tag k="ele" v="1.8179"/>
  </node>
  <node id="44491" lat="-5.41609103879" lon="53.38849981211">
    <tag k="local_x" v="-349.5519"/>
    <tag k="local_y" v="149.1957"/>
    <tag k="ele" v="1.8212"/>
  </node>
  <node id="44492" lat="-5.41609564852" lon="53.38848856393">
    <tag k="local_x" v="-350.7974"/>
    <tag k="local_y" v="148.6777"/>
    <tag k="ele" v="1.8212"/>
  </node>
  <node id="44493" lat="-5.41610410937" lon="53.3884781334">
    <tag k="local_x" v="-351.9496"/>
    <tag k="local_y" v="147.7337"/>
    <tag k="ele" v="1.8212"/>
  </node>
  <node id="44496" lat="-5.41611313827" lon="53.38847075086">
    <tag k="local_x" v="-352.7631"/>
    <tag k="local_y" v="146.7288"/>
    <tag k="ele" v="1.8212"/>
  </node>
  <node id="44499" lat="-5.41605938367" lon="53.38849037772">
    <tag k="local_x" v="-350.62"/>
    <tag k="local_y" v="152.6955"/>
    <tag k="ele" v="1.8212"/>
  </node>
  <node id="44500" lat="-5.41606298186" lon="53.38847650491">
    <tag k="local_x" v="-352.1575"/>
    <tag k="local_y" v="152.2878"/>
    <tag k="ele" v="1.8212"/>
  </node>
  <node id="44501" lat="-5.41606987852" lon="53.38846388817">
    <tag k="local_x" v="-353.5534"/>
    <tag k="local_y" v="151.5156"/>
    <tag k="ele" v="1.8212"/>
  </node>
  <node id="44502" lat="-5.41607727335" lon="53.38845501444">
    <tag k="local_x" v="-354.5335"/>
    <tag k="local_y" v="150.6907"/>
    <tag k="ele" v="1.8212"/>
  </node>
  <node id="44503" lat="-5.41608608236" lon="53.38844754852">
    <tag k="local_x" v="-355.3564"/>
    <tag k="local_y" v="149.7101"/>
    <tag k="ele" v="1.8212"/>
  </node>
  <node id="44504" lat="-5.41609604141" lon="53.38844171091">
    <tag k="local_x" v="-355.9978"/>
    <tag k="local_y" v="148.6032"/>
    <tag k="ele" v="1.8212"/>
  </node>
  <node id="44505" lat="-5.4161068518" lon="53.38843767455">
    <tag k="local_x" v="-356.4387"/>
    <tag k="local_y" v="147.4032"/>
    <tag k="ele" v="1.8212"/>
  </node>
  <node id="44506" lat="-5.41611688477" lon="53.38843574823">
    <tag k="local_x" v="-356.6459"/>
    <tag k="local_y" v="146.2907"/>
    <tag k="ele" v="1.8212"/>
  </node>
  <node id="44531" lat="-5.41607260459" lon="53.38863678455">
    <tag k="local_x" v="-334.3602"/>
    <tag k="local_y" v="151.328"/>
    <tag k="ele" v="1.8393"/>
  </node>
  <node id="44532" lat="-5.41606365412" lon="53.38861435566">
    <tag k="local_x" v="-336.8557"/>
    <tag k="local_y" v="152.3045"/>
    <tag k="ele" v="1.827"/>
  </node>
  <node id="44534" lat="-5.41610196323" lon="53.38862512078">
    <tag k="local_x" v="-335.6355"/>
    <tag k="local_y" v="148.0686"/>
    <tag k="ele" v="1.8393"/>
  </node>
  <node id="44535" lat="-5.41609301275" lon="53.38860269099">
    <tag k="local_x" v="-338.1311"/>
    <tag k="local_y" v="149.0451"/>
    <tag k="ele" v="1.827"/>
  </node>
  <node id="44548" lat="-5.41608822143" lon="53.38858806084">
    <tag k="local_x" v="-339.7582"/>
    <tag k="local_y" v="149.5661"/>
    <tag k="ele" v="1.827"/>
  </node>
  <node id="44550" lat="-5.41608535925" lon="53.38857292642">
    <tag k="local_x" v="-341.44"/>
    <tag k="local_y" v="149.8731"/>
    <tag k="ele" v="1.827"/>
  </node>
  <node id="44552" lat="-5.41608452213" lon="53.38855702231">
    <tag k="local_x" v="-343.2059"/>
    <tag k="local_y" v="149.9553"/>
    <tag k="ele" v="1.827"/>
  </node>
  <node id="44554" lat="-5.41605766885" lon="53.38859573619">
    <tag k="local_x" v="-338.9264"/>
    <tag k="local_y" v="152.9551"/>
    <tag k="ele" v="1.827"/>
  </node>
  <node id="44556" lat="-5.41605424492" lon="53.38857649158">
    <tag k="local_x" v="-341.0648"/>
    <tag k="local_y" v="153.3216"/>
    <tag k="ele" v="1.827"/>
  </node>
  <node id="44558" lat="-5.41605339473" lon="53.38855749113">
    <tag k="local_x" v="-343.1744"/>
    <tag k="local_y" v="153.4032"/>
    <tag k="ele" v="1.827"/>
  </node>
  <node id="44562" lat="-5.41601577436" lon="53.38848273331">
    <tag k="local_x" v="-351.4973"/>
    <tag k="local_y" v="157.5205"/>
    <tag k="ele" v="1.8089"/>
  </node>
  <node id="44565" lat="-5.41604729691" lon="53.38848493512">
    <tag k="local_x" v="-351.2321"/>
    <tag k="local_y" v="154.0306"/>
    <tag k="ele" v="1.8089"/>
  </node>
  <node id="44664" lat="-5.4160493871" lon="53.38845681445">
    <tag k="local_x" v="-354.3521"/>
    <tag k="local_y" v="153.7805"/>
    <tag k="ele" v="1.7501"/>
  </node>
  <node id="44665" lat="-5.41601787451" lon="53.38845446663">
    <tag k="local_x" v="-354.6335"/>
    <tag k="local_y" v="157.2692"/>
    <tag k="ele" v="1.7501"/>
  </node>
  <node id="44686" lat="-5.41605284233" lon="53.38852228253">
    <tag k="local_x" v="-347.0829"/>
    <tag k="local_y" v="153.4411"/>
    <tag k="ele" v="1.3099"/>
  </node>
  <node id="44687" lat="-5.41605028436" lon="53.38851454904">
    <tag k="local_x" v="-347.943"/>
    <tag k="local_y" v="153.7193"/>
    <tag k="ele" v="1.3099"/>
  </node>
  <node id="44688" lat="-5.41604857972" lon="53.38850728707">
    <tag k="local_x" v="-348.7502"/>
    <tag k="local_y" v="153.9033"/>
    <tag k="ele" v="1.3099"/>
  </node>
  <node id="44689" lat="-5.41604751268" lon="53.38849990419">
    <tag k="local_x" v="-349.5704"/>
    <tag k="local_y" v="154.0166"/>
    <tag k="ele" v="1.3099"/>
  </node>
  <node id="44690" lat="-5.41604706868" lon="53.38849177345">
    <tag k="local_x" v="-350.4732"/>
    <tag k="local_y" v="154.0604"/>
    <tag k="ele" v="1.3099"/>
  </node>
  <node id="44691" lat="-5.41602281634" lon="53.38853210971">
    <tag k="local_x" v="-346.0119"/>
    <tag k="local_y" v="156.7732"/>
    <tag k="ele" v="1.3099"/>
  </node>
  <node id="44692" lat="-5.4160198596" lon="53.38852306598">
    <tag k="local_x" v="-347.0177"/>
    <tag k="local_y" v="157.0947"/>
    <tag k="ele" v="1.3099"/>
  </node>
  <node id="44693" lat="-5.41601752869" lon="53.38851313745">
    <tag k="local_x" v="-348.1213"/>
    <tag k="local_y" v="157.3463"/>
    <tag k="ele" v="1.3099"/>
  </node>
  <node id="44694" lat="-5.41601607078" lon="53.38850304426">
    <tag k="local_x" v="-349.2426"/>
    <tag k="local_y" v="157.5011"/>
    <tag k="ele" v="1.3099"/>
  </node>
  <node id="44695" lat="-5.41601551931" lon="53.38849354749">
    <tag k="local_x" v="-350.2971"/>
    <tag k="local_y" v="157.5559"/>
    <tag k="ele" v="1.3099"/>
  </node>
  <node id="44738" lat="-5.4161429116" lon="53.38979115091">
    <tag k="local_x" v="-206.1799"/>
    <tag k="local_y" v="144.3042"/>
    <tag k="ele" v="1.9169"/>
  </node>
  <node id="44739" lat="-5.41614088392" lon="53.38981674601">
    <tag k="local_x" v="-203.3402"/>
    <tag k="local_y" v="144.5457"/>
    <tag k="ele" v="1.9169"/>
  </node>
  <node id="44846" lat="-5.41601242444" lon="53.38973336199">
    <tag k="local_x" v="-212.6805"/>
    <tag k="local_y" v="158.7184"/>
    <tag k="ele" v="1.085"/>
  </node>
  <node id="44847" lat="-5.41598835698" lon="53.38974176452">
    <tag k="local_x" v="-211.7637"/>
    <tag k="local_y" v="161.3896"/>
    <tag k="ele" v="1.085"/>
  </node>
  <node id="44855" lat="-5.41704973403" lon="53.38767546787">
    <tag k="local_x" v="-440.4209"/>
    <tag k="local_y" v="42.4678"/>
    <tag k="ele" v="1.634"/>
  </node>
  <node id="44856" lat="-5.41706059437" lon="53.38768055377">
    <tag k="local_x" v="-439.8492"/>
    <tag k="local_y" v="41.2683"/>
    <tag k="ele" v="1.6324"/>
  </node>
  <node id="44858" lat="-5.41706890307" lon="53.38768713052">
    <tag k="local_x" v="-439.1137"/>
    <tag k="local_y" v="40.3524"/>
    <tag k="ele" v="1.6313"/>
  </node>
  <node id="44860" lat="-5.4170715419" lon="53.38769177071">
    <tag k="local_x" v="-438.5969"/>
    <tag k="local_y" v="40.0632"/>
    <tag k="ele" v="1.6313"/>
  </node>
  <node id="44862" lat="-5.41706844632" lon="53.38769621707">
    <tag k="local_x" v="-438.1054"/>
    <tag k="local_y" v="40.409"/>
    <tag k="ele" v="1.6262"/>
  </node>
  <node id="44864" lat="-5.41706232774" lon="53.38769715617">
    <tag k="local_x" v="-438.0052"/>
    <tag k="local_y" v="41.0873"/>
    <tag k="ele" v="1.6919"/>
  </node>
  <node id="44865" lat="-5.417053061" lon="53.387649902">
    <tag k="local_x" v="-443.2565"/>
    <tag k="local_y" v="42.0824"/>
    <tag k="ele" v="1.634"/>
  </node>
  <node id="44866" lat="-5.4170659981" lon="53.3876527458">
    <tag k="local_x" v="-442.9323"/>
    <tag k="local_y" v="40.6514"/>
    <tag k="ele" v="1.6324"/>
  </node>
  <node id="44867" lat="-5.41707815442" lon="53.38765637983">
    <tag k="local_x" v="-442.5209"/>
    <tag k="local_y" v="39.3074"/>
    <tag k="ele" v="1.6313"/>
  </node>
  <node id="44868" lat="-5.41708826188" lon="53.38766178642">
    <tag k="local_x" v="-441.9141"/>
    <tag k="local_y" v="38.1915"/>
    <tag k="ele" v="1.6313"/>
  </node>
  <node id="44870" lat="-5.4170959357" lon="53.3876671273">
    <tag k="local_x" v="-441.3162"/>
    <tag k="local_y" v="37.3451"/>
    <tag k="ele" v="1.6313"/>
  </node>
  <node id="44872" lat="-5.41710350219" lon="53.38767475442">
    <tag k="local_x" v="-440.4646"/>
    <tag k="local_y" v="36.5121"/>
    <tag k="ele" v="1.6313"/>
  </node>
  <node id="44874" lat="-5.41711049493" lon="53.38768472911">
    <tag k="local_x" v="-439.3528"/>
    <tag k="local_y" v="35.7442"/>
    <tag k="ele" v="1.6313"/>
  </node>
  <node id="44876" lat="-5.41711257665" lon="53.38769797987">
    <tag k="local_x" v="-437.8806"/>
    <tag k="local_y" v="35.5224"/>
    <tag k="ele" v="1.6262"/>
  </node>
  <node id="44878" lat="-5.41710936424" lon="53.38771279545">
    <tag k="local_x" v="-436.2382"/>
    <tag k="local_y" v="35.888"/>
    <tag k="ele" v="1.6262"/>
  </node>
  <node id="44880" lat="-5.4170986786" lon="53.38772652845">
    <tag k="local_x" v="-434.7209"/>
    <tag k="local_y" v="37.0806"/>
    <tag k="ele" v="1.6262"/>
  </node>
  <node id="44882" lat="-5.41708308052" lon="53.3877328699">
    <tag k="local_x" v="-434.0273"/>
    <tag k="local_y" v="38.8124"/>
    <tag k="ele" v="1.6262"/>
  </node>
  <node id="44883" lat="-5.41706750543" lon="53.38773368865">
    <tag k="local_x" v="-433.9467"/>
    <tag k="local_y" v="40.538"/>
    <tag k="ele" v="1.6919"/>
  </node>
  <node id="44884" lat="-5.41705372526" lon="53.38769535777">
    <tag k="local_x" v="-438.2105"/>
    <tag k="local_y" v="42.0389"/>
    <tag k="ele" v="1.7026"/>
  </node>
  <node id="44886" lat="-5.41703539196" lon="53.38768953703">
    <tag k="local_x" v="-438.8687"/>
    <tag k="local_y" v="44.0656"/>
    <tag k="ele" v="1.7106"/>
  </node>
  <node id="44887" lat="-5.41701741616" lon="53.38768491958">
    <tag k="local_x" v="-439.3931"/>
    <tag k="local_y" v="46.0535"/>
    <tag k="ele" v="1.7132"/>
  </node>
  <node id="44888" lat="-5.41704854482" lon="53.38773046986">
    <tag k="local_x" v="-434.3165"/>
    <tag k="local_y" v="42.6359"/>
    <tag k="ele" v="1.7026"/>
  </node>
  <node id="44889" lat="-5.41703040349" lon="53.38772534708">
    <tag k="local_x" v="-434.8971"/>
    <tag k="local_y" v="44.6418"/>
    <tag k="ele" v="1.7079"/>
  </node>
  <node id="44890" lat="-5.41701725541" lon="53.38771862253">
    <tag k="local_x" v="-435.6522"/>
    <tag k="local_y" v="46.0936"/>
    <tag k="ele" v="1.7106"/>
  </node>
  <node id="44898" lat="-5.41703584924" lon="53.38767282971">
    <tag k="local_x" v="-440.7229"/>
    <tag k="local_y" v="44.0039"/>
    <tag k="ele" v="1.6425"/>
  </node>
  <node id="44899" lat="-5.41703868464" lon="53.38764795145">
    <tag k="local_x" v="-443.4825"/>
    <tag k="local_y" v="43.6734"/>
    <tag k="ele" v="1.6425"/>
  </node>
  <node id="44930" lat="-5.41705885164" lon="53.38715513153">
    <tag k="local_x" v="-498.1719"/>
    <tag k="local_y" v="41.1137"/>
    <tag k="ele" v="1.634"/>
  </node>
  <node id="44931" lat="-5.41706421368" lon="53.38715843569">
    <tag k="local_x" v="-497.8016"/>
    <tag k="local_y" v="40.522"/>
    <tag k="ele" v="1.6324"/>
  </node>
  <node id="44932" lat="-5.41706372275" lon="53.38716406747">
    <tag k="local_x" v="-497.1768"/>
    <tag k="local_y" v="40.5801"/>
    <tag k="ele" v="1.6313"/>
  </node>
  <node id="44933" lat="-5.41705629378" lon="53.38716631167">
    <tag k="local_x" v="-496.9326"/>
    <tag k="local_y" v="41.4044"/>
    <tag k="ele" v="1.6313"/>
  </node>
  <node id="44939" lat="-5.41704922706" lon="53.38716798524">
    <tag k="local_x" v="-496.7515"/>
    <tag k="local_y" v="42.1882"/>
    <tag k="ele" v="1.6919"/>
  </node>
  <node id="44940" lat="-5.41707454722" lon="53.38713156148">
    <tag k="local_x" v="-500.7778"/>
    <tag k="local_y" v="39.3597"/>
    <tag k="ele" v="1.634"/>
  </node>
  <node id="44942" lat="-5.41709052241" lon="53.38713575297">
    <tag k="local_x" v="-500.302"/>
    <tag k="local_y" v="37.5931"/>
    <tag k="ele" v="1.6313"/>
  </node>
  <node id="44945" lat="-5.41710596545" lon="53.38714260439">
    <tag k="local_x" v="-499.5313"/>
    <tag k="local_y" v="35.8872"/>
    <tag k="ele" v="1.6313"/>
  </node>
  <node id="44947" lat="-5.41711588936" lon="53.38715189767">
    <tag k="local_x" v="-498.4932"/>
    <tag k="local_y" v="34.7942"/>
    <tag k="ele" v="1.6313"/>
  </node>
  <node id="44949" lat="-5.41712377909" lon="53.38716239764">
    <tag k="local_x" v="-497.3225"/>
    <tag k="local_y" v="33.9273"/>
    <tag k="ele" v="1.6313"/>
  </node>
  <node id="44951" lat="-5.41712498217" lon="53.38717788967">
    <tag k="local_x" v="-495.6021"/>
    <tag k="local_y" v="33.8043"/>
    <tag k="ele" v="1.6262"/>
  </node>
  <node id="44954" lat="-5.41711843257" lon="53.38719010347">
    <tag k="local_x" v="-494.2507"/>
    <tag k="local_y" v="34.5378"/>
    <tag k="ele" v="1.6262"/>
  </node>
  <node id="44956" lat="-5.41711037673" lon="53.38719955684">
    <tag k="local_x" v="-493.2067"/>
    <tag k="local_y" v="35.4363"/>
    <tag k="ele" v="1.6262"/>
  </node>
  <node id="44957" lat="-5.41709443285" lon="53.38720378052">
    <tag k="local_x" v="-492.7484"/>
    <tag k="local_y" v="37.205"/>
    <tag k="ele" v="1.6262"/>
  </node>
  <node id="44958" lat="-5.41707309571" lon="53.38720370562">
    <tag k="local_x" v="-492.7708"/>
    <tag k="local_y" v="39.5682"/>
    <tag k="ele" v="1.6919"/>
  </node>
  <node id="44996" lat="-5.41705024968" lon="53.38715341962">
    <tag k="local_x" v="-498.3676"/>
    <tag k="local_y" v="42.0653"/>
    <tag k="ele" v="1.6278"/>
  </node>
  <node id="44999" lat="-5.41705815445" lon="53.38712895536">
    <tag k="local_x" v="-501.0779"/>
    <tag k="local_y" v="41.1736"/>
    <tag k="ele" v="1.6278"/>
  </node>
  <node id="45013" lat="-5.41703886223" lon="53.3871678595">
    <tag k="local_x" v="-496.7723"/>
    <tag k="local_y" v="43.3361"/>
    <tag k="ele" v="1.646"/>
  </node>
  <node id="45014" lat="-5.41705147987" lon="53.38720201526">
    <tag k="local_x" v="-492.9727"/>
    <tag k="local_y" v="41.9612"/>
    <tag k="ele" v="1.646"/>
  </node>
  <node id="45027" lat="-5.41697678115" lon="53.3871479836">
    <tag k="local_x" v="-499.0195"/>
    <tag k="local_y" v="50.1989"/>
    <tag k="ele" v="1.6189"/>
  </node>
  <node id="45028" lat="-5.41697851507" lon="53.38712371731">
    <tag k="local_x" v="-501.7119"/>
    <tag k="local_y" v="49.9908"/>
    <tag k="ele" v="1.6189"/>
  </node>
  <node id="45088" lat="-5.41674820456" lon="53.38675851523">
    <tag k="local_x" v="-542.4012"/>
    <tag k="local_y" v="75.2578"/>
    <tag k="ele" v="1.3733"/>
  </node>
  <node id="45089" lat="-5.41674558052" lon="53.38678839043">
    <tag k="local_x" v="-539.0868"/>
    <tag k="local_y" v="75.5682"/>
    <tag k="ele" v="1.3748"/>
  </node>
  <node id="45091" lat="-5.41674908698" lon="53.38680118674">
    <tag k="local_x" v="-537.6641"/>
    <tag k="local_y" v="75.1883"/>
    <tag k="ele" v="1.3748"/>
  </node>
  <node id="45093" lat="-5.41675915893" lon="53.38681153138">
    <tag k="local_x" v="-536.5092"/>
    <tag k="local_y" v="74.0796"/>
    <tag k="ele" v="1.3748"/>
  </node>
  <node id="45095" lat="-5.41677224049" lon="53.38681679594">
    <tag k="local_x" v="-535.9162"/>
    <tag k="local_y" v="72.6342"/>
    <tag k="ele" v="1.3748"/>
  </node>
  <node id="45097" lat="-5.41678388504" lon="53.38681758433">
    <tag k="local_x" v="-535.821"/>
    <tag k="local_y" v="71.345"/>
    <tag k="ele" v="1.3702"/>
  </node>
  <node id="45099" lat="-5.4167956476" lon="53.3868148549">
    <tag k="local_x" v="-536.1162"/>
    <tag k="local_y" v="70.0404"/>
    <tag k="ele" v="1.3702"/>
  </node>
  <node id="45101" lat="-5.41680730581" lon="53.38680992067">
    <tag k="local_x" v="-536.6562"/>
    <tag k="local_y" v="68.7459"/>
    <tag k="ele" v="1.3702"/>
  </node>
  <node id="45102" lat="-5.41681303035" lon="53.38680272262">
    <tag k="local_x" v="-537.4514"/>
    <tag k="local_y" v="68.1071"/>
    <tag k="ele" v="1.3702"/>
  </node>
  <node id="45104" lat="-5.41681624219" lon="53.38679174311">
    <tag k="local_x" v="-538.668"/>
    <tag k="local_y" v="67.7441"/>
    <tag k="ele" v="1.3702"/>
  </node>
  <node id="45105" lat="-5.41681907588" lon="53.38676431893">
    <tag k="local_x" v="-541.7102"/>
    <tag k="local_y" v="67.4121"/>
    <tag k="ele" v="1.4739"/>
  </node>
  <node id="45106" lat="-5.41678284889" lon="53.38673301176">
    <tag k="local_x" v="-545.2092"/>
    <tag k="local_y" v="71.4038"/>
    <tag k="ele" v="1.3733"/>
  </node>
  <node id="45107" lat="-5.41678430329" lon="53.38673948782">
    <tag k="local_x" v="-544.4894"/>
    <tag k="local_y" v="71.247"/>
    <tag k="ele" v="1.3748"/>
  </node>
  <node id="45112" lat="-5.41678761248" lon="53.38673951588">
    <tag k="local_x" v="-544.4841"/>
    <tag k="local_y" v="70.8805"/>
    <tag k="ele" v="1.3702"/>
  </node>
  <node id="45113" lat="-5.41679007658" lon="53.38673259128">
    <tag k="local_x" v="-545.2511"/>
    <tag k="local_y" v="70.603"/>
    <tag k="ele" v="1.4739"/>
  </node>
  <node id="45187" lat="-5.41675607855" lon="53.38667585634">
    <tag k="local_x" v="-551.5711"/>
    <tag k="local_y" v="74.331"/>
    <tag k="ele" v="1.3705"/>
  </node>
  <node id="45188" lat="-5.41678293549" lon="53.38667768668">
    <tag k="local_x" v="-551.3502"/>
    <tag k="local_y" v="71.3576"/>
    <tag k="ele" v="1.3705"/>
  </node>
  <node id="45200" lat="-5.41623591979" lon="53.3869070195">
    <tag k="local_x" v="-526.2555"/>
    <tag k="local_y" v="132.0955"/>
    <tag k="ele" v="2.9298"/>
  </node>
  <node id="45201" lat="-5.41623553166" lon="53.38689282897">
    <tag k="local_x" v="-527.8309"/>
    <tag k="local_y" v="132.1291"/>
    <tag k="ele" v="2.9298"/>
  </node>
  <node id="45202" lat="-5.41623438324" lon="53.38687862584">
    <tag k="local_x" v="-529.4082"/>
    <tag k="local_y" v="132.2469"/>
    <tag k="ele" v="2.9298"/>
  </node>
  <node id="45203" lat="-5.41623201904" lon="53.38686766329">
    <tag k="local_x" v="-530.6266"/>
    <tag k="local_y" v="132.5015"/>
    <tag k="ele" v="2.9298"/>
  </node>
  <node id="45204" lat="-5.4162245962" lon="53.38684901728">
    <tag k="local_x" v="-532.7012"/>
    <tag k="local_y" v="133.3113"/>
    <tag k="ele" v="2.3669"/>
  </node>
  <node id="45205" lat="-5.41621524353" lon="53.38691253168">
    <tag k="local_x" v="-525.6573"/>
    <tag k="local_y" v="134.3892"/>
    <tag k="ele" v="2.9298"/>
  </node>
  <node id="45206" lat="-5.4162142133" lon="53.3868993729">
    <tag k="local_x" v="-527.1186"/>
    <tag k="local_y" v="134.4946"/>
    <tag k="ele" v="2.9298"/>
  </node>
  <node id="45207" lat="-5.41621194012" lon="53.38688717196">
    <tag k="local_x" v="-528.4744"/>
    <tag k="local_y" v="134.7383"/>
    <tag k="ele" v="2.9298"/>
  </node>
  <node id="45208" lat="-5.41620786582" lon="53.38687453579">
    <tag k="local_x" v="-529.8797"/>
    <tag k="local_y" v="135.1812"/>
    <tag k="ele" v="2.9298"/>
  </node>
  <node id="45209" lat="-5.41620143035" lon="53.38685870013">
    <tag k="local_x" v="-531.6417"/>
    <tag k="local_y" v="135.8835"/>
    <tag k="ele" v="2.3669"/>
  </node>
  <node id="45278" lat="-5.41672163141" lon="53.38709951172">
    <tag k="local_x" v="-504.5683"/>
    <tag k="local_y" v="78.4266"/>
    <tag k="ele" v="1.4571"/>
  </node>
  <node id="45279" lat="-5.41674684312" lon="53.38710145818">
    <tag k="local_x" v="-504.3356"/>
    <tag k="local_y" v="75.6355"/>
    <tag k="ele" v="1.4545"/>
  </node>
  <node id="45353" lat="-5.41824062977" lon="53.38944614618">
    <tag k="local_x" v="-243.0911"/>
    <tag k="local_y" v="-88.2615"/>
    <tag k="ele" v="1.784"/>
  </node>
  <node id="45354" lat="-5.41821538941" lon="53.38944425027">
    <tag k="local_x" v="-243.3182"/>
    <tag k="local_y" v="-85.4672"/>
    <tag k="ele" v="1.7916"/>
  </node>
  <node id="45410" lat="-5.41771991493" lon="53.39009132611">
    <tag k="local_x" v="-171.8204"/>
    <tag k="local_y" v="-30.1619"/>
    <tag k="ele" v="2.0511"/>
  </node>
  <node id="45411" lat="-5.41769456958" lon="53.39009090107">
    <tag k="local_x" v="-171.8843"/>
    <tag k="local_y" v="-27.355"/>
    <tag k="ele" v="2.0511"/>
  </node>
  <node id="45454" lat="-5.41825400114" lon="53.38926845507">
    <tag k="local_x" v="-262.8058"/>
    <tag k="local_y" v="-89.86"/>
    <tag k="ele" v="1.7737"/>
  </node>
  <node id="45455" lat="-5.41822840895" lon="53.38926660722">
    <tag k="local_x" v="-263.0278"/>
    <tag k="local_y" v="-87.0267"/>
    <tag k="ele" v="1.7784"/>
  </node>
  <node id="45548" lat="-5.41873263198" lon="53.38643355207">
    <tag k="local_x" v="-577.1614"/>
    <tag k="local_y" v="-144.7478"/>
    <tag k="ele" v="1.2154"/>
  </node>
  <node id="45549" lat="-5.41868687129" lon="53.38642970454">
    <tag k="local_x" v="-577.6187"/>
    <tag k="local_y" v="-139.682"/>
    <tag k="ele" v="1.2154"/>
  </node>
  <node id="45652" lat="-5.41873395514" lon="53.38641504857">
    <tag k="local_x" v="-579.2144"/>
    <tag k="local_y" v="-144.9066"/>
    <tag k="ele" v="1.2206"/>
  </node>
  <node id="45653" lat="-5.41868819447" lon="53.38641120194">
    <tag k="local_x" v="-579.6716"/>
    <tag k="local_y" v="-139.8408"/>
    <tag k="ele" v="1.2206"/>
  </node>
  <node id="45768" lat="-5.41664031945" lon="53.3879565878">
    <tag k="local_x" v="-409.487"/>
    <tag k="local_y" v="87.9995"/>
    <tag k="ele" v="1.754"/>
  </node>
  <node id="45769" lat="-5.41662609086" lon="53.38814841038">
    <tag k="local_x" v="-388.2042"/>
    <tag k="local_y" v="89.7023"/>
    <tag k="ele" v="2.8294"/>
  </node>
  <node id="45770" lat="-5.41666552976" lon="53.38795844962">
    <tag k="local_x" v="-409.2637"/>
    <tag k="local_y" v="85.2085"/>
    <tag k="ele" v="1.7619"/>
  </node>
  <node id="45771" lat="-5.41665130028" lon="53.38815027222">
    <tag k="local_x" v="-387.9809"/>
    <tag k="local_y" v="86.9114"/>
    <tag k="ele" v="1.8082"/>
  </node>
  <node id="45872" lat="-5.41662829838" lon="53.38828992598">
    <tag k="local_x" v="-372.4946"/>
    <tag k="local_y" v="89.5514"/>
    <tag k="ele" v="1.777"/>
  </node>
  <node id="45874" lat="-5.41665901018" lon="53.38829258754">
    <tag k="local_x" v="-372.1789"/>
    <tag k="local_y" v="86.1516"/>
    <tag k="ele" v="1.7892"/>
  </node>
  <node id="45896" lat="-5.41665934456" lon="53.38807537983">
    <tag k="local_x" v="-396.2886"/>
    <tag k="local_y" v="85.9709"/>
    <tag k="ele" v="1.754"/>
  </node>
  <node id="45898" lat="-5.41668689992" lon="53.3880794043">
    <tag k="local_x" v="-395.8237"/>
    <tag k="local_y" v="82.9216"/>
    <tag k="ele" v="1.7619"/>
  </node>
  <node id="45903" lat="-5.41665359897" lon="53.38815283784">
    <tag k="local_x" v="-387.6946"/>
    <tag k="local_y" v="86.6585"/>
    <tag k="ele" v="2.2917"/>
  </node>
  <node id="45904" lat="-5.41668115434" lon="53.38815686322">
    <tag k="local_x" v="-387.2296"/>
    <tag k="local_y" v="83.6092"/>
    <tag k="ele" v="1.7851"/>
  </node>
  <node id="46035" lat="-5.41667238442" lon="53.38821970761">
    <tag k="local_x" v="-380.2597"/>
    <tag k="local_y" v="84.6221"/>
    <tag k="ele" v="1.8393"/>
  </node>
  <node id="46037" lat="-5.41664662778" lon="53.38821057601">
    <tag k="local_x" v="-381.2903"/>
    <tag k="local_y" v="87.4688"/>
    <tag k="ele" v="1.8359"/>
  </node>
  <node id="46041" lat="-5.41665233475" lon="53.38817835541">
    <tag k="local_x" v="-384.863"/>
    <tag k="local_y" v="86.8154"/>
    <tag k="ele" v="2.1435"/>
  </node>
  <node id="46042" lat="-5.41665044925" lon="53.38819327391">
    <tag k="local_x" v="-383.2083"/>
    <tag k="local_y" v="87.0341"/>
    <tag k="ele" v="2.1435"/>
  </node>
  <node id="46043" lat="-5.41667877503" lon="53.38818373517">
    <tag k="local_x" v="-384.2484"/>
    <tag k="local_y" v="83.8905"/>
    <tag k="ele" v="2.1435"/>
  </node>
  <node id="46044" lat="-5.41667657692" lon="53.38820118798">
    <tag k="local_x" v="-382.3126"/>
    <tag k="local_y" v="84.1455"/>
    <tag k="ele" v="2.1435"/>
  </node>
  <node id="46049" lat="-5.41664081844" lon="53.38822913138">
    <tag k="local_x" v="-379.2345"/>
    <tag k="local_y" v="88.1245"/>
    <tag k="ele" v="1.8402"/>
  </node>
  <node id="46051" lat="-5.41663598898" lon="53.38824621694">
    <tag k="local_x" v="-377.3412"/>
    <tag k="local_y" v="88.6707"/>
    <tag k="ele" v="1.8402"/>
  </node>
  <node id="46053" lat="-5.41663209195" lon="53.38826356724">
    <tag k="local_x" v="-375.4179"/>
    <tag k="local_y" v="89.1138"/>
    <tag k="ele" v="1.8402"/>
  </node>
  <node id="46055" lat="-5.41662916556" lon="53.38828092528">
    <tag k="local_x" v="-373.4931"/>
    <tag k="local_y" v="89.4494"/>
    <tag k="ele" v="1.8402"/>
  </node>
  <node id="46057" lat="-5.41666742251" lon="53.38823653721">
    <tag k="local_x" v="-378.3949"/>
    <tag k="local_y" v="85.1828"/>
    <tag k="ele" v="1.8402"/>
  </node>
  <node id="46059" lat="-5.41666400053" lon="53.38825239908">
    <tag k="local_x" v="-376.6365"/>
    <tag k="local_y" v="85.5723"/>
    <tag k="ele" v="1.8402"/>
  </node>
  <node id="46061" lat="-5.41666145424" lon="53.38826839449">
    <tag k="local_x" v="-374.8627"/>
    <tag k="local_y" v="85.8649"/>
    <tag k="ele" v="1.8402"/>
  </node>
  <node id="46088" lat="-5.41694377596" lon="53.39164226191">
    <tag k="local_x" v="-0.1801"/>
    <tag k="local_y" v="56.8262"/>
    <tag k="ele" v="2.0071"/>
  </node>
  <node id="46089" lat="-5.41694581453" lon="53.39161666667">
    <tag k="local_x" v="-3.0198"/>
    <tag k="local_y" v="56.5835"/>
    <tag k="ele" v="2.0071"/>
  </node>
  <node id="46401" lat="-5.41796506383" lon="53.38921050576">
    <tag k="local_x" v="-269.4288"/>
    <tag k="local_y" v="-57.8964"/>
    <tag k="ele" v="1.7736"/>
  </node>
  <node id="46403" lat="-5.41794985612" lon="53.38921222141">
    <tag k="local_x" v="-269.2484"/>
    <tag k="local_y" v="-56.2109"/>
    <tag k="ele" v="1.7736"/>
  </node>
  <node id="46405" lat="-5.41793454921" lon="53.38921289801">
    <tag k="local_x" v="-269.1834"/>
    <tag k="local_y" v="-54.5151"/>
    <tag k="ele" v="1.7736"/>
  </node>
  <node id="46408" lat="-5.4179685585" lon="53.38923705819">
    <tag k="local_x" v="-266.4792"/>
    <tag k="local_y" v="-58.2659"/>
    <tag k="ele" v="1.7736"/>
  </node>
  <node id="46410" lat="-5.4179514953" lon="53.38923845695">
    <tag k="local_x" v="-266.3352"/>
    <tag k="local_y" v="-56.3751"/>
    <tag k="ele" v="1.7736"/>
  </node>
  <node id="46412" lat="-5.41793439264" lon="53.38923869016">
    <tag k="local_x" v="-266.3206"/>
    <tag k="local_y" v="-54.4807"/>
    <tag k="ele" v="1.7736"/>
  </node>
  <node id="46421" lat="-5.41828913745" lon="53.3888395548">
    <tag k="local_x" v="-310.3901"/>
    <tag k="local_y" v="-94.0353"/>
    <tag k="ele" v="1.7628"/>
  </node>
  <node id="46422" lat="-5.4182639631" lon="53.38883767204">
    <tag k="local_x" v="-310.6157"/>
    <tag k="local_y" v="-91.2483"/>
    <tag k="ele" v="1.7742"/>
  </node>
  <node id="46431" lat="-5.41830304227" lon="53.38865068483">
    <tag k="local_x" v="-331.3453"/>
    <tag k="local_y" v="-95.7003"/>
    <tag k="ele" v="1.7694"/>
  </node>
  <node id="46432" lat="-5.41830154923" lon="53.388641063">
    <tag k="local_x" v="-332.4143"/>
    <tag k="local_y" v="-95.5413"/>
    <tag k="ele" v="1.7694"/>
  </node>
  <node id="46433" lat="-5.41829797982" lon="53.38863072467">
    <tag k="local_x" v="-333.5642"/>
    <tag k="local_y" v="-95.1528"/>
    <tag k="ele" v="1.7694"/>
  </node>
  <node id="46434" lat="-5.41829258732" lon="53.38862111161">
    <tag k="local_x" v="-334.6348"/>
    <tag k="local_y" v="-94.5619"/>
    <tag k="ele" v="1.7694"/>
  </node>
  <node id="46435" lat="-5.4182855181" lon="53.38861254276">
    <tag k="local_x" v="-335.5906"/>
    <tag k="local_y" v="-93.7846"/>
    <tag k="ele" v="1.7694"/>
  </node>
  <node id="46436" lat="-5.41827697433" lon="53.38860530882">
    <tag k="local_x" v="-336.3992"/>
    <tag k="local_y" v="-92.8431"/>
    <tag k="ele" v="1.7694"/>
  </node>
  <node id="46437" lat="-5.41826720762" lon="53.38859966235">
    <tag k="local_x" v="-337.0324"/>
    <tag k="local_y" v="-91.7651"/>
    <tag k="ele" v="1.7694"/>
  </node>
  <node id="46438" lat="-5.41825672377" lon="53.38859639133">
    <tag k="local_x" v="-337.4024"/>
    <tag k="local_y" v="-90.6061"/>
    <tag k="ele" v="1.7694"/>
  </node>
  <node id="46439" lat="-5.41827573234" lon="53.38865177788">
    <tag k="local_x" v="-331.242"/>
    <tag k="local_y" v="-92.6748"/>
    <tag k="ele" v="1.7694"/>
  </node>
  <node id="46440" lat="-5.41827004778" lon="53.38864315034">
    <tag k="local_x" v="-332.2034"/>
    <tag k="local_y" v="-92.0509"/>
    <tag k="ele" v="1.7694"/>
  </node>
  <node id="46441" lat="-5.41826097885" lon="53.38863536367">
    <tag k="local_x" v="-333.0737"/>
    <tag k="local_y" v="-91.0516"/>
    <tag k="ele" v="1.7694"/>
  </node>
  <node id="46444" lat="-5.41824990003" lon="53.38863073581">
    <tag k="local_x" v="-333.5947"/>
    <tag k="local_y" v="-89.8276"/>
    <tag k="ele" v="1.7694"/>
  </node>
  <node id="46445" lat="-5.41823784603" lon="53.38862851378">
    <tag k="local_x" v="-333.8493"/>
    <tag k="local_y" v="-88.494"/>
    <tag k="ele" v="1.7694"/>
  </node>
  <node id="46446" lat="-5.41822465476" lon="53.38862710753">
    <tag k="local_x" v="-334.0141"/>
    <tag k="local_y" v="-87.0339"/>
    <tag k="ele" v="1.7694"/>
  </node>
  <node id="46495" lat="-5.41754601165" lon="53.3885605046">
    <tag k="local_x" v="-341.8549"/>
    <tag k="local_y" v="-11.9132"/>
    <tag k="ele" v="1.7616"/>
  </node>
  <node id="46499" lat="-5.41754456906" lon="53.38858578634">
    <tag k="local_x" v="-339.0496"/>
    <tag k="local_y" v="-11.7367"/>
    <tag k="ele" v="1.7688"/>
  </node>
  <node id="46524" lat="-5.41673879521" lon="53.38797749336">
    <tag k="local_x" v="-407.1015"/>
    <tag k="local_y" v="77.1064"/>
    <tag k="ele" v="1.8452"/>
  </node>
  <node id="46528" lat="-5.41671366406" lon="53.38797558332">
    <tag k="local_x" v="-407.3301"/>
    <tag k="local_y" v="79.8886"/>
    <tag k="ele" v="1.8498"/>
  </node>
  <node id="46532" lat="-5.416716429" lon="53.38827090999">
    <tag k="local_x" v="-374.5472"/>
    <tag k="local_y" v="79.7777"/>
    <tag k="ele" v="1.859"/>
  </node>
  <node id="46533" lat="-5.41669125178" lon="53.38826899751">
    <tag k="local_x" v="-374.7761"/>
    <tag k="local_y" v="82.565"/>
    <tag k="ele" v="1.8637"/>
  </node>
  <node id="46546" lat="-5.41669491249" lon="53.38837914576">
    <tag k="local_x" v="-362.5473"/>
    <tag k="local_y" v="82.2324"/>
    <tag k="ele" v="1.7455"/>
  </node>
  <node id="46547" lat="-5.41666603377" lon="53.38837153543">
    <tag k="local_x" v="-363.4111"/>
    <tag k="local_y" v="85.4259"/>
    <tag k="ele" v="1.7281"/>
  </node>
  <node id="46553" lat="-5.41670878794" lon="53.38832714855">
    <tag k="local_x" v="-368.3098"/>
    <tag k="local_y" v="80.6612"/>
    <tag k="ele" v="1.7076"/>
  </node>
  <node id="46555" lat="-5.41668316893" lon="53.38832050173">
    <tag k="local_x" v="-369.0645"/>
    <tag k="local_y" v="83.4943"/>
    <tag k="ele" v="1.7076"/>
  </node>
  <node id="46655" lat="-5.41861950163" lon="53.38647984633">
    <tag k="local_x" v="-572.0975"/>
    <tag k="local_y" v="-132.1871"/>
    <tag k="ele" v="1.2695"/>
  </node>
  <node id="46656" lat="-5.41862038174" lon="53.38645156522">
    <tag k="local_x" v="-575.2361"/>
    <tag k="local_y" v="-132.3033"/>
    <tag k="ele" v="1.2695"/>
  </node>
  <node id="46703" lat="-5.41656013742" lon="53.39005252925">
    <tag k="local_x" v="-176.8919"/>
    <tag k="local_y" v="98.2662"/>
    <tag k="ele" v="1.7471"/>
  </node>
  <node id="46704" lat="-5.41653179695" lon="53.3900578049">
    <tag k="local_x" v="-176.325"/>
    <tag k="local_y" v="101.4086"/>
    <tag k="ele" v="1.7471"/>
  </node>
  <node id="46755" lat="-5.41650539956" lon="53.39071999305">
    <tag k="local_x" v="-102.8401"/>
    <tag k="local_y" v="104.77"/>
    <tag k="ele" v="1.9906"/>
  </node>
  <node id="46756" lat="-5.41648100898" lon="53.39073643719">
    <tag k="local_x" v="-101.0309"/>
    <tag k="local_y" v="107.4823"/>
    <tag k="ele" v="1.9906"/>
  </node>
  <node id="46775" lat="-5.41648452185" lon="53.39088589142">
    <tag k="local_x" v="-84.4393"/>
    <tag k="local_y" v="107.192"/>
    <tag k="ele" v="1.9846"/>
  </node>
  <node id="46776" lat="-5.41646255331" lon="53.39086717133">
    <tag k="local_x" v="-86.5317"/>
    <tag k="local_y" v="109.6128"/>
    <tag k="ele" v="1.9852"/>
  </node>
  <node id="46791" lat="-5.41651170919" lon="53.39080992386">
    <tag k="local_x" v="-92.8537"/>
    <tag k="local_y" v="104.1306"/>
    <tag k="ele" v="1.9883"/>
  </node>
  <node id="46792" lat="-5.41648665096" lon="53.39080798984">
    <tag k="local_x" v="-93.0849"/>
    <tag k="local_y" v="106.9047"/>
    <tag k="ele" v="1.9891"/>
  </node>
  <node id="46922" lat="-5.4167406057" lon="53.38779566629">
    <tag k="local_x" v="-427.283"/>
    <tag k="local_y" v="76.7856"/>
    <tag k="ele" v="1.7282"/>
  </node>
  <node id="46923" lat="-5.41671514024" lon="53.3877937141">
    <tag k="local_x" v="-427.5165"/>
    <tag k="local_y" v="79.6048"/>
    <tag k="ele" v="1.7293"/>
  </node>
  <node id="46929" lat="-5.41674172392" lon="53.38785062029">
    <tag k="local_x" v="-421.1824"/>
    <tag k="local_y" v="76.6981"/>
    <tag k="ele" v="1.7282"/>
  </node>
  <node id="46930" lat="-5.41673995143" lon="53.387843338">
    <tag k="local_x" v="-421.9919"/>
    <tag k="local_y" v="76.8896"/>
    <tag k="ele" v="1.7282"/>
  </node>
  <node id="46931" lat="-5.41673884039" lon="53.38783644998">
    <tag k="local_x" v="-422.7572"/>
    <tag k="local_y" v="77.0081"/>
    <tag k="ele" v="1.7282"/>
  </node>
  <node id="46932" lat="-5.41673827113" lon="53.38782896774">
    <tag k="local_x" v="-423.5881"/>
    <tag k="local_y" v="77.0662"/>
    <tag k="ele" v="1.7282"/>
  </node>
  <node id="46933" lat="-5.41671519115" lon="53.38785605647">
    <tag k="local_x" v="-420.5965"/>
    <tag k="local_y" v="79.6404"/>
    <tag k="ele" v="1.7282"/>
  </node>
  <node id="46934" lat="-5.41671373144" lon="53.38784762997">
    <tag k="local_x" v="-421.5328"/>
    <tag k="local_y" v="79.7965"/>
    <tag k="ele" v="1.7282"/>
  </node>
  <node id="46935" lat="-5.41671287396" lon="53.38783860169">
    <tag k="local_x" v="-422.5355"/>
    <tag k="local_y" v="79.8855"/>
    <tag k="ele" v="1.7282"/>
  </node>
  <node id="46936" lat="-5.41671275344" lon="53.38783006272">
    <tag k="local_x" v="-423.4834"/>
    <tag k="local_y" v="79.8932"/>
    <tag k="ele" v="1.7282"/>
  </node>
  <node id="46951" lat="-5.41674194081" lon="53.38793606902">
    <tag k="local_x" v="-411.6975"/>
    <tag k="local_y" v="76.7306"/>
    <tag k="ele" v="1.847"/>
  </node>
  <node id="46952" lat="-5.41671680161" lon="53.38793417165">
    <tag k="local_x" v="-411.9247"/>
    <tag k="local_y" v="79.5137"/>
    <tag k="ele" v="1.8516"/>
  </node>
  <node id="46978" lat="-5.41853892223" lon="53.38634300237">
    <tag k="local_x" v="-587.3403"/>
    <tag k="local_y" v="-123.3529"/>
    <tag k="ele" v="2.4035"/>
  </node>
  <node id="46980" lat="-5.41853670768" lon="53.3863744554">
    <tag k="local_x" v="-583.8505"/>
    <tag k="local_y" v="-123.0868"/>
    <tag k="ele" v="2.4035"/>
  </node>
  <node id="47026" lat="-5.41820658648" lon="53.3863591071">
    <tag k="local_x" v="-585.7722"/>
    <tag k="local_y" v="-86.5335"/>
    <tag k="ele" v="1.246"/>
  </node>
  <node id="47040" lat="-5.41834995595" lon="53.3863297565">
    <tag k="local_x" v="-588.9354"/>
    <tag k="local_y" v="-102.4322"/>
    <tag k="ele" v="2.2172"/>
  </node>
  <node id="47041" lat="-5.41834774139" lon="53.38636120952">
    <tag k="local_x" v="-585.4456"/>
    <tag k="local_y" v="-102.1661"/>
    <tag k="ele" v="2.2172"/>
  </node>
  <node id="47065" lat="-5.41656377616" lon="53.39012728386">
    <tag k="local_x" v="-168.5918"/>
    <tag k="local_y" v="97.9126"/>
    <tag k="ele" v="1.9382"/>
  </node>
  <node id="47067" lat="-5.41656453392" lon="53.39010871886">
    <tag k="local_x" v="-170.652"/>
    <tag k="local_y" v="97.8164"/>
    <tag k="ele" v="1.9382"/>
  </node>
  <node id="47069" lat="-5.41656422316" lon="53.39008993228">
    <tag k="local_x" v="-172.7375"/>
    <tag k="local_y" v="97.8384"/>
    <tag k="ele" v="1.9382"/>
  </node>
  <node id="47071" lat="-5.4165628345" lon="53.39007116741">
    <tag k="local_x" v="-174.8213"/>
    <tag k="local_y" v="97.9798"/>
    <tag k="ele" v="1.9382"/>
  </node>
  <node id="47073" lat="-5.41653826358" lon="53.39012652285">
    <tag k="local_x" v="-168.6931"/>
    <tag k="local_y" v="100.7378"/>
    <tag k="ele" v="1.9382"/>
  </node>
  <node id="47075" lat="-5.41653806818" lon="53.39010906262">
    <tag k="local_x" v="-170.6313"/>
    <tag k="local_y" v="100.7479"/>
    <tag k="ele" v="1.9382"/>
  </node>
  <node id="47077" lat="-5.41653687838" lon="53.39009184974">
    <tag k="local_x" v="-172.5427"/>
    <tag k="local_y" v="100.8683"/>
    <tag k="ele" v="1.9382"/>
  </node>
  <node id="47079" lat="-5.41653470699" lon="53.39007476071">
    <tag k="local_x" v="-174.441"/>
    <tag k="local_y" v="101.0975"/>
    <tag k="ele" v="1.9382"/>
  </node>
  <node id="47084" lat="-5.41651517305" lon="53.39075522265">
    <tag k="local_x" v="-98.9232"/>
    <tag k="local_y" v="103.7108"/>
    <tag k="ele" v="2.0023"/>
  </node>
  <node id="47085" lat="-5.41651482709" lon="53.39074672284">
    <tag k="local_x" v="-99.8669"/>
    <tag k="local_y" v="103.7435"/>
    <tag k="ele" v="2.0023"/>
  </node>
  <node id="47086" lat="-5.41651314922" lon="53.39073743904">
    <tag k="local_x" v="-100.8985"/>
    <tag k="local_y" v="103.9232"/>
    <tag k="ele" v="2.0023"/>
  </node>
  <node id="47087" lat="-5.4165106175" lon="53.39072925942">
    <tag k="local_x" v="-101.8081"/>
    <tag k="local_y" v="104.1982"/>
    <tag k="ele" v="2.0023"/>
  </node>
  <node id="47088" lat="-5.41649026193" lon="53.39075827158">
    <tag k="local_x" v="-98.6012"/>
    <tag k="local_y" v="106.4719"/>
    <tag k="ele" v="2.0023"/>
  </node>
  <node id="47089" lat="-5.41648875273" lon="53.3907516832">
    <tag k="local_x" v="-99.3335"/>
    <tag k="local_y" v="106.6347"/>
    <tag k="ele" v="2.0023"/>
  </node>
  <node id="47090" lat="-5.41648659046" lon="53.39074625546">
    <tag k="local_x" v="-99.9374"/>
    <tag k="local_y" v="106.8706"/>
    <tag k="ele" v="2.0023"/>
  </node>
  <node id="47091" lat="-5.41648336452" lon="53.39074036016">
    <tag k="local_x" v="-100.5939"/>
    <tag k="local_y" v="107.224"/>
    <tag k="ele" v="2.0023"/>
  </node>
  <node id="47095" lat="-5.4164907243" lon="53.39087797252">
    <tag k="local_x" v="-85.3142"/>
    <tag k="local_y" v="106.4998"/>
    <tag k="ele" v="1.9849"/>
  </node>
  <node id="47096" lat="-5.41649540021" lon="53.39087039243">
    <tag k="local_x" v="-86.1525"/>
    <tag k="local_y" v="105.9769"/>
    <tag k="ele" v="1.9849"/>
  </node>
  <node id="47097" lat="-5.41649973994" lon="53.39086200261">
    <tag k="local_x" v="-87.0809"/>
    <tag k="local_y" v="105.4907"/>
    <tag k="ele" v="1.9849"/>
  </node>
  <node id="47098" lat="-5.41650339534" lon="53.39085332046">
    <tag k="local_x" v="-88.0422"/>
    <tag k="local_y" v="105.0801"/>
    <tag k="ele" v="1.9849"/>
  </node>
  <node id="47099" lat="-5.4165063478" lon="53.39084440195">
    <tag k="local_x" v="-89.0302"/>
    <tag k="local_y" v="104.7472"/>
    <tag k="ele" v="1.9849"/>
  </node>
  <node id="47100" lat="-5.41650858229" lon="53.39083530301">
    <tag k="local_x" v="-90.0387"/>
    <tag k="local_y" v="104.4937"/>
    <tag k="ele" v="1.9849"/>
  </node>
  <node id="47101" lat="-5.41651000365" lon="53.39082656567">
    <tag k="local_x" v="-91.0076"/>
    <tag k="local_y" v="104.3305"/>
    <tag k="ele" v="1.9849"/>
  </node>
  <node id="47102" lat="-5.41646668821" lon="53.39086198096">
    <tag k="local_x" v="-87.1051"/>
    <tag k="local_y" v="109.1514"/>
    <tag k="ele" v="1.9849"/>
  </node>
  <node id="47103" lat="-5.41647128689" lon="53.39085568151">
    <tag k="local_x" v="-87.8013"/>
    <tag k="local_y" v="108.6379"/>
    <tag k="ele" v="1.9849"/>
  </node>
  <node id="47104" lat="-5.41647510173" lon="53.39084950925">
    <tag k="local_x" v="-88.4839"/>
    <tag k="local_y" v="108.2113"/>
    <tag k="ele" v="1.9849"/>
  </node>
  <node id="47105" lat="-5.41647842812" lon="53.39084303448">
    <tag k="local_x" v="-89.2004"/>
    <tag k="local_y" v="107.8386"/>
    <tag k="ele" v="1.9849"/>
  </node>
  <node id="47106" lat="-5.41648124371" lon="53.39083629607">
    <tag k="local_x" v="-89.9465"/>
    <tag k="local_y" v="107.5223"/>
    <tag k="ele" v="1.9849"/>
  </node>
  <node id="47107" lat="-5.41648352707" lon="53.3908293338">
    <tag k="local_x" v="-90.7178"/>
    <tag k="local_y" v="107.2648"/>
    <tag k="ele" v="1.9849"/>
  </node>
  <node id="47108" lat="-5.41648534689" lon="53.39082170581">
    <tag k="local_x" v="-91.5633"/>
    <tag k="local_y" v="107.0582"/>
    <tag k="ele" v="1.9849"/>
  </node>
  <node id="47179" lat="-5.41760176326" lon="53.38918857358">
    <tag k="local_x" v="-272.103"/>
    <tag k="local_y" v="-17.6727"/>
    <tag k="ele" v="1.7269"/>
  </node>
  <node id="47188" lat="-5.41759961755" lon="53.38921404781">
    <tag k="local_x" v="-269.2768"/>
    <tag k="local_y" v="-17.4182"/>
    <tag k="ele" v="1.7269"/>
  </node>
  <node id="47266" lat="-5.4174053199" lon="53.38913875815">
    <tag k="local_x" v="-277.7621"/>
    <tag k="local_y" v="4.0519"/>
    <tag k="ele" v="2.1426"/>
  </node>
  <node id="47268" lat="-5.41738754319" lon="53.38913890798">
    <tag k="local_x" v="-277.7572"/>
    <tag k="local_y" v="6.0209"/>
    <tag k="ele" v="2.1426"/>
  </node>
  <node id="47269" lat="-5.41736974411" lon="53.38914377869">
    <tag k="local_x" v="-277.2283"/>
    <tag k="local_y" v="7.9955"/>
    <tag k="ele" v="2.1426"/>
  </node>
  <node id="47270" lat="-5.41735135692" lon="53.38915116194">
    <tag k="local_x" v="-276.4209"/>
    <tag k="local_y" v="10.0369"/>
    <tag k="ele" v="1.6714"/>
  </node>
  <node id="47271" lat="-5.41733549199" lon="53.38915788063">
    <tag k="local_x" v="-275.6856"/>
    <tag k="local_y" v="11.7985"/>
    <tag k="ele" v="1.4329"/>
  </node>
  <node id="47272" lat="-5.41732818028" lon="53.38916056375">
    <tag k="local_x" v="-275.3926"/>
    <tag k="local_y" v="12.6101"/>
    <tag k="ele" v="1.4329"/>
  </node>
  <node id="47273" lat="-5.41731689035" lon="53.38916382639">
    <tag k="local_x" v="-275.0379"/>
    <tag k="local_y" v="13.8627"/>
    <tag k="ele" v="1.4329"/>
  </node>
  <node id="47274" lat="-5.41730516801" lon="53.38916573753">
    <tag k="local_x" v="-274.8335"/>
    <tag k="local_y" v="15.1623"/>
    <tag k="ele" v="1.8626"/>
  </node>
  <node id="47275" lat="-5.41740325898" lon="53.38916421925">
    <tag k="local_x" v="-274.9373"/>
    <tag k="local_y" v="4.297"/>
    <tag k="ele" v="2.1426"/>
  </node>
  <node id="47276" lat="-5.41739100522" lon="53.38916589121">
    <tag k="local_x" v="-274.7598"/>
    <tag k="local_y" v="5.6553"/>
    <tag k="ele" v="2.1426"/>
  </node>
  <node id="47277" lat="-5.41737955037" lon="53.38916996024">
    <tag k="local_x" v="-274.3157"/>
    <tag k="local_y" v="6.9267"/>
    <tag k="ele" v="2.1426"/>
  </node>
  <node id="47278" lat="-5.41735966614" lon="53.38917824068">
    <tag k="local_x" v="-273.4097"/>
    <tag k="local_y" v="9.1345"/>
    <tag k="ele" v="1.6714"/>
  </node>
  <node id="47279" lat="-5.41734137435" lon="53.38918572515">
    <tag k="local_x" v="-272.591"/>
    <tag k="local_y" v="11.1654"/>
    <tag k="ele" v="1.4329"/>
  </node>
  <node id="47280" lat="-5.41732929339" lon="53.38918957358">
    <tag k="local_x" v="-272.1718"/>
    <tag k="local_y" v="12.506"/>
    <tag k="ele" v="1.4329"/>
  </node>
  <node id="47281" lat="-5.41731953239" lon="53.38919108297">
    <tag k="local_x" v="-272.0107"/>
    <tag k="local_y" v="13.5881"/>
    <tag k="ele" v="1.4329"/>
  </node>
  <node id="47282" lat="-5.41730311258" lon="53.38919121121">
    <tag k="local_x" v="-272.0073"/>
    <tag k="local_y" v="15.4068"/>
    <tag k="ele" v="1.8626"/>
  </node>
  <node id="47286" lat="-5.41728828817" lon="53.38916442796">
    <tag k="local_x" v="-274.99"/>
    <tag k="local_y" v="17.031"/>
    <tag k="ele" v="1.7269"/>
  </node>
  <node id="47287" lat="-5.41727784735" lon="53.38916216298">
    <tag k="local_x" v="-275.2483"/>
    <tag k="local_y" v="18.1859"/>
    <tag k="ele" v="1.7269"/>
  </node>
  <node id="47288" lat="-5.41727030332" lon="53.3891589033">
    <tag k="local_x" v="-275.6151"/>
    <tag k="local_y" v="19.0193"/>
    <tag k="ele" v="2.5366"/>
  </node>
  <node id="47289" lat="-5.4172650994" lon="53.3891562216">
    <tag k="local_x" v="-275.9162"/>
    <tag k="local_y" v="19.5939"/>
    <tag k="ele" v="2.5366"/>
  </node>
  <node id="47290" lat="-5.41723744942" lon="53.38913877413">
    <tag k="local_x" v="-277.8711"/>
    <tag k="local_y" v="22.6448"/>
    <tag k="ele" v="3.0765"/>
  </node>
  <node id="47291" lat="-5.41721855193" lon="53.38912722783">
    <tag k="local_x" v="-279.1652"/>
    <tag k="local_y" v="24.7302"/>
    <tag k="ele" v="3.3328"/>
  </node>
  <node id="47292" lat="-5.41721002386" lon="53.38912413255">
    <tag k="local_x" v="-279.5144"/>
    <tag k="local_y" v="25.6727"/>
    <tag k="ele" v="3.3328"/>
  </node>
  <node id="47293" lat="-5.41720132094" lon="53.38912214914">
    <tag k="local_x" v="-279.7403"/>
    <tag k="local_y" v="26.6353"/>
    <tag k="ele" v="3.3328"/>
  </node>
  <node id="47294" lat="-5.41719366014" lon="53.38912155954">
    <tag k="local_x" v="-279.8108"/>
    <tag k="local_y" v="27.4834"/>
    <tag k="ele" v="2.2015"/>
  </node>
  <node id="47295" lat="-5.41728614245" lon="53.38918990218">
    <tag k="local_x" v="-272.1638"/>
    <tag k="local_y" v="17.2855"/>
    <tag k="ele" v="1.7269"/>
  </node>
  <node id="47296" lat="-5.41727354027" lon="53.38918811131">
    <tag k="local_x" v="-272.3709"/>
    <tag k="local_y" v="18.6801"/>
    <tag k="ele" v="1.7269"/>
  </node>
  <node id="47297" lat="-5.41726550693" lon="53.38918621851">
    <tag k="local_x" v="-272.5863"/>
    <tag k="local_y" v="19.5686"/>
    <tag k="ele" v="2.5366"/>
  </node>
  <node id="47298" lat="-5.41725350357" lon="53.38918128983">
    <tag k="local_x" v="-273.1413"/>
    <tag k="local_y" v="20.8948"/>
    <tag k="ele" v="2.5366"/>
  </node>
  <node id="47299" lat="-5.41722312048" lon="53.38916231084">
    <tag k="local_x" v="-275.268"/>
    <tag k="local_y" v="24.2474"/>
    <tag k="ele" v="3.0765"/>
  </node>
  <node id="47300" lat="-5.41720707638" lon="53.38915232777">
    <tag k="local_x" v="-276.3867"/>
    <tag k="local_y" v="26.0178"/>
    <tag k="ele" v="3.3328"/>
  </node>
  <node id="47301" lat="-5.41720202122" lon="53.38914961185">
    <tag k="local_x" v="-276.6915"/>
    <tag k="local_y" v="26.5759"/>
    <tag k="ele" v="3.3328"/>
  </node>
  <node id="47302" lat="-5.41719160542" lon="53.38914700078">
    <tag k="local_x" v="-276.9882"/>
    <tag k="local_y" v="27.7278"/>
    <tag k="ele" v="2.2015"/>
  </node>
  <node id="47439" lat="-5.41670032519" lon="53.38911328578">
    <tag k="local_x" v="-281.0547"/>
    <tag k="local_y" v="82.1184"/>
    <tag k="ele" v="1.7269"/>
  </node>
  <node id="47440" lat="-5.41669464805" lon="53.38914143684">
    <tag k="local_x" v="-277.9337"/>
    <tag k="local_y" v="82.7658"/>
    <tag k="ele" v="1.8096"/>
  </node>
  <node id="47513" lat="-5.41859843988" lon="53.38634789237">
    <tag k="local_x" v="-586.7582"/>
    <tag k="local_y" v="-129.9417"/>
    <tag k="ele" v="1.8121"/>
  </node>
  <node id="47514" lat="-5.41859597332" lon="53.38637857303">
    <tag k="local_x" v="-583.3543"/>
    <tag k="local_y" v="-129.6482"/>
    <tag k="ele" v="1.8121"/>
  </node>
  <node id="47522" lat="-5.41832385968" lon="53.38633011539">
    <tag k="local_x" v="-588.9128"/>
    <tag k="local_y" v="-99.5416"/>
    <tag k="ele" v="2.2172"/>
  </node>
  <node id="47524" lat="-5.41830707788" lon="53.38633266302">
    <tag k="local_x" v="-588.6411"/>
    <tag k="local_y" v="-97.6812"/>
    <tag k="ele" v="2.2172"/>
  </node>
  <node id="47527" lat="-5.41832684665" lon="53.38636143115">
    <tag k="local_x" v="-585.4348"/>
    <tag k="local_y" v="-99.8517"/>
    <tag k="ele" v="2.2172"/>
  </node>
  <node id="47529" lat="-5.41831262827" lon="53.38636355451">
    <tag k="local_x" v="-585.2085"/>
    <tag k="local_y" v="-98.2755"/>
    <tag k="ele" v="2.2172"/>
  </node>
  <node id="47533" lat="-5.41868222057" lon="53.386480456">
    <tag k="local_x" v="-571.9884"/>
    <tag k="local_y" v="-139.1333"/>
    <tag k="ele" v="1.2602"/>
  </node>
  <node id="47534" lat="-5.41869249977" lon="53.38647909752">
    <tag k="local_x" v="-572.1324"/>
    <tag k="local_y" v="-140.2727"/>
    <tag k="ele" v="1.2602"/>
  </node>
  <node id="47535" lat="-5.41870396684" lon="53.38647466619">
    <tag k="local_x" v="-572.6167"/>
    <tag k="local_y" v="-141.5457"/>
    <tag k="ele" v="1.2602"/>
  </node>
  <node id="47536" lat="-5.41871447824" lon="53.38646759368">
    <tag k="local_x" v="-573.3948"/>
    <tag k="local_y" v="-142.7146"/>
    <tag k="ele" v="1.2602"/>
  </node>
  <node id="47537" lat="-5.41872341859" lon="53.38645809446">
    <tag k="local_x" v="-574.4433"/>
    <tag k="local_y" v="-143.7111"/>
    <tag k="ele" v="1.2602"/>
  </node>
  <node id="47538" lat="-5.41872936769" lon="53.38644889233">
    <tag k="local_x" v="-575.4608"/>
    <tag k="local_y" v="-144.3761"/>
    <tag k="ele" v="1.2602"/>
  </node>
  <node id="47539" lat="-5.41865559793" lon="53.38645196377">
    <tag k="local_x" v="-575.1686"/>
    <tag k="local_y" v="-136.2035"/>
    <tag k="ele" v="1.2602"/>
  </node>
  <node id="47541" lat="-5.41867386361" lon="53.38644571629">
    <tag k="local_x" v="-575.85"/>
    <tag k="local_y" v="-138.2307"/>
    <tag k="ele" v="1.2602"/>
  </node>
  <node id="47543" lat="-5.41868312423" lon="53.38643768635">
    <tag k="local_x" v="-576.7352"/>
    <tag k="local_y" v="-139.2617"/>
    <tag k="ele" v="1.2602"/>
  </node>
  <node id="47548" lat="-5.4187332526" lon="53.38639992381">
    <tag k="local_x" v="-580.8937"/>
    <tag k="local_y" v="-144.8388"/>
    <tag k="ele" v="1.2206"/>
  </node>
  <node id="47549" lat="-5.41872965618" lon="53.38639021001">
    <tag k="local_x" v="-581.9743"/>
    <tag k="local_y" v="-144.4469"/>
    <tag k="ele" v="1.2206"/>
  </node>
  <node id="47550" lat="-5.41872352404" lon="53.38637951219">
    <tag k="local_x" v="-583.1658"/>
    <tag k="local_y" v="-143.7748"/>
    <tag k="ele" v="1.2206"/>
  </node>
  <node id="47551" lat="-5.41871556409" lon="53.38637040995">
    <tag k="local_x" v="-584.1814"/>
    <tag k="local_y" v="-142.8992"/>
    <tag k="ele" v="1.2206"/>
  </node>
  <node id="47552" lat="-5.41870615999" lon="53.38636319559">
    <tag k="local_x" v="-584.9884"/>
    <tag k="local_y" v="-141.8624"/>
    <tag k="ele" v="1.2206"/>
  </node>
  <node id="47553" lat="-5.41869573643" lon="53.3863580756">
    <tag k="local_x" v="-585.5636"/>
    <tag k="local_y" v="-140.7113"/>
    <tag k="ele" v="1.2206"/>
  </node>
  <node id="47554" lat="-5.41868617491" lon="53.38635563969">
    <tag k="local_x" v="-585.8403"/>
    <tag k="local_y" v="-139.6539"/>
    <tag k="ele" v="1.2206"/>
  </node>
  <node id="47558" lat="-5.41868479166" lon="53.3863982302">
    <tag k="local_x" v="-581.1137"/>
    <tag k="local_y" v="-139.4725"/>
    <tag k="ele" v="1.2206"/>
  </node>
  <node id="47559" lat="-5.41868010793" lon="53.38639224993">
    <tag k="local_x" v="-581.7806"/>
    <tag k="local_y" v="-138.9577"/>
    <tag k="ele" v="1.2206"/>
  </node>
  <node id="47560" lat="-5.41867002683" lon="53.38638672159">
    <tag k="local_x" v="-582.4009"/>
    <tag k="local_y" v="-137.8448"/>
    <tag k="ele" v="1.2206"/>
  </node>
  <node id="47561" lat="-5.41865712156" lon="53.38638346323">
    <tag k="local_x" v="-582.7711"/>
    <tag k="local_y" v="-136.4176"/>
    <tag k="ele" v="1.2206"/>
  </node>
  <node id="47588" lat="-5.41674370788" lon="53.38785899233">
    <tag k="local_x" v="-420.2518"/>
    <tag k="local_y" v="76.4839"/>
    <tag k="ele" v="1.7895"/>
  </node>
  <node id="47589" lat="-5.41671748914" lon="53.38786530863">
    <tag k="local_x" v="-419.568"/>
    <tag k="local_y" v="79.392"/>
    <tag k="ele" v="1.7895"/>
  </node>
  <node id="47595" lat="-5.41674567514" lon="53.38788210598">
    <tag k="local_x" v="-417.6849"/>
    <tag k="local_y" v="76.2813"/>
    <tag k="ele" v="1.8513"/>
  </node>
  <node id="47596" lat="-5.41674579429" lon="53.38787469262">
    <tag k="local_x" v="-418.5077"/>
    <tag k="local_y" v="76.2632"/>
    <tag k="ele" v="1.8513"/>
  </node>
  <node id="47597" lat="-5.41674535011" lon="53.38786729071">
    <tag k="local_x" v="-419.3296"/>
    <tag k="local_y" v="76.3075"/>
    <tag k="ele" v="1.8513"/>
  </node>
  <node id="47598" lat="-5.41672048677" lon="53.38788316207">
    <tag k="local_x" v="-417.5843"/>
    <tag k="local_y" v="79.0718"/>
    <tag k="ele" v="1.8513"/>
  </node>
  <node id="47599" lat="-5.41671978789" lon="53.38787680403">
    <tag k="local_x" v="-418.2905"/>
    <tag k="local_y" v="79.145"/>
    <tag k="ele" v="1.8513"/>
  </node>
  <node id="47600" lat="-5.41671857303" lon="53.38787052203">
    <tag k="local_x" v="-418.9886"/>
    <tag k="local_y" v="79.2754"/>
    <tag k="ele" v="1.8513"/>
  </node>
  <node id="47604" lat="-5.41743424405" lon="53.38914111955">
    <tag k="local_x" v="-277.4809"/>
    <tag k="local_y" v="0.8499"/>
    <tag k="ele" v="2.172"/>
  </node>
  <node id="47605" lat="-5.4174321587" lon="53.38916657269">
    <tag k="local_x" v="-274.657"/>
    <tag k="local_y" v="1.0977"/>
    <tag k="ele" v="2.172"/>
  </node>
  <node id="47611" lat="-5.41708238232" lon="53.38911409487">
    <tag k="local_x" v="-280.7128"/>
    <tag k="local_y" v="39.8033"/>
    <tag k="ele" v="2.172"/>
  </node>
  <node id="47612" lat="-5.41708066731" lon="53.38913957462">
    <tag k="local_x" v="-277.8857"/>
    <tag k="local_y" v="40.0101"/>
    <tag k="ele" v="2.172"/>
  </node>
  <node id="47618" lat="-5.41655096496" lon="53.3884971473">
    <tag k="local_x" v="-349.5442"/>
    <tag k="local_y" v="98.2537"/>
    <tag k="ele" v="1.8128"/>
  </node>
  <node id="47619" lat="-5.41660807657" lon="53.38850203752">
    <tag k="local_x" v="-348.9637"/>
    <tag k="local_y" v="91.9314"/>
    <tag k="ele" v="1.8118"/>
  </node>
  <node id="47620" lat="-5.41655315751" lon="53.38847165574">
    <tag k="local_x" v="-352.3723"/>
    <tag k="local_y" v="97.994"/>
    <tag k="ele" v="1.8128"/>
  </node>
  <node id="47621" lat="-5.41661026912" lon="53.38847654596">
    <tag k="local_x" v="-351.7918"/>
    <tag k="local_y" v="91.6717"/>
    <tag k="ele" v="1.8118"/>
  </node>
  <node id="47628" lat="-5.41662002144" lon="53.38850201336">
    <tag k="local_x" v="-348.9585"/>
    <tag k="local_y" v="90.6084"/>
    <tag k="ele" v="1.8118"/>
  </node>
  <node id="47629" lat="-5.41662991477" lon="53.38850074282">
    <tag k="local_x" v="-349.093"/>
    <tag k="local_y" v="89.5118"/>
    <tag k="ele" v="1.8118"/>
  </node>
  <node id="47630" lat="-5.41664049083" lon="53.38849768353">
    <tag k="local_x" v="-349.4256"/>
    <tag k="local_y" v="88.3384"/>
    <tag k="ele" v="1.8118"/>
  </node>
  <node id="47631" lat="-5.41665049564" lon="53.3884930069">
    <tag k="local_x" v="-349.9381"/>
    <tag k="local_y" v="87.2272"/>
    <tag k="ele" v="1.8118"/>
  </node>
  <node id="47632" lat="-5.41665968334" lon="53.38848681621">
    <tag k="local_x" v="-350.6192"/>
    <tag k="local_y" v="86.2055"/>
    <tag k="ele" v="1.8118"/>
  </node>
  <node id="47633" lat="-5.41666782363" lon="53.38847925245">
    <tag k="local_x" v="-351.4534"/>
    <tag k="local_y" v="85.2989"/>
    <tag k="ele" v="1.8118"/>
  </node>
  <node id="47634" lat="-5.4166747108" lon="53.38847048983">
    <tag k="local_x" v="-352.4215"/>
    <tag k="local_y" v="84.5303"/>
    <tag k="ele" v="1.8118"/>
  </node>
  <node id="47635" lat="-5.41668017" lon="53.3884607339">
    <tag k="local_x" v="-353.5008"/>
    <tag k="local_y" v="83.9192"/>
    <tag k="ele" v="1.8118"/>
  </node>
  <node id="47636" lat="-5.41668372615" lon="53.3884513127">
    <tag k="local_x" v="-354.5442"/>
    <tag k="local_y" v="83.5191"/>
    <tag k="ele" v="1.8118"/>
  </node>
  <node id="47637" lat="-5.41661623718" lon="53.38847670778">
    <tag k="local_x" v="-351.7699"/>
    <tag k="local_y" v="91.0108"/>
    <tag k="ele" v="1.8118"/>
  </node>
  <node id="47638" lat="-5.41662406144" lon="53.38847534053">
    <tag k="local_x" v="-351.9165"/>
    <tag k="local_y" v="90.1433"/>
    <tag k="ele" v="1.8118"/>
  </node>
  <node id="47639" lat="-5.41663057826" lon="53.38847305042">
    <tag k="local_x" v="-352.1664"/>
    <tag k="local_y" v="89.42"/>
    <tag k="ele" v="1.8118"/>
  </node>
  <node id="47640" lat="-5.41663662704" lon="53.38846979552">
    <tag k="local_x" v="-352.5237"/>
    <tag k="local_y" v="88.7479"/>
    <tag k="ele" v="1.8118"/>
  </node>
  <node id="47641" lat="-5.41664206477" lon="53.38846566587">
    <tag k="local_x" v="-352.9785"/>
    <tag k="local_y" v="88.1429"/>
    <tag k="ele" v="1.8118"/>
  </node>
  <node id="47642" lat="-5.41664676839" lon="53.38846076941">
    <tag k="local_x" v="-353.5189"/>
    <tag k="local_y" v="87.6187"/>
    <tag k="ele" v="1.8118"/>
  </node>
  <node id="47643" lat="-5.41665063124" lon="53.3884552338">
    <tag k="local_x" v="-354.1308"/>
    <tag k="local_y" v="87.1872"/>
    <tag k="ele" v="1.8118"/>
  </node>
  <node id="47644" lat="-5.41665356837" lon="53.38844920009">
    <tag k="local_x" v="-354.7986"/>
    <tag k="local_y" v="86.8579"/>
    <tag k="ele" v="1.8118"/>
  </node>
  <node id="47645" lat="-5.41665585133" lon="53.38844172251">
    <tag k="local_x" v="-355.6271"/>
    <tag k="local_y" v="86.6001"/>
    <tag k="ele" v="1.8118"/>
  </node>
  <node id="47649" lat="-5.41666980118" lon="53.38779395488">
    <tag k="local_x" v="-427.5197"/>
    <tag k="local_y" v="84.6266"/>
    <tag k="ele" v="1.754"/>
  </node>
  <node id="47651" lat="-5.4166950115" lon="53.38779581669">
    <tag k="local_x" v="-427.2964"/>
    <tag k="local_y" v="81.8356"/>
    <tag k="ele" v="1.7619"/>
  </node>
  <node id="47660" lat="-5.4166770257" lon="53.38792150269">
    <tag k="local_x" v="-413.3572"/>
    <tag k="local_y" v="83.9108"/>
    <tag k="ele" v="1.7438"/>
  </node>
  <node id="47663" lat="-5.4166523921" lon="53.38791265001">
    <tag k="local_x" v="-414.3561"/>
    <tag k="local_y" v="86.6333"/>
    <tag k="ele" v="1.7438"/>
  </node>
  <node id="47667" lat="-5.41666273721" lon="53.38787938742">
    <tag k="local_x" v="-418.0414"/>
    <tag k="local_y" v="85.4655"/>
    <tag k="ele" v="1.9466"/>
  </node>
  <node id="47669" lat="-5.41665882908" lon="53.387894272">
    <tag k="local_x" v="-416.3918"/>
    <tag k="local_y" v="85.9082"/>
    <tag k="ele" v="1.9466"/>
  </node>
  <node id="47671" lat="-5.41668790062" lon="53.38788397836">
    <tag k="local_x" v="-417.5152"/>
    <tag k="local_y" v="82.6815"/>
    <tag k="ele" v="1.9466"/>
  </node>
  <node id="47673" lat="-5.41668410951" lon="53.38790107036">
    <tag k="local_x" v="-415.6205"/>
    <tag k="local_y" v="83.1127"/>
    <tag k="ele" v="1.9466"/>
  </node>
  <node id="47712" lat="-5.41614589191" lon="53.38635932711">
    <tag k="local_x" v="-587.1086"/>
    <tag k="local_y" v="141.7044"/>
    <tag k="ele" v="2.8112"/>
  </node>
  <node id="47713" lat="-5.41611603856" lon="53.38635692719">
    <tag k="local_x" v="-587.3947"/>
    <tag k="local_y" v="145.0093"/>
    <tag k="ele" v="1.9444"/>
  </node>
  <node id="47715" lat="-5.4161480676" lon="53.38633238796">
    <tag k="local_x" v="-590.0974"/>
    <tag k="local_y" v="141.4456"/>
    <tag k="ele" v="2.8112"/>
  </node>
  <node id="47716" lat="-5.41611821425" lon="53.38632998805">
    <tag k="local_x" v="-590.3835"/>
    <tag k="local_y" v="144.7505"/>
    <tag k="ele" v="1.9444"/>
  </node>
  <node id="47767" lat="-5.41606137417" lon="53.38646936886">
    <tag k="local_x" v="-574.9498"/>
    <tag k="local_y" v="151.1382"/>
    <tag k="ele" v="2.0024"/>
  </node>
  <node id="47768" lat="-5.41598764678" lon="53.38736017414">
    <tag k="local_x" v="-476.1194"/>
    <tag k="local_y" v="159.8934"/>
    <tag k="ele" v="1.8258"/>
  </node>
  <node id="47770" lat="-5.41603438036" lon="53.38646714473">
    <tag k="local_x" v="-575.2145"/>
    <tag k="local_y" v="154.1265"/>
    <tag k="ele" v="2.0024"/>
  </node>
  <node id="47771" lat="-5.41596065294" lon="53.38735794906">
    <tag k="local_x" v="-476.3842"/>
    <tag k="local_y" v="162.8817"/>
    <tag k="ele" v="1.8258"/>
  </node>
  <node id="47774" lat="-5.41598668354" lon="53.3873707781">
    <tag k="local_x" v="-474.943"/>
    <tag k="local_y" v="160.0071"/>
    <tag k="ele" v="1.8709"/>
  </node>
  <node id="47777" lat="-5.41595966878" lon="53.38736882883">
    <tag k="local_x" v="-475.1772"/>
    <tag k="local_y" v="162.9979"/>
    <tag k="ele" v="1.8709"/>
  </node>
  <node id="47785" lat="-5.41609767703" lon="53.38633126517">
    <tag k="local_x" v="-590.2553"/>
    <tag k="local_y" v="147.026"/>
    <tag k="ele" v="1.9444"/>
  </node>
  <node id="47787" lat="-5.41607833053" lon="53.38633825594">
    <tag k="local_x" v="-589.4921"/>
    <tag k="local_y" v="149.1734"/>
    <tag k="ele" v="1.9444"/>
  </node>
  <node id="47789" lat="-5.41606173695" lon="53.38635039701">
    <tag k="local_x" v="-588.1554"/>
    <tag k="local_y" v="151.0193"/>
    <tag k="ele" v="1.9444"/>
  </node>
  <node id="47791" lat="-5.41604923751" lon="53.38636670564">
    <tag k="local_x" v="-586.3534"/>
    <tag k="local_y" v="152.4145"/>
    <tag k="ele" v="1.9444"/>
  </node>
  <node id="47793" lat="-5.41604209093" lon="53.38638493468">
    <tag k="local_x" v="-584.3347"/>
    <tag k="local_y" v="153.2181"/>
    <tag k="ele" v="1.9444"/>
  </node>
  <node id="47795" lat="-5.41610318734" lon="53.38635772616">
    <tag k="local_x" v="-587.3145"/>
    <tag k="local_y" v="146.4332"/>
    <tag k="ele" v="1.9444"/>
  </node>
  <node id="47797" lat="-5.41609107978" lon="53.38636210179">
    <tag k="local_x" v="-586.8368"/>
    <tag k="local_y" v="147.7771"/>
    <tag k="ele" v="1.9444"/>
  </node>
  <node id="47799" lat="-5.41608069519" lon="53.38636969872">
    <tag k="local_x" v="-586.0004"/>
    <tag k="local_y" v="148.9323"/>
    <tag k="ele" v="1.9444"/>
  </node>
  <node id="47801" lat="-5.41607287319" lon="53.38637990563">
    <tag k="local_x" v="-584.8726"/>
    <tag k="local_y" v="149.8054"/>
    <tag k="ele" v="1.9444"/>
  </node>
  <node id="47803" lat="-5.41606799633" lon="53.38639282656">
    <tag k="local_x" v="-583.4416"/>
    <tag k="local_y" v="150.3541"/>
    <tag k="ele" v="1.9444"/>
  </node>
  <node id="47846" lat="-5.41589541527" lon="53.38825520269">
    <tag k="local_x" v="-376.8325"/>
    <tag k="local_y" v="170.7007"/>
    <tag k="ele" v="1.8293"/>
  </node>
  <node id="47847" lat="-5.41592243006" lon="53.38825715201">
    <tag k="local_x" v="-376.5983"/>
    <tag k="local_y" v="167.7099"/>
    <tag k="ele" v="1.8293"/>
  </node>
  <node id="47886" lat="-5.41594059105" lon="53.38836128867">
    <tag k="local_x" v="-365.0272"/>
    <tag k="local_y" v="165.7673"/>
    <tag k="ele" v="1.7121"/>
  </node>
  <node id="47887" lat="-5.41596494067" lon="53.38834238798">
    <tag k="local_x" v="-367.1091"/>
    <tag k="local_y" v="163.0579"/>
    <tag k="ele" v="1.7269"/>
  </node>
  <node id="47894" lat="-5.41589549102" lon="53.38827499692">
    <tag k="local_x" v="-374.6353"/>
    <tag k="local_y" v="170.7054"/>
    <tag k="ele" v="1.8293"/>
  </node>
  <node id="47896" lat="-5.41589889809" lon="53.38829459207">
    <tag k="local_x" v="-372.458"/>
    <tag k="local_y" v="170.341"/>
    <tag k="ele" v="1.8293"/>
  </node>
  <node id="47898" lat="-5.4159058746" lon="53.38831334348">
    <tag k="local_x" v="-370.372"/>
    <tag k="local_y" v="169.5807"/>
    <tag k="ele" v="1.8293"/>
  </node>
  <node id="47901" lat="-5.41592303199" lon="53.38827192418">
    <tag k="local_x" v="-374.9582"/>
    <tag k="local_y" v="167.653"/>
    <tag k="ele" v="1.8293"/>
  </node>
  <node id="47903" lat="-5.41592661491" lon="53.38828619123">
    <tag k="local_x" v="-373.3722"/>
    <tag k="local_y" v="167.2656"/>
    <tag k="ele" v="1.8293"/>
  </node>
  <node id="47905" lat="-5.41593270366" lon="53.3882994596">
    <tag k="local_x" v="-371.8954"/>
    <tag k="local_y" v="166.6"/>
    <tag k="ele" v="1.8293"/>
  </node>
  <node id="47911" lat="-5.41595263445" lon="53.38837459011">
    <tag k="local_x" v="-363.5428"/>
    <tag k="local_y" v="164.4422"/>
    <tag k="ele" v="1.7195"/>
  </node>
  <node id="47913" lat="-5.41596653671" lon="53.38838604987">
    <tag k="local_x" v="-362.2616"/>
    <tag k="local_y" v="162.91"/>
    <tag k="ele" v="1.7195"/>
  </node>
  <node id="47916" lat="-5.41597408023" lon="53.3883532364">
    <tag k="local_x" v="-365.8989"/>
    <tag k="local_y" v="162.0528"/>
    <tag k="ele" v="1.7195"/>
  </node>
  <node id="47918" lat="-5.41598433447" lon="53.38836296468">
    <tag k="local_x" v="-364.8123"/>
    <tag k="local_y" v="160.9235"/>
    <tag k="ele" v="1.7195"/>
  </node>
  <node id="47923" lat="-5.4159178459" lon="53.38833150663">
    <tag k="local_x" v="-368.348"/>
    <tag k="local_y" v="168.2668"/>
    <tag k="ele" v="1.7707"/>
  </node>
  <node id="47924" lat="-5.41594216475" lon="53.38831289621">
    <tag k="local_x" v="-370.3977"/>
    <tag k="local_y" v="165.561"/>
    <tag k="ele" v="1.7781"/>
  </node>
  <node id="47930" lat="-5.41598167502" lon="53.38839554731">
    <tag k="local_x" v="-361.1974"/>
    <tag k="local_y" v="161.2396"/>
    <tag k="ele" v="1.7173"/>
  </node>
  <node id="47931" lat="-5.41599614417" lon="53.38837099811">
    <tag k="local_x" v="-363.9128"/>
    <tag k="local_y" v="159.6208"/>
    <tag k="ele" v="1.7173"/>
  </node>
  <node id="47989" lat="-5.41604014035" lon="53.38640572922">
    <tag k="local_x" v="-582.0278"/>
    <tag k="local_y" v="153.4479"/>
    <tag k="ele" v="1.9734"/>
  </node>
  <node id="47990" lat="-5.41606667123" lon="53.3864081444">
    <tag k="local_x" v="-581.7422"/>
    <tag k="local_y" v="150.511"/>
    <tag k="ele" v="1.9734"/>
  </node>
  <node id="48001" lat="-5.41609756104" lon="53.38622888091">
    <tag k="local_x" v="-601.62"/>
    <tag k="local_y" v="146.9711"/>
    <tag k="ele" v="2.1041"/>
  </node>
  <node id="48002" lat="-5.41609146" lon="53.38631118858">
    <tag k="local_x" v="-592.4879"/>
    <tag k="local_y" v="147.7013"/>
    <tag k="ele" v="2.0743"/>
  </node>
  <node id="48004" lat="-5.41605096717" lon="53.3862246049">
    <tag k="local_x" v="-602.1254"/>
    <tag k="local_y" v="152.1289"/>
    <tag k="ele" v="2.1041"/>
  </node>
  <node id="48005" lat="-5.41604486613" lon="53.38630691257">
    <tag k="local_x" v="-592.9933"/>
    <tag k="local_y" v="152.8591"/>
    <tag k="ele" v="2.0743"/>
  </node>
  <node id="48140" lat="-5.41606811296" lon="53.38978526292">
    <tag k="local_x" v="-206.8828"/>
    <tag k="local_y" v="152.5848"/>
    <tag k="ele" v="1.9169"/>
  </node>
  <node id="48143" lat="-5.41606593342" lon="53.38981400579">
    <tag k="local_x" v="-203.6938"/>
    <tag k="local_y" v="152.8452"/>
    <tag k="ele" v="1.9169"/>
  </node>
  <node id="48154" lat="-5.41608802261" lon="53.38978683381">
    <tag k="local_x" v="-206.6953"/>
    <tag k="local_y" v="150.3807"/>
    <tag k="ele" v="1.9145"/>
  </node>
  <node id="48155" lat="-5.41608584217" lon="53.38981557668">
    <tag k="local_x" v="-203.5063"/>
    <tag k="local_y" v="150.6412"/>
    <tag k="ele" v="1.9145"/>
  </node>
  <node id="48161" lat="-5.41605176414" lon="53.38978609341">
    <tag k="local_x" v="-206.8014"/>
    <tag k="local_y" v="154.3961"/>
    <tag k="ele" v="1.9169"/>
  </node>
  <node id="48162" lat="-5.41603911222" lon="53.38978973709">
    <tag k="local_x" v="-206.4053"/>
    <tag k="local_y" v="155.7998"/>
    <tag k="ele" v="1.9169"/>
  </node>
  <node id="48163" lat="-5.41602615457" lon="53.38979676458">
    <tag k="local_x" v="-205.6338"/>
    <tag k="local_y" v="157.2396"/>
    <tag k="ele" v="1.9169"/>
  </node>
  <node id="48164" lat="-5.41601625729" lon="53.38980539462">
    <tag k="local_x" v="-204.6824"/>
    <tag k="local_y" v="158.3415"/>
    <tag k="ele" v="1.9169"/>
  </node>
  <node id="48165" lat="-5.41605916878" lon="53.389813955">
    <tag k="local_x" v="-203.7039"/>
    <tag k="local_y" v="153.5944"/>
    <tag k="ele" v="1.9169"/>
  </node>
  <node id="48166" lat="-5.4160494674" lon="53.38981622617">
    <tag k="local_x" v="-203.4582"/>
    <tag k="local_y" v="154.6704"/>
    <tag k="ele" v="1.9169"/>
  </node>
  <node id="48167" lat="-5.41604196145" lon="53.38981995008">
    <tag k="local_x" v="-203.0498"/>
    <tag k="local_y" v="155.5042"/>
    <tag k="ele" v="1.9169"/>
  </node>
  <node id="48168" lat="-5.41603432166" lon="53.38982636218">
    <tag k="local_x" v="-202.3431"/>
    <tag k="local_y" v="156.3546"/>
    <tag k="ele" v="1.9169"/>
  </node>
  <node id="48172" lat="-5.41606005236" lon="53.3897840973">
    <tag k="local_x" v="-207.0175"/>
    <tag k="local_y" v="153.4768"/>
    <tag k="ele" v="1.9169"/>
  </node>
  <node id="48173" lat="-5.4160498941" lon="53.38978107116">
    <tag k="local_x" v="-207.3601"/>
    <tag k="local_y" v="154.5999"/>
    <tag k="ele" v="1.9169"/>
  </node>
  <node id="48174" lat="-5.41604139579" lon="53.38977691172">
    <tag k="local_x" v="-207.8274"/>
    <tag k="local_y" v="155.5384"/>
    <tag k="ele" v="1.9169"/>
  </node>
  <node id="48175" lat="-5.41603365404" lon="53.38977138112">
    <tag k="local_x" v="-208.4464"/>
    <tag k="local_y" v="156.3922"/>
    <tag k="ele" v="1.9169"/>
  </node>
  <node id="48176" lat="-5.41602689175" lon="53.38976461495">
    <tag k="local_x" v="-209.2019"/>
    <tag k="local_y" v="157.1367"/>
    <tag k="ele" v="1.9169"/>
  </node>
  <node id="48177" lat="-5.41602076148" lon="53.38975588466">
    <tag k="local_x" v="-210.175"/>
    <tag k="local_y" v="157.8099"/>
    <tag k="ele" v="1.9169"/>
  </node>
  <node id="48178" lat="-5.41605078387" lon="53.3898113985">
    <tag k="local_x" v="-203.9932"/>
    <tag k="local_y" v="154.5214"/>
    <tag k="ele" v="1.9169"/>
  </node>
  <node id="48179" lat="-5.41603867021" lon="53.38980689658">
    <tag k="local_x" v="-204.5009"/>
    <tag k="local_y" v="155.8601"/>
    <tag k="ele" v="1.9169"/>
  </node>
  <node id="48180" lat="-5.41602643828" lon="53.38979997643">
    <tag k="local_x" v="-205.2771"/>
    <tag k="local_y" v="157.2103"/>
    <tag k="ele" v="1.9169"/>
  </node>
  <node id="48181" lat="-5.41601555759" lon="53.38979117887">
    <tag k="local_x" v="-206.2608"/>
    <tag k="local_y" v="158.4096"/>
    <tag k="ele" v="1.9169"/>
  </node>
  <node id="48182" lat="-5.41600631224" lon="53.38978075626">
    <tag k="local_x" v="-207.4238"/>
    <tag k="local_y" v="159.4267"/>
    <tag k="ele" v="1.9169"/>
  </node>
  <node id="48183" lat="-5.41599948404" lon="53.38976990578">
    <tag k="local_x" v="-208.6327"/>
    <tag k="local_y" v="160.1758"/>
    <tag k="ele" v="1.9169"/>
  </node>
  <node id="48214" lat="-5.41613136391" lon="53.38732685365">
    <tag k="local_x" v="-479.7231"/>
    <tag k="local_y" v="143.9536"/>
    <tag k="ele" v="2.2691"/>
  </node>
  <node id="48215" lat="-5.41610595547" lon="53.3873247723">
    <tag k="local_x" v="-479.9709"/>
    <tag k="local_y" v="146.7664"/>
    <tag k="ele" v="2.2691"/>
  </node>
  <node id="48223" lat="-5.41619468034" lon="53.38719378833">
    <tag k="local_x" v="-494.4515"/>
    <tag k="local_y" v="136.8528"/>
    <tag k="ele" v="-0.0062"/>
  </node>
  <node id="48224" lat="-5.41619915574" lon="53.38718590493">
    <tag k="local_x" v="-495.3236"/>
    <tag k="local_y" v="136.3519"/>
    <tag k="ele" v="-0.0062"/>
  </node>
  <node id="48226" lat="-5.41620705887" lon="53.38716887048">
    <tag k="local_x" v="-497.2092"/>
    <tag k="local_y" v="135.4653"/>
    <tag k="ele" v="-0.0062"/>
  </node>
  <node id="48228" lat="-5.41621297604" lon="53.38715114243">
    <tag k="local_x" v="-499.1731"/>
    <tag k="local_y" v="134.7982"/>
    <tag k="ele" v="-0.0062"/>
  </node>
  <node id="48230" lat="-5.41621684994" lon="53.38713294815">
    <tag k="local_x" v="-501.1901"/>
    <tag k="local_y" v="134.3571"/>
    <tag k="ele" v="-0.0062"/>
  </node>
  <node id="48232" lat="-5.41617270207" lon="53.38718009375">
    <tag k="local_x" v="-495.9861"/>
    <tag k="local_y" v="139.278"/>
    <tag k="ele" v="-0.0062"/>
  </node>
  <node id="48233" lat="-5.41617746337" lon="53.38717321587">
    <tag k="local_x" v="-496.7464"/>
    <tag k="local_y" v="138.7461"/>
    <tag k="ele" v="-0.0062"/>
  </node>
  <node id="48235" lat="-5.41618548444" lon="53.38715929964">
    <tag k="local_x" v="-498.2858"/>
    <tag k="local_y" v="137.8485"/>
    <tag k="ele" v="-0.0062"/>
  </node>
  <node id="48237" lat="-5.41619192741" lon="53.38714449731">
    <tag k="local_x" v="-499.9246"/>
    <tag k="local_y" v="137.1251"/>
    <tag k="ele" v="-0.0062"/>
  </node>
  <node id="48239" lat="-5.41619669492" lon="53.38712898602">
    <tag k="local_x" v="-501.6432"/>
    <tag k="local_y" v="136.5868"/>
    <tag k="ele" v="-0.0062"/>
  </node>
  <node id="48244" lat="-5.41666473726" lon="53.38786278895">
    <tag k="local_x" v="-419.8825"/>
    <tag k="local_y" v="85.233"/>
    <tag k="ele" v="1.8503"/>
  </node>
  <node id="48245" lat="-5.41668987801" lon="53.38786464398">
    <tag k="local_x" v="-419.66"/>
    <tag k="local_y" v="82.4497"/>
    <tag k="ele" v="1.8543"/>
  </node>
  <node id="48251" lat="-5.41745640691" lon="53.38855356527">
    <tag k="local_x" v="-342.6843"/>
    <tag k="local_y" v="-1.9934"/>
    <tag k="ele" v="1.7591"/>
  </node>
  <node id="48252" lat="-5.41745444207" lon="53.38857878254">
    <tag k="local_x" v="-339.8865"/>
    <tag k="local_y" v="-1.7591"/>
    <tag k="ele" v="1.7689"/>
  </node>
  <node id="48386" lat="-5.41704133404" lon="53.38715270148">
    <tag k="local_x" v="-498.4532"/>
    <tag k="local_y" v="43.0523"/>
    <tag k="ele" v="1.6233"/>
  </node>
  <node id="48387" lat="-5.41704310149" lon="53.38712830616">
    <tag k="local_x" v="-501.1599"/>
    <tag k="local_y" v="42.8404"/>
    <tag k="ele" v="1.6233"/>
  </node>
  <node id="48393" lat="-5.41701157317" lon="53.38716654252">
    <tag k="local_x" v="-496.9365"/>
    <tag k="local_y" v="46.3577"/>
    <tag k="ele" v="1.5274"/>
  </node>
  <node id="48394" lat="-5.41700730568" lon="53.38719184822">
    <tag k="local_x" v="-494.1304"/>
    <tag k="local_y" v="46.8471"/>
    <tag k="ele" v="1.5274"/>
  </node>
  <node id="48424" lat="-5.41673814613" lon="53.3884971534">
    <tag k="local_x" v="-349.42"/>
    <tag k="local_y" v="77.522"/>
    <tag k="ele" v="1.7388"/>
  </node>
  <node id="48428" lat="-5.4167377083" lon="53.38852362463">
    <tag k="local_x" v="-346.482"/>
    <tag k="local_y" v="77.588"/>
    <tag k="ele" v="1.7615"/>
  </node>
  <node id="48440" lat="-5.41672368006" lon="53.38849499975">
    <tag k="local_x" v="-349.6686"/>
    <tag k="local_y" v="79.1228"/>
    <tag k="ele" v="1.7405"/>
  </node>
  <node id="48441" lat="-5.41672037613" lon="53.38852231505">
    <tag k="local_x" v="-346.6388"/>
    <tag k="local_y" v="79.5068"/>
    <tag k="ele" v="1.7614"/>
  </node>
  <node id="48447" lat="-5.41675181917" lon="53.38849940726">
    <tag k="local_x" v="-349.1608"/>
    <tag k="local_y" v="76.0091"/>
    <tag k="ele" v="1.7451"/>
  </node>
  <node id="48448" lat="-5.41674988554" lon="53.38852456125">
    <tag k="local_x" v="-346.37"/>
    <tag k="local_y" v="76.2399"/>
    <tag k="ele" v="1.7652"/>
  </node>
  <node id="48458" lat="-5.41671112971" lon="53.38849145362">
    <tag k="local_x" v="-350.0705"/>
    <tag k="local_y" v="80.5105"/>
    <tag k="ele" v="1.751"/>
  </node>
  <node id="48460" lat="-5.41669994385" lon="53.38848417143">
    <tag k="local_x" v="-350.8862"/>
    <tag k="local_y" v="81.7446"/>
    <tag k="ele" v="1.751"/>
  </node>
  <node id="48462" lat="-5.41669037192" lon="53.38847228232">
    <tag k="local_x" v="-352.2122"/>
    <tag k="local_y" v="82.7969"/>
    <tag k="ele" v="1.751"/>
  </node>
  <node id="48464" lat="-5.41668676833" lon="53.38846030097">
    <tag k="local_x" v="-353.5445"/>
    <tag k="local_y" v="83.1881"/>
    <tag k="ele" v="1.751"/>
  </node>
  <node id="48467" lat="-5.41669925464" lon="53.38851753339">
    <tag k="local_x" v="-347.1835"/>
    <tag k="local_y" v="81.843"/>
    <tag k="ele" v="1.751"/>
  </node>
  <node id="48469" lat="-5.41668045347" lon="53.38850654239">
    <tag k="local_x" v="-348.4159"/>
    <tag k="local_y" v="83.9181"/>
    <tag k="ele" v="1.751"/>
  </node>
  <node id="48471" lat="-5.41666594271" lon="53.38849009974">
    <tag k="local_x" v="-350.2506"/>
    <tag k="local_y" v="85.5144"/>
    <tag k="ele" v="1.751"/>
  </node>
  <node id="48473" lat="-5.41665726403" lon="53.38846979536">
    <tag k="local_x" v="-352.5101"/>
    <tag k="local_y" v="86.4622"/>
    <tag k="ele" v="1.751"/>
  </node>
  <node id="48501" lat="-5.41681923631" lon="53.38850447134">
    <tag k="local_x" v="-348.5542"/>
    <tag k="local_y" v="68.5455"/>
    <tag k="ele" v="1.7453"/>
  </node>
  <node id="48502" lat="-5.41681733527" lon="53.38852963955">
    <tag k="local_x" v="-345.7618"/>
    <tag k="local_y" v="68.7727"/>
    <tag k="ele" v="1.7632"/>
  </node>
  <node id="48658" lat="-5.41703367935" lon="53.38719983554">
    <tag k="local_x" v="-493.2264"/>
    <tag k="local_y" v="43.9313"/>
    <tag k="ele" v="1.5867"/>
  </node>
  <node id="48659" lat="-5.41701892389" lon="53.38719518183">
    <tag k="local_x" v="-493.7527"/>
    <tag k="local_y" v="45.5625"/>
    <tag k="ele" v="1.5571"/>
  </node>
  <node id="48667" lat="-5.41661986546" lon="53.38840013801">
    <tag k="local_x" v="-360.2667"/>
    <tag k="local_y" v="90.5583"/>
    <tag k="ele" v="1.7134"/>
  </node>
  <node id="48668" lat="-5.41664964365" lon="53.38840249071">
    <tag k="local_x" v="-359.9859"/>
    <tag k="local_y" v="87.2617"/>
    <tag k="ele" v="1.7262"/>
  </node>
  <node id="48691" lat="-5.41658998811" lon="53.38842079324">
    <tag k="local_x" v="-357.9937"/>
    <tag k="local_y" v="93.8811"/>
    <tag k="ele" v="1.7198"/>
  </node>
  <node id="48693" lat="-5.4165707692" lon="53.38841423629">
    <tag k="local_x" v="-358.7342"/>
    <tag k="local_y" v="96.0054"/>
    <tag k="ele" v="1.7198"/>
  </node>
  <node id="48700" lat="-5.41658605593" lon="53.38845040237">
    <tag k="local_x" v="-354.7097"/>
    <tag k="local_y" v="94.3362"/>
    <tag k="ele" v="1.7198"/>
  </node>
  <node id="48732" lat="-5.41620581189" lon="53.38680170001">
    <tag k="local_x" v="-537.9658"/>
    <tag k="local_y" v="135.3605"/>
    <tag k="ele" v="1.0353"/>
  </node>
  <node id="48734" lat="-5.41620204" lon="53.3867866377">
    <tag k="local_x" v="-539.6402"/>
    <tag k="local_y" v="135.7683"/>
    <tag k="ele" v="1.0353"/>
  </node>
  <node id="48736" lat="-5.41620034595" lon="53.38677163061">
    <tag k="local_x" v="-541.3071"/>
    <tag k="local_y" v="135.946"/>
    <tag k="ele" v="1.0353"/>
  </node>
  <node id="48738" lat="-5.41618169464" lon="53.38680869932">
    <tag k="local_x" v="-537.2048"/>
    <tag k="local_y" v="138.0363"/>
    <tag k="ele" v="1.0353"/>
  </node>
  <node id="48740" lat="-5.41617714483" lon="53.38679127858">
    <tag k="local_x" v="-539.1415"/>
    <tag k="local_y" v="138.5287"/>
    <tag k="ele" v="1.0353"/>
  </node>
  <node id="48742" lat="-5.41617484615" lon="53.38677299489">
    <tag k="local_x" v="-541.1725"/>
    <tag k="local_y" v="138.7712"/>
    <tag k="ele" v="1.0353"/>
  </node>
  <node id="48751" lat="-5.41620384933" lon="53.38687928582">
    <tag k="local_x" v="-529.3551"/>
    <tag k="local_y" v="135.6292"/>
    <tag k="ele" v="2.9298"/>
  </node>
  <node id="48752" lat="-5.4161798902" lon="53.38688328238">
    <tag k="local_x" v="-528.9273"/>
    <tag k="local_y" v="138.2855"/>
    <tag k="ele" v="2.9298"/>
  </node>
  <node id="48759" lat="-5.41620065586" lon="53.38686326241">
    <tag k="local_x" v="-531.1358"/>
    <tag k="local_y" v="135.9723"/>
    <tag k="ele" v="2.9298"/>
  </node>
  <node id="48761" lat="-5.41619836411" lon="53.38684704626">
    <tag k="local_x" v="-532.9373"/>
    <tag k="local_y" v="136.2154"/>
    <tag k="ele" v="2.9298"/>
  </node>
  <node id="48763" lat="-5.41619700175" lon="53.38683073538">
    <tag k="local_x" v="-534.7487"/>
    <tag k="local_y" v="136.3555"/>
    <tag k="ele" v="2.9298"/>
  </node>
  <node id="48765" lat="-5.41619657362" lon="53.38681438292">
    <tag k="local_x" v="-536.5641"/>
    <tag k="local_y" v="136.3921"/>
    <tag k="ele" v="2.9298"/>
  </node>
  <node id="48767" lat="-5.41619708707" lon="53.38679785999">
    <tag k="local_x" v="-538.3978"/>
    <tag k="local_y" v="136.3243"/>
    <tag k="ele" v="2.9298"/>
  </node>
  <node id="48769" lat="-5.41617674827" lon="53.38686757488">
    <tag k="local_x" v="-530.6729"/>
    <tag k="local_y" v="138.6231"/>
    <tag k="ele" v="2.9298"/>
  </node>
  <node id="48771" lat="-5.41617391501" lon="53.38685003402">
    <tag k="local_x" v="-532.6218"/>
    <tag k="local_y" v="138.9253"/>
    <tag k="ele" v="2.9298"/>
  </node>
  <node id="48773" lat="-5.4161720867" lon="53.38683235024">
    <tag k="local_x" v="-534.5859"/>
    <tag k="local_y" v="139.1161"/>
    <tag k="ele" v="2.9298"/>
  </node>
  <node id="48775" lat="-5.41617127" lon="53.38681458206">
    <tag k="local_x" v="-536.5587"/>
    <tag k="local_y" v="139.1948"/>
    <tag k="ele" v="2.9298"/>
  </node>
  <node id="48777" lat="-5.41617146183" lon="53.38679696825">
    <tag k="local_x" v="-538.5137"/>
    <tag k="local_y" v="139.1619"/>
    <tag k="ele" v="2.9298"/>
  </node>
  <node id="48783" lat="-5.41622620498" lon="53.38641341531">
    <tag k="local_x" v="-581.0518"/>
    <tag k="local_y" v="132.8449"/>
    <tag k="ele" v="2.3393"/>
  </node>
  <node id="48785" lat="-5.41622304884" lon="53.38639396917">
    <tag k="local_x" v="-583.2124"/>
    <tag k="local_y" v="133.1816"/>
    <tag k="ele" v="2.3393"/>
  </node>
  <node id="48787" lat="-5.41621507647" lon="53.38637507599">
    <tag k="local_x" v="-585.3148"/>
    <tag k="local_y" v="134.0521"/>
    <tag k="ele" v="2.3393"/>
  </node>
  <node id="48789" lat="-5.41620279291" lon="53.38635860486">
    <tag k="local_x" v="-587.1512"/>
    <tag k="local_y" v="135.4017"/>
    <tag k="ele" v="2.3393"/>
  </node>
  <node id="48791" lat="-5.41618689641" lon="53.3863455192">
    <tag k="local_x" v="-588.6142"/>
    <tag k="local_y" v="137.1537"/>
    <tag k="ele" v="2.3393"/>
  </node>
  <node id="48793" lat="-5.41616829897" lon="53.38633658836">
    <tag k="local_x" v="-589.6178"/>
    <tag k="local_y" v="139.2076"/>
    <tag k="ele" v="2.3393"/>
  </node>
  <node id="48795" lat="-5.41620070107" lon="53.38641605351">
    <tag k="local_x" v="-580.7758"/>
    <tag k="local_y" v="135.6714"/>
    <tag k="ele" v="2.3393"/>
  </node>
  <node id="48797" lat="-5.41619818461" lon="53.38640121708">
    <tag k="local_x" v="-582.4243"/>
    <tag k="local_y" v="135.9403"/>
    <tag k="ele" v="2.3393"/>
  </node>
  <node id="48799" lat="-5.41619244026" lon="53.38638817283">
    <tag k="local_x" v="-583.876"/>
    <tag k="local_y" v="136.5679"/>
    <tag k="ele" v="2.3393"/>
  </node>
  <node id="48801" lat="-5.41618375862" lon="53.38637690102">
    <tag k="local_x" v="-585.1329"/>
    <tag k="local_y" v="137.522"/>
    <tag k="ele" v="2.3393"/>
  </node>
  <node id="48803" lat="-5.41617265365" lon="53.38636804452">
    <tag k="local_x" v="-586.1233"/>
    <tag k="local_y" v="138.7461"/>
    <tag k="ele" v="2.3393"/>
  </node>
  <node id="48805" lat="-5.41615977842" lon="53.38636210488">
    <tag k="local_x" v="-586.7911"/>
    <tag k="local_y" v="140.1682"/>
    <tag k="ele" v="2.3393"/>
  </node>
  <node id="48838" lat="-5.41655477024" lon="53.39025228518">
    <tag k="local_x" v="-154.7227"/>
    <tag k="local_y" v="98.9927"/>
    <tag k="ele" v="1.9375"/>
  </node>
  <node id="48839" lat="-5.41652935139" lon="53.39025043801">
    <tag k="local_x" v="-154.9445"/>
    <tag k="local_y" v="101.8068"/>
    <tag k="ele" v="1.9514"/>
  </node>
  <node id="48845" lat="-5.41651824753" lon="53.39037867886">
    <tag k="local_x" v="-140.7172"/>
    <tag k="local_y" v="103.1214"/>
    <tag k="ele" v="1.9962"/>
  </node>
  <node id="48846" lat="-5.41649118532" lon="53.39036455666">
    <tag k="local_x" v="-142.3026"/>
    <tag k="local_y" v="106.1094"/>
    <tag k="ele" v="1.9962"/>
  </node>
  <node id="48879" lat="-5.41655575955" lon="53.3902387801">
    <tag k="local_x" v="-156.2211"/>
    <tag k="local_y" v="98.8742"/>
    <tag k="ele" v="1.9358"/>
  </node>
  <node id="48880" lat="-5.41653033438" lon="53.39023693297">
    <tag k="local_x" v="-156.4429"/>
    <tag k="local_y" v="101.689"/>
    <tag k="ele" v="1.9494"/>
  </node>
  <node id="48887" lat="-5.41652617358" lon="53.39036228929">
    <tag k="local_x" v="-142.5312"/>
    <tag k="local_y" v="102.2327"/>
    <tag k="ele" v="1.9962"/>
  </node>
  <node id="48889" lat="-5.4165330927" lon="53.39034540841">
    <tag k="local_x" v="-144.4004"/>
    <tag k="local_y" v="101.4552"/>
    <tag k="ele" v="1.9962"/>
  </node>
  <node id="48891" lat="-5.4165391251" lon="53.39032821027">
    <tag k="local_x" v="-146.3054"/>
    <tag k="local_y" v="100.7757"/>
    <tag k="ele" v="1.9962"/>
  </node>
  <node id="48893" lat="-5.41654425482" lon="53.39031074271">
    <tag k="local_x" v="-148.2409"/>
    <tag k="local_y" v="100.196"/>
    <tag k="ele" v="1.9962"/>
  </node>
  <node id="48895" lat="-5.41654847041" lon="53.39029305266">
    <tag k="local_x" v="-150.2017"/>
    <tag k="local_y" v="99.7174"/>
    <tag k="ele" v="1.9962"/>
  </node>
  <node id="48897" lat="-5.41655176312" lon="53.39027518791">
    <tag k="local_x" v="-152.1825"/>
    <tag k="local_y" v="99.3409"/>
    <tag k="ele" v="1.9962"/>
  </node>
  <node id="48899" lat="-5.416554126" lon="53.39025719535">
    <tag k="local_x" v="-154.1781"/>
    <tag k="local_y" v="99.0673"/>
    <tag k="ele" v="1.9962"/>
  </node>
  <node id="48902" lat="-5.41649878877" lon="53.39034963389">
    <tag k="local_x" v="-143.954"/>
    <tag k="local_y" v="105.2574"/>
    <tag k="ele" v="1.9962"/>
  </node>
  <node id="48904" lat="-5.41650576042" lon="53.3903344455">
    <tag k="local_x" v="-145.6353"/>
    <tag k="local_y" v="104.4752"/>
    <tag k="ele" v="1.9962"/>
  </node>
  <node id="48906" lat="-5.41651194355" lon="53.39031890234">
    <tag k="local_x" v="-147.3565"/>
    <tag k="local_y" v="103.7801"/>
    <tag k="ele" v="1.9962"/>
  </node>
  <node id="48908" lat="-5.41651732213" lon="53.39030304323">
    <tag k="local_x" v="-149.1133"/>
    <tag k="local_y" v="103.1739"/>
    <tag k="ele" v="1.9962"/>
  </node>
  <node id="48910" lat="-5.41652187838" lon="53.39028691153">
    <tag k="local_x" v="-150.9009"/>
    <tag k="local_y" v="102.6586"/>
    <tag k="ele" v="1.9962"/>
  </node>
  <node id="48912" lat="-5.41652559898" lon="53.39027054785">
    <tag k="local_x" v="-152.7148"/>
    <tag k="local_y" v="102.2357"/>
    <tag k="ele" v="1.9962"/>
  </node>
  <node id="48914" lat="-5.41652847246" lon="53.39025399641">
    <tag k="local_x" v="-154.5501"/>
    <tag k="local_y" v="101.9065"/>
    <tag k="ele" v="1.9962"/>
  </node>
  <node id="49083" lat="-5.41765916755" lon="53.39048577473">
    <tag k="local_x" v="-128.0771"/>
    <tag k="local_y" v="-23.1729"/>
    <tag k="ele" v="1.9962"/>
  </node>
  <node id="49084" lat="-5.4176633167" lon="53.3904732941">
    <tag k="local_x" v="-129.4597"/>
    <tag k="local_y" v="-23.6407"/>
    <tag k="ele" v="1.9962"/>
  </node>
  <node id="49085" lat="-5.41766861687" lon="53.39046305619">
    <tag k="local_x" v="-130.5926"/>
    <tag k="local_y" v="-24.2345"/>
    <tag k="ele" v="1.9962"/>
  </node>
  <node id="49087" lat="-5.41763328679" lon="53.39048051047">
    <tag k="local_x" v="-128.6785"/>
    <tag k="local_y" v="-20.3099"/>
    <tag k="ele" v="1.9962"/>
  </node>
  <node id="49088" lat="-5.41763675506" lon="53.39046286807">
    <tag k="local_x" v="-130.6345"/>
    <tag k="local_y" v="-20.7057"/>
    <tag k="ele" v="1.9962"/>
  </node>
  <node id="49090" lat="-5.41764155464" lon="53.390448934">
    <tag k="local_x" v="-132.178"/>
    <tag k="local_y" v="-21.2465"/>
    <tag k="ele" v="1.9962"/>
  </node>
  <node id="49132" lat="-5.41770507538" lon="53.3903111083">
    <tag k="local_x" v="-147.4346"/>
    <tag k="local_y" v="-28.373"/>
    <tag k="ele" v="2.0385"/>
  </node>
  <node id="49133" lat="-5.41768094605" lon="53.39030929764">
    <tag k="local_x" v="-147.6515"/>
    <tag k="local_y" v="-25.7017"/>
    <tag k="ele" v="2.0385"/>
  </node>
  <node id="49170" lat="-5.41764397155" lon="53.39095900312">
    <tag k="local_x" v="-75.5593"/>
    <tag k="local_y" v="-21.177"/>
    <tag k="ele" v="1.9878"/>
  </node>
  <node id="49172" lat="-5.41765159185" lon="53.39094266938">
    <tag k="local_x" v="-77.3673"/>
    <tag k="local_y" v="-22.0318"/>
    <tag k="ele" v="1.9878"/>
  </node>
  <node id="49174" lat="-5.41765696913" lon="53.39092553185">
    <tag k="local_x" v="-79.266"/>
    <tag k="local_y" v="-22.6387"/>
    <tag k="ele" v="1.9878"/>
  </node>
  <node id="49178" lat="-5.41761986805" lon="53.39094503269">
    <tag k="local_x" v="-77.1259"/>
    <tag k="local_y" v="-18.5166"/>
    <tag k="ele" v="1.9878"/>
  </node>
  <node id="49180" lat="-5.41762667035" lon="53.39093232998">
    <tag k="local_x" v="-78.5314"/>
    <tag k="local_y" v="-19.2784"/>
    <tag k="ele" v="1.9878"/>
  </node>
  <node id="49182" lat="-5.41763175489" lon="53.39091878882">
    <tag k="local_x" v="-80.0311"/>
    <tag k="local_y" v="-19.8505"/>
    <tag k="ele" v="1.9878"/>
  </node>
  <node id="49188" lat="-5.41766358227" lon="53.39084316558">
    <tag k="local_x" v="-88.4042"/>
    <tag k="local_y" v="-23.4256"/>
    <tag k="ele" v="1.9886"/>
  </node>
  <node id="49189" lat="-5.41766287225" lon="53.3908332715">
    <tag k="local_x" v="-89.5029"/>
    <tag k="local_y" v="-23.3535"/>
    <tag k="ele" v="1.9886"/>
  </node>
  <node id="49190" lat="-5.41766088387" lon="53.39082354808">
    <tag k="local_x" v="-90.5835"/>
    <tag k="local_y" v="-23.1397"/>
    <tag k="ele" v="1.9886"/>
  </node>
  <node id="49191" lat="-5.41763859724" lon="53.39084668796">
    <tag k="local_x" v="-88.0297"/>
    <tag k="local_y" v="-20.656"/>
    <tag k="ele" v="1.9886"/>
  </node>
  <node id="49192" lat="-5.41763678668" lon="53.39083877342">
    <tag k="local_x" v="-88.9094"/>
    <tag k="local_y" v="-20.4607"/>
    <tag k="ele" v="1.9886"/>
  </node>
  <node id="49193" lat="-5.41763385766" lon="53.39083119435">
    <tag k="local_x" v="-89.7526"/>
    <tag k="local_y" v="-20.1413"/>
    <tag k="ele" v="1.9886"/>
  </node>
  <node id="49197" lat="-5.41771399145" lon="53.39018786854">
    <tag k="local_x" v="-161.1082"/>
    <tag k="local_y" v="-29.442"/>
    <tag k="ele" v="2.0439"/>
  </node>
  <node id="49198" lat="-5.41768983361" lon="53.39018657427">
    <tag k="local_x" v="-161.2678"/>
    <tag k="local_y" v="-26.7672"/>
    <tag k="ele" v="2.0439"/>
  </node>
  <node id="49204" lat="-5.41771136387" lon="53.39022882059">
    <tag k="local_x" v="-156.5643"/>
    <tag k="local_y" v="-29.1239"/>
    <tag k="ele" v="2.0252"/>
  </node>
  <node id="49209" lat="-5.41768722534" lon="53.3902271316">
    <tag k="local_x" v="-156.7677"/>
    <tag k="local_y" v="-26.4515"/>
    <tag k="ele" v="2.0252"/>
  </node>
  <node id="49218" lat="-5.41767654169" lon="53.39044646389">
    <tag k="local_x" v="-132.4291"/>
    <tag k="local_y" v="-25.1232"/>
    <tag k="ele" v="1.9962"/>
  </node>
  <node id="49220" lat="-5.41768333745" lon="53.39042934045">
    <tag k="local_x" v="-134.3253"/>
    <tag k="local_y" v="-25.8872"/>
    <tag k="ele" v="1.9962"/>
  </node>
  <node id="49222" lat="-5.41768917876" lon="53.39041189655">
    <tag k="local_x" v="-136.2577"/>
    <tag k="local_y" v="-26.5457"/>
    <tag k="ele" v="1.9962"/>
  </node>
  <node id="49224" lat="-5.4176940497" lon="53.39039418725">
    <tag k="local_x" v="-138.2202"/>
    <tag k="local_y" v="-27.0969"/>
    <tag k="ele" v="1.9962"/>
  </node>
  <node id="49226" lat="-5.41769793975" lon="53.39037626396">
    <tag k="local_x" v="-140.2071"/>
    <tag k="local_y" v="-27.5396"/>
    <tag k="ele" v="1.9962"/>
  </node>
  <node id="49228" lat="-5.4177008393" lon="53.39035818258">
    <tag k="local_x" v="-142.2122"/>
    <tag k="local_y" v="-27.8727"/>
    <tag k="ele" v="1.9962"/>
  </node>
  <node id="49230" lat="-5.41770272436" lon="53.3903401604">
    <tag k="local_x" v="-144.2114"/>
    <tag k="local_y" v="-28.0934"/>
    <tag k="ele" v="1.9962"/>
  </node>
  <node id="49232" lat="-5.41764923531" lon="53.39043394226">
    <tag k="local_x" v="-133.837"/>
    <tag k="local_y" v="-22.1071"/>
    <tag k="ele" v="1.9962"/>
  </node>
  <node id="49234" lat="-5.41765629499" lon="53.39041868124">
    <tag k="local_x" v="-135.5263"/>
    <tag k="local_y" v="-22.8991"/>
    <tag k="ele" v="1.9962"/>
  </node>
  <node id="49236" lat="-5.41766251991" lon="53.39040303328">
    <tag k="local_x" v="-137.2591"/>
    <tag k="local_y" v="-23.5989"/>
    <tag k="ele" v="1.9962"/>
  </node>
  <node id="49238" lat="-5.41766788686" lon="53.39038704357">
    <tag k="local_x" v="-139.0304"/>
    <tag k="local_y" v="-24.2039"/>
    <tag k="ele" v="1.9962"/>
  </node>
  <node id="49240" lat="-5.41767237899" lon="53.39037076086">
    <tag k="local_x" v="-140.8348"/>
    <tag k="local_y" v="-24.7122"/>
    <tag k="ele" v="1.9962"/>
  </node>
  <node id="49242" lat="-5.4176759794" lon="53.3903542312">
    <tag k="local_x" v="-142.6672"/>
    <tag k="local_y" v="-25.1219"/>
    <tag k="ele" v="1.9962"/>
  </node>
  <node id="49244" lat="-5.41767869284" lon="53.39033734103">
    <tag k="local_x" v="-144.5402"/>
    <tag k="local_y" v="-25.4336"/>
    <tag k="ele" v="1.9962"/>
  </node>
  <node id="49249" lat="-5.41610377949" lon="53.3886289983">
    <tag k="local_x" v="-335.2039"/>
    <tag k="local_y" v="147.87"/>
    <tag k="ele" v="1.8651"/>
  </node>
  <node id="49250" lat="-5.41607553438" lon="53.38864267617">
    <tag k="local_x" v="-333.7043"/>
    <tag k="local_y" v="151.0074"/>
    <tag k="ele" v="1.8651"/>
  </node>
  <node id="49256" lat="-5.41611406469" lon="53.38868444105">
    <tag k="local_x" v="-329.043"/>
    <tag k="local_y" v="146.7675"/>
    <tag k="ele" v="1.8954"/>
  </node>
  <node id="49257" lat="-5.41608794111" lon="53.38868265669">
    <tag k="local_x" v="-329.2583"/>
    <tag k="local_y" v="149.6597"/>
    <tag k="ele" v="1.8954"/>
  </node>
  <node id="49264" lat="-5.41611489369" lon="53.38866873964">
    <tag k="local_x" v="-330.7853"/>
    <tag k="local_y" v="146.6653"/>
    <tag k="ele" v="1.8954"/>
  </node>
  <node id="49265" lat="-5.41611431449" lon="53.38865762411">
    <tag k="local_x" v="-332.0195"/>
    <tag k="local_y" v="146.7221"/>
    <tag k="ele" v="1.8954"/>
  </node>
  <node id="49266" lat="-5.41611139075" lon="53.38864609098">
    <tag k="local_x" v="-333.3016"/>
    <tag k="local_y" v="147.0383"/>
    <tag k="ele" v="1.8954"/>
  </node>
  <node id="49268" lat="-5.41608640458" lon="53.38866952611">
    <tag k="local_x" v="-330.7168"/>
    <tag k="local_y" v="149.8212"/>
    <tag k="ele" v="1.8954"/>
  </node>
  <node id="49270" lat="-5.41608135512" lon="53.38865521281">
    <tag k="local_x" v="-332.3089"/>
    <tag k="local_y" v="150.371"/>
    <tag k="ele" v="1.8954"/>
  </node>
  <node id="49291" lat="-5.41608641198" lon="53.38908394544">
    <tag k="local_x" v="-284.7165"/>
    <tag k="local_y" v="150.0944"/>
    <tag k="ele" v="1.9065"/>
  </node>
  <node id="49292" lat="-5.41606028831" lon="53.38908214664">
    <tag k="local_x" v="-284.9334"/>
    <tag k="local_y" v="152.9866"/>
    <tag k="ele" v="1.9065"/>
  </node>
  <node id="49427" lat="-5.41606306294" lon="53.38865128999">
    <tag k="local_x" v="-332.7564"/>
    <tag k="local_y" v="152.3944"/>
    <tag k="ele" v="-0.6867"/>
  </node>
  <node id="49432" lat="-5.41603697148" lon="53.38863492248">
    <tag k="local_x" v="-334.5904"/>
    <tag k="local_y" v="155.2734"/>
    <tag k="ele" v="-0.6867"/>
  </node>
  <node id="49439" lat="-5.41606946492" lon="53.38863868701">
    <tag k="local_x" v="-334.1511"/>
    <tag k="local_y" v="151.677"/>
    <tag k="ele" v="-0.6867"/>
  </node>
  <node id="49440" lat="-5.41604215043" lon="53.38862449885">
    <tag k="local_x" v="-335.744"/>
    <tag k="local_y" v="154.6929"/>
    <tag k="ele" v="-0.6867"/>
  </node>
  <node id="49464" lat="-5.41607363799" lon="53.38862885494">
    <tag k="local_x" v="-335.2397"/>
    <tag k="local_y" v="151.2083"/>
    <tag k="ele" v="-0.6867"/>
  </node>
  <node id="49465" lat="-5.41607601811" lon="53.38862146869">
    <tag k="local_x" v="-336.058"/>
    <tag k="local_y" v="150.9398"/>
    <tag k="ele" v="-0.6867"/>
  </node>
  <node id="49466" lat="-5.41604412574" lon="53.38862008348">
    <tag k="local_x" v="-336.2328"/>
    <tag k="local_y" v="154.4712"/>
    <tag k="ele" v="-0.6867"/>
  </node>
  <node id="49467" lat="-5.41604618296" lon="53.38861260185">
    <tag k="local_x" v="-337.0619"/>
    <tag k="local_y" v="154.2384"/>
    <tag k="ele" v="-0.6867"/>
  </node>
  <node id="49508" lat="-5.41609217787" lon="53.38900093413">
    <tag k="local_x" v="-293.9269"/>
    <tag k="local_y" v="149.4009"/>
    <tag k="ele" v="1.9065"/>
  </node>
  <node id="49509" lat="-5.41606605673" lon="53.38899910649">
    <tag k="local_x" v="-294.147"/>
    <tag k="local_y" v="152.2928"/>
    <tag k="ele" v="1.9065"/>
  </node>
  <node id="49530" lat="-5.41605744328" lon="53.3890983177">
    <tag k="local_x" v="-283.1403"/>
    <tag k="local_y" v="153.3124"/>
    <tag k="ele" v="-0.4433"/>
  </node>
  <node id="49532" lat="-5.41603663879" lon="53.38908236108">
    <tag k="local_x" v="-284.9252"/>
    <tag k="local_y" v="155.6061"/>
    <tag k="ele" v="-0.4433"/>
  </node>
  <node id="49550" lat="-5.41606753927" lon="53.38908365491">
    <tag k="local_x" v="-284.7612"/>
    <tag k="local_y" v="152.1845"/>
    <tag k="ele" v="-0.4433"/>
  </node>
  <node id="49552" lat="-5.41607601501" lon="53.38906800264">
    <tag k="local_x" v="-286.493"/>
    <tag k="local_y" v="151.2354"/>
    <tag k="ele" v="-0.4433"/>
  </node>
  <node id="49554" lat="-5.41608277589" lon="53.38905154164">
    <tag k="local_x" v="-288.3157"/>
    <tag k="local_y" v="150.4757"/>
    <tag k="ele" v="-0.4433"/>
  </node>
  <node id="49556" lat="-5.41608774625" lon="53.38903445795">
    <tag k="local_x" v="-290.2087"/>
    <tag k="local_y" v="149.9139"/>
    <tag k="ele" v="-0.4433"/>
  </node>
  <node id="49558" lat="-5.41609082188" lon="53.38901728912">
    <tag k="local_x" v="-292.1124"/>
    <tag k="local_y" v="149.5619"/>
    <tag k="ele" v="-0.4433"/>
  </node>
  <node id="49560" lat="-5.41604516034" lon="53.38906999595">
    <tag k="local_x" v="-286.2921"/>
    <tag k="local_y" v="154.6541"/>
    <tag k="ele" v="-0.4433"/>
  </node>
  <node id="49562" lat="-5.416052319" lon="53.38905679927">
    <tag k="local_x" v="-287.7522"/>
    <tag k="local_y" v="153.8525"/>
    <tag k="ele" v="-0.4433"/>
  </node>
  <node id="49564" lat="-5.41605803259" lon="53.38904291749">
    <tag k="local_x" v="-289.2893"/>
    <tag k="local_y" v="153.2105"/>
    <tag k="ele" v="-0.4433"/>
  </node>
  <node id="49566" lat="-5.41606223612" lon="53.38902850774">
    <tag k="local_x" v="-290.886"/>
    <tag k="local_y" v="152.7354"/>
    <tag k="ele" v="-0.4433"/>
  </node>
  <node id="49568" lat="-5.41606493033" lon="53.38901338894">
    <tag k="local_x" v="-292.5624"/>
    <tag k="local_y" v="152.427"/>
    <tag k="ele" v="-0.4433"/>
  </node>
  <node id="49594" lat="-5.41608948636" lon="53.38903949358">
    <tag k="local_x" v="-289.6486"/>
    <tag k="local_y" v="149.7245"/>
    <tag k="ele" v="1.9058"/>
  </node>
  <node id="49595" lat="-5.41609002176" lon="53.38903178045">
    <tag k="local_x" v="-290.5044"/>
    <tag k="local_y" v="149.6601"/>
    <tag k="ele" v="1.9058"/>
  </node>
  <node id="49596" lat="-5.41609055898" lon="53.3890240682">
    <tag k="local_x" v="-291.3601"/>
    <tag k="local_y" v="149.5955"/>
    <tag k="ele" v="1.9058"/>
  </node>
  <node id="49597" lat="-5.4160910971" lon="53.38901635685">
    <tag k="local_x" v="-292.2157"/>
    <tag k="local_y" v="149.5308"/>
    <tag k="ele" v="1.9058"/>
  </node>
  <node id="49598" lat="-5.41609163703" lon="53.38900864459">
    <tag k="local_x" v="-293.0714"/>
    <tag k="local_y" v="149.4659"/>
    <tag k="ele" v="1.9058"/>
  </node>
  <node id="49599" lat="-5.41606336354" lon="53.38903768758">
    <tag k="local_x" v="-289.8663"/>
    <tag k="local_y" v="152.6166"/>
    <tag k="ele" v="1.9058"/>
  </node>
  <node id="49600" lat="-5.41606389893" lon="53.38902997174">
    <tag k="local_x" v="-290.7224"/>
    <tag k="local_y" v="152.5522"/>
    <tag k="ele" v="1.9058"/>
  </node>
  <node id="49601" lat="-5.41606443613" lon="53.38902225589">
    <tag k="local_x" v="-291.5785"/>
    <tag k="local_y" v="152.4876"/>
    <tag k="ele" v="1.9058"/>
  </node>
  <node id="49602" lat="-5.41606497512" lon="53.38901453913">
    <tag k="local_x" v="-292.4347"/>
    <tag k="local_y" v="152.4228"/>
    <tag k="ele" v="1.9058"/>
  </node>
  <node id="49603" lat="-5.41606551503" lon="53.38900682417">
    <tag k="local_x" v="-293.2907"/>
    <tag k="local_y" v="152.3579"/>
    <tag k="ele" v="1.9058"/>
  </node>
  <node id="49609" lat="-5.41822789651" lon="53.38961216673">
    <tag k="local_x" v="-224.6714"/>
    <tag k="local_y" v="-86.7414"/>
    <tag k="ele" v="1.784"/>
  </node>
  <node id="49613" lat="-5.41820220628" lon="53.38961023025">
    <tag k="local_x" v="-224.9033"/>
    <tag k="local_y" v="-83.8973"/>
    <tag k="ele" v="1.7916"/>
  </node>
  <node id="49638" lat="-5.41821927478" lon="53.38972237043">
    <tag k="local_x" v="-212.4446"/>
    <tag k="local_y" v="-85.7136"/>
    <tag k="ele" v="1.7804"/>
  </node>
  <node id="49639" lat="-5.4181941185" lon="53.38972049293">
    <tag k="local_x" v="-212.6696"/>
    <tag k="local_y" v="-82.9286"/>
    <tag k="ele" v="1.7875"/>
  </node>
  <node id="49748" lat="-5.41815909728" lon="53.38984894563">
    <tag k="local_x" v="-198.4346"/>
    <tag k="local_y" v="-78.9648"/>
    <tag k="ele" v="1.8088"/>
  </node>
  <node id="49751" lat="-5.41817840968" lon="53.38982775765">
    <tag k="local_x" v="-200.7737"/>
    <tag k="local_y" v="-81.1178"/>
    <tag k="ele" v="1.8088"/>
  </node>
  <node id="49754" lat="-5.41819439028" lon="53.38980396691">
    <tag k="local_x" v="-203.4039"/>
    <tag k="local_y" v="-82.9035"/>
    <tag k="ele" v="1.8088"/>
  </node>
  <node id="49757" lat="-5.41820669185" lon="53.38977809083">
    <tag k="local_x" v="-206.268"/>
    <tag k="local_y" v="-84.2831"/>
    <tag k="ele" v="1.8088"/>
  </node>
  <node id="49760" lat="-5.41821504778" lon="53.38975069043">
    <tag k="local_x" v="-209.3039"/>
    <tag k="local_y" v="-85.2267"/>
    <tag k="ele" v="1.8088"/>
  </node>
  <node id="49766" lat="-5.418141727" lon="53.38983067123">
    <tag k="local_x" v="-200.4745"/>
    <tag k="local_y" v="-77.053"/>
    <tag k="ele" v="1.8088"/>
  </node>
  <node id="49769" lat="-5.41815853859" lon="53.38981223147">
    <tag k="local_x" v="-202.5102"/>
    <tag k="local_y" v="-78.9272"/>
    <tag k="ele" v="1.8088"/>
  </node>
  <node id="49772" lat="-5.41817245016" lon="53.38979152605">
    <tag k="local_x" v="-204.7993"/>
    <tag k="local_y" v="-80.4817"/>
    <tag k="ele" v="1.8088"/>
  </node>
  <node id="49775" lat="-5.41818316013" lon="53.3897690045">
    <tag k="local_x" v="-207.2921"/>
    <tag k="local_y" v="-81.6828"/>
    <tag k="ele" v="1.8088"/>
  </node>
  <node id="49778" lat="-5.41819043576" lon="53.38974515651">
    <tag k="local_x" v="-209.9344"/>
    <tag k="local_y" v="-82.5044"/>
    <tag k="ele" v="1.8088"/>
  </node>
  <node id="49803" lat="-5.41797900119" lon="53.38994444506">
    <tag k="local_x" v="-187.9531"/>
    <tag k="local_y" v="-58.9547"/>
    <tag k="ele" v="1.8088"/>
  </node>
  <node id="49807" lat="-5.41801505748" lon="53.38993596939">
    <tag k="local_x" v="-188.8701"/>
    <tag k="local_y" v="-62.9538"/>
    <tag k="ele" v="1.8088"/>
  </node>
  <node id="49818" lat="-5.4179752882" lon="53.38991943175">
    <tag k="local_x" v="-190.732"/>
    <tag k="local_y" v="-58.56"/>
    <tag k="ele" v="1.8088"/>
  </node>
  <node id="49822" lat="-5.41800724157" lon="53.38991197147">
    <tag k="local_x" v="-191.539"/>
    <tag k="local_y" v="-62.104"/>
    <tag k="ele" v="1.8088"/>
  </node>
  <node id="49832" lat="-5.41813808015" lon="53.38986618516">
    <tag k="local_x" v="-196.5349"/>
    <tag k="local_y" v="-76.6256"/>
    <tag k="ele" v="1.8088"/>
  </node>
  <node id="49833" lat="-5.418123087" lon="53.38984592003">
    <tag k="local_x" v="-198.7942"/>
    <tag k="local_y" v="-74.9784"/>
    <tag k="ele" v="1.8088"/>
  </node>
  <node id="49839" lat="-5.41805019155" lon="53.38992107932">
    <tag k="local_x" v="-190.4997"/>
    <tag k="local_y" v="-66.855"/>
    <tag k="ele" v="1.8088"/>
  </node>
  <node id="49840" lat="-5.41803805066" lon="53.38989901253">
    <tag k="local_x" v="-192.9571"/>
    <tag k="local_y" v="-65.5249"/>
    <tag k="ele" v="1.8088"/>
  </node>
  <node id="49848" lat="-5.41807229992" lon="53.38990937661">
    <tag k="local_x" v="-191.7841"/>
    <tag k="local_y" v="-69.3114"/>
    <tag k="ele" v="1.8088"/>
  </node>
  <node id="49851" lat="-5.41809424637" lon="53.38989641539">
    <tag k="local_x" v="-193.2083"/>
    <tag k="local_y" v="-71.7507"/>
    <tag k="ele" v="1.8088"/>
  </node>
  <node id="49854" lat="-5.418115562" lon="53.3898824435">
    <tag k="local_x" v="-194.7451"/>
    <tag k="local_y" v="-74.1208"/>
    <tag k="ele" v="1.8088"/>
  </node>
  <node id="49858" lat="-5.41805995742" lon="53.38988741733">
    <tag k="local_x" v="-194.2297"/>
    <tag k="local_y" v="-67.9589"/>
    <tag k="ele" v="1.8088"/>
  </node>
  <node id="49861" lat="-5.41808088538" lon="53.38987505226">
    <tag k="local_x" v="-195.5884"/>
    <tag k="local_y" v="-70.285"/>
    <tag k="ele" v="1.8088"/>
  </node>
  <node id="49864" lat="-5.41810120988" lon="53.38986172321">
    <tag k="local_x" v="-197.0545"/>
    <tag k="local_y" v="-72.5449"/>
    <tag k="ele" v="1.8088"/>
  </node>
  <node id="49935" lat="-5.41677559467" lon="53.38643702577">
    <tag k="local_x" v="-578.0683"/>
    <tag k="local_y" v="72.0114"/>
    <tag k="ele" v="1.3441"/>
  </node>
  <node id="49936" lat="-5.41680092464" lon="53.38643912284">
    <tag k="local_x" v="-577.8188"/>
    <tag k="local_y" v="69.2073"/>
    <tag k="ele" v="1.3441"/>
  </node>
  <node id="49942" lat="-5.41677702173" lon="53.38641988568">
    <tag k="local_x" v="-579.9699"/>
    <tag k="local_y" v="71.842"/>
    <tag k="ele" v="1.3352"/>
  </node>
  <node id="49943" lat="-5.41680234717" lon="53.38642198188">
    <tag k="local_x" v="-579.7205"/>
    <tag k="local_y" v="69.0384"/>
    <tag k="ele" v="1.3352"/>
  </node>
  <node id="49956" lat="-5.41677521674" lon="53.38637966383">
    <tag k="local_x" v="-584.4357"/>
    <tag k="local_y" v="72.0153"/>
    <tag k="ele" v="1.3075"/>
  </node>
  <node id="49958" lat="-5.41677698424" lon="53.38639532545">
    <tag k="local_x" v="-582.6961"/>
    <tag k="local_y" v="71.8299"/>
    <tag k="ele" v="1.3075"/>
  </node>
  <node id="49960" lat="-5.41677762293" lon="53.38641110279">
    <tag k="local_x" v="-580.9444"/>
    <tag k="local_y" v="71.7696"/>
    <tag k="ele" v="1.3075"/>
  </node>
  <node id="49961" lat="-5.41680387882" lon="53.38637746719">
    <tag k="local_x" v="-584.6606"/>
    <tag k="local_y" v="68.8393"/>
    <tag k="ele" v="1.3075"/>
  </node>
  <node id="49963" lat="-5.41680405667" lon="53.38639469052">
    <tag k="local_x" v="-582.7487"/>
    <tag k="local_y" v="68.831"/>
    <tag k="ele" v="1.3075"/>
  </node>
  <node id="49965" lat="-5.4168030243" lon="53.38641185349">
    <tag k="local_x" v="-580.8443"/>
    <tag k="local_y" v="68.9567"/>
    <tag k="ele" v="1.3075"/>
  </node>
  <node id="49981" lat="-5.41680535007" lon="53.38694395542">
    <tag k="local_x" v="-521.7797"/>
    <tag k="local_y" v="69.0512"/>
    <tag k="ele" v="1.4445"/>
  </node>
  <node id="49982" lat="-5.41680837018" lon="53.38690526611">
    <tag k="local_x" v="-526.0722"/>
    <tag k="local_y" v="68.6911"/>
    <tag k="ele" v="1.4962"/>
  </node>
  <node id="49983" lat="-5.41680823562" lon="53.38689422722">
    <tag k="local_x" v="-527.2976"/>
    <tag k="local_y" v="68.6987"/>
    <tag k="ele" v="1.5003"/>
  </node>
  <node id="49984" lat="-5.41680408422" lon="53.38688123204">
    <tag k="local_x" v="-528.7428"/>
    <tag k="local_y" v="69.1499"/>
    <tag k="ele" v="1.522"/>
  </node>
  <node id="49985" lat="-5.41679536773" lon="53.38687183519">
    <tag k="local_x" v="-529.7916"/>
    <tag k="local_y" v="70.1091"/>
    <tag k="ele" v="1.5234"/>
  </node>
  <node id="49986" lat="-5.41678210144" lon="53.38686572398">
    <tag k="local_x" v="-530.4787"/>
    <tag k="local_y" v="71.5744"/>
    <tag k="ele" v="1.5234"/>
  </node>
  <node id="49987" lat="-5.41676833508" lon="53.38686447163">
    <tag k="local_x" v="-530.6268"/>
    <tag k="local_y" v="73.0983"/>
    <tag k="ele" v="1.5234"/>
  </node>
  <node id="49988" lat="-5.41674891991" lon="53.38686616639">
    <tag k="local_x" v="-530.4515"/>
    <tag k="local_y" v="75.2498"/>
    <tag k="ele" v="1.5234"/>
  </node>
  <node id="49989" lat="-5.41673648078" lon="53.3868776098">
    <tag k="local_x" v="-529.1895"/>
    <tag k="local_y" v="76.6351"/>
    <tag k="ele" v="1.5234"/>
  </node>
  <node id="49990" lat="-5.41673091226" lon="53.38690216014">
    <tag k="local_x" v="-526.4681"/>
    <tag k="local_y" v="77.2681"/>
    <tag k="ele" v="1.5234"/>
  </node>
  <node id="49991" lat="-5.4167291809" lon="53.38693456248">
    <tag k="local_x" v="-522.8726"/>
    <tag k="local_y" v="77.4813"/>
    <tag k="ele" v="1.5289"/>
  </node>
  <node id="49992" lat="-5.41677834064" lon="53.38694289715">
    <tag k="local_x" v="-521.915"/>
    <tag k="local_y" v="72.042"/>
    <tag k="ele" v="1.4483"/>
  </node>
  <node id="49993" lat="-5.41677579533" lon="53.38692428968">
    <tag k="local_x" v="-523.9821"/>
    <tag k="local_y" v="72.3116"/>
    <tag k="ele" v="1.5102"/>
  </node>
  <node id="49994" lat="-5.41677255416" lon="53.38692113867">
    <tag k="local_x" v="-524.334"/>
    <tag k="local_y" v="72.6685"/>
    <tag k="ele" v="1.5003"/>
  </node>
  <node id="49995" lat="-5.41676778376" lon="53.38692150489">
    <tag k="local_x" v="-524.2965"/>
    <tag k="local_y" v="73.1971"/>
    <tag k="ele" v="1.5234"/>
  </node>
  <node id="49996" lat="-5.41676466857" lon="53.38692614326">
    <tag k="local_x" v="-523.7837"/>
    <tag k="local_y" v="73.5452"/>
    <tag k="ele" v="1.5234"/>
  </node>
  <node id="49997" lat="-5.41676015907" lon="53.38694312961">
    <tag k="local_x" v="-521.9012"/>
    <tag k="local_y" v="74.0559"/>
    <tag k="ele" v="1.5231"/>
  </node>
  <node id="50001" lat="-5.41680209422" lon="53.38697764341">
    <tag k="local_x" v="-518.0425"/>
    <tag k="local_y" v="69.4341"/>
    <tag k="ele" v="1.4407"/>
  </node>
  <node id="50002" lat="-5.41677667711" lon="53.3869756216">
    <tag k="local_x" v="-518.2837"/>
    <tag k="local_y" v="72.2479"/>
    <tag k="ele" v="1.4474"/>
  </node>
  <node id="50008" lat="-5.41673149388" lon="53.3869718633">
    <tag k="local_x" v="-518.7307"/>
    <tag k="local_y" v="77.2498"/>
    <tag k="ele" v="1.4237"/>
  </node>
  <node id="50009" lat="-5.41675677243" lon="53.38697381476">
    <tag k="local_x" v="-518.4974"/>
    <tag k="local_y" v="74.4513"/>
    <tag k="ele" v="1.4223"/>
  </node>
  <node id="50040" lat="-5.41640317851" lon="53.38981573505">
    <tag k="local_x" v="-203.2794"/>
    <tag k="local_y" v="115.494"/>
    <tag k="ele" v="1.9278"/>
  </node>
  <node id="50067" lat="-5.41642950168" lon="53.38982523814">
    <tag k="local_x" v="-202.2072"/>
    <tag k="local_y" v="112.5848"/>
    <tag k="ele" v="1.7923"/>
  </node>
  <node id="50068" lat="-5.4164251973" lon="53.38985300896">
    <tag k="local_x" v="-199.1275"/>
    <tag k="local_y" v="113.0799"/>
    <tag k="ele" v="1.7923"/>
  </node>
  <node id="50076" lat="-5.41641145807" lon="53.38984813833">
    <tag k="local_x" v="-199.6772"/>
    <tag k="local_y" v="114.5984"/>
    <tag k="ele" v="1.8803"/>
  </node>
  <node id="50077" lat="-5.41657971949" lon="53.38983282206">
    <tag k="local_x" v="-201.2663"/>
    <tag k="local_y" v="95.9521"/>
    <tag k="ele" v="1.7448"/>
  </node>
  <node id="50079" lat="-5.41657833738" lon="53.38986340798">
    <tag k="local_x" v="-197.8722"/>
    <tag k="local_y" v="96.1254"/>
    <tag k="ele" v="1.7448"/>
  </node>
  <node id="50253" lat="-5.41646735749" lon="53.38982842311">
    <tag k="local_x" v="-201.8287"/>
    <tag k="local_y" v="108.3941"/>
    <tag k="ele" v="1.797"/>
  </node>
  <node id="50254" lat="-5.41646588611" lon="53.38985721584">
    <tag k="local_x" v="-198.6337"/>
    <tag k="local_y" v="108.5761"/>
    <tag k="ele" v="1.7805"/>
  </node>
  <node id="50281" lat="-5.41644587188" lon="53.38982753457">
    <tag k="local_x" v="-201.9415"/>
    <tag k="local_y" v="110.7732"/>
    <tag k="ele" v="1.8057"/>
  </node>
  <node id="50282" lat="-5.41644468344" lon="53.38985608147">
    <tag k="local_x" v="-198.7736"/>
    <tag k="local_y" v="110.9237"/>
    <tag k="ele" v="1.7864"/>
  </node>
  <node id="50316" lat="-5.41650813381" lon="53.38980765992">
    <tag k="local_x" v="-204.1065"/>
    <tag k="local_y" v="103.8641"/>
    <tag k="ele" v="1.8361"/>
  </node>
  <node id="50318" lat="-5.41649891522" lon="53.38981790757">
    <tag k="local_x" v="-202.9751"/>
    <tag k="local_y" v="104.8919"/>
    <tag k="ele" v="1.8361"/>
  </node>
  <node id="50320" lat="-5.41648714867" lon="53.38982481808">
    <tag k="local_x" v="-202.2158"/>
    <tag k="local_y" v="106.1997"/>
    <tag k="ele" v="1.8361"/>
  </node>
  <node id="50322" lat="-5.41647662556" lon="53.38982752478">
    <tag k="local_x" v="-201.9223"/>
    <tag k="local_y" v="107.367"/>
    <tag k="ele" v="1.8361"/>
  </node>
  <node id="50325" lat="-5.41653200959" lon="53.38981721449">
    <tag k="local_x" v="-203.0302"/>
    <tag k="local_y" v="101.226"/>
    <tag k="ele" v="1.8361"/>
  </node>
  <node id="50326" lat="-5.4165242616" lon="53.38983015342">
    <tag k="local_x" v="-201.5991"/>
    <tag k="local_y" v="102.0927"/>
    <tag k="ele" v="1.8361"/>
  </node>
  <node id="50328" lat="-5.4165080541" lon="53.38984497867">
    <tag k="local_x" v="-199.9642"/>
    <tag k="local_y" v="103.8976"/>
    <tag k="ele" v="1.8361"/>
  </node>
  <node id="50330" lat="-5.41648798003" lon="53.38985428362">
    <tag k="local_x" v="-198.9446"/>
    <tag k="local_y" v="106.1271"/>
    <tag k="ele" v="1.8361"/>
  </node>
  <node id="50335" lat="-5.41651252111" lon="53.38979862297">
    <tag k="local_x" v="-205.1067"/>
    <tag k="local_y" v="103.3722"/>
    <tag k="ele" v="1.8361"/>
  </node>
  <node id="50336" lat="-5.41653674573" lon="53.38980596284">
    <tag k="local_x" v="-204.276"/>
    <tag k="local_y" v="100.694"/>
    <tag k="ele" v="1.8361"/>
  </node>
  <node id="50369" lat="-5.41638950515" lon="53.38981191628">
    <tag k="local_x" v="-203.7123"/>
    <tag k="local_y" v="117.0059"/>
    <tag k="ele" v="1.8872"/>
  </node>
  <node id="50371" lat="-5.41638658698" lon="53.38983822479">
    <tag k="local_x" v="-200.794"/>
    <tag k="local_y" v="117.3465"/>
    <tag k="ele" v="1.8872"/>
  </node>
  <node id="50383" lat="-5.41637528564" lon="53.38980947464">
    <tag k="local_x" v="-203.9927"/>
    <tag k="local_y" v="118.5792"/>
    <tag k="ele" v="1.8947"/>
  </node>
  <node id="50384" lat="-5.41637325796" lon="53.38983506975">
    <tag k="local_x" v="-201.153"/>
    <tag k="local_y" v="118.8207"/>
    <tag k="ele" v="1.8947"/>
  </node>
  <node id="50405" lat="-5.41667054947" lon="53.38991265674">
    <tag k="local_x" v="-192.3448"/>
    <tag k="local_y" v="85.9448"/>
    <tag k="ele" v="1.8232"/>
  </node>
  <node id="50406" lat="-5.41668517354" lon="53.38988894172">
    <tag k="local_x" v="-194.9675"/>
    <tag k="local_y" v="84.3094"/>
    <tag k="ele" v="1.8232"/>
  </node>
  <node id="50449" lat="-5.41669222351" lon="53.38989277643">
    <tag k="local_x" v="-194.5372"/>
    <tag k="local_y" v="83.5311"/>
    <tag k="ele" v="1.826"/>
  </node>
  <node id="50514" lat="-5.41658348719" lon="53.38990936059">
    <tag k="local_x" v="-192.7681"/>
    <tag k="local_y" v="95.5854"/>
    <tag k="ele" v="1.7418"/>
  </node>
  <node id="50515" lat="-5.41661543583" lon="53.38991154552">
    <tag k="local_x" v="-192.5045"/>
    <tag k="local_y" v="92.0483"/>
    <tag k="ele" v="1.7448"/>
  </node>
  <node id="50516" lat="-5.4165856487" lon="53.38987790337">
    <tag k="local_x" v="-196.2584"/>
    <tag k="local_y" v="95.3252"/>
    <tag k="ele" v="1.7418"/>
  </node>
  <node id="50517" lat="-5.41661759645" lon="53.3898800883">
    <tag k="local_x" v="-195.9948"/>
    <tag k="local_y" v="91.7882"/>
    <tag k="ele" v="1.7448"/>
  </node>
  <node id="50551" lat="-5.41655750795" lon="53.38993085838">
    <tag k="local_x" v="-190.399"/>
    <tag k="local_y" v="98.477"/>
    <tag k="ele" v="2.0382"/>
  </node>
  <node id="50552" lat="-5.41656164618" lon="53.38992259679">
    <tag k="local_x" v="-191.3133"/>
    <tag k="local_y" v="98.0132"/>
    <tag k="ele" v="2.0382"/>
  </node>
  <node id="50554" lat="-5.41656789282" lon="53.38991467132">
    <tag k="local_x" v="-192.1889"/>
    <tag k="local_y" v="97.3161"/>
    <tag k="ele" v="2.0382"/>
  </node>
  <node id="50556" lat="-5.41657594046" lon="53.38991048833">
    <tag k="local_x" v="-192.6479"/>
    <tag k="local_y" v="96.422"/>
    <tag k="ele" v="2.0382"/>
  </node>
  <node id="50558" lat="-5.41652760256" lon="53.38991763871">
    <tag k="local_x" v="-191.8861"/>
    <tag k="local_y" v="101.7805"/>
    <tag k="ele" v="2.0382"/>
  </node>
  <node id="50559" lat="-5.4165311271" lon="53.3899088177">
    <tag k="local_x" v="-192.8629"/>
    <tag k="local_y" v="101.3843"/>
    <tag k="ele" v="2.0382"/>
  </node>
  <node id="50560" lat="-5.41653706033" lon="53.3898995112">
    <tag k="local_x" v="-193.892"/>
    <tag k="local_y" v="100.721"/>
    <tag k="ele" v="2.0382"/>
  </node>
  <node id="50561" lat="-5.41654468802" lon="53.38989152797">
    <tag k="local_x" v="-194.7731"/>
    <tag k="local_y" v="99.8709"/>
    <tag k="ele" v="2.0382"/>
  </node>
  <node id="50563" lat="-5.41656382022" lon="53.38988068176">
    <tag k="local_x" v="-195.9644"/>
    <tag k="local_y" v="97.7447"/>
    <tag k="ele" v="2.0382"/>
  </node>
  <node id="50564" lat="-5.41657308152" lon="53.38987849878">
    <tag k="local_x" v="-196.2006"/>
    <tag k="local_y" v="96.7175"/>
    <tag k="ele" v="2.0382"/>
  </node>
  <node id="50601" lat="-5.41669875821" lon="53.38992494415">
    <tag k="local_x" v="-190.9623"/>
    <tag k="local_y" v="82.8286"/>
    <tag k="ele" v="1.8329"/>
  </node>
  <node id="50602" lat="-5.41670642695" lon="53.38989918216">
    <tag k="local_x" v="-193.8168"/>
    <tag k="local_y" v="81.9622"/>
    <tag k="ele" v="1.8329"/>
  </node>
  <node id="50609" lat="-5.41663127054" lon="53.38991261809">
    <tag k="local_x" v="-192.375"/>
    <tag k="local_y" v="90.2952"/>
    <tag k="ele" v="1.7448"/>
  </node>
  <node id="50611" lat="-5.4166471183" lon="53.38991406086">
    <tag k="local_x" v="-192.2044"/>
    <tag k="local_y" v="88.5409"/>
    <tag k="ele" v="1.7448"/>
  </node>
  <node id="50613" lat="-5.41666291551" lon="53.38991626339">
    <tag k="local_x" v="-191.9495"/>
    <tag k="local_y" v="86.7927"/>
    <tag k="ele" v="1.7448"/>
  </node>
  <node id="50616" lat="-5.41663484055" lon="53.38988206962">
    <tag k="local_x" v="-195.7635"/>
    <tag k="local_y" v="89.8796"/>
    <tag k="ele" v="1.7448"/>
  </node>
  <node id="50618" lat="-5.41665188867" lon="53.38988524941">
    <tag k="local_x" v="-195.3993"/>
    <tag k="local_y" v="87.9935"/>
    <tag k="ele" v="1.7448"/>
  </node>
  <node id="50620" lat="-5.41666872938" lon="53.38988922864">
    <tag k="local_x" v="-194.9465"/>
    <tag k="local_y" v="86.1309"/>
    <tag k="ele" v="1.7448"/>
  </node>
  <node id="50625" lat="-5.41667606701" lon="53.38991902219">
    <tag k="local_x" v="-191.6346"/>
    <tag k="local_y" v="85.3379"/>
    <tag k="ele" v="1.7889"/>
  </node>
  <node id="50626" lat="-5.41668287849" lon="53.38989303647">
    <tag k="local_x" v="-194.5145"/>
    <tag k="local_y" v="84.5663"/>
    <tag k="ele" v="1.7889"/>
  </node>
  <node id="50643" lat="-5.41655341084" lon="53.39001271757">
    <tag k="local_x" v="-181.3154"/>
    <tag k="local_y" v="98.9849"/>
    <tag k="ele" v="1.0486"/>
  </node>
  <node id="50645" lat="-5.41655209919" lon="53.38999657029">
    <tag k="local_x" v="-183.1086"/>
    <tag k="local_y" v="99.1195"/>
    <tag k="ele" v="1.0486"/>
  </node>
  <node id="50647" lat="-5.41655191021" lon="53.38998064066">
    <tag k="local_x" v="-184.8769"/>
    <tag k="local_y" v="99.1299"/>
    <tag k="ele" v="1.0486"/>
  </node>
  <node id="50649" lat="-5.41655281129" lon="53.38996475861">
    <tag k="local_x" v="-186.6392"/>
    <tag k="local_y" v="99.0196"/>
    <tag k="ele" v="1.0486"/>
  </node>
  <node id="50652" lat="-5.41652478477" lon="53.39001613005">
    <tag k="local_x" v="-180.9555"/>
    <tag k="local_y" v="102.1577"/>
    <tag k="ele" v="1.0486"/>
  </node>
  <node id="50654" lat="-5.41652264484" lon="53.38999856246">
    <tag k="local_x" v="-182.9069"/>
    <tag k="local_y" v="102.3831"/>
    <tag k="ele" v="1.0486"/>
  </node>
  <node id="50656" lat="-5.41652169536" lon="53.38998062022">
    <tag k="local_x" v="-184.8991"/>
    <tag k="local_y" v="102.4764"/>
    <tag k="ele" v="1.0486"/>
  </node>
  <node id="50658" lat="-5.41652197804" lon="53.38996263192">
    <tag k="local_x" v="-186.8956"/>
    <tag k="local_y" v="102.4332"/>
    <tag k="ele" v="1.0486"/>
  </node>
  <node id="50666" lat="-5.41655275599" lon="53.39000465654">
    <tag k="local_x" v="-182.2106"/>
    <tag k="local_y" v="99.0521"/>
    <tag k="ele" v="1.0486"/>
  </node>
  <node id="50667" lat="-5.41652374137" lon="53.39000756231">
    <tag k="local_x" v="-181.9072"/>
    <tag k="local_y" v="102.2676"/>
    <tag k="ele" v="1.0486"/>
  </node>
  <node id="50707" lat="-5.41579644514" lon="53.39158600232">
    <tag k="local_x" v="-7.1813"/>
    <tag k="local_y" v="183.864"/>
    <tag k="ele" v="2.1265"/>
  </node>
  <node id="50709" lat="-5.41579746354" lon="53.39156117176">
    <tag k="local_x" v="-9.9368"/>
    <tag k="local_y" v="183.7348"/>
    <tag k="ele" v="2.1265"/>
  </node>
  <node id="50729" lat="-5.41601180988" lon="53.39160289814">
    <tag k="local_x" v="-5.1639"/>
    <tag k="local_y" v="160.022"/>
    <tag k="ele" v="2.126"/>
  </node>
  <node id="50730" lat="-5.41601390387" lon="53.39157796207">
    <tag k="local_x" v="-7.9304"/>
    <tag k="local_y" v="159.7736"/>
    <tag k="ele" v="2.126"/>
  </node>
  <node id="50745" lat="-5.41694118169" lon="53.38766596292">
    <tag k="local_x" v="-441.5476"/>
    <tag k="local_y" v="54.4845"/>
    <tag k="ele" v="1.5512"/>
  </node>
  <node id="50746" lat="-5.41702337603" lon="53.38767146694">
    <tag k="local_x" v="-440.8824"/>
    <tag k="local_y" v="45.3845"/>
    <tag k="ele" v="1.61"/>
  </node>
  <node id="50747" lat="-5.41694305628" lon="53.3876418147">
    <tag k="local_x" v="-444.2268"/>
    <tag k="local_y" v="54.2609"/>
    <tag k="ele" v="1.5512"/>
  </node>
  <node id="50748" lat="-5.41702529426" lon="53.38764721846">
    <tag k="local_x" v="-443.5727"/>
    <tag k="local_y" v="45.156"/>
    <tag k="ele" v="1.61"/>
  </node>
  <node id="50809" lat="-5.41764519573" lon="53.38919154513">
    <tag k="local_x" v="-271.7445"/>
    <tag k="local_y" v="-22.4812"/>
    <tag k="ele" v="1.7269"/>
  </node>
  <node id="50810" lat="-5.41763491558" lon="53.38918987921">
    <tag k="local_x" v="-271.9362"/>
    <tag k="local_y" v="-21.3437"/>
    <tag k="ele" v="1.7269"/>
  </node>
  <node id="50811" lat="-5.41762826666" lon="53.38918788719">
    <tag k="local_x" v="-272.1617"/>
    <tag k="local_y" v="-20.6086"/>
    <tag k="ele" v="2.5366"/>
  </node>
  <node id="50812" lat="-5.41762193556" lon="53.38918468786">
    <tag k="local_x" v="-272.521"/>
    <tag k="local_y" v="-19.9095"/>
    <tag k="ele" v="2.5366"/>
  </node>
  <node id="50813" lat="-5.41759428557" lon="53.38916724039">
    <tag k="local_x" v="-274.4759"/>
    <tag k="local_y" v="-16.8586"/>
    <tag k="ele" v="3.0765"/>
  </node>
  <node id="50814" lat="-5.41757538808" lon="53.38915569408">
    <tag k="local_x" v="-275.77"/>
    <tag k="local_y" v="-14.7732"/>
    <tag k="ele" v="3.3328"/>
  </node>
  <node id="50815" lat="-5.41756325536" lon="53.38915132653">
    <tag k="local_x" v="-276.2628"/>
    <tag k="local_y" v="-13.4323"/>
    <tag k="ele" v="3.3328"/>
  </node>
  <node id="50817" lat="-5.4175503726" lon="53.38915002654">
    <tag k="local_x" v="-276.4156"/>
    <tag k="local_y" v="-12.0063"/>
    <tag k="ele" v="2.2015"/>
  </node>
  <node id="50818" lat="-5.41764305002" lon="53.38921701936">
    <tag k="local_x" v="-268.9183"/>
    <tag k="local_y" v="-22.2267"/>
    <tag k="ele" v="1.7269"/>
  </node>
  <node id="50819" lat="-5.4176223431" lon="53.38921468479">
    <tag k="local_x" v="-269.1911"/>
    <tag k="local_y" v="-19.9348"/>
    <tag k="ele" v="2.5366"/>
  </node>
  <node id="50820" lat="-5.41761033974" lon="53.38920975611">
    <tag k="local_x" v="-269.7461"/>
    <tag k="local_y" v="-18.6086"/>
    <tag k="ele" v="2.5366"/>
  </node>
  <node id="50821" lat="-5.41757995664" lon="53.38919077712">
    <tag k="local_x" v="-271.8728"/>
    <tag k="local_y" v="-15.256"/>
    <tag k="ele" v="3.0765"/>
  </node>
  <node id="50822" lat="-5.41756391254" lon="53.38918079404">
    <tag k="local_x" v="-272.9915"/>
    <tag k="local_y" v="-13.4856"/>
    <tag k="ele" v="3.3328"/>
  </node>
  <node id="50823" lat="-5.41755652867" lon="53.38917713791">
    <tag k="local_x" v="-273.4022"/>
    <tag k="local_y" v="-12.6702"/>
    <tag k="ele" v="3.3328"/>
  </node>
  <node id="50824" lat="-5.41754831789" lon="53.38917546779">
    <tag k="local_x" v="-273.593"/>
    <tag k="local_y" v="-11.7619"/>
    <tag k="ele" v="2.2015"/>
  </node>
  <node id="50862" lat="-5.4182632539" lon="53.38916309186">
    <tag k="local_x" v="-274.4949"/>
    <tag k="local_y" v="-90.9545"/>
    <tag k="ele" v="1.784"/>
  </node>
  <node id="50863" lat="-5.41827662518" lon="53.3889854008">
    <tag k="local_x" v="-294.2096"/>
    <tag k="local_y" v="-92.553"/>
    <tag k="ele" v="1.7737"/>
  </node>
  <node id="50864" lat="-5.41823778997" lon="53.38916125226">
    <tag k="local_x" v="-274.7159"/>
    <tag k="local_y" v="-88.1354"/>
    <tag k="ele" v="1.7916"/>
  </node>
  <node id="50865" lat="-5.41825080942" lon="53.38898360924">
    <tag k="local_x" v="-294.4255"/>
    <tag k="local_y" v="-89.6949"/>
    <tag k="ele" v="1.7784"/>
  </node>
  <node id="50911" lat="-5.41816996688" lon="53.38920221625">
    <tag k="local_x" v="-270.2137"/>
    <tag k="local_y" v="-80.5964"/>
    <tag k="ele" v="1.7372"/>
  </node>
  <node id="50912" lat="-5.41816818062" lon="53.38922770549">
    <tag k="local_x" v="-267.3856"/>
    <tag k="local_y" v="-80.3817"/>
    <tag k="ele" v="1.7372"/>
  </node>
  <node id="50919" lat="-5.41825188355" lon="53.38924768368">
    <tag k="local_x" v="-265.1128"/>
    <tag k="local_y" v="-89.6392"/>
    <tag k="ele" v="1.7761"/>
  </node>
  <node id="50921" lat="-5.41824274792" lon="53.38922887836">
    <tag k="local_x" v="-267.2062"/>
    <tag k="local_y" v="-88.6398"/>
    <tag k="ele" v="1.7761"/>
  </node>
  <node id="50923" lat="-5.41822770588" lon="53.38921433974">
    <tag k="local_x" v="-268.8299"/>
    <tag k="local_y" v="-86.9834"/>
    <tag k="ele" v="1.7761"/>
  </node>
  <node id="50925" lat="-5.41820965635" lon="53.38920614788">
    <tag k="local_x" v="-269.7511"/>
    <tag k="local_y" v="-84.9897"/>
    <tag k="ele" v="1.7761"/>
  </node>
  <node id="50927" lat="-5.41822720269" lon="53.38925465932">
    <tag k="local_x" v="-264.3548"/>
    <tag k="local_y" v="-86.901"/>
    <tag k="ele" v="1.7761"/>
  </node>
  <node id="50929" lat="-5.41822197289" lon="53.38924386599">
    <tag k="local_x" v="-265.5563"/>
    <tag k="local_y" v="-86.3289"/>
    <tag k="ele" v="1.7761"/>
  </node>
  <node id="50931" lat="-5.41821334842" lon="53.38923551539">
    <tag k="local_x" v="-266.4889"/>
    <tag k="local_y" v="-85.3792"/>
    <tag k="ele" v="1.7761"/>
  </node>
  <node id="50933" lat="-5.41820130183" lon="53.38923030138">
    <tag k="local_x" v="-267.0756"/>
    <tag k="local_y" v="-84.0484"/>
    <tag k="ele" v="1.7761"/>
  </node>
  <node id="50937" lat="-5.41799289087" lon="53.38920543937">
    <tag k="local_x" v="-269.9728"/>
    <tag k="local_y" v="-60.9818"/>
    <tag k="ele" v="1.7601"/>
  </node>
  <node id="50938" lat="-5.41799800063" lon="53.38923196418">
    <tag k="local_x" v="-267.0252"/>
    <tag k="local_y" v="-61.5302"/>
    <tag k="ele" v="1.7601"/>
  </node>
  <node id="50992" lat="-5.41812646675" lon="53.38919834783">
    <tag k="local_x" v="-270.6718"/>
    <tag k="local_y" v="-75.781"/>
    <tag k="ele" v="1.7004"/>
  </node>
  <node id="50995" lat="-5.41809978114" lon="53.38919694612">
    <tag k="local_x" v="-270.845"/>
    <tag k="local_y" v="-72.8263"/>
    <tag k="ele" v="1.7004"/>
  </node>
  <node id="50998" lat="-5.41807293778" lon="53.38919694625">
    <tag k="local_x" v="-270.8627"/>
    <tag k="local_y" v="-69.8532"/>
    <tag k="ele" v="1.7004"/>
  </node>
  <node id="51001" lat="-5.4180461236" lon="53.38919835614">
    <tag k="local_x" v="-270.7239"/>
    <tag k="local_y" v="-66.8824"/>
    <tag k="ele" v="1.7004"/>
  </node>
  <node id="51004" lat="-5.41801941261" lon="53.38920117264">
    <tag k="local_x" v="-270.4289"/>
    <tag k="local_y" v="-63.9221"/>
    <tag k="ele" v="1.7004"/>
  </node>
  <node id="51007" lat="-5.41812481959" lon="53.38922384614">
    <tag k="local_x" v="-267.8426"/>
    <tag k="local_y" v="-75.5817"/>
    <tag k="ele" v="1.7004"/>
  </node>
  <node id="51010" lat="-5.41809925028" lon="53.38922280536">
    <tag k="local_x" v="-267.975"/>
    <tag k="local_y" v="-72.7504"/>
    <tag k="ele" v="1.7004"/>
  </node>
  <node id="51013" lat="-5.4180737811" lon="53.38922310905">
    <tag k="local_x" v="-267.9581"/>
    <tag k="local_y" v="-69.9293"/>
    <tag k="ele" v="1.7004"/>
  </node>
  <node id="51016" lat="-5.41804837136" lon="53.38922475022">
    <tag k="local_x" v="-267.7927"/>
    <tag k="local_y" v="-67.1139"/>
    <tag k="ele" v="1.7004"/>
  </node>
  <node id="51019" lat="-5.41802309237" lon="53.38922772217">
    <tag k="local_x" v="-267.4795"/>
    <tag k="local_y" v="-64.3121"/>
    <tag k="ele" v="1.7004"/>
  </node>
  <node id="51146" lat="-5.41660404496" lon="53.38842291148">
    <tag k="local_x" v="-357.7493"/>
    <tag k="local_y" v="92.3256"/>
    <tag k="ele" v="1.7198"/>
  </node>
  <node id="51150" lat="-5.41660083418" lon="53.38845327669">
    <tag k="local_x" v="-354.3809"/>
    <tag k="local_y" v="92.7013"/>
    <tag k="ele" v="1.7198"/>
  </node>
  <node id="51158" lat="-5.41690107615" lon="53.38770270973">
    <tag k="local_x" v="-437.4952"/>
    <tag k="local_y" v="58.9508"/>
    <tag k="ele" v="2.5207"/>
  </node>
  <node id="51159" lat="-5.41677631042" lon="53.3876940291">
    <tag k="local_x" v="-438.5411"/>
    <tag k="local_y" v="72.7638"/>
    <tag k="ele" v="2.5352"/>
  </node>
  <node id="51161" lat="-5.41690255939" lon="53.38767788816">
    <tag k="local_x" v="-440.2494"/>
    <tag k="local_y" v="58.7701"/>
    <tag k="ele" v="2.5207"/>
  </node>
  <node id="51162" lat="-5.41677779367" lon="53.38766920754">
    <tag k="local_x" v="-441.2953"/>
    <tag k="local_y" v="72.5831"/>
    <tag k="ele" v="2.5352"/>
  </node>
  <node id="51168" lat="-5.41696548764" lon="53.38768238784">
    <tag k="local_x" v="-439.7084"/>
    <tag k="local_y" v="51.8033"/>
    <tag k="ele" v="2.117"/>
  </node>
  <node id="51169" lat="-5.41696364271" lon="53.38770742057">
    <tag k="local_x" v="-436.931"/>
    <tag k="local_y" v="52.0242"/>
    <tag k="ele" v="2.117"/>
  </node>
  <node id="51177" lat="-5.41699991131" lon="53.38768220835">
    <tag k="local_x" v="-439.7056"/>
    <tag k="local_y" v="47.9905"/>
    <tag k="ele" v="1.9151"/>
  </node>
  <node id="51178" lat="-5.41700071484" lon="53.38771319113">
    <tag k="local_x" v="-436.266"/>
    <tag k="local_y" v="47.922"/>
    <tag k="ele" v="1.9151"/>
  </node>
  <node id="51184" lat="-5.416981337" lon="53.38768198908">
    <tag k="local_x" v="-439.7422"/>
    <tag k="local_y" v="50.0476"/>
    <tag k="ele" v="2.0161"/>
  </node>
  <node id="51199" lat="-5.41698097508" lon="53.38770937246">
    <tag k="local_x" v="-436.7029"/>
    <tag k="local_y" v="50.1058"/>
    <tag k="ele" v="2.0666"/>
  </node>
  <node id="51220" lat="-5.41673904145" lon="53.38763035941">
    <tag k="local_x" v="-445.633"/>
    <tag k="local_y" v="76.8495"/>
    <tag k="ele" v="1.6645"/>
  </node>
  <node id="51222" lat="-5.41671355702" lon="53.38762840554">
    <tag k="local_x" v="-445.8667"/>
    <tag k="local_y" v="79.6708"/>
    <tag k="ele" v="1.6649"/>
  </node>
  <node id="51227" lat="-5.41674125688" lon="53.38760099473">
    <tag k="local_x" v="-448.891"/>
    <tag k="local_y" v="76.5847"/>
    <tag k="ele" v="1.6236"/>
  </node>
  <node id="51228" lat="-5.41671588253" lon="53.3875990294">
    <tag k="local_x" v="-449.1259"/>
    <tag k="local_y" v="79.3938"/>
    <tag k="ele" v="1.6269"/>
  </node>
  <node id="51266" lat="-5.41676545328" lon="53.38766771065">
    <tag k="local_x" v="-441.4696"/>
    <tag k="local_y" v="73.9489"/>
    <tag k="ele" v="2.5359"/>
  </node>
  <node id="51269" lat="-5.41675629759" lon="53.38766383805">
    <tag k="local_x" v="-441.9055"/>
    <tag k="local_y" v="74.9604"/>
    <tag k="ele" v="2.5359"/>
  </node>
  <node id="51272" lat="-5.41674857516" lon="53.38765761457">
    <tag k="local_x" v="-442.6014"/>
    <tag k="local_y" v="75.8116"/>
    <tag k="ele" v="2.5359"/>
  </node>
  <node id="51275" lat="-5.41674287487" lon="53.3876495259">
    <tag k="local_x" v="-443.503"/>
    <tag k="local_y" v="76.4376"/>
    <tag k="ele" v="2.5359"/>
  </node>
  <node id="51278" lat="-5.41673962843" lon="53.38764020281">
    <tag k="local_x" v="-444.54"/>
    <tag k="local_y" v="76.791"/>
    <tag k="ele" v="2.5359"/>
  </node>
  <node id="51282" lat="-5.41675914981" lon="53.38769181132">
    <tag k="local_x" v="-438.7986"/>
    <tag k="local_y" v="74.663"/>
    <tag k="ele" v="2.5359"/>
  </node>
  <node id="51285" lat="-5.41674353149" lon="53.38768539155">
    <tag k="local_x" v="-439.5215"/>
    <tag k="local_y" v="76.3886"/>
    <tag k="ele" v="2.5359"/>
  </node>
  <node id="51288" lat="-5.41673026986" lon="53.38767492261">
    <tag k="local_x" v="-440.6923"/>
    <tag k="local_y" v="77.8505"/>
    <tag k="ele" v="2.5359"/>
  </node>
  <node id="51291" lat="-5.41672039266" lon="53.3876612056">
    <tag k="local_x" v="-442.2214"/>
    <tag k="local_y" v="78.9354"/>
    <tag k="ele" v="2.5359"/>
  </node>
  <node id="51294" lat="-5.41671467" lon="53.3876452909">
    <tag k="local_x" v="-443.9917"/>
    <tag k="local_y" v="79.5587"/>
    <tag k="ele" v="2.5359"/>
  </node>
  <node id="51307" lat="-5.41672478338" lon="53.38755101496">
    <tag k="local_x" v="-454.4496"/>
    <tag k="local_y" v="78.3762"/>
    <tag k="ele" v="1.601"/>
  </node>
  <node id="51308" lat="-5.41672739953" lon="53.38754490478">
    <tag k="local_x" v="-455.1261"/>
    <tag k="local_y" v="78.0824"/>
    <tag k="ele" v="1.5007"/>
  </node>
  <node id="51310" lat="-5.41674925221" lon="53.38756311816">
    <tag k="local_x" v="-453.09"/>
    <tag k="local_y" v="75.6741"/>
    <tag k="ele" v="1.601"/>
  </node>
  <node id="51311" lat="-5.41675186836" lon="53.38755700888">
    <tag k="local_x" v="-453.7664"/>
    <tag k="local_y" v="75.3803"/>
    <tag k="ele" v="1.5007"/>
  </node>
  <node id="51314" lat="-5.4167647124" lon="53.38748275014">
    <tag k="local_x" v="-462.0006"/>
    <tag k="local_y" v="73.9086"/>
    <tag k="ele" v="1.5519"/>
  </node>
  <node id="51315" lat="-5.41673944287" lon="53.3874807977">
    <tag k="local_x" v="-462.234"/>
    <tag k="local_y" v="76.7061"/>
    <tag k="ele" v="1.5603"/>
  </node>
  <node id="51321" lat="-5.41674257471" lon="53.38758491023">
    <tag k="local_x" v="-450.6755"/>
    <tag k="local_y" v="76.4281"/>
    <tag k="ele" v="1.6085"/>
  </node>
  <node id="51324" lat="-5.41674541241" lon="53.38757326717">
    <tag k="local_x" v="-451.966"/>
    <tag k="local_y" v="76.1061"/>
    <tag k="ele" v="1.6085"/>
  </node>
  <node id="51327" lat="-5.41671739844" lon="53.38758119056">
    <tag k="local_x" v="-451.105"/>
    <tag k="local_y" v="79.2141"/>
    <tag k="ele" v="1.6085"/>
  </node>
  <node id="51330" lat="-5.41671976476" lon="53.3875663575">
    <tag k="local_x" v="-452.7499"/>
    <tag k="local_y" v="78.9422"/>
    <tag k="ele" v="1.6085"/>
  </node>
  <node id="51338" lat="-5.41675696299" lon="53.38754275238">
    <tag k="local_x" v="-455.3455"/>
    <tag k="local_y" v="74.8066"/>
    <tag k="ele" v="1.5007"/>
  </node>
  <node id="51341" lat="-5.41676025816" lon="53.38752879217">
    <tag k="local_x" v="-456.8929"/>
    <tag k="local_y" v="74.4324"/>
    <tag k="ele" v="1.5007"/>
  </node>
  <node id="51344" lat="-5.41676213753" lon="53.38751481696">
    <tag k="local_x" v="-458.4429"/>
    <tag k="local_y" v="74.215"/>
    <tag k="ele" v="1.5007"/>
  </node>
  <node id="51347" lat="-5.41673138884" lon="53.38753469542">
    <tag k="local_x" v="-456.2567"/>
    <tag k="local_y" v="77.6338"/>
    <tag k="ele" v="1.5007"/>
  </node>
  <node id="51350" lat="-5.41673473706" lon="53.38752342049">
    <tag k="local_x" v="-457.506"/>
    <tag k="local_y" v="77.2555"/>
    <tag k="ele" v="1.5007"/>
  </node>
  <node id="51353" lat="-5.41673699427" lon="53.38751163314">
    <tag k="local_x" v="-458.8129"/>
    <tag k="local_y" v="76.9977"/>
    <tag k="ele" v="1.5007"/>
  </node>
  <node id="51370" lat="-5.41686595202" lon="53.38766104631">
    <tag k="local_x" v="-442.143"/>
    <tag k="local_y" v="62.8135"/>
    <tag k="ele" v="1.5512"/>
  </node>
  <node id="51372" lat="-5.41686782661" lon="53.38763689809">
    <tag k="local_x" v="-444.8222"/>
    <tag k="local_y" v="62.5899"/>
    <tag k="ele" v="1.5512"/>
  </node>
  <node id="51377" lat="-5.41678681137" lon="53.38765980251">
    <tag k="local_x" v="-442.3333"/>
    <tag k="local_y" v="71.5781"/>
    <tag k="ele" v="1.5512"/>
  </node>
  <node id="51379" lat="-5.41679355396" lon="53.38763409381">
    <tag k="local_x" v="-445.1825"/>
    <tag k="local_y" v="70.8143"/>
    <tag k="ele" v="1.5512"/>
  </node>
  <node id="51464" lat="-5.41675015717" lon="53.38768424854">
    <tag k="local_x" v="-439.644"/>
    <tag k="local_y" v="75.654"/>
    <tag k="ele" v="1.6647"/>
  </node>
  <node id="51465" lat="-5.41675352481" lon="53.38767758524">
    <tag k="local_x" v="-440.3814"/>
    <tag k="local_y" v="75.2766"/>
    <tag k="ele" v="1.6647"/>
  </node>
  <node id="51466" lat="-5.4167577135" lon="53.38767218643">
    <tag k="local_x" v="-440.9779"/>
    <tag k="local_y" v="74.8091"/>
    <tag k="ele" v="1.6647"/>
  </node>
  <node id="51467" lat="-5.4167622561" lon="53.38766844858">
    <tag k="local_x" v="-441.3898"/>
    <tag k="local_y" v="74.3035"/>
    <tag k="ele" v="1.6647"/>
  </node>
  <node id="51468" lat="-5.41676740408" lon="53.38766554138">
    <tag k="local_x" v="-441.7091"/>
    <tag k="local_y" v="73.7314"/>
    <tag k="ele" v="1.6647"/>
  </node>
  <node id="51469" lat="-5.4167734889" lon="53.38766333401">
    <tag k="local_x" v="-441.9501"/>
    <tag k="local_y" v="73.056"/>
    <tag k="ele" v="1.6647"/>
  </node>
  <node id="51470" lat="-5.41677995803" lon="53.38766152796">
    <tag k="local_x" v="-442.1463"/>
    <tag k="local_y" v="72.3383"/>
    <tag k="ele" v="1.6647"/>
  </node>
  <node id="51471" lat="-5.41672550449" lon="53.38767673654">
    <tag k="local_x" v="-440.4941"/>
    <tag k="local_y" v="78.3795"/>
    <tag k="ele" v="1.6647"/>
  </node>
  <node id="51472" lat="-5.41672905947" lon="53.38766727481">
    <tag k="local_x" v="-441.542"/>
    <tag k="local_y" v="77.9795"/>
    <tag k="ele" v="1.6647"/>
  </node>
  <node id="51473" lat="-5.41673493795" lon="53.38765757764">
    <tag k="local_x" v="-442.6145"/>
    <tag k="local_y" v="77.322"/>
    <tag k="ele" v="1.6647"/>
  </node>
  <node id="51474" lat="-5.41674124795" lon="53.38764938512">
    <tag k="local_x" v="-443.5197"/>
    <tag k="local_y" v="76.6177"/>
    <tag k="ele" v="1.6647"/>
  </node>
  <node id="51475" lat="-5.4167492914" lon="53.38764390213">
    <tag k="local_x" v="-444.123"/>
    <tag k="local_y" v="75.7232"/>
    <tag k="ele" v="1.6647"/>
  </node>
  <node id="51476" lat="-5.41676024807" lon="53.38763881262">
    <tag k="local_x" v="-444.6807"/>
    <tag k="local_y" v="74.5063"/>
    <tag k="ele" v="1.6647"/>
  </node>
  <node id="51477" lat="-5.41677131402" lon="53.38763629905">
    <tag k="local_x" v="-444.9524"/>
    <tag k="local_y" v="73.279"/>
    <tag k="ele" v="1.6647"/>
  </node>
  <node id="51488" lat="-5.41683096048" lon="53.38644169193">
    <tag k="local_x" v="-577.5138"/>
    <tag k="local_y" v="65.8823"/>
    <tag k="ele" v="1.4739"/>
  </node>
  <node id="51490" lat="-5.41680557288" lon="53.38643977087">
    <tag k="local_x" v="-577.7438"/>
    <tag k="local_y" v="68.6929"/>
    <tag k="ele" v="1.4739"/>
  </node>
  <node id="51495" lat="-5.41683236338" lon="53.38642322855">
    <tag k="local_x" v="-579.5623"/>
    <tag k="local_y" v="65.7147"/>
    <tag k="ele" v="1.4603"/>
  </node>
  <node id="51496" lat="-5.41680697579" lon="53.3864213084">
    <tag k="local_x" v="-579.7922"/>
    <tag k="local_y" v="68.5253"/>
    <tag k="ele" v="1.4603"/>
  </node>
  <node id="51503" lat="-5.41680961801" lon="53.38647774516">
    <tag k="local_x" v="-573.526"/>
    <tag k="local_y" v="68.27"/>
    <tag k="ele" v="1.5938"/>
  </node>
  <node id="51505" lat="-5.41683417323" lon="53.38647393511">
    <tag k="local_x" v="-573.9327"/>
    <tag k="local_y" v="65.5478"/>
    <tag k="ele" v="1.5938"/>
  </node>
  <node id="51509" lat="-5.41683842027" lon="53.3864947775">
    <tag k="local_x" v="-571.6164"/>
    <tag k="local_y" v="65.0912"/>
    <tag k="ele" v="1.4737"/>
  </node>
  <node id="51510" lat="-5.41683744063" lon="53.38648434544">
    <tag k="local_x" v="-572.775"/>
    <tag k="local_y" v="65.1928"/>
    <tag k="ele" v="1.4737"/>
  </node>
  <node id="51511" lat="-5.4168131819" lon="53.38649546727">
    <tag k="local_x" v="-571.5565"/>
    <tag k="local_y" v="67.887"/>
    <tag k="ele" v="1.4737"/>
  </node>
  <node id="51512" lat="-5.41681191329" lon="53.38648623694">
    <tag k="local_x" v="-572.5819"/>
    <tag k="local_y" v="68.0214"/>
    <tag k="ele" v="1.4737"/>
  </node>
  <node id="51516" lat="-5.41683127911" lon="53.38646479913">
    <tag k="local_x" v="-574.9487"/>
    <tag k="local_y" v="65.8623"/>
    <tag k="ele" v="1.5938"/>
  </node>
  <node id="51517" lat="-5.41683023494" lon="53.38645384224">
    <tag k="local_x" v="-576.1656"/>
    <tag k="local_y" v="65.9707"/>
    <tag k="ele" v="1.5938"/>
  </node>
  <node id="51518" lat="-5.41680633651" lon="53.38646784482">
    <tag k="local_x" v="-574.6271"/>
    <tag k="local_y" v="68.6269"/>
    <tag k="ele" v="1.5938"/>
  </node>
  <node id="51519" lat="-5.41680513949" lon="53.38645488072">
    <tag k="local_x" v="-576.0669"/>
    <tag k="local_y" v="68.7509"/>
    <tag k="ele" v="1.5938"/>
  </node>
  <node id="51534" lat="-5.41685964701" lon="53.38633811005">
    <tag k="local_x" v="-588.9924"/>
    <tag k="local_y" v="62.6365"/>
    <tag k="ele" v="1.3163"/>
  </node>
  <node id="51535" lat="-5.41684719977" lon="53.38631086958">
    <tag k="local_x" v="-592.0243"/>
    <tag k="local_y" v="63.9971"/>
    <tag k="ele" v="1.3163"/>
  </node>
  <node id="51542" lat="-5.41683895666" lon="53.38636015034">
    <tag k="local_x" v="-586.5596"/>
    <tag k="local_y" v="64.9427"/>
    <tag k="ele" v="1.4194"/>
  </node>
  <node id="51543" lat="-5.41684406369" lon="53.3863506938">
    <tag k="local_x" v="-587.6059"/>
    <tag k="local_y" v="64.3708"/>
    <tag k="ele" v="1.4194"/>
  </node>
  <node id="51544" lat="-5.41685187303" lon="53.38634290406">
    <tag k="local_x" v="-588.4654"/>
    <tag k="local_y" v="63.5007"/>
    <tag k="ele" v="1.4194"/>
  </node>
  <node id="51546" lat="-5.41681337608" lon="53.38635358267">
    <tag k="local_x" v="-587.3055"/>
    <tag k="local_y" v="67.7716"/>
    <tag k="ele" v="1.4194"/>
  </node>
  <node id="51547" lat="-5.41681631354" lon="53.38634383092">
    <tag k="local_x" v="-588.386"/>
    <tag k="local_y" v="67.4398"/>
    <tag k="ele" v="1.4194"/>
  </node>
  <node id="51548" lat="-5.41682150297" lon="53.38633366037">
    <tag k="local_x" v="-589.5115"/>
    <tag k="local_y" v="66.8583"/>
    <tag k="ele" v="1.4194"/>
  </node>
  <node id="51549" lat="-5.41682847974" lon="53.3863244891">
    <tag k="local_x" v="-590.5249"/>
    <tag k="local_y" v="66.0795"/>
    <tag k="ele" v="1.4194"/>
  </node>
  <node id="51550" lat="-5.41683598741" lon="53.3863174354">
    <tag k="local_x" v="-591.3029"/>
    <tag k="local_y" v="65.2433"/>
    <tag k="ele" v="1.4194"/>
  </node>
  <node id="51599" lat="-5.41683668711" lon="53.38637031974">
    <tag k="local_x" v="-585.4323"/>
    <tag k="local_y" v="65.2008"/>
    <tag k="ele" v="1.4398"/>
  </node>
  <node id="51600" lat="-5.41681200636" lon="53.38636807916">
    <tag k="local_x" v="-585.6973"/>
    <tag k="local_y" v="67.9329"/>
    <tag k="ele" v="1.4398"/>
  </node>
  <node id="51606" lat="-5.41719667186" lon="53.38914782652">
    <tag k="local_x" v="-276.8932"/>
    <tag k="local_y" v="27.1672"/>
    <tag k="ele" v="2.7672"/>
  </node>
  <node id="51607" lat="-5.41691826407" lon="53.38714373522">
    <tag k="local_x" v="-499.5297"/>
    <tag k="local_y" v="56.6773"/>
    <tag k="ele" v="1.6189"/>
  </node>
  <node id="51609" lat="-5.41691999799" lon="53.38711946894">
    <tag k="local_x" v="-502.2221"/>
    <tag k="local_y" v="56.4692"/>
    <tag k="ele" v="1.6189"/>
  </node>
  <node id="51655" lat="-5.41685693832" lon="53.38714465403">
    <tag k="local_x" v="-499.4682"/>
    <tag k="local_y" v="63.4702"/>
    <tag k="ele" v="1.5556"/>
  </node>
  <node id="51656" lat="-5.41685671945" lon="53.38711889665">
    <tag k="local_x" v="-502.3274"/>
    <tag k="local_y" v="63.4774"/>
    <tag k="ele" v="1.5873"/>
  </node>
  <node id="51662" lat="-5.41678687922" lon="53.38719305562">
    <tag k="local_x" v="-494.1419"/>
    <tag k="local_y" v="71.2618"/>
    <tag k="ele" v="1.4553"/>
  </node>
  <node id="51664" lat="-5.41679189856" lon="53.38717964823">
    <tag k="local_x" v="-495.6268"/>
    <tag k="local_y" v="70.697"/>
    <tag k="ele" v="1.4553"/>
  </node>
  <node id="51666" lat="-5.41680239194" lon="53.3871662299">
    <tag k="local_x" v="-497.1093"/>
    <tag k="local_y" v="69.5259"/>
    <tag k="ele" v="1.4553"/>
  </node>
  <node id="51668" lat="-5.41681368712" lon="53.38715856088">
    <tag k="local_x" v="-497.9531"/>
    <tag k="local_y" v="68.2698"/>
    <tag k="ele" v="1.4553"/>
  </node>
  <node id="51670" lat="-5.41682311015" lon="53.38715337959">
    <tag k="local_x" v="-498.522"/>
    <tag k="local_y" v="67.2227"/>
    <tag k="ele" v="1.4553"/>
  </node>
  <node id="51672" lat="-5.41683242328" lon="53.38714990346">
    <tag k="local_x" v="-498.9017"/>
    <tag k="local_y" v="66.1889"/>
    <tag k="ele" v="1.4553"/>
  </node>
  <node id="51674" lat="-5.41684449161" lon="53.38714576049">
    <tag k="local_x" v="-499.3536"/>
    <tag k="local_y" v="64.8495"/>
    <tag k="ele" v="1.4553"/>
  </node>
  <node id="51675" lat="-5.41676085268" lon="53.38719194194">
    <tag k="local_x" v="-494.2827"/>
    <tag k="local_y" v="74.1437"/>
    <tag k="ele" v="1.4553"/>
  </node>
  <node id="51677" lat="-5.41676337938" lon="53.38717297457">
    <tag k="local_x" v="-496.3864"/>
    <tag k="local_y" v="73.8513"/>
    <tag k="ele" v="1.4553"/>
  </node>
  <node id="51679" lat="-5.41676903952" lon="53.3871527264">
    <tag k="local_x" v="-498.6302"/>
    <tag k="local_y" v="73.211"/>
    <tag k="ele" v="1.4553"/>
  </node>
  <node id="51681" lat="-5.41678434357" lon="53.38713616143">
    <tag k="local_x" v="-500.4588"/>
    <tag k="local_y" v="71.505"/>
    <tag k="ele" v="1.4553"/>
  </node>
  <node id="51683" lat="-5.4168010076" lon="53.38712568389">
    <tag k="local_x" v="-501.6108"/>
    <tag k="local_y" v="69.6524"/>
    <tag k="ele" v="1.4553"/>
  </node>
  <node id="51685" lat="-5.41681915402" lon="53.3871218354">
    <tag k="local_x" v="-502.026"/>
    <tag k="local_y" v="67.64"/>
    <tag k="ele" v="1.4553"/>
  </node>
  <node id="51687" lat="-5.4168377754" lon="53.38711950572">
    <tag k="local_x" v="-502.2723"/>
    <tag k="local_y" v="65.576"/>
    <tag k="ele" v="1.4553"/>
  </node>
  <node id="51698" lat="-5.41595458525" lon="53.38917124655">
    <tag k="local_x" v="-275.1131"/>
    <tag k="local_y" v="164.7529"/>
    <tag k="ele" v="1.84"/>
  </node>
  <node id="51701" lat="-5.41598481547" lon="53.38917263716">
    <tag k="local_x" v="-274.9388"/>
    <tag k="local_y" v="161.4056"/>
    <tag k="ele" v="1.84"/>
  </node>
  <node id="51726" lat="-5.4159781195" lon="53.38926425405">
    <tag k="local_x" v="-264.7738"/>
    <tag k="local_y" v="162.2078"/>
    <tag k="ele" v="1.8166"/>
  </node>
  <node id="51727" lat="-5.41594794423" lon="53.38926208833">
    <tag k="local_x" v="-265.0341"/>
    <tag k="local_y" v="165.5485"/>
    <tag k="ele" v="1.8166"/>
  </node>
  <node id="51733" lat="-5.41596375926" lon="53.38946346126">
    <tag k="local_x" v="-242.6714"/>
    <tag k="local_y" v="163.93"/>
    <tag k="ele" v="1.8283"/>
  </node>
  <node id="51734" lat="-5.41593358398" lon="53.38946129553">
    <tag k="local_x" v="-242.9317"/>
    <tag k="local_y" v="167.2707"/>
    <tag k="ele" v="1.8283"/>
  </node>
  <node id="51790" lat="-5.41598068857" lon="53.38963960585">
    <tag k="local_x" v="-223.1083"/>
    <tag k="local_y" v="162.1714"/>
    <tag k="ele" v="-0.1252"/>
  </node>
  <node id="51792" lat="-5.41597444416" lon="53.3896149266">
    <tag k="local_x" v="-225.8518"/>
    <tag k="local_y" v="162.8467"/>
    <tag k="ele" v="-0.1252"/>
  </node>
  <node id="51794" lat="-5.41596947028" lon="53.38958997762">
    <tag k="local_x" v="-228.6244"/>
    <tag k="local_y" v="163.3811"/>
    <tag k="ele" v="-0.1252"/>
  </node>
  <node id="51796" lat="-5.41596577998" lon="53.38956482463">
    <tag k="local_x" v="-231.4188"/>
    <tag k="local_y" v="163.7732"/>
    <tag k="ele" v="-0.1252"/>
  </node>
  <node id="51798" lat="-5.41596337995" lon="53.38953953153">
    <tag k="local_x" v="-234.2279"/>
    <tag k="local_y" v="164.0223"/>
    <tag k="ele" v="-0.1252"/>
  </node>
  <node id="51800" lat="-5.41596227511" lon="53.38951416498">
    <tag k="local_x" v="-237.0443"/>
    <tag k="local_y" v="164.1279"/>
    <tag k="ele" v="-0.1252"/>
  </node>
  <node id="51802" lat="-5.41596246675" lon="53.38948879071">
    <tag k="local_x" v="-239.8607"/>
    <tag k="local_y" v="164.0899"/>
    <tag k="ele" v="-0.1252"/>
  </node>
  <node id="51805" lat="-5.4159555251" lon="53.38964696084">
    <tag k="local_x" v="-222.3085"/>
    <tag k="local_y" v="164.9633"/>
    <tag k="ele" v="-0.1252"/>
  </node>
  <node id="51807" lat="-5.41594833396" lon="53.38962113675">
    <tag k="local_x" v="-225.1797"/>
    <tag k="local_y" v="165.7427"/>
    <tag k="ele" v="-0.1252"/>
  </node>
  <node id="51809" lat="-5.41594246707" lon="53.38959496515">
    <tag k="local_x" v="-228.0886"/>
    <tag k="local_y" v="166.3752"/>
    <tag k="ele" v="-0.1252"/>
  </node>
  <node id="51811" lat="-5.41593794198" lon="53.38956851351">
    <tag k="local_x" v="-231.0277"/>
    <tag k="local_y" v="166.8589"/>
    <tag k="ele" v="-0.1252"/>
  </node>
  <node id="51813" lat="-5.41593477175" lon="53.38954185111">
    <tag k="local_x" v="-233.9893"/>
    <tag k="local_y" v="167.1924"/>
    <tag k="ele" v="-0.1252"/>
  </node>
  <node id="51815" lat="-5.41593296582" lon="53.38951504636">
    <tag k="local_x" v="-236.9658"/>
    <tag k="local_y" v="167.3747"/>
    <tag k="ele" v="-0.1252"/>
  </node>
  <node id="51817" lat="-5.41593253001" lon="53.38948816772">
    <tag k="local_x" v="-239.9496"/>
    <tag k="local_y" v="167.4052"/>
    <tag k="ele" v="-0.1252"/>
  </node>
  <node id="51825" lat="-5.41602286419" lon="53.38914582799">
    <tag k="local_x" v="-277.8895"/>
    <tag k="local_y" v="157.1737"/>
    <tag k="ele" v="0.4769"/>
  </node>
  <node id="51826" lat="-5.41600172788" lon="53.38913054902">
    <tag k="local_x" v="-279.5994"/>
    <tag k="local_y" v="159.5046"/>
    <tag k="ele" v="0.4769"/>
  </node>
  <node id="51832" lat="-5.41597884138" lon="53.38925631908">
    <tag k="local_x" v="-265.6541"/>
    <tag k="local_y" v="162.1226"/>
    <tag k="ele" v="1.8166"/>
  </node>
  <node id="51834" lat="-5.41598103136" lon="53.38923961588">
    <tag k="local_x" v="-267.5067"/>
    <tag k="local_y" v="161.869"/>
    <tag k="ele" v="1.8166"/>
  </node>
  <node id="51836" lat="-5.41598448831" lon="53.38922340425">
    <tag k="local_x" v="-269.3039"/>
    <tag k="local_y" v="161.4754"/>
    <tag k="ele" v="1.8166"/>
  </node>
  <node id="51838" lat="-5.41598922912" lon="53.3892074913">
    <tag k="local_x" v="-271.0671"/>
    <tag k="local_y" v="160.9398"/>
    <tag k="ele" v="1.8166"/>
  </node>
  <node id="51840" lat="-5.41599522911" lon="53.38919197718">
    <tag k="local_x" v="-272.7852"/>
    <tag k="local_y" v="160.265"/>
    <tag k="ele" v="1.8166"/>
  </node>
  <node id="51842" lat="-5.41600245547" lon="53.38917696207">
    <tag k="local_x" v="-274.4471"/>
    <tag k="local_y" v="159.4547"/>
    <tag k="ele" v="1.8166"/>
  </node>
  <node id="51844" lat="-5.4160110059" lon="53.38916232559">
    <tag k="local_x" v="-276.0661"/>
    <tag k="local_y" v="158.498"/>
    <tag k="ele" v="1.8166"/>
  </node>
  <node id="51845" lat="-5.41594884867" lon="53.38925236758">
    <tag k="local_x" v="-266.1125"/>
    <tag k="local_y" v="165.4419"/>
    <tag k="ele" v="1.8166"/>
  </node>
  <node id="51847" lat="-5.41595200667" lon="53.38923402258">
    <tag k="local_x" v="-268.1467"/>
    <tag k="local_y" v="165.08"/>
    <tag k="ele" v="1.8166"/>
  </node>
  <node id="51849" lat="-5.41595666549" lon="53.38921571822">
    <tag k="local_x" v="-270.1754"/>
    <tag k="local_y" v="164.5519"/>
    <tag k="ele" v="1.8166"/>
  </node>
  <node id="51851" lat="-5.41596275535" lon="53.38919786571">
    <tag k="local_x" v="-272.153"/>
    <tag k="local_y" v="163.8656"/>
    <tag k="ele" v="1.8166"/>
  </node>
  <node id="51853" lat="-5.41597023268" lon="53.38918057613">
    <tag k="local_x" v="-274.0672"/>
    <tag k="local_y" v="163.026"/>
    <tag k="ele" v="1.8166"/>
  </node>
  <node id="51855" lat="-5.41597904665" lon="53.38916395698">
    <tag k="local_x" v="-275.9061"/>
    <tag k="local_y" v="162.0388"/>
    <tag k="ele" v="1.8166"/>
  </node>
  <node id="51857" lat="-5.41598899783" lon="53.38914832658">
    <tag k="local_x" v="-277.6345"/>
    <tag k="local_y" v="160.9263"/>
    <tag k="ele" v="1.8166"/>
  </node>
  <node id="51861" lat="-5.41601411606" lon="53.38876618063">
    <tag k="local_x" v="-320.0359"/>
    <tag k="local_y" v="157.8916"/>
    <tag k="ele" v="1.7932"/>
  </node>
  <node id="51862" lat="-5.41598394081" lon="53.38876401494">
    <tag k="local_x" v="-320.2962"/>
    <tag k="local_y" v="161.2323"/>
    <tag k="ele" v="1.7932"/>
  </node>
  <node id="51869" lat="-5.41601540206" lon="53.3887553441">
    <tag k="local_x" v="-321.2379"/>
    <tag k="local_y" v="157.742"/>
    <tag k="ele" v="1.7932"/>
  </node>
  <node id="51871" lat="-5.4160178131" lon="53.38874572702">
    <tag k="local_x" v="-322.3038"/>
    <tag k="local_y" v="157.4686"/>
    <tag k="ele" v="1.7932"/>
  </node>
  <node id="51874" lat="-5.41598521986" lon="53.38875065321">
    <tag k="local_x" v="-321.7785"/>
    <tag k="local_y" v="161.0818"/>
    <tag k="ele" v="1.7932"/>
  </node>
  <node id="51876" lat="-5.41598867926" lon="53.38873606501">
    <tag k="local_x" v="-323.3955"/>
    <tag k="local_y" v="160.689"/>
    <tag k="ele" v="1.7932"/>
  </node>
  <node id="51881" lat="-5.41602863746" lon="53.38871952921">
    <tag k="local_x" v="-325.2046"/>
    <tag k="local_y" v="156.2524"/>
    <tag k="ele" v="0.5533"/>
  </node>
  <node id="51882" lat="-5.41600124337" lon="53.38870577035">
    <tag k="local_x" v="-326.7499"/>
    <tag k="local_y" v="159.2774"/>
    <tag k="ele" v="0.5533"/>
  </node>
  <node id="51888" lat="-5.41603463853" lon="53.38866729868">
    <tag k="local_x" v="-330.9982"/>
    <tag k="local_y" v="155.5532"/>
    <tag k="ele" v="1.6717"/>
  </node>
  <node id="51889" lat="-5.41600437741" lon="53.38866526773">
    <tag k="local_x" v="-331.2436"/>
    <tag k="local_y" v="158.9035"/>
    <tag k="ele" v="1.6717"/>
  </node>
  <node id="51895" lat="-5.41602122849" lon="53.38873556342">
    <tag k="local_x" v="-323.4297"/>
    <tag k="local_y" v="157.0836"/>
    <tag k="ele" v="1.1732"/>
  </node>
  <node id="51896" lat="-5.41599344886" lon="53.38872286091">
    <tag k="local_x" v="-324.858"/>
    <tag k="local_y" v="160.152"/>
    <tag k="ele" v="1.1732"/>
  </node>
  <node id="51902" lat="-5.41602702063" lon="53.38872122892">
    <tag k="local_x" v="-325.017"/>
    <tag k="local_y" v="156.4326"/>
    <tag k="ele" v="1.1732"/>
  </node>
  <node id="51903" lat="-5.41603037483" lon="53.3887092864">
    <tag k="local_x" v="-326.3404"/>
    <tag k="local_y" v="156.0532"/>
    <tag k="ele" v="1.1732"/>
  </node>
  <node id="51905" lat="-5.41603225558" lon="53.38869765174">
    <tag k="local_x" v="-327.6306"/>
    <tag k="local_y" v="155.8372"/>
    <tag k="ele" v="1.1732"/>
  </node>
  <node id="51907" lat="-5.41599781962" lon="53.38871181145">
    <tag k="local_x" v="-326.0816"/>
    <tag k="local_y" v="159.6606"/>
    <tag k="ele" v="1.1732"/>
  </node>
  <node id="51908" lat="-5.41600083097" lon="53.38870202504">
    <tag k="local_x" v="-327.1659"/>
    <tag k="local_y" v="159.3206"/>
    <tag k="ele" v="1.1732"/>
  </node>
  <node id="51909" lat="-5.41600238691" lon="53.38869239412">
    <tag k="local_x" v="-328.2339"/>
    <tag k="local_y" v="159.1419"/>
    <tag k="ele" v="1.1732"/>
  </node>
  <node id="51913" lat="-5.41671241299" lon="53.38831066924">
    <tag k="local_x" v="-370.1366"/>
    <tag k="local_y" v="80.2488"/>
    <tag k="ele" v="1.7076"/>
  </node>
  <node id="51914" lat="-5.41668711029" lon="53.3883046791">
    <tag k="local_x" v="-370.8182"/>
    <tag k="local_y" v="83.0473"/>
    <tag k="ele" v="1.7076"/>
  </node>
  <node id="51920" lat="-5.41671459071" lon="53.38829297871">
    <tag k="local_x" v="-372.0988"/>
    <tag k="local_y" v="79.9959"/>
    <tag k="ele" v="1.7833"/>
  </node>
  <node id="51921" lat="-5.41668950582" lon="53.3882895936">
    <tag k="local_x" v="-372.4911"/>
    <tag k="local_y" v="82.772"/>
    <tag k="ele" v="1.7857"/>
  </node>
  <node id="51945" lat="-5.41663003743" lon="53.38839185406">
    <tag k="local_x" v="-361.1795"/>
    <tag k="local_y" v="89.4262"/>
    <tag k="ele" v="1.711"/>
  </node>
  <node id="51946" lat="-5.41666003071" lon="53.38839393792">
    <tag k="local_x" v="-360.9284"/>
    <tag k="local_y" v="86.1056"/>
    <tag k="ele" v="1.7226"/>
  </node>
  <node id="51952" lat="-5.41661350124" lon="53.38842284085">
    <tag k="local_x" v="-357.7509"/>
    <tag k="local_y" v="91.2782"/>
    <tag k="ele" v="1.7198"/>
  </node>
  <node id="51953" lat="-5.41661617484" lon="53.38845432243">
    <tag k="local_x" v="-354.2547"/>
    <tag k="local_y" v="91.0029"/>
    <tag k="ele" v="1.7198"/>
  </node>
  <node id="51959" lat="-5.41662861732" lon="53.38841122658">
    <tag k="local_x" v="-359.0301"/>
    <tag k="local_y" v="89.5963"/>
    <tag k="ele" v="1.7187"/>
  </node>
  <node id="51960" lat="-5.41662523663" lon="53.38841691609">
    <tag k="local_x" v="-358.4008"/>
    <tag k="local_y" v="89.9745"/>
    <tag k="ele" v="1.7187"/>
  </node>
  <node id="51961" lat="-5.41662033738" lon="53.38842125875">
    <tag k="local_x" v="-357.922"/>
    <tag k="local_y" v="90.52"/>
    <tag k="ele" v="1.7187"/>
  </node>
  <node id="51963" lat="-5.41665780264" lon="53.3884125729">
    <tag k="local_x" v="-358.8614"/>
    <tag k="local_y" v="86.3647"/>
    <tag k="ele" v="1.7187"/>
  </node>
  <node id="51964" lat="-5.41665433016" lon="53.38842889904">
    <tag k="local_x" v="-357.0515"/>
    <tag k="local_y" v="86.7601"/>
    <tag k="ele" v="1.7187"/>
  </node>
  <node id="51965" lat="-5.41664761862" lon="53.3884418219">
    <tag k="local_x" v="-355.6215"/>
    <tag k="local_y" v="87.512"/>
    <tag k="ele" v="1.7187"/>
  </node>
  <node id="51966" lat="-5.41663332585" lon="53.3884526619">
    <tag k="local_x" v="-354.4277"/>
    <tag k="local_y" v="89.1022"/>
    <tag k="ele" v="1.7187"/>
  </node>
  <node id="51979" lat="-5.41664647838" lon="53.38792974923">
    <tag k="local_x" v="-412.462"/>
    <tag k="local_y" v="87.2996"/>
    <tag k="ele" v="1.7367"/>
  </node>
  <node id="51980" lat="-5.41667107332" lon="53.38793832736">
    <tag k="local_x" v="-411.4936"/>
    <tag k="local_y" v="84.5812"/>
    <tag k="ele" v="1.7367"/>
  </node>
  <node id="51986" lat="-5.41664169747" lon="53.38794589306">
    <tag k="local_x" v="-410.6732"/>
    <tag k="local_y" v="87.8398"/>
    <tag k="ele" v="1.7296"/>
  </node>
  <node id="51987" lat="-5.41666698978" lon="53.387950449">
    <tag k="local_x" v="-410.1508"/>
    <tag k="local_y" v="85.0415"/>
    <tag k="ele" v="1.7296"/>
  </node>
  <node id="52099" lat="-5.41678168492" lon="53.38708422024">
    <tag k="local_x" v="-506.226"/>
    <tag k="local_y" v="71.7651"/>
    <tag k="ele" v="1.4372"/>
  </node>
  <node id="52100" lat="-5.41675626511" lon="53.38708219935">
    <tag k="local_x" v="-506.4671"/>
    <tag k="local_y" v="74.5792"/>
    <tag k="ele" v="1.4444"/>
  </node>
  <node id="52107" lat="-5.41680851314" lon="53.38714653484">
    <tag k="local_x" v="-499.2914"/>
    <tag k="local_y" v="68.8349"/>
    <tag k="ele" v="1.4058"/>
  </node>
  <node id="52109" lat="-5.41679718467" lon="53.38713850308">
    <tag k="local_x" v="-500.1904"/>
    <tag k="local_y" v="70.0843"/>
    <tag k="ele" v="1.4058"/>
  </node>
  <node id="52111" lat="-5.4167880019" lon="53.38712737566">
    <tag k="local_x" v="-501.4316"/>
    <tag k="local_y" v="71.094"/>
    <tag k="ele" v="1.4058"/>
  </node>
  <node id="52113" lat="-5.41678204318" lon="53.38711608042">
    <tag k="local_x" v="-502.6893"/>
    <tag k="local_y" v="71.7465"/>
    <tag k="ele" v="1.4058"/>
  </node>
  <node id="52116" lat="-5.41679427773" lon="53.38717513046">
    <tag k="local_x" v="-496.1267"/>
    <tag k="local_y" v="70.4305"/>
    <tag k="ele" v="1.4058"/>
  </node>
  <node id="52118" lat="-5.41677722621" lon="53.3871635147">
    <tag k="local_x" v="-497.4273"/>
    <tag k="local_y" v="72.3114"/>
    <tag k="ele" v="1.4058"/>
  </node>
  <node id="52120" lat="-5.41676298001" lon="53.38714632277">
    <tag k="local_x" v="-499.345"/>
    <tag k="local_y" v="73.8779"/>
    <tag k="ele" v="1.4058"/>
  </node>
  <node id="52122" lat="-5.4167557443" lon="53.38712545039">
    <tag k="local_x" v="-501.6666"/>
    <tag k="local_y" v="74.6655"/>
    <tag k="ele" v="1.4058"/>
  </node>
  <node id="52127" lat="-5.41678022158" lon="53.38710571823">
    <tag k="local_x" v="-503.8407"/>
    <tag k="local_y" v="71.9414"/>
    <tag k="ele" v="1.4215"/>
  </node>
  <node id="52128" lat="-5.41675518717" lon="53.38710412928">
    <tag k="local_x" v="-504.0336"/>
    <tag k="local_y" v="74.7131"/>
    <tag k="ele" v="1.4251"/>
  </node>
  <node id="52157" lat="-5.41678535755" lon="53.38705999378">
    <tag k="local_x" v="-508.9127"/>
    <tag k="local_y" v="71.3423"/>
    <tag k="ele" v="1.4441"/>
  </node>
  <node id="52159" lat="-5.41676030669" lon="53.38705398869">
    <tag k="local_x" v="-509.5958"/>
    <tag k="local_y" v="74.1129"/>
    <tag k="ele" v="1.4441"/>
  </node>
  <node id="52163" lat="-5.41679502438" lon="53.38703547221">
    <tag k="local_x" v="-511.6282"/>
    <tag k="local_y" v="70.2554"/>
    <tag k="ele" v="1.6123"/>
  </node>
  <node id="52164" lat="-5.41679695171" lon="53.38702801567">
    <tag k="local_x" v="-512.4546"/>
    <tag k="local_y" v="70.037"/>
    <tag k="ele" v="1.6123"/>
  </node>
  <node id="52165" lat="-5.4167983104" lon="53.38702043548">
    <tag k="local_x" v="-513.2951"/>
    <tag k="local_y" v="69.8815"/>
    <tag k="ele" v="1.6123"/>
  </node>
  <node id="52166" lat="-5.41676984519" lon="53.3870283877">
    <tag k="local_x" v="-512.4312"/>
    <tag k="local_y" v="73.0395"/>
    <tag k="ele" v="1.6123"/>
  </node>
  <node id="52167" lat="-5.41677183123" lon="53.38702199388">
    <tag k="local_x" v="-513.1396"/>
    <tag k="local_y" v="72.8153"/>
    <tag k="ele" v="1.6123"/>
  </node>
  <node id="52168" lat="-5.41677329278" lon="53.38701546083">
    <tag k="local_x" v="-513.8638"/>
    <tag k="local_y" v="72.6491"/>
    <tag k="ele" v="1.6123"/>
  </node>
  <node id="52178" lat="-5.41678313813" lon="53.38706933765">
    <tag k="local_x" v="-507.877"/>
    <tag k="local_y" v="71.5943"/>
    <tag k="ele" v="1.4407"/>
  </node>
  <node id="52179" lat="-5.41675795122" lon="53.38706685682">
    <tag k="local_x" v="-508.169"/>
    <tag k="local_y" v="74.3823"/>
    <tag k="ele" v="1.4442"/>
  </node>
  <node id="52187" lat="-5.41795224011" lon="53.38994658794">
    <tag k="local_x" v="-187.7329"/>
    <tag k="local_y" v="-55.9893"/>
    <tag k="ele" v="1.8088"/>
  </node>
  <node id="52188" lat="-5.41795169002" lon="53.38992129097">
    <tag k="local_x" v="-190.5412"/>
    <tag k="local_y" v="-55.9451"/>
    <tag k="ele" v="1.8088"/>
  </node>
  <node id="52196" lat="-5.41689989458" lon="53.38913260683">
    <tag k="local_x" v="-278.7784"/>
    <tag k="local_y" v="60.0274"/>
    <tag k="ele" v="1.7607"/>
  </node>
  <node id="52197" lat="-5.41689751674" lon="53.38915852114">
    <tag k="local_x" v="-275.9035"/>
    <tag k="local_y" v="60.3079"/>
    <tag k="ele" v="1.802"/>
  </node>
  <node id="52208" lat="-5.41694136211" lon="53.38912751615">
    <tag k="local_x" v="-279.3161"/>
    <tag k="local_y" v="55.4312"/>
    <tag k="ele" v="1.4329"/>
  </node>
  <node id="52238" lat="-5.41694857205" lon="53.38915481763">
    <tag k="local_x" v="-276.2809"/>
    <tag k="local_y" v="54.6507"/>
    <tag k="ele" v="1.5522"/>
  </node>
  <node id="52244" lat="-5.41693229127" lon="53.38913059802">
    <tag k="local_x" v="-278.98"/>
    <tag k="local_y" v="56.4379"/>
    <tag k="ele" v="1.4926"/>
  </node>
  <node id="52245" lat="-5.41692467895" lon="53.38913268472">
    <tag k="local_x" v="-278.7534"/>
    <tag k="local_y" v="57.2824"/>
    <tag k="ele" v="1.4926"/>
  </node>
  <node id="52246" lat="-5.41691687329" lon="53.38913384194">
    <tag k="local_x" v="-278.6301"/>
    <tag k="local_y" v="58.1477"/>
    <tag k="ele" v="1.4926"/>
  </node>
  <node id="52247" lat="-5.41693781751" lon="53.38915822933">
    <tag k="local_x" v="-275.9093"/>
    <tag k="local_y" v="55.8441"/>
    <tag k="ele" v="1.4926"/>
  </node>
  <node id="52248" lat="-5.4169284552" lon="53.38915952193">
    <tag k="local_x" v="-275.772"/>
    <tag k="local_y" v="56.8819"/>
    <tag k="ele" v="1.4926"/>
  </node>
  <node id="52249" lat="-5.41691900996" lon="53.38915977988">
    <tag k="local_x" v="-275.7496"/>
    <tag k="local_y" v="57.9282"/>
    <tag k="ele" v="1.4926"/>
  </node>
  <node id="52255" lat="-5.41698200247" lon="53.38911166634">
    <tag k="local_x" v="-281.0486"/>
    <tag k="local_y" v="50.9195"/>
    <tag k="ele" v="2.1426"/>
  </node>
  <node id="52256" lat="-5.41698969883" lon="53.38913832438">
    <tag k="local_x" v="-278.0845"/>
    <tag k="local_y" v="50.0847"/>
    <tag k="ele" v="2.1426"/>
  </node>
  <node id="52262" lat="-5.41700027205" lon="53.38910938294">
    <tag k="local_x" v="-281.29"/>
    <tag k="local_y" v="48.8945"/>
    <tag k="ele" v="2.1536"/>
  </node>
  <node id="52263" lat="-5.41698954239" lon="53.38911000439">
    <tag k="local_x" v="-281.2281"/>
    <tag k="local_y" v="50.0833"/>
    <tag k="ele" v="2.1536"/>
  </node>
  <node id="52264" lat="-5.41700265014" lon="53.38913553026">
    <tag k="local_x" v="-278.3861"/>
    <tag k="local_y" v="48.6484"/>
    <tag k="ele" v="2.1536"/>
  </node>
  <node id="52265" lat="-5.41699564241" lon="53.38913650255">
    <tag k="local_x" v="-278.2828"/>
    <tag k="local_y" v="49.4252"/>
    <tag k="ele" v="2.1536"/>
  </node>
  <node id="52269" lat="-5.4170121892" lon="53.3891100058">
    <tag k="local_x" v="-281.213"/>
    <tag k="local_y" v="47.575"/>
    <tag k="ele" v="2.1628"/>
  </node>
  <node id="52270" lat="-5.41701065022" lon="53.3891351791">
    <tag k="local_x" v="-278.4198"/>
    <tag k="local_y" v="47.7621"/>
    <tag k="ele" v="2.1628"/>
  </node>
  <node id="52302" lat="-5.416633429" lon="53.38834111379">
    <tag k="local_x" v="-366.8094"/>
    <tag k="local_y" v="89.017"/>
    <tag k="ele" v="1.7086"/>
  </node>
  <node id="52304" lat="-5.41666455931" lon="53.38834340169">
    <tag k="local_x" v="-366.5349"/>
    <tag k="local_y" v="85.5706"/>
    <tag k="ele" v="1.719"/>
  </node>
  <node id="52331" lat="-5.41668630452" lon="53.38989735849">
    <tag k="local_x" v="-194.0325"/>
    <tag k="local_y" v="84.1897"/>
    <tag k="ele" v="1.7984"/>
  </node>
  <node id="52332" lat="-5.41668352246" lon="53.38986735858">
    <tag k="local_x" v="-197.3643"/>
    <tag k="local_y" v="84.478"/>
    <tag k="ele" v="1.7737"/>
  </node>
  <node id="52338" lat="-5.41656927174" lon="53.38991395411">
    <tag k="local_x" v="-192.2676"/>
    <tag k="local_y" v="97.1629"/>
    <tag k="ele" v="2.0382"/>
  </node>
  <node id="52339" lat="-5.41655204086" lon="53.38988635451">
    <tag k="local_x" v="-195.3425"/>
    <tag k="local_y" v="99.0531"/>
    <tag k="ele" v="2.0382"/>
  </node>
  <node id="52360" lat="-5.41662292681" lon="53.38989956578">
    <tag k="local_x" v="-193.8293"/>
    <tag k="local_y" v="91.2107"/>
    <tag k="ele" v="1.7433"/>
  </node>
  <node id="52361" lat="-5.41662508833" lon="53.38986810856">
    <tag k="local_x" v="-197.3196"/>
    <tag k="local_y" v="90.9505"/>
    <tag k="ele" v="1.7433"/>
  </node>
  <node id="52397" lat="-5.41658224014" lon="53.38990585176">
    <tag k="local_x" v="-193.1584"/>
    <tag k="local_y" v="95.7212"/>
    <tag k="ele" v="2.0382"/>
  </node>
  <node id="52399" lat="-5.41659519116" lon="53.38990104143">
    <tag k="local_x" v="-193.6838"/>
    <tag k="local_y" v="94.2836"/>
    <tag k="ele" v="2.0382"/>
  </node>
  <node id="52401" lat="-5.41660970301" lon="53.38989891193">
    <tag k="local_x" v="-193.9106"/>
    <tag k="local_y" v="92.6749"/>
    <tag k="ele" v="2.0382"/>
  </node>
  <node id="52403" lat="-5.41656830347" lon="53.38987667671">
    <tag k="local_x" v="-196.406"/>
    <tag k="local_y" v="97.2455"/>
    <tag k="ele" v="2.0382"/>
  </node>
  <node id="52405" lat="-5.41658760156" lon="53.38987002684">
    <tag k="local_x" v="-197.1314"/>
    <tag k="local_y" v="95.1037"/>
    <tag k="ele" v="2.0382"/>
  </node>
  <node id="52407" lat="-5.41660700369" lon="53.38986749621">
    <tag k="local_x" v="-197.3995"/>
    <tag k="local_y" v="92.9531"/>
    <tag k="ele" v="2.0382"/>
  </node>
  <node id="52411" lat="-5.41685702803" lon="53.38626516769">
    <tag k="local_x" v="-597.0907"/>
    <tag k="local_y" v="62.8783"/>
    <tag k="ele" v="1.3343"/>
  </node>
  <node id="52412" lat="-5.41685487153" lon="53.38629048062">
    <tag k="local_x" v="-594.2824"/>
    <tag k="local_y" v="63.1339"/>
    <tag k="ele" v="1.3343"/>
  </node>
  <node id="52452" lat="-5.41677290385" lon="53.38636429555">
    <tag k="local_x" v="-586.1431"/>
    <tag k="local_y" v="72.2613"/>
    <tag k="ele" v="1.3228"/>
  </node>
  <node id="52453" lat="-5.41680271894" lon="53.38636286052">
    <tag k="local_x" v="-586.2827"/>
    <tag k="local_y" v="68.9581"/>
    <tag k="ele" v="1.3161"/>
  </node>
  <node id="52460" lat="-5.41683623903" lon="53.38626601119">
    <tag k="local_x" v="-597.0108"/>
    <tag k="local_y" v="65.1814"/>
    <tag k="ele" v="1.3343"/>
  </node>
  <node id="52462" lat="-5.41681628908" lon="53.38627219115">
    <tag k="local_x" v="-596.338"/>
    <tag k="local_y" v="67.3951"/>
    <tag k="ele" v="1.3343"/>
  </node>
  <node id="52464" lat="-5.41679862253" lon="53.38628351521">
    <tag k="local_x" v="-595.0927"/>
    <tag k="local_y" v="69.3593"/>
    <tag k="ele" v="1.3343"/>
  </node>
  <node id="52466" lat="-5.41678455114" lon="53.38629920889">
    <tag k="local_x" v="-593.36"/>
    <tag k="local_y" v="70.9282"/>
    <tag k="ele" v="1.3343"/>
  </node>
  <node id="52468" lat="-5.41677513646" lon="53.38631817578">
    <tag k="local_x" v="-591.2609"/>
    <tag k="local_y" v="71.9835"/>
    <tag k="ele" v="1.3343"/>
  </node>
  <node id="52470" lat="-5.41677118153" lon="53.38633806335">
    <tag k="local_x" v="-589.056"/>
    <tag k="local_y" v="72.4347"/>
    <tag k="ele" v="1.3343"/>
  </node>
  <node id="52472" lat="-5.41684115903" lon="53.38629400905">
    <tag k="local_x" v="-593.8998"/>
    <tag k="local_y" v="64.655"/>
    <tag k="ele" v="1.3343"/>
  </node>
  <node id="52474" lat="-5.41683001641" lon="53.38629925104">
    <tag k="local_x" v="-593.3253"/>
    <tag k="local_y" v="65.8926"/>
    <tag k="ele" v="1.3343"/>
  </node>
  <node id="52476" lat="-5.41681995136" lon="53.38630653166">
    <tag k="local_x" v="-592.5238"/>
    <tag k="local_y" v="67.0122"/>
    <tag k="ele" v="1.3343"/>
  </node>
  <node id="52478" lat="-5.41681083504" lon="53.3863166526">
    <tag k="local_x" v="-591.4064"/>
    <tag k="local_y" v="68.0286"/>
    <tag k="ele" v="1.3343"/>
  </node>
  <node id="52480" lat="-5.4168054825" lon="53.38632793223">
    <tag k="local_x" v="-590.1579"/>
    <tag k="local_y" v="68.6289"/>
    <tag k="ele" v="1.3343"/>
  </node>
  <node id="52482" lat="-5.41680298328" lon="53.38634288049">
    <tag k="local_x" v="-588.5003"/>
    <tag k="local_y" v="68.9156"/>
    <tag k="ele" v="1.3343"/>
  </node>
  <way id="21">
    <nd ref="14"/>
    <nd ref="20"/>
    <nd ref="83"/>
    <nd ref="104"/>
    <tag k="type" v="line_thin"/>
    <tag k="subtype" v="solid"/>
  </way>
  <way id="78">
    <nd ref="8"/>
    <nd ref="77"/>
    <nd ref="79"/>
    <nd ref="80"/>
    <tag k="type" v="line_thin"/>
    <tag k="subtype" v="solid"/>
  </way>
  <way id="315">
    <nd ref="302"/>
    <nd ref="318"/>
    <tag k="type" v="line_thin"/>
    <tag k="subtype" v="solid"/>
  </way>
  <way id="320">
    <nd ref="312"/>
    <nd ref="322"/>
    <tag k="type" v="line_thin"/>
    <tag k="subtype" v="solid"/>
  </way>
  <way id="470">
    <nd ref="467"/>
    <nd ref="474"/>
    <nd ref="476"/>
    <tag k="type" v="line_thin"/>
    <tag k="subtype" v="solid"/>
  </way>
  <way id="478">
    <nd ref="461"/>
    <nd ref="479"/>
    <nd ref="481"/>
    <tag k="type" v="line_thin"/>
    <tag k="subtype" v="solid"/>
  </way>
  <way id="510">
    <nd ref="502"/>
    <nd ref="511"/>
    <nd ref="513"/>
    <nd ref="514"/>
    <tag k="type" v="line_thin"/>
    <tag k="subtype" v="solid"/>
  </way>
  <way id="516">
    <nd ref="507"/>
    <nd ref="517"/>
    <nd ref="519"/>
    <nd ref="520"/>
    <tag k="type" v="line_thin"/>
    <tag k="subtype" v="solid"/>
  </way>
  <way id="746">
    <nd ref="730"/>
    <nd ref="748"/>
    <nd ref="749"/>
    <nd ref="750"/>
    <nd ref="751"/>
    <tag k="type" v="line_thin"/>
    <tag k="subtype" v="solid"/>
  </way>
  <way id="756">
    <nd ref="743"/>
    <nd ref="757"/>
    <nd ref="758"/>
    <nd ref="759"/>
    <nd ref="760"/>
    <tag k="type" v="line_thin"/>
    <tag k="subtype" v="solid"/>
  </way>
  <way id="1699">
    <nd ref="1486"/>
    <nd ref="1697"/>
    <tag k="type" v="line_thin"/>
    <tag k="subtype" v="solid"/>
  </way>
  <way id="1701">
    <nd ref="1488"/>
    <nd ref="1698"/>
    <tag k="type" v="line_thin"/>
    <tag k="subtype" v="solid"/>
  </way>
  <way id="2425">
    <nd ref="1475"/>
    <nd ref="2423"/>
    <tag k="type" v="line_thin"/>
    <tag k="subtype" v="solid"/>
  </way>
  <way id="2427">
    <nd ref="1472"/>
    <nd ref="2424"/>
    <tag k="type" v="line_thin"/>
    <tag k="subtype" v="solid"/>
  </way>
  <way id="4893">
    <nd ref="4827"/>
    <nd ref="4868"/>
    <nd ref="4872"/>
    <nd ref="4876"/>
    <nd ref="4058"/>
    <tag k="type" v="line_thin"/>
    <tag k="subtype" v="solid"/>
  </way>
  <way id="4894">
    <nd ref="4828"/>
    <nd ref="4882"/>
    <nd ref="4886"/>
    <nd ref="4890"/>
    <nd ref="4059"/>
    <tag k="type" v="line_thin"/>
    <tag k="subtype" v="solid"/>
  </way>
  <way id="9782">
    <nd ref="164"/>
    <nd ref="9780"/>
    <tag k="type" v="line_thin"/>
    <tag k="subtype" v="solid"/>
  </way>
  <way id="9784">
    <nd ref="170"/>
    <nd ref="9781"/>
    <tag k="type" v="line_thin"/>
    <tag k="subtype" v="solid"/>
  </way>
  <way id="9883">
    <nd ref="760"/>
    <nd ref="767"/>
    <nd ref="769"/>
    <nd ref="9881"/>
    <tag k="type" v="line_thin"/>
    <tag k="subtype" v="solid"/>
  </way>
  <way id="9885">
    <nd ref="751"/>
    <nd ref="762"/>
    <nd ref="764"/>
    <nd ref="9882"/>
    <tag k="type" v="line_thin"/>
    <tag k="subtype" v="solid"/>
  </way>
  <way id="9907">
    <nd ref="723"/>
    <nd ref="9905"/>
    <tag k="type" v="line_thin"/>
    <tag k="subtype" v="solid"/>
  </way>
  <way id="9908">
    <nd ref="9905"/>
    <nd ref="741"/>
    <nd ref="743"/>
    <tag k="type" v="line_thin"/>
    <tag k="subtype" v="solid"/>
  </way>
  <way id="9909">
    <nd ref="706"/>
    <nd ref="9906"/>
    <tag k="type" v="line_thin"/>
    <tag k="subtype" v="solid"/>
  </way>
  <way id="9910">
    <nd ref="9906"/>
    <nd ref="728"/>
    <nd ref="730"/>
    <tag k="type" v="line_thin"/>
    <tag k="subtype" v="solid"/>
  </way>
  <way id="10721">
    <nd ref="10718"/>
    <nd ref="312"/>
    <tag k="type" v="line_thin"/>
    <tag k="subtype" v="solid"/>
    <tag k="lane_change" v="yes"/>
  </way>
  <way id="10826">
    <nd ref="10823"/>
    <nd ref="302"/>
    <tag k="type" v="line_thin"/>
    <tag k="subtype" v="solid"/>
    <tag k="lane_change" v="yes"/>
  </way>
  <way id="10828">
    <nd ref="10824"/>
    <nd ref="10718"/>
    <nd ref="312"/>
    <tag k="type" v="line_thin"/>
    <tag k="subtype" v="solid"/>
    <tag k="lane_change" v="yes"/>
  </way>
  <way id="12381">
    <nd ref="12378"/>
    <nd ref="11917"/>
    <tag k="type" v="line_thin"/>
    <tag k="subtype" v="solid"/>
  </way>
  <way id="12383">
    <nd ref="12379"/>
    <nd ref="11918"/>
    <tag k="type" v="line_thin"/>
    <tag k="subtype" v="solid"/>
  </way>
  <way id="12385">
    <nd ref="12360"/>
    <nd ref="12378"/>
    <tag k="type" v="line_thin"/>
    <tag k="subtype" v="solid"/>
  </way>
  <way id="12386">
    <nd ref="12365"/>
    <nd ref="12379"/>
    <tag k="type" v="line_thin"/>
    <tag k="subtype" v="solid"/>
  </way>
  <way id="14853">
    <nd ref="14851"/>
    <nd ref="14852"/>
    <tag k="type" v="line_thin"/>
    <tag k="subtype" v="solid"/>
  </way>
  <way id="14856">
    <nd ref="14854"/>
    <nd ref="14855"/>
    <tag k="type" v="line_thin"/>
    <tag k="subtype" v="solid"/>
  </way>
  <way id="15108">
    <nd ref="15106"/>
    <nd ref="15107"/>
    <tag k="type" v="line_thin"/>
    <tag k="subtype" v="solid"/>
  </way>
  <way id="15111">
    <nd ref="15109"/>
    <nd ref="15110"/>
    <tag k="type" v="line_thin"/>
    <tag k="subtype" v="solid"/>
  </way>
  <way id="15277">
    <nd ref="182"/>
    <nd ref="15109"/>
    <tag k="type" v="line_thin"/>
    <tag k="subtype" v="solid"/>
  </way>
  <way id="15278">
    <nd ref="188"/>
    <nd ref="15106"/>
    <tag k="type" v="line_thin"/>
    <tag k="subtype" v="solid"/>
  </way>
  <way id="21008">
    <nd ref="20994"/>
    <nd ref="20996"/>
    <nd ref="20997"/>
    <nd ref="20998"/>
    <nd ref="20999"/>
    <nd ref="21000"/>
    <tag k="type" v="line_thin"/>
    <tag k="subtype" v="solid"/>
  </way>
  <way id="21009">
    <nd ref="21001"/>
    <nd ref="21003"/>
    <nd ref="21004"/>
    <nd ref="21005"/>
    <nd ref="21006"/>
    <nd ref="21007"/>
    <tag k="type" v="line_thin"/>
    <tag k="subtype" v="solid"/>
  </way>
  <way id="21051">
    <nd ref="20987"/>
    <nd ref="8036"/>
    <tag k="type" v="line_thin"/>
    <tag k="subtype" v="solid"/>
  </way>
  <way id="21052">
    <nd ref="20988"/>
    <nd ref="8037"/>
    <tag k="type" v="line_thin"/>
    <tag k="subtype" v="solid"/>
  </way>
  <way id="21118">
    <nd ref="21115"/>
    <nd ref="10332"/>
    <nd ref="10339"/>
    <tag k="type" v="line_thin"/>
    <tag k="subtype" v="solid"/>
  </way>
  <way id="21120">
    <nd ref="21116"/>
    <nd ref="10333"/>
    <nd ref="10340"/>
    <tag k="type" v="line_thin"/>
    <tag k="subtype" v="solid"/>
  </way>
  <way id="21133">
    <nd ref="21125"/>
    <nd ref="21126"/>
    <nd ref="21127"/>
    <nd ref="21128"/>
    <tag k="type" v="line_thin"/>
    <tag k="subtype" v="solid"/>
  </way>
  <way id="21134">
    <nd ref="21129"/>
    <nd ref="21130"/>
    <nd ref="21131"/>
    <nd ref="21132"/>
    <tag k="type" v="line_thin"/>
    <tag k="subtype" v="solid"/>
  </way>
  <way id="21138">
    <nd ref="7015"/>
    <nd ref="21136"/>
    <tag k="type" v="line_thin"/>
    <tag k="subtype" v="solid"/>
  </way>
  <way id="21140">
    <nd ref="7016"/>
    <nd ref="21137"/>
    <tag k="type" v="line_thin"/>
    <tag k="subtype" v="solid"/>
  </way>
  <way id="21170">
    <nd ref="21136"/>
    <nd ref="21115"/>
    <tag k="type" v="line_thin"/>
    <tag k="subtype" v="solid"/>
  </way>
  <way id="21171">
    <nd ref="21137"/>
    <nd ref="21116"/>
    <tag k="type" v="line_thin"/>
    <tag k="subtype" v="solid"/>
  </way>
  <way id="21773">
    <nd ref="10339"/>
    <nd ref="10741"/>
    <nd ref="10743"/>
    <nd ref="10746"/>
    <nd ref="10749"/>
    <nd ref="10752"/>
    <nd ref="10755"/>
    <nd ref="16252"/>
    <nd ref="21739"/>
    <nd ref="16259"/>
    <nd ref="16262"/>
    <nd ref="16265"/>
    <nd ref="16268"/>
    <nd ref="16271"/>
    <nd ref="10823"/>
    <tag k="type" v="line_thin"/>
    <tag k="subtype" v="solid"/>
  </way>
  <way id="21774">
    <nd ref="10340"/>
    <nd ref="10766"/>
    <nd ref="10769"/>
    <nd ref="10772"/>
    <nd ref="10775"/>
    <nd ref="10778"/>
    <nd ref="10781"/>
    <nd ref="10784"/>
    <nd ref="16253"/>
    <nd ref="21740"/>
    <nd ref="16274"/>
    <nd ref="16277"/>
    <nd ref="16280"/>
    <nd ref="16283"/>
    <nd ref="16286"/>
    <nd ref="10824"/>
    <tag k="type" v="line_thin"/>
    <tag k="subtype" v="solid"/>
  </way>
  <way id="21775">
    <nd ref="21128"/>
    <nd ref="21208"/>
    <nd ref="21210"/>
    <nd ref="21212"/>
    <nd ref="21214"/>
    <nd ref="21216"/>
    <nd ref="21218"/>
    <nd ref="16452"/>
    <nd ref="16455"/>
    <nd ref="16458"/>
    <nd ref="16461"/>
    <nd ref="10823"/>
    <tag k="type" v="line_thin"/>
    <tag k="subtype" v="solid"/>
  </way>
  <way id="21776">
    <nd ref="21132"/>
    <nd ref="21219"/>
    <nd ref="21221"/>
    <nd ref="21223"/>
    <nd ref="21225"/>
    <nd ref="21227"/>
    <nd ref="21229"/>
    <nd ref="16465"/>
    <nd ref="16468"/>
    <nd ref="16471"/>
    <nd ref="16474"/>
    <nd ref="16477"/>
    <nd ref="10824"/>
    <tag k="type" v="line_thin"/>
    <tag k="subtype" v="solid"/>
  </way>
  <way id="22020">
    <nd ref="22003"/>
    <nd ref="21994"/>
    <nd ref="21125"/>
    <tag k="type" v="line_thin"/>
    <tag k="subtype" v="solid"/>
  </way>
  <way id="22021">
    <nd ref="22004"/>
    <nd ref="21998"/>
    <nd ref="22011"/>
    <nd ref="21129"/>
    <tag k="type" v="line_thin"/>
    <tag k="subtype" v="solid"/>
  </way>
  <way id="22079">
    <nd ref="22043"/>
    <nd ref="22047"/>
    <nd ref="22055"/>
    <nd ref="22058"/>
    <nd ref="22061"/>
    <nd ref="10823"/>
    <tag k="type" v="line_thin"/>
    <tag k="subtype" v="solid"/>
  </way>
  <way id="22080">
    <nd ref="22040"/>
    <nd ref="22048"/>
    <nd ref="22066"/>
    <nd ref="22068"/>
    <nd ref="22073"/>
    <nd ref="10824"/>
    <tag k="type" v="line_thin"/>
    <tag k="subtype" v="solid"/>
  </way>
  <way id="23754">
    <nd ref="23727"/>
    <nd ref="23752"/>
    <tag k="type" v="line_thin"/>
    <tag k="subtype" v="solid"/>
  </way>
  <way id="23755">
    <nd ref="23752"/>
    <nd ref="22900"/>
    <tag k="type" v="line_thin"/>
    <tag k="subtype" v="solid"/>
  </way>
  <way id="23756">
    <nd ref="23728"/>
    <nd ref="23753"/>
    <tag k="type" v="line_thin"/>
    <tag k="subtype" v="solid"/>
  </way>
  <way id="23757">
    <nd ref="23753"/>
    <nd ref="22901"/>
    <tag k="type" v="line_thin"/>
    <tag k="subtype" v="solid"/>
  </way>
  <way id="24197">
    <nd ref="24194"/>
    <nd ref="24151"/>
    <tag k="type" v="line_thin"/>
    <tag k="subtype" v="solid"/>
  </way>
  <way id="24199">
    <nd ref="24195"/>
    <nd ref="24153"/>
    <tag k="type" v="line_thin"/>
    <tag k="subtype" v="solid"/>
  </way>
  <way id="24293">
    <nd ref="24151"/>
    <nd ref="24291"/>
    <tag k="type" v="line_thin"/>
    <tag k="subtype" v="solid"/>
  </way>
  <way id="24295">
    <nd ref="24153"/>
    <nd ref="24292"/>
    <tag k="type" v="line_thin"/>
    <tag k="subtype" v="solid"/>
  </way>
  <way id="24355">
    <nd ref="24284"/>
    <nd ref="24263"/>
    <tag k="type" v="line_thin"/>
    <tag k="subtype" v="solid"/>
  </way>
  <way id="24356">
    <nd ref="24285"/>
    <nd ref="24264"/>
    <tag k="type" v="line_thin"/>
    <tag k="subtype" v="solid"/>
  </way>
  <way id="24358">
    <nd ref="23903"/>
    <nd ref="24284"/>
    <tag k="type" v="line_thin"/>
    <tag k="subtype" v="solid"/>
  </way>
  <way id="24359">
    <nd ref="23904"/>
    <nd ref="24285"/>
    <tag k="type" v="line_thin"/>
    <tag k="subtype" v="solid"/>
  </way>
  <way id="24582">
    <nd ref="24549"/>
    <nd ref="24550"/>
    <nd ref="24483"/>
    <nd ref="23924"/>
    <tag k="type" v="line_thin"/>
    <tag k="subtype" v="solid"/>
  </way>
  <way id="24583">
    <nd ref="24551"/>
    <nd ref="24552"/>
    <nd ref="24484"/>
    <nd ref="23925"/>
    <tag k="type" v="line_thin"/>
    <tag k="subtype" v="solid"/>
  </way>
  <way id="24605">
    <nd ref="24328"/>
    <nd ref="24389"/>
    <tag k="type" v="line_thin"/>
    <tag k="subtype" v="solid"/>
  </way>
  <way id="24606">
    <nd ref="24344"/>
    <nd ref="24391"/>
    <tag k="type" v="line_thin"/>
    <tag k="subtype" v="solid"/>
  </way>
  <way id="25086">
    <nd ref="25077"/>
    <nd ref="23878"/>
    <tag k="type" v="line_thin"/>
    <tag k="subtype" v="solid"/>
  </way>
  <way id="25087">
    <nd ref="25078"/>
    <nd ref="23875"/>
    <tag k="type" v="line_thin"/>
    <tag k="subtype" v="solid"/>
  </way>
  <way id="25227">
    <nd ref="24899"/>
    <nd ref="25168"/>
    <nd ref="25172"/>
    <nd ref="25176"/>
    <nd ref="25202"/>
    <nd ref="25206"/>
    <nd ref="25210"/>
    <nd ref="25195"/>
    <nd ref="19125"/>
    <tag k="type" v="line_thin"/>
    <tag k="subtype" v="solid"/>
  </way>
  <way id="25228">
    <nd ref="24901"/>
    <nd ref="25179"/>
    <nd ref="25183"/>
    <nd ref="25187"/>
    <nd ref="25160"/>
    <nd ref="25214"/>
    <nd ref="25218"/>
    <nd ref="19129"/>
    <tag k="type" v="line_thin"/>
    <tag k="subtype" v="solid"/>
  </way>
  <way id="25242">
    <nd ref="25036"/>
    <nd ref="25240"/>
    <tag k="type" v="line_thin"/>
    <tag k="subtype" v="solid"/>
  </way>
  <way id="25243">
    <nd ref="25240"/>
    <nd ref="24899"/>
    <tag k="type" v="line_thin"/>
    <tag k="subtype" v="solid"/>
  </way>
  <way id="25244">
    <nd ref="25037"/>
    <nd ref="25241"/>
    <tag k="type" v="line_thin"/>
    <tag k="subtype" v="solid"/>
  </way>
  <way id="25245">
    <nd ref="25241"/>
    <nd ref="24901"/>
    <tag k="type" v="line_thin"/>
    <tag k="subtype" v="solid"/>
  </way>
  <way id="25386">
    <nd ref="25383"/>
    <nd ref="19406"/>
    <tag k="type" v="line_thin"/>
    <tag k="subtype" v="solid"/>
  </way>
  <way id="25388">
    <nd ref="25384"/>
    <nd ref="19409"/>
    <tag k="type" v="line_thin"/>
    <tag k="subtype" v="solid"/>
  </way>
  <way id="25394">
    <nd ref="25390"/>
    <nd ref="25391"/>
    <tag k="type" v="line_thin"/>
    <tag k="subtype" v="solid"/>
  </way>
  <way id="25395">
    <nd ref="25392"/>
    <nd ref="25393"/>
    <tag k="type" v="line_thin"/>
    <tag k="subtype" v="solid"/>
  </way>
  <way id="25409">
    <nd ref="25402"/>
    <nd ref="24827"/>
    <nd ref="25383"/>
    <tag k="type" v="line_thin"/>
    <tag k="subtype" v="solid"/>
  </way>
  <way id="25410">
    <nd ref="25403"/>
    <nd ref="24828"/>
    <nd ref="25384"/>
    <tag k="type" v="line_thin"/>
    <tag k="subtype" v="solid"/>
  </way>
  <way id="25411">
    <nd ref="25334"/>
    <nd ref="25390"/>
    <tag k="type" v="line_thin"/>
    <tag k="subtype" v="solid"/>
  </way>
  <way id="25412">
    <nd ref="25360"/>
    <nd ref="25392"/>
    <tag k="type" v="line_thin"/>
    <tag k="subtype" v="solid"/>
  </way>
  <way id="25710">
    <nd ref="25707"/>
    <nd ref="25672"/>
    <tag k="type" v="line_thin"/>
    <tag k="subtype" v="solid"/>
  </way>
  <way id="25712">
    <nd ref="25708"/>
    <nd ref="25673"/>
    <tag k="type" v="line_thin"/>
    <tag k="subtype" v="solid"/>
  </way>
  <way id="25734">
    <nd ref="25391"/>
    <nd ref="25730"/>
    <nd ref="25707"/>
    <tag k="type" v="line_thin"/>
    <tag k="subtype" v="solid"/>
  </way>
  <way id="25735">
    <nd ref="25393"/>
    <nd ref="25732"/>
    <nd ref="25708"/>
    <tag k="type" v="line_thin"/>
    <tag k="subtype" v="solid"/>
  </way>
  <way id="25747">
    <nd ref="25414"/>
    <nd ref="25036"/>
    <tag k="type" v="line_thin"/>
    <tag k="subtype" v="solid"/>
  </way>
  <way id="25748">
    <nd ref="25417"/>
    <nd ref="25037"/>
    <tag k="type" v="line_thin"/>
    <tag k="subtype" v="solid"/>
  </way>
  <way id="26169">
    <nd ref="26133"/>
    <nd ref="26134"/>
    <nd ref="25919"/>
    <tag k="type" v="line_thin"/>
    <tag k="subtype" v="solid"/>
  </way>
  <way id="26170">
    <nd ref="26135"/>
    <nd ref="26136"/>
    <nd ref="25934"/>
    <tag k="type" v="line_thin"/>
    <tag k="subtype" v="solid"/>
  </way>
  <way id="26254">
    <nd ref="26205"/>
    <nd ref="26206"/>
    <nd ref="26171"/>
    <tag k="type" v="line_thin"/>
    <tag k="subtype" v="solid"/>
  </way>
  <way id="26255">
    <nd ref="26207"/>
    <nd ref="26208"/>
    <nd ref="26186"/>
    <tag k="type" v="line_thin"/>
    <tag k="subtype" v="solid"/>
  </way>
  <way id="26548">
    <nd ref="26421"/>
    <nd ref="26529"/>
    <nd ref="26133"/>
    <tag k="type" v="line_thin"/>
    <tag k="subtype" v="solid"/>
  </way>
  <way id="26549">
    <nd ref="26425"/>
    <nd ref="26538"/>
    <nd ref="26135"/>
    <tag k="type" v="line_thin"/>
    <tag k="subtype" v="solid"/>
  </way>
  <way id="26575">
    <nd ref="26414"/>
    <nd ref="26565"/>
    <nd ref="26205"/>
    <tag k="type" v="line_thin"/>
    <tag k="subtype" v="solid"/>
  </way>
  <way id="26576">
    <nd ref="26415"/>
    <nd ref="26566"/>
    <nd ref="26207"/>
    <tag k="type" v="line_thin"/>
    <tag k="subtype" v="solid"/>
  </way>
  <way id="27343">
    <nd ref="27340"/>
    <nd ref="4095"/>
    <tag k="type" v="line_thin"/>
    <tag k="subtype" v="solid"/>
  </way>
  <way id="27345">
    <nd ref="27341"/>
    <nd ref="4092"/>
    <tag k="type" v="line_thin"/>
    <tag k="subtype" v="solid"/>
  </way>
  <way id="27668">
    <nd ref="27562"/>
    <nd ref="27482"/>
    <tag k="type" v="line_thin"/>
    <tag k="subtype" v="solid"/>
  </way>
  <way id="27669">
    <nd ref="27563"/>
    <nd ref="27483"/>
    <tag k="type" v="line_thin"/>
    <tag k="subtype" v="solid"/>
  </way>
  <way id="28274">
    <nd ref="1697"/>
    <nd ref="1475"/>
    <tag k="type" v="line_thin"/>
    <tag k="subtype" v="solid"/>
  </way>
  <way id="28275">
    <nd ref="1698"/>
    <nd ref="1472"/>
    <tag k="type" v="line_thin"/>
    <tag k="subtype" v="solid"/>
  </way>
  <way id="28282">
    <nd ref="1778"/>
    <nd ref="28280"/>
    <tag k="type" v="line_thin"/>
    <tag k="subtype" v="solid"/>
  </way>
  <way id="28284">
    <nd ref="1775"/>
    <nd ref="28281"/>
    <tag k="type" v="line_thin"/>
    <tag k="subtype" v="solid"/>
  </way>
  <way id="28649">
    <nd ref="1817"/>
    <nd ref="5"/>
    <tag k="type" v="line_thin"/>
    <tag k="subtype" v="solid"/>
  </way>
  <way id="28650">
    <nd ref="1818"/>
    <nd ref="172"/>
    <tag k="type" v="line_thin"/>
    <tag k="subtype" v="solid"/>
  </way>
  <way id="28707">
    <nd ref="28700"/>
    <nd ref="164"/>
    <tag k="type" v="line_thin"/>
    <tag k="subtype" v="solid"/>
  </way>
  <way id="28708">
    <nd ref="28701"/>
    <nd ref="170"/>
    <tag k="type" v="line_thin"/>
    <tag k="subtype" v="solid"/>
  </way>
  <way id="28710">
    <nd ref="9780"/>
    <nd ref="182"/>
    <tag k="type" v="line_thin"/>
    <tag k="subtype" v="solid"/>
  </way>
  <way id="28711">
    <nd ref="9781"/>
    <nd ref="188"/>
    <tag k="type" v="line_thin"/>
    <tag k="subtype" v="solid"/>
  </way>
  <way id="29369">
    <nd ref="4058"/>
    <nd ref="28078"/>
    <tag k="type" v="line_thin"/>
    <tag k="subtype" v="solid"/>
  </way>
  <way id="29370">
    <nd ref="4059"/>
    <nd ref="28079"/>
    <tag k="type" v="line_thin"/>
    <tag k="subtype" v="solid"/>
  </way>
  <way id="30958">
    <nd ref="30876"/>
    <nd ref="30869"/>
    <tag k="type" v="line_thin"/>
    <tag k="subtype" v="solid"/>
  </way>
  <way id="30959">
    <nd ref="30877"/>
    <nd ref="30870"/>
    <tag k="type" v="line_thin"/>
    <tag k="subtype" v="solid"/>
  </way>
  <way id="31853">
    <nd ref="31828"/>
    <nd ref="31851"/>
    <tag k="type" v="line_thin"/>
    <tag k="subtype" v="solid"/>
  </way>
  <way id="31855">
    <nd ref="31838"/>
    <nd ref="31852"/>
    <tag k="type" v="line_thin"/>
    <tag k="subtype" v="solid"/>
  </way>
  <way id="32486">
    <nd ref="31956"/>
    <nd ref="32484"/>
    <tag k="type" v="line_thin"/>
    <tag k="subtype" v="solid"/>
  </way>
  <way id="32488">
    <nd ref="31953"/>
    <nd ref="32485"/>
    <tag k="type" v="line_thin"/>
    <tag k="subtype" v="solid"/>
  </way>
  <way id="32843">
    <nd ref="27482"/>
    <nd ref="607"/>
    <nd ref="32841"/>
    <tag k="type" v="line_thin"/>
    <tag k="subtype" v="solid"/>
  </way>
  <way id="32845">
    <nd ref="27483"/>
    <nd ref="612"/>
    <nd ref="32842"/>
    <tag k="type" v="line_thin"/>
    <tag k="subtype" v="solid"/>
  </way>
  <way id="33141">
    <nd ref="5"/>
    <nd ref="33139"/>
    <tag k="type" v="line_thin"/>
    <tag k="subtype" v="solid"/>
  </way>
  <way id="33143">
    <nd ref="172"/>
    <nd ref="33140"/>
    <tag k="type" v="line_thin"/>
    <tag k="subtype" v="solid"/>
  </way>
  <way id="33155">
    <nd ref="33146"/>
    <nd ref="32993"/>
    <nd ref="11750"/>
    <nd ref="11764"/>
    <nd ref="11760"/>
    <nd ref="11785"/>
    <nd ref="11787"/>
    <nd ref="11789"/>
    <nd ref="28060"/>
    <nd ref="28062"/>
    <nd ref="28065"/>
    <nd ref="11771"/>
    <tag k="type" v="line_thin"/>
    <tag k="subtype" v="solid"/>
  </way>
  <way id="33156">
    <nd ref="33147"/>
    <nd ref="32994"/>
    <nd ref="11751"/>
    <nd ref="11766"/>
    <nd ref="11793"/>
    <nd ref="28067"/>
    <nd ref="28068"/>
    <nd ref="28071"/>
    <nd ref="11772"/>
    <tag k="type" v="line_thin"/>
    <tag k="subtype" v="solid"/>
  </way>
  <way id="33157">
    <nd ref="33146"/>
    <nd ref="27562"/>
    <tag k="type" v="line_thin"/>
    <tag k="subtype" v="solid"/>
  </way>
  <way id="33158">
    <nd ref="33147"/>
    <nd ref="27563"/>
    <tag k="type" v="line_thin"/>
    <tag k="subtype" v="solid"/>
  </way>
  <way id="33166">
    <nd ref="11771"/>
    <nd ref="8"/>
    <tag k="type" v="line_thin"/>
    <tag k="subtype" v="solid"/>
  </way>
  <way id="33167">
    <nd ref="11772"/>
    <nd ref="14"/>
    <tag k="type" v="line_thin"/>
    <tag k="subtype" v="solid"/>
  </way>
  <way id="33169">
    <nd ref="33139"/>
    <nd ref="11771"/>
    <tag k="type" v="line_thin"/>
    <tag k="subtype" v="solid"/>
  </way>
  <way id="33170">
    <nd ref="33140"/>
    <nd ref="11772"/>
    <tag k="type" v="line_thin"/>
    <tag k="subtype" v="solid"/>
  </way>
  <way id="33174">
    <nd ref="11381"/>
    <nd ref="33172"/>
    <tag k="type" v="line_thin"/>
    <tag k="subtype" v="solid"/>
  </way>
  <way id="33176">
    <nd ref="11380"/>
    <nd ref="33173"/>
    <tag k="type" v="line_thin"/>
    <tag k="subtype" v="solid"/>
  </way>
  <way id="33278">
    <nd ref="33271"/>
    <nd ref="33233"/>
    <tag k="type" v="line_thin"/>
    <tag k="subtype" v="solid"/>
  </way>
  <way id="33279">
    <nd ref="33272"/>
    <nd ref="33252"/>
    <tag k="type" v="line_thin"/>
    <tag k="subtype" v="solid"/>
  </way>
  <way id="33286">
    <nd ref="33083"/>
    <nd ref="33284"/>
    <tag k="type" v="line_thin"/>
    <tag k="subtype" v="solid"/>
  </way>
  <way id="33288">
    <nd ref="33084"/>
    <nd ref="33285"/>
    <tag k="type" v="line_thin"/>
    <tag k="subtype" v="solid"/>
  </way>
  <way id="33493">
    <nd ref="33490"/>
    <nd ref="26614"/>
    <nd ref="26616"/>
    <nd ref="26618"/>
    <nd ref="26620"/>
    <nd ref="302"/>
    <tag k="type" v="line_thin"/>
    <tag k="subtype" v="solid"/>
  </way>
  <way id="33495">
    <nd ref="33491"/>
    <nd ref="26627"/>
    <nd ref="26629"/>
    <nd ref="26631"/>
    <nd ref="26633"/>
    <nd ref="312"/>
    <tag k="type" v="line_thin"/>
    <tag k="subtype" v="solid"/>
  </way>
  <way id="33740">
    <nd ref="33661"/>
    <nd ref="33729"/>
    <nd ref="33696"/>
    <nd ref="33698"/>
    <nd ref="33709"/>
    <nd ref="33710"/>
    <nd ref="33711"/>
    <nd ref="33712"/>
    <nd ref="23752"/>
    <tag k="type" v="line_thin"/>
    <tag k="subtype" v="solid"/>
  </way>
  <way id="33741">
    <nd ref="33662"/>
    <nd ref="33730"/>
    <nd ref="33701"/>
    <nd ref="33704"/>
    <nd ref="33685"/>
    <nd ref="33714"/>
    <nd ref="33715"/>
    <nd ref="33716"/>
    <nd ref="23753"/>
    <tag k="type" v="line_thin"/>
    <tag k="subtype" v="solid"/>
  </way>
  <way id="35102">
    <nd ref="35099"/>
    <nd ref="35089"/>
    <tag k="type" v="line_thin"/>
    <tag k="subtype" v="solid"/>
  </way>
  <way id="35104">
    <nd ref="35100"/>
    <nd ref="35086"/>
    <tag k="type" v="line_thin"/>
    <tag k="subtype" v="solid"/>
  </way>
  <way id="35342">
    <nd ref="4095"/>
    <nd ref="35340"/>
    <tag k="type" v="line_thin"/>
    <tag k="subtype" v="solid"/>
  </way>
  <way id="35343">
    <nd ref="35340"/>
    <nd ref="4096"/>
    <tag k="type" v="line_thin"/>
    <tag k="subtype" v="solid"/>
  </way>
  <way id="35344">
    <nd ref="4092"/>
    <nd ref="35341"/>
    <tag k="type" v="line_thin"/>
    <tag k="subtype" v="solid"/>
  </way>
  <way id="35345">
    <nd ref="35341"/>
    <nd ref="4093"/>
    <tag k="type" v="line_thin"/>
    <tag k="subtype" v="solid"/>
  </way>
  <way id="35413">
    <nd ref="35347"/>
    <nd ref="27340"/>
    <tag k="type" v="line_thin"/>
    <tag k="subtype" v="solid"/>
  </way>
  <way id="35414">
    <nd ref="35349"/>
    <nd ref="27341"/>
    <tag k="type" v="line_thin"/>
    <tag k="subtype" v="solid"/>
  </way>
  <way id="35652">
    <nd ref="35635"/>
    <nd ref="24328"/>
    <tag k="type" v="line_thin"/>
    <tag k="subtype" v="solid"/>
  </way>
  <way id="35653">
    <nd ref="35637"/>
    <nd ref="24344"/>
    <tag k="type" v="line_thin"/>
    <tag k="subtype" v="solid"/>
  </way>
  <way id="36292">
    <nd ref="20939"/>
    <nd ref="36290"/>
    <tag k="type" v="line_thin"/>
    <tag k="subtype" v="solid"/>
  </way>
  <way id="36294">
    <nd ref="20940"/>
    <nd ref="36291"/>
    <tag k="type" v="line_thin"/>
    <tag k="subtype" v="solid"/>
  </way>
  <way id="36299">
    <nd ref="36290"/>
    <nd ref="10160"/>
    <nd ref="266"/>
    <nd ref="10167"/>
    <nd ref="36297"/>
    <tag k="type" v="line_thin"/>
    <tag k="subtype" v="solid"/>
  </way>
  <way id="36301">
    <nd ref="36291"/>
    <nd ref="10161"/>
    <nd ref="272"/>
    <nd ref="10168"/>
    <nd ref="36298"/>
    <tag k="type" v="line_thin"/>
    <tag k="subtype" v="solid"/>
  </way>
  <way id="37884">
    <nd ref="28078"/>
    <nd ref="37882"/>
    <tag k="type" v="line_thin"/>
    <tag k="subtype" v="solid"/>
  </way>
  <way id="37886">
    <nd ref="28079"/>
    <nd ref="37883"/>
    <tag k="type" v="line_thin"/>
    <tag k="subtype" v="solid"/>
  </way>
  <way id="37932">
    <nd ref="37928"/>
    <nd ref="37929"/>
    <tag k="type" v="line_thin"/>
    <tag k="subtype" v="solid"/>
  </way>
  <way id="37933">
    <nd ref="37930"/>
    <nd ref="37931"/>
    <tag k="type" v="line_thin"/>
    <tag k="subtype" v="solid"/>
  </way>
  <way id="38196">
    <nd ref="38193"/>
    <nd ref="722"/>
    <nd ref="1100"/>
    <nd ref="1099"/>
    <nd ref="1146"/>
    <nd ref="1101"/>
    <nd ref="1147"/>
    <nd ref="723"/>
    <tag k="type" v="line_thin"/>
    <tag k="subtype" v="solid"/>
  </way>
  <way id="38198">
    <nd ref="38194"/>
    <nd ref="705"/>
    <nd ref="1093"/>
    <nd ref="1094"/>
    <nd ref="1148"/>
    <nd ref="1149"/>
    <nd ref="1095"/>
    <nd ref="706"/>
    <tag k="type" v="line_thin"/>
    <tag k="subtype" v="solid"/>
  </way>
  <way id="38416">
    <nd ref="38382"/>
    <nd ref="38393"/>
    <nd ref="38394"/>
    <nd ref="38395"/>
    <nd ref="38396"/>
    <nd ref="38397"/>
    <nd ref="38398"/>
    <nd ref="38399"/>
    <nd ref="38400"/>
    <nd ref="38401"/>
    <nd ref="38193"/>
    <tag k="type" v="line_thin"/>
    <tag k="subtype" v="solid"/>
  </way>
  <way id="38417">
    <nd ref="38379"/>
    <nd ref="38402"/>
    <nd ref="38404"/>
    <nd ref="38406"/>
    <nd ref="38408"/>
    <nd ref="38410"/>
    <nd ref="38194"/>
    <tag k="type" v="line_thin"/>
    <tag k="subtype" v="solid"/>
  </way>
  <way id="38491">
    <nd ref="38432"/>
    <nd ref="38425"/>
    <nd ref="38470"/>
    <nd ref="38471"/>
    <nd ref="38472"/>
    <nd ref="38473"/>
    <nd ref="38474"/>
    <nd ref="38475"/>
    <nd ref="38476"/>
    <nd ref="38477"/>
    <nd ref="38478"/>
    <nd ref="38193"/>
    <tag k="type" v="line_thin"/>
    <tag k="subtype" v="solid"/>
  </way>
  <way id="38492">
    <nd ref="38433"/>
    <nd ref="38426"/>
    <nd ref="38479"/>
    <nd ref="38480"/>
    <nd ref="38481"/>
    <nd ref="38482"/>
    <nd ref="38483"/>
    <nd ref="38484"/>
    <nd ref="38485"/>
    <nd ref="38486"/>
    <nd ref="38487"/>
    <nd ref="38194"/>
    <tag k="type" v="line_thin"/>
    <tag k="subtype" v="solid"/>
  </way>
  <way id="38535">
    <nd ref="35618"/>
    <nd ref="38528"/>
    <tag k="type" v="line_thin"/>
    <tag k="subtype" v="solid"/>
  </way>
  <way id="38536">
    <nd ref="35619"/>
    <nd ref="38525"/>
    <tag k="type" v="line_thin"/>
    <tag k="subtype" v="solid"/>
  </way>
  <way id="38680">
    <nd ref="38528"/>
    <nd ref="38678"/>
    <tag k="type" v="line_thin"/>
    <tag k="subtype" v="solid"/>
  </way>
  <way id="38682">
    <nd ref="38525"/>
    <nd ref="38679"/>
    <tag k="type" v="line_thin"/>
    <tag k="subtype" v="solid"/>
  </way>
  <way id="38916">
    <nd ref="38867"/>
    <nd ref="28700"/>
    <tag k="type" v="line_thin"/>
    <tag k="subtype" v="solid"/>
  </way>
  <way id="38917">
    <nd ref="38869"/>
    <nd ref="28701"/>
    <tag k="type" v="line_thin"/>
    <tag k="subtype" v="solid"/>
  </way>
  <way id="39003">
    <nd ref="35333"/>
    <nd ref="38938"/>
    <nd ref="38978"/>
    <nd ref="38979"/>
    <nd ref="38980"/>
    <nd ref="38981"/>
    <nd ref="38982"/>
    <nd ref="38983"/>
    <nd ref="38984"/>
    <nd ref="38985"/>
    <nd ref="38986"/>
    <nd ref="38987"/>
    <nd ref="38988"/>
    <nd ref="34081"/>
    <tag k="type" v="line_thin"/>
    <tag k="subtype" v="solid"/>
  </way>
  <way id="39004">
    <nd ref="35334"/>
    <nd ref="38939"/>
    <nd ref="38989"/>
    <nd ref="38990"/>
    <nd ref="38991"/>
    <nd ref="38992"/>
    <nd ref="38993"/>
    <nd ref="38994"/>
    <nd ref="38995"/>
    <nd ref="38996"/>
    <nd ref="38997"/>
    <nd ref="38998"/>
    <nd ref="38999"/>
    <nd ref="34082"/>
    <tag k="type" v="line_thin"/>
    <tag k="subtype" v="solid"/>
  </way>
  <way id="39025">
    <nd ref="35089"/>
    <nd ref="39005"/>
    <nd ref="39006"/>
    <nd ref="39007"/>
    <nd ref="39008"/>
    <nd ref="39009"/>
    <nd ref="39010"/>
    <nd ref="39011"/>
    <nd ref="39012"/>
    <nd ref="39013"/>
    <nd ref="39014"/>
    <nd ref="34081"/>
    <tag k="type" v="line_thin"/>
    <tag k="subtype" v="solid"/>
  </way>
  <way id="39026">
    <nd ref="35086"/>
    <nd ref="39015"/>
    <nd ref="39016"/>
    <nd ref="39017"/>
    <nd ref="39018"/>
    <nd ref="39019"/>
    <nd ref="39020"/>
    <nd ref="39021"/>
    <nd ref="39022"/>
    <nd ref="39023"/>
    <nd ref="39024"/>
    <nd ref="34082"/>
    <tag k="type" v="line_thin"/>
    <tag k="subtype" v="solid"/>
  </way>
  <way id="39056">
    <nd ref="34042"/>
    <nd ref="39028"/>
    <nd ref="39035"/>
    <nd ref="39036"/>
    <nd ref="39037"/>
    <nd ref="39038"/>
    <nd ref="39039"/>
    <nd ref="39040"/>
    <nd ref="39041"/>
    <nd ref="39042"/>
    <nd ref="39043"/>
    <nd ref="34081"/>
    <tag k="type" v="line_thin"/>
    <tag k="subtype" v="solid"/>
  </way>
  <way id="39057">
    <nd ref="34039"/>
    <nd ref="39029"/>
    <nd ref="39044"/>
    <nd ref="39045"/>
    <nd ref="39046"/>
    <nd ref="39047"/>
    <nd ref="39048"/>
    <nd ref="39049"/>
    <nd ref="39050"/>
    <nd ref="39051"/>
    <nd ref="39052"/>
    <nd ref="34082"/>
    <tag k="type" v="line_thin"/>
    <tag k="subtype" v="solid"/>
  </way>
  <way id="39060">
    <nd ref="34081"/>
    <nd ref="39058"/>
    <tag k="type" v="line_thin"/>
    <tag k="subtype" v="solid"/>
  </way>
  <way id="39062">
    <nd ref="34082"/>
    <nd ref="39059"/>
    <tag k="type" v="line_thin"/>
    <tag k="subtype" v="solid"/>
  </way>
  <way id="39081">
    <nd ref="39058"/>
    <nd ref="39065"/>
    <nd ref="39066"/>
    <nd ref="39067"/>
    <nd ref="39068"/>
    <nd ref="39069"/>
    <nd ref="39070"/>
    <nd ref="39071"/>
    <nd ref="39072"/>
    <nd ref="14854"/>
    <tag k="type" v="line_thin"/>
    <tag k="subtype" v="solid"/>
  </way>
  <way id="39082">
    <nd ref="39059"/>
    <nd ref="39073"/>
    <nd ref="39074"/>
    <nd ref="39075"/>
    <nd ref="39076"/>
    <nd ref="39077"/>
    <nd ref="39078"/>
    <nd ref="39079"/>
    <nd ref="39080"/>
    <nd ref="14851"/>
    <tag k="type" v="line_thin"/>
    <tag k="subtype" v="solid"/>
  </way>
  <way id="39130">
    <nd ref="14855"/>
    <nd ref="39110"/>
    <nd ref="39111"/>
    <nd ref="39112"/>
    <nd ref="39113"/>
    <nd ref="39114"/>
    <nd ref="39115"/>
    <nd ref="39116"/>
    <nd ref="39117"/>
    <nd ref="39118"/>
    <nd ref="39119"/>
    <nd ref="9905"/>
    <tag k="type" v="line_thin"/>
    <tag k="subtype" v="solid"/>
  </way>
  <way id="39131">
    <nd ref="14852"/>
    <nd ref="39120"/>
    <nd ref="39121"/>
    <nd ref="39122"/>
    <nd ref="39123"/>
    <nd ref="39124"/>
    <nd ref="39125"/>
    <nd ref="39126"/>
    <nd ref="39127"/>
    <nd ref="39128"/>
    <nd ref="39129"/>
    <nd ref="9906"/>
    <tag k="type" v="line_thin"/>
    <tag k="subtype" v="solid"/>
  </way>
  <way id="39198">
    <nd ref="31444"/>
    <nd ref="30537"/>
    <tag k="type" v="line_thin"/>
    <tag k="subtype" v="solid"/>
  </way>
  <way id="39199">
    <nd ref="31445"/>
    <nd ref="30546"/>
    <tag k="type" v="line_thin"/>
    <tag k="subtype" v="solid"/>
  </way>
  <way id="39207">
    <nd ref="37924"/>
    <nd ref="39205"/>
    <tag k="type" v="line_thin"/>
    <tag k="subtype" v="solid"/>
  </way>
  <way id="39209">
    <nd ref="37921"/>
    <nd ref="39206"/>
    <tag k="type" v="line_thin"/>
    <tag k="subtype" v="solid"/>
  </way>
  <way id="39335">
    <nd ref="13506"/>
    <nd ref="39317"/>
    <nd ref="39318"/>
    <nd ref="39319"/>
    <nd ref="39320"/>
    <nd ref="39321"/>
    <nd ref="39322"/>
    <nd ref="39323"/>
    <nd ref="39324"/>
    <nd ref="39325"/>
    <nd ref="37928"/>
    <tag k="type" v="line_thin"/>
    <tag k="subtype" v="solid"/>
  </way>
  <way id="39336">
    <nd ref="13503"/>
    <nd ref="39326"/>
    <nd ref="39327"/>
    <nd ref="39328"/>
    <nd ref="39329"/>
    <nd ref="39330"/>
    <nd ref="39331"/>
    <nd ref="39332"/>
    <nd ref="39333"/>
    <nd ref="37930"/>
    <tag k="type" v="line_thin"/>
    <tag k="subtype" v="solid"/>
  </way>
  <way id="39341">
    <nd ref="31729"/>
    <nd ref="31800"/>
    <nd ref="31804"/>
    <nd ref="31808"/>
    <nd ref="31810"/>
    <nd ref="31790"/>
    <nd ref="25328"/>
    <nd ref="25330"/>
    <nd ref="25332"/>
    <nd ref="25334"/>
    <tag k="type" v="line_thin"/>
    <tag k="subtype" v="solid"/>
  </way>
  <way id="39342">
    <nd ref="31730"/>
    <nd ref="31814"/>
    <nd ref="31818"/>
    <nd ref="31822"/>
    <nd ref="31824"/>
    <nd ref="31791"/>
    <nd ref="25352"/>
    <nd ref="25354"/>
    <nd ref="25356"/>
    <nd ref="25358"/>
    <nd ref="25360"/>
    <tag k="type" v="line_thin"/>
    <tag k="subtype" v="solid"/>
  </way>
  <way id="39367">
    <nd ref="37882"/>
    <nd ref="39365"/>
    <tag k="type" v="line_thin"/>
    <tag k="subtype" v="solid"/>
  </way>
  <way id="39369">
    <nd ref="37883"/>
    <nd ref="39366"/>
    <tag k="type" v="line_thin"/>
    <tag k="subtype" v="solid"/>
  </way>
  <way id="40320">
    <nd ref="24027"/>
    <nd ref="23903"/>
    <tag k="type" v="line_thin"/>
    <tag k="subtype" v="solid"/>
  </way>
  <way id="40321">
    <nd ref="24029"/>
    <nd ref="23904"/>
    <tag k="type" v="line_thin"/>
    <tag k="subtype" v="solid"/>
  </way>
  <way id="40329">
    <nd ref="24311"/>
    <nd ref="24549"/>
    <tag k="type" v="line_thin"/>
    <tag k="subtype" v="solid"/>
  </way>
  <way id="40330">
    <nd ref="24329"/>
    <nd ref="24551"/>
    <tag k="type" v="line_thin"/>
    <tag k="subtype" v="solid"/>
  </way>
  <way id="40422">
    <nd ref="33500"/>
    <nd ref="40420"/>
    <tag k="type" v="line_thin"/>
    <tag k="subtype" v="solid"/>
  </way>
  <way id="40424">
    <nd ref="33497"/>
    <nd ref="40421"/>
    <tag k="type" v="line_thin"/>
    <tag k="subtype" v="solid"/>
  </way>
  <way id="40437">
    <nd ref="40420"/>
    <nd ref="40428"/>
    <nd ref="40430"/>
    <nd ref="33490"/>
    <tag k="type" v="line_thin"/>
    <tag k="subtype" v="solid"/>
  </way>
  <way id="40438">
    <nd ref="40421"/>
    <nd ref="40433"/>
    <nd ref="40435"/>
    <nd ref="33491"/>
    <tag k="type" v="line_thin"/>
    <tag k="subtype" v="solid"/>
  </way>
  <way id="40442">
    <nd ref="34420"/>
    <nd ref="40440"/>
    <tag k="type" v="line_thin"/>
    <tag k="subtype" v="solid"/>
  </way>
  <way id="40444">
    <nd ref="34422"/>
    <nd ref="40441"/>
    <tag k="type" v="line_thin"/>
    <tag k="subtype" v="solid"/>
  </way>
  <way id="40467">
    <nd ref="40440"/>
    <nd ref="40447"/>
    <nd ref="40449"/>
    <nd ref="40451"/>
    <nd ref="40453"/>
    <nd ref="40455"/>
    <nd ref="33490"/>
    <tag k="type" v="line_thin"/>
    <tag k="subtype" v="solid"/>
  </way>
  <way id="40468">
    <nd ref="40441"/>
    <nd ref="40457"/>
    <nd ref="40459"/>
    <nd ref="40461"/>
    <nd ref="40463"/>
    <nd ref="40465"/>
    <nd ref="33491"/>
    <tag k="type" v="line_thin"/>
    <tag k="subtype" v="solid"/>
  </way>
  <way id="40511">
    <nd ref="40508"/>
    <nd ref="26029"/>
    <nd ref="26153"/>
    <nd ref="26154"/>
    <nd ref="26156"/>
    <nd ref="26133"/>
    <tag k="type" v="line_thin"/>
    <tag k="subtype" v="solid"/>
  </way>
  <way id="40513">
    <nd ref="40509"/>
    <nd ref="26050"/>
    <nd ref="26053"/>
    <nd ref="26147"/>
    <nd ref="26158"/>
    <nd ref="26160"/>
    <nd ref="26135"/>
    <tag k="type" v="line_thin"/>
    <tag k="subtype" v="solid"/>
  </way>
  <way id="40593">
    <nd ref="40590"/>
    <nd ref="26015"/>
    <tag k="type" v="line_thin"/>
    <tag k="subtype" v="solid"/>
  </way>
  <way id="40595">
    <nd ref="40591"/>
    <nd ref="26040"/>
    <tag k="type" v="line_thin"/>
    <tag k="subtype" v="solid"/>
  </way>
  <way id="40636">
    <nd ref="26171"/>
    <nd ref="26377"/>
    <nd ref="40634"/>
    <tag k="type" v="line_thin"/>
    <tag k="subtype" v="solid"/>
  </way>
  <way id="40638">
    <nd ref="26186"/>
    <nd ref="26382"/>
    <nd ref="26384"/>
    <nd ref="40635"/>
    <tag k="type" v="line_thin"/>
    <tag k="subtype" v="solid"/>
  </way>
  <way id="40757">
    <nd ref="26407"/>
    <nd ref="40755"/>
    <tag k="type" v="line_thin"/>
    <tag k="subtype" v="solid"/>
  </way>
  <way id="40758">
    <nd ref="40755"/>
    <nd ref="40659"/>
    <tag k="type" v="line_thin"/>
    <tag k="subtype" v="solid"/>
  </way>
  <way id="40759">
    <nd ref="26408"/>
    <nd ref="40756"/>
    <tag k="type" v="line_thin"/>
    <tag k="subtype" v="solid"/>
  </way>
  <way id="40760">
    <nd ref="40756"/>
    <nd ref="40660"/>
    <tag k="type" v="line_thin"/>
    <tag k="subtype" v="solid"/>
  </way>
  <way id="40837">
    <nd ref="40834"/>
    <nd ref="40529"/>
    <nd ref="26222"/>
    <nd ref="26225"/>
    <nd ref="26228"/>
    <nd ref="26231"/>
    <nd ref="26205"/>
    <tag k="type" v="line_thin"/>
    <tag k="subtype" v="solid"/>
  </way>
  <way id="40839">
    <nd ref="40835"/>
    <nd ref="26242"/>
    <nd ref="26244"/>
    <nd ref="26246"/>
    <nd ref="26249"/>
    <nd ref="26251"/>
    <nd ref="26207"/>
    <tag k="type" v="line_thin"/>
    <tag k="subtype" v="solid"/>
  </way>
  <way id="40851">
    <nd ref="40659"/>
    <nd ref="40841"/>
    <nd ref="40842"/>
    <nd ref="40843"/>
    <nd ref="40844"/>
    <nd ref="40845"/>
    <nd ref="40834"/>
    <tag k="type" v="line_thin"/>
    <tag k="subtype" v="solid"/>
  </way>
  <way id="40852">
    <nd ref="40660"/>
    <nd ref="40846"/>
    <nd ref="40847"/>
    <nd ref="40848"/>
    <nd ref="40849"/>
    <nd ref="40850"/>
    <nd ref="40835"/>
    <tag k="type" v="line_thin"/>
    <tag k="subtype" v="solid"/>
  </way>
  <way id="40854">
    <nd ref="40659"/>
    <nd ref="25885"/>
    <tag k="type" v="line_thin"/>
    <tag k="subtype" v="solid"/>
  </way>
  <way id="40855">
    <nd ref="40660"/>
    <nd ref="25887"/>
    <tag k="type" v="line_thin"/>
    <tag k="subtype" v="solid"/>
  </way>
  <way id="40860">
    <nd ref="40857"/>
    <nd ref="40792"/>
    <nd ref="40793"/>
    <nd ref="40794"/>
    <nd ref="40795"/>
    <nd ref="40796"/>
    <nd ref="26407"/>
    <tag k="type" v="line_thin"/>
    <tag k="subtype" v="solid"/>
  </way>
  <way id="40862">
    <nd ref="40858"/>
    <nd ref="40799"/>
    <nd ref="40800"/>
    <nd ref="40801"/>
    <nd ref="40802"/>
    <nd ref="40803"/>
    <nd ref="26408"/>
    <tag k="type" v="line_thin"/>
    <tag k="subtype" v="solid"/>
  </way>
  <way id="40864">
    <nd ref="19406"/>
    <nd ref="40736"/>
    <nd ref="40738"/>
    <nd ref="40740"/>
    <nd ref="40742"/>
    <nd ref="40791"/>
    <nd ref="40857"/>
    <tag k="type" v="line_thin"/>
    <tag k="subtype" v="solid"/>
  </way>
  <way id="40865">
    <nd ref="19409"/>
    <nd ref="40744"/>
    <nd ref="40746"/>
    <nd ref="40748"/>
    <nd ref="40784"/>
    <nd ref="40798"/>
    <nd ref="40858"/>
    <tag k="type" v="line_thin"/>
    <tag k="subtype" v="solid"/>
  </way>
  <way id="40878">
    <nd ref="25672"/>
    <nd ref="40866"/>
    <nd ref="40868"/>
    <nd ref="40870"/>
    <nd ref="40871"/>
    <nd ref="40857"/>
    <tag k="type" v="line_thin"/>
    <tag k="subtype" v="solid"/>
  </way>
  <way id="40879">
    <nd ref="25673"/>
    <nd ref="40872"/>
    <nd ref="40874"/>
    <nd ref="40876"/>
    <nd ref="40858"/>
    <tag k="type" v="line_thin"/>
    <tag k="subtype" v="solid"/>
  </way>
  <way id="41032">
    <nd ref="41029"/>
    <nd ref="1486"/>
    <tag k="type" v="line_thin"/>
    <tag k="subtype" v="solid"/>
  </way>
  <way id="41034">
    <nd ref="41030"/>
    <nd ref="1488"/>
    <tag k="type" v="line_thin"/>
    <tag k="subtype" v="solid"/>
  </way>
  <way id="41101">
    <nd ref="9881"/>
    <nd ref="41099"/>
    <tag k="type" v="line_thin"/>
    <tag k="subtype" v="solid"/>
  </way>
  <way id="41103">
    <nd ref="9882"/>
    <nd ref="41100"/>
    <tag k="type" v="line_thin"/>
    <tag k="subtype" v="solid"/>
  </way>
  <way id="41163">
    <nd ref="41099"/>
    <nd ref="41153"/>
    <nd ref="41155"/>
    <nd ref="41116"/>
    <tag k="type" v="line_thin"/>
    <tag k="subtype" v="solid"/>
  </way>
  <way id="41164">
    <nd ref="41100"/>
    <nd ref="41158"/>
    <nd ref="41160"/>
    <nd ref="41113"/>
    <tag k="type" v="line_thin"/>
    <tag k="subtype" v="solid"/>
  </way>
  <way id="41249">
    <nd ref="41245"/>
    <nd ref="41246"/>
    <tag k="type" v="line_thin"/>
    <tag k="subtype" v="solid"/>
  </way>
  <way id="41250">
    <nd ref="41247"/>
    <nd ref="41248"/>
    <tag k="type" v="line_thin"/>
    <tag k="subtype" v="solid"/>
  </way>
  <way id="41255">
    <nd ref="41252"/>
    <nd ref="23737"/>
    <nd ref="23776"/>
    <nd ref="33668"/>
    <nd ref="33661"/>
    <tag k="type" v="line_thin"/>
    <tag k="subtype" v="solid"/>
  </way>
  <way id="41257">
    <nd ref="41253"/>
    <nd ref="23740"/>
    <nd ref="23777"/>
    <nd ref="33669"/>
    <nd ref="33662"/>
    <tag k="type" v="line_thin"/>
    <tag k="subtype" v="solid"/>
  </way>
  <way id="41262">
    <nd ref="41246"/>
    <nd ref="41252"/>
    <tag k="type" v="line_thin"/>
    <tag k="subtype" v="solid"/>
  </way>
  <way id="41263">
    <nd ref="41248"/>
    <nd ref="41253"/>
    <tag k="type" v="line_thin"/>
    <tag k="subtype" v="solid"/>
  </way>
  <way id="41378">
    <nd ref="41116"/>
    <nd ref="41136"/>
    <nd ref="41137"/>
    <nd ref="41139"/>
    <nd ref="41376"/>
    <tag k="type" v="line_thin"/>
    <tag k="subtype" v="solid"/>
  </way>
  <way id="41379">
    <nd ref="41376"/>
    <nd ref="15635"/>
    <tag k="type" v="line_thin"/>
    <tag k="subtype" v="solid"/>
  </way>
  <way id="41380">
    <nd ref="41113"/>
    <nd ref="41143"/>
    <nd ref="41144"/>
    <nd ref="41146"/>
    <nd ref="41377"/>
    <tag k="type" v="line_thin"/>
    <tag k="subtype" v="solid"/>
  </way>
  <way id="41381">
    <nd ref="41377"/>
    <nd ref="15636"/>
    <tag k="type" v="line_thin"/>
    <tag k="subtype" v="solid"/>
  </way>
  <way id="41428">
    <nd ref="15635"/>
    <nd ref="41404"/>
    <nd ref="41405"/>
    <nd ref="41406"/>
    <nd ref="41407"/>
    <nd ref="41408"/>
    <nd ref="41409"/>
    <nd ref="41410"/>
    <nd ref="41411"/>
    <nd ref="41412"/>
    <nd ref="41413"/>
    <nd ref="41414"/>
    <nd ref="41415"/>
    <nd ref="22977"/>
    <tag k="type" v="line_thin"/>
    <tag k="subtype" v="solid"/>
  </way>
  <way id="41429">
    <nd ref="15636"/>
    <nd ref="41416"/>
    <nd ref="41417"/>
    <nd ref="41418"/>
    <nd ref="41419"/>
    <nd ref="41420"/>
    <nd ref="41421"/>
    <nd ref="41422"/>
    <nd ref="41423"/>
    <nd ref="41424"/>
    <nd ref="41425"/>
    <nd ref="41426"/>
    <nd ref="41427"/>
    <nd ref="22978"/>
    <tag k="type" v="line_thin"/>
    <tag k="subtype" v="solid"/>
  </way>
  <way id="41447">
    <nd ref="15635"/>
    <nd ref="41431"/>
    <nd ref="41432"/>
    <nd ref="41433"/>
    <nd ref="41434"/>
    <nd ref="41435"/>
    <nd ref="41436"/>
    <nd ref="41437"/>
    <nd ref="41438"/>
    <nd ref="41245"/>
    <tag k="type" v="line_thin"/>
    <tag k="subtype" v="solid"/>
  </way>
  <way id="41448">
    <nd ref="15636"/>
    <nd ref="41440"/>
    <nd ref="41442"/>
    <nd ref="41444"/>
    <nd ref="41446"/>
    <nd ref="43855"/>
    <nd ref="41247"/>
    <tag k="type" v="line_thin"/>
    <tag k="subtype" v="solid"/>
  </way>
  <way id="41676">
    <nd ref="22900"/>
    <nd ref="41664"/>
    <nd ref="41665"/>
    <nd ref="41666"/>
    <nd ref="41667"/>
    <nd ref="41668"/>
    <nd ref="41669"/>
    <nd ref="41628"/>
    <tag k="type" v="line_thin"/>
    <tag k="subtype" v="solid"/>
  </way>
  <way id="41677">
    <nd ref="22901"/>
    <nd ref="41670"/>
    <nd ref="41671"/>
    <nd ref="41672"/>
    <nd ref="41673"/>
    <nd ref="41674"/>
    <nd ref="41675"/>
    <nd ref="41629"/>
    <tag k="type" v="line_thin"/>
    <tag k="subtype" v="solid"/>
  </way>
  <way id="41699">
    <nd ref="41628"/>
    <nd ref="41635"/>
    <nd ref="41636"/>
    <nd ref="41637"/>
    <nd ref="41638"/>
    <nd ref="41697"/>
    <tag k="type" v="line_thin"/>
    <tag k="subtype" v="solid"/>
  </way>
  <way id="41701">
    <nd ref="41629"/>
    <nd ref="41648"/>
    <nd ref="41649"/>
    <nd ref="41650"/>
    <nd ref="41651"/>
    <nd ref="41698"/>
    <tag k="type" v="line_thin"/>
    <tag k="subtype" v="solid"/>
  </way>
  <way id="41725">
    <nd ref="33661"/>
    <nd ref="41723"/>
    <tag k="type" v="line_thin"/>
    <tag k="subtype" v="solid"/>
  </way>
  <way id="41726">
    <nd ref="41723"/>
    <nd ref="41704"/>
    <nd ref="41705"/>
    <nd ref="41706"/>
    <nd ref="41707"/>
    <nd ref="41708"/>
    <nd ref="41709"/>
    <nd ref="41710"/>
    <nd ref="41711"/>
    <nd ref="41697"/>
    <tag k="type" v="line_thin"/>
    <tag k="subtype" v="solid"/>
  </way>
  <way id="41727">
    <nd ref="33662"/>
    <nd ref="41724"/>
    <tag k="type" v="line_thin"/>
    <tag k="subtype" v="solid"/>
  </way>
  <way id="41728">
    <nd ref="41724"/>
    <nd ref="41712"/>
    <nd ref="41713"/>
    <nd ref="41714"/>
    <nd ref="41715"/>
    <nd ref="41716"/>
    <nd ref="41717"/>
    <nd ref="41718"/>
    <nd ref="41719"/>
    <nd ref="41698"/>
    <tag k="type" v="line_thin"/>
    <tag k="subtype" v="solid"/>
  </way>
  <way id="41816">
    <nd ref="22900"/>
    <nd ref="41808"/>
    <nd ref="41809"/>
    <nd ref="41810"/>
    <nd ref="41811"/>
    <nd ref="41804"/>
    <tag k="type" v="line_thin"/>
    <tag k="subtype" v="solid"/>
  </way>
  <way id="41817">
    <nd ref="22901"/>
    <nd ref="41812"/>
    <nd ref="41813"/>
    <nd ref="41814"/>
    <nd ref="41815"/>
    <nd ref="41801"/>
    <tag k="type" v="line_thin"/>
    <tag k="subtype" v="solid"/>
  </way>
  <way id="41835">
    <nd ref="41804"/>
    <nd ref="41820"/>
    <nd ref="41822"/>
    <nd ref="41824"/>
    <nd ref="41826"/>
    <nd ref="25077"/>
    <tag k="type" v="line_thin"/>
    <tag k="subtype" v="solid"/>
  </way>
  <way id="41836">
    <nd ref="41801"/>
    <nd ref="41828"/>
    <nd ref="41830"/>
    <nd ref="41832"/>
    <nd ref="41834"/>
    <nd ref="25078"/>
    <tag k="type" v="line_thin"/>
    <tag k="subtype" v="solid"/>
  </way>
  <way id="41868">
    <nd ref="25077"/>
    <nd ref="41857"/>
    <nd ref="41858"/>
    <nd ref="41859"/>
    <nd ref="41730"/>
    <nd ref="24860"/>
    <nd ref="24861"/>
    <nd ref="25043"/>
    <nd ref="25045"/>
    <nd ref="25047"/>
    <nd ref="25049"/>
    <nd ref="25051"/>
    <nd ref="25036"/>
    <tag k="type" v="line_thin"/>
    <tag k="subtype" v="solid"/>
  </way>
  <way id="41869">
    <nd ref="25078"/>
    <nd ref="41860"/>
    <nd ref="41861"/>
    <nd ref="41862"/>
    <nd ref="24880"/>
    <nd ref="24882"/>
    <nd ref="25053"/>
    <nd ref="25055"/>
    <nd ref="25057"/>
    <nd ref="25059"/>
    <nd ref="25061"/>
    <nd ref="25037"/>
    <tag k="type" v="line_thin"/>
    <tag k="subtype" v="solid"/>
  </way>
  <way id="41913">
    <nd ref="31851"/>
    <nd ref="25334"/>
    <tag k="type" v="line_thin"/>
    <tag k="subtype" v="solid"/>
  </way>
  <way id="41914">
    <nd ref="31852"/>
    <nd ref="25360"/>
    <tag k="type" v="line_thin"/>
    <tag k="subtype" v="solid"/>
  </way>
  <way id="41955">
    <nd ref="41952"/>
    <nd ref="24027"/>
    <tag k="type" v="line_thin"/>
    <tag k="subtype" v="solid"/>
  </way>
  <way id="41957">
    <nd ref="41953"/>
    <nd ref="24029"/>
    <tag k="type" v="line_thin"/>
    <tag k="subtype" v="solid"/>
  </way>
  <way id="41961">
    <nd ref="41697"/>
    <nd ref="41639"/>
    <nd ref="41959"/>
    <tag k="type" v="line_thin"/>
    <tag k="subtype" v="solid"/>
  </way>
  <way id="41963">
    <nd ref="41698"/>
    <nd ref="41652"/>
    <nd ref="41960"/>
    <tag k="type" v="line_thin"/>
    <tag k="subtype" v="solid"/>
  </way>
  <way id="41978">
    <nd ref="41959"/>
    <nd ref="41966"/>
    <nd ref="41967"/>
    <nd ref="41968"/>
    <nd ref="41969"/>
    <nd ref="41970"/>
    <nd ref="41971"/>
    <nd ref="41952"/>
    <tag k="type" v="line_thin"/>
    <tag k="subtype" v="solid"/>
  </way>
  <way id="41979">
    <nd ref="41960"/>
    <nd ref="41972"/>
    <nd ref="41973"/>
    <nd ref="41974"/>
    <nd ref="41975"/>
    <nd ref="41976"/>
    <nd ref="41977"/>
    <nd ref="41953"/>
    <tag k="type" v="line_thin"/>
    <tag k="subtype" v="solid"/>
  </way>
  <way id="41981">
    <nd ref="24027"/>
    <nd ref="20535"/>
    <nd ref="20537"/>
    <nd ref="20539"/>
    <nd ref="20541"/>
    <nd ref="20530"/>
    <nd ref="41916"/>
    <nd ref="20554"/>
    <nd ref="20556"/>
    <nd ref="20557"/>
    <nd ref="24151"/>
    <tag k="type" v="line_thin"/>
    <tag k="subtype" v="solid"/>
  </way>
  <way id="41982">
    <nd ref="24029"/>
    <nd ref="20544"/>
    <nd ref="20547"/>
    <nd ref="20550"/>
    <nd ref="20527"/>
    <nd ref="41917"/>
    <nd ref="20558"/>
    <nd ref="20559"/>
    <nd ref="20560"/>
    <nd ref="20561"/>
    <nd ref="24153"/>
    <tag k="type" v="line_thin"/>
    <tag k="subtype" v="solid"/>
  </way>
  <way id="41985">
    <nd ref="24291"/>
    <nd ref="41983"/>
    <tag k="type" v="line_thin"/>
    <tag k="subtype" v="solid"/>
  </way>
  <way id="41987">
    <nd ref="24292"/>
    <nd ref="41984"/>
    <tag k="type" v="line_thin"/>
    <tag k="subtype" v="solid"/>
  </way>
  <way id="42018">
    <nd ref="24389"/>
    <nd ref="42016"/>
    <tag k="type" v="line_thin"/>
    <tag k="subtype" v="solid"/>
  </way>
  <way id="42020">
    <nd ref="24391"/>
    <nd ref="42017"/>
    <tag k="type" v="line_thin"/>
    <tag k="subtype" v="solid"/>
  </way>
  <way id="42242">
    <nd ref="15110"/>
    <nd ref="42214"/>
    <nd ref="42216"/>
    <nd ref="42218"/>
    <nd ref="42220"/>
    <nd ref="42222"/>
    <nd ref="42224"/>
    <nd ref="42226"/>
    <nd ref="42144"/>
    <tag k="type" v="line_thin"/>
    <tag k="subtype" v="solid"/>
  </way>
  <way id="42243">
    <nd ref="15107"/>
    <nd ref="42228"/>
    <nd ref="42230"/>
    <nd ref="42232"/>
    <nd ref="42234"/>
    <nd ref="42236"/>
    <nd ref="42238"/>
    <nd ref="42240"/>
    <nd ref="42141"/>
    <tag k="type" v="line_thin"/>
    <tag k="subtype" v="solid"/>
  </way>
  <way id="42329">
    <nd ref="42321"/>
    <nd ref="467"/>
    <tag k="type" v="line_thin"/>
    <tag k="subtype" v="solid"/>
  </way>
  <way id="42330">
    <nd ref="42320"/>
    <nd ref="461"/>
    <tag k="type" v="line_thin"/>
    <tag k="subtype" v="solid"/>
  </way>
  <way id="42344">
    <nd ref="33913"/>
    <nd ref="42321"/>
    <tag k="type" v="line_thin"/>
    <tag k="subtype" v="solid"/>
  </way>
  <way id="42345">
    <nd ref="33914"/>
    <nd ref="42320"/>
    <tag k="type" v="line_thin"/>
    <tag k="subtype" v="solid"/>
  </way>
  <way id="42631">
    <nd ref="42549"/>
    <nd ref="42617"/>
    <tag k="type" v="line_thin"/>
    <tag k="subtype" v="solid"/>
  </way>
  <way id="42632">
    <nd ref="42551"/>
    <nd ref="42618"/>
    <tag k="type" v="line_thin"/>
    <tag k="subtype" v="solid"/>
  </way>
  <way id="42841">
    <nd ref="38064"/>
    <nd ref="42839"/>
    <tag k="type" v="line_thin"/>
    <tag k="subtype" v="solid"/>
  </way>
  <way id="42842">
    <nd ref="42839"/>
    <nd ref="37928"/>
    <tag k="type" v="line_thin"/>
    <tag k="subtype" v="solid"/>
  </way>
  <way id="42843">
    <nd ref="38066"/>
    <nd ref="42840"/>
    <tag k="type" v="line_thin"/>
    <tag k="subtype" v="solid"/>
  </way>
  <way id="42844">
    <nd ref="42840"/>
    <nd ref="37930"/>
    <tag k="type" v="line_thin"/>
    <tag k="subtype" v="solid"/>
  </way>
  <way id="42848">
    <nd ref="38050"/>
    <nd ref="42846"/>
    <tag k="type" v="line_thin"/>
    <tag k="subtype" v="solid"/>
  </way>
  <way id="42849">
    <nd ref="42846"/>
    <nd ref="37924"/>
    <tag k="type" v="line_thin"/>
    <tag k="subtype" v="solid"/>
  </way>
  <way id="42850">
    <nd ref="38052"/>
    <nd ref="42847"/>
    <tag k="type" v="line_thin"/>
    <tag k="subtype" v="solid"/>
  </way>
  <way id="42851">
    <nd ref="42847"/>
    <nd ref="37921"/>
    <tag k="type" v="line_thin"/>
    <tag k="subtype" v="solid"/>
  </way>
  <way id="43016">
    <nd ref="42736"/>
    <nd ref="42860"/>
    <tag k="type" v="line_thin"/>
    <tag k="subtype" v="solid"/>
  </way>
  <way id="43017">
    <nd ref="42768"/>
    <nd ref="42861"/>
    <tag k="type" v="line_thin"/>
    <tag k="subtype" v="solid"/>
  </way>
  <way id="43233">
    <nd ref="43173"/>
    <nd ref="43212"/>
    <nd ref="43214"/>
    <nd ref="43216"/>
    <nd ref="43218"/>
    <nd ref="43220"/>
    <nd ref="43207"/>
    <tag k="type" v="line_thin"/>
    <tag k="subtype" v="solid"/>
  </way>
  <way id="43234">
    <nd ref="43172"/>
    <nd ref="43222"/>
    <nd ref="43224"/>
    <nd ref="43226"/>
    <nd ref="43228"/>
    <nd ref="43230"/>
    <nd ref="43232"/>
    <nd ref="43204"/>
    <tag k="type" v="line_thin"/>
    <tag k="subtype" v="solid"/>
  </way>
  <way id="43238">
    <nd ref="43236"/>
    <nd ref="43237"/>
    <tag k="type" v="line_thin"/>
    <tag k="subtype" v="solid"/>
  </way>
  <way id="43241">
    <nd ref="43239"/>
    <nd ref="43240"/>
    <tag k="type" v="line_thin"/>
    <tag k="subtype" v="solid"/>
  </way>
  <way id="43250">
    <nd ref="43240"/>
    <nd ref="43173"/>
    <tag k="type" v="line_thin"/>
    <tag k="subtype" v="solid"/>
  </way>
  <way id="43251">
    <nd ref="43237"/>
    <nd ref="43172"/>
    <tag k="type" v="line_thin"/>
    <tag k="subtype" v="solid"/>
  </way>
  <way id="43253">
    <nd ref="43243"/>
    <nd ref="43239"/>
    <tag k="type" v="line_thin"/>
    <tag k="subtype" v="solid"/>
  </way>
  <way id="43254">
    <nd ref="43244"/>
    <nd ref="43236"/>
    <tag k="type" v="line_thin"/>
    <tag k="subtype" v="solid"/>
  </way>
  <way id="43259">
    <nd ref="43256"/>
    <nd ref="43165"/>
    <nd ref="43243"/>
    <tag k="type" v="line_thin"/>
    <tag k="subtype" v="solid"/>
  </way>
  <way id="43261">
    <nd ref="43257"/>
    <nd ref="43164"/>
    <nd ref="43244"/>
    <tag k="type" v="line_thin"/>
    <tag k="subtype" v="solid"/>
  </way>
  <way id="43287">
    <nd ref="36441"/>
    <nd ref="43280"/>
    <nd ref="43281"/>
    <nd ref="43256"/>
    <tag k="type" v="line_thin"/>
    <tag k="subtype" v="solid"/>
  </way>
  <way id="43288">
    <nd ref="36443"/>
    <nd ref="43284"/>
    <nd ref="43285"/>
    <nd ref="43257"/>
    <tag k="type" v="line_thin"/>
    <tag k="subtype" v="solid"/>
  </way>
  <way id="43290">
    <nd ref="43207"/>
    <nd ref="42736"/>
    <tag k="type" v="line_thin"/>
    <tag k="subtype" v="solid"/>
  </way>
  <way id="43291">
    <nd ref="43204"/>
    <nd ref="42768"/>
    <tag k="type" v="line_thin"/>
    <tag k="subtype" v="solid"/>
  </way>
  <way id="43393">
    <nd ref="32967"/>
    <nd ref="33083"/>
    <tag k="type" v="line_thin"/>
    <tag k="subtype" v="solid"/>
  </way>
  <way id="43394">
    <nd ref="32968"/>
    <nd ref="33084"/>
    <tag k="type" v="line_thin"/>
    <tag k="subtype" v="solid"/>
  </way>
  <way id="43825">
    <nd ref="43815"/>
    <nd ref="42144"/>
    <tag k="type" v="line_thin"/>
    <tag k="subtype" v="solid"/>
  </way>
  <way id="43826">
    <nd ref="43817"/>
    <nd ref="42141"/>
    <tag k="type" v="line_thin"/>
    <tag k="subtype" v="solid"/>
  </way>
  <way id="43848">
    <nd ref="36866"/>
    <nd ref="43846"/>
    <tag k="type" v="line_thin"/>
    <tag k="subtype" v="solid"/>
  </way>
  <way id="43849">
    <nd ref="43846"/>
    <nd ref="36441"/>
    <tag k="type" v="line_thin"/>
    <tag k="subtype" v="solid"/>
  </way>
  <way id="43850">
    <nd ref="36867"/>
    <nd ref="43847"/>
    <tag k="type" v="line_thin"/>
    <tag k="subtype" v="solid"/>
  </way>
  <way id="43851">
    <nd ref="43847"/>
    <nd ref="36443"/>
    <tag k="type" v="line_thin"/>
    <tag k="subtype" v="solid"/>
  </way>
  <way id="43870">
    <nd ref="8036"/>
    <nd ref="7015"/>
    <tag k="type" v="line_thin"/>
    <tag k="subtype" v="solid"/>
  </way>
  <way id="43871">
    <nd ref="8037"/>
    <nd ref="7016"/>
    <tag k="type" v="line_thin"/>
    <tag k="subtype" v="solid"/>
  </way>
  <way id="43883">
    <nd ref="21000"/>
    <nd ref="21061"/>
    <nd ref="21067"/>
    <nd ref="21058"/>
    <nd ref="21082"/>
    <nd ref="21085"/>
    <nd ref="43873"/>
    <nd ref="8036"/>
    <tag k="type" v="line_thin"/>
    <tag k="subtype" v="solid"/>
  </way>
  <way id="43884">
    <nd ref="21007"/>
    <nd ref="21069"/>
    <nd ref="21072"/>
    <nd ref="21075"/>
    <nd ref="21055"/>
    <nd ref="21094"/>
    <nd ref="43874"/>
    <nd ref="8037"/>
    <tag k="type" v="line_thin"/>
    <tag k="subtype" v="solid"/>
  </way>
  <way id="43888">
    <nd ref="43885"/>
    <nd ref="21182"/>
    <nd ref="21183"/>
    <nd ref="21184"/>
    <nd ref="21176"/>
    <nd ref="21194"/>
    <nd ref="21196"/>
    <nd ref="21125"/>
    <tag k="type" v="line_thin"/>
    <tag k="subtype" v="solid"/>
  </way>
  <way id="43890">
    <nd ref="43886"/>
    <nd ref="21186"/>
    <nd ref="21188"/>
    <nd ref="21173"/>
    <nd ref="21197"/>
    <nd ref="21198"/>
    <nd ref="21199"/>
    <nd ref="21200"/>
    <nd ref="21129"/>
    <tag k="type" v="line_thin"/>
    <tag k="subtype" v="solid"/>
  </way>
  <way id="43892">
    <nd ref="21136"/>
    <nd ref="43885"/>
    <tag k="type" v="line_thin"/>
    <tag k="subtype" v="solid"/>
  </way>
  <way id="43893">
    <nd ref="21137"/>
    <nd ref="43886"/>
    <tag k="type" v="line_thin"/>
    <tag k="subtype" v="solid"/>
  </way>
  <way id="44178">
    <nd ref="44176"/>
    <nd ref="44177"/>
    <tag k="type" v="line_thin"/>
    <tag k="subtype" v="solid"/>
  </way>
  <way id="44181">
    <nd ref="44179"/>
    <nd ref="44180"/>
    <tag k="type" v="line_thin"/>
    <tag k="subtype" v="solid"/>
  </way>
  <way id="44252">
    <nd ref="44180"/>
    <nd ref="41029"/>
    <tag k="type" v="line_thin"/>
    <tag k="subtype" v="solid"/>
  </way>
  <way id="44253">
    <nd ref="44177"/>
    <nd ref="41030"/>
    <tag k="type" v="line_thin"/>
    <tag k="subtype" v="solid"/>
  </way>
  <way id="44269">
    <nd ref="2423"/>
    <nd ref="44262"/>
    <tag k="type" v="line_thin"/>
    <tag k="subtype" v="solid"/>
  </way>
  <way id="44270">
    <nd ref="2424"/>
    <nd ref="44263"/>
    <tag k="type" v="line_thin"/>
    <tag k="subtype" v="solid"/>
  </way>
  <way id="44317">
    <nd ref="38652"/>
    <nd ref="44315"/>
    <tag k="type" v="line_thin"/>
    <tag k="subtype" v="solid"/>
  </way>
  <way id="44318">
    <nd ref="44315"/>
    <nd ref="38904"/>
    <nd ref="38905"/>
    <nd ref="38906"/>
    <nd ref="38871"/>
    <nd ref="38867"/>
    <tag k="type" v="line_thin"/>
    <tag k="subtype" v="solid"/>
  </way>
  <way id="44319">
    <nd ref="38653"/>
    <nd ref="44316"/>
    <tag k="type" v="line_thin"/>
    <tag k="subtype" v="solid"/>
  </way>
  <way id="44320">
    <nd ref="44316"/>
    <nd ref="38907"/>
    <nd ref="38908"/>
    <nd ref="38909"/>
    <nd ref="38874"/>
    <nd ref="38869"/>
    <tag k="type" v="line_thin"/>
    <tag k="subtype" v="solid"/>
  </way>
  <way id="44337">
    <nd ref="44334"/>
    <nd ref="38686"/>
    <nd ref="43921"/>
    <nd ref="43922"/>
    <nd ref="43924"/>
    <nd ref="43925"/>
    <nd ref="43926"/>
    <nd ref="38652"/>
    <tag k="type" v="line_thin"/>
    <tag k="subtype" v="solid"/>
  </way>
  <way id="44339">
    <nd ref="44335"/>
    <nd ref="43927"/>
    <nd ref="43928"/>
    <nd ref="43929"/>
    <nd ref="43930"/>
    <nd ref="43931"/>
    <nd ref="43932"/>
    <nd ref="38653"/>
    <tag k="type" v="line_thin"/>
    <tag k="subtype" v="solid"/>
  </way>
  <way id="44343">
    <nd ref="38678"/>
    <nd ref="43895"/>
    <nd ref="43896"/>
    <nd ref="43897"/>
    <nd ref="43898"/>
    <nd ref="43899"/>
    <nd ref="43900"/>
    <nd ref="43901"/>
    <nd ref="44341"/>
    <tag k="type" v="line_thin"/>
    <tag k="subtype" v="solid"/>
  </way>
  <way id="44344">
    <nd ref="44341"/>
    <nd ref="44334"/>
    <tag k="type" v="line_thin"/>
    <tag k="subtype" v="solid"/>
  </way>
  <way id="44345">
    <nd ref="38679"/>
    <nd ref="43903"/>
    <nd ref="43904"/>
    <nd ref="43905"/>
    <nd ref="43906"/>
    <nd ref="43907"/>
    <nd ref="43908"/>
    <nd ref="43909"/>
    <nd ref="44342"/>
    <tag k="type" v="line_thin"/>
    <tag k="subtype" v="solid"/>
  </way>
  <way id="44346">
    <nd ref="44342"/>
    <nd ref="44335"/>
    <tag k="type" v="line_thin"/>
    <tag k="subtype" v="solid"/>
  </way>
  <way id="44371">
    <nd ref="4343"/>
    <nd ref="44369"/>
    <tag k="type" v="line_thin"/>
    <tag k="subtype" v="solid"/>
  </way>
  <way id="44373">
    <nd ref="4344"/>
    <nd ref="44370"/>
    <tag k="type" v="line_thin"/>
    <tag k="subtype" v="solid"/>
  </way>
  <way id="44397">
    <nd ref="4096"/>
    <nd ref="4343"/>
    <tag k="type" v="line_thin"/>
    <tag k="subtype" v="solid"/>
  </way>
  <way id="44398">
    <nd ref="4093"/>
    <nd ref="4344"/>
    <tag k="type" v="line_thin"/>
    <tag k="subtype" v="solid"/>
  </way>
  <way id="44450">
    <nd ref="12512"/>
    <nd ref="44448"/>
    <tag k="type" v="line_thin"/>
    <tag k="subtype" v="solid"/>
  </way>
  <way id="44451">
    <nd ref="44448"/>
    <nd ref="35618"/>
    <tag k="type" v="line_thin"/>
    <tag k="subtype" v="solid"/>
  </way>
  <way id="44452">
    <nd ref="12509"/>
    <nd ref="44449"/>
    <tag k="type" v="line_thin"/>
    <tag k="subtype" v="solid"/>
  </way>
  <way id="44453">
    <nd ref="44449"/>
    <nd ref="35619"/>
    <tag k="type" v="line_thin"/>
    <tag k="subtype" v="solid"/>
  </way>
  <way id="44472">
    <nd ref="44442"/>
    <nd ref="44470"/>
    <tag k="type" v="line_thin"/>
    <tag k="subtype" v="solid"/>
  </way>
  <way id="44473">
    <nd ref="44470"/>
    <nd ref="44456"/>
    <nd ref="44458"/>
    <nd ref="44459"/>
    <nd ref="12512"/>
    <tag k="type" v="line_thin"/>
    <tag k="subtype" v="solid"/>
  </way>
  <way id="44474">
    <nd ref="44441"/>
    <nd ref="44471"/>
    <tag k="type" v="line_thin"/>
    <tag k="subtype" v="solid"/>
  </way>
  <way id="44475">
    <nd ref="44471"/>
    <nd ref="44463"/>
    <nd ref="44465"/>
    <nd ref="12509"/>
    <tag k="type" v="line_thin"/>
    <tag k="subtype" v="solid"/>
  </way>
  <way id="44487">
    <nd ref="44484"/>
    <nd ref="44477"/>
    <tag k="type" v="line_thin"/>
    <tag k="subtype" v="solid"/>
  </way>
  <way id="44489">
    <nd ref="44485"/>
    <nd ref="44478"/>
    <tag k="type" v="line_thin"/>
    <tag k="subtype" v="solid"/>
  </way>
  <way id="44507">
    <nd ref="44477"/>
    <nd ref="44491"/>
    <nd ref="44492"/>
    <nd ref="44493"/>
    <nd ref="44496"/>
    <nd ref="12512"/>
    <tag k="type" v="line_thin"/>
    <tag k="subtype" v="solid"/>
  </way>
  <way id="44508">
    <nd ref="44478"/>
    <nd ref="44499"/>
    <nd ref="44500"/>
    <nd ref="44501"/>
    <nd ref="44502"/>
    <nd ref="44503"/>
    <nd ref="44504"/>
    <nd ref="44505"/>
    <nd ref="44506"/>
    <nd ref="12509"/>
    <tag k="type" v="line_thin"/>
    <tag k="subtype" v="solid"/>
  </way>
  <way id="44533">
    <nd ref="44531"/>
    <nd ref="44532"/>
    <tag k="type" v="line_thin"/>
    <tag k="subtype" v="solid"/>
  </way>
  <way id="44536">
    <nd ref="44534"/>
    <nd ref="44535"/>
    <tag k="type" v="line_thin"/>
    <tag k="subtype" v="solid"/>
  </way>
  <way id="44559">
    <nd ref="44535"/>
    <nd ref="44548"/>
    <nd ref="44550"/>
    <nd ref="44552"/>
    <nd ref="44484"/>
    <tag k="type" v="line_thin"/>
    <tag k="subtype" v="solid"/>
  </way>
  <way id="44560">
    <nd ref="44532"/>
    <nd ref="44554"/>
    <nd ref="44556"/>
    <nd ref="44558"/>
    <nd ref="44485"/>
    <tag k="type" v="line_thin"/>
    <tag k="subtype" v="solid"/>
  </way>
  <way id="44667">
    <nd ref="44664"/>
    <nd ref="43207"/>
    <tag k="type" v="line_thin"/>
    <tag k="subtype" v="solid"/>
  </way>
  <way id="44669">
    <nd ref="44665"/>
    <nd ref="43204"/>
    <tag k="type" v="line_thin"/>
    <tag k="subtype" v="solid"/>
  </way>
  <way id="44671">
    <nd ref="44565"/>
    <nd ref="44664"/>
    <tag k="type" v="line_thin"/>
    <tag k="subtype" v="solid"/>
  </way>
  <way id="44672">
    <nd ref="44562"/>
    <nd ref="44665"/>
    <tag k="type" v="line_thin"/>
    <tag k="subtype" v="solid"/>
  </way>
  <way id="44696">
    <nd ref="44534"/>
    <nd ref="44686"/>
    <nd ref="44687"/>
    <nd ref="44688"/>
    <nd ref="44689"/>
    <nd ref="44690"/>
    <nd ref="44565"/>
    <tag k="type" v="line_thin"/>
    <tag k="subtype" v="solid"/>
  </way>
  <way id="44697">
    <nd ref="44531"/>
    <nd ref="44691"/>
    <nd ref="44692"/>
    <nd ref="44693"/>
    <nd ref="44694"/>
    <nd ref="44695"/>
    <nd ref="44562"/>
    <tag k="type" v="line_thin"/>
    <tag k="subtype" v="solid"/>
  </way>
  <way id="44849">
    <nd ref="44846"/>
    <nd ref="13138"/>
    <tag k="type" v="line_thin"/>
    <tag k="subtype" v="solid"/>
  </way>
  <way id="44851">
    <nd ref="44847"/>
    <nd ref="13135"/>
    <tag k="type" v="line_thin"/>
    <tag k="subtype" v="solid"/>
  </way>
  <way id="44853">
    <nd ref="41394"/>
    <nd ref="41376"/>
    <tag k="type" v="line_thin"/>
    <tag k="subtype" v="solid"/>
  </way>
  <way id="44854">
    <nd ref="41396"/>
    <nd ref="41377"/>
    <tag k="type" v="line_thin"/>
    <tag k="subtype" v="solid"/>
  </way>
  <way id="44892">
    <nd ref="44855"/>
    <nd ref="44856"/>
    <nd ref="44858"/>
    <nd ref="44860"/>
    <nd ref="44862"/>
    <nd ref="44864"/>
    <tag k="type" v="line_thin"/>
    <tag k="subtype" v="solid"/>
  </way>
  <way id="44893">
    <nd ref="44865"/>
    <nd ref="44866"/>
    <nd ref="44867"/>
    <nd ref="44868"/>
    <nd ref="44870"/>
    <nd ref="44872"/>
    <nd ref="44874"/>
    <nd ref="44876"/>
    <nd ref="44878"/>
    <nd ref="44880"/>
    <nd ref="44882"/>
    <nd ref="44883"/>
    <tag k="type" v="line_thin"/>
    <tag k="subtype" v="solid"/>
  </way>
  <way id="45114">
    <nd ref="45088"/>
    <nd ref="45089"/>
    <nd ref="45091"/>
    <nd ref="45093"/>
    <nd ref="45095"/>
    <nd ref="45097"/>
    <nd ref="45099"/>
    <nd ref="45101"/>
    <nd ref="45102"/>
    <nd ref="45104"/>
    <nd ref="45105"/>
    <tag k="type" v="line_thin"/>
    <tag k="subtype" v="solid"/>
  </way>
  <way id="45115">
    <nd ref="45106"/>
    <nd ref="45107"/>
    <nd ref="45112"/>
    <nd ref="45113"/>
    <tag k="type" v="line_thin"/>
    <tag k="subtype" v="solid"/>
  </way>
  <way id="45117">
    <nd ref="33291"/>
    <nd ref="45088"/>
    <tag k="type" v="line_thin"/>
    <tag k="subtype" v="solid"/>
  </way>
  <way id="45118">
    <nd ref="33292"/>
    <nd ref="45106"/>
    <tag k="type" v="line_thin"/>
    <tag k="subtype" v="solid"/>
  </way>
  <way id="45120">
    <nd ref="45105"/>
    <nd ref="12360"/>
    <tag k="type" v="line_thin"/>
    <tag k="subtype" v="solid"/>
  </way>
  <way id="45121">
    <nd ref="45113"/>
    <nd ref="12365"/>
    <tag k="type" v="line_thin"/>
    <tag k="subtype" v="solid"/>
  </way>
  <way id="45189">
    <nd ref="28280"/>
    <nd ref="45187"/>
    <tag k="type" v="line_thin"/>
    <tag k="subtype" v="solid"/>
  </way>
  <way id="45190">
    <nd ref="45187"/>
    <nd ref="33291"/>
    <tag k="type" v="line_thin"/>
    <tag k="subtype" v="solid"/>
  </way>
  <way id="45191">
    <nd ref="28281"/>
    <nd ref="45188"/>
    <tag k="type" v="line_thin"/>
    <tag k="subtype" v="solid"/>
  </way>
  <way id="45192">
    <nd ref="45188"/>
    <nd ref="33292"/>
    <tag k="type" v="line_thin"/>
    <tag k="subtype" v="solid"/>
  </way>
  <way id="45194">
    <nd ref="33233"/>
    <nd ref="12378"/>
    <tag k="type" v="line_thin"/>
    <tag k="subtype" v="solid"/>
  </way>
  <way id="45195">
    <nd ref="33252"/>
    <nd ref="12379"/>
    <tag k="type" v="line_thin"/>
    <tag k="subtype" v="solid"/>
  </way>
  <way id="45216">
    <nd ref="39205"/>
    <nd ref="45200"/>
    <nd ref="45201"/>
    <nd ref="45202"/>
    <nd ref="45203"/>
    <nd ref="45204"/>
    <tag k="type" v="line_thin"/>
    <tag k="subtype" v="solid"/>
  </way>
  <way id="45217">
    <nd ref="39206"/>
    <nd ref="45205"/>
    <nd ref="45206"/>
    <nd ref="45207"/>
    <nd ref="45208"/>
    <nd ref="45209"/>
    <tag k="type" v="line_thin"/>
    <tag k="subtype" v="solid"/>
  </way>
  <way id="45280">
    <nd ref="28652"/>
    <nd ref="45278"/>
    <tag k="type" v="line_thin"/>
    <tag k="subtype" v="solid"/>
  </way>
  <way id="45281">
    <nd ref="45278"/>
    <nd ref="1817"/>
    <tag k="type" v="line_thin"/>
    <tag k="subtype" v="solid"/>
  </way>
  <way id="45282">
    <nd ref="28653"/>
    <nd ref="45279"/>
    <tag k="type" v="line_thin"/>
    <tag k="subtype" v="solid"/>
  </way>
  <way id="45283">
    <nd ref="45279"/>
    <nd ref="1818"/>
    <tag k="type" v="line_thin"/>
    <tag k="subtype" v="solid"/>
  </way>
  <way id="45417">
    <nd ref="33483"/>
    <nd ref="45410"/>
    <nd ref="33500"/>
    <tag k="type" v="line_thin"/>
    <tag k="subtype" v="solid"/>
  </way>
  <way id="45418">
    <nd ref="33484"/>
    <nd ref="45411"/>
    <nd ref="33497"/>
    <tag k="type" v="line_thin"/>
    <tag k="subtype" v="solid"/>
  </way>
  <way id="45456">
    <nd ref="45353"/>
    <nd ref="45454"/>
    <tag k="type" v="line_thin"/>
    <tag k="subtype" v="solid"/>
  </way>
  <way id="45458">
    <nd ref="45354"/>
    <nd ref="45455"/>
    <tag k="type" v="line_thin"/>
    <tag k="subtype" v="solid"/>
  </way>
  <way id="45525">
    <nd ref="39365"/>
    <nd ref="43473"/>
    <nd ref="43474"/>
    <tag k="type" v="line_thin"/>
    <tag k="subtype" v="solid"/>
  </way>
  <way id="45526">
    <nd ref="39366"/>
    <nd ref="43470"/>
    <nd ref="43471"/>
    <tag k="type" v="line_thin"/>
    <tag k="subtype" v="solid"/>
  </way>
  <way id="45654">
    <nd ref="45548"/>
    <nd ref="45652"/>
    <tag k="type" v="line_thin"/>
    <tag k="subtype" v="solid"/>
  </way>
  <way id="45656">
    <nd ref="45549"/>
    <nd ref="45653"/>
    <tag k="type" v="line_thin"/>
    <tag k="subtype" v="solid"/>
  </way>
  <way id="45772">
    <nd ref="45768"/>
    <nd ref="45769"/>
    <tag k="type" v="line_thin"/>
    <tag k="subtype" v="solid"/>
  </way>
  <way id="45773">
    <nd ref="45770"/>
    <nd ref="45771"/>
    <tag k="type" v="line_thin"/>
    <tag k="subtype" v="solid"/>
  </way>
  <way id="45905">
    <nd ref="45896"/>
    <nd ref="45903"/>
    <tag k="type" v="line_thin"/>
    <tag k="subtype" v="solid"/>
  </way>
  <way id="45907">
    <nd ref="45898"/>
    <nd ref="45904"/>
    <tag k="type" v="line_thin"/>
    <tag k="subtype" v="solid"/>
  </way>
  <way id="46031">
    <nd ref="45769"/>
    <nd ref="45872"/>
    <tag k="type" v="line_thin"/>
    <tag k="subtype" v="solid"/>
  </way>
  <way id="46032">
    <nd ref="45771"/>
    <nd ref="45874"/>
    <tag k="type" v="line_thin"/>
    <tag k="subtype" v="solid"/>
  </way>
  <way id="46069">
    <nd ref="45903"/>
    <nd ref="46041"/>
    <nd ref="46042"/>
    <nd ref="46037"/>
    <nd ref="46049"/>
    <nd ref="46051"/>
    <nd ref="46053"/>
    <nd ref="46055"/>
    <nd ref="45872"/>
    <tag k="type" v="line_thin"/>
    <tag k="subtype" v="solid"/>
  </way>
  <way id="46070">
    <nd ref="45904"/>
    <nd ref="46043"/>
    <nd ref="46044"/>
    <nd ref="46035"/>
    <nd ref="46057"/>
    <nd ref="46059"/>
    <nd ref="46061"/>
    <nd ref="45874"/>
    <tag k="type" v="line_thin"/>
    <tag k="subtype" v="solid"/>
  </way>
  <way id="46084">
    <nd ref="22338"/>
    <nd ref="44738"/>
    <tag k="type" v="line_thin"/>
    <tag k="subtype" v="solid"/>
  </way>
  <way id="46085">
    <nd ref="22339"/>
    <nd ref="44739"/>
    <tag k="type" v="line_thin"/>
    <tag k="subtype" v="solid"/>
  </way>
  <way id="46086">
    <nd ref="23878"/>
    <nd ref="23879"/>
    <nd ref="19125"/>
    <tag k="type" v="line_thin"/>
    <tag k="subtype" v="solid"/>
  </way>
  <way id="46087">
    <nd ref="23875"/>
    <nd ref="23876"/>
    <nd ref="19129"/>
    <tag k="type" v="line_thin"/>
    <tag k="subtype" v="solid"/>
  </way>
  <way id="46090">
    <nd ref="19125"/>
    <nd ref="46088"/>
    <tag k="type" v="line_thin"/>
    <tag k="subtype" v="solid"/>
  </way>
  <way id="46091">
    <nd ref="46088"/>
    <nd ref="31729"/>
    <tag k="type" v="line_thin"/>
    <tag k="subtype" v="solid"/>
  </way>
  <way id="46092">
    <nd ref="19129"/>
    <nd ref="46089"/>
    <tag k="type" v="line_thin"/>
    <tag k="subtype" v="solid"/>
  </way>
  <way id="46093">
    <nd ref="46089"/>
    <nd ref="31730"/>
    <tag k="type" v="line_thin"/>
    <tag k="subtype" v="solid"/>
  </way>
  <way id="46095">
    <nd ref="31729"/>
    <nd ref="25402"/>
    <tag k="type" v="line_thin"/>
    <tag k="subtype" v="solid"/>
  </way>
  <way id="46096">
    <nd ref="31730"/>
    <nd ref="25403"/>
    <tag k="type" v="line_thin"/>
    <tag k="subtype" v="solid"/>
  </way>
  <way id="46186">
    <nd ref="36297"/>
    <nd ref="20987"/>
    <tag k="type" v="line_thin"/>
    <tag k="subtype" v="solid"/>
  </way>
  <way id="46187">
    <nd ref="36298"/>
    <nd ref="20988"/>
    <tag k="type" v="line_thin"/>
    <tag k="subtype" v="solid"/>
  </way>
  <way id="46424">
    <nd ref="46421"/>
    <nd ref="26694"/>
    <tag k="type" v="line_thin"/>
    <tag k="subtype" v="solid"/>
  </way>
  <way id="46426">
    <nd ref="46422"/>
    <nd ref="26698"/>
    <tag k="type" v="line_thin"/>
    <tag k="subtype" v="solid"/>
  </way>
  <way id="46447">
    <nd ref="26694"/>
    <nd ref="46431"/>
    <nd ref="46432"/>
    <nd ref="46433"/>
    <nd ref="46434"/>
    <nd ref="46435"/>
    <nd ref="46436"/>
    <nd ref="46437"/>
    <nd ref="46438"/>
    <nd ref="42321"/>
    <tag k="type" v="line_thin"/>
    <tag k="subtype" v="solid"/>
  </way>
  <way id="46448">
    <nd ref="26698"/>
    <nd ref="46439"/>
    <nd ref="46440"/>
    <nd ref="46441"/>
    <nd ref="46444"/>
    <nd ref="46445"/>
    <nd ref="46446"/>
    <nd ref="42320"/>
    <tag k="type" v="line_thin"/>
    <tag k="subtype" v="solid"/>
  </way>
  <way id="46518">
    <nd ref="476"/>
    <nd ref="46495"/>
    <tag k="type" v="line_thin"/>
    <tag k="subtype" v="solid"/>
  </way>
  <way id="46519">
    <nd ref="481"/>
    <nd ref="46499"/>
    <tag k="type" v="line_thin"/>
    <tag k="subtype" v="solid"/>
  </way>
  <way id="46535">
    <nd ref="46532"/>
    <nd ref="46524"/>
    <tag k="type" v="line_thin"/>
    <tag k="subtype" v="solid"/>
  </way>
  <way id="46537">
    <nd ref="46533"/>
    <nd ref="46528"/>
    <tag k="type" v="line_thin"/>
    <tag k="subtype" v="solid"/>
  </way>
  <way id="46657">
    <nd ref="43474"/>
    <nd ref="46655"/>
    <tag k="type" v="line_thin"/>
    <tag k="subtype" v="solid"/>
  </way>
  <way id="46659">
    <nd ref="43471"/>
    <nd ref="46656"/>
    <tag k="type" v="line_thin"/>
    <tag k="subtype" v="solid"/>
  </way>
  <way id="46758">
    <nd ref="46755"/>
    <nd ref="24323"/>
    <nd ref="24608"/>
    <nd ref="24618"/>
    <nd ref="24622"/>
    <nd ref="24328"/>
    <tag k="type" v="line_thin"/>
    <tag k="subtype" v="solid"/>
  </way>
  <way id="46760">
    <nd ref="46756"/>
    <nd ref="24338"/>
    <nd ref="24609"/>
    <nd ref="24628"/>
    <nd ref="24632"/>
    <nd ref="24344"/>
    <tag k="type" v="line_thin"/>
    <tag k="subtype" v="solid"/>
  </way>
  <way id="46777">
    <nd ref="41983"/>
    <nd ref="20589"/>
    <nd ref="20616"/>
    <nd ref="20620"/>
    <nd ref="20622"/>
    <nd ref="46775"/>
    <tag k="type" v="line_thin"/>
    <tag k="subtype" v="solid"/>
  </way>
  <way id="46779">
    <nd ref="41984"/>
    <nd ref="20590"/>
    <nd ref="20624"/>
    <nd ref="20626"/>
    <nd ref="20628"/>
    <nd ref="20630"/>
    <nd ref="46776"/>
    <tag k="type" v="line_thin"/>
    <tag k="subtype" v="solid"/>
  </way>
  <way id="46793">
    <nd ref="24263"/>
    <nd ref="46791"/>
    <tag k="type" v="line_thin"/>
    <tag k="subtype" v="solid"/>
  </way>
  <way id="46794">
    <nd ref="46791"/>
    <nd ref="24311"/>
    <tag k="type" v="line_thin"/>
    <tag k="subtype" v="solid"/>
  </way>
  <way id="46795">
    <nd ref="24264"/>
    <nd ref="46792"/>
    <tag k="type" v="line_thin"/>
    <tag k="subtype" v="solid"/>
  </way>
  <way id="46796">
    <nd ref="46792"/>
    <nd ref="24329"/>
    <tag k="type" v="line_thin"/>
    <tag k="subtype" v="solid"/>
  </way>
  <way id="46836">
    <nd ref="25885"/>
    <nd ref="40590"/>
    <tag k="type" v="line_thin"/>
    <tag k="subtype" v="solid"/>
  </way>
  <way id="46837">
    <nd ref="25887"/>
    <nd ref="40591"/>
    <tag k="type" v="line_thin"/>
    <tag k="subtype" v="solid"/>
  </way>
  <way id="46925">
    <nd ref="46922"/>
    <nd ref="32967"/>
    <tag k="type" v="line_thin"/>
    <tag k="subtype" v="solid"/>
  </way>
  <way id="46927">
    <nd ref="46923"/>
    <nd ref="32968"/>
    <tag k="type" v="line_thin"/>
    <tag k="subtype" v="solid"/>
  </way>
  <way id="46953">
    <nd ref="46524"/>
    <nd ref="46951"/>
    <tag k="type" v="line_thin"/>
    <tag k="subtype" v="solid"/>
  </way>
  <way id="46955">
    <nd ref="46528"/>
    <nd ref="46952"/>
    <tag k="type" v="line_thin"/>
    <tag k="subtype" v="solid"/>
  </way>
  <way id="47042">
    <nd ref="46978"/>
    <nd ref="47040"/>
    <tag k="type" v="line_thin"/>
    <tag k="subtype" v="solid"/>
  </way>
  <way id="47044">
    <nd ref="46980"/>
    <nd ref="47041"/>
    <tag k="type" v="line_thin"/>
    <tag k="subtype" v="solid"/>
  </way>
  <way id="47081">
    <nd ref="23952"/>
    <nd ref="47065"/>
    <nd ref="47067"/>
    <nd ref="47069"/>
    <nd ref="47071"/>
    <nd ref="46703"/>
    <tag k="type" v="line_thin"/>
    <tag k="subtype" v="solid"/>
  </way>
  <way id="47082">
    <nd ref="23953"/>
    <nd ref="47073"/>
    <nd ref="47075"/>
    <nd ref="47077"/>
    <nd ref="47079"/>
    <nd ref="46704"/>
    <tag k="type" v="line_thin"/>
    <tag k="subtype" v="solid"/>
  </way>
  <way id="47092">
    <nd ref="24311"/>
    <nd ref="47084"/>
    <nd ref="47085"/>
    <nd ref="47086"/>
    <nd ref="47087"/>
    <nd ref="46755"/>
    <tag k="type" v="line_thin"/>
    <tag k="subtype" v="solid"/>
  </way>
  <way id="47093">
    <nd ref="24329"/>
    <nd ref="47088"/>
    <nd ref="47089"/>
    <nd ref="47090"/>
    <nd ref="47091"/>
    <nd ref="46756"/>
    <tag k="type" v="line_thin"/>
    <tag k="subtype" v="solid"/>
  </way>
  <way id="47109">
    <nd ref="46775"/>
    <nd ref="47095"/>
    <nd ref="47096"/>
    <nd ref="47097"/>
    <nd ref="47098"/>
    <nd ref="47099"/>
    <nd ref="47100"/>
    <nd ref="47101"/>
    <nd ref="46791"/>
    <tag k="type" v="line_thin"/>
    <tag k="subtype" v="solid"/>
  </way>
  <way id="47110">
    <nd ref="46776"/>
    <nd ref="47102"/>
    <nd ref="47103"/>
    <nd ref="47104"/>
    <nd ref="47105"/>
    <nd ref="47106"/>
    <nd ref="47107"/>
    <nd ref="47108"/>
    <nd ref="46792"/>
    <tag k="type" v="line_thin"/>
    <tag k="subtype" v="solid"/>
  </way>
  <way id="47112">
    <nd ref="26015"/>
    <nd ref="26555"/>
    <tag k="type" v="line_thin"/>
    <tag k="subtype" v="solid"/>
  </way>
  <way id="47113">
    <nd ref="26040"/>
    <nd ref="26556"/>
    <tag k="type" v="line_thin"/>
    <tag k="subtype" v="solid"/>
  </way>
  <way id="47244">
    <nd ref="30020"/>
    <nd ref="31035"/>
    <tag k="type" v="line_thin"/>
    <tag k="subtype" v="solid"/>
  </way>
  <way id="47245">
    <nd ref="30021"/>
    <nd ref="31036"/>
    <tag k="type" v="line_thin"/>
    <tag k="subtype" v="solid"/>
  </way>
  <way id="47283">
    <nd ref="47266"/>
    <nd ref="47268"/>
    <nd ref="47269"/>
    <nd ref="47270"/>
    <nd ref="47271"/>
    <nd ref="47272"/>
    <nd ref="47273"/>
    <nd ref="47274"/>
    <tag k="type" v="line_thin"/>
    <tag k="subtype" v="solid"/>
  </way>
  <way id="47284">
    <nd ref="47275"/>
    <nd ref="47276"/>
    <nd ref="47277"/>
    <nd ref="47278"/>
    <nd ref="47279"/>
    <nd ref="47280"/>
    <nd ref="47281"/>
    <nd ref="47282"/>
    <tag k="type" v="line_thin"/>
    <tag k="subtype" v="solid"/>
  </way>
  <way id="47303">
    <nd ref="47286"/>
    <nd ref="47287"/>
    <nd ref="47288"/>
    <nd ref="47289"/>
    <nd ref="47290"/>
    <nd ref="47291"/>
    <nd ref="47292"/>
    <nd ref="47293"/>
    <nd ref="47294"/>
    <tag k="type" v="line_thin"/>
    <tag k="subtype" v="solid"/>
  </way>
  <way id="47304">
    <nd ref="47295"/>
    <nd ref="47296"/>
    <nd ref="47297"/>
    <nd ref="47298"/>
    <nd ref="47299"/>
    <nd ref="47300"/>
    <nd ref="47301"/>
    <nd ref="51606"/>
    <nd ref="47302"/>
    <tag k="type" v="line_thin"/>
    <tag k="subtype" v="solid"/>
  </way>
  <way id="47365">
    <nd ref="47274"/>
    <nd ref="47286"/>
    <tag k="type" v="line_thin"/>
    <tag k="subtype" v="solid"/>
  </way>
  <way id="47366">
    <nd ref="47282"/>
    <nd ref="47295"/>
    <tag k="type" v="line_thin"/>
    <tag k="subtype" v="solid"/>
  </way>
  <way id="47368">
    <nd ref="31035"/>
    <nd ref="47274"/>
    <tag k="type" v="line_thin"/>
    <tag k="subtype" v="solid"/>
  </way>
  <way id="47369">
    <nd ref="31036"/>
    <nd ref="47282"/>
    <tag k="type" v="line_thin"/>
    <tag k="subtype" v="solid"/>
  </way>
  <way id="47371">
    <nd ref="47286"/>
    <nd ref="31444"/>
    <tag k="type" v="line_thin"/>
    <tag k="subtype" v="solid"/>
  </way>
  <way id="47372">
    <nd ref="47295"/>
    <nd ref="31445"/>
    <tag k="type" v="line_thin"/>
    <tag k="subtype" v="solid"/>
  </way>
  <way id="47442">
    <nd ref="47439"/>
    <nd ref="42365"/>
    <nd ref="42480"/>
    <nd ref="42482"/>
    <nd ref="42484"/>
    <nd ref="42486"/>
    <nd ref="42487"/>
    <nd ref="42488"/>
    <nd ref="4095"/>
    <tag k="type" v="line_thin"/>
    <tag k="subtype" v="solid"/>
  </way>
  <way id="47444">
    <nd ref="47440"/>
    <nd ref="42364"/>
    <nd ref="42489"/>
    <nd ref="42490"/>
    <nd ref="42491"/>
    <nd ref="42492"/>
    <nd ref="42493"/>
    <nd ref="42494"/>
    <nd ref="42495"/>
    <nd ref="42496"/>
    <nd ref="4092"/>
    <tag k="type" v="line_thin"/>
    <tag k="subtype" v="solid"/>
  </way>
  <way id="47516">
    <nd ref="47513"/>
    <nd ref="46978"/>
    <tag k="type" v="line_thin"/>
    <tag k="subtype" v="solid"/>
  </way>
  <way id="47518">
    <nd ref="47514"/>
    <nd ref="46980"/>
    <tag k="type" v="line_thin"/>
    <tag k="subtype" v="solid"/>
  </way>
  <way id="47545">
    <nd ref="46655"/>
    <nd ref="47533"/>
    <nd ref="47534"/>
    <nd ref="47535"/>
    <nd ref="47536"/>
    <nd ref="47537"/>
    <nd ref="47538"/>
    <nd ref="45548"/>
    <tag k="type" v="line_thin"/>
    <tag k="subtype" v="solid"/>
  </way>
  <way id="47546">
    <nd ref="46656"/>
    <nd ref="47539"/>
    <nd ref="47541"/>
    <nd ref="47543"/>
    <nd ref="45549"/>
    <tag k="type" v="line_thin"/>
    <tag k="subtype" v="solid"/>
  </way>
  <way id="47562">
    <nd ref="45652"/>
    <nd ref="47548"/>
    <nd ref="47549"/>
    <nd ref="47550"/>
    <nd ref="47551"/>
    <nd ref="47552"/>
    <nd ref="47553"/>
    <nd ref="47554"/>
    <nd ref="47513"/>
    <tag k="type" v="line_thin"/>
    <tag k="subtype" v="solid"/>
  </way>
  <way id="47563">
    <nd ref="45653"/>
    <nd ref="47558"/>
    <nd ref="47559"/>
    <nd ref="47560"/>
    <nd ref="47561"/>
    <nd ref="47514"/>
    <tag k="type" v="line_thin"/>
    <tag k="subtype" v="solid"/>
  </way>
  <way id="47565">
    <nd ref="47040"/>
    <nd ref="47522"/>
    <nd ref="47524"/>
    <nd ref="47026"/>
    <nd ref="44221"/>
    <nd ref="44179"/>
    <tag k="type" v="line_thin"/>
    <tag k="subtype" v="solid"/>
  </way>
  <way id="47566">
    <nd ref="47041"/>
    <nd ref="47527"/>
    <nd ref="47529"/>
    <nd ref="44231"/>
    <nd ref="44233"/>
    <nd ref="44176"/>
    <tag k="type" v="line_thin"/>
    <tag k="subtype" v="solid"/>
  </way>
  <way id="47591">
    <nd ref="47588"/>
    <nd ref="46929"/>
    <nd ref="46930"/>
    <nd ref="46931"/>
    <nd ref="46932"/>
    <nd ref="46922"/>
    <tag k="type" v="line_thin"/>
    <tag k="subtype" v="solid"/>
  </way>
  <way id="47593">
    <nd ref="47589"/>
    <nd ref="46933"/>
    <nd ref="46934"/>
    <nd ref="46935"/>
    <nd ref="46936"/>
    <nd ref="46923"/>
    <tag k="type" v="line_thin"/>
    <tag k="subtype" v="solid"/>
  </way>
  <way id="47601">
    <nd ref="46951"/>
    <nd ref="47595"/>
    <nd ref="47596"/>
    <nd ref="47597"/>
    <nd ref="47588"/>
    <tag k="type" v="line_thin"/>
    <tag k="subtype" v="solid"/>
  </way>
  <way id="47602">
    <nd ref="46952"/>
    <nd ref="47598"/>
    <nd ref="47599"/>
    <nd ref="47600"/>
    <nd ref="47589"/>
    <tag k="type" v="line_thin"/>
    <tag k="subtype" v="solid"/>
  </way>
  <way id="47607">
    <nd ref="47604"/>
    <nd ref="47266"/>
    <tag k="type" v="line_thin"/>
    <tag k="subtype" v="solid"/>
  </way>
  <way id="47609">
    <nd ref="47605"/>
    <nd ref="47275"/>
    <tag k="type" v="line_thin"/>
    <tag k="subtype" v="solid"/>
  </way>
  <way id="47613">
    <nd ref="47294"/>
    <nd ref="47611"/>
    <tag k="type" v="line_thin"/>
    <tag k="subtype" v="solid"/>
  </way>
  <way id="47615">
    <nd ref="47302"/>
    <nd ref="47612"/>
    <tag k="type" v="line_thin"/>
    <tag k="subtype" v="solid"/>
  </way>
  <way id="47622">
    <nd ref="47618"/>
    <nd ref="47619"/>
    <tag k="type" v="line_thin"/>
    <tag k="subtype" v="solid"/>
  </way>
  <way id="47623">
    <nd ref="47620"/>
    <nd ref="47621"/>
    <tag k="type" v="line_thin"/>
    <tag k="subtype" v="solid"/>
  </way>
  <way id="47625">
    <nd ref="38678"/>
    <nd ref="47618"/>
    <tag k="type" v="line_thin"/>
    <tag k="subtype" v="solid"/>
  </way>
  <way id="47626">
    <nd ref="38679"/>
    <nd ref="47620"/>
    <tag k="type" v="line_thin"/>
    <tag k="subtype" v="solid"/>
  </way>
  <way id="47646">
    <nd ref="47619"/>
    <nd ref="47628"/>
    <nd ref="47629"/>
    <nd ref="47630"/>
    <nd ref="47631"/>
    <nd ref="47632"/>
    <nd ref="47633"/>
    <nd ref="47634"/>
    <nd ref="47635"/>
    <nd ref="47636"/>
    <nd ref="4343"/>
    <tag k="type" v="line_thin"/>
    <tag k="subtype" v="solid"/>
  </way>
  <way id="47647">
    <nd ref="47621"/>
    <nd ref="47637"/>
    <nd ref="47638"/>
    <nd ref="47639"/>
    <nd ref="47640"/>
    <nd ref="47641"/>
    <nd ref="47642"/>
    <nd ref="47643"/>
    <nd ref="47644"/>
    <nd ref="47645"/>
    <nd ref="4344"/>
    <tag k="type" v="line_thin"/>
    <tag k="subtype" v="solid"/>
  </way>
  <way id="47656">
    <nd ref="80"/>
    <nd ref="47649"/>
    <tag k="type" v="line_thin"/>
    <tag k="subtype" v="solid"/>
  </way>
  <way id="47657">
    <nd ref="104"/>
    <nd ref="47651"/>
    <tag k="type" v="line_thin"/>
    <tag k="subtype" v="solid"/>
  </way>
  <way id="47714">
    <nd ref="47712"/>
    <nd ref="47713"/>
    <tag k="type" v="line_thin"/>
    <tag k="subtype" v="solid"/>
  </way>
  <way id="47717">
    <nd ref="47715"/>
    <nd ref="47716"/>
    <tag k="type" v="line_thin"/>
    <tag k="subtype" v="solid"/>
  </way>
  <way id="47769">
    <nd ref="47767"/>
    <nd ref="47768"/>
    <tag k="type" v="line_thin"/>
    <tag k="subtype" v="solid"/>
  </way>
  <way id="47772">
    <nd ref="47770"/>
    <nd ref="47771"/>
    <tag k="type" v="line_thin"/>
    <tag k="subtype" v="solid"/>
  </way>
  <way id="47781">
    <nd ref="47771"/>
    <nd ref="47777"/>
    <tag k="type" v="line_thin"/>
    <tag k="subtype" v="solid"/>
  </way>
  <way id="47782">
    <nd ref="47768"/>
    <nd ref="47774"/>
    <tag k="type" v="line_thin"/>
    <tag k="subtype" v="solid"/>
  </way>
  <way id="47848">
    <nd ref="47777"/>
    <nd ref="47846"/>
    <tag k="type" v="line_thin"/>
    <tag k="subtype" v="solid"/>
  </way>
  <way id="47850">
    <nd ref="47774"/>
    <nd ref="47847"/>
    <tag k="type" v="line_thin"/>
    <tag k="subtype" v="solid"/>
  </way>
  <way id="47941">
    <nd ref="47846"/>
    <nd ref="47894"/>
    <nd ref="47896"/>
    <nd ref="47898"/>
    <nd ref="47923"/>
    <nd ref="47886"/>
    <nd ref="47911"/>
    <nd ref="47913"/>
    <nd ref="47930"/>
    <nd ref="44442"/>
    <tag k="type" v="line_thin"/>
    <tag k="subtype" v="solid"/>
  </way>
  <way id="47942">
    <nd ref="47847"/>
    <nd ref="47901"/>
    <nd ref="47903"/>
    <nd ref="47905"/>
    <nd ref="47924"/>
    <nd ref="47887"/>
    <nd ref="47916"/>
    <nd ref="47918"/>
    <nd ref="47931"/>
    <nd ref="44441"/>
    <tag k="type" v="line_thin"/>
    <tag k="subtype" v="solid"/>
  </way>
  <way id="47991">
    <nd ref="47716"/>
    <nd ref="47785"/>
    <nd ref="47787"/>
    <nd ref="47789"/>
    <nd ref="47791"/>
    <nd ref="47793"/>
    <nd ref="47989"/>
    <tag k="type" v="line_thin"/>
    <tag k="subtype" v="solid"/>
  </way>
  <way id="47992">
    <nd ref="47989"/>
    <nd ref="47770"/>
    <tag k="type" v="line_thin"/>
    <tag k="subtype" v="solid"/>
  </way>
  <way id="47993">
    <nd ref="47713"/>
    <nd ref="47795"/>
    <nd ref="47797"/>
    <nd ref="47799"/>
    <nd ref="47801"/>
    <nd ref="47803"/>
    <nd ref="47990"/>
    <tag k="type" v="line_thin"/>
    <tag k="subtype" v="solid"/>
  </way>
  <way id="47994">
    <nd ref="47990"/>
    <nd ref="47767"/>
    <tag k="type" v="line_thin"/>
    <tag k="subtype" v="solid"/>
  </way>
  <way id="48011">
    <nd ref="48004"/>
    <nd ref="48005"/>
    <nd ref="47989"/>
    <tag k="type" v="line_thin"/>
    <tag k="subtype" v="solid"/>
  </way>
  <way id="48012">
    <nd ref="48001"/>
    <nd ref="48002"/>
    <nd ref="47990"/>
    <tag k="type" v="line_thin"/>
    <tag k="subtype" v="solid"/>
  </way>
  <way id="48157">
    <nd ref="48154"/>
    <nd ref="48140"/>
    <tag k="type" v="line_thin"/>
    <tag k="subtype" v="solid"/>
  </way>
  <way id="48159">
    <nd ref="48155"/>
    <nd ref="48143"/>
    <tag k="type" v="line_thin"/>
    <tag k="subtype" v="solid"/>
  </way>
  <way id="48169">
    <nd ref="48140"/>
    <nd ref="48161"/>
    <nd ref="48162"/>
    <nd ref="48163"/>
    <nd ref="48164"/>
    <nd ref="38382"/>
    <tag k="type" v="line_thin"/>
    <tag k="subtype" v="solid"/>
  </way>
  <way id="48170">
    <nd ref="48143"/>
    <nd ref="48165"/>
    <nd ref="48166"/>
    <nd ref="48167"/>
    <nd ref="48168"/>
    <nd ref="38379"/>
    <tag k="type" v="line_thin"/>
    <tag k="subtype" v="solid"/>
  </way>
  <way id="48184">
    <nd ref="48140"/>
    <nd ref="48172"/>
    <nd ref="48173"/>
    <nd ref="48174"/>
    <nd ref="48175"/>
    <nd ref="48176"/>
    <nd ref="48177"/>
    <nd ref="44846"/>
    <tag k="type" v="line_thin"/>
    <tag k="subtype" v="solid"/>
  </way>
  <way id="48185">
    <nd ref="48143"/>
    <nd ref="48178"/>
    <nd ref="48179"/>
    <nd ref="48180"/>
    <nd ref="48181"/>
    <nd ref="48182"/>
    <nd ref="48183"/>
    <nd ref="44847"/>
    <tag k="type" v="line_thin"/>
    <tag k="subtype" v="solid"/>
  </way>
  <way id="48187">
    <nd ref="44738"/>
    <nd ref="48154"/>
    <tag k="type" v="line_thin"/>
    <tag k="subtype" v="solid"/>
  </way>
  <way id="48188">
    <nd ref="44739"/>
    <nd ref="48155"/>
    <tag k="type" v="line_thin"/>
    <tag k="subtype" v="solid"/>
  </way>
  <way id="48216">
    <nd ref="42860"/>
    <nd ref="42765"/>
    <nd ref="42766"/>
    <nd ref="48214"/>
    <tag k="type" v="line_thin"/>
    <tag k="subtype" v="solid"/>
  </way>
  <way id="48218">
    <nd ref="42861"/>
    <nd ref="42797"/>
    <nd ref="42798"/>
    <nd ref="48215"/>
    <tag k="type" v="line_thin"/>
    <tag k="subtype" v="solid"/>
  </way>
  <way id="48221">
    <nd ref="48214"/>
    <nd ref="42830"/>
    <nd ref="42818"/>
    <nd ref="42820"/>
    <nd ref="42810"/>
    <nd ref="13506"/>
    <tag k="type" v="line_thin"/>
    <tag k="subtype" v="solid"/>
  </way>
  <way id="48222">
    <nd ref="48215"/>
    <nd ref="42831"/>
    <nd ref="42822"/>
    <nd ref="42824"/>
    <nd ref="42826"/>
    <nd ref="42811"/>
    <nd ref="13503"/>
    <tag k="type" v="line_thin"/>
    <tag k="subtype" v="solid"/>
  </way>
  <way id="48241">
    <nd ref="13506"/>
    <nd ref="48223"/>
    <nd ref="48224"/>
    <nd ref="48226"/>
    <nd ref="48228"/>
    <nd ref="48230"/>
    <nd ref="37924"/>
    <tag k="type" v="line_thin"/>
    <tag k="subtype" v="solid"/>
  </way>
  <way id="48242">
    <nd ref="13503"/>
    <nd ref="48232"/>
    <nd ref="48233"/>
    <nd ref="48235"/>
    <nd ref="48237"/>
    <nd ref="48239"/>
    <nd ref="37921"/>
    <tag k="type" v="line_thin"/>
    <tag k="subtype" v="solid"/>
  </way>
  <way id="48246">
    <nd ref="47649"/>
    <nd ref="48244"/>
    <tag k="type" v="line_thin"/>
    <tag k="subtype" v="solid"/>
  </way>
  <way id="48248">
    <nd ref="47651"/>
    <nd ref="48245"/>
    <tag k="type" v="line_thin"/>
    <tag k="subtype" v="solid"/>
  </way>
  <way id="48253">
    <nd ref="46495"/>
    <nd ref="48251"/>
    <tag k="type" v="line_thin"/>
    <tag k="subtype" v="solid"/>
  </way>
  <way id="48254">
    <nd ref="48251"/>
    <nd ref="502"/>
    <tag k="type" v="line_thin"/>
    <tag k="subtype" v="solid"/>
  </way>
  <way id="48255">
    <nd ref="46499"/>
    <nd ref="48252"/>
    <tag k="type" v="line_thin"/>
    <tag k="subtype" v="solid"/>
  </way>
  <way id="48256">
    <nd ref="48252"/>
    <nd ref="507"/>
    <tag k="type" v="line_thin"/>
    <tag k="subtype" v="solid"/>
  </way>
  <way id="48388">
    <nd ref="45027"/>
    <nd ref="48386"/>
    <tag k="type" v="line_thin"/>
    <tag k="subtype" v="solid"/>
  </way>
  <way id="48390">
    <nd ref="45028"/>
    <nd ref="48387"/>
    <tag k="type" v="line_thin"/>
    <tag k="subtype" v="solid"/>
  </way>
  <way id="48396">
    <nd ref="48393"/>
    <nd ref="11381"/>
    <tag k="type" v="line_thin"/>
    <tag k="subtype" v="solid"/>
  </way>
  <way id="48398">
    <nd ref="48394"/>
    <nd ref="11380"/>
    <tag k="type" v="line_thin"/>
    <tag k="subtype" v="solid"/>
  </way>
  <way id="48410">
    <nd ref="48386"/>
    <nd ref="44996"/>
    <nd ref="44930"/>
    <nd ref="44931"/>
    <nd ref="44932"/>
    <nd ref="44933"/>
    <nd ref="44939"/>
    <nd ref="45013"/>
    <tag k="type" v="line_thin"/>
    <tag k="subtype" v="solid"/>
  </way>
  <way id="48411">
    <nd ref="48387"/>
    <nd ref="44999"/>
    <nd ref="44940"/>
    <nd ref="44942"/>
    <nd ref="44945"/>
    <nd ref="44947"/>
    <nd ref="44949"/>
    <nd ref="44951"/>
    <nd ref="44954"/>
    <nd ref="44956"/>
    <nd ref="44957"/>
    <nd ref="44958"/>
    <nd ref="45014"/>
    <tag k="type" v="line_thin"/>
    <tag k="subtype" v="solid"/>
  </way>
  <way id="48412">
    <nd ref="45013"/>
    <nd ref="48393"/>
    <tag k="type" v="line_thin"/>
    <tag k="subtype" v="solid"/>
  </way>
  <way id="48413">
    <nd ref="45014"/>
    <nd ref="48658"/>
    <nd ref="48659"/>
    <nd ref="48394"/>
    <tag k="type" v="line_thin"/>
    <tag k="subtype" v="solid"/>
  </way>
  <way id="48478">
    <nd ref="48447"/>
    <nd ref="48424"/>
    <nd ref="48440"/>
    <nd ref="48458"/>
    <nd ref="48460"/>
    <nd ref="48462"/>
    <nd ref="48464"/>
    <nd ref="4343"/>
    <tag k="type" v="line_thin"/>
    <tag k="subtype" v="solid"/>
  </way>
  <way id="48479">
    <nd ref="48448"/>
    <nd ref="48428"/>
    <nd ref="48441"/>
    <nd ref="48467"/>
    <nd ref="48469"/>
    <nd ref="48471"/>
    <nd ref="48473"/>
    <nd ref="4344"/>
    <tag k="type" v="line_thin"/>
    <tag k="subtype" v="solid"/>
  </way>
  <way id="48503">
    <nd ref="514"/>
    <nd ref="48501"/>
    <tag k="type" v="line_thin"/>
    <tag k="subtype" v="solid"/>
  </way>
  <way id="48504">
    <nd ref="48501"/>
    <nd ref="48447"/>
    <tag k="type" v="line_thin"/>
    <tag k="subtype" v="solid"/>
  </way>
  <way id="48505">
    <nd ref="520"/>
    <nd ref="48502"/>
    <tag k="type" v="line_thin"/>
    <tag k="subtype" v="solid"/>
  </way>
  <way id="48506">
    <nd ref="48502"/>
    <nd ref="48448"/>
    <tag k="type" v="line_thin"/>
    <tag k="subtype" v="solid"/>
  </way>
  <way id="48655">
    <nd ref="47179"/>
    <nd ref="30020"/>
    <tag k="type" v="line_thin"/>
    <tag k="subtype" v="solid"/>
  </way>
  <way id="48656">
    <nd ref="47188"/>
    <nd ref="30021"/>
    <tag k="type" v="line_thin"/>
    <tag k="subtype" v="solid"/>
  </way>
  <way id="48670">
    <nd ref="48667"/>
    <nd ref="38867"/>
    <tag k="type" v="line_thin"/>
    <tag k="subtype" v="solid"/>
  </way>
  <way id="48672">
    <nd ref="48668"/>
    <nd ref="38869"/>
    <tag k="type" v="line_thin"/>
    <tag k="subtype" v="solid"/>
  </way>
  <way id="48744">
    <nd ref="45204"/>
    <nd ref="48732"/>
    <nd ref="48734"/>
    <nd ref="48736"/>
    <nd ref="42549"/>
    <tag k="type" v="line_thin"/>
    <tag k="subtype" v="solid"/>
  </way>
  <way id="48745">
    <nd ref="45209"/>
    <nd ref="48738"/>
    <nd ref="48740"/>
    <nd ref="48742"/>
    <nd ref="42551"/>
    <tag k="type" v="line_thin"/>
    <tag k="subtype" v="solid"/>
  </way>
  <way id="48781">
    <nd ref="37929"/>
    <nd ref="42597"/>
    <nd ref="48751"/>
    <nd ref="48759"/>
    <nd ref="48761"/>
    <nd ref="48763"/>
    <nd ref="48765"/>
    <nd ref="48767"/>
    <nd ref="42549"/>
    <tag k="type" v="line_thin"/>
    <tag k="subtype" v="solid"/>
  </way>
  <way id="48782">
    <nd ref="37931"/>
    <nd ref="42602"/>
    <nd ref="48752"/>
    <nd ref="48769"/>
    <nd ref="48771"/>
    <nd ref="48773"/>
    <nd ref="48775"/>
    <nd ref="48777"/>
    <nd ref="42551"/>
    <tag k="type" v="line_thin"/>
    <tag k="subtype" v="solid"/>
  </way>
  <way id="48807">
    <nd ref="42617"/>
    <nd ref="48783"/>
    <nd ref="48785"/>
    <nd ref="48787"/>
    <nd ref="48789"/>
    <nd ref="48791"/>
    <nd ref="48793"/>
    <nd ref="47715"/>
    <tag k="type" v="line_thin"/>
    <tag k="subtype" v="solid"/>
  </way>
  <way id="48808">
    <nd ref="42618"/>
    <nd ref="48795"/>
    <nd ref="48797"/>
    <nd ref="48799"/>
    <nd ref="48801"/>
    <nd ref="48803"/>
    <nd ref="48805"/>
    <nd ref="47712"/>
    <tag k="type" v="line_thin"/>
    <tag k="subtype" v="solid"/>
  </way>
  <way id="48882">
    <nd ref="48879"/>
    <nd ref="23952"/>
    <tag k="type" v="line_thin"/>
    <tag k="subtype" v="solid"/>
  </way>
  <way id="48884">
    <nd ref="48880"/>
    <nd ref="23953"/>
    <tag k="type" v="line_thin"/>
    <tag k="subtype" v="solid"/>
  </way>
  <way id="48916">
    <nd ref="48845"/>
    <nd ref="48887"/>
    <nd ref="48889"/>
    <nd ref="48891"/>
    <nd ref="48893"/>
    <nd ref="48895"/>
    <nd ref="48897"/>
    <nd ref="48899"/>
    <nd ref="48879"/>
    <tag k="type" v="line_thin"/>
    <tag k="subtype" v="solid"/>
  </way>
  <way id="48917">
    <nd ref="48846"/>
    <nd ref="48902"/>
    <nd ref="48904"/>
    <nd ref="48906"/>
    <nd ref="48908"/>
    <nd ref="48910"/>
    <nd ref="48912"/>
    <nd ref="48914"/>
    <nd ref="48880"/>
    <tag k="type" v="line_thin"/>
    <tag k="subtype" v="solid"/>
  </way>
  <way id="48921">
    <nd ref="23924"/>
    <nd ref="42023"/>
    <nd ref="48838"/>
    <nd ref="48879"/>
    <tag k="type" v="line_thin"/>
    <tag k="subtype" v="solid"/>
  </way>
  <way id="48922">
    <nd ref="23925"/>
    <nd ref="42024"/>
    <nd ref="48839"/>
    <nd ref="48880"/>
    <tag k="type" v="line_thin"/>
    <tag k="subtype" v="solid"/>
  </way>
  <way id="49080">
    <nd ref="42016"/>
    <nd ref="41993"/>
    <nd ref="41994"/>
    <nd ref="48845"/>
    <tag k="type" v="line_thin"/>
    <tag k="subtype" v="solid"/>
  </way>
  <way id="49081">
    <nd ref="42017"/>
    <nd ref="42003"/>
    <nd ref="42004"/>
    <nd ref="42005"/>
    <nd ref="48846"/>
    <tag k="type" v="line_thin"/>
    <tag k="subtype" v="solid"/>
  </way>
  <way id="49139">
    <nd ref="25955"/>
    <nd ref="49132"/>
    <tag k="type" v="line_thin"/>
    <tag k="subtype" v="solid"/>
  </way>
  <way id="49140">
    <nd ref="25956"/>
    <nd ref="49133"/>
    <tag k="type" v="line_thin"/>
    <tag k="subtype" v="solid"/>
  </way>
  <way id="49162">
    <nd ref="25919"/>
    <nd ref="49083"/>
    <nd ref="49084"/>
    <nd ref="49085"/>
    <tag k="type" v="line_thin"/>
    <tag k="subtype" v="solid"/>
  </way>
  <way id="49163">
    <nd ref="25934"/>
    <nd ref="49087"/>
    <nd ref="49088"/>
    <nd ref="49090"/>
    <tag k="type" v="line_thin"/>
    <tag k="subtype" v="solid"/>
  </way>
  <way id="49166">
    <nd ref="26555"/>
    <nd ref="25955"/>
    <tag k="type" v="line_thin"/>
    <tag k="subtype" v="solid"/>
  </way>
  <way id="49167">
    <nd ref="26556"/>
    <nd ref="25956"/>
    <tag k="type" v="line_thin"/>
    <tag k="subtype" v="solid"/>
  </way>
  <way id="49185">
    <nd ref="40634"/>
    <nd ref="49170"/>
    <nd ref="49172"/>
    <nd ref="49174"/>
    <nd ref="40590"/>
    <tag k="type" v="line_thin"/>
    <tag k="subtype" v="solid"/>
  </way>
  <way id="49186">
    <nd ref="40635"/>
    <nd ref="49178"/>
    <nd ref="49180"/>
    <nd ref="49182"/>
    <nd ref="40591"/>
    <tag k="type" v="line_thin"/>
    <tag k="subtype" v="solid"/>
  </way>
  <way id="49194">
    <nd ref="26015"/>
    <nd ref="49188"/>
    <nd ref="49189"/>
    <nd ref="49190"/>
    <nd ref="40508"/>
    <tag k="type" v="line_thin"/>
    <tag k="subtype" v="solid"/>
  </way>
  <way id="49195">
    <nd ref="26040"/>
    <nd ref="49191"/>
    <nd ref="49192"/>
    <nd ref="49193"/>
    <nd ref="40509"/>
    <tag k="type" v="line_thin"/>
    <tag k="subtype" v="solid"/>
  </way>
  <way id="49200">
    <nd ref="49197"/>
    <nd ref="33483"/>
    <tag k="type" v="line_thin"/>
    <tag k="subtype" v="solid"/>
  </way>
  <way id="49202">
    <nd ref="49198"/>
    <nd ref="33484"/>
    <tag k="type" v="line_thin"/>
    <tag k="subtype" v="solid"/>
  </way>
  <way id="49214">
    <nd ref="49132"/>
    <nd ref="49204"/>
    <nd ref="49197"/>
    <tag k="type" v="line_thin"/>
    <tag k="subtype" v="solid"/>
  </way>
  <way id="49215">
    <nd ref="49133"/>
    <nd ref="49209"/>
    <nd ref="49198"/>
    <tag k="type" v="line_thin"/>
    <tag k="subtype" v="solid"/>
  </way>
  <way id="49245">
    <nd ref="49085"/>
    <nd ref="49218"/>
    <nd ref="49220"/>
    <nd ref="49222"/>
    <nd ref="49224"/>
    <nd ref="49226"/>
    <nd ref="49228"/>
    <nd ref="49230"/>
    <nd ref="49132"/>
    <tag k="type" v="line_thin"/>
    <tag k="subtype" v="solid"/>
  </way>
  <way id="49246">
    <nd ref="49090"/>
    <nd ref="49232"/>
    <nd ref="49234"/>
    <nd ref="49236"/>
    <nd ref="49238"/>
    <nd ref="49240"/>
    <nd ref="49242"/>
    <nd ref="49244"/>
    <nd ref="49133"/>
    <tag k="type" v="line_thin"/>
    <tag k="subtype" v="solid"/>
  </way>
  <way id="49252">
    <nd ref="49249"/>
    <nd ref="44534"/>
    <tag k="type" v="line_thin"/>
    <tag k="subtype" v="solid"/>
  </way>
  <way id="49254">
    <nd ref="49250"/>
    <nd ref="44531"/>
    <tag k="type" v="line_thin"/>
    <tag k="subtype" v="solid"/>
  </way>
  <way id="49258">
    <nd ref="32484"/>
    <nd ref="49256"/>
    <tag k="type" v="line_thin"/>
    <tag k="subtype" v="solid"/>
  </way>
  <way id="49260">
    <nd ref="32485"/>
    <nd ref="49257"/>
    <tag k="type" v="line_thin"/>
    <tag k="subtype" v="solid"/>
  </way>
  <way id="49271">
    <nd ref="49256"/>
    <nd ref="49264"/>
    <nd ref="49265"/>
    <nd ref="49266"/>
    <nd ref="49249"/>
    <tag k="type" v="line_thin"/>
    <tag k="subtype" v="solid"/>
  </way>
  <way id="49272">
    <nd ref="49257"/>
    <nd ref="49268"/>
    <nd ref="49270"/>
    <nd ref="49250"/>
    <tag k="type" v="line_thin"/>
    <tag k="subtype" v="solid"/>
  </way>
  <way id="49441">
    <nd ref="49427"/>
    <nd ref="49439"/>
    <tag k="type" v="line_thin"/>
    <tag k="subtype" v="solid"/>
  </way>
  <way id="49443">
    <nd ref="49432"/>
    <nd ref="49440"/>
    <tag k="type" v="line_thin"/>
    <tag k="subtype" v="solid"/>
  </way>
  <way id="49468">
    <nd ref="49439"/>
    <nd ref="49464"/>
    <nd ref="49465"/>
    <nd ref="44484"/>
    <tag k="type" v="line_thin"/>
    <tag k="subtype" v="solid"/>
  </way>
  <way id="49469">
    <nd ref="49440"/>
    <nd ref="49466"/>
    <nd ref="49467"/>
    <nd ref="44485"/>
    <tag k="type" v="line_thin"/>
    <tag k="subtype" v="solid"/>
  </way>
  <way id="49511">
    <nd ref="49508"/>
    <nd ref="31956"/>
    <tag k="type" v="line_thin"/>
    <tag k="subtype" v="solid"/>
  </way>
  <way id="49513">
    <nd ref="49509"/>
    <nd ref="31953"/>
    <tag k="type" v="line_thin"/>
    <tag k="subtype" v="solid"/>
  </way>
  <way id="49569">
    <nd ref="49530"/>
    <nd ref="49550"/>
    <nd ref="49552"/>
    <nd ref="49554"/>
    <nd ref="49556"/>
    <nd ref="49558"/>
    <nd ref="49508"/>
    <tag k="type" v="line_thin"/>
    <tag k="subtype" v="solid"/>
  </way>
  <way id="49570">
    <nd ref="49532"/>
    <nd ref="49560"/>
    <nd ref="49562"/>
    <nd ref="49564"/>
    <nd ref="49566"/>
    <nd ref="49568"/>
    <nd ref="49509"/>
    <tag k="type" v="line_thin"/>
    <tag k="subtype" v="solid"/>
  </way>
  <way id="49607">
    <nd ref="37110"/>
    <nd ref="49291"/>
    <nd ref="49594"/>
    <nd ref="49595"/>
    <nd ref="49596"/>
    <nd ref="49597"/>
    <nd ref="49598"/>
    <nd ref="49508"/>
    <tag k="type" v="line_thin"/>
    <tag k="subtype" v="solid"/>
  </way>
  <way id="49608">
    <nd ref="37113"/>
    <nd ref="49292"/>
    <nd ref="49599"/>
    <nd ref="49600"/>
    <nd ref="49601"/>
    <nd ref="49602"/>
    <nd ref="49603"/>
    <nd ref="49509"/>
    <tag k="type" v="line_thin"/>
    <tag k="subtype" v="solid"/>
  </way>
  <way id="49835">
    <nd ref="49832"/>
    <nd ref="49748"/>
    <nd ref="49751"/>
    <nd ref="49754"/>
    <nd ref="49757"/>
    <nd ref="49760"/>
    <nd ref="49638"/>
    <tag k="type" v="line_thin"/>
    <tag k="subtype" v="solid"/>
  </way>
  <way id="49837">
    <nd ref="49833"/>
    <nd ref="49766"/>
    <nd ref="49769"/>
    <nd ref="49772"/>
    <nd ref="49775"/>
    <nd ref="49778"/>
    <nd ref="49639"/>
    <tag k="type" v="line_thin"/>
    <tag k="subtype" v="solid"/>
  </way>
  <way id="49866">
    <nd ref="49839"/>
    <nd ref="49848"/>
    <nd ref="49851"/>
    <nd ref="49854"/>
    <nd ref="49832"/>
    <tag k="type" v="line_thin"/>
    <tag k="subtype" v="solid"/>
  </way>
  <way id="49867">
    <nd ref="49840"/>
    <nd ref="49858"/>
    <nd ref="49861"/>
    <nd ref="49864"/>
    <nd ref="49833"/>
    <tag k="type" v="line_thin"/>
    <tag k="subtype" v="solid"/>
  </way>
  <way id="49875">
    <nd ref="49638"/>
    <nd ref="49609"/>
    <tag k="type" v="line_thin"/>
    <tag k="subtype" v="solid"/>
  </way>
  <way id="49876">
    <nd ref="49639"/>
    <nd ref="49613"/>
    <tag k="type" v="line_thin"/>
    <tag k="subtype" v="solid"/>
  </way>
  <way id="49877">
    <nd ref="49609"/>
    <nd ref="45353"/>
    <tag k="type" v="line_thin"/>
    <tag k="subtype" v="solid"/>
  </way>
  <way id="49878">
    <nd ref="49613"/>
    <nd ref="45354"/>
    <tag k="type" v="line_thin"/>
    <tag k="subtype" v="solid"/>
  </way>
  <way id="49938">
    <nd ref="49935"/>
    <nd ref="1778"/>
    <tag k="type" v="line_thin"/>
    <tag k="subtype" v="solid"/>
  </way>
  <way id="49940">
    <nd ref="49936"/>
    <nd ref="1775"/>
    <tag k="type" v="line_thin"/>
    <tag k="subtype" v="solid"/>
  </way>
  <way id="49945">
    <nd ref="49942"/>
    <nd ref="49935"/>
    <tag k="type" v="line_thin"/>
    <tag k="subtype" v="solid"/>
  </way>
  <way id="49947">
    <nd ref="49943"/>
    <nd ref="49936"/>
    <tag k="type" v="line_thin"/>
    <tag k="subtype" v="solid"/>
  </way>
  <way id="49998">
    <nd ref="49981"/>
    <nd ref="49982"/>
    <nd ref="49983"/>
    <nd ref="49984"/>
    <nd ref="49985"/>
    <nd ref="49986"/>
    <nd ref="49987"/>
    <nd ref="49988"/>
    <nd ref="49989"/>
    <nd ref="49990"/>
    <nd ref="49991"/>
    <tag k="type" v="line_thin"/>
    <tag k="subtype" v="solid"/>
  </way>
  <way id="49999">
    <nd ref="49992"/>
    <nd ref="49993"/>
    <nd ref="49994"/>
    <nd ref="49995"/>
    <nd ref="49996"/>
    <nd ref="49997"/>
    <tag k="type" v="line_thin"/>
    <tag k="subtype" v="solid"/>
  </way>
  <way id="50003">
    <nd ref="609"/>
    <nd ref="50001"/>
    <tag k="type" v="line_thin"/>
    <tag k="subtype" v="solid"/>
  </way>
  <way id="50004">
    <nd ref="50001"/>
    <nd ref="33271"/>
    <tag k="type" v="line_thin"/>
    <tag k="subtype" v="solid"/>
  </way>
  <way id="50005">
    <nd ref="614"/>
    <nd ref="50002"/>
    <tag k="type" v="line_thin"/>
    <tag k="subtype" v="solid"/>
  </way>
  <way id="50006">
    <nd ref="50002"/>
    <nd ref="33272"/>
    <tag k="type" v="line_thin"/>
    <tag k="subtype" v="solid"/>
  </way>
  <way id="50011">
    <nd ref="50008"/>
    <nd ref="28652"/>
    <tag k="type" v="line_thin"/>
    <tag k="subtype" v="solid"/>
  </way>
  <way id="50013">
    <nd ref="50009"/>
    <nd ref="28653"/>
    <tag k="type" v="line_thin"/>
    <tag k="subtype" v="solid"/>
  </way>
  <way id="50015">
    <nd ref="49991"/>
    <nd ref="50008"/>
    <tag k="type" v="line_thin"/>
    <tag k="subtype" v="solid"/>
  </way>
  <way id="50016">
    <nd ref="49997"/>
    <nd ref="50009"/>
    <tag k="type" v="line_thin"/>
    <tag k="subtype" v="solid"/>
  </way>
  <way id="50018">
    <nd ref="50001"/>
    <nd ref="49981"/>
    <tag k="type" v="line_thin"/>
    <tag k="subtype" v="solid"/>
  </way>
  <way id="50019">
    <nd ref="50002"/>
    <nd ref="49992"/>
    <tag k="type" v="line_thin"/>
    <tag k="subtype" v="solid"/>
  </way>
  <way id="50021">
    <nd ref="45187"/>
    <nd ref="50008"/>
    <tag k="type" v="line_thin"/>
    <tag k="subtype" v="solid"/>
  </way>
  <way id="50022">
    <nd ref="45188"/>
    <nd ref="50009"/>
    <tag k="type" v="line_thin"/>
    <tag k="subtype" v="solid"/>
  </way>
  <way id="50283">
    <nd ref="50253"/>
    <nd ref="50281"/>
    <tag k="type" v="line_thin"/>
    <tag k="subtype" v="solid"/>
  </way>
  <way id="50285">
    <nd ref="50254"/>
    <nd ref="50282"/>
    <tag k="type" v="line_thin"/>
    <tag k="subtype" v="solid"/>
  </way>
  <way id="50291">
    <nd ref="50281"/>
    <nd ref="50067"/>
    <tag k="type" v="line_thin"/>
    <tag k="subtype" v="solid"/>
  </way>
  <way id="50292">
    <nd ref="50282"/>
    <nd ref="50068"/>
    <tag k="type" v="line_thin"/>
    <tag k="subtype" v="solid"/>
  </way>
  <way id="50348">
    <nd ref="15110"/>
    <nd ref="50335"/>
    <nd ref="50316"/>
    <nd ref="50318"/>
    <nd ref="50320"/>
    <nd ref="50322"/>
    <nd ref="50253"/>
    <tag k="type" v="line_thin"/>
    <tag k="subtype" v="solid"/>
  </way>
  <way id="50349">
    <nd ref="15107"/>
    <nd ref="50336"/>
    <nd ref="50325"/>
    <nd ref="50326"/>
    <nd ref="50328"/>
    <nd ref="50330"/>
    <nd ref="50254"/>
    <tag k="type" v="line_thin"/>
    <tag k="subtype" v="solid"/>
  </way>
  <way id="50360">
    <nd ref="50077"/>
    <nd ref="50253"/>
    <tag k="type" v="line_thin"/>
    <tag k="subtype" v="solid"/>
  </way>
  <way id="50361">
    <nd ref="50079"/>
    <nd ref="50254"/>
    <tag k="type" v="line_thin"/>
    <tag k="subtype" v="solid"/>
  </way>
  <way id="50392">
    <nd ref="50067"/>
    <nd ref="22408"/>
    <nd ref="50040"/>
    <tag k="type" v="line_thin"/>
    <tag k="subtype" v="solid"/>
  </way>
  <way id="50394">
    <nd ref="50068"/>
    <nd ref="50076"/>
    <nd ref="22405"/>
    <tag k="type" v="line_thin"/>
    <tag k="subtype" v="solid"/>
  </way>
  <way id="50400">
    <nd ref="50369"/>
    <nd ref="50383"/>
    <nd ref="22338"/>
    <tag k="type" v="line_thin"/>
    <tag k="subtype" v="solid"/>
  </way>
  <way id="50401">
    <nd ref="50371"/>
    <nd ref="50384"/>
    <nd ref="22339"/>
    <tag k="type" v="line_thin"/>
    <tag k="subtype" v="solid"/>
  </way>
  <way id="50402">
    <nd ref="50040"/>
    <nd ref="50369"/>
    <tag k="type" v="line_thin"/>
    <tag k="subtype" v="solid"/>
  </way>
  <way id="50403">
    <nd ref="22405"/>
    <nd ref="50371"/>
    <tag k="type" v="line_thin"/>
    <tag k="subtype" v="solid"/>
  </way>
  <way id="50518">
    <nd ref="50514"/>
    <nd ref="50515"/>
    <tag k="type" v="line_thin"/>
    <tag k="subtype" v="solid"/>
  </way>
  <way id="50519">
    <nd ref="50516"/>
    <nd ref="50517"/>
    <tag k="type" v="line_thin"/>
    <tag k="subtype" v="solid"/>
  </way>
  <way id="50603">
    <nd ref="42145"/>
    <nd ref="42169"/>
    <nd ref="42170"/>
    <nd ref="50405"/>
    <nd ref="42173"/>
    <nd ref="50601"/>
    <tag k="type" v="line_thin"/>
    <tag k="subtype" v="solid"/>
  </way>
  <way id="50604">
    <nd ref="50601"/>
    <nd ref="42175"/>
    <nd ref="20939"/>
    <tag k="type" v="line_thin"/>
    <tag k="subtype" v="solid"/>
  </way>
  <way id="50605">
    <nd ref="42142"/>
    <nd ref="42176"/>
    <nd ref="42177"/>
    <nd ref="42178"/>
    <nd ref="50406"/>
    <nd ref="50449"/>
    <nd ref="50602"/>
    <tag k="type" v="line_thin"/>
    <tag k="subtype" v="solid"/>
  </way>
  <way id="50606">
    <nd ref="50602"/>
    <nd ref="42181"/>
    <nd ref="20940"/>
    <tag k="type" v="line_thin"/>
    <tag k="subtype" v="solid"/>
  </way>
  <way id="50632">
    <nd ref="50515"/>
    <nd ref="50609"/>
    <nd ref="50611"/>
    <nd ref="50613"/>
    <nd ref="50625"/>
    <nd ref="50601"/>
    <tag k="type" v="line_thin"/>
    <tag k="subtype" v="solid"/>
  </way>
  <way id="50633">
    <nd ref="50517"/>
    <nd ref="50616"/>
    <nd ref="50618"/>
    <nd ref="50620"/>
    <nd ref="50626"/>
    <nd ref="50602"/>
    <tag k="type" v="line_thin"/>
    <tag k="subtype" v="solid"/>
  </way>
  <way id="50668">
    <nd ref="46703"/>
    <nd ref="50643"/>
    <nd ref="50666"/>
    <tag k="type" v="line_thin"/>
    <tag k="subtype" v="solid"/>
  </way>
  <way id="50670">
    <nd ref="46704"/>
    <nd ref="50652"/>
    <nd ref="50667"/>
    <tag k="type" v="line_thin"/>
    <tag k="subtype" v="solid"/>
  </way>
  <way id="50731">
    <nd ref="22977"/>
    <nd ref="50729"/>
    <tag k="type" v="line_thin"/>
    <tag k="subtype" v="solid"/>
  </way>
  <way id="50733">
    <nd ref="22978"/>
    <nd ref="50730"/>
    <tag k="type" v="line_thin"/>
    <tag k="subtype" v="solid"/>
  </way>
  <way id="50741">
    <nd ref="50707"/>
    <nd ref="50729"/>
    <tag k="type" v="line_thin"/>
    <tag k="subtype" v="solid"/>
  </way>
  <way id="50742">
    <nd ref="50709"/>
    <nd ref="50730"/>
    <tag k="type" v="line_thin"/>
    <tag k="subtype" v="solid"/>
  </way>
  <way id="50743">
    <nd ref="50729"/>
    <nd ref="23727"/>
    <tag k="type" v="line_thin"/>
    <tag k="subtype" v="solid"/>
  </way>
  <way id="50744">
    <nd ref="50730"/>
    <nd ref="23728"/>
    <tag k="type" v="line_thin"/>
    <tag k="subtype" v="solid"/>
  </way>
  <way id="50749">
    <nd ref="50745"/>
    <nd ref="50746"/>
    <tag k="type" v="line_thin"/>
    <tag k="subtype" v="solid"/>
  </way>
  <way id="50750">
    <nd ref="50747"/>
    <nd ref="50748"/>
    <tag k="type" v="line_thin"/>
    <tag k="subtype" v="solid"/>
  </way>
  <way id="50755">
    <nd ref="50746"/>
    <nd ref="44898"/>
    <nd ref="44855"/>
    <tag k="type" v="line_thin"/>
    <tag k="subtype" v="solid"/>
  </way>
  <way id="50756">
    <nd ref="50748"/>
    <nd ref="44899"/>
    <nd ref="44865"/>
    <tag k="type" v="line_thin"/>
    <tag k="subtype" v="solid"/>
  </way>
  <way id="50825">
    <nd ref="50809"/>
    <nd ref="50810"/>
    <nd ref="50811"/>
    <nd ref="50812"/>
    <nd ref="50813"/>
    <nd ref="50814"/>
    <nd ref="50815"/>
    <nd ref="50817"/>
    <tag k="type" v="line_thin"/>
    <tag k="subtype" v="solid"/>
  </way>
  <way id="50826">
    <nd ref="50818"/>
    <nd ref="50819"/>
    <nd ref="50820"/>
    <nd ref="50821"/>
    <nd ref="50822"/>
    <nd ref="50823"/>
    <nd ref="50824"/>
    <tag k="type" v="line_thin"/>
    <tag k="subtype" v="solid"/>
  </way>
  <way id="50838">
    <nd ref="50809"/>
    <nd ref="47179"/>
    <tag k="type" v="line_thin"/>
    <tag k="subtype" v="solid"/>
  </way>
  <way id="50839">
    <nd ref="50818"/>
    <nd ref="47188"/>
    <tag k="type" v="line_thin"/>
    <tag k="subtype" v="solid"/>
  </way>
  <way id="50841">
    <nd ref="30869"/>
    <nd ref="50809"/>
    <tag k="type" v="line_thin"/>
    <tag k="subtype" v="solid"/>
  </way>
  <way id="50842">
    <nd ref="30870"/>
    <nd ref="50818"/>
    <tag k="type" v="line_thin"/>
    <tag k="subtype" v="solid"/>
  </way>
  <way id="50846">
    <nd ref="50817"/>
    <nd ref="47604"/>
    <tag k="type" v="line_thin"/>
    <tag k="subtype" v="solid"/>
  </way>
  <way id="50847">
    <nd ref="50824"/>
    <nd ref="47605"/>
    <tag k="type" v="line_thin"/>
    <tag k="subtype" v="solid"/>
  </way>
  <way id="50866">
    <nd ref="50862"/>
    <nd ref="50863"/>
    <tag k="type" v="line_thin"/>
    <tag k="subtype" v="solid"/>
  </way>
  <way id="50867">
    <nd ref="50864"/>
    <nd ref="50865"/>
    <tag k="type" v="line_thin"/>
    <tag k="subtype" v="solid"/>
  </way>
  <way id="50869">
    <nd ref="45454"/>
    <nd ref="50862"/>
    <tag k="type" v="line_thin"/>
    <tag k="subtype" v="solid"/>
  </way>
  <way id="50870">
    <nd ref="45455"/>
    <nd ref="50864"/>
    <tag k="type" v="line_thin"/>
    <tag k="subtype" v="solid"/>
  </way>
  <way id="50872">
    <nd ref="50863"/>
    <nd ref="46421"/>
    <tag k="type" v="line_thin"/>
    <tag k="subtype" v="solid"/>
  </way>
  <way id="50873">
    <nd ref="50865"/>
    <nd ref="46422"/>
    <tag k="type" v="line_thin"/>
    <tag k="subtype" v="solid"/>
  </way>
  <way id="50934">
    <nd ref="45454"/>
    <nd ref="50919"/>
    <nd ref="50921"/>
    <nd ref="50923"/>
    <nd ref="50925"/>
    <nd ref="50911"/>
    <tag k="type" v="line_thin"/>
    <tag k="subtype" v="solid"/>
  </way>
  <way id="50935">
    <nd ref="45455"/>
    <nd ref="50927"/>
    <nd ref="50929"/>
    <nd ref="50931"/>
    <nd ref="50933"/>
    <nd ref="50912"/>
    <tag k="type" v="line_thin"/>
    <tag k="subtype" v="solid"/>
  </way>
  <way id="50940">
    <nd ref="50937"/>
    <nd ref="46401"/>
    <nd ref="46403"/>
    <nd ref="46405"/>
    <nd ref="30876"/>
    <tag k="type" v="line_thin"/>
    <tag k="subtype" v="solid"/>
  </way>
  <way id="50942">
    <nd ref="50938"/>
    <nd ref="46408"/>
    <nd ref="46410"/>
    <nd ref="46412"/>
    <nd ref="30877"/>
    <tag k="type" v="line_thin"/>
    <tag k="subtype" v="solid"/>
  </way>
  <way id="51022">
    <nd ref="50911"/>
    <nd ref="50992"/>
    <nd ref="50995"/>
    <nd ref="50998"/>
    <nd ref="51001"/>
    <nd ref="51004"/>
    <nd ref="50937"/>
    <tag k="type" v="line_thin"/>
    <tag k="subtype" v="solid"/>
  </way>
  <way id="51023">
    <nd ref="50912"/>
    <nd ref="51007"/>
    <nd ref="51010"/>
    <nd ref="51013"/>
    <nd ref="51016"/>
    <nd ref="51019"/>
    <nd ref="50938"/>
    <tag k="type" v="line_thin"/>
    <tag k="subtype" v="solid"/>
  </way>
  <way id="51114">
    <nd ref="48691"/>
    <nd ref="48693"/>
    <nd ref="43311"/>
    <nd ref="43313"/>
    <nd ref="43315"/>
    <nd ref="43322"/>
    <nd ref="43324"/>
    <nd ref="36866"/>
    <tag k="type" v="line_thin"/>
    <tag k="subtype" v="solid"/>
  </way>
  <way id="51116">
    <nd ref="48700"/>
    <nd ref="43310"/>
    <nd ref="43312"/>
    <nd ref="43314"/>
    <nd ref="43325"/>
    <nd ref="43326"/>
    <nd ref="36867"/>
    <tag k="type" v="line_thin"/>
    <tag k="subtype" v="solid"/>
  </way>
  <way id="51160">
    <nd ref="51158"/>
    <nd ref="51159"/>
    <tag k="type" v="line_thin"/>
    <tag k="subtype" v="solid"/>
  </way>
  <way id="51163">
    <nd ref="51161"/>
    <nd ref="51162"/>
    <tag k="type" v="line_thin"/>
    <tag k="subtype" v="solid"/>
  </way>
  <way id="51171">
    <nd ref="51168"/>
    <nd ref="51161"/>
    <tag k="type" v="line_thin"/>
    <tag k="subtype" v="solid"/>
  </way>
  <way id="51173">
    <nd ref="51169"/>
    <nd ref="51158"/>
    <tag k="type" v="line_thin"/>
    <tag k="subtype" v="solid"/>
  </way>
  <way id="51218">
    <nd ref="44864"/>
    <nd ref="44884"/>
    <nd ref="44886"/>
    <nd ref="44887"/>
    <nd ref="51177"/>
    <nd ref="51184"/>
    <nd ref="51168"/>
    <tag k="type" v="line_thin"/>
    <tag k="subtype" v="solid"/>
  </way>
  <way id="51219">
    <nd ref="44883"/>
    <nd ref="44888"/>
    <nd ref="44889"/>
    <nd ref="44890"/>
    <nd ref="51178"/>
    <nd ref="51199"/>
    <nd ref="51169"/>
    <tag k="type" v="line_thin"/>
    <tag k="subtype" v="solid"/>
  </way>
  <way id="51229">
    <nd ref="51220"/>
    <nd ref="51227"/>
    <tag k="type" v="line_thin"/>
    <tag k="subtype" v="solid"/>
  </way>
  <way id="51231">
    <nd ref="51222"/>
    <nd ref="51228"/>
    <tag k="type" v="line_thin"/>
    <tag k="subtype" v="solid"/>
  </way>
  <way id="51297">
    <nd ref="51162"/>
    <nd ref="51266"/>
    <nd ref="51269"/>
    <nd ref="51272"/>
    <nd ref="51275"/>
    <nd ref="51278"/>
    <nd ref="51220"/>
    <tag k="type" v="line_thin"/>
    <tag k="subtype" v="solid"/>
  </way>
  <way id="51298">
    <nd ref="51159"/>
    <nd ref="51282"/>
    <nd ref="51285"/>
    <nd ref="51288"/>
    <nd ref="51291"/>
    <nd ref="51294"/>
    <nd ref="51222"/>
    <tag k="type" v="line_thin"/>
    <tag k="subtype" v="solid"/>
  </way>
  <way id="51316">
    <nd ref="33284"/>
    <nd ref="51314"/>
    <tag k="type" v="line_thin"/>
    <tag k="subtype" v="solid"/>
  </way>
  <way id="51317">
    <nd ref="51314"/>
    <nd ref="33146"/>
    <tag k="type" v="line_thin"/>
    <tag k="subtype" v="solid"/>
  </way>
  <way id="51318">
    <nd ref="33285"/>
    <nd ref="51315"/>
    <tag k="type" v="line_thin"/>
    <tag k="subtype" v="solid"/>
  </way>
  <way id="51319">
    <nd ref="51315"/>
    <nd ref="33147"/>
    <tag k="type" v="line_thin"/>
    <tag k="subtype" v="solid"/>
  </way>
  <way id="51333">
    <nd ref="51227"/>
    <nd ref="51321"/>
    <nd ref="51324"/>
    <nd ref="51310"/>
    <tag k="type" v="line_thin"/>
    <tag k="subtype" v="solid"/>
  </way>
  <way id="51334">
    <nd ref="51228"/>
    <nd ref="51327"/>
    <nd ref="51330"/>
    <nd ref="51307"/>
    <tag k="type" v="line_thin"/>
    <tag k="subtype" v="solid"/>
  </way>
  <way id="51361">
    <nd ref="51310"/>
    <nd ref="51311"/>
    <nd ref="51338"/>
    <nd ref="51341"/>
    <nd ref="51344"/>
    <nd ref="33284"/>
    <tag k="type" v="line_thin"/>
    <tag k="subtype" v="solid"/>
  </way>
  <way id="51362">
    <nd ref="51307"/>
    <nd ref="51308"/>
    <nd ref="51347"/>
    <nd ref="51350"/>
    <nd ref="51353"/>
    <nd ref="33285"/>
    <tag k="type" v="line_thin"/>
    <tag k="subtype" v="solid"/>
  </way>
  <way id="51404">
    <nd ref="51377"/>
    <nd ref="51370"/>
    <tag k="type" v="line_thin"/>
    <tag k="subtype" v="solid"/>
  </way>
  <way id="51405">
    <nd ref="51379"/>
    <nd ref="51372"/>
    <tag k="type" v="line_thin"/>
    <tag k="subtype" v="solid"/>
  </way>
  <way id="51406">
    <nd ref="51370"/>
    <nd ref="50745"/>
    <tag k="type" v="line_thin"/>
    <tag k="subtype" v="solid"/>
  </way>
  <way id="51407">
    <nd ref="51372"/>
    <nd ref="50747"/>
    <tag k="type" v="line_thin"/>
    <tag k="subtype" v="solid"/>
  </way>
  <way id="51478">
    <nd ref="32967"/>
    <nd ref="51464"/>
    <nd ref="51465"/>
    <nd ref="51466"/>
    <nd ref="51467"/>
    <nd ref="51468"/>
    <nd ref="51469"/>
    <nd ref="51470"/>
    <nd ref="51377"/>
    <tag k="type" v="line_thin"/>
    <tag k="subtype" v="solid"/>
  </way>
  <way id="51479">
    <nd ref="32968"/>
    <nd ref="51471"/>
    <nd ref="51472"/>
    <nd ref="51473"/>
    <nd ref="51474"/>
    <nd ref="51475"/>
    <nd ref="51476"/>
    <nd ref="51477"/>
    <nd ref="51379"/>
    <tag k="type" v="line_thin"/>
    <tag k="subtype" v="solid"/>
  </way>
  <way id="51497">
    <nd ref="51488"/>
    <nd ref="51495"/>
    <tag k="type" v="line_thin"/>
    <tag k="subtype" v="solid"/>
  </way>
  <way id="51499">
    <nd ref="51490"/>
    <nd ref="51496"/>
    <tag k="type" v="line_thin"/>
    <tag k="subtype" v="solid"/>
  </way>
  <way id="51525">
    <nd ref="11917"/>
    <nd ref="51509"/>
    <nd ref="51510"/>
    <nd ref="51505"/>
    <nd ref="51516"/>
    <nd ref="51517"/>
    <nd ref="51488"/>
    <tag k="type" v="line_thin"/>
    <tag k="subtype" v="solid"/>
  </way>
  <way id="51526">
    <nd ref="11918"/>
    <nd ref="51511"/>
    <nd ref="51512"/>
    <nd ref="51503"/>
    <nd ref="51518"/>
    <nd ref="51519"/>
    <nd ref="51490"/>
    <tag k="type" v="line_thin"/>
    <tag k="subtype" v="solid"/>
  </way>
  <way id="51601">
    <nd ref="51495"/>
    <nd ref="51599"/>
    <tag k="type" v="line_thin"/>
    <tag k="subtype" v="solid"/>
  </way>
  <way id="51603">
    <nd ref="51496"/>
    <nd ref="51600"/>
    <tag k="type" v="line_thin"/>
    <tag k="subtype" v="solid"/>
  </way>
  <way id="51624">
    <nd ref="51607"/>
    <nd ref="45027"/>
    <tag k="type" v="line_thin"/>
    <tag k="subtype" v="solid"/>
  </way>
  <way id="51625">
    <nd ref="51609"/>
    <nd ref="45028"/>
    <tag k="type" v="line_thin"/>
    <tag k="subtype" v="solid"/>
  </way>
  <way id="51658">
    <nd ref="51655"/>
    <nd ref="51607"/>
    <tag k="type" v="line_thin"/>
    <tag k="subtype" v="solid"/>
  </way>
  <way id="51660">
    <nd ref="51656"/>
    <nd ref="51609"/>
    <tag k="type" v="line_thin"/>
    <tag k="subtype" v="solid"/>
  </way>
  <way id="51688">
    <nd ref="32841"/>
    <nd ref="51662"/>
    <nd ref="51664"/>
    <nd ref="51666"/>
    <nd ref="51668"/>
    <nd ref="51670"/>
    <nd ref="51672"/>
    <nd ref="51674"/>
    <nd ref="51655"/>
    <tag k="type" v="line_thin"/>
    <tag k="subtype" v="solid"/>
  </way>
  <way id="51689">
    <nd ref="32842"/>
    <nd ref="51675"/>
    <nd ref="51677"/>
    <nd ref="51679"/>
    <nd ref="51681"/>
    <nd ref="51683"/>
    <nd ref="51685"/>
    <nd ref="51687"/>
    <nd ref="51656"/>
    <tag k="type" v="line_thin"/>
    <tag k="subtype" v="solid"/>
  </way>
  <way id="51736">
    <nd ref="51733"/>
    <nd ref="51726"/>
    <tag k="type" v="line_thin"/>
    <tag k="subtype" v="solid"/>
  </way>
  <way id="51738">
    <nd ref="51734"/>
    <nd ref="51727"/>
    <tag k="type" v="line_thin"/>
    <tag k="subtype" v="solid"/>
  </way>
  <way id="51819">
    <nd ref="13138"/>
    <nd ref="51790"/>
    <nd ref="51792"/>
    <nd ref="51794"/>
    <nd ref="51796"/>
    <nd ref="51798"/>
    <nd ref="51800"/>
    <nd ref="51802"/>
    <nd ref="51733"/>
    <tag k="type" v="line_thin"/>
    <tag k="subtype" v="solid"/>
  </way>
  <way id="51820">
    <nd ref="13135"/>
    <nd ref="51805"/>
    <nd ref="51807"/>
    <nd ref="51809"/>
    <nd ref="51811"/>
    <nd ref="51813"/>
    <nd ref="51815"/>
    <nd ref="51817"/>
    <nd ref="51734"/>
    <tag k="type" v="line_thin"/>
    <tag k="subtype" v="solid"/>
  </way>
  <way id="51822">
    <nd ref="51726"/>
    <nd ref="51701"/>
    <tag k="type" v="line_thin"/>
    <tag k="subtype" v="solid"/>
  </way>
  <way id="51823">
    <nd ref="51727"/>
    <nd ref="51698"/>
    <tag k="type" v="line_thin"/>
    <tag k="subtype" v="solid"/>
  </way>
  <way id="51828">
    <nd ref="51825"/>
    <nd ref="49530"/>
    <tag k="type" v="line_thin"/>
    <tag k="subtype" v="solid"/>
  </way>
  <way id="51830">
    <nd ref="51826"/>
    <nd ref="49532"/>
    <tag k="type" v="line_thin"/>
    <tag k="subtype" v="solid"/>
  </way>
  <way id="51858">
    <nd ref="51726"/>
    <nd ref="51832"/>
    <nd ref="51834"/>
    <nd ref="51836"/>
    <nd ref="51838"/>
    <nd ref="51840"/>
    <nd ref="51842"/>
    <nd ref="51844"/>
    <nd ref="51825"/>
    <tag k="type" v="line_thin"/>
    <tag k="subtype" v="solid"/>
  </way>
  <way id="51859">
    <nd ref="51727"/>
    <nd ref="51845"/>
    <nd ref="51847"/>
    <nd ref="51849"/>
    <nd ref="51851"/>
    <nd ref="51853"/>
    <nd ref="51855"/>
    <nd ref="51857"/>
    <nd ref="51826"/>
    <tag k="type" v="line_thin"/>
    <tag k="subtype" v="solid"/>
  </way>
  <way id="51863">
    <nd ref="51701"/>
    <nd ref="51861"/>
    <tag k="type" v="line_thin"/>
    <tag k="subtype" v="solid"/>
  </way>
  <way id="51865">
    <nd ref="51698"/>
    <nd ref="51862"/>
    <tag k="type" v="line_thin"/>
    <tag k="subtype" v="solid"/>
  </way>
  <way id="51884">
    <nd ref="51881"/>
    <nd ref="49427"/>
    <tag k="type" v="line_thin"/>
    <tag k="subtype" v="solid"/>
  </way>
  <way id="51886">
    <nd ref="51882"/>
    <nd ref="49432"/>
    <tag k="type" v="line_thin"/>
    <tag k="subtype" v="solid"/>
  </way>
  <way id="51891">
    <nd ref="51888"/>
    <nd ref="44565"/>
    <tag k="type" v="line_thin"/>
    <tag k="subtype" v="solid"/>
  </way>
  <way id="51893">
    <nd ref="51889"/>
    <nd ref="44562"/>
    <tag k="type" v="line_thin"/>
    <tag k="subtype" v="solid"/>
  </way>
  <way id="51897">
    <nd ref="51861"/>
    <nd ref="51869"/>
    <nd ref="51871"/>
    <nd ref="51895"/>
    <tag k="type" v="line_thin"/>
    <tag k="subtype" v="solid"/>
  </way>
  <way id="51898">
    <nd ref="51895"/>
    <nd ref="51881"/>
    <tag k="type" v="line_thin"/>
    <tag k="subtype" v="solid"/>
  </way>
  <way id="51899">
    <nd ref="51862"/>
    <nd ref="51874"/>
    <nd ref="51876"/>
    <nd ref="51896"/>
    <tag k="type" v="line_thin"/>
    <tag k="subtype" v="solid"/>
  </way>
  <way id="51900">
    <nd ref="51896"/>
    <nd ref="51882"/>
    <tag k="type" v="line_thin"/>
    <tag k="subtype" v="solid"/>
  </way>
  <way id="51910">
    <nd ref="51895"/>
    <nd ref="51902"/>
    <nd ref="51903"/>
    <nd ref="51905"/>
    <nd ref="51888"/>
    <tag k="type" v="line_thin"/>
    <tag k="subtype" v="solid"/>
  </way>
  <way id="51911">
    <nd ref="51896"/>
    <nd ref="51907"/>
    <nd ref="51908"/>
    <nd ref="51909"/>
    <nd ref="51889"/>
    <tag k="type" v="line_thin"/>
    <tag k="subtype" v="solid"/>
  </way>
  <way id="51929">
    <nd ref="44369"/>
    <nd ref="538"/>
    <nd ref="539"/>
    <nd ref="46546"/>
    <nd ref="46553"/>
    <nd ref="51913"/>
    <nd ref="51920"/>
    <nd ref="46532"/>
    <tag k="type" v="line_thin"/>
    <tag k="subtype" v="solid"/>
  </way>
  <way id="51930">
    <nd ref="44370"/>
    <nd ref="557"/>
    <nd ref="1284"/>
    <nd ref="46547"/>
    <nd ref="46555"/>
    <nd ref="51914"/>
    <nd ref="51921"/>
    <nd ref="46533"/>
    <tag k="type" v="line_thin"/>
    <tag k="subtype" v="solid"/>
  </way>
  <way id="51955">
    <nd ref="51952"/>
    <nd ref="51146"/>
    <nd ref="48691"/>
    <tag k="type" v="line_thin"/>
    <tag k="subtype" v="solid"/>
  </way>
  <way id="51957">
    <nd ref="51953"/>
    <nd ref="51150"/>
    <nd ref="48700"/>
    <tag k="type" v="line_thin"/>
    <tag k="subtype" v="solid"/>
  </way>
  <way id="51967">
    <nd ref="51945"/>
    <nd ref="51959"/>
    <nd ref="51960"/>
    <nd ref="51961"/>
    <nd ref="51952"/>
    <tag k="type" v="line_thin"/>
    <tag k="subtype" v="solid"/>
  </way>
  <way id="51968">
    <nd ref="51946"/>
    <nd ref="51963"/>
    <nd ref="51964"/>
    <nd ref="51965"/>
    <nd ref="51966"/>
    <nd ref="51953"/>
    <tag k="type" v="line_thin"/>
    <tag k="subtype" v="solid"/>
  </way>
  <way id="51977">
    <nd ref="48244"/>
    <nd ref="47667"/>
    <nd ref="47669"/>
    <nd ref="47663"/>
    <tag k="type" v="line_thin"/>
    <tag k="subtype" v="solid"/>
  </way>
  <way id="51978">
    <nd ref="48245"/>
    <nd ref="47671"/>
    <nd ref="47673"/>
    <nd ref="47660"/>
    <tag k="type" v="line_thin"/>
    <tag k="subtype" v="solid"/>
  </way>
  <way id="51981">
    <nd ref="47663"/>
    <nd ref="51979"/>
    <tag k="type" v="line_thin"/>
    <tag k="subtype" v="solid"/>
  </way>
  <way id="51983">
    <nd ref="47660"/>
    <nd ref="51980"/>
    <tag k="type" v="line_thin"/>
    <tag k="subtype" v="solid"/>
  </way>
  <way id="51988">
    <nd ref="51979"/>
    <nd ref="51986"/>
    <tag k="type" v="line_thin"/>
    <tag k="subtype" v="solid"/>
  </way>
  <way id="51989">
    <nd ref="51986"/>
    <nd ref="45768"/>
    <tag k="type" v="line_thin"/>
    <tag k="subtype" v="solid"/>
  </way>
  <way id="51990">
    <nd ref="51980"/>
    <nd ref="51987"/>
    <tag k="type" v="line_thin"/>
    <tag k="subtype" v="solid"/>
  </way>
  <way id="51991">
    <nd ref="51987"/>
    <nd ref="45770"/>
    <tag k="type" v="line_thin"/>
    <tag k="subtype" v="solid"/>
  </way>
  <way id="52061">
    <nd ref="32841"/>
    <nd ref="609"/>
    <tag k="type" v="line_thin"/>
    <tag k="subtype" v="solid"/>
  </way>
  <way id="52062">
    <nd ref="32842"/>
    <nd ref="614"/>
    <tag k="type" v="line_thin"/>
    <tag k="subtype" v="solid"/>
  </way>
  <way id="52134">
    <nd ref="33172"/>
    <nd ref="52107"/>
    <nd ref="52109"/>
    <nd ref="52111"/>
    <nd ref="52113"/>
    <nd ref="52127"/>
    <nd ref="52099"/>
    <tag k="type" v="line_thin"/>
    <tag k="subtype" v="solid"/>
  </way>
  <way id="52135">
    <nd ref="33173"/>
    <nd ref="52116"/>
    <nd ref="52118"/>
    <nd ref="52120"/>
    <nd ref="52122"/>
    <nd ref="52128"/>
    <nd ref="52100"/>
    <tag k="type" v="line_thin"/>
    <tag k="subtype" v="solid"/>
  </way>
  <way id="52180">
    <nd ref="52099"/>
    <nd ref="52178"/>
    <tag k="type" v="line_thin"/>
    <tag k="subtype" v="solid"/>
  </way>
  <way id="52181">
    <nd ref="52178"/>
    <nd ref="52157"/>
    <nd ref="52163"/>
    <nd ref="52164"/>
    <nd ref="52165"/>
    <nd ref="609"/>
    <tag k="type" v="line_thin"/>
    <tag k="subtype" v="solid"/>
  </way>
  <way id="52182">
    <nd ref="52100"/>
    <nd ref="52179"/>
    <tag k="type" v="line_thin"/>
    <tag k="subtype" v="solid"/>
  </way>
  <way id="52183">
    <nd ref="52179"/>
    <nd ref="52159"/>
    <nd ref="52166"/>
    <nd ref="52167"/>
    <nd ref="52168"/>
    <nd ref="614"/>
    <tag k="type" v="line_thin"/>
    <tag k="subtype" v="solid"/>
  </way>
  <way id="52185">
    <nd ref="51599"/>
    <nd ref="51542"/>
    <nd ref="51543"/>
    <nd ref="51544"/>
    <nd ref="51534"/>
    <nd ref="1745"/>
    <nd ref="1749"/>
    <nd ref="4827"/>
    <tag k="type" v="line_thin"/>
    <tag k="subtype" v="solid"/>
  </way>
  <way id="52186">
    <nd ref="51600"/>
    <nd ref="51546"/>
    <nd ref="51547"/>
    <nd ref="51548"/>
    <nd ref="51549"/>
    <nd ref="51550"/>
    <nd ref="51535"/>
    <nd ref="1767"/>
    <nd ref="1769"/>
    <nd ref="4828"/>
    <tag k="type" v="line_thin"/>
    <tag k="subtype" v="solid"/>
  </way>
  <way id="52194">
    <nd ref="318"/>
    <nd ref="52187"/>
    <nd ref="49803"/>
    <nd ref="49807"/>
    <nd ref="49839"/>
    <tag k="type" v="line_thin"/>
    <tag k="subtype" v="solid"/>
  </way>
  <way id="52195">
    <nd ref="322"/>
    <nd ref="52188"/>
    <nd ref="49818"/>
    <nd ref="49822"/>
    <nd ref="49840"/>
    <tag k="type" v="line_thin"/>
    <tag k="subtype" v="solid"/>
  </way>
  <way id="52199">
    <nd ref="52196"/>
    <nd ref="47439"/>
    <tag k="type" v="line_thin"/>
    <tag k="subtype" v="solid"/>
  </way>
  <way id="52201">
    <nd ref="52197"/>
    <nd ref="47440"/>
    <tag k="type" v="line_thin"/>
    <tag k="subtype" v="solid"/>
  </way>
  <way id="52258">
    <nd ref="52255"/>
    <nd ref="52208"/>
    <nd ref="52244"/>
    <nd ref="52245"/>
    <nd ref="52246"/>
    <nd ref="52196"/>
    <tag k="type" v="line_thin"/>
    <tag k="subtype" v="solid"/>
  </way>
  <way id="52260">
    <nd ref="52256"/>
    <nd ref="52238"/>
    <nd ref="52247"/>
    <nd ref="52248"/>
    <nd ref="52249"/>
    <nd ref="52197"/>
    <tag k="type" v="line_thin"/>
    <tag k="subtype" v="solid"/>
  </way>
  <way id="52271">
    <nd ref="47611"/>
    <nd ref="52269"/>
    <tag k="type" v="line_thin"/>
    <tag k="subtype" v="solid"/>
  </way>
  <way id="52272">
    <nd ref="52269"/>
    <nd ref="52262"/>
    <nd ref="52263"/>
    <nd ref="52255"/>
    <tag k="type" v="line_thin"/>
    <tag k="subtype" v="solid"/>
  </way>
  <way id="52273">
    <nd ref="47612"/>
    <nd ref="52270"/>
    <tag k="type" v="line_thin"/>
    <tag k="subtype" v="solid"/>
  </way>
  <way id="52274">
    <nd ref="52270"/>
    <nd ref="52264"/>
    <nd ref="52265"/>
    <nd ref="52256"/>
    <tag k="type" v="line_thin"/>
    <tag k="subtype" v="solid"/>
  </way>
  <way id="52294">
    <nd ref="30537"/>
    <nd ref="52196"/>
    <tag k="type" v="line_thin"/>
    <tag k="subtype" v="solid"/>
  </way>
  <way id="52295">
    <nd ref="30546"/>
    <nd ref="52197"/>
    <tag k="type" v="line_thin"/>
    <tag k="subtype" v="solid"/>
  </way>
  <way id="52309">
    <nd ref="45872"/>
    <nd ref="48667"/>
    <tag k="type" v="line_thin"/>
    <tag k="subtype" v="solid"/>
  </way>
  <way id="52310">
    <nd ref="45874"/>
    <nd ref="48668"/>
    <tag k="type" v="line_thin"/>
    <tag k="subtype" v="solid"/>
  </way>
  <way id="52323">
    <nd ref="52302"/>
    <nd ref="51945"/>
    <tag k="type" v="line_thin"/>
    <tag k="subtype" v="solid"/>
  </way>
  <way id="52324">
    <nd ref="52304"/>
    <nd ref="51946"/>
    <tag k="type" v="line_thin"/>
    <tag k="subtype" v="solid"/>
  </way>
  <way id="52325">
    <nd ref="45872"/>
    <nd ref="52302"/>
    <tag k="type" v="line_thin"/>
    <tag k="subtype" v="solid"/>
  </way>
  <way id="52326">
    <nd ref="45874"/>
    <nd ref="52304"/>
    <tag k="type" v="line_thin"/>
    <tag k="subtype" v="solid"/>
  </way>
  <way id="52328">
    <nd ref="45903"/>
    <nd ref="52302"/>
    <tag k="type" v="line_thin"/>
    <tag k="subtype" v="solid"/>
  </way>
  <way id="52329">
    <nd ref="45904"/>
    <nd ref="52304"/>
    <tag k="type" v="line_thin"/>
    <tag k="subtype" v="solid"/>
  </way>
  <way id="52333">
    <nd ref="42145"/>
    <nd ref="42198"/>
    <nd ref="42199"/>
    <nd ref="52331"/>
    <tag k="type" v="line_thin"/>
    <tag k="subtype" v="solid"/>
  </way>
  <way id="52334">
    <nd ref="52331"/>
    <nd ref="42197"/>
    <nd ref="20994"/>
    <tag k="type" v="line_thin"/>
    <tag k="subtype" v="solid"/>
  </way>
  <way id="52335">
    <nd ref="42142"/>
    <nd ref="42204"/>
    <nd ref="42203"/>
    <nd ref="52332"/>
    <tag k="type" v="line_thin"/>
    <tag k="subtype" v="solid"/>
  </way>
  <way id="52336">
    <nd ref="52332"/>
    <nd ref="42202"/>
    <nd ref="42201"/>
    <nd ref="21001"/>
    <tag k="type" v="line_thin"/>
    <tag k="subtype" v="solid"/>
  </way>
  <way id="52340">
    <nd ref="50666"/>
    <nd ref="50645"/>
    <nd ref="50647"/>
    <nd ref="50649"/>
    <nd ref="42111"/>
    <nd ref="50551"/>
    <nd ref="50552"/>
    <nd ref="50554"/>
    <nd ref="52338"/>
    <tag k="type" v="line_thin"/>
    <tag k="subtype" v="solid"/>
  </way>
  <way id="52341">
    <nd ref="52338"/>
    <nd ref="50556"/>
    <nd ref="50514"/>
    <tag k="type" v="line_thin"/>
    <tag k="subtype" v="solid"/>
  </way>
  <way id="52342">
    <nd ref="50667"/>
    <nd ref="50654"/>
    <nd ref="50656"/>
    <nd ref="50658"/>
    <nd ref="42112"/>
    <nd ref="50558"/>
    <nd ref="50559"/>
    <nd ref="50560"/>
    <nd ref="50561"/>
    <nd ref="52339"/>
    <tag k="type" v="line_thin"/>
    <tag k="subtype" v="solid"/>
  </way>
  <way id="52343">
    <nd ref="52339"/>
    <nd ref="50563"/>
    <nd ref="50564"/>
    <nd ref="50516"/>
    <tag k="type" v="line_thin"/>
    <tag k="subtype" v="solid"/>
  </way>
  <way id="52362">
    <nd ref="42144"/>
    <nd ref="52360"/>
    <tag k="type" v="line_thin"/>
    <tag k="subtype" v="solid"/>
  </way>
  <way id="52363">
    <nd ref="52360"/>
    <nd ref="42145"/>
    <tag k="type" v="line_thin"/>
    <tag k="subtype" v="solid"/>
  </way>
  <way id="52364">
    <nd ref="42141"/>
    <nd ref="52361"/>
    <tag k="type" v="line_thin"/>
    <tag k="subtype" v="solid"/>
  </way>
  <way id="52365">
    <nd ref="52361"/>
    <nd ref="42142"/>
    <tag k="type" v="line_thin"/>
    <tag k="subtype" v="solid"/>
  </way>
  <way id="52408">
    <nd ref="52338"/>
    <nd ref="52397"/>
    <nd ref="52399"/>
    <nd ref="52401"/>
    <nd ref="52360"/>
    <tag k="type" v="line_thin"/>
    <tag k="subtype" v="solid"/>
  </way>
  <way id="52409">
    <nd ref="52339"/>
    <nd ref="52403"/>
    <nd ref="52405"/>
    <nd ref="52407"/>
    <nd ref="52361"/>
    <tag k="type" v="line_thin"/>
    <tag k="subtype" v="solid"/>
  </way>
  <way id="52413">
    <nd ref="44262"/>
    <nd ref="52411"/>
    <tag k="type" v="line_thin"/>
    <tag k="subtype" v="solid"/>
  </way>
  <way id="52415">
    <nd ref="44263"/>
    <nd ref="52412"/>
    <tag k="type" v="line_thin"/>
    <tag k="subtype" v="solid"/>
  </way>
  <way id="52455">
    <nd ref="52452"/>
    <nd ref="49956"/>
    <nd ref="49958"/>
    <nd ref="49960"/>
    <nd ref="49942"/>
    <tag k="type" v="line_thin"/>
    <tag k="subtype" v="solid"/>
  </way>
  <way id="52457">
    <nd ref="52453"/>
    <nd ref="49961"/>
    <nd ref="49963"/>
    <nd ref="49965"/>
    <nd ref="49943"/>
    <tag k="type" v="line_thin"/>
    <tag k="subtype" v="solid"/>
  </way>
  <way id="52483">
    <nd ref="52411"/>
    <nd ref="52460"/>
    <nd ref="52462"/>
    <nd ref="52464"/>
    <nd ref="52466"/>
    <nd ref="52468"/>
    <nd ref="52470"/>
    <nd ref="52452"/>
    <tag k="type" v="line_thin"/>
    <tag k="subtype" v="solid"/>
  </way>
  <way id="52484">
    <nd ref="52412"/>
    <nd ref="52472"/>
    <nd ref="52474"/>
    <nd ref="52476"/>
    <nd ref="52478"/>
    <nd ref="52480"/>
    <nd ref="52482"/>
    <nd ref="52453"/>
    <tag k="type" v="line_thin"/>
    <tag k="subtype" v="solid"/>
  </way>
  <relation id="15">
    <member type="way" role="left" ref="33141"/>
    <member type="way" role="right" ref="33143"/>
    <tag k="type" v="lanelet"/>
    <tag k="subtype" v="road"/>
    <tag k="speed_limit" v="8"/>
    <tag k="location" v="urban"/>
    <tag k="one_way" v="yes"/>
    <tag k="turn_direction" v="straight"/>
  </relation>
  <relation id="105">
    <member type="way" role="left" ref="78"/>
    <member type="way" role="right" ref="21"/>
    <tag k="type" v="lanelet"/>
    <tag k="subtype" v="road"/>
    <tag k="speed_limit" v="8"/>
    <tag k="location" v="urban"/>
    <tag k="one_way" v="yes"/>
    <tag k="turn_direction" v="straight"/>
  </relation>
  <relation id="189">
    <member type="way" role="left" ref="9782"/>
    <member type="way" role="right" ref="9784"/>
    <tag k="type" v="lanelet"/>
    <tag k="subtype" v="road"/>
    <tag k="speed_limit" v="8"/>
    <tag k="location" v="urban"/>
    <tag k="one_way" v="yes"/>
    <tag k="turn_direction" v="straight"/>
  </relation>
  <relation id="323">
    <member type="way" role="left" ref="315"/>
    <member type="way" role="right" ref="320"/>
    <tag k="type" v="lanelet"/>
    <tag k="subtype" v="road"/>
    <tag k="speed_limit" v="8"/>
    <tag k="location" v="urban"/>
    <tag k="one_way" v="yes"/>
    <tag k="turn_direction" v="straight"/>
  </relation>
  <relation id="482">
    <member type="way" role="left" ref="470"/>
    <member type="way" role="right" ref="478"/>
    <tag k="type" v="lanelet"/>
    <tag k="subtype" v="road"/>
    <tag k="speed_limit" v="8"/>
    <tag k="location" v="urban"/>
    <tag k="one_way" v="yes"/>
    <tag k="turn_direction" v="straight"/>
  </relation>
  <relation id="521">
    <member type="way" role="left" ref="510"/>
    <member type="way" role="right" ref="516"/>
    <tag k="type" v="lanelet"/>
    <tag k="subtype" v="road"/>
    <tag k="speed_limit" v="8"/>
    <tag k="location" v="urban"/>
    <tag k="one_way" v="yes"/>
    <tag k="turn_direction" v="straight"/>
  </relation>
  <relation id="744">
    <member type="way" role="left" ref="9907"/>
    <member type="way" role="right" ref="9909"/>
    <tag k="type" v="lanelet"/>
    <tag k="subtype" v="road"/>
    <tag k="speed_limit" v="8"/>
    <tag k="location" v="urban"/>
    <tag k="one_way" v="yes"/>
    <tag k="turn_direction" v="straight"/>
  </relation>
  <relation id="761">
    <member type="way" role="left" ref="756"/>
    <member type="way" role="right" ref="746"/>
    <tag k="type" v="lanelet"/>
    <tag k="subtype" v="road"/>
    <tag k="speed_limit" v="8"/>
    <tag k="location" v="urban"/>
    <tag k="one_way" v="yes"/>
    <tag k="turn_direction" v="straight"/>
  </relation>
  <relation id="772">
    <member type="way" role="left" ref="9883"/>
    <member type="way" role="right" ref="9885"/>
    <tag k="type" v="lanelet"/>
    <tag k="subtype" v="road"/>
    <tag k="speed_limit" v="8"/>
    <tag k="location" v="urban"/>
    <tag k="one_way" v="yes"/>
    <tag k="turn_direction" v="straight"/>
  </relation>
  <relation id="1478">
    <member type="way" role="left" ref="2425"/>
    <member type="way" role="right" ref="2427"/>
    <tag k="type" v="lanelet"/>
    <tag k="subtype" v="road"/>
    <tag k="speed_limit" v="8"/>
    <tag k="location" v="urban"/>
    <tag k="one_way" v="yes"/>
    <tag k="turn_direction" v="straight"/>
  </relation>
  <relation id="1492">
    <member type="way" role="left" ref="1699"/>
    <member type="way" role="right" ref="1701"/>
    <tag k="type" v="lanelet"/>
    <tag k="subtype" v="road"/>
    <tag k="speed_limit" v="8"/>
    <tag k="location" v="urban"/>
    <tag k="one_way" v="yes"/>
    <tag k="turn_direction" v="straight"/>
  </relation>
  <relation id="1833">
    <member type="way" role="left" ref="28282"/>
    <member type="way" role="right" ref="28284"/>
    <tag k="type" v="lanelet"/>
    <tag k="subtype" v="road"/>
    <tag k="speed_limit" v="8"/>
    <tag k="location" v="urban"/>
    <tag k="one_way" v="yes"/>
    <tag k="turn_direction" v="straight"/>
  </relation>
  <relation id="1897">
    <member type="way" role="left" ref="50003"/>
    <member type="way" role="right" ref="50005"/>
    <tag k="type" v="lanelet"/>
    <tag k="subtype" v="road"/>
    <tag k="speed_limit" v="8"/>
    <tag k="location" v="urban"/>
    <tag k="one_way" v="yes"/>
    <tag k="turn_direction" v="straight"/>
  </relation>
  <relation id="4098">
    <member type="way" role="left" ref="35342"/>
    <member type="way" role="right" ref="35344"/>
    <tag k="type" v="lanelet"/>
    <tag k="subtype" v="road"/>
    <tag k="speed_limit" v="8"/>
    <tag k="location" v="urban"/>
    <tag k="one_way" v="yes"/>
    <tag k="turn_direction" v="straight"/>
  </relation>
  <relation id="4349">
    <member type="way" role="left" ref="44371"/>
    <member type="way" role="right" ref="44373"/>
    <tag k="type" v="lanelet"/>
    <tag k="subtype" v="road"/>
    <tag k="speed_limit" v="5"/>
    <tag k="location" v="urban"/>
    <tag k="one_way" v="yes"/>
    <tag k="turn_direction" v="left"/>
  </relation>
  <relation id="4895">
    <member type="way" role="left" ref="4893"/>
    <member type="way" role="right" ref="4894"/>
    <tag k="type" v="lanelet"/>
    <tag k="subtype" v="road"/>
    <tag k="speed_limit" v="5"/>
    <tag k="location" v="urban"/>
    <tag k="one_way" v="yes"/>
    <tag k="turn_direction" v="left"/>
  </relation>
  <relation id="7021">
    <member type="way" role="left" ref="21138"/>
    <member type="way" role="right" ref="21140"/>
    <tag k="type" v="lanelet"/>
    <tag k="subtype" v="road"/>
    <tag k="speed_limit" v="8"/>
    <tag k="location" v="urban"/>
    <tag k="one_way" v="yes"/>
    <tag k="turn_direction" v="straight"/>
  </relation>
  <relation id="9887">
    <member type="way" role="left" ref="41101"/>
    <member type="way" role="right" ref="41103"/>
    <tag k="type" v="lanelet"/>
    <tag k="subtype" v="road"/>
    <tag k="speed_limit" v="8"/>
    <tag k="location" v="urban"/>
    <tag k="one_way" v="yes"/>
    <tag k="turn_direction" v="straight"/>
  </relation>
  <relation id="9911">
    <member type="way" role="left" ref="9908"/>
    <member type="way" role="right" ref="9910"/>
    <tag k="type" v="lanelet"/>
    <tag k="subtype" v="road"/>
    <tag k="speed_limit" v="8"/>
    <tag k="location" v="urban"/>
    <tag k="one_way" v="yes"/>
    <tag k="turn_direction" v="straight"/>
  </relation>
  <relation id="10793">
    <member type="way" role="left" ref="21773"/>
    <member type="way" role="right" ref="21774"/>
    <tag k="type" v="lanelet"/>
    <tag k="subtype" v="road"/>
    <tag k="speed_limit" v="5"/>
    <tag k="location" v="urban"/>
    <tag k="one_way" v="yes"/>
    <tag k="turn_direction" v="right"/>
  </relation>
  <relation id="10829">
    <member type="way" role="left" ref="10826"/>
    <member type="way" role="right" ref="10828"/>
    <tag k="type" v="lanelet"/>
    <tag k="subtype" v="road"/>
    <tag k="speed_limit" v="8"/>
    <tag k="location" v="urban"/>
    <tag k="one_way" v="yes"/>
    <tag k="turn_direction" v="right"/>
  </relation>
  <relation id="12384">
    <member type="way" role="left" ref="12381"/>
    <member type="way" role="right" ref="12383"/>
    <tag k="type" v="lanelet"/>
    <tag k="subtype" v="road"/>
    <tag k="speed_limit" v="8"/>
    <tag k="location" v="urban"/>
    <tag k="one_way" v="yes"/>
    <tag k="turn_direction" v="straight"/>
  </relation>
  <relation id="12387">
    <member type="way" role="left" ref="12385"/>
    <member type="way" role="right" ref="12386"/>
    <tag k="type" v="lanelet"/>
    <tag k="subtype" v="road"/>
    <tag k="speed_limit" v="3"/>
    <tag k="location" v="urban"/>
    <tag k="one_way" v="yes"/>
    <tag k="turn_direction" v="right"/>
  </relation>
  <relation id="12515">
    <member type="way" role="left" ref="44450"/>
    <member type="way" role="right" ref="44452"/>
    <tag k="type" v="lanelet"/>
    <tag k="subtype" v="road"/>
    <tag k="speed_limit" v="8"/>
    <tag k="location" v="urban"/>
    <tag k="one_way" v="yes"/>
    <tag k="turn_direction" v="straight"/>
  </relation>
  <relation id="14857">
    <member type="way" role="left" ref="14856"/>
    <member type="way" role="right" ref="14853"/>
    <tag k="type" v="lanelet"/>
    <tag k="subtype" v="road"/>
    <tag k="speed_limit" v="8"/>
    <tag k="location" v="urban"/>
    <tag k="one_way" v="yes"/>
    <tag k="turn_direction" v="right"/>
  </relation>
  <relation id="15112">
    <member type="way" role="left" ref="15111"/>
    <member type="way" role="right" ref="15108"/>
    <tag k="type" v="lanelet"/>
    <tag k="subtype" v="road"/>
    <tag k="speed_limit" v="8"/>
    <tag k="location" v="urban"/>
    <tag k="one_way" v="yes"/>
    <tag k="turn_direction" v="straight"/>
  </relation>
  <relation id="15279">
    <member type="way" role="left" ref="15277"/>
    <member type="way" role="right" ref="15278"/>
    <tag k="type" v="lanelet"/>
    <tag k="subtype" v="road"/>
    <tag k="speed_limit" v="8"/>
    <tag k="location" v="urban"/>
    <tag k="one_way" v="yes"/>
    <tag k="turn_direction" v="straight"/>
  </relation>
  <relation id="15835">
    <member type="way" role="left" ref="33174"/>
    <member type="way" role="right" ref="33176"/>
    <tag k="type" v="lanelet"/>
    <tag k="subtype" v="road"/>
    <tag k="speed_limit" v="8"/>
    <tag k="location" v="urban"/>
    <tag k="one_way" v="yes"/>
    <tag k="turn_direction" v="left"/>
  </relation>
  <relation id="20945">
    <member type="way" role="left" ref="36292"/>
    <member type="way" role="right" ref="36294"/>
    <tag k="type" v="lanelet"/>
    <tag k="subtype" v="road"/>
    <tag k="speed_limit" v="8"/>
    <tag k="location" v="urban"/>
    <tag k="one_way" v="yes"/>
    <tag k="turn_direction" v="straight"/>
  </relation>
  <relation id="21010">
    <member type="way" role="left" ref="21008"/>
    <member type="way" role="right" ref="21009"/>
    <tag k="type" v="lanelet"/>
    <tag k="subtype" v="road"/>
    <tag k="speed_limit" v="8"/>
    <tag k="location" v="urban"/>
    <tag k="one_way" v="yes"/>
    <tag k="turn_direction" v="straight"/>
  </relation>
  <relation id="21053">
    <member type="way" role="left" ref="21051"/>
    <member type="way" role="right" ref="21052"/>
    <tag k="type" v="lanelet"/>
    <tag k="subtype" v="road"/>
    <tag k="speed_limit" v="8"/>
    <tag k="location" v="urban"/>
    <tag k="one_way" v="yes"/>
    <tag k="turn_direction" v="straight"/>
  </relation>
  <relation id="21079">
    <member type="way" role="left" ref="43883"/>
    <member type="way" role="right" ref="43884"/>
    <tag k="type" v="lanelet"/>
    <tag k="subtype" v="road"/>
    <tag k="speed_limit" v="6"/>
    <tag k="location" v="urban"/>
    <tag k="one_way" v="yes"/>
    <tag k="turn_direction" v="left"/>
  </relation>
  <relation id="21121">
    <member type="way" role="left" ref="21118"/>
    <member type="way" role="right" ref="21120"/>
    <tag k="type" v="lanelet"/>
    <tag k="subtype" v="road"/>
    <tag k="speed_limit" v="8"/>
    <tag k="location" v="urban"/>
    <tag k="one_way" v="yes"/>
    <tag k="turn_direction" v="straight"/>
  </relation>
  <relation id="21135">
    <member type="way" role="left" ref="21133"/>
    <member type="way" role="right" ref="21134"/>
    <tag k="type" v="lanelet"/>
    <tag k="subtype" v="road"/>
    <tag k="speed_limit" v="8"/>
    <tag k="location" v="urban"/>
    <tag k="one_way" v="yes"/>
    <tag k="turn_direction" v="straight"/>
  </relation>
  <relation id="21172">
    <member type="way" role="left" ref="21170"/>
    <member type="way" role="right" ref="21171"/>
    <tag k="type" v="lanelet"/>
    <tag k="subtype" v="road"/>
    <tag k="speed_limit" v="8"/>
    <tag k="location" v="urban"/>
    <tag k="one_way" v="yes"/>
    <tag k="turn_direction" v="straight"/>
  </relation>
  <relation id="21232">
    <member type="way" role="left" ref="21775"/>
    <member type="way" role="right" ref="21776"/>
    <tag k="type" v="lanelet"/>
    <tag k="subtype" v="road"/>
    <tag k="speed_limit" v="5"/>
    <tag k="location" v="urban"/>
    <tag k="one_way" v="yes"/>
    <tag k="turn_direction" v="right"/>
  </relation>
  <relation id="22009">
    <member type="way" role="left" ref="22020"/>
    <member type="way" role="right" ref="22021"/>
    <tag k="type" v="lanelet"/>
    <tag k="subtype" v="road"/>
    <tag k="speed_limit" v="8"/>
    <tag k="location" v="urban"/>
    <tag k="one_way" v="yes"/>
    <tag k="turn_direction" v="straight"/>
  </relation>
  <relation id="22046">
    <member type="way" role="left" ref="22079"/>
    <member type="way" role="right" ref="22080"/>
    <tag k="type" v="lanelet"/>
    <tag k="subtype" v="road"/>
    <tag k="speed_limit" v="8"/>
    <tag k="location" v="urban"/>
    <tag k="one_way" v="yes"/>
    <tag k="turn_direction" v="straight"/>
  </relation>
  <relation id="22344">
    <member type="way" role="left" ref="46084"/>
    <member type="way" role="right" ref="46085"/>
    <tag k="type" v="lanelet"/>
    <tag k="subtype" v="road"/>
    <tag k="speed_limit" v="8"/>
    <tag k="location" v="urban"/>
    <tag k="one_way" v="yes"/>
    <tag k="turn_direction" v="straight"/>
  </relation>
  <relation id="23733">
    <member type="way" role="left" ref="23754"/>
    <member type="way" role="right" ref="23756"/>
    <tag k="type" v="lanelet"/>
    <tag k="subtype" v="road"/>
    <tag k="speed_limit" v="8"/>
    <tag k="location" v="urban"/>
    <tag k="one_way" v="yes"/>
    <tag k="turn_direction" v="straight"/>
  </relation>
  <relation id="23758">
    <member type="way" role="left" ref="23755"/>
    <member type="way" role="right" ref="23757"/>
    <tag k="type" v="lanelet"/>
    <tag k="subtype" v="road"/>
    <tag k="speed_limit" v="8"/>
    <tag k="location" v="urban"/>
    <tag k="one_way" v="yes"/>
    <tag k="turn_direction" v="straight"/>
  </relation>
  <relation id="23881">
    <member type="way" role="left" ref="46086"/>
    <member type="way" role="right" ref="46087"/>
    <tag k="type" v="lanelet"/>
    <tag k="subtype" v="road"/>
    <tag k="speed_limit" v="8"/>
    <tag k="location" v="urban"/>
    <tag k="one_way" v="yes"/>
    <tag k="turn_direction" v="straight"/>
  </relation>
  <relation id="23909">
    <member type="way" role="left" ref="24358"/>
    <member type="way" role="right" ref="24359"/>
    <tag k="type" v="lanelet"/>
    <tag k="subtype" v="road"/>
    <tag k="speed_limit" v="8"/>
    <tag k="location" v="urban"/>
    <tag k="one_way" v="yes"/>
    <tag k="turn_direction" v="straight"/>
  </relation>
  <relation id="24145">
    <member type="way" role="left" ref="41981"/>
    <member type="way" role="right" ref="41982"/>
    <tag k="type" v="lanelet"/>
    <tag k="subtype" v="road"/>
    <tag k="speed_limit" v="5"/>
    <tag k="location" v="urban"/>
    <tag k="one_way" v="yes"/>
    <tag k="turn_direction" v="right"/>
  </relation>
  <relation id="24157">
    <member type="way" role="left" ref="24293"/>
    <member type="way" role="right" ref="24295"/>
    <tag k="type" v="lanelet"/>
    <tag k="subtype" v="road"/>
    <tag k="speed_limit" v="8"/>
    <tag k="location" v="urban"/>
    <tag k="one_way" v="yes"/>
    <tag k="turn_direction" v="straight"/>
  </relation>
  <relation id="24200">
    <member type="way" role="left" ref="24197"/>
    <member type="way" role="right" ref="24199"/>
    <tag k="type" v="lanelet"/>
    <tag k="subtype" v="road"/>
    <tag k="speed_limit" v="8"/>
    <tag k="location" v="urban"/>
    <tag k="one_way" v="yes"/>
    <tag k="turn_direction" v="straight"/>
  </relation>
  <relation id="24310">
    <member type="way" role="left" ref="41985"/>
    <member type="way" role="right" ref="41987"/>
    <tag k="type" v="lanelet"/>
    <tag k="subtype" v="road"/>
    <tag k="speed_limit" v="8"/>
    <tag k="location" v="urban"/>
    <tag k="one_way" v="yes"/>
    <tag k="turn_direction" v="left"/>
  </relation>
  <relation id="24354">
    <member type="way" role="left" ref="46793"/>
    <member type="way" role="right" ref="46795"/>
    <tag k="type" v="lanelet"/>
    <tag k="subtype" v="road"/>
    <tag k="speed_limit" v="8"/>
    <tag k="location" v="urban"/>
    <tag k="one_way" v="yes"/>
    <tag k="turn_direction" v="straight"/>
  </relation>
  <relation id="24357">
    <member type="way" role="left" ref="24355"/>
    <member type="way" role="right" ref="24356"/>
    <tag k="type" v="lanelet"/>
    <tag k="subtype" v="road"/>
    <tag k="speed_limit" v="8"/>
    <tag k="location" v="urban"/>
    <tag k="one_way" v="yes"/>
    <tag k="turn_direction" v="straight"/>
  </relation>
  <relation id="24555">
    <member type="way" role="left" ref="24582"/>
    <member type="way" role="right" ref="24583"/>
    <tag k="type" v="lanelet"/>
    <tag k="subtype" v="road"/>
    <tag k="speed_limit" v="8"/>
    <tag k="location" v="urban"/>
    <tag k="one_way" v="yes"/>
    <tag k="turn_direction" v="straight"/>
  </relation>
  <relation id="24607">
    <member type="way" role="left" ref="24605"/>
    <member type="way" role="right" ref="24606"/>
    <tag k="type" v="lanelet"/>
    <tag k="subtype" v="road"/>
    <tag k="speed_limit" v="8"/>
    <tag k="location" v="urban"/>
    <tag k="one_way" v="yes"/>
    <tag k="turn_direction" v="straight"/>
  </relation>
  <relation id="25042">
    <member type="way" role="left" ref="25242"/>
    <member type="way" role="right" ref="25244"/>
    <tag k="type" v="lanelet"/>
    <tag k="subtype" v="road"/>
    <tag k="speed_limit" v="8"/>
    <tag k="location" v="urban"/>
    <tag k="one_way" v="yes"/>
    <tag k="turn_direction" v="straight"/>
  </relation>
  <relation id="25088">
    <member type="way" role="left" ref="25086"/>
    <member type="way" role="right" ref="25087"/>
    <tag k="type" v="lanelet"/>
    <tag k="subtype" v="road"/>
    <tag k="speed_limit" v="8"/>
    <tag k="location" v="urban"/>
    <tag k="one_way" v="yes"/>
    <tag k="turn_direction" v="straight"/>
  </relation>
  <relation id="25194">
    <member type="way" role="left" ref="25227"/>
    <member type="way" role="right" ref="25228"/>
    <tag k="type" v="lanelet"/>
    <tag k="subtype" v="road"/>
    <tag k="speed_limit" v="5"/>
    <tag k="location" v="urban"/>
    <tag k="one_way" v="yes"/>
    <tag k="turn_direction" v="left"/>
  </relation>
  <relation id="25234">
    <member type="way" role="left" ref="46090"/>
    <member type="way" role="right" ref="46092"/>
    <tag k="type" v="lanelet"/>
    <tag k="subtype" v="road"/>
    <tag k="speed_limit" v="8"/>
    <tag k="location" v="urban"/>
    <tag k="one_way" v="yes"/>
    <tag k="turn_direction" v="straight"/>
  </relation>
  <relation id="25246">
    <member type="way" role="left" ref="25243"/>
    <member type="way" role="right" ref="25245"/>
    <tag k="type" v="lanelet"/>
    <tag k="subtype" v="road"/>
    <tag k="speed_limit" v="8"/>
    <tag k="location" v="urban"/>
    <tag k="one_way" v="yes"/>
    <tag k="turn_direction" v="left"/>
  </relation>
  <relation id="25389">
    <member type="way" role="left" ref="25386"/>
    <member type="way" role="right" ref="25388"/>
    <tag k="type" v="lanelet"/>
    <tag k="subtype" v="road"/>
    <tag k="speed_limit" v="8"/>
    <tag k="location" v="urban"/>
    <tag k="one_way" v="yes"/>
    <tag k="turn_direction" v="straight"/>
  </relation>
  <relation id="25396">
    <member type="way" role="left" ref="25394"/>
    <member type="way" role="right" ref="25395"/>
    <tag k="type" v="lanelet"/>
    <tag k="subtype" v="road"/>
    <tag k="speed_limit" v="8"/>
    <tag k="location" v="urban"/>
    <tag k="one_way" v="yes"/>
    <tag k="turn_direction" v="straight"/>
  </relation>
  <relation id="25408">
    <member type="way" role="left" ref="25409"/>
    <member type="way" role="right" ref="25410"/>
    <tag k="type" v="lanelet"/>
    <tag k="subtype" v="road"/>
    <tag k="speed_limit" v="8"/>
    <tag k="location" v="urban"/>
    <tag k="one_way" v="yes"/>
    <tag k="turn_direction" v="straight"/>
  </relation>
  <relation id="25413">
    <member type="way" role="left" ref="25411"/>
    <member type="way" role="right" ref="25412"/>
    <tag k="type" v="lanelet"/>
    <tag k="subtype" v="road"/>
    <tag k="speed_limit" v="8"/>
    <tag k="location" v="urban"/>
    <tag k="one_way" v="yes"/>
    <tag k="turn_direction" v="straight"/>
  </relation>
  <relation id="25422">
    <member type="way" role="left" ref="25747"/>
    <member type="way" role="right" ref="25748"/>
    <tag k="type" v="lanelet"/>
    <tag k="subtype" v="road"/>
    <tag k="speed_limit" v="8"/>
    <tag k="location" v="urban"/>
    <tag k="one_way" v="yes"/>
    <tag k="turn_direction" v="straight"/>
  </relation>
  <relation id="25713">
    <member type="way" role="left" ref="25710"/>
    <member type="way" role="right" ref="25712"/>
    <tag k="type" v="lanelet"/>
    <tag k="subtype" v="road"/>
    <tag k="speed_limit" v="8"/>
    <tag k="location" v="urban"/>
    <tag k="one_way" v="yes"/>
    <tag k="turn_direction" v="left"/>
  </relation>
  <relation id="25736">
    <member type="way" role="left" ref="25734"/>
    <member type="way" role="right" ref="25735"/>
    <tag k="type" v="lanelet"/>
    <tag k="subtype" v="road"/>
    <tag k="speed_limit" v="8"/>
    <tag k="location" v="urban"/>
    <tag k="one_way" v="yes"/>
    <tag k="turn_direction" v="left"/>
  </relation>
  <relation id="25891">
    <member type="way" role="left" ref="46836"/>
    <member type="way" role="right" ref="46837"/>
    <tag k="type" v="lanelet"/>
    <tag k="subtype" v="road"/>
    <tag k="speed_limit" v="8"/>
    <tag k="location" v="urban"/>
    <tag k="one_way" v="yes"/>
    <tag k="turn_direction" v="straight"/>
  </relation>
  <relation id="26139">
    <member type="way" role="left" ref="26169"/>
    <member type="way" role="right" ref="26170"/>
    <tag k="type" v="lanelet"/>
    <tag k="subtype" v="road"/>
    <tag k="speed_limit" v="8"/>
    <tag k="location" v="urban"/>
    <tag k="one_way" v="yes"/>
    <tag k="turn_direction" v="straight"/>
  </relation>
  <relation id="26259">
    <member type="way" role="left" ref="26254"/>
    <member type="way" role="right" ref="26255"/>
    <tag k="type" v="lanelet"/>
    <tag k="subtype" v="road"/>
    <tag k="speed_limit" v="8"/>
    <tag k="location" v="urban"/>
    <tag k="one_way" v="yes"/>
    <tag k="turn_direction" v="straight"/>
  </relation>
  <relation id="26387">
    <member type="way" role="left" ref="40636"/>
    <member type="way" role="right" ref="40638"/>
    <tag k="type" v="lanelet"/>
    <tag k="subtype" v="road"/>
    <tag k="speed_limit" v="5"/>
    <tag k="location" v="urban"/>
    <tag k="one_way" v="yes"/>
    <tag k="turn_direction" v="left"/>
  </relation>
  <relation id="26413">
    <member type="way" role="left" ref="40757"/>
    <member type="way" role="right" ref="40759"/>
    <tag k="type" v="lanelet"/>
    <tag k="subtype" v="road"/>
    <tag k="speed_limit" v="8"/>
    <tag k="location" v="urban"/>
    <tag k="one_way" v="yes"/>
    <tag k="turn_direction" v="straight"/>
  </relation>
  <relation id="26420">
    <member type="way" role="left" ref="26575"/>
    <member type="way" role="right" ref="26576"/>
    <tag k="type" v="lanelet"/>
    <tag k="subtype" v="road"/>
    <tag k="speed_limit" v="8"/>
    <tag k="location" v="urban"/>
    <tag k="one_way" v="yes"/>
    <tag k="turn_direction" v="straight"/>
  </relation>
  <relation id="26431">
    <member type="way" role="left" ref="26548"/>
    <member type="way" role="right" ref="26549"/>
    <tag k="type" v="lanelet"/>
    <tag k="subtype" v="road"/>
    <tag k="speed_limit" v="8"/>
    <tag k="location" v="urban"/>
    <tag k="one_way" v="yes"/>
    <tag k="turn_direction" v="straight"/>
  </relation>
  <relation id="27346">
    <member type="way" role="left" ref="27343"/>
    <member type="way" role="right" ref="27345"/>
    <tag k="type" v="lanelet"/>
    <tag k="subtype" v="road"/>
    <tag k="speed_limit" v="8"/>
    <tag k="location" v="urban"/>
    <tag k="one_way" v="yes"/>
    <tag k="turn_direction" v="left"/>
  </relation>
  <relation id="27488">
    <member type="way" role="left" ref="32843"/>
    <member type="way" role="right" ref="32845"/>
    <tag k="type" v="lanelet"/>
    <tag k="subtype" v="road"/>
    <tag k="speed_limit" v="8"/>
    <tag k="location" v="urban"/>
    <tag k="one_way" v="yes"/>
    <tag k="turn_direction" v="straight"/>
  </relation>
  <relation id="27670">
    <member type="way" role="left" ref="27668"/>
    <member type="way" role="right" ref="27669"/>
    <tag k="type" v="lanelet"/>
    <tag k="subtype" v="road"/>
    <tag k="speed_limit" v="8"/>
    <tag k="location" v="urban"/>
    <tag k="one_way" v="yes"/>
    <tag k="turn_direction" v="straight"/>
  </relation>
  <relation id="28094">
    <member type="way" role="left" ref="37884"/>
    <member type="way" role="right" ref="37886"/>
    <tag k="type" v="lanelet"/>
    <tag k="subtype" v="road"/>
    <tag k="speed_limit" v="8"/>
    <tag k="location" v="urban"/>
    <tag k="one_way" v="yes"/>
    <tag k="turn_direction" v="straight"/>
  </relation>
  <relation id="28276">
    <member type="way" role="left" ref="28274"/>
    <member type="way" role="right" ref="28275"/>
    <tag k="type" v="lanelet"/>
    <tag k="subtype" v="road"/>
    <tag k="speed_limit" v="8"/>
    <tag k="location" v="urban"/>
    <tag k="one_way" v="yes"/>
    <tag k="turn_direction" v="straight"/>
  </relation>
  <relation id="28325">
    <member type="way" role="left" ref="45189"/>
    <member type="way" role="right" ref="45191"/>
    <tag k="type" v="lanelet"/>
    <tag k="subtype" v="road"/>
    <tag k="speed_limit" v="8"/>
    <tag k="location" v="urban"/>
    <tag k="one_way" v="yes"/>
    <tag k="turn_direction" v="straight"/>
  </relation>
  <relation id="28651">
    <member type="way" role="left" ref="28649"/>
    <member type="way" role="right" ref="28650"/>
    <tag k="type" v="lanelet"/>
    <tag k="subtype" v="road"/>
    <tag k="speed_limit" v="8"/>
    <tag k="location" v="urban"/>
    <tag k="one_way" v="yes"/>
    <tag k="turn_direction" v="straight"/>
  </relation>
  <relation id="28709">
    <member type="way" role="left" ref="28707"/>
    <member type="way" role="right" ref="28708"/>
    <tag k="type" v="lanelet"/>
    <tag k="subtype" v="road"/>
    <tag k="speed_limit" v="8"/>
    <tag k="location" v="urban"/>
    <tag k="one_way" v="yes"/>
    <tag k="turn_direction" v="straight"/>
  </relation>
  <relation id="28712">
    <member type="way" role="left" ref="28710"/>
    <member type="way" role="right" ref="28711"/>
    <tag k="type" v="lanelet"/>
    <tag k="subtype" v="road"/>
    <tag k="speed_limit" v="8"/>
    <tag k="location" v="urban"/>
    <tag k="one_way" v="yes"/>
    <tag k="turn_direction" v="straight"/>
  </relation>
  <relation id="29371">
    <member type="way" role="left" ref="29369"/>
    <member type="way" role="right" ref="29370"/>
    <tag k="type" v="lanelet"/>
    <tag k="subtype" v="road"/>
    <tag k="speed_limit" v="8"/>
    <tag k="location" v="urban"/>
    <tag k="one_way" v="yes"/>
    <tag k="turn_direction" v="straight"/>
  </relation>
  <relation id="30026">
    <member type="way" role="left" ref="47244"/>
    <member type="way" role="right" ref="47245"/>
    <tag k="type" v="lanelet"/>
    <tag k="subtype" v="road"/>
    <tag k="speed_limit" v="8"/>
    <tag k="location" v="urban"/>
    <tag k="one_way" v="yes"/>
    <tag k="turn_direction" v="straight"/>
  </relation>
  <relation id="30960">
    <member type="way" role="left" ref="30958"/>
    <member type="way" role="right" ref="30959"/>
    <tag k="type" v="lanelet"/>
    <tag k="subtype" v="road"/>
    <tag k="speed_limit" v="8"/>
    <tag k="location" v="urban"/>
    <tag k="one_way" v="yes"/>
    <tag k="turn_direction" v="straight"/>
  </relation>
  <relation id="31450">
    <member type="way" role="left" ref="39198"/>
    <member type="way" role="right" ref="39199"/>
    <tag k="type" v="lanelet"/>
    <tag k="subtype" v="road"/>
    <tag k="speed_limit" v="8"/>
    <tag k="location" v="urban"/>
    <tag k="one_way" v="yes"/>
    <tag k="turn_direction" v="straight"/>
  </relation>
  <relation id="31827">
    <member type="way" role="left" ref="39341"/>
    <member type="way" role="right" ref="39342"/>
    <tag k="type" v="lanelet"/>
    <tag k="subtype" v="road"/>
    <tag k="speed_limit" v="5"/>
    <tag k="location" v="urban"/>
    <tag k="one_way" v="yes"/>
    <tag k="turn_direction" v="right"/>
  </relation>
  <relation id="31850">
    <member type="way" role="left" ref="31853"/>
    <member type="way" role="right" ref="31855"/>
    <tag k="type" v="lanelet"/>
    <tag k="subtype" v="road"/>
    <tag k="speed_limit" v="8"/>
    <tag k="location" v="urban"/>
    <tag k="one_way" v="yes"/>
    <tag k="turn_direction" v="straight"/>
  </relation>
  <relation id="31959">
    <member type="way" role="left" ref="32486"/>
    <member type="way" role="right" ref="32488"/>
    <tag k="type" v="lanelet"/>
    <tag k="subtype" v="road"/>
    <tag k="speed_limit" v="8"/>
    <tag k="location" v="urban"/>
    <tag k="one_way" v="yes"/>
    <tag k="turn_direction" v="straight"/>
  </relation>
  <relation id="32490">
    <member type="way" role="left" ref="49258"/>
    <member type="way" role="right" ref="49260"/>
    <tag k="type" v="lanelet"/>
    <tag k="subtype" v="road"/>
    <tag k="speed_limit" v="8"/>
    <tag k="location" v="urban"/>
    <tag k="one_way" v="yes"/>
    <tag k="turn_direction" v="straight"/>
  </relation>
  <relation id="33089">
    <member type="way" role="left" ref="33286"/>
    <member type="way" role="right" ref="33288"/>
    <tag k="type" v="lanelet"/>
    <tag k="subtype" v="road"/>
    <tag k="speed_limit" v="8"/>
    <tag k="location" v="urban"/>
    <tag k="one_way" v="yes"/>
    <tag k="turn_direction" v="straight"/>
  </relation>
  <relation id="33152">
    <member type="way" role="left" ref="33155"/>
    <member type="way" role="right" ref="33156"/>
    <tag k="type" v="lanelet"/>
    <tag k="subtype" v="road"/>
    <tag k="speed_limit" v="3"/>
    <tag k="location" v="urban"/>
    <tag k="one_way" v="yes"/>
    <tag k="turn_direction" v="right"/>
  </relation>
  <relation id="33159">
    <member type="way" role="left" ref="33157"/>
    <member type="way" role="right" ref="33158"/>
    <tag k="type" v="lanelet"/>
    <tag k="subtype" v="road"/>
    <tag k="speed_limit" v="8"/>
    <tag k="location" v="urban"/>
    <tag k="one_way" v="yes"/>
    <tag k="turn_direction" v="straight"/>
  </relation>
  <relation id="33168">
    <member type="way" role="left" ref="33166"/>
    <member type="way" role="right" ref="33167"/>
    <tag k="type" v="lanelet"/>
    <tag k="subtype" v="road"/>
    <tag k="speed_limit" v="8"/>
    <tag k="location" v="urban"/>
    <tag k="one_way" v="yes"/>
    <tag k="turn_direction" v="straight"/>
  </relation>
  <relation id="33171">
    <member type="way" role="left" ref="33169"/>
    <member type="way" role="right" ref="33170"/>
    <tag k="type" v="lanelet"/>
    <tag k="subtype" v="road"/>
    <tag k="speed_limit" v="8"/>
    <tag k="location" v="urban"/>
    <tag k="one_way" v="yes"/>
    <tag k="turn_direction" v="straight"/>
  </relation>
  <relation id="33280">
    <member type="way" role="left" ref="33278"/>
    <member type="way" role="right" ref="33279"/>
    <tag k="type" v="lanelet"/>
    <tag k="subtype" v="road"/>
    <tag k="speed_limit" v="8"/>
    <tag k="location" v="urban"/>
    <tag k="one_way" v="yes"/>
    <tag k="turn_direction" v="straight"/>
  </relation>
  <relation id="33290">
    <member type="way" role="left" ref="51316"/>
    <member type="way" role="right" ref="51318"/>
    <tag k="type" v="lanelet"/>
    <tag k="subtype" v="road"/>
    <tag k="speed_limit" v="8"/>
    <tag k="location" v="urban"/>
    <tag k="one_way" v="yes"/>
    <tag k="turn_direction" v="straight"/>
  </relation>
  <relation id="33496">
    <member type="way" role="left" ref="33493"/>
    <member type="way" role="right" ref="33495"/>
    <tag k="type" v="lanelet"/>
    <tag k="subtype" v="road"/>
    <tag k="speed_limit" v="5"/>
    <tag k="location" v="urban"/>
    <tag k="one_way" v="yes"/>
    <tag k="turn_direction" v="left"/>
  </relation>
  <relation id="33708">
    <member type="way" role="left" ref="33740"/>
    <member type="way" role="right" ref="33741"/>
    <tag k="type" v="lanelet"/>
    <tag k="subtype" v="road"/>
    <tag k="speed_limit" v="5"/>
    <tag k="location" v="urban"/>
    <tag k="one_way" v="yes"/>
    <tag k="turn_direction" v="left"/>
  </relation>
  <relation id="33919">
    <member type="way" role="left" ref="42344"/>
    <member type="way" role="right" ref="42345"/>
    <tag k="type" v="lanelet"/>
    <tag k="subtype" v="road"/>
    <tag k="speed_limit" v="8"/>
    <tag k="location" v="urban"/>
    <tag k="one_way" v="yes"/>
    <tag k="turn_direction" v="straight"/>
  </relation>
  <relation id="34045">
    <member type="way" role="left" ref="39056"/>
    <member type="way" role="right" ref="39057"/>
    <tag k="type" v="lanelet"/>
    <tag k="subtype" v="road"/>
    <tag k="speed_limit" v="8"/>
    <tag k="location" v="urban"/>
    <tag k="one_way" v="yes"/>
    <tag k="turn_direction" v="straight"/>
  </relation>
  <relation id="34087">
    <member type="way" role="left" ref="39060"/>
    <member type="way" role="right" ref="39062"/>
    <tag k="type" v="lanelet"/>
    <tag k="subtype" v="road"/>
    <tag k="speed_limit" v="8"/>
    <tag k="location" v="urban"/>
    <tag k="one_way" v="yes"/>
    <tag k="turn_direction" v="right"/>
  </relation>
  <relation id="34426">
    <member type="way" role="left" ref="40442"/>
    <member type="way" role="right" ref="40444"/>
    <tag k="type" v="lanelet"/>
    <tag k="subtype" v="road"/>
    <tag k="speed_limit" v="8"/>
    <tag k="location" v="urban"/>
    <tag k="one_way" v="yes"/>
    <tag k="turn_direction" v="straight"/>
  </relation>
  <relation id="35105">
    <member type="way" role="left" ref="35102"/>
    <member type="way" role="right" ref="35104"/>
    <tag k="type" v="lanelet"/>
    <tag k="subtype" v="road"/>
    <tag k="speed_limit" v="8"/>
    <tag k="location" v="urban"/>
    <tag k="one_way" v="yes"/>
    <tag k="turn_direction" v="straight"/>
  </relation>
  <relation id="35339">
    <member type="way" role="left" ref="39003"/>
    <member type="way" role="right" ref="39004"/>
    <tag k="type" v="lanelet"/>
    <tag k="subtype" v="road"/>
    <tag k="speed_limit" v="8"/>
    <tag k="location" v="urban"/>
    <tag k="one_way" v="yes"/>
    <tag k="turn_direction" v="straight"/>
  </relation>
  <relation id="35346">
    <member type="way" role="left" ref="35343"/>
    <member type="way" role="right" ref="35345"/>
    <tag k="type" v="lanelet"/>
    <tag k="subtype" v="road"/>
    <tag k="speed_limit" v="8"/>
    <tag k="location" v="urban"/>
    <tag k="one_way" v="yes"/>
    <tag k="turn_direction" v="straight"/>
  </relation>
  <relation id="35353">
    <member type="way" role="left" ref="35413"/>
    <member type="way" role="right" ref="35414"/>
    <tag k="type" v="lanelet"/>
    <tag k="subtype" v="road"/>
    <tag k="speed_limit" v="8"/>
    <tag k="location" v="urban"/>
    <tag k="one_way" v="yes"/>
    <tag k="turn_direction" v="straight"/>
  </relation>
  <relation id="35624">
    <member type="way" role="left" ref="38535"/>
    <member type="way" role="right" ref="38536"/>
    <tag k="type" v="lanelet"/>
    <tag k="subtype" v="road"/>
    <tag k="speed_limit" v="8"/>
    <tag k="location" v="urban"/>
    <tag k="one_way" v="yes"/>
    <tag k="turn_direction" v="straight"/>
  </relation>
  <relation id="35641">
    <member type="way" role="left" ref="35652"/>
    <member type="way" role="right" ref="35653"/>
    <tag k="type" v="lanelet"/>
    <tag k="subtype" v="road"/>
    <tag k="speed_limit" v="8"/>
    <tag k="location" v="urban"/>
    <tag k="one_way" v="yes"/>
    <tag k="turn_direction" v="straight"/>
  </relation>
  <relation id="36296">
    <member type="way" role="left" ref="36299"/>
    <member type="way" role="right" ref="36301"/>
    <tag k="type" v="lanelet"/>
    <tag k="subtype" v="road"/>
    <tag k="speed_limit" v="8"/>
    <tag k="location" v="urban"/>
    <tag k="one_way" v="yes"/>
    <tag k="turn_direction" v="straight"/>
  </relation>
  <relation id="36875">
    <member type="way" role="left" ref="43848"/>
    <member type="way" role="right" ref="43850"/>
    <tag k="type" v="lanelet"/>
    <tag k="subtype" v="road"/>
    <tag k="speed_limit" v="8"/>
    <tag k="location" v="urban"/>
    <tag k="one_way" v="yes"/>
    <tag k="turn_direction" v="straight"/>
  </relation>
  <relation id="37118">
    <member type="way" role="left" ref="49607"/>
    <member type="way" role="right" ref="49608"/>
    <tag k="type" v="lanelet"/>
    <tag k="subtype" v="road"/>
    <tag k="speed_limit" v="8"/>
    <tag k="location" v="urban"/>
    <tag k="one_way" v="yes"/>
    <tag k="turn_direction" v="straight"/>
  </relation>
  <relation id="37888">
    <member type="way" role="left" ref="39367"/>
    <member type="way" role="right" ref="39369"/>
    <tag k="type" v="lanelet"/>
    <tag k="subtype" v="road"/>
    <tag k="speed_limit" v="8"/>
    <tag k="location" v="urban"/>
    <tag k="one_way" v="yes"/>
    <tag k="turn_direction" v="straight"/>
  </relation>
  <relation id="37927">
    <member type="way" role="left" ref="39207"/>
    <member type="way" role="right" ref="39209"/>
    <tag k="type" v="lanelet"/>
    <tag k="subtype" v="road"/>
    <tag k="speed_limit" v="6"/>
    <tag k="location" v="urban"/>
    <tag k="one_way" v="yes"/>
    <tag k="turn_direction" v="straight"/>
  </relation>
  <relation id="37934">
    <member type="way" role="left" ref="37932"/>
    <member type="way" role="right" ref="37933"/>
    <tag k="type" v="lanelet"/>
    <tag k="subtype" v="road"/>
    <tag k="speed_limit" v="6"/>
    <tag k="location" v="urban"/>
    <tag k="one_way" v="yes"/>
    <tag k="turn_direction" v="straight"/>
  </relation>
  <relation id="38056">
    <member type="way" role="left" ref="42848"/>
    <member type="way" role="right" ref="42850"/>
    <tag k="type" v="lanelet"/>
    <tag k="subtype" v="road"/>
    <tag k="speed_limit" v="8"/>
    <tag k="location" v="urban"/>
    <tag k="one_way" v="yes"/>
    <tag k="turn_direction" v="straight"/>
  </relation>
  <relation id="38074">
    <member type="way" role="left" ref="42841"/>
    <member type="way" role="right" ref="42843"/>
    <tag k="type" v="lanelet"/>
    <tag k="subtype" v="road"/>
    <tag k="speed_limit" v="8"/>
    <tag k="location" v="urban"/>
    <tag k="one_way" v="yes"/>
    <tag k="turn_direction" v="straight"/>
  </relation>
  <relation id="38199">
    <member type="way" role="left" ref="38196"/>
    <member type="way" role="right" ref="38198"/>
    <tag k="type" v="lanelet"/>
    <tag k="subtype" v="road"/>
    <tag k="speed_limit" v="5"/>
    <tag k="location" v="urban"/>
    <tag k="one_way" v="yes"/>
    <tag k="turn_direction" v="right"/>
  </relation>
  <relation id="38385">
    <member type="way" role="left" ref="38416"/>
    <member type="way" role="right" ref="38417"/>
    <tag k="type" v="lanelet"/>
    <tag k="subtype" v="road"/>
    <tag k="speed_limit" v="5"/>
    <tag k="location" v="urban"/>
    <tag k="one_way" v="yes"/>
    <tag k="turn_direction" v="right"/>
  </relation>
  <relation id="38438">
    <member type="way" role="left" ref="38491"/>
    <member type="way" role="right" ref="38492"/>
    <tag k="type" v="lanelet"/>
    <tag k="subtype" v="road"/>
    <tag k="speed_limit" v="8"/>
    <tag k="location" v="urban"/>
    <tag k="one_way" v="yes"/>
    <tag k="turn_direction" v="straight"/>
  </relation>
  <relation id="38531">
    <member type="way" role="left" ref="38680"/>
    <member type="way" role="right" ref="38682"/>
    <tag k="type" v="lanelet"/>
    <tag k="subtype" v="road"/>
    <tag k="speed_limit" v="8"/>
    <tag k="location" v="urban"/>
    <tag k="one_way" v="yes"/>
    <tag k="turn_direction" v="straight"/>
  </relation>
  <relation id="38881">
    <member type="way" role="left" ref="38916"/>
    <member type="way" role="right" ref="38917"/>
    <tag k="type" v="lanelet"/>
    <tag k="subtype" v="road"/>
    <tag k="speed_limit" v="8"/>
    <tag k="location" v="urban"/>
    <tag k="one_way" v="yes"/>
    <tag k="turn_direction" v="straight"/>
  </relation>
  <relation id="38912">
    <member type="way" role="left" ref="44317"/>
    <member type="way" role="right" ref="44319"/>
    <tag k="type" v="lanelet"/>
    <tag k="subtype" v="road"/>
    <tag k="speed_limit" v="8"/>
    <tag k="location" v="urban"/>
    <tag k="one_way" v="yes"/>
    <tag k="turn_direction" v="left"/>
  </relation>
  <relation id="39027">
    <member type="way" role="left" ref="39025"/>
    <member type="way" role="right" ref="39026"/>
    <tag k="type" v="lanelet"/>
    <tag k="subtype" v="road"/>
    <tag k="speed_limit" v="8"/>
    <tag k="location" v="urban"/>
    <tag k="one_way" v="yes"/>
    <tag k="turn_direction" v="right"/>
  </relation>
  <relation id="39083">
    <member type="way" role="left" ref="39081"/>
    <member type="way" role="right" ref="39082"/>
    <tag k="type" v="lanelet"/>
    <tag k="subtype" v="road"/>
    <tag k="speed_limit" v="8"/>
    <tag k="location" v="urban"/>
    <tag k="one_way" v="yes"/>
    <tag k="turn_direction" v="right"/>
  </relation>
  <relation id="39132">
    <member type="way" role="left" ref="39130"/>
    <member type="way" role="right" ref="39131"/>
    <tag k="type" v="lanelet"/>
    <tag k="subtype" v="road"/>
    <tag k="speed_limit" v="8"/>
    <tag k="location" v="urban"/>
    <tag k="one_way" v="yes"/>
    <tag k="turn_direction" v="right"/>
  </relation>
  <relation id="39337">
    <member type="way" role="left" ref="39335"/>
    <member type="way" role="right" ref="39336"/>
    <tag k="type" v="lanelet"/>
    <tag k="subtype" v="road"/>
    <tag k="speed_limit" v="5"/>
    <tag k="location" v="urban"/>
    <tag k="one_way" v="yes"/>
    <tag k="turn_direction" v="left"/>
  </relation>
  <relation id="40322">
    <member type="way" role="left" ref="40320"/>
    <member type="way" role="right" ref="40321"/>
    <tag k="type" v="lanelet"/>
    <tag k="subtype" v="road"/>
    <tag k="speed_limit" v="8"/>
    <tag k="location" v="urban"/>
    <tag k="one_way" v="yes"/>
    <tag k="turn_direction" v="straight"/>
  </relation>
  <relation id="40331">
    <member type="way" role="left" ref="40329"/>
    <member type="way" role="right" ref="40330"/>
    <tag k="type" v="lanelet"/>
    <tag k="subtype" v="road"/>
    <tag k="speed_limit" v="8"/>
    <tag k="location" v="urban"/>
    <tag k="one_way" v="yes"/>
    <tag k="turn_direction" v="straight"/>
  </relation>
  <relation id="40343">
    <member type="way" role="left" ref="42018"/>
    <member type="way" role="right" ref="42020"/>
    <tag k="type" v="lanelet"/>
    <tag k="subtype" v="road"/>
    <tag k="speed_limit" v="8"/>
    <tag k="location" v="urban"/>
    <tag k="one_way" v="yes"/>
    <tag k="turn_direction" v="straight"/>
  </relation>
  <relation id="40380">
    <member type="way" role="left" ref="40422"/>
    <member type="way" role="right" ref="40424"/>
    <tag k="type" v="lanelet"/>
    <tag k="subtype" v="road"/>
    <tag k="speed_limit" v="5"/>
    <tag k="location" v="urban"/>
    <tag k="one_way" v="yes"/>
    <tag k="turn_direction" v="right"/>
  </relation>
  <relation id="40419">
    <member type="way" role="left" ref="45417"/>
    <member type="way" role="right" ref="45418"/>
    <tag k="type" v="lanelet"/>
    <tag k="subtype" v="road"/>
    <tag k="speed_limit" v="5"/>
    <tag k="location" v="urban"/>
    <tag k="one_way" v="yes"/>
    <tag k="turn_direction" v="right"/>
  </relation>
  <relation id="40439">
    <member type="way" role="left" ref="40437"/>
    <member type="way" role="right" ref="40438"/>
    <tag k="type" v="lanelet"/>
    <tag k="subtype" v="road"/>
    <tag k="speed_limit" v="5"/>
    <tag k="location" v="urban"/>
    <tag k="one_way" v="yes"/>
    <tag k="turn_direction" v="right"/>
  </relation>
  <relation id="40469">
    <member type="way" role="left" ref="40467"/>
    <member type="way" role="right" ref="40468"/>
    <tag k="type" v="lanelet"/>
    <tag k="subtype" v="road"/>
    <tag k="speed_limit" v="8"/>
    <tag k="location" v="urban"/>
    <tag k="one_way" v="yes"/>
    <tag k="turn_direction" v="left"/>
  </relation>
  <relation id="40514">
    <member type="way" role="left" ref="40511"/>
    <member type="way" role="right" ref="40513"/>
    <tag k="type" v="lanelet"/>
    <tag k="subtype" v="road"/>
    <tag k="speed_limit" v="5"/>
    <tag k="location" v="urban"/>
    <tag k="one_way" v="yes"/>
    <tag k="turn_direction" v="right"/>
  </relation>
  <relation id="40596">
    <member type="way" role="left" ref="40593"/>
    <member type="way" role="right" ref="40595"/>
    <tag k="type" v="lanelet"/>
    <tag k="subtype" v="road"/>
    <tag k="speed_limit" v="8"/>
    <tag k="location" v="urban"/>
    <tag k="one_way" v="yes"/>
    <tag k="turn_direction" v="straight"/>
  </relation>
  <relation id="40754">
    <member type="way" role="left" ref="40864"/>
    <member type="way" role="right" ref="40865"/>
    <tag k="type" v="lanelet"/>
    <tag k="subtype" v="road"/>
    <tag k="speed_limit" v="5"/>
    <tag k="location" v="urban"/>
    <tag k="one_way" v="yes"/>
    <tag k="turn_direction" v="right"/>
  </relation>
  <relation id="40761">
    <member type="way" role="left" ref="40758"/>
    <member type="way" role="right" ref="40760"/>
    <tag k="type" v="lanelet"/>
    <tag k="subtype" v="road"/>
    <tag k="speed_limit" v="8"/>
    <tag k="location" v="urban"/>
    <tag k="one_way" v="yes"/>
    <tag k="turn_direction" v="straight"/>
  </relation>
  <relation id="40840">
    <member type="way" role="left" ref="40837"/>
    <member type="way" role="right" ref="40839"/>
    <tag k="type" v="lanelet"/>
    <tag k="subtype" v="road"/>
    <tag k="speed_limit" v="5"/>
    <tag k="location" v="urban"/>
    <tag k="one_way" v="yes"/>
    <tag k="turn_direction" v="right"/>
  </relation>
  <relation id="40853">
    <member type="way" role="left" ref="40851"/>
    <member type="way" role="right" ref="40852"/>
    <tag k="type" v="lanelet"/>
    <tag k="subtype" v="road"/>
    <tag k="speed_limit" v="5"/>
    <tag k="location" v="urban"/>
    <tag k="one_way" v="yes"/>
    <tag k="turn_direction" v="right"/>
  </relation>
  <relation id="40856">
    <member type="way" role="left" ref="40854"/>
    <member type="way" role="right" ref="40855"/>
    <tag k="type" v="lanelet"/>
    <tag k="subtype" v="road"/>
    <tag k="speed_limit" v="8"/>
    <tag k="location" v="urban"/>
    <tag k="one_way" v="yes"/>
    <tag k="turn_direction" v="straight"/>
  </relation>
  <relation id="40863">
    <member type="way" role="left" ref="40860"/>
    <member type="way" role="right" ref="40862"/>
    <tag k="type" v="lanelet"/>
    <tag k="subtype" v="road"/>
    <tag k="speed_limit" v="5"/>
    <tag k="location" v="urban"/>
    <tag k="one_way" v="yes"/>
    <tag k="turn_direction" v="right"/>
  </relation>
  <relation id="40880">
    <member type="way" role="left" ref="40878"/>
    <member type="way" role="right" ref="40879"/>
    <tag k="type" v="lanelet"/>
    <tag k="subtype" v="road"/>
    <tag k="speed_limit" v="5"/>
    <tag k="location" v="urban"/>
    <tag k="one_way" v="yes"/>
    <tag k="turn_direction" v="right"/>
  </relation>
  <relation id="41035">
    <member type="way" role="left" ref="41032"/>
    <member type="way" role="right" ref="41034"/>
    <tag k="type" v="lanelet"/>
    <tag k="subtype" v="road"/>
    <tag k="speed_limit" v="8"/>
    <tag k="location" v="urban"/>
    <tag k="one_way" v="yes"/>
    <tag k="turn_direction" v="straight"/>
  </relation>
  <relation id="41152">
    <member type="way" role="left" ref="41378"/>
    <member type="way" role="right" ref="41380"/>
    <tag k="type" v="lanelet"/>
    <tag k="subtype" v="road"/>
    <tag k="speed_limit" v="8"/>
    <tag k="location" v="urban"/>
    <tag k="one_way" v="yes"/>
    <tag k="turn_direction" v="left"/>
  </relation>
  <relation id="41165">
    <member type="way" role="left" ref="41163"/>
    <member type="way" role="right" ref="41164"/>
    <tag k="type" v="lanelet"/>
    <tag k="subtype" v="road"/>
    <tag k="speed_limit" v="8"/>
    <tag k="location" v="urban"/>
    <tag k="one_way" v="yes"/>
    <tag k="turn_direction" v="left"/>
  </relation>
  <relation id="41251">
    <member type="way" role="left" ref="41249"/>
    <member type="way" role="right" ref="41250"/>
    <tag k="type" v="lanelet"/>
    <tag k="subtype" v="road"/>
    <tag k="speed_limit" v="8"/>
    <tag k="location" v="urban"/>
    <tag k="one_way" v="yes"/>
    <tag k="turn_direction" v="straight"/>
  </relation>
  <relation id="41258">
    <member type="way" role="left" ref="41255"/>
    <member type="way" role="right" ref="41257"/>
    <tag k="type" v="lanelet"/>
    <tag k="subtype" v="road"/>
    <tag k="speed_limit" v="8"/>
    <tag k="location" v="urban"/>
    <tag k="one_way" v="yes"/>
    <tag k="turn_direction" v="straight"/>
  </relation>
  <relation id="41264">
    <member type="way" role="left" ref="41262"/>
    <member type="way" role="right" ref="41263"/>
    <tag k="type" v="lanelet"/>
    <tag k="subtype" v="road"/>
    <tag k="speed_limit" v="8"/>
    <tag k="location" v="urban"/>
    <tag k="one_way" v="yes"/>
    <tag k="turn_direction" v="straight"/>
  </relation>
  <relation id="41382">
    <member type="way" role="left" ref="41379"/>
    <member type="way" role="right" ref="41381"/>
    <tag k="type" v="lanelet"/>
    <tag k="subtype" v="road"/>
    <tag k="speed_limit" v="8"/>
    <tag k="location" v="urban"/>
    <tag k="one_way" v="yes"/>
    <tag k="turn_direction" v="right"/>
  </relation>
  <relation id="41400">
    <member type="way" role="left" ref="44853"/>
    <member type="way" role="right" ref="44854"/>
    <tag k="type" v="lanelet"/>
    <tag k="subtype" v="road"/>
    <tag k="speed_limit" v="8"/>
    <tag k="location" v="urban"/>
    <tag k="one_way" v="no"/>
    <tag k="turn_direction" v="straight"/>
  </relation>
  <relation id="41430">
    <member type="way" role="left" ref="41428"/>
    <member type="way" role="right" ref="41429"/>
    <tag k="type" v="lanelet"/>
    <tag k="subtype" v="road"/>
    <tag k="speed_limit" v="8"/>
    <tag k="location" v="urban"/>
    <tag k="one_way" v="yes"/>
    <tag k="turn_direction" v="right"/>
  </relation>
  <relation id="41449">
    <member type="way" role="left" ref="41447"/>
    <member type="way" role="right" ref="41448"/>
    <tag k="type" v="lanelet"/>
    <tag k="subtype" v="road"/>
    <tag k="speed_limit" v="8"/>
    <tag k="location" v="urban"/>
    <tag k="one_way" v="yes"/>
    <tag k="turn_direction" v="right"/>
  </relation>
  <relation id="41663">
    <member type="way" role="left" ref="41699"/>
    <member type="way" role="right" ref="41701"/>
    <tag k="type" v="lanelet"/>
    <tag k="subtype" v="road"/>
    <tag k="speed_limit" v="5"/>
    <tag k="location" v="urban"/>
    <tag k="one_way" v="yes"/>
    <tag k="turn_direction" v="right"/>
  </relation>
  <relation id="41678">
    <member type="way" role="left" ref="41676"/>
    <member type="way" role="right" ref="41677"/>
    <tag k="type" v="lanelet"/>
    <tag k="subtype" v="road"/>
    <tag k="speed_limit" v="5"/>
    <tag k="location" v="urban"/>
    <tag k="one_way" v="yes"/>
    <tag k="turn_direction" v="right"/>
  </relation>
  <relation id="41703">
    <member type="way" role="left" ref="41961"/>
    <member type="way" role="right" ref="41963"/>
    <tag k="type" v="lanelet"/>
    <tag k="subtype" v="road"/>
    <tag k="speed_limit" v="5"/>
    <tag k="location" v="urban"/>
    <tag k="one_way" v="yes"/>
    <tag k="turn_direction" v="right"/>
  </relation>
  <relation id="41722">
    <member type="way" role="left" ref="41725"/>
    <member type="way" role="right" ref="41727"/>
    <tag k="type" v="lanelet"/>
    <tag k="subtype" v="road"/>
    <tag k="speed_limit" v="8"/>
    <tag k="location" v="urban"/>
    <tag k="one_way" v="yes"/>
    <tag k="turn_direction" v="straight"/>
  </relation>
  <relation id="41729">
    <member type="way" role="left" ref="41726"/>
    <member type="way" role="right" ref="41728"/>
    <tag k="type" v="lanelet"/>
    <tag k="subtype" v="road"/>
    <tag k="speed_limit" v="5"/>
    <tag k="location" v="urban"/>
    <tag k="one_way" v="yes"/>
    <tag k="turn_direction" v="right"/>
  </relation>
  <relation id="41818">
    <member type="way" role="left" ref="41816"/>
    <member type="way" role="right" ref="41817"/>
    <tag k="type" v="lanelet"/>
    <tag k="subtype" v="road"/>
    <tag k="speed_limit" v="6"/>
    <tag k="location" v="urban"/>
    <tag k="one_way" v="yes"/>
    <tag k="turn_direction" v="right"/>
  </relation>
  <relation id="41837">
    <member type="way" role="left" ref="41835"/>
    <member type="way" role="right" ref="41836"/>
    <tag k="type" v="lanelet"/>
    <tag k="subtype" v="road"/>
    <tag k="speed_limit" v="5"/>
    <tag k="location" v="urban"/>
    <tag k="one_way" v="yes"/>
    <tag k="turn_direction" v="right"/>
  </relation>
  <relation id="41865">
    <member type="way" role="left" ref="41868"/>
    <member type="way" role="right" ref="41869"/>
    <tag k="type" v="lanelet"/>
    <tag k="subtype" v="road"/>
    <tag k="speed_limit" v="5"/>
    <tag k="location" v="urban"/>
    <tag k="one_way" v="yes"/>
    <tag k="turn_direction" v="right"/>
  </relation>
  <relation id="41915">
    <member type="way" role="left" ref="41913"/>
    <member type="way" role="right" ref="41914"/>
    <tag k="type" v="lanelet"/>
    <tag k="subtype" v="road"/>
    <tag k="speed_limit" v="8"/>
    <tag k="location" v="urban"/>
    <tag k="one_way" v="yes"/>
    <tag k="turn_direction" v="straight"/>
  </relation>
  <relation id="41958">
    <member type="way" role="left" ref="41955"/>
    <member type="way" role="right" ref="41957"/>
    <tag k="type" v="lanelet"/>
    <tag k="subtype" v="road"/>
    <tag k="speed_limit" v="8"/>
    <tag k="location" v="urban"/>
    <tag k="one_way" v="yes"/>
    <tag k="turn_direction" v="straight"/>
  </relation>
  <relation id="41980">
    <member type="way" role="left" ref="41978"/>
    <member type="way" role="right" ref="41979"/>
    <tag k="type" v="lanelet"/>
    <tag k="subtype" v="road"/>
    <tag k="speed_limit" v="5"/>
    <tag k="location" v="urban"/>
    <tag k="one_way" v="yes"/>
    <tag k="turn_direction" v="right"/>
  </relation>
  <relation id="41989">
    <member type="way" role="left" ref="46777"/>
    <member type="way" role="right" ref="46779"/>
    <tag k="type" v="lanelet"/>
    <tag k="subtype" v="road"/>
    <tag k="speed_limit" v="5"/>
    <tag k="location" v="urban"/>
    <tag k="one_way" v="yes"/>
    <tag k="turn_direction" v="left"/>
  </relation>
  <relation id="42039">
    <member type="way" role="left" ref="49080"/>
    <member type="way" role="right" ref="49081"/>
    <tag k="type" v="lanelet"/>
    <tag k="subtype" v="road"/>
    <tag k="speed_limit" v="5"/>
    <tag k="location" v="urban"/>
    <tag k="one_way" v="yes"/>
    <tag k="turn_direction" v="left"/>
  </relation>
  <relation id="42147">
    <member type="way" role="left" ref="52362"/>
    <member type="way" role="right" ref="52364"/>
    <tag k="type" v="lanelet"/>
    <tag k="subtype" v="road"/>
    <tag k="speed_limit" v="5"/>
    <tag k="location" v="urban"/>
    <tag k="one_way" v="yes"/>
    <tag k="turn_direction" v="straight"/>
  </relation>
  <relation id="42186">
    <member type="way" role="left" ref="50603"/>
    <member type="way" role="right" ref="50605"/>
    <tag k="type" v="lanelet"/>
    <tag k="subtype" v="road"/>
    <tag k="speed_limit" v="5"/>
    <tag k="location" v="urban"/>
    <tag k="one_way" v="yes"/>
    <tag k="turn_direction" v="left"/>
  </relation>
  <relation id="42196">
    <member type="way" role="left" ref="52333"/>
    <member type="way" role="right" ref="52335"/>
    <tag k="type" v="lanelet"/>
    <tag k="subtype" v="road"/>
    <tag k="speed_limit" v="5"/>
    <tag k="location" v="urban"/>
    <tag k="one_way" v="yes"/>
    <tag k="turn_direction" v="right"/>
  </relation>
  <relation id="42244">
    <member type="way" role="left" ref="42242"/>
    <member type="way" role="right" ref="42243"/>
    <tag k="type" v="lanelet"/>
    <tag k="subtype" v="road"/>
    <tag k="speed_limit" v="5"/>
    <tag k="location" v="urban"/>
    <tag k="one_way" v="yes"/>
    <tag k="turn_direction" v="right"/>
  </relation>
  <relation id="42331">
    <member type="way" role="left" ref="42329"/>
    <member type="way" role="right" ref="42330"/>
    <tag k="type" v="lanelet"/>
    <tag k="subtype" v="road"/>
    <tag k="speed_limit" v="8"/>
    <tag k="location" v="urban"/>
    <tag k="one_way" v="yes"/>
    <tag k="turn_direction" v="straight"/>
  </relation>
  <relation id="42609">
    <member type="way" role="left" ref="48781"/>
    <member type="way" role="right" ref="48782"/>
    <tag k="type" v="lanelet"/>
    <tag k="subtype" v="road"/>
    <tag k="speed_limit" v="6"/>
    <tag k="location" v="urban"/>
    <tag k="one_way" v="yes"/>
    <tag k="turn_direction" v="right"/>
  </relation>
  <relation id="42633">
    <member type="way" role="left" ref="42631"/>
    <member type="way" role="right" ref="42632"/>
    <tag k="type" v="lanelet"/>
    <tag k="subtype" v="road"/>
    <tag k="speed_limit" v="8"/>
    <tag k="location" v="urban"/>
    <tag k="one_way" v="yes"/>
    <tag k="turn_direction" v="straight"/>
  </relation>
  <relation id="42845">
    <member type="way" role="left" ref="42842"/>
    <member type="way" role="right" ref="42844"/>
    <tag k="type" v="lanelet"/>
    <tag k="subtype" v="road"/>
    <tag k="speed_limit" v="8"/>
    <tag k="location" v="urban"/>
    <tag k="one_way" v="yes"/>
    <tag k="turn_direction" v="straight"/>
  </relation>
  <relation id="42852">
    <member type="way" role="left" ref="42849"/>
    <member type="way" role="right" ref="42851"/>
    <tag k="type" v="lanelet"/>
    <tag k="subtype" v="road"/>
    <tag k="speed_limit" v="8"/>
    <tag k="location" v="urban"/>
    <tag k="one_way" v="yes"/>
    <tag k="turn_direction" v="straight"/>
  </relation>
  <relation id="42866">
    <member type="way" role="left" ref="48216"/>
    <member type="way" role="right" ref="48218"/>
    <tag k="type" v="lanelet"/>
    <tag k="subtype" v="road"/>
    <tag k="speed_limit" v="8"/>
    <tag k="location" v="urban"/>
    <tag k="one_way" v="yes"/>
    <tag k="turn_direction" v="straight"/>
  </relation>
  <relation id="43018">
    <member type="way" role="left" ref="43016"/>
    <member type="way" role="right" ref="43017"/>
    <tag k="type" v="lanelet"/>
    <tag k="subtype" v="road"/>
    <tag k="speed_limit" v="8"/>
    <tag k="location" v="urban"/>
    <tag k="one_way" v="yes"/>
    <tag k="turn_direction" v="straight"/>
  </relation>
  <relation id="43235">
    <member type="way" role="left" ref="43233"/>
    <member type="way" role="right" ref="43234"/>
    <tag k="type" v="lanelet"/>
    <tag k="subtype" v="road"/>
    <tag k="speed_limit" v="8"/>
    <tag k="location" v="urban"/>
    <tag k="one_way" v="yes"/>
    <tag k="turn_direction" v="left"/>
  </relation>
  <relation id="43242">
    <member type="way" role="left" ref="43241"/>
    <member type="way" role="right" ref="43238"/>
    <tag k="type" v="lanelet"/>
    <tag k="subtype" v="road"/>
    <tag k="speed_limit" v="8"/>
    <tag k="location" v="urban"/>
    <tag k="one_way" v="yes"/>
    <tag k="turn_direction" v="left"/>
  </relation>
  <relation id="43252">
    <member type="way" role="left" ref="43250"/>
    <member type="way" role="right" ref="43251"/>
    <tag k="type" v="lanelet"/>
    <tag k="subtype" v="road"/>
    <tag k="speed_limit" v="8"/>
    <tag k="location" v="urban"/>
    <tag k="one_way" v="yes"/>
    <tag k="turn_direction" v="left"/>
  </relation>
  <relation id="43255">
    <member type="way" role="left" ref="43253"/>
    <member type="way" role="right" ref="43254"/>
    <tag k="type" v="lanelet"/>
    <tag k="subtype" v="road"/>
    <tag k="speed_limit" v="8"/>
    <tag k="location" v="urban"/>
    <tag k="one_way" v="yes"/>
    <tag k="turn_direction" v="right"/>
  </relation>
  <relation id="43262">
    <member type="way" role="left" ref="43259"/>
    <member type="way" role="right" ref="43261"/>
    <tag k="type" v="lanelet"/>
    <tag k="subtype" v="road"/>
    <tag k="speed_limit" v="8"/>
    <tag k="location" v="urban"/>
    <tag k="one_way" v="yes"/>
    <tag k="turn_direction" v="right"/>
  </relation>
  <relation id="43289">
    <member type="way" role="left" ref="43287"/>
    <member type="way" role="right" ref="43288"/>
    <tag k="type" v="lanelet"/>
    <tag k="subtype" v="road"/>
    <tag k="speed_limit" v="8"/>
    <tag k="location" v="urban"/>
    <tag k="one_way" v="yes"/>
    <tag k="turn_direction" v="straight"/>
  </relation>
  <relation id="43292">
    <member type="way" role="left" ref="43290"/>
    <member type="way" role="right" ref="43291"/>
    <tag k="type" v="lanelet"/>
    <tag k="subtype" v="road"/>
    <tag k="speed_limit" v="8"/>
    <tag k="location" v="urban"/>
    <tag k="one_way" v="yes"/>
    <tag k="turn_direction" v="straight"/>
  </relation>
  <relation id="43395">
    <member type="way" role="left" ref="43393"/>
    <member type="way" role="right" ref="43394"/>
    <tag k="type" v="lanelet"/>
    <tag k="subtype" v="road"/>
    <tag k="speed_limit" v="8"/>
    <tag k="location" v="urban"/>
    <tag k="one_way" v="yes"/>
    <tag k="turn_direction" v="straight"/>
  </relation>
  <relation id="43748">
    <member type="way" role="left" ref="45525"/>
    <member type="way" role="right" ref="45526"/>
    <tag k="type" v="lanelet"/>
    <tag k="subtype" v="road"/>
    <tag k="speed_limit" v="8"/>
    <tag k="location" v="urban"/>
    <tag k="one_way" v="yes"/>
    <tag k="turn_direction" v="straight"/>
  </relation>
  <relation id="43821">
    <member type="way" role="left" ref="43825"/>
    <member type="way" role="right" ref="43826"/>
    <tag k="type" v="lanelet"/>
    <tag k="subtype" v="road"/>
    <tag k="speed_limit" v="8"/>
    <tag k="location" v="urban"/>
    <tag k="one_way" v="no"/>
    <tag k="turn_direction" v="straight"/>
  </relation>
  <relation id="43852">
    <member type="way" role="left" ref="43849"/>
    <member type="way" role="right" ref="43851"/>
    <tag k="type" v="lanelet"/>
    <tag k="subtype" v="road"/>
    <tag k="speed_limit" v="8"/>
    <tag k="location" v="urban"/>
    <tag k="one_way" v="yes"/>
    <tag k="turn_direction" v="straight"/>
  </relation>
  <relation id="43872">
    <member type="way" role="left" ref="43870"/>
    <member type="way" role="right" ref="43871"/>
    <tag k="type" v="lanelet"/>
    <tag k="subtype" v="road"/>
    <tag k="speed_limit" v="8"/>
    <tag k="location" v="urban"/>
    <tag k="one_way" v="yes"/>
    <tag k="turn_direction" v="straight"/>
  </relation>
  <relation id="43891">
    <member type="way" role="left" ref="43888"/>
    <member type="way" role="right" ref="43890"/>
    <tag k="type" v="lanelet"/>
    <tag k="subtype" v="road"/>
    <tag k="speed_limit" v="6"/>
    <tag k="location" v="urban"/>
    <tag k="one_way" v="yes"/>
    <tag k="turn_direction" v="right"/>
  </relation>
  <relation id="43894">
    <member type="way" role="left" ref="43892"/>
    <member type="way" role="right" ref="43893"/>
    <tag k="type" v="lanelet"/>
    <tag k="subtype" v="road"/>
    <tag k="speed_limit" v="5"/>
    <tag k="location" v="urban"/>
    <tag k="one_way" v="yes"/>
    <tag k="turn_direction" v="right"/>
  </relation>
  <relation id="43949">
    <member type="way" role="left" ref="44343"/>
    <member type="way" role="right" ref="44345"/>
    <tag k="type" v="lanelet"/>
    <tag k="subtype" v="road"/>
    <tag k="speed_limit" v="5"/>
    <tag k="location" v="urban"/>
    <tag k="one_way" v="yes"/>
    <tag k="turn_direction" v="right"/>
  </relation>
  <relation id="44182">
    <member type="way" role="left" ref="44181"/>
    <member type="way" role="right" ref="44178"/>
    <tag k="type" v="lanelet"/>
    <tag k="subtype" v="road"/>
    <tag k="speed_limit" v="8"/>
    <tag k="location" v="urban"/>
    <tag k="one_way" v="yes"/>
    <tag k="turn_direction" v="straight"/>
  </relation>
  <relation id="44254">
    <member type="way" role="left" ref="44252"/>
    <member type="way" role="right" ref="44253"/>
    <tag k="type" v="lanelet"/>
    <tag k="subtype" v="road"/>
    <tag k="speed_limit" v="8"/>
    <tag k="location" v="urban"/>
    <tag k="one_way" v="yes"/>
    <tag k="turn_direction" v="straight"/>
  </relation>
  <relation id="44268">
    <member type="way" role="left" ref="52413"/>
    <member type="way" role="right" ref="52415"/>
    <tag k="type" v="lanelet"/>
    <tag k="subtype" v="road"/>
    <tag k="speed_limit" v="8"/>
    <tag k="location" v="urban"/>
    <tag k="one_way" v="yes"/>
    <tag k="turn_direction" v="straight"/>
  </relation>
  <relation id="44271">
    <member type="way" role="left" ref="44269"/>
    <member type="way" role="right" ref="44270"/>
    <tag k="type" v="lanelet"/>
    <tag k="subtype" v="road"/>
    <tag k="speed_limit" v="8"/>
    <tag k="location" v="urban"/>
    <tag k="one_way" v="yes"/>
    <tag k="turn_direction" v="straight"/>
  </relation>
  <relation id="44321">
    <member type="way" role="left" ref="44318"/>
    <member type="way" role="right" ref="44320"/>
    <tag k="type" v="lanelet"/>
    <tag k="subtype" v="road"/>
    <tag k="speed_limit" v="8"/>
    <tag k="location" v="urban"/>
    <tag k="one_way" v="yes"/>
    <tag k="turn_direction" v="left"/>
  </relation>
  <relation id="44340">
    <member type="way" role="left" ref="44337"/>
    <member type="way" role="right" ref="44339"/>
    <tag k="type" v="lanelet"/>
    <tag k="subtype" v="road"/>
    <tag k="speed_limit" v="5"/>
    <tag k="location" v="urban"/>
    <tag k="one_way" v="yes"/>
    <tag k="turn_direction" v="left"/>
  </relation>
  <relation id="44347">
    <member type="way" role="left" ref="44344"/>
    <member type="way" role="right" ref="44346"/>
    <tag k="type" v="lanelet"/>
    <tag k="subtype" v="road"/>
    <tag k="speed_limit" v="5"/>
    <tag k="location" v="urban"/>
    <tag k="one_way" v="yes"/>
    <tag k="turn_direction" v="right"/>
  </relation>
  <relation id="44375">
    <member type="way" role="left" ref="51929"/>
    <member type="way" role="right" ref="51930"/>
    <tag k="type" v="lanelet"/>
    <tag k="subtype" v="road"/>
    <tag k="speed_limit" v="5"/>
    <tag k="location" v="urban"/>
    <tag k="one_way" v="yes"/>
    <tag k="turn_direction" v="left"/>
  </relation>
  <relation id="44399">
    <member type="way" role="left" ref="44397"/>
    <member type="way" role="right" ref="44398"/>
    <tag k="type" v="lanelet"/>
    <tag k="subtype" v="road"/>
    <tag k="speed_limit" v="8"/>
    <tag k="location" v="urban"/>
    <tag k="one_way" v="yes"/>
    <tag k="turn_direction" v="straight"/>
  </relation>
  <relation id="44454">
    <member type="way" role="left" ref="44451"/>
    <member type="way" role="right" ref="44453"/>
    <tag k="type" v="lanelet"/>
    <tag k="subtype" v="road"/>
    <tag k="speed_limit" v="8"/>
    <tag k="location" v="urban"/>
    <tag k="one_way" v="yes"/>
    <tag k="turn_direction" v="straight"/>
  </relation>
  <relation id="44469">
    <member type="way" role="left" ref="44472"/>
    <member type="way" role="right" ref="44474"/>
    <tag k="type" v="lanelet"/>
    <tag k="subtype" v="road"/>
    <tag k="speed_limit" v="8"/>
    <tag k="location" v="urban"/>
    <tag k="one_way" v="yes"/>
    <tag k="turn_direction" v="right"/>
  </relation>
  <relation id="44476">
    <member type="way" role="left" ref="44473"/>
    <member type="way" role="right" ref="44475"/>
    <tag k="type" v="lanelet"/>
    <tag k="subtype" v="road"/>
    <tag k="speed_limit" v="8"/>
    <tag k="location" v="urban"/>
    <tag k="one_way" v="yes"/>
    <tag k="turn_direction" v="right"/>
  </relation>
  <relation id="44490">
    <member type="way" role="left" ref="44487"/>
    <member type="way" role="right" ref="44489"/>
    <tag k="type" v="lanelet"/>
    <tag k="subtype" v="road"/>
    <tag k="speed_limit" v="5"/>
    <tag k="location" v="urban"/>
    <tag k="one_way" v="yes"/>
    <tag k="turn_direction" v="left"/>
  </relation>
  <relation id="44509">
    <member type="way" role="left" ref="44507"/>
    <member type="way" role="right" ref="44508"/>
    <tag k="type" v="lanelet"/>
    <tag k="subtype" v="road"/>
    <tag k="speed_limit" v="5"/>
    <tag k="location" v="urban"/>
    <tag k="one_way" v="yes"/>
    <tag k="turn_direction" v="left"/>
  </relation>
  <relation id="44537">
    <member type="way" role="left" ref="44536"/>
    <member type="way" role="right" ref="44533"/>
    <tag k="type" v="lanelet"/>
    <tag k="subtype" v="road"/>
    <tag k="speed_limit" v="5"/>
    <tag k="location" v="urban"/>
    <tag k="one_way" v="yes"/>
    <tag k="turn_direction" v="right"/>
  </relation>
  <relation id="44561">
    <member type="way" role="left" ref="44559"/>
    <member type="way" role="right" ref="44560"/>
    <tag k="type" v="lanelet"/>
    <tag k="subtype" v="road"/>
    <tag k="speed_limit" v="5"/>
    <tag k="location" v="urban"/>
    <tag k="one_way" v="yes"/>
    <tag k="turn_direction" v="right"/>
  </relation>
  <relation id="44568">
    <member type="way" role="left" ref="44671"/>
    <member type="way" role="right" ref="44672"/>
    <tag k="type" v="lanelet"/>
    <tag k="subtype" v="road"/>
    <tag k="speed_limit" v="8"/>
    <tag k="location" v="urban"/>
    <tag k="one_way" v="yes"/>
    <tag k="turn_direction" v="straight"/>
  </relation>
  <relation id="44670">
    <member type="way" role="left" ref="44667"/>
    <member type="way" role="right" ref="44669"/>
    <tag k="type" v="lanelet"/>
    <tag k="subtype" v="road"/>
    <tag k="speed_limit" v="8"/>
    <tag k="location" v="urban"/>
    <tag k="one_way" v="yes"/>
    <tag k="turn_direction" v="straight"/>
  </relation>
  <relation id="44698">
    <member type="way" role="left" ref="44696"/>
    <member type="way" role="right" ref="44697"/>
    <tag k="type" v="lanelet"/>
    <tag k="subtype" v="road"/>
    <tag k="speed_limit" v="5"/>
    <tag k="location" v="urban"/>
    <tag k="one_way" v="yes"/>
    <tag k="turn_direction" v="right"/>
  </relation>
  <relation id="44852">
    <member type="way" role="left" ref="44849"/>
    <member type="way" role="right" ref="44851"/>
    <tag k="type" v="lanelet"/>
    <tag k="subtype" v="road"/>
    <tag k="speed_limit" v="5"/>
    <tag k="location" v="urban"/>
    <tag k="one_way" v="yes"/>
    <tag k="turn_direction" v="left"/>
  </relation>
  <relation id="44896">
    <member type="way" role="left" ref="44892"/>
    <member type="way" role="right" ref="44893"/>
    <tag k="type" v="lanelet"/>
    <tag k="subtype" v="road"/>
    <tag k="speed_limit" v="3"/>
    <tag k="location" v="urban"/>
    <tag k="one_way" v="yes"/>
    <tag k="turn_direction" v="left"/>
  </relation>
  <relation id="44897">
    <member type="way" role="left" ref="51218"/>
    <member type="way" role="right" ref="51219"/>
    <tag k="type" v="lanelet"/>
    <tag k="subtype" v="road"/>
    <tag k="speed_limit" v="3"/>
    <tag k="location" v="urban"/>
    <tag k="one_way" v="yes"/>
    <tag k="turn_direction" v="left"/>
  </relation>
  <relation id="45033">
    <member type="way" role="left" ref="48388"/>
    <member type="way" role="right" ref="48390"/>
    <tag k="type" v="lanelet"/>
    <tag k="subtype" v="road"/>
    <tag k="speed_limit" v="8"/>
    <tag k="location" v="urban"/>
    <tag k="one_way" v="yes"/>
    <tag k="turn_direction" v="straight"/>
  </relation>
  <relation id="45084">
    <member type="way" role="left" ref="45280"/>
    <member type="way" role="right" ref="45282"/>
    <tag k="type" v="lanelet"/>
    <tag k="subtype" v="road"/>
    <tag k="speed_limit" v="8"/>
    <tag k="location" v="urban"/>
    <tag k="one_way" v="yes"/>
  </relation>
  <relation id="45116">
    <member type="way" role="left" ref="45114"/>
    <member type="way" role="right" ref="45115"/>
    <tag k="type" v="lanelet"/>
    <tag k="subtype" v="road"/>
    <tag k="speed_limit" v="3"/>
    <tag k="location" v="urban"/>
    <tag k="one_way" v="yes"/>
    <tag k="turn_direction" v="right"/>
  </relation>
  <relation id="45119">
    <member type="way" role="left" ref="45117"/>
    <member type="way" role="right" ref="45118"/>
    <tag k="type" v="lanelet"/>
    <tag k="subtype" v="road"/>
    <tag k="speed_limit" v="3"/>
    <tag k="location" v="urban"/>
    <tag k="one_way" v="yes"/>
    <tag k="turn_direction" v="right"/>
  </relation>
  <relation id="45122">
    <member type="way" role="left" ref="45120"/>
    <member type="way" role="right" ref="45121"/>
    <tag k="type" v="lanelet"/>
    <tag k="subtype" v="road"/>
    <tag k="speed_limit" v="3"/>
    <tag k="location" v="urban"/>
    <tag k="one_way" v="yes"/>
  </relation>
  <relation id="45193">
    <member type="way" role="left" ref="45190"/>
    <member type="way" role="right" ref="45192"/>
    <tag k="type" v="lanelet"/>
    <tag k="subtype" v="road"/>
    <tag k="speed_limit" v="3"/>
    <tag k="location" v="urban"/>
    <tag k="one_way" v="yes"/>
    <tag k="turn_direction" v="right"/>
  </relation>
  <relation id="45196">
    <member type="way" role="left" ref="45194"/>
    <member type="way" role="right" ref="45195"/>
    <tag k="type" v="lanelet"/>
    <tag k="subtype" v="road"/>
    <tag k="speed_limit" v="8"/>
    <tag k="location" v="urban"/>
    <tag k="one_way" v="yes"/>
    <tag k="turn_direction" v="straight"/>
  </relation>
  <relation id="45215">
    <member type="way" role="left" ref="45216"/>
    <member type="way" role="right" ref="45217"/>
    <tag k="type" v="lanelet"/>
    <tag k="subtype" v="road"/>
    <tag k="speed_limit" v="5"/>
    <tag k="location" v="urban"/>
    <tag k="one_way" v="yes"/>
    <tag k="turn_direction" v="right"/>
  </relation>
  <relation id="45284">
    <member type="way" role="left" ref="45281"/>
    <member type="way" role="right" ref="45283"/>
    <tag k="type" v="lanelet"/>
    <tag k="subtype" v="road"/>
    <tag k="speed_limit" v="8"/>
    <tag k="location" v="urban"/>
    <tag k="one_way" v="yes"/>
  </relation>
  <relation id="45359">
    <member type="way" role="left" ref="45456"/>
    <member type="way" role="right" ref="45458"/>
    <tag k="type" v="lanelet"/>
    <tag k="subtype" v="road"/>
    <tag k="speed_limit" v="8"/>
    <tag k="location" v="urban"/>
    <tag k="one_way" v="yes"/>
    <tag k="turn_direction" v="straight"/>
  </relation>
  <relation id="45554">
    <member type="way" role="left" ref="45654"/>
    <member type="way" role="right" ref="45656"/>
    <tag k="type" v="lanelet"/>
    <tag k="subtype" v="road"/>
    <tag k="speed_limit" v="5"/>
    <tag k="location" v="urban"/>
    <tag k="one_way" v="yes"/>
    <tag k="turn_direction" v="right"/>
  </relation>
  <relation id="45774">
    <member type="way" role="left" ref="45772"/>
    <member type="way" role="right" ref="45773"/>
    <tag k="type" v="lanelet"/>
    <tag k="subtype" v="road"/>
    <tag k="speed_limit" v="8"/>
    <tag k="location" v="urban"/>
    <tag k="one_way" v="yes"/>
    <tag k="turn_direction" v="straight"/>
  </relation>
  <relation id="45878">
    <member type="way" role="left" ref="52309"/>
    <member type="way" role="right" ref="52310"/>
    <tag k="type" v="lanelet"/>
    <tag k="subtype" v="road"/>
    <tag k="speed_limit" v="8"/>
    <tag k="location" v="urban"/>
    <tag k="one_way" v="yes"/>
    <tag k="turn_direction" v="straight"/>
  </relation>
  <relation id="45902">
    <member type="way" role="left" ref="45905"/>
    <member type="way" role="right" ref="45907"/>
    <tag k="type" v="lanelet"/>
    <tag k="subtype" v="road"/>
    <tag k="speed_limit" v="8"/>
    <tag k="location" v="urban"/>
    <tag k="one_way" v="yes"/>
    <tag k="turn_direction" v="straight"/>
  </relation>
  <relation id="46033">
    <member type="way" role="left" ref="46031"/>
    <member type="way" role="right" ref="46032"/>
    <tag k="type" v="lanelet"/>
    <tag k="subtype" v="road"/>
    <tag k="speed_limit" v="5"/>
    <tag k="location" v="urban"/>
    <tag k="one_way" v="yes"/>
    <tag k="turn_direction" v="right"/>
  </relation>
  <relation id="46047">
    <member type="way" role="left" ref="46069"/>
    <member type="way" role="right" ref="46070"/>
    <tag k="type" v="lanelet"/>
    <tag k="subtype" v="road"/>
    <tag k="speed_limit" v="8"/>
    <tag k="location" v="urban"/>
    <tag k="one_way" v="yes"/>
    <tag k="turn_direction" v="left"/>
  </relation>
  <relation id="46094">
    <member type="way" role="left" ref="46091"/>
    <member type="way" role="right" ref="46093"/>
    <tag k="type" v="lanelet"/>
    <tag k="subtype" v="road"/>
    <tag k="speed_limit" v="8"/>
    <tag k="location" v="urban"/>
    <tag k="one_way" v="yes"/>
    <tag k="turn_direction" v="straight"/>
  </relation>
  <relation id="46097">
    <member type="way" role="left" ref="46095"/>
    <member type="way" role="right" ref="46096"/>
    <tag k="type" v="lanelet"/>
    <tag k="subtype" v="road"/>
    <tag k="speed_limit" v="8"/>
    <tag k="location" v="urban"/>
    <tag k="one_way" v="yes"/>
    <tag k="turn_direction" v="straight"/>
  </relation>
  <relation id="46188">
    <member type="way" role="left" ref="46186"/>
    <member type="way" role="right" ref="46187"/>
    <tag k="type" v="lanelet"/>
    <tag k="subtype" v="road"/>
    <tag k="speed_limit" v="8"/>
    <tag k="location" v="urban"/>
    <tag k="one_way" v="yes"/>
  </relation>
  <relation id="46427">
    <member type="way" role="left" ref="46424"/>
    <member type="way" role="right" ref="46426"/>
    <tag k="type" v="lanelet"/>
    <tag k="subtype" v="road"/>
    <tag k="speed_limit" v="8"/>
    <tag k="location" v="urban"/>
    <tag k="one_way" v="yes"/>
    <tag k="turn_direction" v="straight"/>
  </relation>
  <relation id="46449">
    <member type="way" role="left" ref="46447"/>
    <member type="way" role="right" ref="46448"/>
    <tag k="type" v="lanelet"/>
    <tag k="subtype" v="road"/>
    <tag k="speed_limit" v="5"/>
    <tag k="location" v="urban"/>
    <tag k="one_way" v="yes"/>
    <tag k="turn_direction" v="right"/>
  </relation>
  <relation id="46505">
    <member type="way" role="left" ref="48253"/>
    <member type="way" role="right" ref="48255"/>
    <tag k="type" v="lanelet"/>
    <tag k="subtype" v="road"/>
    <tag k="speed_limit" v="8"/>
    <tag k="location" v="urban"/>
    <tag k="one_way" v="yes"/>
    <tag k="turn_direction" v="straight"/>
  </relation>
  <relation id="46520">
    <member type="way" role="left" ref="46518"/>
    <member type="way" role="right" ref="46519"/>
    <tag k="type" v="lanelet"/>
    <tag k="subtype" v="road"/>
    <tag k="speed_limit" v="8"/>
    <tag k="location" v="urban"/>
    <tag k="one_way" v="yes"/>
    <tag k="turn_direction" v="straight"/>
  </relation>
  <relation id="46538">
    <member type="way" role="left" ref="46535"/>
    <member type="way" role="right" ref="46537"/>
    <tag k="type" v="lanelet"/>
    <tag k="subtype" v="road"/>
    <tag k="speed_limit" v="8"/>
    <tag k="location" v="urban"/>
    <tag k="one_way" v="yes"/>
    <tag k="turn_direction" v="straight"/>
  </relation>
  <relation id="46634">
    <member type="way" role="left" ref="46657"/>
    <member type="way" role="right" ref="46659"/>
    <tag k="type" v="lanelet"/>
    <tag k="subtype" v="road"/>
    <tag k="speed_limit" v="5"/>
    <tag k="location" v="urban"/>
    <tag k="one_way" v="yes"/>
    <tag k="turn_direction" v="right"/>
  </relation>
  <relation id="46754">
    <member type="way" role="left" ref="48921"/>
    <member type="way" role="right" ref="48922"/>
    <tag k="type" v="lanelet"/>
    <tag k="subtype" v="road"/>
    <tag k="speed_limit" v="8"/>
    <tag k="location" v="urban"/>
    <tag k="one_way" v="yes"/>
    <tag k="turn_direction" v="straight"/>
  </relation>
  <relation id="46761">
    <member type="way" role="left" ref="46758"/>
    <member type="way" role="right" ref="46760"/>
    <tag k="type" v="lanelet"/>
    <tag k="subtype" v="road"/>
    <tag k="speed_limit" v="5"/>
    <tag k="location" v="urban"/>
    <tag k="one_way" v="yes"/>
    <tag k="turn_direction" v="right"/>
  </relation>
  <relation id="46797">
    <member type="way" role="left" ref="46794"/>
    <member type="way" role="right" ref="46796"/>
    <tag k="type" v="lanelet"/>
    <tag k="subtype" v="road"/>
    <tag k="speed_limit" v="8"/>
    <tag k="location" v="urban"/>
    <tag k="one_way" v="yes"/>
    <tag k="turn_direction" v="straight"/>
  </relation>
  <relation id="46819">
    <member type="way" role="left" ref="49139"/>
    <member type="way" role="right" ref="49140"/>
    <tag k="type" v="lanelet"/>
    <tag k="subtype" v="road"/>
    <tag k="speed_limit" v="8"/>
    <tag k="location" v="urban"/>
    <tag k="one_way" v="yes"/>
    <tag k="turn_direction" v="straight"/>
  </relation>
  <relation id="46895">
    <member type="way" role="left" ref="46953"/>
    <member type="way" role="right" ref="46955"/>
    <tag k="type" v="lanelet"/>
    <tag k="subtype" v="road"/>
    <tag k="speed_limit" v="8"/>
    <tag k="location" v="urban"/>
    <tag k="one_way" v="yes"/>
  </relation>
  <relation id="46928">
    <member type="way" role="left" ref="46925"/>
    <member type="way" role="right" ref="46927"/>
    <tag k="type" v="lanelet"/>
    <tag k="subtype" v="road"/>
    <tag k="speed_limit" v="8"/>
    <tag k="location" v="urban"/>
    <tag k="one_way" v="yes"/>
    <tag k="turn_direction" v="straight"/>
  </relation>
  <relation id="46984">
    <member type="way" role="left" ref="47042"/>
    <member type="way" role="right" ref="47044"/>
    <tag k="type" v="lanelet"/>
    <tag k="subtype" v="road"/>
    <tag k="speed_limit" v="8"/>
    <tag k="location" v="urban"/>
    <tag k="one_way" v="yes"/>
    <tag k="turn_direction" v="straight"/>
  </relation>
  <relation id="47083">
    <member type="way" role="left" ref="47081"/>
    <member type="way" role="right" ref="47082"/>
    <tag k="type" v="lanelet"/>
    <tag k="subtype" v="road"/>
    <tag k="speed_limit" v="5"/>
    <tag k="location" v="urban"/>
    <tag k="one_way" v="yes"/>
    <tag k="turn_direction" v="right"/>
  </relation>
  <relation id="47094">
    <member type="way" role="left" ref="47092"/>
    <member type="way" role="right" ref="47093"/>
    <tag k="type" v="lanelet"/>
    <tag k="subtype" v="road"/>
    <tag k="speed_limit" v="5"/>
    <tag k="location" v="urban"/>
    <tag k="one_way" v="yes"/>
    <tag k="turn_direction" v="right"/>
  </relation>
  <relation id="47111">
    <member type="way" role="left" ref="47109"/>
    <member type="way" role="right" ref="47110"/>
    <tag k="type" v="lanelet"/>
    <tag k="subtype" v="road"/>
    <tag k="speed_limit" v="5"/>
    <tag k="location" v="urban"/>
    <tag k="one_way" v="yes"/>
    <tag k="turn_direction" v="left"/>
  </relation>
  <relation id="47114">
    <member type="way" role="left" ref="47112"/>
    <member type="way" role="right" ref="47113"/>
    <tag k="type" v="lanelet"/>
    <tag k="subtype" v="road"/>
    <tag k="speed_limit" v="8"/>
    <tag k="location" v="urban"/>
    <tag k="one_way" v="yes"/>
    <tag k="turn_direction" v="straight"/>
  </relation>
  <relation id="47285">
    <member type="way" role="left" ref="47283"/>
    <member type="way" role="right" ref="47284"/>
    <tag k="type" v="lanelet"/>
    <tag k="subtype" v="road"/>
    <tag k="speed_limit" v="5"/>
    <tag k="location" v="urban"/>
    <tag k="one_way" v="yes"/>
    <tag k="turn_direction" v="right"/>
  </relation>
  <relation id="47305">
    <member type="way" role="left" ref="47303"/>
    <member type="way" role="right" ref="47304"/>
    <tag k="type" v="lanelet"/>
    <tag k="subtype" v="road"/>
    <tag k="speed_limit" v="5"/>
    <tag k="location" v="urban"/>
    <tag k="one_way" v="yes"/>
    <tag k="turn_direction" v="left"/>
  </relation>
  <relation id="47338">
    <member type="way" role="left" ref="50841"/>
    <member type="way" role="right" ref="50842"/>
    <tag k="type" v="lanelet"/>
    <tag k="subtype" v="road"/>
    <tag k="speed_limit" v="8"/>
    <tag k="location" v="urban"/>
    <tag k="one_way" v="yes"/>
    <tag k="turn_direction" v="straight"/>
  </relation>
  <relation id="47367">
    <member type="way" role="left" ref="47365"/>
    <member type="way" role="right" ref="47366"/>
    <tag k="type" v="lanelet"/>
    <tag k="subtype" v="road"/>
    <tag k="speed_limit" v="8"/>
    <tag k="location" v="urban"/>
    <tag k="one_way" v="yes"/>
    <tag k="turn_direction" v="straight"/>
  </relation>
  <relation id="47370">
    <member type="way" role="left" ref="47368"/>
    <member type="way" role="right" ref="47369"/>
    <tag k="type" v="lanelet"/>
    <tag k="subtype" v="road"/>
    <tag k="speed_limit" v="8"/>
    <tag k="location" v="urban"/>
    <tag k="one_way" v="yes"/>
    <tag k="turn_direction" v="straight"/>
  </relation>
  <relation id="47373">
    <member type="way" role="left" ref="47371"/>
    <member type="way" role="right" ref="47372"/>
    <tag k="type" v="lanelet"/>
    <tag k="subtype" v="road"/>
    <tag k="speed_limit" v="8"/>
    <tag k="location" v="urban"/>
    <tag k="one_way" v="yes"/>
    <tag k="turn_direction" v="straight"/>
  </relation>
  <relation id="47445">
    <member type="way" role="left" ref="47442"/>
    <member type="way" role="right" ref="47444"/>
    <tag k="type" v="lanelet"/>
    <tag k="subtype" v="road"/>
    <tag k="speed_limit" v="5"/>
    <tag k="location" v="urban"/>
    <tag k="one_way" v="yes"/>
    <tag k="turn_direction" v="left"/>
  </relation>
  <relation id="47484">
    <member type="way" role="left" ref="47613"/>
    <member type="way" role="right" ref="47615"/>
    <tag k="type" v="lanelet"/>
    <tag k="subtype" v="road"/>
    <tag k="speed_limit" v="8"/>
    <tag k="location" v="urban"/>
    <tag k="one_way" v="yes"/>
    <tag k="turn_direction" v="straight"/>
  </relation>
  <relation id="47519">
    <member type="way" role="left" ref="47516"/>
    <member type="way" role="right" ref="47518"/>
    <tag k="type" v="lanelet"/>
    <tag k="subtype" v="road"/>
    <tag k="speed_limit" v="8"/>
    <tag k="location" v="urban"/>
    <tag k="one_way" v="yes"/>
    <tag k="turn_direction" v="straight"/>
  </relation>
  <relation id="47532">
    <member type="way" role="left" ref="47565"/>
    <member type="way" role="right" ref="47566"/>
    <tag k="type" v="lanelet"/>
    <tag k="subtype" v="road"/>
    <tag k="speed_limit" v="5"/>
    <tag k="location" v="urban"/>
    <tag k="one_way" v="yes"/>
    <tag k="turn_direction" v="right"/>
  </relation>
  <relation id="47547">
    <member type="way" role="left" ref="47545"/>
    <member type="way" role="right" ref="47546"/>
    <tag k="type" v="lanelet"/>
    <tag k="subtype" v="road"/>
    <tag k="speed_limit" v="5"/>
    <tag k="location" v="urban"/>
    <tag k="one_way" v="yes"/>
    <tag k="turn_direction" v="right"/>
  </relation>
  <relation id="47564">
    <member type="way" role="left" ref="47562"/>
    <member type="way" role="right" ref="47563"/>
    <tag k="type" v="lanelet"/>
    <tag k="subtype" v="road"/>
    <tag k="speed_limit" v="5"/>
    <tag k="location" v="urban"/>
    <tag k="one_way" v="yes"/>
    <tag k="turn_direction" v="right"/>
  </relation>
  <relation id="47594">
    <member type="way" role="left" ref="47591"/>
    <member type="way" role="right" ref="47593"/>
    <tag k="type" v="lanelet"/>
    <tag k="subtype" v="road"/>
    <tag k="speed_limit" v="5"/>
    <tag k="location" v="urban"/>
    <tag k="one_way" v="yes"/>
    <tag k="turn_direction" v="right"/>
  </relation>
  <relation id="47603">
    <member type="way" role="left" ref="47601"/>
    <member type="way" role="right" ref="47602"/>
    <tag k="type" v="lanelet"/>
    <tag k="subtype" v="road"/>
    <tag k="speed_limit" v="5"/>
    <tag k="location" v="urban"/>
    <tag k="one_way" v="yes"/>
    <tag k="turn_direction" v="right"/>
  </relation>
  <relation id="47610">
    <member type="way" role="left" ref="47607"/>
    <member type="way" role="right" ref="47609"/>
    <tag k="type" v="lanelet"/>
    <tag k="subtype" v="road"/>
    <tag k="speed_limit" v="8"/>
    <tag k="location" v="urban"/>
    <tag k="one_way" v="yes"/>
    <tag k="turn_direction" v="right"/>
  </relation>
  <relation id="47624">
    <member type="way" role="left" ref="47622"/>
    <member type="way" role="right" ref="47623"/>
    <tag k="type" v="lanelet"/>
    <tag k="subtype" v="road"/>
    <tag k="speed_limit" v="8"/>
    <tag k="location" v="urban"/>
    <tag k="one_way" v="yes"/>
    <tag k="turn_direction" v="straight"/>
  </relation>
  <relation id="47627">
    <member type="way" role="left" ref="47625"/>
    <member type="way" role="right" ref="47626"/>
    <tag k="type" v="lanelet"/>
    <tag k="subtype" v="road"/>
    <tag k="speed_limit" v="8"/>
    <tag k="location" v="urban"/>
    <tag k="one_way" v="yes"/>
    <tag k="turn_direction" v="straight"/>
  </relation>
  <relation id="47648">
    <member type="way" role="left" ref="47646"/>
    <member type="way" role="right" ref="47647"/>
    <tag k="type" v="lanelet"/>
    <tag k="subtype" v="road"/>
    <tag k="speed_limit" v="5"/>
    <tag k="location" v="urban"/>
    <tag k="one_way" v="yes"/>
    <tag k="turn_direction" v="right"/>
  </relation>
  <relation id="47658">
    <member type="way" role="left" ref="47656"/>
    <member type="way" role="right" ref="47657"/>
    <tag k="type" v="lanelet"/>
    <tag k="subtype" v="road"/>
    <tag k="speed_limit" v="10"/>
    <tag k="location" v="urban"/>
    <tag k="one_way" v="yes"/>
    <tag k="turn_direction" v="straight"/>
  </relation>
  <relation id="47676">
    <member type="way" role="left" ref="48246"/>
    <member type="way" role="right" ref="48248"/>
    <tag k="type" v="lanelet"/>
    <tag k="subtype" v="road"/>
    <tag k="speed_limit" v="8"/>
    <tag k="location" v="urban"/>
    <tag k="one_way" v="yes"/>
    <tag k="turn_direction" v="straight"/>
  </relation>
  <relation id="47683">
    <member type="way" role="left" ref="51981"/>
    <member type="way" role="right" ref="51983"/>
    <tag k="type" v="lanelet"/>
    <tag k="subtype" v="road"/>
    <tag k="speed_limit" v="5"/>
    <tag k="location" v="urban"/>
    <tag k="one_way" v="yes"/>
    <tag k="turn_direction" v="left"/>
  </relation>
  <relation id="47718">
    <member type="way" role="left" ref="47717"/>
    <member type="way" role="right" ref="47714"/>
    <tag k="type" v="lanelet"/>
    <tag k="subtype" v="road"/>
    <tag k="speed_limit" v="5"/>
    <tag k="location" v="urban"/>
    <tag k="one_way" v="yes"/>
    <tag k="turn_direction" v="right"/>
  </relation>
  <relation id="47773">
    <member type="way" role="left" ref="47772"/>
    <member type="way" role="right" ref="47769"/>
    <tag k="type" v="lanelet"/>
    <tag k="subtype" v="road"/>
    <tag k="speed_limit" v="8"/>
    <tag k="location" v="urban"/>
    <tag k="one_way" v="yes"/>
    <tag k="turn_direction" v="straight"/>
  </relation>
  <relation id="47780">
    <member type="way" role="left" ref="47848"/>
    <member type="way" role="right" ref="47850"/>
    <tag k="type" v="lanelet"/>
    <tag k="subtype" v="road"/>
    <tag k="speed_limit" v="8"/>
    <tag k="location" v="urban"/>
    <tag k="one_way" v="yes"/>
    <tag k="turn_direction" v="straight"/>
  </relation>
  <relation id="47783">
    <member type="way" role="left" ref="47781"/>
    <member type="way" role="right" ref="47782"/>
    <tag k="type" v="lanelet"/>
    <tag k="subtype" v="road"/>
    <tag k="speed_limit" v="8"/>
    <tag k="location" v="urban"/>
    <tag k="one_way" v="yes"/>
    <tag k="turn_direction" v="straight"/>
  </relation>
  <relation id="47806">
    <member type="way" role="left" ref="47991"/>
    <member type="way" role="right" ref="47993"/>
    <tag k="type" v="lanelet"/>
    <tag k="subtype" v="road"/>
    <tag k="speed_limit" v="5"/>
    <tag k="location" v="urban"/>
    <tag k="one_way" v="yes"/>
    <tag k="turn_direction" v="right"/>
  </relation>
  <relation id="47909">
    <member type="way" role="left" ref="47941"/>
    <member type="way" role="right" ref="47942"/>
    <tag k="type" v="lanelet"/>
    <tag k="subtype" v="road"/>
    <tag k="speed_limit" v="5"/>
    <tag k="location" v="urban"/>
    <tag k="one_way" v="yes"/>
    <tag k="turn_direction" v="right"/>
  </relation>
  <relation id="47995">
    <member type="way" role="left" ref="47992"/>
    <member type="way" role="right" ref="47994"/>
    <tag k="type" v="lanelet"/>
    <tag k="subtype" v="road"/>
    <tag k="speed_limit" v="8"/>
    <tag k="location" v="urban"/>
    <tag k="one_way" v="yes"/>
    <tag k="turn_direction" v="straight"/>
  </relation>
  <relation id="48007">
    <member type="way" role="left" ref="48011"/>
    <member type="way" role="right" ref="48012"/>
    <tag k="type" v="lanelet"/>
    <tag k="subtype" v="road"/>
    <tag k="speed_limit" v="8"/>
    <tag k="location" v="urban"/>
    <tag k="one_way" v="yes"/>
    <tag k="turn_direction" v="straight"/>
  </relation>
  <relation id="48160">
    <member type="way" role="left" ref="48157"/>
    <member type="way" role="right" ref="48159"/>
    <tag k="type" v="lanelet"/>
    <tag k="subtype" v="road"/>
    <tag k="speed_limit" v="8"/>
    <tag k="location" v="urban"/>
    <tag k="one_way" v="yes"/>
    <tag k="turn_direction" v="straight"/>
  </relation>
  <relation id="48171">
    <member type="way" role="left" ref="48169"/>
    <member type="way" role="right" ref="48170"/>
    <tag k="type" v="lanelet"/>
    <tag k="subtype" v="road"/>
    <tag k="speed_limit" v="5"/>
    <tag k="location" v="urban"/>
    <tag k="one_way" v="yes"/>
    <tag k="turn_direction" v="right"/>
  </relation>
  <relation id="48186">
    <member type="way" role="left" ref="48184"/>
    <member type="way" role="right" ref="48185"/>
    <tag k="type" v="lanelet"/>
    <tag k="subtype" v="road"/>
    <tag k="speed_limit" v="5"/>
    <tag k="location" v="urban"/>
    <tag k="one_way" v="yes"/>
    <tag k="turn_direction" v="left"/>
  </relation>
  <relation id="48189">
    <member type="way" role="left" ref="48187"/>
    <member type="way" role="right" ref="48188"/>
    <tag k="type" v="lanelet"/>
    <tag k="subtype" v="road"/>
    <tag k="speed_limit" v="8"/>
    <tag k="location" v="urban"/>
    <tag k="one_way" v="yes"/>
    <tag k="turn_direction" v="straight"/>
  </relation>
  <relation id="48220">
    <member type="way" role="left" ref="48221"/>
    <member type="way" role="right" ref="48222"/>
    <tag k="type" v="lanelet"/>
    <tag k="subtype" v="road"/>
    <tag k="speed_limit" v="8"/>
    <tag k="location" v="urban"/>
    <tag k="one_way" v="yes"/>
    <tag k="turn_direction" v="straight"/>
  </relation>
  <relation id="48243">
    <member type="way" role="left" ref="48241"/>
    <member type="way" role="right" ref="48242"/>
    <tag k="type" v="lanelet"/>
    <tag k="subtype" v="road"/>
    <tag k="speed_limit" v="5"/>
    <tag k="location" v="urban"/>
    <tag k="one_way" v="yes"/>
    <tag k="turn_direction" v="left"/>
  </relation>
  <relation id="48250">
    <member type="way" role="left" ref="51977"/>
    <member type="way" role="right" ref="51978"/>
    <tag k="type" v="lanelet"/>
    <tag k="subtype" v="road"/>
    <tag k="speed_limit" v="5"/>
    <tag k="location" v="urban"/>
    <tag k="one_way" v="yes"/>
    <tag k="turn_direction" v="left"/>
  </relation>
  <relation id="48257">
    <member type="way" role="left" ref="48254"/>
    <member type="way" role="right" ref="48256"/>
    <tag k="type" v="lanelet"/>
    <tag k="subtype" v="road"/>
    <tag k="speed_limit" v="8"/>
    <tag k="location" v="urban"/>
    <tag k="one_way" v="yes"/>
    <tag k="turn_direction" v="straight"/>
  </relation>
  <relation id="48399">
    <member type="way" role="left" ref="48396"/>
    <member type="way" role="right" ref="48398"/>
    <tag k="type" v="lanelet"/>
    <tag k="subtype" v="road"/>
    <tag k="speed_limit" v="8"/>
    <tag k="location" v="urban"/>
    <tag k="one_way" v="yes"/>
    <tag k="turn_direction" v="straight"/>
  </relation>
  <relation id="48409">
    <member type="way" role="left" ref="48410"/>
    <member type="way" role="right" ref="48411"/>
    <tag k="type" v="lanelet"/>
    <tag k="subtype" v="road"/>
    <tag k="speed_limit" v="3"/>
    <tag k="location" v="urban"/>
    <tag k="one_way" v="yes"/>
    <tag k="turn_direction" v="left"/>
  </relation>
  <relation id="48414">
    <member type="way" role="left" ref="48412"/>
    <member type="way" role="right" ref="48413"/>
    <tag k="type" v="lanelet"/>
    <tag k="subtype" v="road"/>
    <tag k="speed_limit" v="5"/>
    <tag k="location" v="urban"/>
    <tag k="one_way" v="yes"/>
    <tag k="turn_direction" v="straight"/>
  </relation>
  <relation id="48453">
    <member type="way" role="left" ref="48478"/>
    <member type="way" role="right" ref="48479"/>
    <tag k="type" v="lanelet"/>
    <tag k="subtype" v="road"/>
    <tag k="speed_limit" v="5"/>
    <tag k="location" v="urban"/>
    <tag k="one_way" v="yes"/>
    <tag k="turn_direction" v="left"/>
  </relation>
  <relation id="48456">
    <member type="way" role="left" ref="48503"/>
    <member type="way" role="right" ref="48505"/>
    <tag k="type" v="lanelet"/>
    <tag k="subtype" v="road"/>
    <tag k="speed_limit" v="8"/>
    <tag k="location" v="urban"/>
    <tag k="one_way" v="yes"/>
    <tag k="turn_direction" v="straight"/>
  </relation>
  <relation id="48507">
    <member type="way" role="left" ref="48504"/>
    <member type="way" role="right" ref="48506"/>
    <tag k="type" v="lanelet"/>
    <tag k="subtype" v="road"/>
    <tag k="speed_limit" v="8"/>
    <tag k="location" v="urban"/>
    <tag k="one_way" v="yes"/>
    <tag k="turn_direction" v="left"/>
  </relation>
  <relation id="48657">
    <member type="way" role="left" ref="48655"/>
    <member type="way" role="right" ref="48656"/>
    <tag k="type" v="lanelet"/>
    <tag k="subtype" v="road"/>
    <tag k="speed_limit" v="8"/>
    <tag k="location" v="urban"/>
    <tag k="one_way" v="yes"/>
    <tag k="turn_direction" v="straight"/>
  </relation>
  <relation id="48673">
    <member type="way" role="left" ref="48670"/>
    <member type="way" role="right" ref="48672"/>
    <tag k="type" v="lanelet"/>
    <tag k="subtype" v="road"/>
    <tag k="speed_limit" v="8"/>
    <tag k="location" v="urban"/>
    <tag k="one_way" v="yes"/>
    <tag k="turn_direction" v="straight"/>
  </relation>
  <relation id="48746">
    <member type="way" role="left" ref="48744"/>
    <member type="way" role="right" ref="48745"/>
    <tag k="type" v="lanelet"/>
    <tag k="subtype" v="road"/>
    <tag k="speed_limit" v="6"/>
    <tag k="location" v="urban"/>
    <tag k="one_way" v="yes"/>
    <tag k="turn_direction" v="right"/>
  </relation>
  <relation id="48809">
    <member type="way" role="left" ref="48807"/>
    <member type="way" role="right" ref="48808"/>
    <tag k="type" v="lanelet"/>
    <tag k="subtype" v="road"/>
    <tag k="speed_limit" v="5"/>
    <tag k="location" v="urban"/>
    <tag k="one_way" v="yes"/>
    <tag k="turn_direction" v="right"/>
  </relation>
  <relation id="48885">
    <member type="way" role="left" ref="48882"/>
    <member type="way" role="right" ref="48884"/>
    <tag k="type" v="lanelet"/>
    <tag k="subtype" v="road"/>
    <tag k="speed_limit" v="8"/>
    <tag k="location" v="urban"/>
    <tag k="one_way" v="yes"/>
    <tag k="turn_direction" v="straight"/>
  </relation>
  <relation id="48918">
    <member type="way" role="left" ref="48916"/>
    <member type="way" role="right" ref="48917"/>
    <tag k="type" v="lanelet"/>
    <tag k="subtype" v="road"/>
    <tag k="speed_limit" v="8"/>
    <tag k="location" v="urban"/>
    <tag k="one_way" v="yes"/>
    <tag k="turn_direction" v="left"/>
  </relation>
  <relation id="49122">
    <member type="way" role="left" ref="49162"/>
    <member type="way" role="right" ref="49163"/>
    <tag k="type" v="lanelet"/>
    <tag k="subtype" v="road"/>
    <tag k="speed_limit" v="5"/>
    <tag k="location" v="urban"/>
    <tag k="one_way" v="yes"/>
    <tag k="turn_direction" v="left"/>
  </relation>
  <relation id="49168">
    <member type="way" role="left" ref="49166"/>
    <member type="way" role="right" ref="49167"/>
    <tag k="type" v="lanelet"/>
    <tag k="subtype" v="road"/>
    <tag k="speed_limit" v="8"/>
    <tag k="location" v="urban"/>
    <tag k="one_way" v="yes"/>
    <tag k="turn_direction" v="straight"/>
  </relation>
  <relation id="49187">
    <member type="way" role="left" ref="49185"/>
    <member type="way" role="right" ref="49186"/>
    <tag k="type" v="lanelet"/>
    <tag k="subtype" v="road"/>
    <tag k="speed_limit" v="5"/>
    <tag k="location" v="urban"/>
    <tag k="one_way" v="yes"/>
    <tag k="turn_direction" v="left"/>
  </relation>
  <relation id="49196">
    <member type="way" role="left" ref="49194"/>
    <member type="way" role="right" ref="49195"/>
    <tag k="type" v="lanelet"/>
    <tag k="subtype" v="road"/>
    <tag k="speed_limit" v="5"/>
    <tag k="location" v="urban"/>
    <tag k="one_way" v="yes"/>
    <tag k="turn_direction" v="right"/>
  </relation>
  <relation id="49203">
    <member type="way" role="left" ref="49200"/>
    <member type="way" role="right" ref="49202"/>
    <tag k="type" v="lanelet"/>
    <tag k="subtype" v="road"/>
    <tag k="speed_limit" v="8"/>
    <tag k="location" v="urban"/>
    <tag k="one_way" v="yes"/>
    <tag k="turn_direction" v="right"/>
  </relation>
  <relation id="49216">
    <member type="way" role="left" ref="49214"/>
    <member type="way" role="right" ref="49215"/>
    <tag k="type" v="lanelet"/>
    <tag k="subtype" v="road"/>
    <tag k="speed_limit" v="8"/>
    <tag k="location" v="urban"/>
    <tag k="one_way" v="yes"/>
    <tag k="turn_direction" v="straight"/>
  </relation>
  <relation id="49247">
    <member type="way" role="left" ref="49245"/>
    <member type="way" role="right" ref="49246"/>
    <tag k="type" v="lanelet"/>
    <tag k="subtype" v="road"/>
    <tag k="speed_limit" v="5"/>
    <tag k="location" v="urban"/>
    <tag k="one_way" v="yes"/>
    <tag k="turn_direction" v="left"/>
  </relation>
  <relation id="49255">
    <member type="way" role="left" ref="49252"/>
    <member type="way" role="right" ref="49254"/>
    <tag k="type" v="lanelet"/>
    <tag k="subtype" v="road"/>
    <tag k="speed_limit" v="5"/>
    <tag k="location" v="urban"/>
    <tag k="one_way" v="yes"/>
    <tag k="turn_direction" v="right"/>
  </relation>
  <relation id="49273">
    <member type="way" role="left" ref="49271"/>
    <member type="way" role="right" ref="49272"/>
    <tag k="type" v="lanelet"/>
    <tag k="subtype" v="road"/>
    <tag k="speed_limit" v="5"/>
    <tag k="location" v="urban"/>
    <tag k="one_way" v="yes"/>
    <tag k="turn_direction" v="right"/>
  </relation>
  <relation id="49438">
    <member type="way" role="left" ref="49441"/>
    <member type="way" role="right" ref="49443"/>
    <tag k="type" v="lanelet"/>
    <tag k="subtype" v="road"/>
    <tag k="speed_limit" v="5"/>
    <tag k="location" v="urban"/>
    <tag k="one_way" v="yes"/>
    <tag k="turn_direction" v="right"/>
  </relation>
  <relation id="49470">
    <member type="way" role="left" ref="49468"/>
    <member type="way" role="right" ref="49469"/>
    <tag k="type" v="lanelet"/>
    <tag k="subtype" v="road"/>
    <tag k="speed_limit" v="5"/>
    <tag k="location" v="urban"/>
    <tag k="one_way" v="yes"/>
    <tag k="turn_direction" v="left"/>
  </relation>
  <relation id="49514">
    <member type="way" role="left" ref="49511"/>
    <member type="way" role="right" ref="49513"/>
    <tag k="type" v="lanelet"/>
    <tag k="subtype" v="road"/>
    <tag k="speed_limit" v="8"/>
    <tag k="location" v="urban"/>
    <tag k="one_way" v="yes"/>
    <tag k="turn_direction" v="straight"/>
  </relation>
  <relation id="49571">
    <member type="way" role="left" ref="49569"/>
    <member type="way" role="right" ref="49570"/>
    <tag k="type" v="lanelet"/>
    <tag k="subtype" v="road"/>
    <tag k="speed_limit" v="5"/>
    <tag k="location" v="urban"/>
    <tag k="one_way" v="yes"/>
    <tag k="turn_direction" v="left"/>
  </relation>
  <relation id="49619">
    <member type="way" role="left" ref="49877"/>
    <member type="way" role="right" ref="49878"/>
    <tag k="type" v="lanelet"/>
    <tag k="subtype" v="road"/>
    <tag k="speed_limit" v="8"/>
    <tag k="location" v="urban"/>
    <tag k="one_way" v="yes"/>
    <tag k="turn_direction" v="straight"/>
  </relation>
  <relation id="49644">
    <member type="way" role="left" ref="49875"/>
    <member type="way" role="right" ref="49876"/>
    <tag k="type" v="lanelet"/>
    <tag k="subtype" v="road"/>
    <tag k="speed_limit" v="8"/>
    <tag k="location" v="urban"/>
    <tag k="one_way" v="yes"/>
    <tag k="turn_direction" v="straight"/>
  </relation>
  <relation id="49830">
    <member type="way" role="left" ref="52194"/>
    <member type="way" role="right" ref="52195"/>
    <tag k="type" v="lanelet"/>
    <tag k="subtype" v="road"/>
    <tag k="speed_limit" v="5"/>
    <tag k="location" v="urban"/>
    <tag k="one_way" v="yes"/>
    <tag k="turn_direction" v="right"/>
  </relation>
  <relation id="49838">
    <member type="way" role="left" ref="49835"/>
    <member type="way" role="right" ref="49837"/>
    <tag k="type" v="lanelet"/>
    <tag k="subtype" v="road"/>
    <tag k="speed_limit" v="5"/>
    <tag k="location" v="urban"/>
    <tag k="one_way" v="yes"/>
    <tag k="turn_direction" v="left"/>
  </relation>
  <relation id="49868">
    <member type="way" role="left" ref="49866"/>
    <member type="way" role="right" ref="49867"/>
    <tag k="type" v="lanelet"/>
    <tag k="subtype" v="road"/>
    <tag k="speed_limit" v="5"/>
    <tag k="location" v="urban"/>
    <tag k="one_way" v="yes"/>
    <tag k="turn_direction" v="right"/>
  </relation>
  <relation id="49941">
    <member type="way" role="left" ref="49938"/>
    <member type="way" role="right" ref="49940"/>
    <tag k="type" v="lanelet"/>
    <tag k="subtype" v="road"/>
    <tag k="speed_limit" v="8"/>
    <tag k="location" v="urban"/>
    <tag k="one_way" v="yes"/>
    <tag k="turn_direction" v="straight"/>
  </relation>
  <relation id="49948">
    <member type="way" role="left" ref="49945"/>
    <member type="way" role="right" ref="49947"/>
    <tag k="type" v="lanelet"/>
    <tag k="subtype" v="road"/>
    <tag k="speed_limit" v="8"/>
    <tag k="location" v="urban"/>
    <tag k="one_way" v="yes"/>
    <tag k="turn_direction" v="straight"/>
  </relation>
  <relation id="50000">
    <member type="way" role="left" ref="49998"/>
    <member type="way" role="right" ref="49999"/>
    <tag k="type" v="lanelet"/>
    <tag k="subtype" v="road"/>
    <tag k="speed_limit" v="3"/>
    <tag k="location" v="urban"/>
    <tag k="one_way" v="yes"/>
    <tag k="turn_direction" v="right"/>
  </relation>
  <relation id="50007">
    <member type="way" role="left" ref="50004"/>
    <member type="way" role="right" ref="50006"/>
    <tag k="type" v="lanelet"/>
    <tag k="subtype" v="road"/>
    <tag k="speed_limit" v="8"/>
    <tag k="location" v="urban"/>
    <tag k="one_way" v="yes"/>
    <tag k="turn_direction" v="straight"/>
  </relation>
  <relation id="50014">
    <member type="way" role="left" ref="50011"/>
    <member type="way" role="right" ref="50013"/>
    <tag k="type" v="lanelet"/>
    <tag k="subtype" v="road"/>
    <tag k="speed_limit" v="8"/>
    <tag k="location" v="urban"/>
    <tag k="one_way" v="yes"/>
    <tag k="turn_direction" v="straight"/>
  </relation>
  <relation id="50017">
    <member type="way" role="left" ref="50015"/>
    <member type="way" role="right" ref="50016"/>
    <tag k="type" v="lanelet"/>
    <tag k="subtype" v="road"/>
    <tag k="speed_limit" v="3"/>
    <tag k="location" v="urban"/>
    <tag k="one_way" v="yes"/>
    <tag k="turn_direction" v="right"/>
  </relation>
  <relation id="50020">
    <member type="way" role="left" ref="50018"/>
    <member type="way" role="right" ref="50019"/>
    <tag k="type" v="lanelet"/>
    <tag k="subtype" v="road"/>
    <tag k="speed_limit" v="3"/>
    <tag k="location" v="urban"/>
    <tag k="one_way" v="yes"/>
    <tag k="turn_direction" v="right"/>
  </relation>
  <relation id="50023">
    <member type="way" role="left" ref="50021"/>
    <member type="way" role="right" ref="50022"/>
    <tag k="type" v="lanelet"/>
    <tag k="subtype" v="road"/>
    <tag k="speed_limit" v="8"/>
    <tag k="location" v="urban"/>
    <tag k="one_way" v="yes"/>
    <tag k="turn_direction" v="straight"/>
  </relation>
  <relation id="50073">
    <member type="way" role="left" ref="50392"/>
    <member type="way" role="right" ref="50394"/>
    <tag k="type" v="lanelet"/>
    <tag k="subtype" v="road"/>
    <tag k="speed_limit" v="5"/>
    <tag k="location" v="urban"/>
    <tag k="one_way" v="yes"/>
    <tag k="turn_direction" v="left"/>
  </relation>
  <relation id="50083">
    <member type="way" role="left" ref="50360"/>
    <member type="way" role="right" ref="50361"/>
    <tag k="type" v="lanelet"/>
    <tag k="subtype" v="road"/>
    <tag k="speed_limit" v="8"/>
    <tag k="location" v="urban"/>
    <tag k="one_way" v="yes"/>
    <tag k="turn_direction" v="straight"/>
  </relation>
  <relation id="50259">
    <member type="way" role="left" ref="50283"/>
    <member type="way" role="right" ref="50285"/>
    <tag k="type" v="lanelet"/>
    <tag k="subtype" v="road"/>
    <tag k="speed_limit" v="5"/>
    <tag k="location" v="urban"/>
    <tag k="one_way" v="yes"/>
    <tag k="turn_direction" v="left"/>
  </relation>
  <relation id="50290">
    <member type="way" role="left" ref="50291"/>
    <member type="way" role="right" ref="50292"/>
    <tag k="type" v="lanelet"/>
    <tag k="subtype" v="road"/>
    <tag k="speed_limit" v="5"/>
    <tag k="location" v="urban"/>
    <tag k="one_way" v="yes"/>
  </relation>
  <relation id="50347">
    <member type="way" role="left" ref="50348"/>
    <member type="way" role="right" ref="50349"/>
    <tag k="type" v="lanelet"/>
    <tag k="subtype" v="road"/>
    <tag k="speed_limit" v="5"/>
    <tag k="location" v="urban"/>
    <tag k="one_way" v="yes"/>
    <tag k="turn_direction" v="left"/>
  </relation>
  <relation id="50375">
    <member type="way" role="left" ref="50400"/>
    <member type="way" role="right" ref="50401"/>
    <tag k="type" v="lanelet"/>
    <tag k="subtype" v="road"/>
    <tag k="speed_limit" v="5"/>
    <tag k="location" v="urban"/>
    <tag k="one_way" v="yes"/>
    <tag k="turn_direction" v="left"/>
  </relation>
  <relation id="50404">
    <member type="way" role="left" ref="50402"/>
    <member type="way" role="right" ref="50403"/>
    <tag k="type" v="lanelet"/>
    <tag k="subtype" v="road"/>
    <tag k="speed_limit" v="5"/>
    <tag k="location" v="urban"/>
    <tag k="one_way" v="yes"/>
    <tag k="turn_direction" v="left"/>
  </relation>
  <relation id="50520">
    <member type="way" role="left" ref="50518"/>
    <member type="way" role="right" ref="50519"/>
    <tag k="type" v="lanelet"/>
    <tag k="subtype" v="road"/>
    <tag k="speed_limit" v="5"/>
    <tag k="location" v="urban"/>
    <tag k="one_way" v="yes"/>
    <tag k="turn_direction" v="left"/>
  </relation>
  <relation id="50607">
    <member type="way" role="left" ref="50604"/>
    <member type="way" role="right" ref="50606"/>
    <tag k="type" v="lanelet"/>
    <tag k="subtype" v="road"/>
    <tag k="speed_limit" v="5"/>
    <tag k="location" v="urban"/>
    <tag k="one_way" v="yes"/>
    <tag k="turn_direction" v="left"/>
  </relation>
  <relation id="50624">
    <member type="way" role="left" ref="50632"/>
    <member type="way" role="right" ref="50633"/>
    <tag k="type" v="lanelet"/>
    <tag k="subtype" v="road"/>
    <tag k="speed_limit" v="5"/>
    <tag k="location" v="urban"/>
    <tag k="one_way" v="yes"/>
    <tag k="turn_direction" v="left"/>
  </relation>
  <relation id="50663">
    <member type="way" role="left" ref="50668"/>
    <member type="way" role="right" ref="50670"/>
    <tag k="type" v="lanelet"/>
    <tag k="subtype" v="road"/>
    <tag k="speed_limit" v="5"/>
    <tag k="location" v="urban"/>
    <tag k="one_way" v="yes"/>
    <tag k="turn_direction" v="right"/>
  </relation>
  <relation id="50672">
    <member type="way" role="left" ref="52340"/>
    <member type="way" role="right" ref="52342"/>
    <tag k="type" v="lanelet"/>
    <tag k="subtype" v="road"/>
    <tag k="speed_limit" v="5"/>
    <tag k="location" v="urban"/>
    <tag k="one_way" v="yes"/>
    <tag k="turn_direction" v="left"/>
  </relation>
  <relation id="50699">
    <member type="way" role="left" ref="50731"/>
    <member type="way" role="right" ref="50733"/>
    <tag k="type" v="lanelet"/>
    <tag k="subtype" v="road"/>
    <tag k="speed_limit" v="10"/>
    <tag k="location" v="urban"/>
    <tag k="one_way" v="yes"/>
  </relation>
  <relation id="50713">
    <member type="way" role="left" ref="50741"/>
    <member type="way" role="right" ref="50742"/>
    <tag k="type" v="lanelet"/>
    <tag k="subtype" v="road"/>
    <tag k="speed_limit" v="8"/>
    <tag k="location" v="urban"/>
    <tag k="one_way" v="yes"/>
    <tag k="turn_direction" v="straight"/>
  </relation>
  <relation id="50735">
    <member type="way" role="left" ref="50743"/>
    <member type="way" role="right" ref="50744"/>
    <tag k="type" v="lanelet"/>
    <tag k="subtype" v="road"/>
    <tag k="speed_limit" v="8"/>
    <tag k="location" v="urban"/>
    <tag k="one_way" v="yes"/>
    <tag k="turn_direction" v="straight"/>
  </relation>
  <relation id="50751">
    <member type="way" role="left" ref="50749"/>
    <member type="way" role="right" ref="50750"/>
    <tag k="type" v="lanelet"/>
    <tag k="subtype" v="road"/>
    <tag k="speed_limit" v="8"/>
    <tag k="location" v="urban"/>
    <tag k="one_way" v="yes"/>
    <tag k="turn_direction" v="straight"/>
  </relation>
  <relation id="50754">
    <member type="way" role="left" ref="50755"/>
    <member type="way" role="right" ref="50756"/>
    <tag k="type" v="lanelet"/>
    <tag k="subtype" v="road"/>
    <tag k="speed_limit" v="10"/>
    <tag k="location" v="urban"/>
    <tag k="one_way" v="yes"/>
  </relation>
  <relation id="50827">
    <member type="way" role="left" ref="50825"/>
    <member type="way" role="right" ref="50826"/>
    <tag k="type" v="lanelet"/>
    <tag k="subtype" v="road"/>
    <tag k="speed_limit" v="5"/>
    <tag k="location" v="urban"/>
    <tag k="one_way" v="yes"/>
    <tag k="turn_direction" v="left"/>
  </relation>
  <relation id="50840">
    <member type="way" role="left" ref="50838"/>
    <member type="way" role="right" ref="50839"/>
    <tag k="type" v="lanelet"/>
    <tag k="subtype" v="road"/>
    <tag k="speed_limit" v="8"/>
    <tag k="location" v="urban"/>
    <tag k="one_way" v="yes"/>
    <tag k="turn_direction" v="straight"/>
  </relation>
  <relation id="50845">
    <member type="way" role="left" ref="50846"/>
    <member type="way" role="right" ref="50847"/>
    <tag k="type" v="lanelet"/>
    <tag k="subtype" v="road"/>
    <tag k="speed_limit" v="8"/>
    <tag k="location" v="urban"/>
    <tag k="one_way" v="yes"/>
    <tag k="turn_direction" v="straight"/>
  </relation>
  <relation id="50868">
    <member type="way" role="left" ref="50866"/>
    <member type="way" role="right" ref="50867"/>
    <tag k="type" v="lanelet"/>
    <tag k="subtype" v="road"/>
    <tag k="speed_limit" v="8"/>
    <tag k="location" v="urban"/>
    <tag k="one_way" v="yes"/>
    <tag k="turn_direction" v="straight"/>
  </relation>
  <relation id="50871">
    <member type="way" role="left" ref="50869"/>
    <member type="way" role="right" ref="50870"/>
    <tag k="type" v="lanelet"/>
    <tag k="subtype" v="road"/>
    <tag k="speed_limit" v="8"/>
    <tag k="location" v="urban"/>
    <tag k="one_way" v="yes"/>
    <tag k="turn_direction" v="straight"/>
  </relation>
  <relation id="50874">
    <member type="way" role="left" ref="50872"/>
    <member type="way" role="right" ref="50873"/>
    <tag k="type" v="lanelet"/>
    <tag k="subtype" v="road"/>
    <tag k="speed_limit" v="8"/>
    <tag k="location" v="urban"/>
    <tag k="one_way" v="yes"/>
    <tag k="turn_direction" v="straight"/>
  </relation>
  <relation id="50936">
    <member type="way" role="left" ref="50934"/>
    <member type="way" role="right" ref="50935"/>
    <tag k="type" v="lanelet"/>
    <tag k="subtype" v="road"/>
    <tag k="speed_limit" v="5"/>
    <tag k="location" v="urban"/>
    <tag k="one_way" v="yes"/>
    <tag k="turn_direction" v="right"/>
  </relation>
  <relation id="50943">
    <member type="way" role="left" ref="50940"/>
    <member type="way" role="right" ref="50942"/>
    <tag k="type" v="lanelet"/>
    <tag k="subtype" v="road"/>
    <tag k="speed_limit" v="5"/>
    <tag k="location" v="urban"/>
    <tag k="one_way" v="yes"/>
    <tag k="turn_direction" v="right"/>
  </relation>
  <relation id="51024">
    <member type="way" role="left" ref="51022"/>
    <member type="way" role="right" ref="51023"/>
    <tag k="type" v="lanelet"/>
    <tag k="subtype" v="road"/>
    <tag k="speed_limit" v="5"/>
    <tag k="location" v="urban"/>
    <tag k="one_way" v="yes"/>
    <tag k="turn_direction" v="right"/>
  </relation>
  <relation id="51117">
    <member type="way" role="left" ref="51114"/>
    <member type="way" role="right" ref="51116"/>
    <tag k="type" v="lanelet"/>
    <tag k="subtype" v="road"/>
    <tag k="speed_limit" v="5"/>
    <tag k="location" v="urban"/>
    <tag k="one_way" v="yes"/>
    <tag k="turn_direction" v="left"/>
  </relation>
  <relation id="51164">
    <member type="way" role="left" ref="51163"/>
    <member type="way" role="right" ref="51160"/>
    <tag k="type" v="lanelet"/>
    <tag k="subtype" v="road"/>
    <tag k="speed_limit" v="10"/>
    <tag k="location" v="urban"/>
    <tag k="one_way" v="yes"/>
  </relation>
  <relation id="51174">
    <member type="way" role="left" ref="51171"/>
    <member type="way" role="right" ref="51173"/>
    <tag k="type" v="lanelet"/>
    <tag k="subtype" v="road"/>
    <tag k="speed_limit" v="8"/>
    <tag k="location" v="urban"/>
    <tag k="one_way" v="yes"/>
    <tag k="turn_direction" v="straight"/>
  </relation>
  <relation id="51226">
    <member type="way" role="left" ref="51229"/>
    <member type="way" role="right" ref="51231"/>
    <tag k="type" v="lanelet"/>
    <tag k="subtype" v="road"/>
    <tag k="speed_limit" v="8"/>
    <tag k="location" v="urban"/>
    <tag k="one_way" v="yes"/>
    <tag k="turn_direction" v="straight"/>
  </relation>
  <relation id="51299">
    <member type="way" role="left" ref="51297"/>
    <member type="way" role="right" ref="51298"/>
    <tag k="type" v="lanelet"/>
    <tag k="subtype" v="road"/>
    <tag k="speed_limit" v="5"/>
    <tag k="location" v="urban"/>
    <tag k="one_way" v="yes"/>
    <tag k="turn_direction" v="left"/>
  </relation>
  <relation id="51313">
    <member type="way" role="left" ref="51361"/>
    <member type="way" role="right" ref="51362"/>
    <tag k="type" v="lanelet"/>
    <tag k="subtype" v="road"/>
    <tag k="speed_limit" v="5"/>
    <tag k="location" v="urban"/>
    <tag k="one_way" v="yes"/>
    <tag k="turn_direction" v="left"/>
  </relation>
  <relation id="51320">
    <member type="way" role="left" ref="51317"/>
    <member type="way" role="right" ref="51319"/>
    <tag k="type" v="lanelet"/>
    <tag k="subtype" v="road"/>
    <tag k="speed_limit" v="8"/>
    <tag k="location" v="urban"/>
    <tag k="one_way" v="yes"/>
    <tag k="turn_direction" v="straight"/>
  </relation>
  <relation id="51335">
    <member type="way" role="left" ref="51333"/>
    <member type="way" role="right" ref="51334"/>
    <tag k="type" v="lanelet"/>
    <tag k="subtype" v="road"/>
    <tag k="speed_limit" v="5"/>
    <tag k="location" v="urban"/>
    <tag k="one_way" v="yes"/>
    <tag k="turn_direction" v="left"/>
  </relation>
  <relation id="51376">
    <member type="way" role="left" ref="51406"/>
    <member type="way" role="right" ref="51407"/>
    <tag k="type" v="lanelet"/>
    <tag k="subtype" v="road"/>
    <tag k="speed_limit" v="8"/>
    <tag k="location" v="urban"/>
    <tag k="one_way" v="yes"/>
    <tag k="turn_direction" v="straight"/>
  </relation>
  <relation id="51383">
    <member type="way" role="left" ref="51404"/>
    <member type="way" role="right" ref="51405"/>
    <tag k="type" v="lanelet"/>
    <tag k="subtype" v="road"/>
    <tag k="speed_limit" v="8"/>
    <tag k="location" v="urban"/>
    <tag k="one_way" v="yes"/>
    <tag k="turn_direction" v="straight"/>
  </relation>
  <relation id="51480">
    <member type="way" role="left" ref="51478"/>
    <member type="way" role="right" ref="51479"/>
    <tag k="type" v="lanelet"/>
    <tag k="subtype" v="road"/>
    <tag k="speed_limit" v="5"/>
    <tag k="location" v="urban"/>
    <tag k="one_way" v="yes"/>
    <tag k="turn_direction" v="left"/>
  </relation>
  <relation id="51494">
    <member type="way" role="left" ref="51497"/>
    <member type="way" role="right" ref="51499"/>
    <tag k="type" v="lanelet"/>
    <tag k="subtype" v="road"/>
    <tag k="speed_limit" v="8"/>
    <tag k="location" v="urban"/>
    <tag k="one_way" v="yes"/>
    <tag k="turn_direction" v="straight"/>
  </relation>
  <relation id="51515">
    <member type="way" role="left" ref="51525"/>
    <member type="way" role="right" ref="51526"/>
    <tag k="type" v="lanelet"/>
    <tag k="subtype" v="road"/>
    <tag k="speed_limit" v="5"/>
    <tag k="location" v="urban"/>
    <tag k="one_way" v="yes"/>
    <tag k="turn_direction" v="left"/>
  </relation>
  <relation id="51553">
    <member type="way" role="left" ref="51601"/>
    <member type="way" role="right" ref="51603"/>
    <tag k="type" v="lanelet"/>
    <tag k="subtype" v="road"/>
    <tag k="speed_limit" v="5"/>
    <tag k="location" v="urban"/>
    <tag k="one_way" v="yes"/>
    <tag k="turn_direction" v="left"/>
  </relation>
  <relation id="51605">
    <member type="way" role="left" ref="52185"/>
    <member type="way" role="right" ref="52186"/>
    <tag k="type" v="lanelet"/>
    <tag k="subtype" v="road"/>
    <tag k="speed_limit" v="5"/>
    <tag k="location" v="urban"/>
    <tag k="one_way" v="yes"/>
    <tag k="turn_direction" v="left"/>
  </relation>
  <relation id="51613">
    <member type="way" role="left" ref="51624"/>
    <member type="way" role="right" ref="51625"/>
    <tag k="type" v="lanelet"/>
    <tag k="subtype" v="road"/>
    <tag k="speed_limit" v="8"/>
    <tag k="location" v="urban"/>
    <tag k="one_way" v="yes"/>
    <tag k="turn_direction" v="straight"/>
  </relation>
  <relation id="51661">
    <member type="way" role="left" ref="51658"/>
    <member type="way" role="right" ref="51660"/>
    <tag k="type" v="lanelet"/>
    <tag k="subtype" v="road"/>
    <tag k="speed_limit" v="8"/>
    <tag k="location" v="urban"/>
    <tag k="one_way" v="yes"/>
    <tag k="turn_direction" v="straight"/>
  </relation>
  <relation id="51690">
    <member type="way" role="left" ref="51688"/>
    <member type="way" role="right" ref="51689"/>
    <tag k="type" v="lanelet"/>
    <tag k="subtype" v="road"/>
    <tag k="speed_limit" v="5"/>
    <tag k="location" v="urban"/>
    <tag k="one_way" v="yes"/>
    <tag k="turn_direction" v="left"/>
  </relation>
  <relation id="51704">
    <member type="way" role="left" ref="51863"/>
    <member type="way" role="right" ref="51865"/>
    <tag k="type" v="lanelet"/>
    <tag k="subtype" v="road"/>
    <tag k="speed_limit" v="8"/>
    <tag k="location" v="urban"/>
    <tag k="one_way" v="yes"/>
    <tag k="turn_direction" v="straight"/>
  </relation>
  <relation id="51739">
    <member type="way" role="left" ref="51736"/>
    <member type="way" role="right" ref="51738"/>
    <tag k="type" v="lanelet"/>
    <tag k="subtype" v="road"/>
    <tag k="speed_limit" v="8"/>
    <tag k="location" v="urban"/>
    <tag k="one_way" v="yes"/>
    <tag k="turn_direction" v="straight"/>
  </relation>
  <relation id="51821">
    <member type="way" role="left" ref="51819"/>
    <member type="way" role="right" ref="51820"/>
    <tag k="type" v="lanelet"/>
    <tag k="subtype" v="road"/>
    <tag k="speed_limit" v="6"/>
    <tag k="location" v="urban"/>
    <tag k="one_way" v="yes"/>
    <tag k="turn_direction" v="right"/>
  </relation>
  <relation id="51824">
    <member type="way" role="left" ref="51822"/>
    <member type="way" role="right" ref="51823"/>
    <tag k="type" v="lanelet"/>
    <tag k="subtype" v="road"/>
    <tag k="speed_limit" v="8"/>
    <tag k="location" v="urban"/>
    <tag k="one_way" v="yes"/>
    <tag k="turn_direction" v="straight"/>
  </relation>
  <relation id="51831">
    <member type="way" role="left" ref="51828"/>
    <member type="way" role="right" ref="51830"/>
    <tag k="type" v="lanelet"/>
    <tag k="subtype" v="road"/>
    <tag k="speed_limit" v="5"/>
    <tag k="location" v="urban"/>
    <tag k="one_way" v="yes"/>
    <tag k="turn_direction" v="left"/>
  </relation>
  <relation id="51860">
    <member type="way" role="left" ref="51858"/>
    <member type="way" role="right" ref="51859"/>
    <tag k="type" v="lanelet"/>
    <tag k="subtype" v="road"/>
    <tag k="speed_limit" v="5"/>
    <tag k="location" v="urban"/>
    <tag k="one_way" v="yes"/>
    <tag k="turn_direction" v="left"/>
  </relation>
  <relation id="51880">
    <member type="way" role="left" ref="51897"/>
    <member type="way" role="right" ref="51899"/>
    <tag k="type" v="lanelet"/>
    <tag k="subtype" v="road"/>
    <tag k="speed_limit" v="5"/>
    <tag k="location" v="urban"/>
    <tag k="one_way" v="yes"/>
    <tag k="turn_direction" v="left"/>
  </relation>
  <relation id="51887">
    <member type="way" role="left" ref="51884"/>
    <member type="way" role="right" ref="51886"/>
    <tag k="type" v="lanelet"/>
    <tag k="subtype" v="road"/>
    <tag k="speed_limit" v="5"/>
    <tag k="location" v="urban"/>
    <tag k="one_way" v="yes"/>
    <tag k="turn_direction" v="left"/>
  </relation>
  <relation id="51894">
    <member type="way" role="left" ref="51891"/>
    <member type="way" role="right" ref="51893"/>
    <tag k="type" v="lanelet"/>
    <tag k="subtype" v="road"/>
    <tag k="speed_limit" v="8"/>
    <tag k="location" v="urban"/>
    <tag k="one_way" v="yes"/>
    <tag k="turn_direction" v="straight"/>
  </relation>
  <relation id="51901">
    <member type="way" role="left" ref="51898"/>
    <member type="way" role="right" ref="51900"/>
    <tag k="type" v="lanelet"/>
    <tag k="subtype" v="road"/>
    <tag k="speed_limit" v="5"/>
    <tag k="location" v="urban"/>
    <tag k="one_way" v="yes"/>
    <tag k="turn_direction" v="left"/>
  </relation>
  <relation id="51912">
    <member type="way" role="left" ref="51910"/>
    <member type="way" role="right" ref="51911"/>
    <tag k="type" v="lanelet"/>
    <tag k="subtype" v="road"/>
    <tag k="speed_limit" v="5"/>
    <tag k="location" v="urban"/>
    <tag k="one_way" v="yes"/>
    <tag k="turn_direction" v="left"/>
  </relation>
  <relation id="51958">
    <member type="way" role="left" ref="51955"/>
    <member type="way" role="right" ref="51957"/>
    <tag k="type" v="lanelet"/>
    <tag k="subtype" v="road"/>
    <tag k="speed_limit" v="5"/>
    <tag k="location" v="urban"/>
    <tag k="one_way" v="yes"/>
    <tag k="turn_direction" v="left"/>
  </relation>
  <relation id="51969">
    <member type="way" role="left" ref="51967"/>
    <member type="way" role="right" ref="51968"/>
    <tag k="type" v="lanelet"/>
    <tag k="subtype" v="road"/>
    <tag k="speed_limit" v="5"/>
    <tag k="location" v="urban"/>
    <tag k="one_way" v="yes"/>
    <tag k="turn_direction" v="left"/>
  </relation>
  <relation id="51985">
    <member type="way" role="left" ref="51988"/>
    <member type="way" role="right" ref="51990"/>
    <tag k="type" v="lanelet"/>
    <tag k="subtype" v="road"/>
    <tag k="speed_limit" v="5"/>
    <tag k="location" v="urban"/>
    <tag k="one_way" v="yes"/>
    <tag k="turn_direction" v="left"/>
  </relation>
  <relation id="51992">
    <member type="way" role="left" ref="51989"/>
    <member type="way" role="right" ref="51991"/>
    <tag k="type" v="lanelet"/>
    <tag k="subtype" v="road"/>
    <tag k="speed_limit" v="5"/>
    <tag k="location" v="urban"/>
    <tag k="one_way" v="yes"/>
    <tag k="turn_direction" v="left"/>
  </relation>
  <relation id="52063">
    <member type="way" role="left" ref="52061"/>
    <member type="way" role="right" ref="52062"/>
    <tag k="type" v="lanelet"/>
    <tag k="subtype" v="road"/>
    <tag k="speed_limit" v="8"/>
    <tag k="location" v="urban"/>
    <tag k="one_way" v="yes"/>
    <tag k="turn_direction" v="straight"/>
  </relation>
  <relation id="52105">
    <member type="way" role="left" ref="52180"/>
    <member type="way" role="right" ref="52182"/>
    <tag k="type" v="lanelet"/>
    <tag k="subtype" v="road"/>
    <tag k="speed_limit" v="8"/>
    <tag k="location" v="urban"/>
    <tag k="one_way" v="yes"/>
    <tag k="turn_direction" v="straight"/>
  </relation>
  <relation id="52126">
    <member type="way" role="left" ref="52134"/>
    <member type="way" role="right" ref="52135"/>
    <tag k="type" v="lanelet"/>
    <tag k="subtype" v="road"/>
    <tag k="speed_limit" v="10"/>
    <tag k="location" v="urban"/>
    <tag k="one_way" v="yes"/>
  </relation>
  <relation id="52184">
    <member type="way" role="left" ref="52181"/>
    <member type="way" role="right" ref="52183"/>
    <tag k="type" v="lanelet"/>
    <tag k="subtype" v="road"/>
    <tag k="speed_limit" v="8"/>
    <tag k="location" v="urban"/>
    <tag k="one_way" v="yes"/>
    <tag k="turn_direction" v="straight"/>
  </relation>
  <relation id="52202">
    <member type="way" role="left" ref="52199"/>
    <member type="way" role="right" ref="52201"/>
    <tag k="type" v="lanelet"/>
    <tag k="subtype" v="road"/>
    <tag k="speed_limit" v="8"/>
    <tag k="location" v="urban"/>
    <tag k="one_way" v="yes"/>
    <tag k="turn_direction" v="straight"/>
  </relation>
  <relation id="52261">
    <member type="way" role="left" ref="52258"/>
    <member type="way" role="right" ref="52260"/>
    <tag k="type" v="lanelet"/>
    <tag k="subtype" v="road"/>
    <tag k="speed_limit" v="5"/>
    <tag k="location" v="urban"/>
    <tag k="one_way" v="yes"/>
    <tag k="turn_direction" v="right"/>
  </relation>
  <relation id="52268">
    <member type="way" role="left" ref="52271"/>
    <member type="way" role="right" ref="52273"/>
    <tag k="type" v="lanelet"/>
    <tag k="subtype" v="road"/>
    <tag k="speed_limit" v="8"/>
    <tag k="location" v="urban"/>
    <tag k="one_way" v="yes"/>
    <tag k="turn_direction" v="straight"/>
  </relation>
  <relation id="52275">
    <member type="way" role="left" ref="52272"/>
    <member type="way" role="right" ref="52274"/>
    <tag k="type" v="lanelet"/>
    <tag k="subtype" v="road"/>
    <tag k="speed_limit" v="5"/>
    <tag k="location" v="urban"/>
    <tag k="one_way" v="yes"/>
    <tag k="turn_direction" v="right"/>
  </relation>
  <relation id="52296">
    <member type="way" role="left" ref="52294"/>
    <member type="way" role="right" ref="52295"/>
    <tag k="type" v="lanelet"/>
    <tag k="subtype" v="road"/>
    <tag k="speed_limit" v="8"/>
    <tag k="location" v="urban"/>
    <tag k="one_way" v="yes"/>
    <tag k="turn_direction" v="straight"/>
  </relation>
  <relation id="52308">
    <member type="way" role="left" ref="52323"/>
    <member type="way" role="right" ref="52324"/>
    <tag k="type" v="lanelet"/>
    <tag k="subtype" v="road"/>
    <tag k="speed_limit" v="5"/>
    <tag k="location" v="urban"/>
    <tag k="one_way" v="yes"/>
    <tag k="turn_direction" v="left"/>
  </relation>
  <relation id="52327">
    <member type="way" role="left" ref="52325"/>
    <member type="way" role="right" ref="52326"/>
    <tag k="type" v="lanelet"/>
    <tag k="subtype" v="road"/>
    <tag k="speed_limit" v="5"/>
    <tag k="location" v="urban"/>
    <tag k="one_way" v="yes"/>
    <tag k="turn_direction" v="left"/>
  </relation>
  <relation id="52330">
    <member type="way" role="left" ref="52328"/>
    <member type="way" role="right" ref="52329"/>
    <tag k="type" v="lanelet"/>
    <tag k="subtype" v="road"/>
    <tag k="speed_limit" v="8"/>
    <tag k="location" v="urban"/>
    <tag k="one_way" v="yes"/>
    <tag k="turn_direction" v="straight"/>
  </relation>
  <relation id="52337">
    <member type="way" role="left" ref="52334"/>
    <member type="way" role="right" ref="52336"/>
    <tag k="type" v="lanelet"/>
    <tag k="subtype" v="road"/>
    <tag k="speed_limit" v="5"/>
    <tag k="location" v="urban"/>
    <tag k="one_way" v="yes"/>
    <tag k="turn_direction" v="right"/>
  </relation>
  <relation id="52344">
    <member type="way" role="left" ref="52341"/>
    <member type="way" role="right" ref="52343"/>
    <tag k="type" v="lanelet"/>
    <tag k="subtype" v="road"/>
    <tag k="speed_limit" v="5"/>
    <tag k="location" v="urban"/>
    <tag k="one_way" v="yes"/>
    <tag k="turn_direction" v="left"/>
  </relation>
  <relation id="52366">
    <member type="way" role="left" ref="52363"/>
    <member type="way" role="right" ref="52365"/>
    <tag k="type" v="lanelet"/>
    <tag k="subtype" v="road"/>
    <tag k="speed_limit" v="5"/>
    <tag k="location" v="urban"/>
    <tag k="one_way" v="yes"/>
    <tag k="turn_direction" v="straight"/>
  </relation>
  <relation id="52410">
    <member type="way" role="left" ref="52408"/>
    <member type="way" role="right" ref="52409"/>
    <tag k="type" v="lanelet"/>
    <tag k="subtype" v="road"/>
    <tag k="speed_limit" v="5"/>
    <tag k="location" v="urban"/>
    <tag k="one_way" v="yes"/>
    <tag k="turn_direction" v="right"/>
  </relation>
  <relation id="52458">
    <member type="way" role="left" ref="52455"/>
    <member type="way" role="right" ref="52457"/>
    <tag k="type" v="lanelet"/>
    <tag k="subtype" v="road"/>
    <tag k="speed_limit" v="8"/>
    <tag k="location" v="urban"/>
    <tag k="one_way" v="yes"/>
    <tag k="turn_direction" v="straight"/>
  </relation>
  <relation id="52485">
    <member type="way" role="left" ref="52483"/>
    <member type="way" role="right" ref="52484"/>
    <tag k="type" v="lanelet"/>
    <tag k="subtype" v="road"/>
    <tag k="speed_limit" v="5"/>
    <tag k="location" v="urban"/>
    <tag k="one_way" v="yes"/>
    <tag k="turn_direction" v="right"/>
  </relation>
</osm>
