<?xml version="1.0" encoding="UTF-8"?>
<osm generator="VMB">
  <MetaInfo format_version="1" map_version="61" validation_version=""/>
  <node id="5" lat="-2.71311832327" lon="63.89525465148">
    <tag k="local_x" v="-487.4342"/>
    <tag k="local_y" v="79.8539"/>
    <tag k="ele" v="1.5005"/>
  </node>
  <node id="8" lat="-2.71309882963" lon="63.89549838904">
    <tag k="local_x" v="-460.3376"/>
    <tag k="local_y" v="81.9888"/>
    <tag k="ele" v="1.5454"/>
  </node>
  <node id="14" lat="-2.71312406501" lon="63.89549995486">
    <tag k="local_x" v="-460.1656"/>
    <tag k="local_y" v="79.199"/>
    <tag k="ele" v="1.5356"/>
  </node>
  <node id="20" lat="-2.71311776285" lon="63.89557629372">
    <tag k="local_x" v="-451.6789"/>
    <tag k="local_y" v="79.8894"/>
    <tag k="ele" v="1.5531"/>
  </node>
  <node id="77" lat="-2.71309239534" lon="63.89557481596">
    <tag k="local_x" v="-451.8411"/>
    <tag k="local_y" v="82.6938"/>
    <tag k="ele" v="1.5629"/>
  </node>
  <node id="79" lat="-2.7130864353" lon="63.89564360411">
    <tag k="local_x" v="-444.1938"/>
    <tag k="local_y" v="83.347"/>
    <tag k="ele" v="1.5472"/>
  </node>
  <node id="80" lat="-2.71307990103" lon="63.89572673452">
    <tag k="local_x" v="-434.9521"/>
    <tag k="local_y" v="84.0625"/>
    <tag k="ele" v="1.5787"/>
  </node>
  <node id="83" lat="-2.71311189012" lon="63.89564445944">
    <tag k="local_x" v="-444.1008"/>
    <tag k="local_y" v="80.533"/>
    <tag k="ele" v="1.5296"/>
  </node>
  <node id="104" lat="-2.71310528426" lon="63.89572896433">
    <tag k="local_x" v="-434.7063"/>
    <tag k="local_y" v="81.2563"/>
    <tag k="ele" v="1.5792"/>
  </node>
  <node id="164" lat="-2.71296959206" lon="63.89703160162">
    <tag k="local_x" v="-289.8879"/>
    <tag k="local_y" v="96.1493"/>
    <tag k="ele" v="1.7781"/>
  </node>
  <node id="170" lat="-2.71299491017" lon="63.89703380352">
    <tag k="local_x" v="-289.6452"/>
    <tag k="local_y" v="93.3503"/>
    <tag k="ele" v="1.7848"/>
  </node>
  <node id="172" lat="-2.71314364369" lon="63.89525619307">
    <tag k="local_x" v="-487.2649"/>
    <tag k="local_y" v="77.0547"/>
    <tag k="ele" v="1.4971"/>
  </node>
  <node id="182" lat="-2.7129379575" lon="63.89741724196">
    <tag k="local_x" v="-247.0157"/>
    <tag k="local_y" v="99.6146"/>
    <tag k="ele" v="1.8585"/>
  </node>
  <node id="188" lat="-2.71296318071" lon="63.89741932506">
    <tag k="local_x" v="-246.7862"/>
    <tag k="local_y" v="96.8261"/>
    <tag k="ele" v="1.874"/>
  </node>
  <node id="266" lat="-2.71322427533" lon="63.89793479522">
    <tag k="local_x" v="-189.5055"/>
    <tag k="local_y" v="67.9206"/>
    <tag k="ele" v="1.8596"/>
  </node>
  <node id="272" lat="-2.7132254601" lon="63.89790967482">
    <tag k="local_x" v="-192.2981"/>
    <tag k="local_y" v="67.7917"/>
    <tag k="ele" v="1.8984"/>
  </node>
  <node id="302" lat="-2.71420581999" lon="63.89793876427">
    <tag k="local_x" v="-189.1448"/>
    <tag k="local_y" v="-40.5857"/>
    <tag k="ele" v="1.8418"/>
  </node>
  <node id="312" lat="-2.71420727178" lon="63.89791342725">
    <tag k="local_x" v="-191.9615"/>
    <tag k="local_y" v="-40.7441"/>
    <tag k="ele" v="1.8089"/>
  </node>
  <node id="314" lat="-2.7142174463" lon="63.89793945022">
    <tag k="local_x" v="-189.0695"/>
    <tag k="local_y" v="-41.871"/>
    <tag k="ele" v="1.8336"/>
  </node>
  <node id="318" lat="-2.71431657042" lon="63.8979504846">
    <tag k="local_x" v="-187.851"/>
    <tag k="local_y" v="-52.8297"/>
    <tag k="ele" v="1.8326"/>
  </node>
  <node id="319" lat="-2.7142190354" lon="63.89791437238">
    <tag k="local_x" v="-191.8574"/>
    <tag k="local_y" v="-42.0446"/>
    <tag k="ele" v="1.8011"/>
  </node>
  <node id="322" lat="-2.71431900722" lon="63.89792528864">
    <tag k="local_x" v="-190.6521"/>
    <tag k="local_y" v="-53.097"/>
    <tag k="ele" v="1.7849"/>
  </node>
  <node id="382" lat="-2.71454925423" lon="63.89766447895">
    <tag k="local_x" v="-219.6638"/>
    <tag k="local_y" v="-78.5284"/>
    <tag k="ele" v="1.7937"/>
  </node>
  <node id="387" lat="-2.71457506023" lon="63.89766625305">
    <tag k="local_x" v="-219.4687"/>
    <tag k="local_y" v="-81.3813"/>
    <tag k="ele" v="1.7889"/>
  </node>
  <node id="396" lat="-2.71459336944" lon="63.8974405913">
    <tag k="local_x" v="-244.5558"/>
    <tag k="local_y" v="-83.3867"/>
    <tag k="ele" v="1.7823"/>
  </node>
  <node id="398" lat="-2.71460306246" lon="63.89732508146">
    <tag k="local_x" v="-257.3972"/>
    <tag k="local_y" v="-84.4487"/>
    <tag k="ele" v="1.7784"/>
  </node>
  <node id="402" lat="-2.71456812759" lon="63.89743924312">
    <tag k="local_x" v="-244.7036"/>
    <tag k="local_y" v="-80.5962"/>
    <tag k="ele" v="1.7908"/>
  </node>
  <node id="404" lat="-2.71457723525" lon="63.89732384619">
    <tag k="local_x" v="-257.5324"/>
    <tag k="local_y" v="-81.5935"/>
    <tag k="ele" v="1.7841"/>
  </node>
  <node id="461" lat="-2.71436799231" lon="63.89661888835">
    <tag k="local_x" v="-335.8816"/>
    <tag k="local_y" v="-58.4044"/>
    <tag k="ele" v="1.7458"/>
  </node>
  <node id="467" lat="-2.71436938504" lon="63.89659386432">
    <tag k="local_x" v="-338.6635"/>
    <tag k="local_y" v="-58.5563"/>
    <tag k="ele" v="1.7432"/>
  </node>
  <node id="474" lat="-2.71427613532" lon="63.89658650641">
    <tag k="local_x" v="-339.4738"/>
    <tag k="local_y" v="-48.2473"/>
    <tag k="ele" v="1.7541"/>
  </node>
  <node id="476" lat="-2.7141986952" lon="63.89658046542">
    <tag k="local_x" v="-340.139"/>
    <tag k="local_y" v="-39.6861"/>
    <tag k="ele" v="1.753"/>
  </node>
  <node id="479" lat="-2.71427451634" lon="63.89661164451">
    <tag k="local_x" v="-336.6792"/>
    <tag k="local_y" v="-48.0704"/>
    <tag k="ele" v="1.7598"/>
  </node>
  <node id="481" lat="-2.71419744356" lon="63.89660552733">
    <tag k="local_x" v="-337.3529"/>
    <tag k="local_y" v="-39.5498"/>
    <tag k="ele" v="1.7592"/>
  </node>
  <node id="486" lat="-2.71406662729" lon="63.89656944735">
    <tag k="local_x" v="-341.353"/>
    <tag k="local_y" v="-25.0856"/>
    <tag k="ele" v="1.7537"/>
  </node>
  <node id="490" lat="-2.71390602983" lon="63.89655637435">
    <tag k="local_x" v="-342.7931"/>
    <tag k="local_y" v="-7.3311"/>
    <tag k="ele" v="1.7521"/>
  </node>
  <node id="493" lat="-2.71406481915" lon="63.89659474004">
    <tag k="local_x" v="-338.5412"/>
    <tag k="local_y" v="-24.8878"/>
    <tag k="ele" v="1.7691"/>
  </node>
  <node id="496" lat="-2.7139040789" lon="63.89658147712">
    <tag k="local_x" v="-340.0024"/>
    <tag k="local_y" v="-7.1175"/>
    <tag k="ele" v="1.774"/>
  </node>
  <node id="498" lat="-2.71383734156" lon="63.89655054852">
    <tag k="local_x" v="-343.4351"/>
    <tag k="local_y" v="0.2626"/>
    <tag k="ele" v="1.7556"/>
  </node>
  <node id="501" lat="-2.71370140215" lon="63.89653927305">
    <tag k="local_x" v="-344.6774"/>
    <tag k="local_y" v="15.2911"/>
    <tag k="ele" v="1.7498"/>
  </node>
  <node id="502" lat="-2.71363298963" lon="63.89653365433">
    <tag k="local_x" v="-345.2964"/>
    <tag k="local_y" v="22.8543"/>
    <tag k="ele" v="1.7616"/>
  </node>
  <node id="503" lat="-2.71383578144" lon="63.89657562189">
    <tag k="local_x" v="-340.6477"/>
    <tag k="local_y" v="0.433"/>
    <tag k="ele" v="1.7717"/>
  </node>
  <node id="506" lat="-2.7136997949" lon="63.89656447052">
    <tag k="local_x" v="-341.8762"/>
    <tag k="local_y" v="15.4667"/>
    <tag k="ele" v="1.7666"/>
  </node>
  <node id="507" lat="-2.71363137421" lon="63.89655888868">
    <tag k="local_x" v="-342.4911"/>
    <tag k="local_y" v="23.0308"/>
    <tag k="ele" v="1.7688"/>
  </node>
  <node id="511" lat="-2.7135117003" lon="63.89652347993">
    <tag k="local_x" v="-346.4175"/>
    <tag k="local_y" v="36.2632"/>
    <tag k="ele" v="1.7513"/>
  </node>
  <node id="513" lat="-2.71336583261" lon="63.89651138395">
    <tag k="local_x" v="-347.7502"/>
    <tag k="local_y" v="52.3893"/>
    <tag k="ele" v="1.7388"/>
  </node>
  <node id="514" lat="-2.71329305205" lon="63.8965053878">
    <tag k="local_x" v="-348.4108"/>
    <tag k="local_y" v="60.4354"/>
    <tag k="ele" v="1.7454"/>
  </node>
  <node id="517" lat="-2.71350968148" lon="63.89654864741">
    <tag k="local_x" v="-343.6196"/>
    <tag k="local_y" v="36.4843"/>
    <tag k="ele" v="1.7689"/>
  </node>
  <node id="519" lat="-2.71336478712" lon="63.89653657014">
    <tag k="local_x" v="-344.9503"/>
    <tag k="local_y" v="52.5028"/>
    <tag k="ele" v="1.7615"/>
  </node>
  <node id="520" lat="-2.71329171709" lon="63.89653057827">
    <tag k="local_x" v="-345.6104"/>
    <tag k="local_y" v="60.5809"/>
    <tag k="ele" v="1.7611"/>
  </node>
  <node id="522" lat="-2.71318002282" lon="63.89649615775">
    <tag k="local_x" v="-349.4276"/>
    <tag k="local_y" v="72.9311"/>
    <tag k="ele" v="1.7293"/>
  </node>
  <node id="524" lat="-2.71314531631" lon="63.89648970749">
    <tag k="local_x" v="-350.1418"/>
    <tag k="local_y" v="76.7683"/>
    <tag k="ele" v="1.7511"/>
  </node>
  <node id="525" lat="-2.71317898821" lon="63.89652132325">
    <tag k="local_x" v="-346.63"/>
    <tag k="local_y" v="73.0434"/>
    <tag k="ele" v="1.7505"/>
  </node>
  <node id="527" lat="-2.71315712522" lon="63.8965185122">
    <tag k="local_x" v="-346.9407"/>
    <tag k="local_y" v="75.4605"/>
    <tag k="ele" v="1.754"/>
  </node>
  <node id="529" lat="-2.71311288817" lon="63.89647519429">
    <tag k="local_x" v="-351.7525"/>
    <tag k="local_y" v="80.3543"/>
    <tag k="ele" v="1.7633"/>
  </node>
  <node id="531" lat="-2.71310165101" lon="63.89646577295">
    <tag k="local_x" v="-352.7989"/>
    <tag k="local_y" v="81.5973"/>
    <tag k="ele" v="1.7664"/>
  </node>
  <node id="533" lat="-2.71309468187" lon="63.89645618834">
    <tag k="local_x" v="-353.8638"/>
    <tag k="local_y" v="82.3685"/>
    <tag k="ele" v="1.7599"/>
  </node>
  <node id="535" lat="-2.71308983169" lon="63.89644608084">
    <tag k="local_x" v="-354.987"/>
    <tag k="local_y" v="82.9055"/>
    <tag k="ele" v="1.7516"/>
  </node>
  <node id="536" lat="-2.71308795766" lon="63.89643353771">
    <tag k="local_x" v="-356.3812"/>
    <tag k="local_y" v="83.1137"/>
    <tag k="ele" v="1.7497"/>
  </node>
  <node id="538" lat="-2.7130907482" lon="63.89640338001">
    <tag k="local_x" v="-359.7339"/>
    <tag k="local_y" v="82.8077"/>
    <tag k="ele" v="1.7501"/>
  </node>
  <node id="539" lat="-2.71309400111" lon="63.89638641929">
    <tag k="local_x" v="-361.6196"/>
    <tag k="local_y" v="82.4495"/>
    <tag k="ele" v="1.749"/>
  </node>
  <node id="540" lat="-2.71309884242" lon="63.89636591544">
    <tag k="local_x" v="-363.8993"/>
    <tag k="local_y" v="81.916"/>
    <tag k="ele" v="1.742"/>
  </node>
  <node id="541" lat="-2.71310279045" lon="63.89634599566">
    <tag k="local_x" v="-366.114"/>
    <tag k="local_y" v="81.4812"/>
    <tag k="ele" v="1.7498"/>
  </node>
  <node id="542" lat="-2.71310602136" lon="63.8963270019">
    <tag k="local_x" v="-368.2257"/>
    <tag k="local_y" v="81.1256"/>
    <tag k="ele" v="1.8719"/>
  </node>
  <node id="546" lat="-2.71309742519" lon="63.89649792303">
    <tag k="local_x" v="-349.2246"/>
    <tag k="local_y" v="82.0618"/>
    <tag k="ele" v="1.7632"/>
  </node>
  <node id="548" lat="-2.71308245691" lon="63.89648559784">
    <tag k="local_x" v="-350.5935"/>
    <tag k="local_y" v="83.7175"/>
    <tag k="ele" v="1.7497"/>
  </node>
  <node id="552" lat="-2.71307106049" lon="63.89647259792">
    <tag k="local_x" v="-352.0377"/>
    <tag k="local_y" v="84.9784"/>
    <tag k="ele" v="1.74"/>
  </node>
  <node id="553" lat="-2.71306409245" lon="63.89645789567">
    <tag k="local_x" v="-353.6715"/>
    <tag k="local_y" v="85.7499"/>
    <tag k="ele" v="1.7357"/>
  </node>
  <node id="554" lat="-2.71306048836" lon="63.89644232873">
    <tag k="local_x" v="-355.4017"/>
    <tag k="local_y" v="86.1496"/>
    <tag k="ele" v="1.7348"/>
  </node>
  <node id="557" lat="-2.71306269228" lon="63.89638967245">
    <tag k="local_x" v="-361.2554"/>
    <tag k="local_y" v="85.9103"/>
    <tag k="ele" v="1.731"/>
  </node>
  <node id="559" lat="-2.71307489703" lon="63.89634367133">
    <tag k="local_x" v="-366.3701"/>
    <tag k="local_y" v="84.5649"/>
    <tag k="ele" v="1.7268"/>
  </node>
  <node id="560" lat="-2.71307905258" lon="63.89632691907">
    <tag k="local_x" v="-368.2327"/>
    <tag k="local_y" v="84.1069"/>
    <tag k="ele" v="1.878"/>
  </node>
  <node id="584" lat="-2.71308403468" lon="63.89629956783">
    <tag k="local_x" v="-371.2736"/>
    <tag k="local_y" v="83.5584"/>
    <tag k="ele" v="1.8775"/>
  </node>
  <node id="591" lat="-2.71311888139" lon="63.89580906273">
    <tag k="local_x" v="-425.8033"/>
    <tag k="local_y" v="79.7466"/>
    <tag k="ele" v="1.7937"/>
  </node>
  <node id="593" lat="-2.71314443162" lon="63.89581056042">
    <tag k="local_x" v="-425.6389"/>
    <tag k="local_y" v="76.922"/>
    <tag k="ele" v="1.7918"/>
  </node>
  <node id="607" lat="-2.71319426214" lon="63.89520547676">
    <tag k="local_x" v="-492.9069"/>
    <tag k="local_y" v="71.4632"/>
    <tag k="ele" v="1.4701"/>
  </node>
  <node id="609" lat="-2.71320984119" lon="63.89501327874">
    <tag k="local_x" v="-514.2738"/>
    <tag k="local_y" v="69.7568"/>
    <tag k="ele" v="1.4336"/>
  </node>
  <node id="612" lat="-2.71316857718" lon="63.89520391151">
    <tag k="local_x" v="-493.0788"/>
    <tag k="local_y" v="74.3027"/>
    <tag k="ele" v="1.4761"/>
  </node>
  <node id="614" lat="-2.71318434545" lon="63.89501149414">
    <tag k="local_x" v="-514.4701"/>
    <tag k="local_y" v="72.5754"/>
    <tag k="ele" v="1.4413"/>
  </node>
  <node id="705" lat="-2.71237351701" lon="63.89794749289">
    <tag k="local_x" v="-188.0242"/>
    <tag k="local_y" v="161.9676"/>
    <tag k="ele" v="1.8925"/>
  </node>
  <node id="706" lat="-2.71237365662" lon="63.89801743059">
    <tag k="local_x" v="-180.2496"/>
    <tag k="local_y" v="161.9464"/>
    <tag k="ele" v="1.8956"/>
  </node>
  <node id="722" lat="-2.7123456331" lon="63.89795790009">
    <tag k="local_x" v="-186.865"/>
    <tag k="local_y" v="165.0492"/>
    <tag k="ele" v="1.9064"/>
  </node>
  <node id="723" lat="-2.71234749199" lon="63.89801621037">
    <tag k="local_x" v="-180.3831"/>
    <tag k="local_y" v="164.8389"/>
    <tag k="ele" v="1.9143"/>
  </node>
  <node id="728" lat="-2.71235327225" lon="63.89826859394">
    <tag k="local_x" v="-152.3274"/>
    <tag k="local_y" v="164.1791"/>
    <tag k="ele" v="1.9469"/>
  </node>
  <node id="730" lat="-2.7123352721" lon="63.89848374493">
    <tag k="local_x" v="-128.4087"/>
    <tag k="local_y" v="166.1512"/>
    <tag k="ele" v="1.9517"/>
  </node>
  <node id="741" lat="-2.71232770977" lon="63.89826658794">
    <tag k="local_x" v="-152.5483"/>
    <tag k="local_y" v="167.0051"/>
    <tag k="ele" v="1.985"/>
  </node>
  <node id="743" lat="-2.712309591" lon="63.89848188817">
    <tag k="local_x" v="-128.613"/>
    <tag k="local_y" v="168.9903"/>
    <tag k="ele" v="1.978"/>
  </node>
  <node id="748" lat="-2.71231880481" lon="63.89853702121">
    <tag k="local_x" v="-122.4849"/>
    <tag k="local_y" v="167.9672"/>
    <tag k="ele" v="1.9974"/>
  </node>
  <node id="749" lat="-2.71231117194" lon="63.89864348989">
    <tag k="local_x" v="-110.6487"/>
    <tag k="local_y" v="168.8022"/>
    <tag k="ele" v="1.9972"/>
  </node>
  <node id="750" lat="-2.71231535371" lon="63.89871524768">
    <tag k="local_x" v="-102.6721"/>
    <tag k="local_y" v="168.334"/>
    <tag k="ele" v="1.9689"/>
  </node>
  <node id="751" lat="-2.71231023879" lon="63.8987944353">
    <tag k="local_x" v="-93.8688"/>
    <tag k="local_y" v="168.8929"/>
    <tag k="ele" v="1.9652"/>
  </node>
  <node id="757" lat="-2.71229330591" lon="63.89853465992">
    <tag k="local_x" v="-122.7453"/>
    <tag k="local_y" v="170.7862"/>
    <tag k="ele" v="2.0325"/>
  </node>
  <node id="758" lat="-2.71228588243" lon="63.89864177824">
    <tag k="local_x" v="-110.8369"/>
    <tag k="local_y" v="171.598"/>
    <tag k="ele" v="2.048"/>
  </node>
  <node id="759" lat="-2.71228974964" lon="63.89871320835">
    <tag k="local_x" v="-102.8967"/>
    <tag k="local_y" v="171.1646"/>
    <tag k="ele" v="1.9926"/>
  </node>
  <node id="760" lat="-2.71228475079" lon="63.89879323266">
    <tag k="local_x" v="-94.0004"/>
    <tag k="local_y" v="171.7106"/>
    <tag k="ele" v="1.9772"/>
  </node>
  <node id="762" lat="-2.71229476088" lon="63.89897161838">
    <tag k="local_x" v="-74.171"/>
    <tag k="local_y" v="170.5893"/>
    <tag k="ele" v="1.9739"/>
  </node>
  <node id="764" lat="-2.71227868581" lon="63.89916709904">
    <tag k="local_x" v="-52.4391"/>
    <tag k="local_y" v="172.3502"/>
    <tag k="ele" v="2.0141"/>
  </node>
  <node id="767" lat="-2.71226978778" lon="63.89897016783">
    <tag k="local_x" v="-74.3302"/>
    <tag k="local_y" v="173.3501"/>
    <tag k="ele" v="1.995"/>
  </node>
  <node id="769" lat="-2.71225333734" lon="63.89916559874">
    <tag k="local_x" v="-52.6038"/>
    <tag k="local_y" v="175.1525"/>
    <tag k="ele" v="2.0214"/>
  </node>
  <node id="1031" lat="-2.71312573241" lon="63.89648270883">
    <tag k="local_x" v="-350.9182"/>
    <tag k="local_y" v="78.9338"/>
    <tag k="ele" v="1.7572"/>
  </node>
  <node id="1032" lat="-2.71313695452" lon="63.89651355242">
    <tag k="local_x" v="-347.4904"/>
    <tag k="local_y" v="77.6907"/>
    <tag k="ele" v="1.7594"/>
  </node>
  <node id="1036" lat="-2.71311479116" lon="63.89650715547">
    <tag k="local_x" v="-348.1997"/>
    <tag k="local_y" v="80.1413"/>
    <tag k="ele" v="1.7653"/>
  </node>
  <node id="1047" lat="-2.71316236836" lon="63.89649410993">
    <tag k="local_x" v="-349.6538"/>
    <tag k="local_y" v="74.8829"/>
    <tag k="ele" v="1.7402"/>
  </node>
  <node id="1093" lat="-2.71237417069" lon="63.89796009089">
    <tag k="local_x" v="-186.6238"/>
    <tag k="local_y" v="161.8943"/>
    <tag k="ele" v="1.8941"/>
  </node>
  <node id="1094" lat="-2.71237466743" lon="63.89797205367">
    <tag k="local_x" v="-185.294"/>
    <tag k="local_y" v="161.8384"/>
    <tag k="ele" v="1.8949"/>
  </node>
  <node id="1095" lat="-2.71237406532" lon="63.89800797287">
    <tag k="local_x" v="-181.301"/>
    <tag k="local_y" v="161.902"/>
    <tag k="ele" v="1.8953"/>
  </node>
  <node id="1099" lat="-2.71234738252" lon="63.89797741924">
    <tag k="local_x" v="-184.6953"/>
    <tag k="local_y" v="164.8542"/>
    <tag k="ele" v="1.9104"/>
  </node>
  <node id="1100" lat="-2.71234659543" lon="63.8979678257">
    <tag k="local_x" v="-185.7617"/>
    <tag k="local_y" v="164.942"/>
    <tag k="ele" v="1.9084"/>
  </node>
  <node id="1101" lat="-2.71234810734" lon="63.89799650405">
    <tag k="local_x" v="-182.5738"/>
    <tag k="local_y" v="164.7725"/>
    <tag k="ele" v="1.9124"/>
  </node>
  <node id="1146" lat="-2.71234774878" lon="63.89798725446">
    <tag k="local_x" v="-183.602"/>
    <tag k="local_y" v="164.8129"/>
    <tag k="ele" v="1.9114"/>
  </node>
  <node id="1147" lat="-2.71234803354" lon="63.89800690477">
    <tag k="local_x" v="-181.4176"/>
    <tag k="local_y" v="164.7798"/>
    <tag k="ele" v="1.9134"/>
  </node>
  <node id="1148" lat="-2.7123749864" lon="63.89798587123">
    <tag k="local_x" v="-183.758"/>
    <tag k="local_y" v="161.802"/>
    <tag k="ele" v="1.8951"/>
  </node>
  <node id="1149" lat="-2.71237477587" lon="63.89799647155">
    <tag k="local_x" v="-182.5796"/>
    <tag k="local_y" v="161.8244"/>
    <tag k="ele" v="1.8952"/>
  </node>
  <node id="1283" lat="-2.71305959847" lon="63.89642743126">
    <tag k="local_x" v="-357.0577"/>
    <tag k="local_y" v="86.2492"/>
    <tag k="ele" v="1.7327"/>
  </node>
  <node id="1284" lat="-2.71306610288" lon="63.89637353585">
    <tag k="local_x" v="-363.0495"/>
    <tag k="local_y" v="85.5346"/>
    <tag k="ele" v="1.7291"/>
  </node>
  <node id="1285" lat="-2.71307043934" lon="63.89635922424">
    <tag k="local_x" v="-364.6408"/>
    <tag k="local_y" v="85.0564"/>
    <tag k="ele" v="1.727"/>
  </node>
  <node id="1287" lat="-2.71310926525" lon="63.89630149979">
    <tag k="local_x" v="-371.0609"/>
    <tag k="local_y" v="80.7691"/>
    <tag k="ele" v="1.8728"/>
  </node>
  <node id="1288" lat="-2.71310794489" lon="63.89631316619">
    <tag k="local_x" v="-369.7639"/>
    <tag k="local_y" v="80.9141"/>
    <tag k="ele" v="1.8724"/>
  </node>
  <node id="1290" lat="-2.71308229168" lon="63.89631269662">
    <tag k="local_x" v="-369.814"/>
    <tag k="local_y" v="83.75"/>
    <tag k="ele" v="1.8779"/>
  </node>
  <node id="1390" lat="-2.71322991314" lon="63.89439906759">
    <tag k="local_x" v="-582.554"/>
    <tag k="local_y" v="67.5884"/>
    <tag k="ele" v="1.3163"/>
  </node>
  <node id="1393" lat="-2.71325816099" lon="63.89438704495">
    <tag k="local_x" v="-583.8928"/>
    <tag k="local_y" v="64.4667"/>
    <tag k="ele" v="1.3163"/>
  </node>
  <node id="1472" lat="-2.71350482507" lon="63.89431601831">
    <tag k="local_x" v="-591.8086"/>
    <tag k="local_y" v="37.2048"/>
    <tag k="ele" v="1.3469"/>
  </node>
  <node id="1475" lat="-2.713507156" lon="63.89429075749">
    <tag k="local_x" v="-594.6169"/>
    <tag k="local_y" v="36.9492"/>
    <tag k="ele" v="1.3469"/>
  </node>
  <node id="1486" lat="-2.71392491532" lon="63.89431712138">
    <tag k="local_x" v="-591.7203"/>
    <tag k="local_y" v="-9.2346"/>
    <tag k="ele" v="1.3469"/>
  </node>
  <node id="1488" lat="-2.71392258439" lon="63.89434238221">
    <tag k="local_x" v="-588.912"/>
    <tag k="local_y" v="-8.979"/>
    <tag k="ele" v="1.3469"/>
  </node>
  <node id="1697" lat="-2.71373286446" lon="63.89429959879">
    <tag k="local_x" v="-593.6525"/>
    <tag k="local_y" v="11.9973"/>
    <tag k="ele" v="1.3244"/>
  </node>
  <node id="1698" lat="-2.71373053443" lon="63.89432486052">
    <tag k="local_x" v="-590.8441"/>
    <tag k="local_y" v="12.2528"/>
    <tag k="ele" v="1.3244"/>
  </node>
  <node id="1733" lat="-2.71325895683" lon="63.89437515687">
    <tag k="local_x" v="-585.2144"/>
    <tag k="local_y" v="64.3797"/>
    <tag k="ele" v="1.3163"/>
  </node>
  <node id="1737" lat="-2.71326400962" lon="63.89436340324">
    <tag k="local_x" v="-586.5214"/>
    <tag k="local_y" v="63.8221"/>
    <tag k="ele" v="1.3163"/>
  </node>
  <node id="1741" lat="-2.71327300359" lon="63.89435429904">
    <tag k="local_x" v="-587.5342"/>
    <tag k="local_y" v="62.8286"/>
    <tag k="ele" v="1.3163"/>
  </node>
  <node id="1745" lat="-2.7132846949" lon="63.89434908385">
    <tag k="local_x" v="-588.1149"/>
    <tag k="local_y" v="61.5366"/>
    <tag k="ele" v="1.3163"/>
  </node>
  <node id="1749" lat="-2.71329747285" lon="63.89434845814">
    <tag k="local_x" v="-588.1855"/>
    <tag k="local_y" v="60.1241"/>
    <tag k="ele" v="1.3163"/>
  </node>
  <node id="1752" lat="-2.71322961259" lon="63.89438354895">
    <tag k="local_x" v="-584.2791"/>
    <tag k="local_y" v="67.6229"/>
    <tag k="ele" v="1.3163"/>
  </node>
  <node id="1754" lat="-2.71323038471" lon="63.8943707028">
    <tag k="local_x" v="-585.7072"/>
    <tag k="local_y" v="67.5386"/>
    <tag k="ele" v="1.3163"/>
  </node>
  <node id="1757" lat="-2.71323873796" lon="63.89434856521">
    <tag k="local_x" v="-588.1688"/>
    <tag k="local_y" v="66.617"/>
    <tag k="ele" v="1.3163"/>
  </node>
  <node id="1759" lat="-2.71324555377" lon="63.89433930738">
    <tag k="local_x" v="-589.1985"/>
    <tag k="local_y" v="65.8643"/>
    <tag k="ele" v="1.3163"/>
  </node>
  <node id="1761" lat="-2.71325474573" lon="63.89433157876">
    <tag k="local_x" v="-590.0584"/>
    <tag k="local_y" v="64.8488"/>
    <tag k="ele" v="1.3163"/>
  </node>
  <node id="1763" lat="-2.71326482502" lon="63.89432517855">
    <tag k="local_x" v="-590.7707"/>
    <tag k="local_y" v="63.7351"/>
    <tag k="ele" v="1.3163"/>
  </node>
  <node id="1765" lat="-2.71327426403" lon="63.89432097731">
    <tag k="local_x" v="-591.2385"/>
    <tag k="local_y" v="62.692"/>
    <tag k="ele" v="1.3163"/>
  </node>
  <node id="1767" lat="-2.71328580359" lon="63.89431912549">
    <tag k="local_x" v="-591.4453"/>
    <tag k="local_y" v="61.4165"/>
    <tag k="ele" v="1.3163"/>
  </node>
  <node id="1769" lat="-2.71329979648" lon="63.89431962514">
    <tag k="local_x" v="-591.3909"/>
    <tag k="local_y" v="59.8696"/>
    <tag k="ele" v="1.3163"/>
  </node>
  <node id="1775" lat="-2.7131993822" lon="63.89458741622">
    <tag k="local_x" v="-561.6138"/>
    <tag k="local_y" v="70.948"/>
    <tag k="ele" v="1.3619"/>
  </node>
  <node id="1778" lat="-2.7131739554" lon="63.8945853762">
    <tag k="local_x" v="-561.8385"/>
    <tag k="local_y" v="73.759"/>
    <tag k="ele" v="1.3619"/>
  </node>
  <node id="1817" lat="-2.71312822251" lon="63.89513761887">
    <tag k="local_x" v="-500.4449"/>
    <tag k="local_y" v="78.7692"/>
    <tag k="ele" v="1.4794"/>
  </node>
  <node id="1818" lat="-2.71315345391" lon="63.89513967314">
    <tag k="local_x" v="-500.2186"/>
    <tag k="local_y" v="75.9798"/>
    <tag k="ele" v="1.4759"/>
  </node>
  <node id="1966" lat="-2.71325720611" lon="63.89445104753">
    <tag k="local_x" v="-576.7779"/>
    <tag k="local_y" v="64.567"/>
    <tag k="ele" v="1.4467"/>
  </node>
  <node id="1967" lat="-2.71323178296" lon="63.89444895984">
    <tag k="local_x" v="-577.0079"/>
    <tag k="local_y" v="67.3776"/>
    <tag k="ele" v="1.4467"/>
  </node>
  <node id="1976" lat="-2.71325831818" lon="63.89443358146">
    <tag k="local_x" v="-578.7196"/>
    <tag k="local_y" v="64.4455"/>
    <tag k="ele" v="1.4467"/>
  </node>
  <node id="1980" lat="-2.71325868483" lon="63.89441615172">
    <tag k="local_x" v="-580.6572"/>
    <tag k="local_y" v="64.4064"/>
    <tag k="ele" v="1.4467"/>
  </node>
  <node id="1984" lat="-2.71323226151" lon="63.89443068639">
    <tag k="local_x" v="-579.0393"/>
    <tag k="local_y" v="67.3262"/>
    <tag k="ele" v="1.4467"/>
  </node>
  <node id="1988" lat="-2.71323140466" lon="63.89441268993">
    <tag k="local_x" v="-581.0398"/>
    <tag k="local_y" v="67.4224"/>
    <tag k="ele" v="1.4467"/>
  </node>
  <node id="2402" lat="-2.7132547179" lon="63.89448101926">
    <tag k="local_x" v="-573.4459"/>
    <tag k="local_y" v="64.8396"/>
    <tag k="ele" v="1.4685"/>
  </node>
  <node id="2403" lat="-2.71322929475" lon="63.89447893247">
    <tag k="local_x" v="-573.6758"/>
    <tag k="local_y" v="67.6502"/>
    <tag k="ele" v="1.4685"/>
  </node>
  <node id="2410" lat="-2.71323385636" lon="63.89435881668">
    <tag k="local_x" v="-587.0288"/>
    <tag k="local_y" v="67.1558"/>
    <tag k="ele" v="1.3163"/>
  </node>
  <node id="2423" lat="-2.71333925" lon="63.89427543772">
    <tag k="local_x" v="-596.3062"/>
    <tag k="local_y" v="55.5118"/>
    <tag k="ele" v="1.3244"/>
  </node>
  <node id="2424" lat="-2.71333691907" lon="63.89430069944">
    <tag k="local_x" v="-593.4978"/>
    <tag k="local_y" v="55.7674"/>
    <tag k="ele" v="1.3244"/>
  </node>
  <node id="4058" lat="-2.71338021566" lon="63.89436441429">
    <tag k="local_x" v="-586.4185"/>
    <tag k="local_y" v="50.9759"/>
    <tag k="ele" v="1.5265"/>
  </node>
  <node id="4059" lat="-2.71338236026" lon="63.89433913624">
    <tag k="local_x" v="-589.2287"/>
    <tag k="local_y" v="50.7409"/>
    <tag k="ele" v="1.5265"/>
  </node>
  <node id="4092" lat="-2.71300978433" lon="63.89702796281">
    <tag k="local_x" v="-290.2957"/>
    <tag k="local_y" v="91.7065"/>
    <tag k="ele" v="1.8205"/>
  </node>
  <node id="4093" lat="-2.71305342341" lon="63.89654559551">
    <tag k="local_x" v="-343.9215"/>
    <tag k="local_y" v="86.9221"/>
    <tag k="ele" v="1.7572"/>
  </node>
  <node id="4095" lat="-2.71303701678" lon="63.89702989176">
    <tag k="local_x" v="-290.0835"/>
    <tag k="local_y" v="88.6959"/>
    <tag k="ele" v="1.8205"/>
  </node>
  <node id="4096" lat="-2.71307885293" lon="63.89654761308">
    <tag k="local_x" v="-343.6993"/>
    <tag k="local_y" v="84.1108"/>
    <tag k="ele" v="1.7572"/>
  </node>
  <node id="4131" lat="-2.71460630438" lon="63.89728286267">
    <tag k="local_x" v="-262.0907"/>
    <tag k="local_y" v="-84.8036"/>
    <tag k="ele" v="1.769"/>
  </node>
  <node id="4132" lat="-2.71458074636" lon="63.89728092144">
    <tag k="local_x" v="-262.3044"/>
    <tag k="local_y" v="-81.9781"/>
    <tag k="ele" v="1.7726"/>
  </node>
  <node id="4343" lat="-2.71308873238" lon="63.89641844266">
    <tag k="local_x" v="-358.0593"/>
    <tag k="local_y" v="83.0293"/>
    <tag k="ele" v="1.7532"/>
  </node>
  <node id="4344" lat="-2.71305931498" lon="63.89641575468">
    <tag k="local_x" v="-358.3557"/>
    <tag k="local_y" v="86.2815"/>
    <tag k="ele" v="1.7319"/>
  </node>
  <node id="4827" lat="-2.71330625396" lon="63.89435069102">
    <tag k="local_x" v="-587.938"/>
    <tag k="local_y" v="59.1532"/>
    <tag k="ele" v="1.3818"/>
  </node>
  <node id="4828" lat="-2.71331383597" lon="63.89432316445">
    <tag k="local_x" v="-590.9986"/>
    <tag k="local_y" v="58.3173"/>
    <tag k="ele" v="1.3818"/>
  </node>
  <node id="4868" lat="-2.71332325409" lon="63.89435559086">
    <tag k="local_x" v="-587.3947"/>
    <tag k="local_y" v="57.2735"/>
    <tag k="ele" v="1.3818"/>
  </node>
  <node id="4872" lat="-2.7133407516" lon="63.89435948535">
    <tag k="local_x" v="-586.9632"/>
    <tag k="local_y" v="55.3389"/>
    <tag k="ele" v="1.3818"/>
  </node>
  <node id="4876" lat="-2.71335845345" lon="63.89436230141">
    <tag k="local_x" v="-586.6516"/>
    <tag k="local_y" v="53.3818"/>
    <tag k="ele" v="1.3818"/>
  </node>
  <node id="4882" lat="-2.7133296795" lon="63.8943287732">
    <tag k="local_x" v="-590.3764"/>
    <tag k="local_y" v="56.5654"/>
    <tag k="ele" v="1.3818"/>
  </node>
  <node id="4886" lat="-2.71334564084" lon="63.89433286986">
    <tag k="local_x" v="-589.9223"/>
    <tag k="local_y" v="54.8006"/>
    <tag k="ele" v="1.3818"/>
  </node>
  <node id="4890" lat="-2.71336189339" lon="63.89433585487">
    <tag k="local_x" v="-589.5918"/>
    <tag k="local_y" v="53.0037"/>
    <tag k="ele" v="1.3818"/>
  </node>
  <node id="7015" lat="-2.71357860456" lon="63.89796355581">
    <tag k="local_x" v="-186.3374"/>
    <tag k="local_y" v="28.7485"/>
    <tag k="ele" v="1.858"/>
  </node>
  <node id="7016" lat="-2.71358063138" lon="63.89793860694">
    <tag k="local_x" v="-189.111"/>
    <tag k="local_y" v="28.5265"/>
    <tag k="ele" v="1.891"/>
  </node>
  <node id="8036" lat="-2.7134402329" lon="63.8979520661">
    <tag k="local_x" v="-187.6033"/>
    <tag k="local_y" v="44.0459"/>
    <tag k="ele" v="1.8594"/>
  </node>
  <node id="8037" lat="-2.71344234664" lon="63.89792702555">
    <tag k="local_x" v="-190.3871"/>
    <tag k="local_y" v="43.8143"/>
    <tag k="ele" v="1.895"/>
  </node>
  <node id="9780" lat="-2.71296113948" lon="63.89713233057">
    <tag k="local_x" v="-278.6897"/>
    <tag k="local_y" v="97.0754"/>
    <tag k="ele" v="1.7888"/>
  </node>
  <node id="9781" lat="-2.7129865617" lon="63.89713442911">
    <tag k="local_x" v="-278.4585"/>
    <tag k="local_y" v="94.2649"/>
    <tag k="ele" v="1.7986"/>
  </node>
  <node id="9881" lat="-2.71224957573" lon="63.899212018">
    <tag k="local_x" v="-47.4433"/>
    <tag k="local_y" v="175.5645"/>
    <tag k="ele" v="2.0207"/>
  </node>
  <node id="9882" lat="-2.71227482429" lon="63.89921405438">
    <tag k="local_x" v="-47.219"/>
    <tag k="local_y" v="172.7732"/>
    <tag k="ele" v="2.0105"/>
  </node>
  <node id="9905" lat="-2.71233543198" lon="63.89816884509">
    <tag k="local_x" v="-163.4145"/>
    <tag k="local_y" v="166.1595"/>
    <tag k="ele" v="1.9497"/>
  </node>
  <node id="9906" lat="-2.7123612025" lon="63.89817088633">
    <tag k="local_x" v="-163.1897"/>
    <tag k="local_y" v="163.3105"/>
    <tag k="ele" v="1.9213"/>
  </node>
  <node id="10160" lat="-2.71317882738" lon="63.89793110945">
    <tag k="local_x" v="-189.9115"/>
    <tag k="local_y" v="72.945"/>
    <tag k="ele" v="1.8619"/>
  </node>
  <node id="10161" lat="-2.71318089684" lon="63.8979060014">
    <tag k="local_x" v="-192.7028"/>
    <tag k="local_y" v="72.7183"/>
    <tag k="ele" v="1.8993"/>
  </node>
  <node id="10167" lat="-2.71326261799" lon="63.89793803856">
    <tag k="local_x" v="-189.1481"/>
    <tag k="local_y" v="63.6817"/>
    <tag k="ele" v="1.8636"/>
  </node>
  <node id="10168" lat="-2.71326475076" lon="63.89791294944">
    <tag k="local_x" v="-191.9373"/>
    <tag k="local_y" v="63.448"/>
    <tag k="ele" v="1.8973"/>
  </node>
  <node id="10174" lat="-2.7132966505" lon="63.89794091709">
    <tag k="local_x" v="-188.8309"/>
    <tag k="local_y" v="59.9193"/>
    <tag k="ele" v="1.8656"/>
  </node>
  <node id="10175" lat="-2.7132987833" lon="63.89791578569">
    <tag k="local_x" v="-191.6248"/>
    <tag k="local_y" v="59.6856"/>
    <tag k="ele" v="1.8967"/>
  </node>
  <node id="10332" lat="-2.71372810778" lon="63.89797562677">
    <tag k="local_x" v="-185.0078"/>
    <tag k="local_y" v="12.2205"/>
    <tag k="ele" v="1.8353"/>
  </node>
  <node id="10333" lat="-2.71373027299" lon="63.89795071218">
    <tag k="local_x" v="-187.7776"/>
    <tag k="local_y" v="11.9832"/>
    <tag k="ele" v="1.8775"/>
  </node>
  <node id="10339" lat="-2.71386735926" lon="63.89798757862">
    <tag k="local_x" v="-183.6906"/>
    <tag k="local_y" v="-3.1742"/>
    <tag k="ele" v="1.8289"/>
  </node>
  <node id="10340" lat="-2.71386952173" lon="63.89796269282">
    <tag k="local_x" v="-186.4572"/>
    <tag k="local_y" v="-3.4112"/>
    <tag k="ele" v="1.8761"/>
  </node>
  <node id="10718" lat="-2.71420397559" lon="63.89791319992">
    <tag k="local_x" v="-191.9865"/>
    <tag k="local_y" v="-40.3797"/>
    <tag k="ele" v="1.8428"/>
  </node>
  <node id="10741" lat="-2.71390412621" lon="63.89799067418">
    <tag k="local_x" v="-183.3495"/>
    <tag k="local_y" v="-7.2389"/>
    <tag k="ele" v="1.8516"/>
  </node>
  <node id="10743" lat="-2.71391658209" lon="63.89799128428">
    <tag k="local_x" v="-183.2827"/>
    <tag k="local_y" v="-8.6159"/>
    <tag k="ele" v="1.8516"/>
  </node>
  <node id="10746" lat="-2.71392745849" lon="63.89799076246">
    <tag k="local_x" v="-183.3416"/>
    <tag k="local_y" v="-9.8182"/>
    <tag k="ele" v="1.8516"/>
  </node>
  <node id="10749" lat="-2.71394150343" lon="63.8979893812">
    <tag k="local_x" v="-183.4963"/>
    <tag k="local_y" v="-11.3707"/>
    <tag k="ele" v="1.8516"/>
  </node>
  <node id="10752" lat="-2.71395540805" lon="63.89798692755">
    <tag k="local_x" v="-183.7702"/>
    <tag k="local_y" v="-12.9076"/>
    <tag k="ele" v="1.8516"/>
  </node>
  <node id="10755" lat="-2.71397547439" lon="63.89798139743">
    <tag k="local_x" v="-184.3866"/>
    <tag k="local_y" v="-15.1254"/>
    <tag k="ele" v="1.8516"/>
  </node>
  <node id="10766" lat="-2.71390532353" lon="63.89796572109">
    <tag k="local_x" v="-186.1235"/>
    <tag k="local_y" v="-7.3692"/>
    <tag k="ele" v="1.8516"/>
  </node>
  <node id="10769" lat="-2.71391763953" lon="63.89796588581">
    <tag k="local_x" v="-186.1062"/>
    <tag k="local_y" v="-8.7307"/>
    <tag k="ele" v="1.8516"/>
  </node>
  <node id="10772" lat="-2.71392976265" lon="63.89796511303">
    <tag k="local_x" v="-186.1931"/>
    <tag k="local_y" v="-10.0708"/>
    <tag k="ele" v="1.8516"/>
  </node>
  <node id="10775" lat="-2.71394178152" lon="63.89796341542">
    <tag k="local_x" v="-186.3828"/>
    <tag k="local_y" v="-11.3993"/>
    <tag k="ele" v="1.8516"/>
  </node>
  <node id="10778" lat="-2.71395362558" lon="63.89796080463">
    <tag k="local_x" v="-186.674"/>
    <tag k="local_y" v="-12.7084"/>
    <tag k="ele" v="1.8516"/>
  </node>
  <node id="10781" lat="-2.71396522336" lon="63.89795729768">
    <tag k="local_x" v="-187.0648"/>
    <tag k="local_y" v="-13.9902"/>
    <tag k="ele" v="1.8516"/>
  </node>
  <node id="10784" lat="-2.71397650789" lon="63.89795291702">
    <tag k="local_x" v="-187.5527"/>
    <tag k="local_y" v="-15.2373"/>
    <tag k="ele" v="1.8516"/>
  </node>
  <node id="10823" lat="-2.71411979474" lon="63.89793342842">
    <tag k="local_x" v="-189.7309"/>
    <tag k="local_y" v="-31.0755"/>
    <tag k="ele" v="1.8592"/>
  </node>
  <node id="10824" lat="-2.71412245442" lon="63.89790654414">
    <tag k="local_x" v="-192.7197"/>
    <tag k="local_y" v="-31.3673"/>
    <tag k="ele" v="1.8597"/>
  </node>
  <node id="10926" lat="-2.71383172344" lon="63.89445698685">
    <tag k="local_x" v="-576.1646"/>
    <tag k="local_y" v="1.0559"/>
    <tag k="ele" v="2.9548"/>
  </node>
  <node id="10927" lat="-2.71298211103" lon="63.89634524111">
    <tag k="local_x" v="-366.188"/>
    <tag k="local_y" v="94.8219"/>
    <tag k="ele" v="0.9723"/>
  </node>
  <node id="11380" lat="-2.71334887727" lon="63.8951885428">
    <tag k="local_x" v="-494.802"/>
    <tag k="local_y" v="54.3725"/>
    <tag k="ele" v="1.4548"/>
  </node>
  <node id="11381" lat="-2.71335096769" lon="63.89516437208">
    <tag k="local_x" v="-497.4891"/>
    <tag k="local_y" v="54.1434"/>
    <tag k="ele" v="1.4548"/>
  </node>
  <node id="11432" lat="-2.71336335442" lon="63.8951278327">
    <tag k="local_x" v="-501.552"/>
    <tag k="local_y" v="52.7771"/>
    <tag k="ele" v="1.61"/>
  </node>
  <node id="11433" lat="-2.71336126941" lon="63.89515203221">
    <tag k="local_x" v="-498.8617"/>
    <tag k="local_y" v="53.0056"/>
    <tag k="ele" v="1.61"/>
  </node>
  <node id="11518" lat="-2.71314916627" lon="63.89565744062">
    <tag k="local_x" v="-442.6608"/>
    <tag k="local_y" v="76.4112"/>
    <tag k="ele" v="1.4923"/>
  </node>
  <node id="11519" lat="-2.71315458895" lon="63.89565675735">
    <tag k="local_x" v="-442.7372"/>
    <tag k="local_y" v="75.8118"/>
    <tag k="ele" v="1.4923"/>
  </node>
  <node id="11520" lat="-2.71315951555" lon="63.89565655947">
    <tag k="local_x" v="-442.7596"/>
    <tag k="local_y" v="75.2672"/>
    <tag k="ele" v="1.4923"/>
  </node>
  <node id="11521" lat="-2.71328976886" lon="63.89570163545">
    <tag k="local_x" v="-437.7594"/>
    <tag k="local_y" v="60.8645"/>
    <tag k="ele" v="1.4548"/>
  </node>
  <node id="11522" lat="-2.71329185929" lon="63.89567746474">
    <tag k="local_x" v="-440.4465"/>
    <tag k="local_y" v="60.6354"/>
    <tag k="ele" v="1.4548"/>
  </node>
  <node id="11523" lat="-2.71329842356" lon="63.8956439895">
    <tag k="local_x" v="-444.1683"/>
    <tag k="local_y" v="59.9125"/>
    <tag k="ele" v="1.61"/>
  </node>
  <node id="11524" lat="-2.71329633854" lon="63.895668189">
    <tag k="local_x" v="-441.478"/>
    <tag k="local_y" v="60.141"/>
    <tag k="ele" v="1.61"/>
  </node>
  <node id="11750" lat="-2.7131760711" lon="63.89543467381">
    <tag k="local_x" v="-467.4268"/>
    <tag k="local_y" v="73.4553"/>
    <tag k="ele" v="1.4962"/>
  </node>
  <node id="11751" lat="-2.71314634387" lon="63.89544474957">
    <tag k="local_x" v="-466.3043"/>
    <tag k="local_y" v="76.7407"/>
    <tag k="ele" v="1.5076"/>
  </node>
  <node id="11760" lat="-2.71317174216" lon="63.89540972205">
    <tag k="local_x" v="-470.2002"/>
    <tag k="local_y" v="73.9359"/>
    <tag k="ele" v="1.522"/>
  </node>
  <node id="11761" lat="-2.71316812557" lon="63.89540485184">
    <tag k="local_x" v="-470.7413"/>
    <tag k="local_y" v="74.3361"/>
    <tag k="ele" v="1.5234"/>
  </node>
  <node id="11764" lat="-2.71317581404" lon="63.89542272558">
    <tag k="local_x" v="-468.755"/>
    <tag k="local_y" v="73.4847"/>
    <tag k="ele" v="1.5003"/>
  </node>
  <node id="11765" lat="-2.71317450663" lon="63.89541578176">
    <tag k="local_x" v="-469.5268"/>
    <tag k="local_y" v="73.6298"/>
    <tag k="ele" v="1.5003"/>
  </node>
  <node id="11766" lat="-2.71314340165" lon="63.89544171767">
    <tag k="local_x" v="-466.6411"/>
    <tag k="local_y" v="77.0662"/>
    <tag k="ele" v="1.5003"/>
  </node>
  <node id="11771" lat="-2.71310177718" lon="63.89546143792">
    <tag k="local_x" v="-464.4455"/>
    <tag k="local_y" v="81.666"/>
    <tag k="ele" v="1.5289"/>
  </node>
  <node id="11772" lat="-2.71312689032" lon="63.89546314489">
    <tag k="local_x" v="-464.2578"/>
    <tag k="local_y" v="78.8897"/>
    <tag k="ele" v="1.5231"/>
  </node>
  <node id="11785" lat="-2.71316307226" lon="63.89540028102">
    <tag k="local_x" v="-471.249"/>
    <tag k="local_y" v="74.8951"/>
    <tag k="ele" v="1.5234"/>
  </node>
  <node id="11786" lat="-2.71315705488" lon="63.89539660096">
    <tag k="local_x" v="-471.6576"/>
    <tag k="local_y" v="75.5606"/>
    <tag k="ele" v="1.5234"/>
  </node>
  <node id="11787" lat="-2.71314982175" lon="63.89539409035">
    <tag k="local_x" v="-471.9361"/>
    <tag k="local_y" v="76.3604"/>
    <tag k="ele" v="1.5234"/>
  </node>
  <node id="11788" lat="-2.71314271234" lon="63.895393083">
    <tag k="local_x" v="-472.0475"/>
    <tag k="local_y" v="77.1464"/>
    <tag k="ele" v="1.5234"/>
  </node>
  <node id="11789" lat="-2.71313603755" lon="63.89539274795">
    <tag k="local_x" v="-472.0842"/>
    <tag k="local_y" v="77.8843"/>
    <tag k="ele" v="1.5234"/>
  </node>
  <node id="11793" lat="-2.71313929635" lon="63.89544079799">
    <tag k="local_x" v="-466.743"/>
    <tag k="local_y" v="77.5201"/>
    <tag k="ele" v="1.5234"/>
  </node>
  <node id="11917" lat="-2.71325237573" lon="63.89450922975">
    <tag k="local_x" v="-570.3097"/>
    <tag k="local_y" v="65.0962"/>
    <tag k="ele" v="1.4739"/>
  </node>
  <node id="11918" lat="-2.71322695257" lon="63.89450714206">
    <tag k="local_x" v="-570.5397"/>
    <tag k="local_y" v="67.9068"/>
    <tag k="ele" v="1.4739"/>
  </node>
  <node id="12258" lat="-2.71302957029" lon="63.89639704969">
    <tag k="local_x" v="-360.4326"/>
    <tag k="local_y" v="89.5712"/>
    <tag k="ele" v="1.7037"/>
  </node>
  <node id="12259" lat="-2.71306035042" lon="63.89639918903">
    <tag k="local_x" v="-360.1973"/>
    <tag k="local_y" v="86.1684"/>
    <tag k="ele" v="1.7117"/>
  </node>
  <node id="12360" lat="-2.71323577417" lon="63.8947104686">
    <tag k="local_x" v="-547.9377"/>
    <tag k="local_y" v="66.9149"/>
    <tag k="ele" v="1.4739"/>
  </node>
  <node id="12365" lat="-2.71320664889" lon="63.89471637084">
    <tag k="local_x" v="-547.2792"/>
    <tag k="local_y" v="70.1341"/>
    <tag k="ele" v="1.4739"/>
  </node>
  <node id="12378" lat="-2.71323758883" lon="63.89468731419">
    <tag k="local_x" v="-550.5118"/>
    <tag k="local_y" v="66.7162"/>
    <tag k="ele" v="1.4767"/>
  </node>
  <node id="12379" lat="-2.71321216658" lon="63.8946852274">
    <tag k="local_x" v="-550.7417"/>
    <tag k="local_y" v="69.5267"/>
    <tag k="ele" v="1.4767"/>
  </node>
  <node id="12509" lat="-2.71252931344" lon="63.89643032775">
    <tag k="local_x" v="-356.6923"/>
    <tag k="local_y" v="144.8699"/>
    <tag k="ele" v="0.0182"/>
  </node>
  <node id="12512" lat="-2.71252479513" lon="63.89646168688">
    <tag k="local_x" v="-353.2059"/>
    <tag k="local_y" v="145.3668"/>
    <tag k="ele" v="0.0182"/>
  </node>
  <node id="13073" lat="-2.71230696788" lon="63.89734873637">
    <tag k="local_x" v="-254.5794"/>
    <tag k="local_y" v="169.3737"/>
    <tag k="ele" v="0.8906"/>
  </node>
  <node id="13076" lat="-2.7123328506" lon="63.89735074438">
    <tag k="local_x" v="-254.3583"/>
    <tag k="local_y" v="166.5123"/>
    <tag k="ele" v="0.8906"/>
  </node>
  <node id="13135" lat="-2.71236005544" lon="63.89767971748">
    <tag k="local_x" v="-217.7903"/>
    <tag k="local_y" v="163.4778"/>
    <tag k="ele" v="0.141"/>
  </node>
  <node id="13136" lat="-2.71232649371" lon="63.89757924997">
    <tag k="local_x" v="-228.956"/>
    <tag k="local_y" v="167.1962"/>
    <tag k="ele" v="0.1818"/>
  </node>
  <node id="13138" lat="-2.71238469285" lon="63.89767157839">
    <tag k="local_x" v="-218.6971"/>
    <tag k="local_y" v="160.7549"/>
    <tag k="ele" v="0.141"/>
  </node>
  <node id="13139" lat="-2.71235113203" lon="63.89757111088">
    <tag k="local_x" v="-229.8628"/>
    <tag k="local_y" v="164.4732"/>
    <tag k="ele" v="0.1818"/>
  </node>
  <node id="13174" lat="-2.71234850208" lon="63.89756298227">
    <tag k="local_x" v="-230.7662"/>
    <tag k="local_y" v="164.7646"/>
    <tag k="ele" v="0.1818"/>
  </node>
  <node id="13177" lat="-2.71234485032" lon="63.89755069961">
    <tag k="local_x" v="-232.1313"/>
    <tag k="local_y" v="165.1693"/>
    <tag k="ele" v="0.1818"/>
  </node>
  <node id="13180" lat="-2.71234155053" lon="63.89753831826">
    <tag k="local_x" v="-233.5074"/>
    <tag k="local_y" v="165.5351"/>
    <tag k="ele" v="0.1818"/>
  </node>
  <node id="13183" lat="-2.71233860721" lon="63.89752584901">
    <tag k="local_x" v="-234.8933"/>
    <tag k="local_y" v="165.8615"/>
    <tag k="ele" v="0.1818"/>
  </node>
  <node id="13186" lat="-2.71233602217" lon="63.89751330177">
    <tag k="local_x" v="-236.2879"/>
    <tag k="local_y" v="166.1483"/>
    <tag k="ele" v="0.1818"/>
  </node>
  <node id="13189" lat="-2.71233379631" lon="63.89750068553">
    <tag k="local_x" v="-237.6902"/>
    <tag k="local_y" v="166.3954"/>
    <tag k="ele" v="0.1818"/>
  </node>
  <node id="13192" lat="-2.71233193324" lon="63.89748801198">
    <tag k="local_x" v="-239.0989"/>
    <tag k="local_y" v="166.6024"/>
    <tag k="ele" v="0.1818"/>
  </node>
  <node id="13195" lat="-2.71233043385" lon="63.89747529102">
    <tag k="local_x" v="-240.5129"/>
    <tag k="local_y" v="166.7692"/>
    <tag k="ele" v="0.1818"/>
  </node>
  <node id="13198" lat="-2.71232929904" lon="63.89746253255">
    <tag k="local_x" v="-241.9311"/>
    <tag k="local_y" v="166.8957"/>
    <tag k="ele" v="0.1818"/>
  </node>
  <node id="13201" lat="-2.71232852971" lon="63.89744974646">
    <tag k="local_x" v="-243.3524"/>
    <tag k="local_y" v="166.9818"/>
    <tag k="ele" v="0.1818"/>
  </node>
  <node id="13204" lat="-2.71232812676" lon="63.89743694445">
    <tag k="local_x" v="-244.7755"/>
    <tag k="local_y" v="167.0274"/>
    <tag k="ele" v="0.1818"/>
  </node>
  <node id="13207" lat="-2.71232809107" lon="63.89742413641">
    <tag k="local_x" v="-246.1993"/>
    <tag k="local_y" v="167.0324"/>
    <tag k="ele" v="0.1818"/>
  </node>
  <node id="13210" lat="-2.71232842085" lon="63.89741133224">
    <tag k="local_x" v="-247.6227"/>
    <tag k="local_y" v="166.997"/>
    <tag k="ele" v="0.1818"/>
  </node>
  <node id="13213" lat="-2.71232912244" lon="63.89739848157">
    <tag k="local_x" v="-249.0513"/>
    <tag k="local_y" v="166.9205"/>
    <tag k="ele" v="0.1818"/>
  </node>
  <node id="13215" lat="-2.71232371304" lon="63.89757065438">
    <tag k="local_x" v="-229.9113"/>
    <tag k="local_y" v="167.5043"/>
    <tag k="ele" v="0.1818"/>
  </node>
  <node id="13218" lat="-2.71231985104" lon="63.8975576672">
    <tag k="local_x" v="-231.3547"/>
    <tag k="local_y" v="167.9323"/>
    <tag k="ele" v="0.1818"/>
  </node>
  <node id="13221" lat="-2.71231636271" lon="63.89754457596">
    <tag k="local_x" v="-232.8097"/>
    <tag k="local_y" v="168.319"/>
    <tag k="ele" v="0.1818"/>
  </node>
  <node id="13224" lat="-2.71231325077" lon="63.89753139053">
    <tag k="local_x" v="-234.2752"/>
    <tag k="local_y" v="168.6641"/>
    <tag k="ele" v="0.1818"/>
  </node>
  <node id="13227" lat="-2.712310517" lon="63.89751812353">
    <tag k="local_x" v="-235.7498"/>
    <tag k="local_y" v="168.9674"/>
    <tag k="ele" v="0.1818"/>
  </node>
  <node id="13230" lat="-2.71230816413" lon="63.89750478304">
    <tag k="local_x" v="-237.2326"/>
    <tag k="local_y" v="169.2286"/>
    <tag k="ele" v="0.1818"/>
  </node>
  <node id="13233" lat="-2.71230619396" lon="63.89749138256">
    <tag k="local_x" v="-238.7221"/>
    <tag k="local_y" v="169.4475"/>
    <tag k="ele" v="0.1818"/>
  </node>
  <node id="13236" lat="-2.71230460827" lon="63.8974779311">
    <tag k="local_x" v="-240.2173"/>
    <tag k="local_y" v="169.6239"/>
    <tag k="ele" v="0.1818"/>
  </node>
  <node id="13239" lat="-2.71230340888" lon="63.89746444033">
    <tag k="local_x" v="-241.7169"/>
    <tag k="local_y" v="169.7576"/>
    <tag k="ele" v="0.1818"/>
  </node>
  <node id="13242" lat="-2.71230259486" lon="63.89745092106">
    <tag k="local_x" v="-243.2197"/>
    <tag k="local_y" v="169.8487"/>
    <tag k="ele" v="0.1818"/>
  </node>
  <node id="13245" lat="-2.71230216894" lon="63.89743738499">
    <tag k="local_x" v="-244.7244"/>
    <tag k="local_y" v="169.8969"/>
    <tag k="ele" v="0.1818"/>
  </node>
  <node id="13248" lat="-2.71230213109" lon="63.89742384111">
    <tag k="local_x" v="-246.23"/>
    <tag k="local_y" v="169.9022"/>
    <tag k="ele" v="0.1818"/>
  </node>
  <node id="13251" lat="-2.7123024804" lon="63.89741030291">
    <tag k="local_x" v="-247.735"/>
    <tag k="local_y" v="169.8647"/>
    <tag k="ele" v="0.1818"/>
  </node>
  <node id="13254" lat="-2.71230321321" lon="63.89739684055">
    <tag k="local_x" v="-249.2316"/>
    <tag k="local_y" v="169.7848"/>
    <tag k="ele" v="0.1818"/>
  </node>
  <node id="13503" lat="-2.71254025702" lon="63.89523085739">
    <tag k="local_x" v="-490.032"/>
    <tag k="local_y" v="143.7588"/>
    <tag k="ele" v="-0.1174"/>
  </node>
  <node id="13506" lat="-2.71256094268" lon="63.89524645848">
    <tag k="local_x" v="-488.2994"/>
    <tag k="local_y" v="141.4708"/>
    <tag k="ele" v="-0.1174"/>
  </node>
  <node id="14851" lat="-2.71231822575" lon="63.89787028921">
    <tag k="local_x" v="-196.602"/>
    <tag k="local_y" v="168.0862"/>
    <tag k="ele" v="0.1406"/>
  </node>
  <node id="14852" lat="-2.71233294682" lon="63.8979399489">
    <tag k="local_x" v="-188.8595"/>
    <tag k="local_y" v="166.4531"/>
    <tag k="ele" v="0.2497"/>
  </node>
  <node id="14854" lat="-2.71229281882" lon="63.8978755995">
    <tag k="local_x" v="-196.0096"/>
    <tag k="local_y" v="170.8944"/>
    <tag k="ele" v="0.1406"/>
  </node>
  <node id="14855" lat="-2.71230753989" lon="63.89794525919">
    <tag k="local_x" v="-188.2671"/>
    <tag k="local_y" v="169.2613"/>
    <tag k="ele" v="0.2497"/>
  </node>
  <node id="15035" lat="-2.71303278436" lon="63.89636056925">
    <tag k="local_x" v="-364.4882"/>
    <tag k="local_y" v="89.2189"/>
    <tag k="ele" v="1.777"/>
  </node>
  <node id="15036" lat="-2.71306353682" lon="63.89636343183">
    <tag k="local_x" v="-364.1725"/>
    <tag k="local_y" v="85.8191"/>
    <tag k="ele" v="1.7892"/>
  </node>
  <node id="15049" lat="-2.71304882299" lon="63.89624385516">
    <tag k="local_x" v="-377.464"/>
    <tag k="local_y" v="87.4555"/>
    <tag k="ele" v="1.8432"/>
  </node>
  <node id="15050" lat="-2.71304389449" lon="63.89630005822">
    <tag k="local_x" v="-371.2158"/>
    <tag k="local_y" v="87.9957"/>
    <tag k="ele" v="1.8492"/>
  </node>
  <node id="15051" lat="-2.71307410631" lon="63.89624541294">
    <tag k="local_x" v="-377.2929"/>
    <tag k="local_y" v="84.6604"/>
    <tag k="ele" v="1.8528"/>
  </node>
  <node id="15052" lat="-2.71306927957" lon="63.89630222598">
    <tag k="local_x" v="-370.9769"/>
    <tag k="local_y" v="85.1893"/>
    <tag k="ele" v="1.8585"/>
  </node>
  <node id="15106" lat="-2.7129601042" lon="63.89745324991">
    <tag k="local_x" v="-243.0147"/>
    <tag k="local_y" v="97.1634"/>
    <tag k="ele" v="1.8487"/>
  </node>
  <node id="15107" lat="-2.71293153766" lon="63.89776888916">
    <tag k="local_x" v="-207.9244"/>
    <tag k="local_y" v="100.2953"/>
    <tag k="ele" v="1.8368"/>
  </node>
  <node id="15109" lat="-2.71293504564" lon="63.89745114984">
    <tag k="local_x" v="-243.2461"/>
    <tag k="local_y" v="99.9337"/>
    <tag k="ele" v="1.8487"/>
  </node>
  <node id="15110" lat="-2.7129064791" lon="63.89776678818">
    <tag k="local_x" v="-208.1559"/>
    <tag k="local_y" v="103.0656"/>
    <tag k="ele" v="1.8368"/>
  </node>
  <node id="15635" lat="-2.71220313944" lon="63.89945487788">
    <tag k="local_x" v="-20.442"/>
    <tag k="local_y" v="180.6778"/>
    <tag k="ele" v="2.0368"/>
  </node>
  <node id="15636" lat="-2.71223506247" lon="63.8994552496">
    <tag k="local_x" v="-20.4033"/>
    <tag k="local_y" v="177.1488"/>
    <tag k="ele" v="2.0368"/>
  </node>
  <node id="15719" lat="-2.71317535709" lon="63.89566239402">
    <tag k="local_x" v="-442.1123"/>
    <tag k="local_y" v="73.5155"/>
    <tag k="ele" v="1.4923"/>
  </node>
  <node id="15721" lat="-2.71318216467" lon="63.89566055852">
    <tag k="local_x" v="-442.3169"/>
    <tag k="local_y" v="72.7631"/>
    <tag k="ele" v="1.4923"/>
  </node>
  <node id="15723" lat="-2.71318973053" lon="63.89565963663">
    <tag k="local_x" v="-442.42"/>
    <tag k="local_y" v="71.9268"/>
    <tag k="ele" v="1.4923"/>
  </node>
  <node id="15740" lat="-2.71316781043" lon="63.89563630734">
    <tag k="local_x" v="-445.0116"/>
    <tag k="local_y" v="74.3519"/>
    <tag k="ele" v="1.4923"/>
  </node>
  <node id="15742" lat="-2.71317843895" lon="63.89563458889">
    <tag k="local_x" v="-445.2035"/>
    <tag k="local_y" v="73.1771"/>
    <tag k="ele" v="1.4923"/>
  </node>
  <node id="15744" lat="-2.71318834414" lon="63.89563483637">
    <tag k="local_x" v="-445.1768"/>
    <tag k="local_y" v="72.0821"/>
    <tag k="ele" v="1.4923"/>
  </node>
  <node id="15849" lat="-2.71321034364" lon="63.89516356609">
    <tag k="local_x" v="-497.5672"/>
    <tag k="local_y" v="69.6889"/>
    <tag k="ele" v="1.4923"/>
  </node>
  <node id="15853" lat="-2.71321570515" lon="63.89515877984">
    <tag k="local_x" v="-498.0997"/>
    <tag k="local_y" v="69.0966"/>
    <tag k="ele" v="1.4923"/>
  </node>
  <node id="15855" lat="-2.7132223646" lon="63.89515419875">
    <tag k="local_x" v="-498.6095"/>
    <tag k="local_y" v="68.3608"/>
    <tag k="ele" v="1.4923"/>
  </node>
  <node id="15857" lat="-2.71323172825" lon="63.89515037618">
    <tag k="local_x" v="-499.0352"/>
    <tag k="local_y" v="67.326"/>
    <tag k="ele" v="1.4923"/>
  </node>
  <node id="15859" lat="-2.71324146" lon="63.89514786185">
    <tag k="local_x" v="-499.3155"/>
    <tag k="local_y" v="66.2504"/>
    <tag k="ele" v="1.4923"/>
  </node>
  <node id="15873" lat="-2.71318770929" lon="63.89514335058">
    <tag k="local_x" v="-499.8126"/>
    <tag k="local_y" v="72.1927"/>
    <tag k="ele" v="1.4923"/>
  </node>
  <node id="15875" lat="-2.71319583068" lon="63.8951362005">
    <tag k="local_x" v="-500.6081"/>
    <tag k="local_y" v="71.2955"/>
    <tag k="ele" v="1.4923"/>
  </node>
  <node id="15877" lat="-2.71320481872" lon="63.89513022409">
    <tag k="local_x" v="-501.2732"/>
    <tag k="local_y" v="70.3024"/>
    <tag k="ele" v="1.4923"/>
  </node>
  <node id="15879" lat="-2.71321450816" lon="63.89512621825">
    <tag k="local_x" v="-501.7193"/>
    <tag k="local_y" v="69.2316"/>
    <tag k="ele" v="1.4923"/>
  </node>
  <node id="15881" lat="-2.7132246074" lon="63.89512340644">
    <tag k="local_x" v="-502.0327"/>
    <tag k="local_y" v="68.1154"/>
    <tag k="ele" v="1.4923"/>
  </node>
  <node id="15883" lat="-2.71323496805" lon="63.89512182812">
    <tag k="local_x" v="-502.209"/>
    <tag k="local_y" v="66.9702"/>
    <tag k="ele" v="1.4923"/>
  </node>
  <node id="15885" lat="-2.71324507087" lon="63.89512150091">
    <tag k="local_x" v="-502.2462"/>
    <tag k="local_y" v="65.8534"/>
    <tag k="ele" v="1.4923"/>
  </node>
  <node id="16252" lat="-2.71399208139" lon="63.89797484825">
    <tag k="local_x" v="-185.116"/>
    <tag k="local_y" v="-16.9607"/>
    <tag k="ele" v="1.8516"/>
  </node>
  <node id="16253" lat="-2.71398071578" lon="63.8979508997">
    <tag k="local_x" v="-187.7773"/>
    <tag k="local_y" v="-15.7023"/>
    <tag k="ele" v="1.8516"/>
  </node>
  <node id="16259" lat="-2.7140628976" lon="63.89794261958">
    <tag k="local_x" v="-188.7045"/>
    <tag k="local_y" v="-24.7865"/>
    <tag k="ele" v="1.8516"/>
  </node>
  <node id="16262" lat="-2.71407406698" lon="63.89793859956">
    <tag k="local_x" v="-189.1523"/>
    <tag k="local_y" v="-26.0209"/>
    <tag k="ele" v="1.8516"/>
  </node>
  <node id="16265" lat="-2.71408536126" lon="63.8979357023">
    <tag k="local_x" v="-189.4753"/>
    <tag k="local_y" v="-27.2692"/>
    <tag k="ele" v="1.8516"/>
  </node>
  <node id="16268" lat="-2.71409687366" lon="63.89793387478">
    <tag k="local_x" v="-189.6794"/>
    <tag k="local_y" v="-28.5417"/>
    <tag k="ele" v="1.8516"/>
  </node>
  <node id="16271" lat="-2.71410850284" lon="63.89793313132">
    <tag k="local_x" v="-189.763"/>
    <tag k="local_y" v="-29.8272"/>
    <tag k="ele" v="1.8516"/>
  </node>
  <node id="16274" lat="-2.71405295087" lon="63.89791805497">
    <tag k="local_x" v="-191.4344"/>
    <tag k="local_y" v="-23.6849"/>
    <tag k="ele" v="1.8516"/>
  </node>
  <node id="16277" lat="-2.71406605036" lon="63.89791322587">
    <tag k="local_x" v="-191.9723"/>
    <tag k="local_y" v="-25.1326"/>
    <tag k="ele" v="1.8516"/>
  </node>
  <node id="16280" lat="-2.71407975415" lon="63.89790958104">
    <tag k="local_x" v="-192.3786"/>
    <tag k="local_y" v="-26.6472"/>
    <tag k="ele" v="1.8516"/>
  </node>
  <node id="16283" lat="-2.71409374734" lon="63.89790723091">
    <tag k="local_x" v="-192.641"/>
    <tag k="local_y" v="-28.1939"/>
    <tag k="ele" v="1.8516"/>
  </node>
  <node id="16286" lat="-2.7141079051" lon="63.89790619966">
    <tag k="local_x" v="-192.7568"/>
    <tag k="local_y" v="-29.7589"/>
    <tag k="ele" v="1.8516"/>
  </node>
  <node id="16452" lat="-2.71401239273" lon="63.89793436746">
    <tag k="local_x" v="-189.6177"/>
    <tag k="local_y" v="-19.2027"/>
    <tag k="ele" v="1.8516"/>
  </node>
  <node id="16455" lat="-2.71402345279" lon="63.89793136837">
    <tag k="local_x" v="-189.952"/>
    <tag k="local_y" v="-20.4251"/>
    <tag k="ele" v="1.8516"/>
  </node>
  <node id="16458" lat="-2.71403474904" lon="63.89792946243">
    <tag k="local_x" v="-190.1648"/>
    <tag k="local_y" v="-21.6737"/>
    <tag k="ele" v="1.8516"/>
  </node>
  <node id="16461" lat="-2.71404617202" lon="63.89792866845">
    <tag k="local_x" v="-190.254"/>
    <tag k="local_y" v="-22.9364"/>
    <tag k="ele" v="1.8516"/>
  </node>
  <node id="16465" lat="-2.71399954606" lon="63.89791072637">
    <tag k="local_x" v="-192.2447"/>
    <tag k="local_y" v="-17.7806"/>
    <tag k="ele" v="1.8516"/>
  </node>
  <node id="16468" lat="-2.71401296897" lon="63.89790646783">
    <tag k="local_x" v="-192.7192"/>
    <tag k="local_y" v="-19.2641"/>
    <tag k="ele" v="1.8516"/>
  </node>
  <node id="16471" lat="-2.71402675273" lon="63.89790353822">
    <tag k="local_x" v="-193.046"/>
    <tag k="local_y" v="-20.7876"/>
    <tag k="ele" v="1.8516"/>
  </node>
  <node id="16474" lat="-2.71404076525" lon="63.89790196533">
    <tag k="local_x" v="-193.222"/>
    <tag k="local_y" v="-22.3365"/>
    <tag k="ele" v="1.8516"/>
  </node>
  <node id="16477" lat="-2.71405465011" lon="63.89790175878">
    <tag k="local_x" v="-193.2461"/>
    <tag k="local_y" v="-23.8714"/>
    <tag k="ele" v="1.8516"/>
  </node>
  <node id="19125" lat="-2.71328045703" lon="63.89963098935">
    <tag k="local_x" v="-0.9531"/>
    <tag k="local_y" v="61.5699"/>
    <tag k="ele" v="1.9586"/>
  </node>
  <node id="19129" lat="-2.71328239197" lon="63.89960557355">
    <tag k="local_x" v="-3.7786"/>
    <tag k="local_y" v="61.3581"/>
    <tag k="ele" v="1.9412"/>
  </node>
  <node id="19406" lat="-2.71383260699" lon="63.89967848082">
    <tag k="local_x" v="4.2809"/>
    <tag k="local_y" v="0.5279"/>
    <tag k="ele" v="1.8893"/>
  </node>
  <node id="19409" lat="-2.71383514611" lon="63.8996531959">
    <tag k="local_x" v="1.4699"/>
    <tag k="local_y" v="0.2493"/>
    <tag k="ele" v="1.8706"/>
  </node>
  <node id="20527" lat="-2.71281727209" lon="63.89925485184">
    <tag k="local_x" v="-42.7283"/>
    <tag k="local_y" v="112.8043"/>
    <tag k="ele" v="1.985"/>
  </node>
  <node id="20530" lat="-2.71284382811" lon="63.8992419438">
    <tag k="local_x" v="-44.1654"/>
    <tag k="local_y" v="109.8697"/>
    <tag k="ele" v="1.985"/>
  </node>
  <node id="20535" lat="-2.71285333458" lon="63.89928064922">
    <tag k="local_x" v="-39.8635"/>
    <tag k="local_y" v="108.8156"/>
    <tag k="ele" v="1.9962"/>
  </node>
  <node id="20537" lat="-2.71285332921" lon="63.89926966913">
    <tag k="local_x" v="-41.0841"/>
    <tag k="local_y" v="108.8171"/>
    <tag k="ele" v="1.9962"/>
  </node>
  <node id="20539" lat="-2.71285252758" lon="63.89926018352">
    <tag k="local_x" v="-42.1385"/>
    <tag k="local_y" v="108.9065"/>
    <tag k="ele" v="1.9962"/>
  </node>
  <node id="20541" lat="-2.71284876312" lon="63.89925107264">
    <tag k="local_x" v="-43.151"/>
    <tag k="local_y" v="109.3234"/>
    <tag k="ele" v="1.9962"/>
  </node>
  <node id="20544" lat="-2.71282620841" lon="63.89928299684">
    <tag k="local_x" v="-39.6003"/>
    <tag k="local_y" v="111.8141"/>
    <tag k="ele" v="1.9962"/>
  </node>
  <node id="20547" lat="-2.71282438679" lon="63.89927177792">
    <tag k="local_x" v="-40.8473"/>
    <tag k="local_y" v="112.0164"/>
    <tag k="ele" v="1.9962"/>
  </node>
  <node id="20550" lat="-2.71282078121" lon="63.89926188453">
    <tag k="local_x" v="-41.9468"/>
    <tag k="local_y" v="112.4158"/>
    <tag k="ele" v="1.9962"/>
  </node>
  <node id="20554" lat="-2.71283299383" lon="63.8992200035">
    <tag k="local_x" v="-46.6035"/>
    <tag k="local_y" v="111.0692"/>
    <tag k="ele" v="1.9832"/>
  </node>
  <node id="20556" lat="-2.71283033878" lon="63.89921038519">
    <tag k="local_x" v="-47.6725"/>
    <tag k="local_y" v="111.3635"/>
    <tag k="ele" v="1.9832"/>
  </node>
  <node id="20557" lat="-2.71282820051" lon="63.8991992146">
    <tag k="local_x" v="-48.9141"/>
    <tag k="local_y" v="111.6008"/>
    <tag k="ele" v="1.9832"/>
  </node>
  <node id="20558" lat="-2.71280591831" lon="63.89923326738">
    <tag k="local_x" v="-45.1268"/>
    <tag k="local_y" v="114.0612"/>
    <tag k="ele" v="1.9832"/>
  </node>
  <node id="20559" lat="-2.71280233352" lon="63.89922581453">
    <tag k="local_x" v="-45.955"/>
    <tag k="local_y" v="114.4581"/>
    <tag k="ele" v="1.9832"/>
  </node>
  <node id="20560" lat="-2.71280091445" lon="63.89921701034">
    <tag k="local_x" v="-46.9336"/>
    <tag k="local_y" v="114.6157"/>
    <tag k="ele" v="1.9832"/>
  </node>
  <node id="20561" lat="-2.7128005095" lon="63.89920812323">
    <tag k="local_x" v="-47.9215"/>
    <tag k="local_y" v="114.6612"/>
    <tag k="ele" v="1.9832"/>
  </node>
  <node id="20589" lat="-2.71285306238" lon="63.89890994537">
    <tag k="local_x" v="-81.0727"/>
    <tag k="local_y" v="108.8763"/>
    <tag k="ele" v="1.9962"/>
  </node>
  <node id="20590" lat="-2.71282703105" lon="63.89890223486">
    <tag k="local_x" v="-81.9277"/>
    <tag k="local_y" v="111.7546"/>
    <tag k="ele" v="1.9962"/>
  </node>
  <node id="20608" lat="-2.712850041" lon="63.89885666188">
    <tag k="local_x" v="-86.9957"/>
    <tag k="local_y" v="109.2147"/>
    <tag k="ele" v="1.9742"/>
  </node>
  <node id="20612" lat="-2.71287554601" lon="63.89887143359">
    <tag k="local_x" v="-85.3557"/>
    <tag k="local_y" v="106.394"/>
    <tag k="ele" v="1.9729"/>
  </node>
  <node id="20616" lat="-2.71285671199" lon="63.89889843093">
    <tag k="local_x" v="-82.353"/>
    <tag k="local_y" v="108.4738"/>
    <tag k="ele" v="1.9962"/>
  </node>
  <node id="20620" lat="-2.71286121049" lon="63.8988900512">
    <tag k="local_x" v="-83.2849"/>
    <tag k="local_y" v="107.9772"/>
    <tag k="ele" v="1.9962"/>
  </node>
  <node id="20622" lat="-2.71286621164" lon="63.89888207665">
    <tag k="local_x" v="-84.1718"/>
    <tag k="local_y" v="107.425"/>
    <tag k="ele" v="1.9962"/>
  </node>
  <node id="20624" lat="-2.71282937237" lon="63.8988910451">
    <tag k="local_x" v="-83.1718"/>
    <tag k="local_y" v="111.4967"/>
    <tag k="ele" v="1.9962"/>
  </node>
  <node id="20626" lat="-2.71283282536" lon="63.89888117132">
    <tag k="local_x" v="-84.2697"/>
    <tag k="local_y" v="111.1158"/>
    <tag k="ele" v="1.9962"/>
  </node>
  <node id="20628" lat="-2.71283786811" lon="63.89887200307">
    <tag k="local_x" v="-85.2893"/>
    <tag k="local_y" v="110.5591"/>
    <tag k="ele" v="1.9962"/>
  </node>
  <node id="20630" lat="-2.71284356299" lon="63.89886415857">
    <tag k="local_x" v="-86.1618"/>
    <tag k="local_y" v="109.9302"/>
    <tag k="ele" v="1.9962"/>
  </node>
  <node id="20939" lat="-2.71311272428" lon="63.89792556164">
    <tag k="local_x" v="-190.5228"/>
    <tag k="local_y" v="80.2529"/>
    <tag k="ele" v="1.8671"/>
  </node>
  <node id="20940" lat="-2.71311489319" lon="63.89790052922">
    <tag k="local_x" v="-193.3057"/>
    <tag k="local_y" v="80.0152"/>
    <tag k="ele" v="1.8986"/>
  </node>
  <node id="20987" lat="-2.71333511255" lon="63.89794416951">
    <tag k="local_x" v="-188.4725"/>
    <tag k="local_y" v="55.6672"/>
    <tag k="ele" v="1.8666"/>
  </node>
  <node id="20988" lat="-2.71333724629" lon="63.89791899134">
    <tag k="local_x" v="-191.2716"/>
    <tag k="local_y" v="55.4334"/>
    <tag k="ele" v="1.8964"/>
  </node>
  <node id="20994" lat="-2.7131155084" lon="63.89789071272">
    <tag k="local_x" v="-194.397"/>
    <tag k="local_y" v="79.948"/>
    <tag k="ele" v="1.8671"/>
  </node>
  <node id="20996" lat="-2.7131816115" lon="63.89789626053">
    <tag k="local_x" v="-193.7857"/>
    <tag k="local_y" v="72.6401"/>
    <tag k="ele" v="1.8619"/>
  </node>
  <node id="20997" lat="-2.71322705946" lon="63.8978999463">
    <tag k="local_x" v="-193.3797"/>
    <tag k="local_y" v="67.6157"/>
    <tag k="ele" v="1.8596"/>
  </node>
  <node id="20998" lat="-2.71326540211" lon="63.89790318963">
    <tag k="local_x" v="-193.0223"/>
    <tag k="local_y" v="63.3768"/>
    <tag k="ele" v="1.8636"/>
  </node>
  <node id="20999" lat="-2.71329943462" lon="63.89790606816">
    <tag k="local_x" v="-192.7051"/>
    <tag k="local_y" v="59.6144"/>
    <tag k="ele" v="1.8656"/>
  </node>
  <node id="21000" lat="-2.71333789668" lon="63.89790932059">
    <tag k="local_x" v="-192.3467"/>
    <tag k="local_y" v="55.3623"/>
    <tag k="ele" v="1.8666"/>
  </node>
  <node id="21001" lat="-2.71311767731" lon="63.8978656803">
    <tag k="local_x" v="-197.1799"/>
    <tag k="local_y" v="79.7103"/>
    <tag k="ele" v="1.8986"/>
  </node>
  <node id="21003" lat="-2.71318368096" lon="63.89787115247">
    <tag k="local_x" v="-196.577"/>
    <tag k="local_y" v="72.4134"/>
    <tag k="ele" v="1.8993"/>
  </node>
  <node id="21004" lat="-2.71322824423" lon="63.89787482589">
    <tag k="local_x" v="-196.1723"/>
    <tag k="local_y" v="67.4868"/>
    <tag k="ele" v="1.8984"/>
  </node>
  <node id="21005" lat="-2.71326753488" lon="63.89787810051">
    <tag k="local_x" v="-195.8115"/>
    <tag k="local_y" v="63.1431"/>
    <tag k="ele" v="1.8973"/>
  </node>
  <node id="21006" lat="-2.71330156742" lon="63.89788093677">
    <tag k="local_x" v="-195.499"/>
    <tag k="local_y" v="59.3807"/>
    <tag k="ele" v="1.8967"/>
  </node>
  <node id="21007" lat="-2.71334003042" lon="63.89788414241">
    <tag k="local_x" v="-195.1458"/>
    <tag k="local_y" v="55.1285"/>
    <tag k="ele" v="1.8964"/>
  </node>
  <node id="21055" lat="-2.71340691438" lon="63.89790883627">
    <tag k="local_x" v="-192.4062"/>
    <tag k="local_y" v="47.7327"/>
    <tag k="ele" v="1.8868"/>
  </node>
  <node id="21058" lat="-2.71338881863" lon="63.89792842266">
    <tag k="local_x" v="-190.2274"/>
    <tag k="local_y" v="49.7315"/>
    <tag k="ele" v="1.8868"/>
  </node>
  <node id="21061" lat="-2.71335960039" lon="63.89791342782">
    <tag k="local_x" v="-191.8919"/>
    <tag k="local_y" v="52.9627"/>
    <tag k="ele" v="1.8817"/>
  </node>
  <node id="21067" lat="-2.71337520834" lon="63.89791951141">
    <tag k="local_x" v="-191.2169"/>
    <tag k="local_y" v="51.2368"/>
    <tag k="ele" v="1.8817"/>
  </node>
  <node id="21069" lat="-2.71336873613" lon="63.89788770878">
    <tag k="local_x" v="-194.7517"/>
    <tag k="local_y" v="51.9549"/>
    <tag k="ele" v="1.8817"/>
  </node>
  <node id="21072" lat="-2.71338274073" lon="63.89789190659">
    <tag k="local_x" v="-194.2862"/>
    <tag k="local_y" v="50.4064"/>
    <tag k="ele" v="1.8817"/>
  </node>
  <node id="21075" lat="-2.71339578299" lon="63.89789951665">
    <tag k="local_x" v="-193.4413"/>
    <tag k="local_y" v="48.964"/>
    <tag k="ele" v="1.8817"/>
  </node>
  <node id="21082" lat="-2.71340244078" lon="63.89793840979">
    <tag k="local_x" v="-189.1183"/>
    <tag k="local_y" v="48.2248"/>
    <tag k="ele" v="1.8837"/>
  </node>
  <node id="21085" lat="-2.71341570389" lon="63.8979458482">
    <tag k="local_x" v="-188.2925"/>
    <tag k="local_y" v="46.758"/>
    <tag k="ele" v="1.8837"/>
  </node>
  <node id="21094" lat="-2.71342034792" lon="63.89791821786">
    <tag k="local_x" v="-191.3644"/>
    <tag k="local_y" v="46.2469"/>
    <tag k="ele" v="1.8837"/>
  </node>
  <node id="21115" lat="-2.71369805973" lon="63.89797314878">
    <tag k="local_x" v="-185.2808"/>
    <tag k="local_y" v="15.5424"/>
    <tag k="ele" v="1.851"/>
  </node>
  <node id="21116" lat="-2.71370008655" lon="63.8979482134">
    <tag k="local_x" v="-188.0529"/>
    <tag k="local_y" v="15.3204"/>
    <tag k="ele" v="1.8835"/>
  </node>
  <node id="21125" lat="-2.71370130765" lon="63.89793866631">
    <tag k="local_x" v="-189.1143"/>
    <tag k="local_y" v="15.1862"/>
    <tag k="ele" v="1.851"/>
  </node>
  <node id="21126" lat="-2.71371957404" lon="63.89794013349">
    <tag k="local_x" v="-188.9527"/>
    <tag k="local_y" v="13.1668"/>
    <tag k="ele" v="1.8481"/>
  </node>
  <node id="21127" lat="-2.71373135569" lon="63.8979411443">
    <tag k="local_x" v="-188.8413"/>
    <tag k="local_y" v="11.8643"/>
    <tag k="ele" v="1.8353"/>
  </node>
  <node id="21128" lat="-2.71387060718" lon="63.89795309615">
    <tag k="local_x" v="-187.5241"/>
    <tag k="local_y" v="-3.5304"/>
    <tag k="ele" v="1.8289"/>
  </node>
  <node id="21129" lat="-2.71370333447" lon="63.89791373093">
    <tag k="local_x" v="-191.8864"/>
    <tag k="local_y" v="14.9642"/>
    <tag k="ele" v="1.8835"/>
  </node>
  <node id="21130" lat="-2.713720794" lon="63.89791513454">
    <tag k="local_x" v="-191.7318"/>
    <tag k="local_y" v="13.034"/>
    <tag k="ele" v="1.8804"/>
  </node>
  <node id="21131" lat="-2.7137335209" lon="63.89791622971">
    <tag k="local_x" v="-191.6111"/>
    <tag k="local_y" v="11.627"/>
    <tag k="ele" v="1.8775"/>
  </node>
  <node id="21132" lat="-2.71387276965" lon="63.89792821034">
    <tag k="local_x" v="-190.2907"/>
    <tag k="local_y" v="-3.7674"/>
    <tag k="ele" v="1.8761"/>
  </node>
  <node id="21136" lat="-2.71360503447" lon="63.8979656785">
    <tag k="local_x" v="-186.1036"/>
    <tag k="local_y" v="25.8266"/>
    <tag k="ele" v="1.8573"/>
  </node>
  <node id="21137" lat="-2.7136070622" lon="63.89794073233">
    <tag k="local_x" v="-188.8769"/>
    <tag k="local_y" v="25.6045"/>
    <tag k="ele" v="1.8903"/>
  </node>
  <node id="21173" lat="-2.71364840788" lon="63.89792733412">
    <tag k="local_x" v="-190.3697"/>
    <tag k="local_y" v="21.035"/>
    <tag k="ele" v="1.8786"/>
  </node>
  <node id="21176" lat="-2.71366693059" lon="63.89794776794">
    <tag k="local_x" v="-188.0997"/>
    <tag k="local_y" v="18.9857"/>
    <tag k="ele" v="1.8786"/>
  </node>
  <node id="21182" lat="-2.7136384164" lon="63.89796273277">
    <tag k="local_x" v="-186.4338"/>
    <tag k="local_y" v="22.1366"/>
    <tag k="ele" v="1.8737"/>
  </node>
  <node id="21183" lat="-2.71364737187" lon="63.8979591762">
    <tag k="local_x" v="-186.8299"/>
    <tag k="local_y" v="21.1469"/>
    <tag k="ele" v="1.8737"/>
  </node>
  <node id="21184" lat="-2.71365546627" lon="63.89795427324">
    <tag k="local_x" v="-187.3756"/>
    <tag k="local_y" v="20.2525"/>
    <tag k="ele" v="1.8737"/>
  </node>
  <node id="21186" lat="-2.71362571406" lon="63.89793841712">
    <tag k="local_x" v="-189.1358"/>
    <tag k="local_y" v="23.5428"/>
    <tag k="ele" v="1.8737"/>
  </node>
  <node id="21188" lat="-2.71363724769" lon="63.89793358686">
    <tag k="local_x" v="-189.6737"/>
    <tag k="local_y" v="22.2682"/>
    <tag k="ele" v="1.8737"/>
  </node>
  <node id="21194" lat="-2.71367892923" lon="63.89794287686">
    <tag k="local_x" v="-188.6444"/>
    <tag k="local_y" v="17.6597"/>
    <tag k="ele" v="1.8837"/>
  </node>
  <node id="21196" lat="-2.71368879682" lon="63.89794017284">
    <tag k="local_x" v="-188.9458"/>
    <tag k="local_y" v="16.5691"/>
    <tag k="ele" v="1.8837"/>
  </node>
  <node id="21197" lat="-2.71365892532" lon="63.89792052047">
    <tag k="local_x" v="-191.128"/>
    <tag k="local_y" v="19.8729"/>
    <tag k="ele" v="1.8837"/>
  </node>
  <node id="21198" lat="-2.71366635305" lon="63.89791679365">
    <tag k="local_x" v="-191.5429"/>
    <tag k="local_y" v="19.0521"/>
    <tag k="ele" v="1.8837"/>
  </node>
  <node id="21199" lat="-2.71367520941" lon="63.89791393237">
    <tag k="local_x" v="-191.8617"/>
    <tag k="local_y" v="18.0733"/>
    <tag k="ele" v="1.8837"/>
  </node>
  <node id="21200" lat="-2.71368336051" lon="63.89791305141">
    <tag k="local_x" v="-191.9603"/>
    <tag k="local_y" v="17.1723"/>
    <tag k="ele" v="1.8837"/>
  </node>
  <node id="21208" lat="-2.71390197683" lon="63.8979555931">
    <tag k="local_x" v="-187.2491"/>
    <tag k="local_y" v="-6.9984"/>
    <tag k="ele" v="1.8519"/>
  </node>
  <node id="21210" lat="-2.71392024324" lon="63.89795582788">
    <tag k="local_x" v="-187.2245"/>
    <tag k="local_y" v="-9.0177"/>
    <tag k="ele" v="1.8519"/>
  </node>
  <node id="21212" lat="-2.713938736" lon="63.89795457763">
    <tag k="local_x" v="-187.365"/>
    <tag k="local_y" v="-11.0619"/>
    <tag k="ele" v="1.8519"/>
  </node>
  <node id="21214" lat="-2.7139570788" lon="63.8979518403">
    <tag k="local_x" v="-187.6708"/>
    <tag k="local_y" v="-13.0894"/>
    <tag k="ele" v="1.8519"/>
  </node>
  <node id="21216" lat="-2.71397514951" lon="63.89794763197">
    <tag k="local_x" v="-188.1401"/>
    <tag k="local_y" v="-15.0867"/>
    <tag k="ele" v="1.8519"/>
  </node>
  <node id="21218" lat="-2.71399257625" lon="63.89794206932">
    <tag k="local_x" v="-188.7599"/>
    <tag k="local_y" v="-17.0127"/>
    <tag k="ele" v="1.8519"/>
  </node>
  <node id="21219" lat="-2.71390261421" lon="63.89793061891">
    <tag k="local_x" v="-190.0254"/>
    <tag k="local_y" v="-7.0668"/>
    <tag k="ele" v="1.8519"/>
  </node>
  <node id="21221" lat="-2.71391934302" lon="63.89793056289">
    <tag k="local_x" v="-190.033"/>
    <tag k="local_y" v="-8.9161"/>
    <tag k="ele" v="1.8519"/>
  </node>
  <node id="21223" lat="-2.71393574535" lon="63.89792917077">
    <tag k="local_x" v="-190.1891"/>
    <tag k="local_y" v="-10.7292"/>
    <tag k="ele" v="1.8519"/>
  </node>
  <node id="21225" lat="-2.71395196956" lon="63.89792646426">
    <tag k="local_x" v="-190.4913"/>
    <tag k="local_y" v="-12.5225"/>
    <tag k="ele" v="1.8519"/>
  </node>
  <node id="21227" lat="-2.71396790707" lon="63.89792246305">
    <tag k="local_x" v="-190.9374"/>
    <tag k="local_y" v="-14.284"/>
    <tag k="ele" v="1.8519"/>
  </node>
  <node id="21229" lat="-2.71398370809" lon="63.8979171025">
    <tag k="local_x" v="-191.5346"/>
    <tag k="local_y" v="-16.0303"/>
    <tag k="ele" v="1.8519"/>
  </node>
  <node id="21732" lat="-2.7123372937" lon="63.89729410023">
    <tag k="local_x" v="-260.6555"/>
    <tag k="local_y" v="166.0258"/>
    <tag k="ele" v="0.8263"/>
  </node>
  <node id="21733" lat="-2.71231141097" lon="63.89729209222">
    <tag k="local_x" v="-260.8766"/>
    <tag k="local_y" v="168.8872"/>
    <tag k="ele" v="0.8263"/>
  </node>
  <node id="21739" lat="-2.71401895261" lon="63.89796261869">
    <tag k="local_x" v="-186.4777"/>
    <tag k="local_y" v="-19.9302"/>
    <tag k="ele" v="1.8516"/>
  </node>
  <node id="21740" lat="-2.71400788018" lon="63.89793854801">
    <tag k="local_x" v="-189.1526"/>
    <tag k="local_y" v="-18.7042"/>
    <tag k="ele" v="1.8516"/>
  </node>
  <node id="21994" lat="-2.71357393387" lon="63.89792751035">
    <tag k="local_x" v="-190.344"/>
    <tag k="local_y" v="29.2678"/>
    <tag k="ele" v="1.8353"/>
  </node>
  <node id="21998" lat="-2.71357609907" lon="63.89790259577">
    <tag k="local_x" v="-193.1138"/>
    <tag k="local_y" v="29.0305"/>
    <tag k="ele" v="1.8775"/>
  </node>
  <node id="22003" lat="-2.71356834289" lon="63.89792703036">
    <tag k="local_x" v="-190.3969"/>
    <tag k="local_y" v="29.8859"/>
    <tag k="ele" v="1.8417"/>
  </node>
  <node id="22004" lat="-2.7135705072" lon="63.89790211487">
    <tag k="local_x" v="-193.1668"/>
    <tag k="local_y" v="29.6487"/>
    <tag k="ele" v="1.879"/>
  </node>
  <node id="22011" lat="-2.71364144316" lon="63.8979082177">
    <tag k="local_x" v="-192.4942"/>
    <tag k="local_y" v="21.8065"/>
    <tag k="ele" v="1.8768"/>
  </node>
  <node id="22040" lat="-2.71389141591" lon="63.89788855232">
    <tag k="local_x" v="-194.7008"/>
    <tag k="local_y" v="-5.8254"/>
    <tag k="ele" v="1.8284"/>
  </node>
  <node id="22043" lat="-2.71388919779" lon="63.89791526781">
    <tag k="local_x" v="-191.7308"/>
    <tag k="local_y" v="-5.5824"/>
    <tag k="ele" v="1.8284"/>
  </node>
  <node id="22047" lat="-2.71396200549" lon="63.8979212101">
    <tag k="local_x" v="-191.0762"/>
    <tag k="local_y" v="-13.6315"/>
    <tag k="ele" v="1.8189"/>
  </node>
  <node id="22048" lat="-2.71396421004" lon="63.89789449371">
    <tag k="local_x" v="-194.0463"/>
    <tag k="local_y" v="-13.873"/>
    <tag k="ele" v="1.8189"/>
  </node>
  <node id="22055" lat="-2.71399105947" lon="63.89792357041">
    <tag k="local_x" v="-190.8162"/>
    <tag k="local_y" v="-16.8435"/>
    <tag k="ele" v="1.8185"/>
  </node>
  <node id="22058" lat="-2.71402977675" lon="63.89792665032">
    <tag k="local_x" v="-190.477"/>
    <tag k="local_y" v="-21.1238"/>
    <tag k="ele" v="1.8185"/>
  </node>
  <node id="22061" lat="-2.71406850134" lon="63.89792963577">
    <tag k="local_x" v="-190.1483"/>
    <tag k="local_y" v="-25.4049"/>
    <tag k="ele" v="1.8185"/>
  </node>
  <node id="22066" lat="-2.71399322242" lon="63.8978968297">
    <tag k="local_x" v="-193.789"/>
    <tag k="local_y" v="-17.0804"/>
    <tag k="ele" v="1.8185"/>
  </node>
  <node id="22068" lat="-2.71401899205" lon="63.89789884935">
    <tag k="local_x" v="-193.5666"/>
    <tag k="local_y" v="-19.9293"/>
    <tag k="ele" v="1.8185"/>
  </node>
  <node id="22073" lat="-2.7140834303" lon="63.89790371229">
    <tag k="local_x" v="-193.0313"/>
    <tag k="local_y" v="-27.0531"/>
    <tag k="ele" v="1.8185"/>
  </node>
  <node id="22338" lat="-2.71273935253" lon="63.89780676485">
    <tag k="local_x" v="-203.6982"/>
    <tag k="local_y" v="121.5375"/>
    <tag k="ele" v="1.8872"/>
  </node>
  <node id="22339" lat="-2.71273714887" lon="63.89783230818">
    <tag k="local_x" v="-200.8585"/>
    <tag k="local_y" v="121.779"/>
    <tag k="ele" v="1.8872"/>
  </node>
  <node id="22354" lat="-2.71290241306" lon="63.89778358187">
    <tag k="local_x" v="-206.2887"/>
    <tag k="local_y" v="103.5137"/>
    <tag k="ele" v="1.8364"/>
  </node>
  <node id="22358" lat="-2.71289613703" lon="63.89779681525">
    <tag k="local_x" v="-204.8171"/>
    <tag k="local_y" v="104.2064"/>
    <tag k="ele" v="1.8364"/>
  </node>
  <node id="22362" lat="-2.71288692291" lon="63.89780755376">
    <tag k="local_x" v="-203.6226"/>
    <tag k="local_y" v="105.2241"/>
    <tag k="ele" v="1.8364"/>
  </node>
  <node id="22366" lat="-2.71287547237" lon="63.89781620004">
    <tag k="local_x" v="-202.6605"/>
    <tag k="local_y" v="106.4892"/>
    <tag k="ele" v="1.8364"/>
  </node>
  <node id="22370" lat="-2.71286212964" lon="63.89782090212">
    <tag k="local_x" v="-202.1367"/>
    <tag k="local_y" v="107.9638"/>
    <tag k="ele" v="1.8364"/>
  </node>
  <node id="22374" lat="-2.7128474197" lon="63.89782243762">
    <tag k="local_x" v="-201.9648"/>
    <tag k="local_y" v="109.5898"/>
    <tag k="ele" v="1.8364"/>
  </node>
  <node id="22375" lat="-2.71293003001" lon="63.89778423373">
    <tag k="local_x" v="-206.2185"/>
    <tag k="local_y" v="100.4607"/>
    <tag k="ele" v="1.8364"/>
  </node>
  <node id="22378" lat="-2.71292627211" lon="63.89779903781">
    <tag k="local_x" v="-204.5725"/>
    <tag k="local_y" v="100.8749"/>
    <tag k="ele" v="1.8364"/>
  </node>
  <node id="22380" lat="-2.71292208841" lon="63.89780863939">
    <tag k="local_x" v="-203.5048"/>
    <tag k="local_y" v="101.3366"/>
    <tag k="ele" v="1.8364"/>
  </node>
  <node id="22384" lat="-2.71291012855" lon="63.89782582127">
    <tag k="local_x" v="-201.5938"/>
    <tag k="local_y" v="102.6573"/>
    <tag k="ele" v="1.8364"/>
  </node>
  <node id="22388" lat="-2.71289408986" lon="63.8978393452">
    <tag k="local_x" v="-200.0891"/>
    <tag k="local_y" v="104.4292"/>
    <tag k="ele" v="1.8364"/>
  </node>
  <node id="22392" lat="-2.71287506218" lon="63.89784828094">
    <tag k="local_x" v="-199.0942"/>
    <tag k="local_y" v="106.5319"/>
    <tag k="ele" v="1.8364"/>
  </node>
  <node id="22396" lat="-2.71285434044" lon="63.89785201325">
    <tag k="local_x" v="-198.6776"/>
    <tag k="local_y" v="108.8223"/>
    <tag k="ele" v="1.8364"/>
  </node>
  <node id="22405" lat="-2.7127940055" lon="63.89784466517">
    <tag k="local_x" v="-199.4895"/>
    <tag k="local_y" v="115.4927"/>
    <tag k="ele" v="1.9683"/>
  </node>
  <node id="22408" lat="-2.71279958203" lon="63.89781963438">
    <tag k="local_x" v="-202.2725"/>
    <tag k="local_y" v="114.8783"/>
    <tag k="ele" v="1.9683"/>
  </node>
  <node id="22413" lat="-2.71283108896" lon="63.89782243727">
    <tag k="local_x" v="-201.9635"/>
    <tag k="local_y" v="111.3951"/>
    <tag k="ele" v="1.7923"/>
  </node>
  <node id="22417" lat="-2.71281448762" lon="63.89782139053">
    <tag k="local_x" v="-202.0785"/>
    <tag k="local_y" v="113.2304"/>
    <tag k="ele" v="1.7923"/>
  </node>
  <node id="22420" lat="-2.71283262081" lon="63.89785106168">
    <tag k="local_x" v="-198.7816"/>
    <tag k="local_y" v="111.2234"/>
    <tag k="ele" v="1.7923"/>
  </node>
  <node id="22424" lat="-2.71281424469" lon="63.89784873714">
    <tag k="local_x" v="-199.0385"/>
    <tag k="local_y" v="113.255"/>
    <tag k="ele" v="1.7923"/>
  </node>
  <node id="22609" lat="-2.71246717392" lon="63.89959285301">
    <tag k="local_x" v="-5.1257"/>
    <tag k="local_y" v="151.4784"/>
    <tag k="ele" v="2.1251"/>
  </node>
  <node id="22610" lat="-2.71246932377" lon="63.89956793665">
    <tag k="local_x" v="-7.8957"/>
    <tag k="local_y" v="151.2428"/>
    <tag k="ele" v="2.1251"/>
  </node>
  <node id="22616" lat="-2.71262644969" lon="63.89960701562">
    <tag k="local_x" v="-3.5644"/>
    <tag k="local_y" v="133.8699"/>
    <tag k="ele" v="2.1286"/>
  </node>
  <node id="22618" lat="-2.71262859955" lon="63.89958209926">
    <tag k="local_x" v="-6.3344"/>
    <tag k="local_y" v="133.6343"/>
    <tag k="ele" v="2.1286"/>
  </node>
  <node id="22819" lat="-2.71218844967" lon="63.89956866736">
    <tag k="local_x" v="-7.7914"/>
    <tag k="local_y" v="182.2923"/>
    <tag k="ele" v="2.1269"/>
  </node>
  <node id="22820" lat="-2.71219070467" lon="63.89954105239">
    <tag k="local_x" v="-10.8614"/>
    <tag k="local_y" v="182.0453"/>
    <tag k="ele" v="2.1269"/>
  </node>
  <node id="22900" lat="-2.71268376597" lon="63.89961190663">
    <tag k="local_x" v="-3.0254"/>
    <tag k="local_y" v="127.5334"/>
    <tag k="ele" v="2.1269"/>
  </node>
  <node id="22901" lat="-2.71268592883" lon="63.8995865405">
    <tag k="local_x" v="-5.8454"/>
    <tag k="local_y" v="127.2964"/>
    <tag k="ele" v="2.1269"/>
  </node>
  <node id="22977" lat="-2.71236050856" lon="63.89958375066">
    <tag k="local_x" v="-6.1288"/>
    <tag k="local_y" v="163.2706"/>
    <tag k="ele" v="2.126"/>
  </node>
  <node id="22978" lat="-2.71236276966" lon="63.89955523612">
    <tag k="local_x" v="-9.2988"/>
    <tag k="local_y" v="163.023"/>
    <tag k="ele" v="2.126"/>
  </node>
  <node id="23559" lat="-2.71225879795" lon="63.89961184357">
    <tag k="local_x" v="-2.9975"/>
    <tag k="local_y" v="174.512"/>
    <tag k="ele" v="2.0627"/>
  </node>
  <node id="23560" lat="-2.71217484741" lon="63.89959019559">
    <tag k="local_x" v="-5.3971"/>
    <tag k="local_y" v="183.7942"/>
    <tag k="ele" v="2.0627"/>
  </node>
  <node id="23727" lat="-2.71258436058" lon="63.89960327291">
    <tag k="local_x" v="-3.977"/>
    <tag k="local_y" v="138.523"/>
    <tag k="ele" v="2.1269"/>
  </node>
  <node id="23728" lat="-2.71258659999" lon="63.89957836471">
    <tag k="local_x" v="-6.7461"/>
    <tag k="local_y" v="138.2775"/>
    <tag k="ele" v="2.1269"/>
  </node>
  <node id="23737" lat="-2.71247018078" lon="63.89956020103">
    <tag k="local_x" v="-8.7557"/>
    <tag k="local_y" v="151.1487"/>
    <tag k="ele" v="2.1251"/>
  </node>
  <node id="23740" lat="-2.71247233063" lon="63.89953528467">
    <tag k="local_x" v="-11.5257"/>
    <tag k="local_y" v="150.9131"/>
    <tag k="ele" v="2.1251"/>
  </node>
  <node id="23752" lat="-2.71267573002" lon="63.89961122062">
    <tag k="local_x" v="-3.101"/>
    <tag k="local_y" v="128.4218"/>
    <tag k="ele" v="2.1277"/>
  </node>
  <node id="23753" lat="-2.71267789288" lon="63.89958585449">
    <tag k="local_x" v="-5.921"/>
    <tag k="local_y" v="128.1848"/>
    <tag k="ele" v="2.1277"/>
  </node>
  <node id="23776" lat="-2.71255384613" lon="63.89956764018">
    <tag k="local_x" v="-7.9356"/>
    <tag k="local_y" v="141.8992"/>
    <tag k="ele" v="2.126"/>
  </node>
  <node id="23777" lat="-2.71255608553" lon="63.89954273198">
    <tag k="local_x" v="-10.7047"/>
    <tag k="local_y" v="141.6537"/>
    <tag k="ele" v="2.126"/>
  </node>
  <node id="23875" lat="-2.71299031494" lon="63.89958018963">
    <tag k="local_x" v="-6.5764"/>
    <tag k="local_y" v="93.6482"/>
    <tag k="ele" v="2.012"/>
  </node>
  <node id="23876" lat="-2.71315781066" lon="63.89959454815">
    <tag k="local_x" v="-4.994"/>
    <tag k="local_y" v="75.131"/>
    <tag k="ele" v="1.9923"/>
  </node>
  <node id="23878" lat="-2.71298810039" lon="63.89960573205">
    <tag k="local_x" v="-3.7368"/>
    <tag k="local_y" v="93.8909"/>
    <tag k="ele" v="2.012"/>
  </node>
  <node id="23879" lat="-2.71315559611" lon="63.89962009147">
    <tag k="local_x" v="-2.1543"/>
    <tag k="local_y" v="75.3737"/>
    <tag k="ele" v="1.9923"/>
  </node>
  <node id="23885" lat="-2.71331160665" lon="63.89963375785">
    <tag k="local_x" v="-0.6479"/>
    <tag k="local_y" v="58.1262"/>
    <tag k="ele" v="2.012"/>
  </node>
  <node id="23886" lat="-2.71347910236" lon="63.89964811729">
    <tag k="local_x" v="0.9346"/>
    <tag k="local_y" v="39.609"/>
    <tag k="ele" v="1.9923"/>
  </node>
  <node id="23887" lat="-2.7133138212" lon="63.89960821542">
    <tag k="local_x" v="-3.4875"/>
    <tag k="local_y" v="57.8835"/>
    <tag k="ele" v="2.012"/>
  </node>
  <node id="23888" lat="-2.71348131692" lon="63.89962257396">
    <tag k="local_x" v="-1.9051"/>
    <tag k="local_y" v="39.3663"/>
    <tag k="ele" v="1.9923"/>
  </node>
  <node id="23903" lat="-2.71285961516" lon="63.89920685353">
    <tag k="local_x" v="-48.0675"/>
    <tag k="local_y" v="108.1274"/>
    <tag k="ele" v="1.9962"/>
  </node>
  <node id="23904" lat="-2.71283442182" lon="63.89920476052">
    <tag k="local_x" v="-48.2981"/>
    <tag k="local_y" v="110.9126"/>
    <tag k="ele" v="1.9962"/>
  </node>
  <node id="23910" lat="-2.71287740604" lon="63.89899837712">
    <tag k="local_x" v="-71.2442"/>
    <tag k="local_y" v="106.1779"/>
    <tag k="ele" v="1.9962"/>
  </node>
  <node id="23911" lat="-2.7128522118" lon="63.89899628502">
    <tag k="local_x" v="-71.4747"/>
    <tag k="local_y" v="108.9632"/>
    <tag k="ele" v="1.9962"/>
  </node>
  <node id="23924" lat="-2.71292284011" lon="63.89845242664">
    <tag k="local_x" v="-131.9384"/>
    <tag k="local_y" v="101.2004"/>
    <tag k="ele" v="1.9614"/>
  </node>
  <node id="23925" lat="-2.71289749483" lon="63.89845029305">
    <tag k="local_x" v="-132.1735"/>
    <tag k="local_y" v="104.0024"/>
    <tag k="ele" v="1.9792"/>
  </node>
  <node id="23952" lat="-2.71294597443" lon="63.89816989558">
    <tag k="local_x" v="-163.3478"/>
    <tag k="local_y" v="98.6663"/>
    <tag k="ele" v="1.934"/>
  </node>
  <node id="23953" lat="-2.71292048707" lon="63.89816782576">
    <tag k="local_x" v="-163.5758"/>
    <tag k="local_y" v="101.484"/>
    <tag k="ele" v="1.9474"/>
  </node>
  <node id="24027" lat="-2.71285107843" lon="63.89930859705">
    <tag k="local_x" v="-36.7565"/>
    <tag k="local_y" v="109.0627"/>
    <tag k="ele" v="1.9962"/>
  </node>
  <node id="24029" lat="-2.71282588419" lon="63.89930650494">
    <tag k="local_x" v="-36.987"/>
    <tag k="local_y" v="111.848"/>
    <tag k="ele" v="1.9962"/>
  </node>
  <node id="24151" lat="-2.71282752356" lon="63.89918630264">
    <tag k="local_x" v="-50.3494"/>
    <tag k="local_y" v="111.6767"/>
    <tag k="ele" v="1.9962"/>
  </node>
  <node id="24153" lat="-2.71280233023" lon="63.89918420964">
    <tag k="local_x" v="-50.58"/>
    <tag k="local_y" v="114.4619"/>
    <tag k="ele" v="1.9962"/>
  </node>
  <node id="24194" lat="-2.71281585843" lon="63.89932114605">
    <tag k="local_x" v="-35.3586"/>
    <tag k="local_y" v="112.9551"/>
    <tag k="ele" v="1.9962"/>
  </node>
  <node id="24195" lat="-2.71279067057" lon="63.89931899097">
    <tag k="local_x" v="-35.5961"/>
    <tag k="local_y" v="115.7397"/>
    <tag k="ele" v="1.9962"/>
  </node>
  <node id="24209" lat="-2.71288073875" lon="63.89886491467">
    <tag k="local_x" v="-86.0808"/>
    <tag k="local_y" v="105.8205"/>
    <tag k="ele" v="1.9729"/>
  </node>
  <node id="24210" lat="-2.71285716113" lon="63.89884814016">
    <tag k="local_x" v="-87.9436"/>
    <tag k="local_y" v="108.4283"/>
    <tag k="ele" v="1.9736"/>
  </node>
  <node id="24224" lat="-2.71288613379" lon="63.89885643306">
    <tag k="local_x" v="-87.0241"/>
    <tag k="local_y" v="105.2248"/>
    <tag k="ele" v="1.9733"/>
  </node>
  <node id="24226" lat="-2.71288930338" lon="63.89884327745">
    <tag k="local_x" v="-88.4868"/>
    <tag k="local_y" v="104.8755"/>
    <tag k="ele" v="1.9733"/>
  </node>
  <node id="24230" lat="-2.71286141677" lon="63.89884033507">
    <tag k="local_x" v="-88.8116"/>
    <tag k="local_y" v="107.9585"/>
    <tag k="ele" v="1.9733"/>
  </node>
  <node id="24232" lat="-2.71286437142" lon="63.89883276741">
    <tag k="local_x" v="-89.6531"/>
    <tag k="local_y" v="107.6325"/>
    <tag k="ele" v="1.9733"/>
  </node>
  <node id="24263" lat="-2.71289168426" lon="63.8988263431">
    <tag k="local_x" v="-90.3695"/>
    <tag k="local_y" v="104.6137"/>
    <tag k="ele" v="1.9804"/>
  </node>
  <node id="24264" lat="-2.71286656246" lon="63.89882415209">
    <tag k="local_x" v="-90.611"/>
    <tag k="local_y" v="107.391"/>
    <tag k="ele" v="1.982"/>
  </node>
  <node id="24284" lat="-2.71288105524" lon="63.89895592663">
    <tag k="local_x" v="-75.9635"/>
    <tag k="local_y" v="105.778"/>
    <tag k="ele" v="1.9941"/>
  </node>
  <node id="24285" lat="-2.71285585013" lon="63.89895384801">
    <tag k="local_x" v="-76.1925"/>
    <tag k="local_y" v="108.5645"/>
    <tag k="ele" v="1.9948"/>
  </node>
  <node id="24291" lat="-2.71284383697" lon="63.89899514178">
    <tag k="local_x" v="-71.6011"/>
    <tag k="local_y" v="109.8891"/>
    <tag k="ele" v="1.9962"/>
  </node>
  <node id="24292" lat="-2.71281864546" lon="63.89899301639">
    <tag k="local_x" v="-71.8353"/>
    <tag k="local_y" v="112.6741"/>
    <tag k="ele" v="1.9962"/>
  </node>
  <node id="24311" lat="-2.71289582409" lon="63.89877858013">
    <tag k="local_x" v="-95.6794"/>
    <tag k="local_y" v="104.16"/>
    <tag k="ele" v="1.9962"/>
  </node>
  <node id="24315" lat="-2.71289763073" lon="63.89875051502">
    <tag k="local_x" v="-98.7994"/>
    <tag k="local_y" v="103.9626"/>
    <tag k="ele" v="1.9962"/>
  </node>
  <node id="24319" lat="-2.71289659716" lon="63.89873302851">
    <tag k="local_x" v="-100.7432"/>
    <tag k="local_y" v="104.0783"/>
    <tag k="ele" v="1.9962"/>
  </node>
  <node id="24321" lat="-2.71289323517" lon="63.89872158805">
    <tag k="local_x" v="-102.0147"/>
    <tag k="local_y" v="104.4509"/>
    <tag k="ele" v="1.9962"/>
  </node>
  <node id="24323" lat="-2.71288794962" lon="63.89871065353">
    <tag k="local_x" v="-103.2298"/>
    <tag k="local_y" v="105.0361"/>
    <tag k="ele" v="1.985"/>
  </node>
  <node id="24328" lat="-2.71287181967" lon="63.89865616844">
    <tag k="local_x" v="-109.2853"/>
    <tag k="local_y" v="106.8237"/>
    <tag k="ele" v="1.9962"/>
  </node>
  <node id="24329" lat="-2.71287062985" lon="63.89877648803">
    <tag k="local_x" v="-95.9099"/>
    <tag k="local_y" v="106.9453"/>
    <tag k="ele" v="1.9962"/>
  </node>
  <node id="24331" lat="-2.71287107174" lon="63.89876013875">
    <tag k="local_x" v="-97.7274"/>
    <tag k="local_y" v="106.8978"/>
    <tag k="ele" v="1.9962"/>
  </node>
  <node id="24332" lat="-2.71287053356" lon="63.89875036908">
    <tag k="local_x" v="-98.8134"/>
    <tag k="local_y" v="106.9581"/>
    <tag k="ele" v="1.9962"/>
  </node>
  <node id="24334" lat="-2.71286742462" lon="63.89873802924">
    <tag k="local_x" v="-100.1849"/>
    <tag k="local_y" v="107.3028"/>
    <tag k="ele" v="1.9962"/>
  </node>
  <node id="24338" lat="-2.71286101617" lon="63.89872385546">
    <tag k="local_x" v="-101.76"/>
    <tag k="local_y" v="108.0124"/>
    <tag k="ele" v="1.985"/>
  </node>
  <node id="24344" lat="-2.71284662633" lon="63.89865407544">
    <tag k="local_x" v="-109.5159"/>
    <tag k="local_y" v="109.6089"/>
    <tag k="ele" v="1.9962"/>
  </node>
  <node id="24389" lat="-2.71288550939" lon="63.89849444927">
    <tag k="local_x" v="-127.2639"/>
    <tag k="local_y" v="105.3237"/>
    <tag k="ele" v="1.9962"/>
  </node>
  <node id="24391" lat="-2.71286031788" lon="63.8984923239">
    <tag k="local_x" v="-127.4981"/>
    <tag k="local_y" v="108.1087"/>
    <tag k="ele" v="1.9962"/>
  </node>
  <node id="24483" lat="-2.7129177487" lon="63.89851225028">
    <tag k="local_x" v="-125.2877"/>
    <tag k="local_y" v="101.7583"/>
    <tag k="ele" v="1.9614"/>
  </node>
  <node id="24484" lat="-2.71289240341" lon="63.8985101167">
    <tag k="local_x" v="-125.5228"/>
    <tag k="local_y" v="104.5603"/>
    <tag k="ele" v="1.9802"/>
  </node>
  <node id="24549" lat="-2.712905847" lon="63.89865871594">
    <tag k="local_x" v="-109.0049"/>
    <tag k="local_y" v="103.0619"/>
    <tag k="ele" v="1.9614"/>
  </node>
  <node id="24550" lat="-2.71291093842" lon="63.8985988923">
    <tag k="local_x" v="-115.6556"/>
    <tag k="local_y" v="102.504"/>
    <tag k="ele" v="1.9614"/>
  </node>
  <node id="24551" lat="-2.71288050171" lon="63.89865658235">
    <tag k="local_x" v="-109.24"/>
    <tag k="local_y" v="105.8639"/>
    <tag k="ele" v="1.9802"/>
  </node>
  <node id="24552" lat="-2.71288559313" lon="63.89859675871">
    <tag k="local_x" v="-115.8907"/>
    <tag k="local_y" v="105.306"/>
    <tag k="ele" v="1.9792"/>
  </node>
  <node id="24608" lat="-2.71288105206" lon="63.8986985187">
    <tag k="local_x" v="-104.5782"/>
    <tag k="local_y" v="105.7996"/>
    <tag k="ele" v="1.9841"/>
  </node>
  <node id="24609" lat="-2.71285274322" lon="63.89870740349">
    <tag k="local_x" v="-103.5882"/>
    <tag k="local_y" v="108.9283"/>
    <tag k="ele" v="1.9841"/>
  </node>
  <node id="24618" lat="-2.71287565122" lon="63.89868328327">
    <tag k="local_x" v="-106.2714"/>
    <tag k="local_y" v="106.3979"/>
    <tag k="ele" v="1.9841"/>
  </node>
  <node id="24622" lat="-2.71287289888" lon="63.89866946841">
    <tag k="local_x" v="-107.8069"/>
    <tag k="local_y" v="106.7033"/>
    <tag k="ele" v="1.9841"/>
  </node>
  <node id="24628" lat="-2.71284609424" lon="63.89868946305">
    <tag k="local_x" v="-105.582"/>
    <tag k="local_y" v="109.6648"/>
    <tag k="ele" v="1.9841"/>
  </node>
  <node id="24632" lat="-2.71284565497" lon="63.89867079944">
    <tag k="local_x" v="-107.6567"/>
    <tag k="local_y" v="109.7149"/>
    <tag k="ele" v="1.9841"/>
  </node>
  <node id="24827" lat="-2.71364339662" lon="63.89966258143">
    <tag k="local_x" v="2.529"/>
    <tag k="local_y" v="21.4457"/>
    <tag k="ele" v="1.9012"/>
  </node>
  <node id="24828" lat="-2.71364553406" lon="63.89963735289">
    <tag k="local_x" v="-0.2757"/>
    <tag k="local_y" v="21.2115"/>
    <tag k="ele" v="1.8835"/>
  </node>
  <node id="24860" lat="-2.71294762714" lon="63.89958471438">
    <tag k="local_x" v="-6.0699"/>
    <tag k="local_y" v="98.3668"/>
    <tag k="ele" v="1.9439"/>
  </node>
  <node id="24861" lat="-2.71295469259" lon="63.89958159001">
    <tag k="local_x" v="-6.4178"/>
    <tag k="local_y" v="97.586"/>
    <tag k="ele" v="1.9403"/>
  </node>
  <node id="24880" lat="-2.71293571751" lon="63.89956007908">
    <tag k="local_x" v="-8.8075"/>
    <tag k="local_y" v="99.6854"/>
    <tag k="ele" v="1.9439"/>
  </node>
  <node id="24882" lat="-2.71294313998" lon="63.89955612468">
    <tag k="local_x" v="-9.2477"/>
    <tag k="local_y" v="98.8652"/>
    <tag k="ele" v="1.9403"/>
  </node>
  <node id="24899" lat="-2.71315653292" lon="63.89958546879">
    <tag k="local_x" v="-6.0032"/>
    <tag k="local_y" v="75.273"/>
    <tag k="ele" v="1.9923"/>
  </node>
  <node id="24901" lat="-2.71315874747" lon="63.89955992547">
    <tag k="local_x" v="-8.8429"/>
    <tag k="local_y" v="75.0303"/>
    <tag k="ele" v="1.9923"/>
  </node>
  <node id="25036" lat="-2.71299938967" lon="63.8995719968">
    <tag k="local_x" v="-7.4879"/>
    <tag k="local_y" v="92.6457"/>
    <tag k="ele" v="2.0022"/>
  </node>
  <node id="25037" lat="-2.71300160422" lon="63.89954645438">
    <tag k="local_x" v="-10.3275"/>
    <tag k="local_y" v="92.403"/>
    <tag k="ele" v="2.0022"/>
  </node>
  <node id="25043" lat="-2.71296282283" lon="63.89957835309">
    <tag k="local_x" v="-6.7783"/>
    <tag k="local_y" v="96.6875"/>
    <tag k="ele" v="1.9402"/>
  </node>
  <node id="25045" lat="-2.71297011393" lon="63.89957589547">
    <tag k="local_x" v="-7.0521"/>
    <tag k="local_y" v="95.8817"/>
    <tag k="ele" v="1.9402"/>
  </node>
  <node id="25047" lat="-2.71297731855" lon="63.89957416283">
    <tag k="local_x" v="-7.2453"/>
    <tag k="local_y" v="95.0854"/>
    <tag k="ele" v="1.9402"/>
  </node>
  <node id="25049" lat="-2.71298465657" lon="63.89957307079">
    <tag k="local_x" v="-7.3673"/>
    <tag k="local_y" v="94.2743"/>
    <tag k="ele" v="1.9402"/>
  </node>
  <node id="25051" lat="-2.71299217626" lon="63.89957218397">
    <tag k="local_x" v="-7.4665"/>
    <tag k="local_y" v="93.4431"/>
    <tag k="ele" v="1.9402"/>
  </node>
  <node id="25053" lat="-2.71295383395" lon="63.89955155739">
    <tag k="local_x" v="-9.7563"/>
    <tag k="local_y" v="97.6834"/>
    <tag k="ele" v="1.9402"/>
  </node>
  <node id="25055" lat="-2.71296286666" lon="63.89954875742">
    <tag k="local_x" v="-10.0683"/>
    <tag k="local_y" v="96.6851"/>
    <tag k="ele" v="1.9402"/>
  </node>
  <node id="25057" lat="-2.71297239092" lon="63.89954669097">
    <tag k="local_x" v="-10.2988"/>
    <tag k="local_y" v="95.6324"/>
    <tag k="ele" v="1.9402"/>
  </node>
  <node id="25059" lat="-2.7129821096" lon="63.89954592002">
    <tag k="local_x" v="-10.3853"/>
    <tag k="local_y" v="94.5581"/>
    <tag k="ele" v="1.9402"/>
  </node>
  <node id="25061" lat="-2.71299189007" lon="63.89954600461">
    <tag k="local_x" v="-10.3767"/>
    <tag k="local_y" v="93.4769"/>
    <tag k="ele" v="1.9402"/>
  </node>
  <node id="25077" lat="-2.7128966847" lon="63.8995967282">
    <tag k="local_x" v="-4.7302"/>
    <tag k="local_y" v="103.9973"/>
    <tag k="ele" v="1.9985"/>
  </node>
  <node id="25078" lat="-2.71289920463" lon="63.89956805822">
    <tag k="local_x" v="-7.9175"/>
    <tag k="local_y" v="103.7211"/>
    <tag k="ele" v="1.9967"/>
  </node>
  <node id="25160" lat="-2.71323046428" lon="63.89958510784">
    <tag k="local_x" v="-6.0494"/>
    <tag k="local_y" v="67.1002"/>
    <tag k="ele" v="1.9823"/>
  </node>
  <node id="25168" lat="-2.71317123598" lon="63.8995882908">
    <tag k="local_x" v="-5.6907"/>
    <tag k="local_y" v="73.6474"/>
    <tag k="ele" v="1.9918"/>
  </node>
  <node id="25172" lat="-2.71318999585" lon="63.89959394224">
    <tag k="local_x" v="-5.064"/>
    <tag k="local_y" v="71.5731"/>
    <tag k="ele" v="1.9918"/>
  </node>
  <node id="25176" lat="-2.71320369441" lon="63.8996009267">
    <tag k="local_x" v="-4.2887"/>
    <tag k="local_y" v="70.0582"/>
    <tag k="ele" v="1.9918"/>
  </node>
  <node id="25179" lat="-2.71317124001" lon="63.89956111133">
    <tag k="local_x" v="-8.7121"/>
    <tag k="local_y" v="73.6492"/>
    <tag k="ele" v="1.9918"/>
  </node>
  <node id="25183" lat="-2.71319034412" lon="63.89956490633">
    <tag k="local_x" v="-8.2918"/>
    <tag k="local_y" v="71.537"/>
    <tag k="ele" v="1.9918"/>
  </node>
  <node id="25187" lat="-2.71320885697" lon="63.89957186016">
    <tag k="local_x" v="-7.5203"/>
    <tag k="local_y" v="69.4899"/>
    <tag k="ele" v="1.9918"/>
  </node>
  <node id="25195" lat="-2.7132690698" lon="63.89962996802">
    <tag k="local_x" v="-1.0657"/>
    <tag k="local_y" v="62.8288"/>
    <tag k="ele" v="1.9739"/>
  </node>
  <node id="25202" lat="-2.7132246003" lon="63.89961585065">
    <tag k="local_x" v="-2.6314"/>
    <tag k="local_y" v="67.7459"/>
    <tag k="ele" v="1.9653"/>
  </node>
  <node id="25206" lat="-2.71324130453" lon="63.89962445745">
    <tag k="local_x" v="-1.676"/>
    <tag k="local_y" v="65.8986"/>
    <tag k="ele" v="1.9653"/>
  </node>
  <node id="25210" lat="-2.71325478952" lon="63.89962790915">
    <tag k="local_x" v="-1.2934"/>
    <tag k="local_y" v="64.4076"/>
    <tag k="ele" v="1.9653"/>
  </node>
  <node id="25214" lat="-2.71324552442" lon="63.89959549816">
    <tag k="local_x" v="-4.8956"/>
    <tag k="local_y" v="65.4345"/>
    <tag k="ele" v="1.9653"/>
  </node>
  <node id="25218" lat="-2.7132615379" lon="63.89960240606">
    <tag k="local_x" v="-4.129"/>
    <tag k="local_y" v="63.6637"/>
    <tag k="ele" v="1.9653"/>
  </node>
  <node id="25240" lat="-2.71312503589" lon="63.8995827684">
    <tag k="local_x" v="-6.3008"/>
    <tag k="local_y" v="78.7551"/>
    <tag k="ele" v="1.9973"/>
  </node>
  <node id="25241" lat="-2.71312724954" lon="63.89955722508">
    <tag k="local_x" v="-9.1405"/>
    <tag k="local_y" v="78.5125"/>
    <tag k="ele" v="1.9973"/>
  </node>
  <node id="25328" lat="-2.71355669544" lon="63.89962731193">
    <tag k="local_x" v="-1.3846"/>
    <tag k="local_y" v="31.0331"/>
    <tag k="ele" v="1.9402"/>
  </node>
  <node id="25330" lat="-2.71356712668" lon="63.89962448061">
    <tag k="local_x" v="-1.7002"/>
    <tag k="local_y" v="29.8802"/>
    <tag k="ele" v="1.9402"/>
  </node>
  <node id="25332" lat="-2.7135770247" lon="63.89962342284">
    <tag k="local_x" v="-1.8186"/>
    <tag k="local_y" v="28.7861"/>
    <tag k="ele" v="1.9402"/>
  </node>
  <node id="25334" lat="-2.71358682806" lon="63.89962312603">
    <tag k="local_x" v="-1.8524"/>
    <tag k="local_y" v="27.7024"/>
    <tag k="ele" v="2.0022"/>
  </node>
  <node id="25352" lat="-2.71355254055" lon="63.89959836263">
    <tag k="local_x" v="-4.6024"/>
    <tag k="local_y" v="31.4948"/>
    <tag k="ele" v="1.9402"/>
  </node>
  <node id="25354" lat="-2.71356279165" lon="63.89959691381">
    <tag k="local_x" v="-4.7643"/>
    <tag k="local_y" v="30.3617"/>
    <tag k="ele" v="1.9402"/>
  </node>
  <node id="25356" lat="-2.71357010555" lon="63.89959662236">
    <tag k="local_x" v="-4.7973"/>
    <tag k="local_y" v="29.5532"/>
    <tag k="ele" v="1.9402"/>
  </node>
  <node id="25358" lat="-2.71357932846" lon="63.89959713384">
    <tag k="local_x" v="-4.7412"/>
    <tag k="local_y" v="28.5336"/>
    <tag k="ele" v="1.9402"/>
  </node>
  <node id="25360" lat="-2.71358904262" lon="63.8995975836">
    <tag k="local_x" v="-4.692"/>
    <tag k="local_y" v="27.4597"/>
    <tag k="ele" v="2.0022"/>
  </node>
  <node id="25383" lat="-2.71373114266" lon="63.89966995438">
    <tag k="local_x" v="3.3414"/>
    <tag k="local_y" v="11.7451"/>
    <tag k="ele" v="1.8953"/>
  </node>
  <node id="25384" lat="-2.71373328465" lon="63.89964468446">
    <tag k="local_x" v="0.5321"/>
    <tag k="local_y" v="11.5104"/>
    <tag k="ele" v="1.8771"/>
  </node>
  <node id="25390" lat="-2.71364619315" lon="63.89962814632">
    <tag k="local_x" v="-1.2992"/>
    <tag k="local_y" v="21.1394"/>
    <tag k="ele" v="1.9012"/>
  </node>
  <node id="25391" lat="-2.7137339392" lon="63.89963551927">
    <tag k="local_x" v="-0.4868"/>
    <tag k="local_y" v="11.4388"/>
    <tag k="ele" v="1.8953"/>
  </node>
  <node id="25392" lat="-2.71364833059" lon="63.89960291778">
    <tag k="local_x" v="-4.1039"/>
    <tag k="local_y" v="20.9052"/>
    <tag k="ele" v="1.8835"/>
  </node>
  <node id="25393" lat="-2.71373608118" lon="63.89961024935">
    <tag k="local_x" v="-3.2961"/>
    <tag k="local_y" v="11.2041"/>
    <tag k="ele" v="1.8771"/>
  </node>
  <node id="25402" lat="-2.71358259075" lon="63.89965722814">
    <tag k="local_x" v="1.9389"/>
    <tag k="local_y" v="28.168"/>
    <tag k="ele" v="1.9468"/>
  </node>
  <node id="25403" lat="-2.713584873" lon="63.89963189356">
    <tag k="local_x" v="-0.8776"/>
    <tag k="local_y" v="27.9178"/>
    <tag k="ele" v="1.9379"/>
  </node>
  <node id="25414" lat="-2.71286363709" lon="63.89956146781">
    <tag k="local_x" v="-8.6472"/>
    <tag k="local_y" v="107.6535"/>
    <tag k="ele" v="1.921"/>
  </node>
  <node id="25417" lat="-2.71286538378" lon="63.89953496971">
    <tag k="local_x" v="-11.593"/>
    <tag k="local_y" v="107.4626"/>
    <tag k="ele" v="1.9049"/>
  </node>
  <node id="25672" lat="-2.71385360156" lon="63.89964981098">
    <tag k="local_x" v="1.0921"/>
    <tag k="local_y" v="-1.7906"/>
    <tag k="ele" v="1.9157"/>
  </node>
  <node id="25673" lat="-2.71385502163" lon="63.8996246008">
    <tag k="local_x" v="-1.7105"/>
    <tag k="local_y" v="-1.9455"/>
    <tag k="ele" v="1.9157"/>
  </node>
  <node id="25707" lat="-2.71381509895" lon="63.8996427632">
    <tag k="local_x" v="0.3118"/>
    <tag k="local_y" v="2.4663"/>
    <tag k="ele" v="1.9127"/>
  </node>
  <node id="25708" lat="-2.71381651902" lon="63.89961755302">
    <tag k="local_x" v="-2.4908"/>
    <tag k="local_y" v="2.3114"/>
    <tag k="ele" v="1.9127"/>
  </node>
  <node id="25730" lat="-2.7138070425" lon="63.89964166697">
    <tag k="local_x" v="0.1906"/>
    <tag k="local_y" v="3.357"/>
    <tag k="ele" v="1.8813"/>
  </node>
  <node id="25732" lat="-2.7138104255" lon="63.89961653111">
    <tag k="local_x" v="-2.6039"/>
    <tag k="local_y" v="2.9851"/>
    <tag k="ele" v="1.8813"/>
  </node>
  <node id="25885" lat="-2.71401815868" lon="63.89923882827">
    <tag k="local_x" v="-44.6082"/>
    <tag k="local_y" v="-19.9478"/>
    <tag k="ele" v="2.0367"/>
  </node>
  <node id="25886" lat="-2.71402531022" lon="63.89914714258">
    <tag k="local_x" v="-54.801"/>
    <tag k="local_y" v="-20.7308"/>
    <tag k="ele" v="2.1513"/>
  </node>
  <node id="25887" lat="-2.71399308644" lon="63.89923689456">
    <tag k="local_x" v="-44.8211"/>
    <tag k="local_y" v="-17.176"/>
    <tag k="ele" v="2.0367"/>
  </node>
  <node id="25888" lat="-2.71400023798" lon="63.89914520797">
    <tag k="local_x" v="-55.014"/>
    <tag k="local_y" v="-17.959"/>
    <tag k="ele" v="2.1513"/>
  </node>
  <node id="25895" lat="-2.71409807592" lon="63.89827312736">
    <tag k="local_x" v="-151.9666"/>
    <tag k="local_y" v="-28.7026"/>
    <tag k="ele" v="2.0367"/>
  </node>
  <node id="25897" lat="-2.71407300367" lon="63.89827119367">
    <tag k="local_x" v="-152.1795"/>
    <tag k="local_y" v="-25.9308"/>
    <tag k="ele" v="2.0367"/>
  </node>
  <node id="25919" lat="-2.71404600042" lon="63.89850266184">
    <tag k="local_x" v="-126.4462"/>
    <tag k="local_y" v="-22.9648"/>
    <tag k="ele" v="1.9962"/>
  </node>
  <node id="25934" lat="-2.71402095099" lon="63.8985004511">
    <tag k="local_x" v="-126.6899"/>
    <tag k="local_y" v="-20.1955"/>
    <tag k="ele" v="1.9962"/>
  </node>
  <node id="25955" lat="-2.71407884442" lon="63.8985041317">
    <tag k="local_x" v="-126.2855"/>
    <tag k="local_y" v="-26.5957"/>
    <tag k="ele" v="2.094"/>
  </node>
  <node id="25956" lat="-2.71405378313" lon="63.89850206848">
    <tag k="local_x" v="-126.5128"/>
    <tag k="local_y" v="-23.8251"/>
    <tag k="ele" v="2.094"/>
  </node>
  <node id="25962" lat="-2.7140855817" lon="63.89842320629">
    <tag k="local_x" v="-135.2821"/>
    <tag k="local_y" v="-27.3338"/>
    <tag k="ele" v="2.0654"/>
  </node>
  <node id="25963" lat="-2.71406052041" lon="63.89842114307">
    <tag k="local_x" v="-135.5094"/>
    <tag k="local_y" v="-24.5632"/>
    <tag k="ele" v="2.0654"/>
  </node>
  <node id="26015" lat="-2.71404791792" lon="63.89887722826">
    <tag k="local_x" v="-84.8078"/>
    <tag k="local_y" v="-23.2077"/>
    <tag k="ele" v="1.9962"/>
  </node>
  <node id="26029" lat="-2.71403104914" lon="63.89879220319">
    <tag k="local_x" v="-94.2582"/>
    <tag k="local_y" v="-21.3359"/>
    <tag k="ele" v="1.9841"/>
  </node>
  <node id="26040" lat="-2.71402272367" lon="63.89887513615">
    <tag k="local_x" v="-85.0383"/>
    <tag k="local_y" v="-20.4224"/>
    <tag k="ele" v="1.9962"/>
  </node>
  <node id="26050" lat="-2.71400702713" lon="63.89880602977">
    <tag k="local_x" v="-92.7192"/>
    <tag k="local_y" v="-18.6815"/>
    <tag k="ele" v="1.9841"/>
  </node>
  <node id="26053" lat="-2.71400203286" lon="63.89879266482">
    <tag k="local_x" v="-94.2045"/>
    <tag k="local_y" v="-18.1283"/>
    <tag k="ele" v="1.9841"/>
  </node>
  <node id="26126" lat="-2.71406357531" lon="63.898687533">
    <tag k="local_x" v="-105.8965"/>
    <tag k="local_y" v="-24.9229"/>
    <tag k="ele" v="2.1011"/>
  </node>
  <node id="26127" lat="-2.71403851402" lon="63.89868546977">
    <tag k="local_x" v="-106.1238"/>
    <tag k="local_y" v="-22.1523"/>
    <tag k="ele" v="2.1011"/>
  </node>
  <node id="26133" lat="-2.71402547802" lon="63.89874456165">
    <tag k="local_x" v="-99.5538"/>
    <tag k="local_y" v="-20.7161"/>
    <tag k="ele" v="2.1083"/>
  </node>
  <node id="26134" lat="-2.7140312788" lon="63.89867488283">
    <tag k="local_x" v="-107.3001"/>
    <tag k="local_y" v="-21.3516"/>
    <tag k="ele" v="2.1011"/>
  </node>
  <node id="26135" lat="-2.71399996535" lon="63.8987424747">
    <tag k="local_x" v="-99.7837"/>
    <tag k="local_y" v="-17.8956"/>
    <tag k="ele" v="2.1083"/>
  </node>
  <node id="26136" lat="-2.71400576613" lon="63.89867279588">
    <tag k="local_x" v="-107.53"/>
    <tag k="local_y" v="-18.5311"/>
    <tag k="ele" v="2.1011"/>
  </node>
  <node id="26147" lat="-2.71400045451" lon="63.89878637929">
    <tag k="local_x" v="-94.9031"/>
    <tag k="local_y" v="-17.9533"/>
    <tag k="ele" v="1.9841"/>
  </node>
  <node id="26153" lat="-2.7140270375" lon="63.89877974753">
    <tag k="local_x" v="-95.6425"/>
    <tag k="local_y" v="-20.8914"/>
    <tag k="ele" v="1.9841"/>
  </node>
  <node id="26154" lat="-2.7140252752" lon="63.89876782068">
    <tag k="local_x" v="-96.9682"/>
    <tag k="local_y" v="-20.6956"/>
    <tag k="ele" v="1.9841"/>
  </node>
  <node id="26156" lat="-2.71402506835" lon="63.89875773369">
    <tag k="local_x" v="-98.0895"/>
    <tag k="local_y" v="-20.6719"/>
    <tag k="ele" v="1.9841"/>
  </node>
  <node id="26158" lat="-2.71399881784" lon="63.89877702529">
    <tag k="local_x" v="-95.9428"/>
    <tag k="local_y" v="-17.7716"/>
    <tag k="ele" v="1.9841"/>
  </node>
  <node id="26160" lat="-2.71399853091" lon="63.89876756884">
    <tag k="local_x" v="-96.994"/>
    <tag k="local_y" v="-17.7391"/>
    <tag k="ele" v="1.9841"/>
  </node>
  <node id="26171" lat="-2.71400616488" lon="63.89899755397">
    <tag k="local_x" v="-71.4284"/>
    <tag k="local_y" v="-18.602"/>
    <tag k="ele" v="1.9962"/>
  </node>
  <node id="26186" lat="-2.71398021272" lon="63.89899527688">
    <tag k="local_x" v="-71.6794"/>
    <tag k="local_y" v="-15.7329"/>
    <tag k="ele" v="1.9962"/>
  </node>
  <node id="26205" lat="-2.71398428827" lon="63.89923936367">
    <tag k="local_x" v="-44.5459"/>
    <tag k="local_y" v="-16.2036"/>
    <tag k="ele" v="2.1083"/>
  </node>
  <node id="26206" lat="-2.71399008908" lon="63.89916968486">
    <tag k="local_x" v="-52.2922"/>
    <tag k="local_y" v="-16.8391"/>
    <tag k="ele" v="2.1011"/>
  </node>
  <node id="26207" lat="-2.71395922699" lon="63.89923730043">
    <tag k="local_x" v="-44.7732"/>
    <tag k="local_y" v="-13.433"/>
    <tag k="ele" v="2.1083"/>
  </node>
  <node id="26208" lat="-2.71396502779" lon="63.89916762163">
    <tag k="local_x" v="-52.5195"/>
    <tag k="local_y" v="-14.0685"/>
    <tag k="ele" v="2.1011"/>
  </node>
  <node id="26222" lat="-2.71398946753" lon="63.89928963165">
    <tag k="local_x" v="-38.9583"/>
    <tag k="local_y" v="-16.7803"/>
    <tag k="ele" v="1.9841"/>
  </node>
  <node id="26225" lat="-2.71398572513" lon="63.89928004401">
    <tag k="local_x" v="-40.0238"/>
    <tag k="local_y" v="-16.3658"/>
    <tag k="ele" v="1.9841"/>
  </node>
  <node id="26228" lat="-2.71398373439" lon="63.89927240162">
    <tag k="local_x" v="-40.8732"/>
    <tag k="local_y" v="-16.1451"/>
    <tag k="ele" v="1.9841"/>
  </node>
  <node id="26231" lat="-2.71398248393" lon="63.89926191355">
    <tag k="local_x" v="-42.039"/>
    <tag k="local_y" v="-16.006"/>
    <tag k="ele" v="1.9841"/>
  </node>
  <node id="26242" lat="-2.71396804702" lon="63.89930604099">
    <tag k="local_x" v="-37.1324"/>
    <tag k="local_y" v="-14.4137"/>
    <tag k="ele" v="1.9841"/>
  </node>
  <node id="26244" lat="-2.71396225997" lon="63.89929195221">
    <tag k="local_x" v="-38.6981"/>
    <tag k="local_y" v="-13.7728"/>
    <tag k="ele" v="1.9841"/>
  </node>
  <node id="26246" lat="-2.71395963976" lon="63.89928292403">
    <tag k="local_x" v="-39.7015"/>
    <tag k="local_y" v="-13.4824"/>
    <tag k="ele" v="1.9841"/>
  </node>
  <node id="26249" lat="-2.71395762808" lon="63.89927182729">
    <tag k="local_x" v="-40.9349"/>
    <tag k="local_y" v="-13.2591"/>
    <tag k="ele" v="1.9841"/>
  </node>
  <node id="26251" lat="-2.71395734116" lon="63.89926237084">
    <tag k="local_x" v="-41.9861"/>
    <tag k="local_y" v="-13.2266"/>
    <tag k="ele" v="1.9841"/>
  </node>
  <node id="26336" lat="-2.71404541949" lon="63.89890739427">
    <tag k="local_x" v="-81.4542"/>
    <tag k="local_y" v="-22.934"/>
    <tag k="ele" v="2.0078"/>
  </node>
  <node id="26337" lat="-2.7140202241" lon="63.89890562959">
    <tag k="local_x" v="-81.6483"/>
    <tag k="local_y" v="-20.1486"/>
    <tag k="ele" v="2.0078"/>
  </node>
  <node id="26377" lat="-2.71401140789" lon="63.89898550995">
    <tag k="local_x" v="-72.7677"/>
    <tag k="local_y" v="-19.1806"/>
    <tag k="ele" v="1.9962"/>
  </node>
  <node id="26382" lat="-2.71398379008" lon="63.89897876709">
    <tag k="local_x" v="-73.515"/>
    <tag k="local_y" v="-16.127"/>
    <tag k="ele" v="1.9962"/>
  </node>
  <node id="26384" lat="-2.7139884551" lon="63.89896908221">
    <tag k="local_x" v="-74.592"/>
    <tag k="local_y" v="-16.6419"/>
    <tag k="ele" v="1.9962"/>
  </node>
  <node id="26407" lat="-2.71399240064" lon="63.89952870519">
    <tag k="local_x" v="-12.382"/>
    <tag k="local_y" v="-17.1243"/>
    <tag k="ele" v="1.934"/>
  </node>
  <node id="26408" lat="-2.71396556915" lon="63.8995265156">
    <tag k="local_x" v="-12.6232"/>
    <tag k="local_y" v="-14.158"/>
    <tag k="ele" v="1.934"/>
  </node>
  <node id="26414" lat="-2.71397317907" lon="63.89937467538">
    <tag k="local_x" v="-29.5031"/>
    <tag k="local_y" v="-14.9867"/>
    <tag k="ele" v="1.9133"/>
  </node>
  <node id="26415" lat="-2.71394786544" lon="63.89937255888">
    <tag k="local_x" v="-29.7363"/>
    <tag k="local_y" v="-12.1882"/>
    <tag k="ele" v="1.936"/>
  </node>
  <node id="26421" lat="-2.71401399226" lon="63.89888027251">
    <tag k="local_x" v="-84.4666"/>
    <tag k="local_y" v="-19.4576"/>
    <tag k="ele" v="1.9133"/>
  </node>
  <node id="26425" lat="-2.71398867862" lon="63.89887815602">
    <tag k="local_x" v="-84.6998"/>
    <tag k="local_y" v="-16.6591"/>
    <tag k="ele" v="1.936"/>
  </node>
  <node id="26432" lat="-2.71405865457" lon="63.8984800291">
    <tag k="local_x" v="-128.9632"/>
    <tag k="local_y" v="-24.3618"/>
    <tag k="ele" v="1.9852"/>
  </node>
  <node id="26433" lat="-2.71403891578" lon="63.8984624388">
    <tag k="local_x" v="-130.917"/>
    <tag k="local_y" v="-22.1783"/>
    <tag k="ele" v="1.9852"/>
  </node>
  <node id="26441" lat="-2.7140482185" lon="63.89849417517">
    <tag k="local_x" v="-127.3898"/>
    <tag k="local_y" v="-23.2093"/>
    <tag k="ele" v="1.9962"/>
  </node>
  <node id="26444" lat="-2.71405309566" lon="63.89848628958">
    <tag k="local_x" v="-128.2668"/>
    <tag k="local_y" v="-23.7478"/>
    <tag k="ele" v="1.9962"/>
  </node>
  <node id="26447" lat="-2.71402419639" lon="63.89848511769">
    <tag k="local_x" v="-128.3947"/>
    <tag k="local_y" v="-20.553"/>
    <tag k="ele" v="1.9962"/>
  </node>
  <node id="26450" lat="-2.71403111041" lon="63.89847156723">
    <tag k="local_x" v="-129.9016"/>
    <tag k="local_y" v="-21.3162"/>
    <tag k="ele" v="1.9962"/>
  </node>
  <node id="26529" lat="-2.71401767467" lon="63.89883696202">
    <tag k="local_x" v="-89.2815"/>
    <tag k="local_y" v="-19.8611"/>
    <tag k="ele" v="1.9246"/>
  </node>
  <node id="26538" lat="-2.71399230495" lon="63.89883484999">
    <tag k="local_x" v="-89.5142"/>
    <tag k="local_y" v="-17.0564"/>
    <tag k="ele" v="1.9246"/>
  </node>
  <node id="26555" lat="-2.71405858965" lon="63.89874742064">
    <tag k="local_x" v="-99.2387"/>
    <tag k="local_y" v="-24.3767"/>
    <tag k="ele" v="2.1047"/>
  </node>
  <node id="26556" lat="-2.71403352836" lon="63.89874535741">
    <tag k="local_x" v="-99.466"/>
    <tag k="local_y" v="-21.6061"/>
    <tag k="ele" v="2.1047"/>
  </node>
  <node id="26565" lat="-2.71397475969" lon="63.89935614549">
    <tag k="local_x" v="-31.5631"/>
    <tag k="local_y" v="-15.1599"/>
    <tag k="ele" v="1.9131"/>
  </node>
  <node id="26566" lat="-2.71394942074" lon="63.89935401727">
    <tag k="local_x" v="-31.7976"/>
    <tag k="local_y" v="-12.3586"/>
    <tag k="ele" v="1.936"/>
  </node>
  <node id="26614" lat="-2.71413089016" lon="63.89796546927">
    <tag k="local_x" v="-186.17"/>
    <tag k="local_y" v="-32.3047"/>
    <tag k="ele" v="1.7679"/>
  </node>
  <node id="26616" lat="-2.71414956784" lon="63.89795158655">
    <tag k="local_x" v="-187.7148"/>
    <tag k="local_y" v="-34.3683"/>
    <tag k="ele" v="1.7679"/>
  </node>
  <node id="26618" lat="-2.71417100099" lon="63.89794247177">
    <tag k="local_x" v="-188.7298"/>
    <tag k="local_y" v="-36.7369"/>
    <tag k="ele" v="1.7679"/>
  </node>
  <node id="26620" lat="-2.71419473969" lon="63.89793857438">
    <tag k="local_x" v="-189.165"/>
    <tag k="local_y" v="-39.3608"/>
    <tag k="ele" v="1.7679"/>
  </node>
  <node id="26627" lat="-2.71411339886" lon="63.89794724374">
    <tag k="local_x" v="-188.1946"/>
    <tag k="local_y" v="-30.3696"/>
    <tag k="ele" v="1.7679"/>
  </node>
  <node id="26629" lat="-2.71413685373" lon="63.897929724">
    <tag k="local_x" v="-190.1441"/>
    <tag k="local_y" v="-32.961"/>
    <tag k="ele" v="1.7679"/>
  </node>
  <node id="26631" lat="-2.71416380403" lon="63.89791818626">
    <tag k="local_x" v="-191.4289"/>
    <tag k="local_y" v="-35.9393"/>
    <tag k="ele" v="1.7679"/>
  </node>
  <node id="26633" lat="-2.71419198049" lon="63.8979133431">
    <tag k="local_x" v="-191.9696"/>
    <tag k="local_y" v="-39.0537"/>
    <tag k="ele" v="1.7679"/>
  </node>
  <node id="26684" lat="-2.71466624338" lon="63.89711398527">
    <tag k="local_x" v="-280.8688"/>
    <tag k="local_y" v="-91.4157"/>
    <tag k="ele" v="1.7798"/>
  </node>
  <node id="26685" lat="-2.71467503668" lon="63.89701009176">
    <tag k="local_x" v="-292.4188"/>
    <tag k="local_y" v="-92.3792"/>
    <tag k="ele" v="1.7773"/>
  </node>
  <node id="26686" lat="-2.71467971551" lon="63.89695397121">
    <tag k="local_x" v="-298.6578"/>
    <tag k="local_y" v="-92.8918"/>
    <tag k="ele" v="1.7703"/>
  </node>
  <node id="26689" lat="-2.71464954601" lon="63.89700880547">
    <tag k="local_x" v="-292.5597"/>
    <tag k="local_y" v="-89.5612"/>
    <tag k="ele" v="1.7801"/>
  </node>
  <node id="26690" lat="-2.71465452828" lon="63.8969521544">
    <tag k="local_x" v="-298.8577"/>
    <tag k="local_y" v="-90.1073"/>
    <tag k="ele" v="1.7698"/>
  </node>
  <node id="26691" lat="-2.71468796875" lon="63.89685492775">
    <tag k="local_x" v="-309.6686"/>
    <tag k="local_y" v="-93.796"/>
    <tag k="ele" v="1.7682"/>
  </node>
  <node id="26692" lat="-2.7146946136" lon="63.89677408945">
    <tag k="local_x" v="-318.6555"/>
    <tag k="local_y" v="-94.5239"/>
    <tag k="ele" v="1.7574"/>
  </node>
  <node id="26694" lat="-2.71470245611" lon="63.89667386725">
    <tag k="local_x" v="-329.7973"/>
    <tag k="local_y" v="-95.3826"/>
    <tag k="ele" v="1.7673"/>
  </node>
  <node id="26695" lat="-2.71466269151" lon="63.89685371269">
    <tag k="local_x" v="-309.8016"/>
    <tag k="local_y" v="-91.0016"/>
    <tag k="ele" v="1.7767"/>
  </node>
  <node id="26696" lat="-2.71466932367" lon="63.89677291846">
    <tag k="local_x" v="-318.7836"/>
    <tag k="local_y" v="-91.7281"/>
    <tag k="ele" v="1.7717"/>
  </node>
  <node id="26698" lat="-2.71467740513" lon="63.89667129851">
    <tag k="local_x" v="-330.0808"/>
    <tag k="local_y" v="-92.6131"/>
    <tag k="ele" v="1.7715"/>
  </node>
  <node id="26707" lat="-2.71466623152" lon="63.8971141265">
    <tag k="local_x" v="-280.8531"/>
    <tag k="local_y" v="-91.4144"/>
    <tag k="ele" v="1.7697"/>
  </node>
  <node id="26708" lat="-2.71464108064" lon="63.89711208482">
    <tag k="local_x" v="-281.078"/>
    <tag k="local_y" v="-88.6339"/>
    <tag k="ele" v="1.7837"/>
  </node>
  <node id="27340" lat="-2.71303447766" lon="63.89706132072">
    <tag k="local_x" v="-286.5895"/>
    <tag k="local_y" v="88.974"/>
    <tag k="ele" v="2.0206"/>
  </node>
  <node id="27341" lat="-2.71300741883" lon="63.89705948276">
    <tag k="local_x" v="-286.7916"/>
    <tag k="local_y" v="91.9654"/>
    <tag k="ele" v="2.0206"/>
  </node>
  <node id="27482" lat="-2.71318822778" lon="63.89528544108">
    <tag k="local_x" v="-484.0172"/>
    <tag k="local_y" v="72.1237"/>
    <tag k="ele" v="1.4788"/>
  </node>
  <node id="27483" lat="-2.71316267964" lon="63.89528356378">
    <tag k="local_x" v="-484.2238"/>
    <tag k="local_y" v="74.9481"/>
    <tag k="ele" v="1.4866"/>
  </node>
  <node id="27562" lat="-2.7131819425" lon="63.8953658595">
    <tag k="local_x" v="-475.077"/>
    <tag k="local_y" v="72.8119"/>
    <tag k="ele" v="1.494"/>
  </node>
  <node id="27563" lat="-2.71315652843" lon="63.89536372952">
    <tag k="local_x" v="-475.3117"/>
    <tag k="local_y" v="75.6215"/>
    <tag k="ele" v="1.505"/>
  </node>
  <node id="27773" lat="-2.71313867896" lon="63.89585836454">
    <tag k="local_x" v="-420.3243"/>
    <tag k="local_y" v="77.554"/>
    <tag k="ele" v="1.8053"/>
  </node>
  <node id="27774" lat="-2.71311336812" lon="63.89585611228">
    <tag k="local_x" v="-420.5726"/>
    <tag k="local_y" v="80.3522"/>
    <tag k="ele" v="1.8105"/>
  </node>
  <node id="27827" lat="-2.71313713004" lon="63.89596685109">
    <tag k="local_x" v="-408.2643"/>
    <tag k="local_y" v="77.7163"/>
    <tag k="ele" v="1.8452"/>
  </node>
  <node id="27828" lat="-2.7131119638" lon="63.89596477616">
    <tag k="local_x" v="-408.4929"/>
    <tag k="local_y" v="80.4985"/>
    <tag k="ele" v="1.8498"/>
  </node>
  <node id="27879" lat="-2.71307069087" lon="63.895974023">
    <tag k="local_x" v="-407.4616"/>
    <tag k="local_y" v="85.0603"/>
    <tag k="ele" v="1.754"/>
  </node>
  <node id="27880" lat="-2.71309593675" lon="63.89597605032">
    <tag k="local_x" v="-407.2383"/>
    <tag k="local_y" v="82.2693"/>
    <tag k="ele" v="1.7619"/>
  </node>
  <node id="27888" lat="-2.71307541151" lon="63.89578019604">
    <tag k="local_x" v="-429.0087"/>
    <tag k="local_y" v="84.5544"/>
    <tag k="ele" v="1.5472"/>
  </node>
  <node id="27892" lat="-2.71310086632" lon="63.89578105137">
    <tag k="local_x" v="-428.9157"/>
    <tag k="local_y" v="81.7404"/>
    <tag k="ele" v="1.5296"/>
  </node>
  <node id="27897" lat="-2.71307567612" lon="63.89577713861">
    <tag k="local_x" v="-429.3486"/>
    <tag k="local_y" v="84.5254"/>
    <tag k="ele" v="1.5551"/>
  </node>
  <node id="27898" lat="-2.71310101688" lon="63.89577930182">
    <tag k="local_x" v="-429.1102"/>
    <tag k="local_y" v="81.7239"/>
    <tag k="ele" v="1.5414"/>
  </node>
  <node id="27904" lat="-2.71307331926" lon="63.89580681896">
    <tag k="local_x" v="-426.049"/>
    <tag k="local_y" v="84.7835"/>
    <tag k="ele" v="1.5629"/>
  </node>
  <node id="27905" lat="-2.71309869816" lon="63.8958087843">
    <tag k="local_x" v="-425.8326"/>
    <tag k="local_y" v="81.9778"/>
    <tag k="ele" v="1.5544"/>
  </node>
  <node id="27927" lat="-2.71305514481" lon="63.89616546443">
    <tag k="local_x" v="-386.1788"/>
    <tag k="local_y" v="86.7631"/>
    <tag k="ele" v="2.8294"/>
  </node>
  <node id="27928" lat="-2.71308038979" lon="63.89616749175">
    <tag k="local_x" v="-385.9555"/>
    <tag k="local_y" v="83.9722"/>
    <tag k="ele" v="1.8082"/>
  </node>
  <node id="27983" lat="-2.7131369015" lon="63.8958777111">
    <tag k="local_x" v="-418.1735"/>
    <tag k="local_y" v="77.7489"/>
    <tag k="ele" v="1.8065"/>
  </node>
  <node id="27984" lat="-2.7131116603" lon="63.89587546879">
    <tag k="local_x" v="-418.4207"/>
    <tag k="local_y" v="80.5394"/>
    <tag k="ele" v="1.8119"/>
  </node>
  <node id="28059" lat="-2.71312791481" lon="63.89539440707">
    <tag k="local_x" v="-471.8991"/>
    <tag k="local_y" v="78.7821"/>
    <tag k="ele" v="1.5234"/>
  </node>
  <node id="28060" lat="-2.71312044275" lon="63.89539813478">
    <tag k="local_x" v="-471.4841"/>
    <tag k="local_y" v="79.6078"/>
    <tag k="ele" v="1.5234"/>
  </node>
  <node id="28061" lat="-2.71311403937" lon="63.8954026243">
    <tag k="local_x" v="-470.9845"/>
    <tag k="local_y" v="80.3153"/>
    <tag k="ele" v="1.5234"/>
  </node>
  <node id="28062" lat="-2.71310959272" lon="63.89540942445">
    <tag k="local_x" v="-470.2282"/>
    <tag k="local_y" v="80.8063"/>
    <tag k="ele" v="1.5234"/>
  </node>
  <node id="28063" lat="-2.7131064022" lon="63.8954179239">
    <tag k="local_x" v="-469.2831"/>
    <tag k="local_y" v="81.1583"/>
    <tag k="ele" v="1.5234"/>
  </node>
  <node id="28065" lat="-2.71310394097" lon="63.89542861704">
    <tag k="local_x" v="-468.0942"/>
    <tag k="local_y" v="81.4295"/>
    <tag k="ele" v="1.5234"/>
  </node>
  <node id="28067" lat="-2.71313522625" lon="63.8954412061">
    <tag k="local_x" v="-466.6973"/>
    <tag k="local_y" v="77.97"/>
    <tag k="ele" v="1.5234"/>
  </node>
  <node id="28068" lat="-2.71313234506" lon="63.89544369847">
    <tag k="local_x" v="-466.42"/>
    <tag k="local_y" v="78.2883"/>
    <tag k="ele" v="1.5234"/>
  </node>
  <node id="28071" lat="-2.71313058153" lon="63.89544797102">
    <tag k="local_x" v="-465.9449"/>
    <tag k="local_y" v="78.4829"/>
    <tag k="ele" v="1.5234"/>
  </node>
  <node id="28078" lat="-2.71362957334" lon="63.89438264377">
    <tag k="local_x" v="-584.4124"/>
    <tag k="local_y" v="23.4089"/>
    <tag k="ele" v="1.5322"/>
  </node>
  <node id="28079" lat="-2.71363171794" lon="63.89435736571">
    <tag k="local_x" v="-587.2226"/>
    <tag k="local_y" v="23.1739"/>
    <tag k="ele" v="1.5322"/>
  </node>
  <node id="28158" lat="-2.71319094239" lon="63.89439738195">
    <tag k="local_x" v="-582.7382"/>
    <tag k="local_y" v="71.8966"/>
    <tag k="ele" v="1.3263"/>
  </node>
  <node id="28159" lat="-2.71321631401" lon="63.89439943272">
    <tag k="local_x" v="-582.5123"/>
    <tag k="local_y" v="69.0917"/>
    <tag k="ele" v="1.3263"/>
  </node>
  <node id="28280" lat="-2.71317039488" lon="63.89462920227">
    <tag k="local_x" v="-556.9663"/>
    <tag k="local_y" v="74.149"/>
    <tag k="ele" v="1.3677"/>
  </node>
  <node id="28281" lat="-2.71319582168" lon="63.89463124499">
    <tag k="local_x" v="-556.7413"/>
    <tag k="local_y" v="71.338"/>
    <tag k="ele" v="1.3677"/>
  </node>
  <node id="28609" lat="-2.71234056231" lon="63.89725244107">
    <tag k="local_x" v="-265.2868"/>
    <tag k="local_y" v="165.6679"/>
    <tag k="ele" v="0.7941"/>
  </node>
  <node id="28610" lat="-2.71231467958" lon="63.89725043305">
    <tag k="local_x" v="-265.5079"/>
    <tag k="local_y" v="168.5293"/>
    <tag k="ele" v="0.7941"/>
  </node>
  <node id="28645" lat="-2.71311955802" lon="63.8952400974">
    <tag k="local_x" v="-489.0522"/>
    <tag k="local_y" v="79.7186"/>
    <tag k="ele" v="1.5005"/>
  </node>
  <node id="28646" lat="-2.71311893487" lon="63.8952472359">
    <tag k="local_x" v="-488.2586"/>
    <tag k="local_y" v="79.7869"/>
    <tag k="ele" v="1.5005"/>
  </node>
  <node id="28647" lat="-2.71314478667" lon="63.89524218226">
    <tag k="local_x" v="-488.8225"/>
    <tag k="local_y" v="76.9295"/>
    <tag k="ele" v="1.5005"/>
  </node>
  <node id="28648" lat="-2.71314421599" lon="63.8952493253">
    <tag k="local_x" v="-488.0284"/>
    <tag k="local_y" v="76.992"/>
    <tag k="ele" v="1.5005"/>
  </node>
  <node id="28652" lat="-2.71313473063" lon="63.89506042286">
    <tag k="local_x" v="-509.0269"/>
    <tag k="local_y" v="78.0561"/>
    <tag k="ele" v="1.4348"/>
  </node>
  <node id="28653" lat="-2.71315999816" lon="63.89506253563">
    <tag k="local_x" v="-508.7941"/>
    <tag k="local_y" v="75.2627"/>
    <tag k="ele" v="1.433"/>
  </node>
  <node id="28700" lat="-2.71299959219" lon="63.89667226782">
    <tag k="local_x" v="-329.8356"/>
    <tag k="local_y" v="92.8625"/>
    <tag k="ele" v="1.7366"/>
  </node>
  <node id="28701" lat="-2.71302470128" lon="63.89667455413">
    <tag k="local_x" v="-329.5835"/>
    <tag k="local_y" v="90.0866"/>
    <tag k="ele" v="1.7508"/>
  </node>
  <node id="29638" lat="-2.71395305395" lon="63.89716884207">
    <tag k="local_x" v="-274.7122"/>
    <tag k="local_y" v="-12.5799"/>
    <tag k="ele" v="1.7224"/>
  </node>
  <node id="29641" lat="-2.71395526477" lon="63.89714338957">
    <tag k="local_x" v="-277.5418"/>
    <tag k="local_y" v="-12.8222"/>
    <tag k="ele" v="1.7224"/>
  </node>
  <node id="29931" lat="-2.71446818344" lon="63.89718745797">
    <tag k="local_x" v="-272.685"/>
    <tag k="local_y" v="-69.527"/>
    <tag k="ele" v="1.7466"/>
  </node>
  <node id="29932" lat="-2.71446597449" lon="63.89721281423">
    <tag k="local_x" v="-269.8661"/>
    <tag k="local_y" v="-69.2849"/>
    <tag k="ele" v="1.7466"/>
  </node>
  <node id="30003" lat="-2.71406570445" lon="63.89715336983">
    <tag k="local_x" v="-276.4414"/>
    <tag k="local_y" v="-25.0317"/>
    <tag k="ele" v="1.7345"/>
  </node>
  <node id="30004" lat="-2.71406348912" lon="63.89717879625">
    <tag k="local_x" v="-273.6147"/>
    <tag k="local_y" v="-24.7889"/>
    <tag k="ele" v="1.7345"/>
  </node>
  <node id="30020" lat="-2.71394750386" lon="63.89717783275">
    <tag k="local_x" v="-273.7123"/>
    <tag k="local_y" v="-11.9671"/>
    <tag k="ele" v="1.7262"/>
  </node>
  <node id="30021" lat="-2.71394529303" lon="63.89720328525">
    <tag k="local_x" v="-270.8827"/>
    <tag k="local_y" v="-11.7248"/>
    <tag k="ele" v="1.7262"/>
  </node>
  <node id="30046" lat="-2.71399533054" lon="63.89716625371">
    <tag k="local_x" v="-275.0034"/>
    <tag k="local_y" v="-17.2532"/>
    <tag k="ele" v="3.1218"/>
  </node>
  <node id="30049" lat="-2.71398250184" lon="63.89717188183">
    <tag k="local_x" v="-274.3767"/>
    <tag k="local_y" v="-15.8355"/>
    <tag k="ele" v="3.1218"/>
  </node>
  <node id="30052" lat="-2.71397113152" lon="63.89717483932">
    <tag k="local_x" v="-274.047"/>
    <tag k="local_y" v="-14.5788"/>
    <tag k="ele" v="3.1218"/>
  </node>
  <node id="30055" lat="-2.71395953035" lon="63.8971768341">
    <tag k="local_x" v="-273.8243"/>
    <tag k="local_y" v="-13.2965"/>
    <tag k="ele" v="3.1218"/>
  </node>
  <node id="30059" lat="-2.71400342304" lon="63.8971942335">
    <tag k="local_x" v="-271.8937"/>
    <tag k="local_y" v="-18.1501"/>
    <tag k="ele" v="3.1218"/>
  </node>
  <node id="30062" lat="-2.71398954724" lon="63.89719927613">
    <tag k="local_x" v="-271.332"/>
    <tag k="local_y" v="-16.6166"/>
    <tag k="ele" v="3.1218"/>
  </node>
  <node id="30065" lat="-2.71397514445" lon="63.89720258041">
    <tag k="local_x" v="-270.9635"/>
    <tag k="local_y" v="-15.0247"/>
    <tag k="ele" v="3.1218"/>
  </node>
  <node id="30068" lat="-2.71396045024" lon="63.89720364276">
    <tag k="local_x" v="-270.8442"/>
    <tag k="local_y" v="-13.4004"/>
    <tag k="ele" v="3.1218"/>
  </node>
  <node id="30076" lat="-2.71405100492" lon="63.89715308193">
    <tag k="local_x" v="-276.4722"/>
    <tag k="local_y" v="-23.4067"/>
    <tag k="ele" v="1.7345"/>
  </node>
  <node id="30079" lat="-2.71403643886" lon="63.89715333746">
    <tag k="local_x" v="-276.4426"/>
    <tag k="local_y" v="-21.7965"/>
    <tag k="ele" v="1.7345"/>
  </node>
  <node id="30082" lat="-2.71402217832" lon="63.89715633959">
    <tag k="local_x" v="-276.1077"/>
    <tag k="local_y" v="-20.2203"/>
    <tag k="ele" v="1.7345"/>
  </node>
  <node id="30085" lat="-2.71400873519" lon="63.89716102092">
    <tag k="local_x" v="-275.5862"/>
    <tag k="local_y" v="-18.7346"/>
    <tag k="ele" v="1.7345"/>
  </node>
  <node id="30088" lat="-2.71405205362" lon="63.89717940852">
    <tag k="local_x" v="-273.5457"/>
    <tag k="local_y" v="-23.5248"/>
    <tag k="ele" v="1.7345"/>
  </node>
  <node id="30091" lat="-2.71404070941" lon="63.89718010991">
    <tag k="local_x" v="-273.4668"/>
    <tag k="local_y" v="-22.2708"/>
    <tag k="ele" v="1.7345"/>
  </node>
  <node id="30094" lat="-2.71402958633" lon="63.89718270056">
    <tag k="local_x" v="-273.1779"/>
    <tag k="local_y" v="-21.0414"/>
    <tag k="ele" v="1.7345"/>
  </node>
  <node id="30097" lat="-2.7140186349" lon="63.8971867999">
    <tag k="local_x" v="-272.7213"/>
    <tag k="local_y" v="-19.8311"/>
    <tag k="ele" v="1.7345"/>
  </node>
  <node id="30111" lat="-2.71377625952" lon="63.89715716398">
    <tag k="local_x" v="-275.9959"/>
    <tag k="local_y" v="6.965"/>
    <tag k="ele" v="2.5366"/>
  </node>
  <node id="30123" lat="-2.71376447298" lon="63.89718211736">
    <tag k="local_x" v="-273.221"/>
    <tag k="local_y" v="8.2659"/>
    <tag k="ele" v="2.5366"/>
  </node>
  <node id="30365" lat="-2.71379766191" lon="63.89712985543">
    <tag k="local_x" v="-279.0334"/>
    <tag k="local_y" v="4.6013"/>
    <tag k="ele" v="1.7234"/>
  </node>
  <node id="30366" lat="-2.71379545109" lon="63.89715530883">
    <tag k="local_x" v="-276.2037"/>
    <tag k="local_y" v="4.8436"/>
    <tag k="ele" v="1.7234"/>
  </node>
  <node id="30537" lat="-2.713457419" lon="63.89713509554">
    <tag k="local_x" v="-278.423"/>
    <tag k="local_y" v="42.2134"/>
    <tag k="ele" v="1.7282"/>
  </node>
  <node id="30546" lat="-2.71345506437" lon="63.89716051285">
    <tag k="local_x" v="-275.5973"/>
    <tag k="local_y" v="42.4716"/>
    <tag k="ele" v="1.7282"/>
  </node>
  <node id="30548" lat="-2.71344606408" lon="63.89713318189">
    <tag k="local_x" v="-278.6348"/>
    <tag k="local_y" v="43.4688"/>
    <tag k="ele" v="1.7282"/>
  </node>
  <node id="30550" lat="-2.7134396388" lon="63.89713184669">
    <tag k="local_x" v="-278.7827"/>
    <tag k="local_y" v="44.1792"/>
    <tag k="ele" v="1.7282"/>
  </node>
  <node id="30552" lat="-2.71343297796" lon="63.89712977638">
    <tag k="local_x" v="-279.0123"/>
    <tag k="local_y" v="44.9157"/>
    <tag k="ele" v="2.5366"/>
  </node>
  <node id="30554" lat="-2.71342625887" lon="63.89712698637">
    <tag k="local_x" v="-279.3219"/>
    <tag k="local_y" v="45.6587"/>
    <tag k="ele" v="2.5366"/>
  </node>
  <node id="30555" lat="-2.71341986674" lon="63.89712364966">
    <tag k="local_x" v="-279.6923"/>
    <tag k="local_y" v="46.3656"/>
    <tag k="ele" v="2.5366"/>
  </node>
  <node id="30556" lat="-2.71339136369" lon="63.89710545831">
    <tag k="local_x" v="-281.7122"/>
    <tag k="local_y" v="49.518"/>
    <tag k="ele" v="3.6163"/>
  </node>
  <node id="30569" lat="-2.7134417921" lon="63.89715927515">
    <tag k="local_x" v="-275.7338"/>
    <tag k="local_y" v="43.9389"/>
    <tag k="ele" v="1.7282"/>
  </node>
  <node id="30571" lat="-2.7134332888" lon="63.89715814623">
    <tag k="local_x" v="-275.8586"/>
    <tag k="local_y" v="44.879"/>
    <tag k="ele" v="1.7282"/>
  </node>
  <node id="30573" lat="-2.71342492536" lon="63.89715627076">
    <tag k="local_x" v="-276.0664"/>
    <tag k="local_y" v="45.8037"/>
    <tag k="ele" v="2.5366"/>
  </node>
  <node id="30575" lat="-2.7134156642" lon="63.89715246147">
    <tag k="local_x" v="-276.4891"/>
    <tag k="local_y" v="46.8278"/>
    <tag k="ele" v="2.5366"/>
  </node>
  <node id="30576" lat="-2.71340810428" lon="63.89714905284">
    <tag k="local_x" v="-276.8674"/>
    <tag k="local_y" v="47.6638"/>
    <tag k="ele" v="2.5366"/>
  </node>
  <node id="30577" lat="-2.71337611551" lon="63.89712884119">
    <tag k="local_x" v="-279.1116"/>
    <tag k="local_y" v="51.2017"/>
    <tag k="ele" v="3.6163"/>
  </node>
  <node id="30605" lat="-2.71338527309" lon="63.89710172152">
    <tag k="local_x" v="-282.1271"/>
    <tag k="local_y" v="50.1916"/>
    <tag k="ele" v="3.6163"/>
  </node>
  <node id="30752" lat="-2.71337638882" lon="63.89709713528">
    <tag k="local_x" v="-282.6362"/>
    <tag k="local_y" v="51.1741"/>
    <tag k="ele" v="3.6163"/>
  </node>
  <node id="30754" lat="-2.71336698322" lon="63.897094122">
    <tag k="local_x" v="-282.9704"/>
    <tag k="local_y" v="52.2141"/>
    <tag k="ele" v="3.6163"/>
  </node>
  <node id="30756" lat="-2.71335725929" lon="63.89709221315">
    <tag k="local_x" v="-283.1818"/>
    <tag k="local_y" v="53.2892"/>
    <tag k="ele" v="3.6163"/>
  </node>
  <node id="30758" lat="-2.71336872379" lon="63.89712430463">
    <tag k="local_x" v="-279.6153"/>
    <tag k="local_y" v="52.0192"/>
    <tag k="ele" v="3.6163"/>
  </node>
  <node id="30761" lat="-2.71335701753" lon="63.89711923144">
    <tag k="local_x" v="-280.1783"/>
    <tag k="local_y" v="53.3137"/>
    <tag k="ele" v="3.6163"/>
  </node>
  <node id="30768" lat="-2.71334562709" lon="63.89709094158">
    <tag k="local_x" v="-283.3222"/>
    <tag k="local_y" v="54.5752"/>
    <tag k="ele" v="2.7215"/>
  </node>
  <node id="30769" lat="-2.71334360357" lon="63.89711632855">
    <tag k="local_x" v="-280.4999"/>
    <tag k="local_y" v="54.7968"/>
    <tag k="ele" v="2.7215"/>
  </node>
  <node id="30805" lat="-2.71386717963" lon="63.89717093501">
    <tag k="local_x" v="-274.4725"/>
    <tag k="local_y" v="-3.087"/>
    <tag k="ele" v="1.7265"/>
  </node>
  <node id="30806" lat="-2.71386496971" lon="63.89719638842">
    <tag k="local_x" v="-271.6428"/>
    <tag k="local_y" v="-2.8448"/>
    <tag k="ele" v="1.7265"/>
  </node>
  <node id="30869" lat="-2.71410699678" lon="63.89715693288">
    <tag k="local_x" v="-276.0487"/>
    <tag k="local_y" v="-29.5967"/>
    <tag k="ele" v="1.7406"/>
  </node>
  <node id="30870" lat="-2.71410478236" lon="63.8971823494">
    <tag k="local_x" v="-273.2231"/>
    <tag k="local_y" v="-29.354"/>
    <tag k="ele" v="1.7406"/>
  </node>
  <node id="30876" lat="-2.71422471521" lon="63.89716644984">
    <tag k="local_x" v="-275.0004"/>
    <tag k="local_y" v="-42.6108"/>
    <tag k="ele" v="1.7436"/>
  </node>
  <node id="30877" lat="-2.71422249989" lon="63.89719186277">
    <tag k="local_x" v="-272.1752"/>
    <tag k="local_y" v="-42.368"/>
    <tag k="ele" v="1.7436"/>
  </node>
  <node id="30951" lat="-2.71318983642" lon="63.89707823282">
    <tag k="local_x" v="-284.7222"/>
    <tag k="local_y" v="71.7983"/>
    <tag k="ele" v="1.4057"/>
  </node>
  <node id="30952" lat="-2.71318781195" lon="63.89710368905">
    <tag k="local_x" v="-281.8922"/>
    <tag k="local_y" v="72.02"/>
    <tag k="ele" v="1.4057"/>
  </node>
  <node id="30982" lat="-2.71378145533" lon="63.89715987641">
    <tag k="local_x" v="-275.6948"/>
    <tag k="local_y" v="6.3904"/>
    <tag k="ele" v="2.5366"/>
  </node>
  <node id="31016" lat="-2.71374867421" lon="63.89713955802">
    <tag k="local_x" v="-277.9508"/>
    <tag k="local_y" v="10.0159"/>
    <tag k="ele" v="3.0765"/>
  </node>
  <node id="31017" lat="-2.71373415964" lon="63.89716296393">
    <tag k="local_x" v="-275.3477"/>
    <tag k="local_y" v="11.6185"/>
    <tag k="ele" v="3.0765"/>
  </node>
  <node id="31029" lat="-2.71377646605" lon="63.8971871188">
    <tag k="local_x" v="-272.666"/>
    <tag k="local_y" v="6.9397"/>
    <tag k="ele" v="2.5366"/>
  </node>
  <node id="31035" lat="-2.71379942315" lon="63.89716506036">
    <tag k="local_x" v="-275.12"/>
    <tag k="local_y" v="4.4037"/>
    <tag k="ele" v="1.7269"/>
  </node>
  <node id="31036" lat="-2.71379710199" lon="63.8971904822">
    <tag k="local_x" v="-272.2938"/>
    <tag k="local_y" v="4.6582"/>
    <tag k="ele" v="1.7269"/>
  </node>
  <node id="31043" lat="-2.7137889918" lon="63.89716318157">
    <tag k="local_x" v="-275.328"/>
    <tag k="local_y" v="5.557"/>
    <tag k="ele" v="1.7269"/>
  </node>
  <node id="31044" lat="-2.71378450197" lon="63.89718906239">
    <tag k="local_x" v="-272.4506"/>
    <tag k="local_y" v="6.0512"/>
    <tag k="ele" v="1.7269"/>
  </node>
  <node id="31084" lat="-2.71330684377" lon="63.89708784548">
    <tag k="local_x" v="-283.6632"/>
    <tag k="local_y" v="58.8628"/>
    <tag k="ele" v="1.8399"/>
  </node>
  <node id="31085" lat="-2.71330481839" lon="63.8971133062">
    <tag k="local_x" v="-280.8327"/>
    <tag k="local_y" v="59.0846"/>
    <tag k="ele" v="1.8399"/>
  </node>
  <node id="31091" lat="-2.71323362644" lon="63.89708167536">
    <tag k="local_x" v="-284.3431"/>
    <tag k="local_y" v="66.9572"/>
    <tag k="ele" v="1.6228"/>
  </node>
  <node id="31092" lat="-2.71323160196" lon="63.89710713518">
    <tag k="local_x" v="-281.5127"/>
    <tag k="local_y" v="67.1789"/>
    <tag k="ele" v="1.6228"/>
  </node>
  <node id="31125" lat="-2.71370479335" lon="63.89712207678">
    <tag k="local_x" v="-279.8905"/>
    <tag k="local_y" v="14.8682"/>
    <tag k="ele" v="2.2015"/>
  </node>
  <node id="31126" lat="-2.71370256357" lon="63.89714746629">
    <tag k="local_x" v="-277.0679"/>
    <tag k="local_y" v="15.1126"/>
    <tag k="ele" v="2.2015"/>
  </node>
  <node id="31146" lat="-2.71346168888" lon="63.89710088459">
    <tag k="local_x" v="-282.2264"/>
    <tag k="local_y" v="41.7442"/>
    <tag k="ele" v="1.73"/>
  </node>
  <node id="31147" lat="-2.71345947897" lon="63.89712633798">
    <tag k="local_x" v="-279.3967"/>
    <tag k="local_y" v="41.9864"/>
    <tag k="ele" v="1.73"/>
  </node>
  <node id="31197" lat="-2.71372981838" lon="63.89712790283">
    <tag k="local_x" v="-279.2449"/>
    <tag k="local_y" v="12.1013"/>
    <tag k="ele" v="3.3328"/>
  </node>
  <node id="31199" lat="-2.71372039213" lon="63.89712467903">
    <tag k="local_x" v="-279.6025"/>
    <tag k="local_y" v="13.1436"/>
    <tag k="ele" v="3.3328"/>
  </node>
  <node id="31201" lat="-2.713710536" lon="63.8971229419">
    <tag k="local_x" v="-279.7948"/>
    <tag k="local_y" v="14.2333"/>
    <tag k="ele" v="3.3328"/>
  </node>
  <node id="31202" lat="-2.71371815212" lon="63.89715288868">
    <tag k="local_x" v="-276.4664"/>
    <tag k="local_y" v="13.3889"/>
    <tag k="ele" v="3.3328"/>
  </node>
  <node id="31204" lat="-2.71371192893" lon="63.89714984446">
    <tag k="local_x" v="-276.8043"/>
    <tag k="local_y" v="14.0771"/>
    <tag k="ele" v="3.3328"/>
  </node>
  <node id="31353" lat="-2.71367869191" lon="63.89711979782">
    <tag k="local_x" v="-280.1417"/>
    <tag k="local_y" v="17.7538"/>
    <tag k="ele" v="2.1426"/>
  </node>
  <node id="31354" lat="-2.71367645579" lon="63.89714520712">
    <tag k="local_x" v="-277.3169"/>
    <tag k="local_y" v="17.9989"/>
    <tag k="ele" v="2.1426"/>
  </node>
  <node id="31413" lat="-2.71363268555" lon="63.89715891663">
    <tag k="local_x" v="-275.7893"/>
    <tag k="local_y" v="22.8364"/>
    <tag k="ele" v="1.6714"/>
  </node>
  <node id="31416" lat="-2.71362454264" lon="63.89713182289">
    <tag k="local_x" v="-278.8005"/>
    <tag k="local_y" v="23.7388"/>
    <tag k="ele" v="1.6714"/>
  </node>
  <node id="31444" lat="-2.71357815353" lon="63.89714561592">
    <tag k="local_x" v="-277.2634"/>
    <tag k="local_y" v="28.8658"/>
    <tag k="ele" v="1.8626"/>
  </node>
  <node id="31445" lat="-2.71357592283" lon="63.89717103782">
    <tag k="local_x" v="-274.4372"/>
    <tag k="local_y" v="29.1103"/>
    <tag k="ele" v="1.8626"/>
  </node>
  <node id="31451" lat="-2.71360860229" lon="63.89713842564">
    <tag k="local_x" v="-278.0652"/>
    <tag k="local_y" v="25.5004"/>
    <tag k="ele" v="1.4329"/>
  </node>
  <node id="31453" lat="-2.7136012586" lon="63.89714105596">
    <tag k="local_x" v="-277.7722"/>
    <tag k="local_y" v="26.312"/>
    <tag k="ele" v="1.4329"/>
  </node>
  <node id="31455" lat="-2.71358992521" lon="63.89714423837">
    <tag k="local_x" v="-277.4175"/>
    <tag k="local_y" v="27.5646"/>
    <tag k="ele" v="1.4329"/>
  </node>
  <node id="31458" lat="-2.71361430856" lon="63.89716626783">
    <tag k="local_x" v="-274.9706"/>
    <tag k="local_y" v="24.8673"/>
    <tag k="ele" v="1.4329"/>
  </node>
  <node id="31460" lat="-2.71360217868" lon="63.89717002987">
    <tag k="local_x" v="-274.5514"/>
    <tag k="local_y" v="26.2079"/>
    <tag k="ele" v="1.4329"/>
  </node>
  <node id="31462" lat="-2.71359238893" lon="63.89717147185">
    <tag k="local_x" v="-274.3903"/>
    <tag k="local_y" v="27.29"/>
    <tag k="ele" v="1.4329"/>
  </node>
  <node id="31468" lat="-2.71366867547" lon="63.89711953766">
    <tag k="local_x" v="-280.1698"/>
    <tag k="local_y" v="18.8611"/>
    <tag k="ele" v="2.1426"/>
  </node>
  <node id="31469" lat="-2.71366088032" lon="63.89711982877">
    <tag k="local_x" v="-280.1368"/>
    <tag k="local_y" v="19.7228"/>
    <tag k="ele" v="2.1426"/>
  </node>
  <node id="31470" lat="-2.71364301455" lon="63.8971245734">
    <tag k="local_x" v="-279.6079"/>
    <tag k="local_y" v="21.6974"/>
    <tag k="ele" v="2.1426"/>
  </node>
  <node id="31472" lat="-2.71366490163" lon="63.89714724602">
    <tag k="local_x" v="-277.0893"/>
    <tag k="local_y" v="19.276"/>
    <tag k="ele" v="2.1426"/>
  </node>
  <node id="31473" lat="-2.71365266337" lon="63.89715078129">
    <tag k="local_x" v="-276.6953"/>
    <tag k="local_y" v="20.6286"/>
    <tag k="ele" v="2.1426"/>
  </node>
  <node id="31489" lat="-2.71360820195" lon="63.89711362071">
    <tag k="local_x" v="-280.8226"/>
    <tag k="local_y" v="25.5467"/>
    <tag k="ele" v="1.9068"/>
  </node>
  <node id="31490" lat="-2.71360596945" lon="63.89713903811">
    <tag k="local_x" v="-277.9969"/>
    <tag k="local_y" v="25.7914"/>
    <tag k="ele" v="1.9068"/>
  </node>
  <node id="31501" lat="-2.71336614761" lon="63.89709259302">
    <tag k="local_x" v="-283.1403"/>
    <tag k="local_y" v="52.3066"/>
    <tag k="ele" v="1.6196"/>
  </node>
  <node id="31506" lat="-2.71336396212" lon="63.89711804823">
    <tag k="local_x" v="-280.3104"/>
    <tag k="local_y" v="52.5461"/>
    <tag k="ele" v="1.6196"/>
  </node>
  <node id="31628" lat="-2.71370671234" lon="63.89715680685">
    <tag k="local_x" v="-276.0299"/>
    <tag k="local_y" v="14.6532"/>
    <tag k="ele" v="1.7269"/>
  </node>
  <node id="31629" lat="-2.71369346715" lon="63.89715564294">
    <tag k="local_x" v="-276.1582"/>
    <tag k="local_y" v="16.1175"/>
    <tag k="ele" v="1.7269"/>
  </node>
  <node id="31630" lat="-2.71368022106" lon="63.89715448353">
    <tag k="local_x" v="-276.286"/>
    <tag k="local_y" v="17.5819"/>
    <tag k="ele" v="1.7269"/>
  </node>
  <node id="31631" lat="-2.71366697677" lon="63.89715332862">
    <tag k="local_x" v="-276.4133"/>
    <tag k="local_y" v="19.0461"/>
    <tag k="ele" v="1.7269"/>
  </node>
  <node id="31638" lat="-2.71370444998" lon="63.89718222873">
    <tag k="local_x" v="-273.2037"/>
    <tag k="local_y" v="14.9012"/>
    <tag k="ele" v="1.7269"/>
  </node>
  <node id="31639" lat="-2.71369121203" lon="63.89718106482">
    <tag k="local_x" v="-273.332"/>
    <tag k="local_y" v="16.3647"/>
    <tag k="ele" v="1.7269"/>
  </node>
  <node id="31640" lat="-2.71367797408" lon="63.89717990542">
    <tag k="local_x" v="-273.4598"/>
    <tag k="local_y" v="17.8282"/>
    <tag k="ele" v="1.7269"/>
  </node>
  <node id="31641" lat="-2.71366473431" lon="63.89717874961">
    <tag k="local_x" v="-273.5872"/>
    <tag k="local_y" v="19.2919"/>
    <tag k="ele" v="1.7269"/>
  </node>
  <node id="31666" lat="-2.71408321723" lon="63.89718891563">
    <tag k="local_x" v="-272.4914"/>
    <tag k="local_y" v="-26.9706"/>
    <tag k="ele" v="1.7376"/>
  </node>
  <node id="31667" lat="-2.7140810001" lon="63.89721433485">
    <tag k="local_x" v="-269.6655"/>
    <tag k="local_y" v="-26.7276"/>
    <tag k="ele" v="1.7376"/>
  </node>
  <node id="31679" lat="-2.71371254844" lon="63.89715732121">
    <tag k="local_x" v="-275.9732"/>
    <tag k="local_y" v="14.008"/>
    <tag k="ele" v="1.7269"/>
  </node>
  <node id="31680" lat="-2.71371028336" lon="63.89718274308">
    <tag k="local_x" v="-273.147"/>
    <tag k="local_y" v="14.2563"/>
    <tag k="ele" v="1.7269"/>
  </node>
  <node id="31729" lat="-2.71345204844" lon="63.899645798">
    <tag k="local_x" v="0.679"/>
    <tag k="local_y" v="42.5999"/>
    <tag k="ele" v="2.0022"/>
  </node>
  <node id="31730" lat="-2.713454263" lon="63.89962025467">
    <tag k="local_x" v="-2.1607"/>
    <tag k="local_y" v="42.3572"/>
    <tag k="ele" v="2.0022"/>
  </node>
  <node id="31790" lat="-2.71354887214" lon="63.89963017756">
    <tag k="local_x" v="-1.0654"/>
    <tag k="local_y" v="31.8977"/>
    <tag k="ele" v="1.9402"/>
  </node>
  <node id="31791" lat="-2.71354129825" lon="63.8996019157">
    <tag k="local_x" v="-4.2065"/>
    <tag k="local_y" v="32.7373"/>
    <tag k="ele" v="1.9402"/>
  </node>
  <node id="31800" lat="-2.71347084607" lon="63.89964693186">
    <tag k="local_x" v="0.8035"/>
    <tag k="local_y" v="40.5218"/>
    <tag k="ele" v="2.0022"/>
  </node>
  <node id="31804" lat="-2.71348958934" lon="63.89964695831">
    <tag k="local_x" v="0.8049"/>
    <tag k="local_y" v="38.4498"/>
    <tag k="ele" v="2.0022"/>
  </node>
  <node id="31808" lat="-2.71350376659" lon="63.89964526501">
    <tag k="local_x" v="0.6155"/>
    <tag k="local_y" v="36.8827"/>
    <tag k="ele" v="2.0022"/>
  </node>
  <node id="31810" lat="-2.71351706325" lon="63.89964168737">
    <tag k="local_x" v="0.2167"/>
    <tag k="local_y" v="35.4131"/>
    <tag k="ele" v="2.0022"/>
  </node>
  <node id="31814" lat="-2.71347026686" lon="63.89962066321">
    <tag k="local_x" v="-2.1166"/>
    <tag k="local_y" v="40.588"/>
    <tag k="ele" v="2.0022"/>
  </node>
  <node id="31818" lat="-2.71348620691" lon="63.89961931036">
    <tag k="local_x" v="-2.2683"/>
    <tag k="local_y" v="38.826"/>
    <tag k="ele" v="2.0022"/>
  </node>
  <node id="31822" lat="-2.71349782698" lon="63.89961743975">
    <tag k="local_x" v="-2.4772"/>
    <tag k="local_y" v="37.5416"/>
    <tag k="ele" v="2.0022"/>
  </node>
  <node id="31824" lat="-2.71350975215" lon="63.89961403022">
    <tag k="local_x" v="-2.8572"/>
    <tag k="local_y" v="36.2236"/>
    <tag k="ele" v="2.0022"/>
  </node>
  <node id="31828" lat="-2.71340463727" lon="63.89960736949">
    <tag k="local_x" v="-3.589"/>
    <tag k="local_y" v="47.8442"/>
    <tag k="ele" v="1.921"/>
  </node>
  <node id="31838" lat="-2.71340674748" lon="63.89958224709">
    <tag k="local_x" v="-6.3819"/>
    <tag k="local_y" v="47.613"/>
    <tag k="ele" v="1.9049"/>
  </node>
  <node id="31851" lat="-2.71343926044" lon="63.8996102746">
    <tag k="local_x" v="-3.2689"/>
    <tag k="local_y" v="44.0165"/>
    <tag k="ele" v="1.9128"/>
  </node>
  <node id="31852" lat="-2.71344140777" lon="63.89958511893">
    <tag k="local_x" v="-6.0655"/>
    <tag k="local_y" v="43.7812"/>
    <tag k="ele" v="1.9128"/>
  </node>
  <node id="31953" lat="-2.71246637301" lon="63.8968920761">
    <tag k="local_x" v="-305.357"/>
    <tag k="local_y" v="151.7897"/>
    <tag k="ele" v="1.9087"/>
  </node>
  <node id="31954" lat="-2.71248318869" lon="63.89666975636">
    <tag k="local_x" v="-330.0725"/>
    <tag k="local_y" v="149.9491"/>
    <tag k="ele" v="1.8909"/>
  </node>
  <node id="31956" lat="-2.71249253895" lon="63.89689398177">
    <tag k="local_x" v="-305.1473"/>
    <tag k="local_y" v="148.897"/>
    <tag k="ele" v="1.9087"/>
  </node>
  <node id="31957" lat="-2.71250935463" lon="63.89667166202">
    <tag k="local_x" v="-329.8628"/>
    <tag k="local_y" v="147.0564"/>
    <tag k="ele" v="1.8909"/>
  </node>
  <node id="31974" lat="-2.71236015843" lon="63.89719569294">
    <tag k="local_x" v="-271.5968"/>
    <tag k="local_y" v="163.5063"/>
    <tag k="ele" v="-0.0541"/>
  </node>
  <node id="31975" lat="-2.71233846293" lon="63.89718055705">
    <tag k="local_x" v="-273.2776"/>
    <tag k="local_y" v="165.9059"/>
    <tag k="ele" v="-0.0541"/>
  </node>
  <node id="32100" lat="-2.71234178147" lon="63.89724062618">
    <tag k="local_x" v="-266.6003"/>
    <tag k="local_y" v="165.5341"/>
    <tag k="ele" v="0.7908"/>
  </node>
  <node id="32102" lat="-2.71234321534" lon="63.89723322921">
    <tag k="local_x" v="-267.4227"/>
    <tag k="local_y" v="165.3762"/>
    <tag k="ele" v="0.7908"/>
  </node>
  <node id="32104" lat="-2.7123451747" lon="63.89722595587">
    <tag k="local_x" v="-268.2314"/>
    <tag k="local_y" v="165.1602"/>
    <tag k="ele" v="0.7908"/>
  </node>
  <node id="32106" lat="-2.71234765046" lon="63.89721884303">
    <tag k="local_x" v="-269.0223"/>
    <tag k="local_y" v="164.8871"/>
    <tag k="ele" v="0.7908"/>
  </node>
  <node id="32108" lat="-2.71235062904" lon="63.89721192667">
    <tag k="local_x" v="-269.7914"/>
    <tag k="local_y" v="164.5584"/>
    <tag k="ele" v="0.7908"/>
  </node>
  <node id="32110" lat="-2.71235409411" lon="63.89720524095">
    <tag k="local_x" v="-270.5349"/>
    <tag k="local_y" v="164.1759"/>
    <tag k="ele" v="0.7908"/>
  </node>
  <node id="32113" lat="-2.71231549879" lon="63.89724120502">
    <tag k="local_x" v="-266.5338"/>
    <tag k="local_y" v="168.4395"/>
    <tag k="ele" v="0.7908"/>
  </node>
  <node id="32115" lat="-2.71231683168" lon="63.89723215187">
    <tag k="local_x" v="-267.5403"/>
    <tag k="local_y" v="168.2929"/>
    <tag k="ele" v="0.7908"/>
  </node>
  <node id="32117" lat="-2.71231885577" lon="63.8972229877">
    <tag k="local_x" v="-268.5592"/>
    <tag k="local_y" v="168.0699"/>
    <tag k="ele" v="0.7908"/>
  </node>
  <node id="32119" lat="-2.71232153286" lon="63.89721398772">
    <tag k="local_x" v="-269.5599"/>
    <tag k="local_y" v="167.7747"/>
    <tag k="ele" v="0.7908"/>
  </node>
  <node id="32121" lat="-2.71232485024" lon="63.89720519781">
    <tag k="local_x" v="-270.5373"/>
    <tag k="local_y" v="167.4087"/>
    <tag k="ele" v="0.7908"/>
  </node>
  <node id="32123" lat="-2.7123287898" lon="63.89719666204">
    <tag k="local_x" v="-271.4865"/>
    <tag k="local_y" v="166.9739"/>
    <tag k="ele" v="0.7908"/>
  </node>
  <node id="32125" lat="-2.71233333341" lon="63.89718842627">
    <tag k="local_x" v="-272.4024"/>
    <tag k="local_y" v="166.4723"/>
    <tag k="ele" v="0.7908"/>
  </node>
  <node id="32199" lat="-2.71239483207" lon="63.89714669577">
    <tag k="local_x" v="-277.0464"/>
    <tag k="local_y" v="159.6773"/>
    <tag k="ele" v="-0.5074"/>
  </node>
  <node id="32200" lat="-2.71237316011" lon="63.89713152932">
    <tag k="local_x" v="-278.7306"/>
    <tag k="local_y" v="162.0743"/>
    <tag k="ele" v="-0.5074"/>
  </node>
  <node id="32262" lat="-2.7124546913" lon="63.89689047166">
    <tag k="local_x" v="-305.5344"/>
    <tag k="local_y" v="153.0812"/>
    <tag k="ele" v="1.9087"/>
  </node>
  <node id="32263" lat="-2.71247150697" lon="63.89666815192">
    <tag k="local_x" v="-330.2499"/>
    <tag k="local_y" v="151.2406"/>
    <tag k="ele" v="1.8909"/>
  </node>
  <node id="32264" lat="-2.71242852535" lon="63.896888566">
    <tag k="local_x" v="-305.7441"/>
    <tag k="local_y" v="155.9739"/>
    <tag k="ele" v="1.9087"/>
  </node>
  <node id="32265" lat="-2.71244534103" lon="63.89666624626">
    <tag k="local_x" v="-330.4596"/>
    <tag k="local_y" v="154.1333"/>
    <tag k="ele" v="1.8909"/>
  </node>
  <node id="32272" lat="-2.71241120813" lon="63.89712351614">
    <tag k="local_x" v="-279.6245"/>
    <tag k="local_y" v="157.8689"/>
    <tag k="ele" v="-0.6867"/>
  </node>
  <node id="32275" lat="-2.71241880526" lon="63.89711218722">
    <tag k="local_x" v="-280.8845"/>
    <tag k="local_y" v="157.03"/>
    <tag k="ele" v="-0.6867"/>
  </node>
  <node id="32281" lat="-2.71243305025" lon="63.89708877933">
    <tag k="local_x" v="-283.4878"/>
    <tag k="local_y" v="155.4572"/>
    <tag k="ele" v="-0.6867"/>
  </node>
  <node id="32284" lat="-2.7124396483" lon="63.89707677409">
    <tag k="local_x" v="-284.8229"/>
    <tag k="local_y" v="154.7288"/>
    <tag k="ele" v="-0.6867"/>
  </node>
  <node id="32287" lat="-2.71244588827" lon="63.89706458148">
    <tag k="local_x" v="-286.1788"/>
    <tag k="local_y" v="154.04"/>
    <tag k="ele" v="-0.6867"/>
  </node>
  <node id="32290" lat="-2.71245176653" lon="63.89705221229">
    <tag k="local_x" v="-287.5543"/>
    <tag k="local_y" v="153.3912"/>
    <tag k="ele" v="-0.6867"/>
  </node>
  <node id="32293" lat="-2.71245727674" lon="63.8970396764">
    <tag k="local_x" v="-288.9483"/>
    <tag k="local_y" v="152.7831"/>
    <tag k="ele" v="-0.6867"/>
  </node>
  <node id="32296" lat="-2.71246241438" lon="63.89702698642">
    <tag k="local_x" v="-290.3594"/>
    <tag k="local_y" v="152.2162"/>
    <tag k="ele" v="-0.6867"/>
  </node>
  <node id="32299" lat="-2.7124671758" lon="63.89701415133">
    <tag k="local_x" v="-291.7866"/>
    <tag k="local_y" v="151.6909"/>
    <tag k="ele" v="-0.6867"/>
  </node>
  <node id="32302" lat="-2.71247155559" lon="63.89700118372">
    <tag k="local_x" v="-293.2285"/>
    <tag k="local_y" v="151.2078"/>
    <tag k="ele" v="-0.6867"/>
  </node>
  <node id="32305" lat="-2.71247555101" lon="63.89698809349">
    <tag k="local_x" v="-294.684"/>
    <tag k="local_y" v="150.7672"/>
    <tag k="ele" v="-0.6867"/>
  </node>
  <node id="32308" lat="-2.71247915844" lon="63.89697489323">
    <tag k="local_x" v="-296.1517"/>
    <tag k="local_y" v="150.3695"/>
    <tag k="ele" v="-0.6867"/>
  </node>
  <node id="32311" lat="-2.71248237425" lon="63.89696159282">
    <tag k="local_x" v="-297.6305"/>
    <tag k="local_y" v="150.0151"/>
    <tag k="ele" v="-0.6867"/>
  </node>
  <node id="32314" lat="-2.71248519662" lon="63.89694820487">
    <tag k="local_x" v="-299.119"/>
    <tag k="local_y" v="149.7042"/>
    <tag k="ele" v="-0.6867"/>
  </node>
  <node id="32317" lat="-2.71248762194" lon="63.89693474016">
    <tag k="local_x" v="-300.616"/>
    <tag k="local_y" v="149.4372"/>
    <tag k="ele" v="-0.6867"/>
  </node>
  <node id="32320" lat="-2.71248964927" lon="63.89692121128">
    <tag k="local_x" v="-302.1201"/>
    <tag k="local_y" v="149.2142"/>
    <tag k="ele" v="-0.6867"/>
  </node>
  <node id="32323" lat="-2.71249127591" lon="63.89690762814">
    <tag k="local_x" v="-303.6302"/>
    <tag k="local_y" v="149.0355"/>
    <tag k="ele" v="-0.6867"/>
  </node>
  <node id="32326" lat="-2.71238931431" lon="63.89710866707">
    <tag k="local_x" v="-281.2734"/>
    <tag k="local_y" v="160.2904"/>
    <tag k="ele" v="-0.6867"/>
  </node>
  <node id="32329" lat="-2.71239656638" lon="63.89709788303">
    <tag k="local_x" v="-282.4728"/>
    <tag k="local_y" v="159.4896"/>
    <tag k="ele" v="-0.6867"/>
  </node>
  <node id="32335" lat="-2.71241003061" lon="63.89707581222">
    <tag k="local_x" v="-284.9274"/>
    <tag k="local_y" v="158.003"/>
    <tag k="ele" v="-0.6867"/>
  </node>
  <node id="32338" lat="-2.71241626902" lon="63.89706449129">
    <tag k="local_x" v="-286.1864"/>
    <tag k="local_y" v="157.3143"/>
    <tag k="ele" v="-0.6867"/>
  </node>
  <node id="32341" lat="-2.71242217106" lon="63.89705299289">
    <tag k="local_x" v="-287.4651"/>
    <tag k="local_y" v="156.6628"/>
    <tag k="ele" v="-0.6867"/>
  </node>
  <node id="32344" lat="-2.71242773038" lon="63.89704132693">
    <tag k="local_x" v="-288.7624"/>
    <tag k="local_y" v="156.0492"/>
    <tag k="ele" v="-0.6867"/>
  </node>
  <node id="32347" lat="-2.71243294425" lon="63.89702950418">
    <tag k="local_x" v="-290.0771"/>
    <tag k="local_y" v="155.4738"/>
    <tag k="ele" v="-0.6867"/>
  </node>
  <node id="32350" lat="-2.71243780635" lon="63.89701753365">
    <tag k="local_x" v="-291.4082"/>
    <tag k="local_y" v="154.9373"/>
    <tag k="ele" v="-0.6867"/>
  </node>
  <node id="32353" lat="-2.71244231304" lon="63.89700542612">
    <tag k="local_x" v="-292.7545"/>
    <tag k="local_y" v="154.4401"/>
    <tag k="ele" v="-0.6867"/>
  </node>
  <node id="32356" lat="-2.7124464598" lon="63.89699319238">
    <tag k="local_x" v="-294.1148"/>
    <tag k="local_y" v="153.9827"/>
    <tag k="ele" v="-0.6867"/>
  </node>
  <node id="32359" lat="-2.7124502448" lon="63.89698084234">
    <tag k="local_x" v="-295.488"/>
    <tag k="local_y" v="153.5653"/>
    <tag k="ele" v="-0.6867"/>
  </node>
  <node id="32362" lat="-2.71245366352" lon="63.89696838677">
    <tag k="local_x" v="-296.8729"/>
    <tag k="local_y" v="153.1884"/>
    <tag k="ele" v="-0.6867"/>
  </node>
  <node id="32365" lat="-2.71245671323" lon="63.89695583648">
    <tag k="local_x" v="-298.2683"/>
    <tag k="local_y" v="152.8523"/>
    <tag k="ele" v="-0.6867"/>
  </node>
  <node id="32368" lat="-2.71245939121" lon="63.89694320316">
    <tag k="local_x" v="-299.6729"/>
    <tag k="local_y" v="152.5573"/>
    <tag k="ele" v="-0.6867"/>
  </node>
  <node id="32371" lat="-2.71246169474" lon="63.89693049669">
    <tag k="local_x" v="-301.0856"/>
    <tag k="local_y" v="152.3037"/>
    <tag k="ele" v="-0.6867"/>
  </node>
  <node id="32374" lat="-2.71246362291" lon="63.89691772788">
    <tag k="local_x" v="-302.5052"/>
    <tag k="local_y" v="152.0916"/>
    <tag k="ele" v="-0.6867"/>
  </node>
  <node id="32377" lat="-2.712465173" lon="63.89690490752">
    <tag k="local_x" v="-303.9305"/>
    <tag k="local_y" v="151.9213"/>
    <tag k="ele" v="-0.6867"/>
  </node>
  <node id="32450" lat="-2.71242428725" lon="63.89710353294">
    <tag k="local_x" v="-281.847"/>
    <tag k="local_y" v="156.4247"/>
    <tag k="ele" v="-0.6867"/>
  </node>
  <node id="32451" lat="-2.71240171054" lon="63.89708978354">
    <tag k="local_x" v="-283.3736"/>
    <tag k="local_y" v="158.9216"/>
    <tag k="ele" v="-0.6867"/>
  </node>
  <node id="32457" lat="-2.71242684231" lon="63.89709926279">
    <tag k="local_x" v="-282.3219"/>
    <tag k="local_y" v="156.1426"/>
    <tag k="ele" v="-0.6867"/>
  </node>
  <node id="32459" lat="-2.71243120689" lon="63.89709092253">
    <tag k="local_x" v="-283.2494"/>
    <tag k="local_y" v="155.6608"/>
    <tag k="ele" v="-0.6867"/>
  </node>
  <node id="32461" lat="-2.71243504175" lon="63.89708206464">
    <tag k="local_x" v="-284.2344"/>
    <tag k="local_y" v="155.2376"/>
    <tag k="ele" v="-0.6867"/>
  </node>
  <node id="32463" lat="-2.7124382056" lon="63.89707294897">
    <tag k="local_x" v="-285.248"/>
    <tag k="local_y" v="154.8886"/>
    <tag k="ele" v="-0.6867"/>
  </node>
  <node id="32465" lat="-2.71244068029" lon="63.8970636277">
    <tag k="local_x" v="-286.2844"/>
    <tag k="local_y" v="154.6158"/>
    <tag k="ele" v="-0.6867"/>
  </node>
  <node id="32467" lat="-2.71244245494" lon="63.89705415119">
    <tag k="local_x" v="-287.338"/>
    <tag k="local_y" v="154.4204"/>
    <tag k="ele" v="-0.6867"/>
  </node>
  <node id="32471" lat="-2.71240735922" lon="63.89707959022">
    <tag k="local_x" v="-284.5072"/>
    <tag k="local_y" v="158.298"/>
    <tag k="ele" v="-0.6867"/>
  </node>
  <node id="32473" lat="-2.7124104555" lon="63.89707253542">
    <tag k="local_x" v="-285.2917"/>
    <tag k="local_y" v="157.9563"/>
    <tag k="ele" v="-0.6867"/>
  </node>
  <node id="32475" lat="-2.71241301821" lon="63.89706526971">
    <tag k="local_x" v="-286.0996"/>
    <tag k="local_y" v="157.6736"/>
    <tag k="ele" v="-0.6867"/>
  </node>
  <node id="32477" lat="-2.71241503287" lon="63.89705783449">
    <tag k="local_x" v="-286.9263"/>
    <tag k="local_y" v="157.4515"/>
    <tag k="ele" v="-0.6867"/>
  </node>
  <node id="32479" lat="-2.71241648858" lon="63.89705026932">
    <tag k="local_x" v="-287.7674"/>
    <tag k="local_y" v="157.2912"/>
    <tag k="ele" v="-0.6867"/>
  </node>
  <node id="32484" lat="-2.7125027813" lon="63.89675857231">
    <tag k="local_x" v="-320.2009"/>
    <tag k="local_y" v="147.7759"/>
    <tag k="ele" v="1.8998"/>
  </node>
  <node id="32485" lat="-2.71247661901" lon="63.89675661627">
    <tag k="local_x" v="-320.4162"/>
    <tag k="local_y" v="150.6682"/>
    <tag k="ele" v="1.8998"/>
  </node>
  <node id="32491" lat="-2.71243269082" lon="63.89718508384">
    <tag k="local_x" v="-272.7821"/>
    <tag k="local_y" v="155.489"/>
    <tag k="ele" v="1.9087"/>
  </node>
  <node id="32493" lat="-2.71240652488" lon="63.89718317817">
    <tag k="local_x" v="-272.9918"/>
    <tag k="local_y" v="158.3817"/>
    <tag k="ele" v="1.9087"/>
  </node>
  <node id="32498" lat="-2.71243516211" lon="63.89715241165">
    <tag k="local_x" v="-276.4143"/>
    <tag k="local_y" v="155.2185"/>
    <tag k="ele" v="1.9043"/>
  </node>
  <node id="32499" lat="-2.71240899983" lon="63.8971504547">
    <tag k="local_x" v="-276.6297"/>
    <tag k="local_y" v="158.1108"/>
    <tag k="ele" v="1.9043"/>
  </node>
  <node id="32505" lat="-2.71244343198" lon="63.89704434664">
    <tag k="local_x" v="-288.428"/>
    <tag k="local_y" v="154.3132"/>
    <tag k="ele" v="0.611"/>
  </node>
  <node id="32506" lat="-2.71241730673" lon="63.8970424572">
    <tag k="local_x" v="-288.6359"/>
    <tag k="local_y" v="157.2014"/>
    <tag k="ele" v="0.611"/>
  </node>
  <node id="32526" lat="-2.71248436168" lon="63.89700041144">
    <tag k="local_x" v="-293.3154"/>
    <tag k="local_y" v="149.7922"/>
    <tag k="ele" v="1.8998"/>
  </node>
  <node id="32527" lat="-2.7124582003" lon="63.8969984545">
    <tag k="local_x" v="-293.5308"/>
    <tag k="local_y" v="152.6844"/>
    <tag k="ele" v="1.8998"/>
  </node>
  <node id="32841" lat="-2.71319426397" lon="63.89520545787">
    <tag k="local_x" v="-492.909"/>
    <tag k="local_y" v="71.463"/>
    <tag k="ele" v="1.4518"/>
  </node>
  <node id="32842" lat="-2.71316862009" lon="63.895203388">
    <tag k="local_x" v="-493.137"/>
    <tag k="local_y" v="74.298"/>
    <tag k="ele" v="1.4587"/>
  </node>
  <node id="32855" lat="-2.71320178146" lon="63.89517591354">
    <tag k="local_x" v="-496.1939"/>
    <tag k="local_y" v="70.6344"/>
    <tag k="ele" v="1.3153"/>
  </node>
  <node id="32857" lat="-2.71320548971" lon="63.89516943399">
    <tag k="local_x" v="-496.9145"/>
    <tag k="local_y" v="70.225"/>
    <tag k="ele" v="1.3153"/>
  </node>
  <node id="32859" lat="-2.71317412616" lon="63.89516477995">
    <tag k="local_x" v="-497.4293"/>
    <tag k="local_y" v="73.6925"/>
    <tag k="ele" v="1.3153"/>
  </node>
  <node id="32862" lat="-2.71317906946" lon="63.89515428385">
    <tag k="local_x" v="-498.5965"/>
    <tag k="local_y" v="73.1469"/>
    <tag k="ele" v="1.3153"/>
  </node>
  <node id="32868" lat="-2.71325353201" lon="63.8951464917">
    <tag k="local_x" v="-499.4688"/>
    <tag k="local_y" v="64.916"/>
    <tag k="ele" v="1.5512"/>
  </node>
  <node id="32869" lat="-2.71325658423" lon="63.89512203563">
    <tag k="local_x" v="-502.1877"/>
    <tag k="local_y" v="64.5806"/>
    <tag k="ele" v="1.5512"/>
  </node>
  <node id="32960" lat="-2.71316950772" lon="63.89566513609">
    <tag k="local_x" v="-441.807"/>
    <tag k="local_y" v="74.1619"/>
    <tag k="ele" v="1.4923"/>
  </node>
  <node id="32961" lat="-2.71315952777" lon="63.89563892888">
    <tag k="local_x" v="-444.7195"/>
    <tag k="local_y" v="75.2673"/>
    <tag k="ele" v="1.4923"/>
  </node>
  <node id="32967" lat="-2.71315446736" lon="63.89569129881">
    <tag k="local_x" v="-438.8974"/>
    <tag k="local_y" v="75.8224"/>
    <tag k="ele" v="1.6645"/>
  </node>
  <node id="32968" lat="-2.71312894745" lon="63.89568917774">
    <tag k="local_x" v="-439.1311"/>
    <tag k="local_y" v="78.6437"/>
    <tag k="ele" v="1.6649"/>
  </node>
  <node id="32974" lat="-2.71315595486" lon="63.89568355643">
    <tag k="local_x" v="-439.7582"/>
    <tag k="local_y" v="75.6586"/>
    <tag k="ele" v="1.6544"/>
  </node>
  <node id="32976" lat="-2.71315799358" lon="63.8956778124">
    <tag k="local_x" v="-440.3969"/>
    <tag k="local_y" v="75.4337"/>
    <tag k="ele" v="1.6544"/>
  </node>
  <node id="32978" lat="-2.71316088236" lon="63.89567242613">
    <tag k="local_x" v="-440.9959"/>
    <tag k="local_y" v="75.1148"/>
    <tag k="ele" v="1.6544"/>
  </node>
  <node id="32980" lat="-2.71316533364" lon="63.89566789919">
    <tag k="local_x" v="-441.4995"/>
    <tag k="local_y" v="74.6231"/>
    <tag k="ele" v="1.6544"/>
  </node>
  <node id="32982" lat="-2.71313082667" lon="63.89567288708">
    <tag k="local_x" v="-440.9422"/>
    <tag k="local_y" v="78.4373"/>
    <tag k="ele" v="1.6544"/>
  </node>
  <node id="32983" lat="-2.71313129978" lon="63.89566801627">
    <tag k="local_x" v="-441.4837"/>
    <tag k="local_y" v="78.3854"/>
    <tag k="ele" v="1.6544"/>
  </node>
  <node id="32984" lat="-2.7131327376" lon="63.89566259924">
    <tag k="local_x" v="-442.086"/>
    <tag k="local_y" v="78.2269"/>
    <tag k="ele" v="1.6544"/>
  </node>
  <node id="32985" lat="-2.71313537753" lon="63.89565732883">
    <tag k="local_x" v="-442.6721"/>
    <tag k="local_y" v="77.9355"/>
    <tag k="ele" v="1.6544"/>
  </node>
  <node id="32986" lat="-2.71313908462" lon="63.89565241902">
    <tag k="local_x" v="-443.2182"/>
    <tag k="local_y" v="77.5261"/>
    <tag k="ele" v="1.6544"/>
  </node>
  <node id="32987" lat="-2.71314459197" lon="63.89564735582">
    <tag k="local_x" v="-443.7815"/>
    <tag k="local_y" v="76.9177"/>
    <tag k="ele" v="1.6544"/>
  </node>
  <node id="32989" lat="-2.71315302057" lon="63.89564190885">
    <tag k="local_x" v="-444.3877"/>
    <tag k="local_y" v="75.9864"/>
    <tag k="ele" v="1.6544"/>
  </node>
  <node id="32993" lat="-2.71317548251" lon="63.89544156945">
    <tag k="local_x" v="-466.6602"/>
    <tag k="local_y" v="73.5198"/>
    <tag k="ele" v="1.5005"/>
  </node>
  <node id="32994" lat="-2.71314707312" lon="63.89544942516">
    <tag k="local_x" v="-465.7846"/>
    <tag k="local_y" v="76.6597"/>
    <tag k="ele" v="1.5128"/>
  </node>
  <node id="33007" lat="-2.71318285744" lon="63.89566805601">
    <tag k="local_x" v="-441.4835"/>
    <tag k="local_y" v="72.6859"/>
    <tag k="ele" v="1.4127"/>
  </node>
  <node id="33008" lat="-2.7131807382" lon="63.89569205129">
    <tag k="local_x" v="-438.8159"/>
    <tag k="local_y" v="72.9182"/>
    <tag k="ele" v="1.4127"/>
  </node>
  <node id="33083" lat="-2.71315919586" lon="63.89563396303">
    <tag k="local_x" v="-445.2715"/>
    <tag k="local_y" v="75.3044"/>
    <tag k="ele" v="1.5826"/>
  </node>
  <node id="33084" lat="-2.71313389124" lon="63.89563184482">
    <tag k="local_x" v="-445.5049"/>
    <tag k="local_y" v="78.1019"/>
    <tag k="ele" v="1.5888"/>
  </node>
  <node id="33091" lat="-2.71317789585" lon="63.89566665893">
    <tag k="local_x" v="-441.6384"/>
    <tag k="local_y" v="73.2345"/>
    <tag k="ele" v="1.4127"/>
  </node>
  <node id="33093" lat="-2.71317405573" lon="63.89566433882">
    <tag k="local_x" v="-441.896"/>
    <tag k="local_y" v="73.6592"/>
    <tag k="ele" v="1.4127"/>
  </node>
  <node id="33095" lat="-2.71316930873" lon="63.89566023961">
    <tag k="local_x" v="-442.3513"/>
    <tag k="local_y" v="74.1843"/>
    <tag k="ele" v="1.4127"/>
  </node>
  <node id="33097" lat="-2.71316507627" lon="63.89565514944">
    <tag k="local_x" v="-442.9168"/>
    <tag k="local_y" v="74.6526"/>
    <tag k="ele" v="1.4127"/>
  </node>
  <node id="33099" lat="-2.71316222319" lon="63.89564903929">
    <tag k="local_x" v="-443.5958"/>
    <tag k="local_y" v="74.9685"/>
    <tag k="ele" v="1.4127"/>
  </node>
  <node id="33101" lat="-2.71316023924" lon="63.89564196454">
    <tag k="local_x" v="-444.3821"/>
    <tag k="local_y" v="75.1884"/>
    <tag k="ele" v="1.4127"/>
  </node>
  <node id="33103" lat="-2.71317694133" lon="63.89569240472">
    <tag k="local_x" v="-438.7763"/>
    <tag k="local_y" v="73.3379"/>
    <tag k="ele" v="1.4127"/>
  </node>
  <node id="33104" lat="-2.71317133509" lon="63.8956917745">
    <tag k="local_x" v="-438.8459"/>
    <tag k="local_y" v="73.9577"/>
    <tag k="ele" v="1.4127"/>
  </node>
  <node id="33105" lat="-2.71316536678" lon="63.89569022735">
    <tag k="local_x" v="-439.0174"/>
    <tag k="local_y" v="74.6176"/>
    <tag k="ele" v="1.4127"/>
  </node>
  <node id="33106" lat="-2.71315851782" lon="63.89568689031">
    <tag k="local_x" v="-439.3878"/>
    <tag k="local_y" v="75.375"/>
    <tag k="ele" v="1.4127"/>
  </node>
  <node id="33108" lat="-2.71315135685" lon="63.89568223878">
    <tag k="local_x" v="-439.9043"/>
    <tag k="local_y" v="76.167"/>
    <tag k="ele" v="1.4127"/>
  </node>
  <node id="33109" lat="-2.71314552007" lon="63.89567655732">
    <tag k="local_x" v="-440.5354"/>
    <tag k="local_y" v="76.8127"/>
    <tag k="ele" v="1.4127"/>
  </node>
  <node id="33110" lat="-2.71314090734" lon="63.89567071215">
    <tag k="local_x" v="-441.1848"/>
    <tag k="local_y" v="77.3231"/>
    <tag k="ele" v="1.4127"/>
  </node>
  <node id="33112" lat="-2.71313564714" lon="63.8956621444">
    <tag k="local_x" v="-442.1368"/>
    <tag k="local_y" v="77.9053"/>
    <tag k="ele" v="1.4127"/>
  </node>
  <node id="33113" lat="-2.71313330392" lon="63.89565282317">
    <tag k="local_x" v="-443.1728"/>
    <tag k="local_y" v="78.1651"/>
    <tag k="ele" v="1.4127"/>
  </node>
  <node id="33115" lat="-2.71313231225" lon="63.89564340398">
    <tag k="local_x" v="-444.2198"/>
    <tag k="local_y" v="78.2755"/>
    <tag k="ele" v="1.4127"/>
  </node>
  <node id="33119" lat="-2.71321411011" lon="63.89566124861">
    <tag k="local_x" v="-442.2428"/>
    <tag k="local_y" v="69.2316"/>
    <tag k="ele" v="1.5512"/>
  </node>
  <node id="33120" lat="-2.71321615073" lon="63.89563714892">
    <tag k="local_x" v="-444.922"/>
    <tag k="local_y" v="69.008"/>
    <tag k="ele" v="1.5512"/>
  </node>
  <node id="33139" lat="-2.71310927475" lon="63.89536382519">
    <tag k="local_x" v="-475.2972"/>
    <tag k="local_y" v="80.8452"/>
    <tag k="ele" v="1.5065"/>
  </node>
  <node id="33140" lat="-2.71313461921" lon="63.89536589395">
    <tag k="local_x" v="-475.0693"/>
    <tag k="local_y" v="78.0433"/>
    <tag k="ele" v="1.5039"/>
  </node>
  <node id="33146" lat="-2.71317315989" lon="63.89546900632">
    <tag k="local_x" v="-463.61"/>
    <tag k="local_y" v="73.7743"/>
    <tag k="ele" v="1.5416"/>
  </node>
  <node id="33147" lat="-2.71314785527" lon="63.89546688721">
    <tag k="local_x" v="-463.8435"/>
    <tag k="local_y" v="76.5718"/>
    <tag k="ele" v="1.5508"/>
  </node>
  <node id="33172" lat="-2.71323162641" lon="63.89515352099">
    <tag k="local_x" v="-498.6856"/>
    <tag k="local_y" v="67.337"/>
    <tag k="ele" v="1.4058"/>
  </node>
  <node id="33173" lat="-2.71322306563" lon="63.89517857302">
    <tag k="local_x" v="-495.9"/>
    <tag k="local_y" v="68.2813"/>
    <tag k="ele" v="1.4058"/>
  </node>
  <node id="33186" lat="-2.71320156235" lon="63.89511171401">
    <tag k="local_x" v="-503.3306"/>
    <tag k="local_y" v="70.6639"/>
    <tag k="ele" v="1.4553"/>
  </node>
  <node id="33187" lat="-2.71317447315" lon="63.89510933543">
    <tag k="local_x" v="-503.5928"/>
    <tag k="local_y" v="73.6587"/>
    <tag k="ele" v="1.4553"/>
  </node>
  <node id="33205" lat="-2.7132246825" lon="63.89515134613">
    <tag k="local_x" v="-498.9268"/>
    <tag k="local_y" v="68.1048"/>
    <tag k="ele" v="1.4058"/>
  </node>
  <node id="33207" lat="-2.7132189779" lon="63.89514917758">
    <tag k="local_x" v="-499.1674"/>
    <tag k="local_y" v="68.7356"/>
    <tag k="ele" v="1.4058"/>
  </node>
  <node id="33209" lat="-2.71321254641" lon="63.89514523454">
    <tag k="local_x" v="-499.6052"/>
    <tag k="local_y" v="69.4469"/>
    <tag k="ele" v="1.4058"/>
  </node>
  <node id="33211" lat="-2.71320789672" lon="63.89514041934">
    <tag k="local_x" v="-500.1401"/>
    <tag k="local_y" v="69.9613"/>
    <tag k="ele" v="1.4058"/>
  </node>
  <node id="33213" lat="-2.71320465048" lon="63.89513505734">
    <tag k="local_x" v="-500.7359"/>
    <tag k="local_y" v="70.3206"/>
    <tag k="ele" v="1.4058"/>
  </node>
  <node id="33215" lat="-2.71320250604" lon="63.89512848443">
    <tag k="local_x" v="-501.4664"/>
    <tag k="local_y" v="70.5582"/>
    <tag k="ele" v="1.4058"/>
  </node>
  <node id="33216" lat="-2.71320171579" lon="63.89511948008">
    <tag k="local_x" v="-502.4673"/>
    <tag k="local_y" v="70.6463"/>
    <tag k="ele" v="1.4058"/>
  </node>
  <node id="33218" lat="-2.71321365748" lon="63.89517776639">
    <tag k="local_x" v="-495.9889"/>
    <tag k="local_y" v="69.3214"/>
    <tag k="ele" v="1.4058"/>
  </node>
  <node id="33219" lat="-2.71320687507" lon="63.89517617276">
    <tag k="local_x" v="-496.1655"/>
    <tag k="local_y" v="70.0713"/>
    <tag k="ele" v="1.4058"/>
  </node>
  <node id="33220" lat="-2.71320021344" lon="63.89517273602">
    <tag k="local_x" v="-496.547"/>
    <tag k="local_y" v="70.808"/>
    <tag k="ele" v="1.4058"/>
  </node>
  <node id="33222" lat="-2.71319274948" lon="63.8951680123">
    <tag k="local_x" v="-497.0715"/>
    <tag k="local_y" v="71.6335"/>
    <tag k="ele" v="1.4058"/>
  </node>
  <node id="33223" lat="-2.71318706268" lon="63.89516256664">
    <tag k="local_x" v="-497.6764"/>
    <tag k="local_y" v="72.2626"/>
    <tag k="ele" v="1.4058"/>
  </node>
  <node id="33224" lat="-2.71318176265" lon="63.89515646548">
    <tag k="local_x" v="-498.3542"/>
    <tag k="local_y" v="72.849"/>
    <tag k="ele" v="1.4058"/>
  </node>
  <node id="33226" lat="-2.71317722838" lon="63.8951497154">
    <tag k="local_x" v="-499.1042"/>
    <tag k="local_y" v="73.3508"/>
    <tag k="ele" v="1.4058"/>
  </node>
  <node id="33227" lat="-2.71317416289" lon="63.89513972435">
    <tag k="local_x" v="-500.2146"/>
    <tag k="local_y" v="73.6905"/>
    <tag k="ele" v="1.4058"/>
  </node>
  <node id="33228" lat="-2.7131732139" lon="63.89512885869">
    <tag k="local_x" v="-501.4224"/>
    <tag k="local_y" v="73.7963"/>
    <tag k="ele" v="1.4058"/>
  </node>
  <node id="33229" lat="-2.7131739116" lon="63.89511878496">
    <tag k="local_x" v="-502.5423"/>
    <tag k="local_y" v="73.72"/>
    <tag k="ele" v="1.4058"/>
  </node>
  <node id="33233" lat="-2.71322500351" lon="63.89483888192">
    <tag k="local_x" v="-533.6618"/>
    <tag k="local_y" v="68.095"/>
    <tag k="ele" v="1.5416"/>
  </node>
  <node id="33251" lat="-2.71315362079" lon="63.89483131356">
    <tag k="local_x" v="-534.4973"/>
    <tag k="local_y" v="75.9867"/>
    <tag k="ele" v="1.5289"/>
  </node>
  <node id="33252" lat="-2.71319969889" lon="63.89483676282">
    <tag k="local_x" v="-533.8953"/>
    <tag k="local_y" v="70.8925"/>
    <tag k="ele" v="1.5508"/>
  </node>
  <node id="33260" lat="-2.71317873394" lon="63.89483302051">
    <tag k="local_x" v="-534.3096"/>
    <tag k="local_y" v="73.2104"/>
    <tag k="ele" v="1.5231"/>
  </node>
  <node id="33264" lat="-2.71315141752" lon="63.89486248911">
    <tag k="local_x" v="-531.0315"/>
    <tag k="local_y" v="76.2277"/>
    <tag k="ele" v="1.4125"/>
  </node>
  <node id="33265" lat="-2.71317678999" lon="63.89486461096">
    <tag k="local_x" v="-530.7977"/>
    <tag k="local_y" v="73.4227"/>
    <tag k="ele" v="1.4116"/>
  </node>
  <node id="33271" lat="-2.71322239779" lon="63.89486871323">
    <tag k="local_x" v="-530.3454"/>
    <tag k="local_y" v="68.3806"/>
    <tag k="ele" v="1.4478"/>
  </node>
  <node id="33272" lat="-2.71319697472" lon="63.89486652568">
    <tag k="local_x" v="-530.5865"/>
    <tag k="local_y" v="71.1912"/>
    <tag k="ele" v="1.4535"/>
  </node>
  <node id="33284" lat="-2.71317009074" lon="63.89550526199">
    <tag k="local_x" v="-459.5794"/>
    <tag k="local_y" v="74.1106"/>
    <tag k="ele" v="1.5621"/>
  </node>
  <node id="33285" lat="-2.71314478612" lon="63.89550314378">
    <tag k="local_x" v="-459.8128"/>
    <tag k="local_y" v="76.9081"/>
    <tag k="ele" v="1.5698"/>
  </node>
  <node id="33291" lat="-2.71316342215" lon="63.89470595986">
    <tag k="local_x" v="-548.433"/>
    <tag k="local_y" v="74.9135"/>
    <tag k="ele" v="1.3733"/>
  </node>
  <node id="33292" lat="-2.71319082749" lon="63.89471385122">
    <tag k="local_x" v="-547.558"/>
    <tag k="local_y" v="71.8833"/>
    <tag k="ele" v="1.3733"/>
  </node>
  <node id="33473" lat="-2.71410259301" lon="63.89820954844">
    <tag k="local_x" v="-159.0347"/>
    <tag k="local_y" v="-29.1967"/>
    <tag k="ele" v="2.0654"/>
  </node>
  <node id="33475" lat="-2.71407753172" lon="63.89820748523">
    <tag k="local_x" v="-159.262"/>
    <tag k="local_y" v="-26.4261"/>
    <tag k="ele" v="2.0654"/>
  </node>
  <node id="33483" lat="-2.71411046122" lon="63.89811503141">
    <tag k="local_x" v="-169.5423"/>
    <tag k="local_y" v="-30.0587"/>
    <tag k="ele" v="2.0511"/>
  </node>
  <node id="33484" lat="-2.71408539992" lon="63.89811296819">
    <tag k="local_x" v="-169.7696"/>
    <tag k="local_y" v="-27.2881"/>
    <tag k="ele" v="2.0511"/>
  </node>
  <node id="33490" lat="-2.7141168437" lon="63.89798222232">
    <tag k="local_x" v="-184.3065"/>
    <tag k="local_y" v="-30.7533"/>
    <tag k="ele" v="1.7679"/>
  </node>
  <node id="33491" lat="-2.71409645782" lon="63.8979674355">
    <tag k="local_x" v="-185.9486"/>
    <tag k="local_y" v="-28.4985"/>
    <tag k="ele" v="1.7679"/>
  </node>
  <node id="33497" lat="-2.7140852289" lon="63.8980730525">
    <tag k="local_x" v="-174.2068"/>
    <tag k="local_y" v="-27.2659"/>
    <tag k="ele" v="1.8028"/>
  </node>
  <node id="33500" lat="-2.71411084231" lon="63.89807106898">
    <tag k="local_x" v="-174.4294"/>
    <tag k="local_y" v="-30.0972"/>
    <tag k="ele" v="1.8028"/>
  </node>
  <node id="33661" lat="-2.71259264279" lon="63.89957099274">
    <tag k="local_x" v="-7.5661"/>
    <tag k="local_y" v="137.6101"/>
    <tag k="ele" v="2.1256"/>
  </node>
  <node id="33662" lat="-2.7125948822" lon="63.89954608454">
    <tag k="local_x" v="-10.3352"/>
    <tag k="local_y" v="137.3646"/>
    <tag k="ele" v="2.1256"/>
  </node>
  <node id="33668" lat="-2.71258039171" lon="63.89956990331">
    <tag k="local_x" v="-7.6862"/>
    <tag k="local_y" v="138.9645"/>
    <tag k="ele" v="2.1254"/>
  </node>
  <node id="33669" lat="-2.71258263202" lon="63.89954499512">
    <tag k="local_x" v="-10.4553"/>
    <tag k="local_y" v="138.7189"/>
    <tag k="ele" v="2.1254"/>
  </node>
  <node id="33685" lat="-2.71263695828" lon="63.89955878511">
    <tag k="local_x" v="-8.9268"/>
    <tag k="local_y" v="132.7122"/>
    <tag k="ele" v="2.0751"/>
  </node>
  <node id="33696" lat="-2.712609763" lon="63.89957857164">
    <tag k="local_x" v="-6.725"/>
    <tag k="local_y" v="135.7169"/>
    <tag k="ele" v="2.1256"/>
  </node>
  <node id="33698" lat="-2.71261733037" lon="63.89958409786">
    <tag k="local_x" v="-6.1113"/>
    <tag k="local_y" v="134.8799"/>
    <tag k="ele" v="2.1256"/>
  </node>
  <node id="33701" lat="-2.71261408903" lon="63.89954920673">
    <tag k="local_x" v="-9.9897"/>
    <tag k="local_y" v="135.2411"/>
    <tag k="ele" v="2.1256"/>
  </node>
  <node id="33704" lat="-2.71262566417" lon="63.89955298986">
    <tag k="local_x" v="-9.5701"/>
    <tag k="local_y" v="133.9612"/>
    <tag k="ele" v="2.1256"/>
  </node>
  <node id="33709" lat="-2.71263336238" lon="63.89959646973">
    <tag k="local_x" v="-4.7373"/>
    <tag k="local_y" v="133.1066"/>
    <tag k="ele" v="1.7388"/>
  </node>
  <node id="33710" lat="-2.71264337689" lon="63.89960293511">
    <tag k="local_x" v="-4.0194"/>
    <tag k="local_y" v="131.999"/>
    <tag k="ele" v="1.7388"/>
  </node>
  <node id="33711" lat="-2.71265338842" lon="63.89960733598">
    <tag k="local_x" v="-3.531"/>
    <tag k="local_y" v="130.8919"/>
    <tag k="ele" v="1.7388"/>
  </node>
  <node id="33712" lat="-2.71266430248" lon="63.89960965773">
    <tag k="local_x" v="-3.2738"/>
    <tag k="local_y" v="129.6852"/>
    <tag k="ele" v="1.7388"/>
  </node>
  <node id="33714" lat="-2.71265450496" lon="63.89957187236">
    <tag k="local_x" v="-7.4734"/>
    <tag k="local_y" v="130.7714"/>
    <tag k="ele" v="1.7388"/>
  </node>
  <node id="33715" lat="-2.71266214384" lon="63.89957855277">
    <tag k="local_x" v="-6.7314"/>
    <tag k="local_y" v="129.9264"/>
    <tag k="ele" v="1.7388"/>
  </node>
  <node id="33716" lat="-2.71266886823" lon="63.89958271643">
    <tag k="local_x" v="-6.2691"/>
    <tag k="local_y" v="129.1827"/>
    <tag k="ele" v="1.7388"/>
  </node>
  <node id="33729" lat="-2.71260181928" lon="63.89957431352">
    <tag k="local_x" v="-7.1977"/>
    <tag k="local_y" v="136.5954"/>
    <tag k="ele" v="2.1256"/>
  </node>
  <node id="33730" lat="-2.71260342007" lon="63.89954694184">
    <tag k="local_x" v="-10.2406"/>
    <tag k="local_y" v="136.4207"/>
    <tag k="ele" v="2.1256"/>
  </node>
  <node id="33913" lat="-2.71478088142" lon="63.89661668019">
    <tag k="local_x" v="-336.1609"/>
    <tag k="local_y" v="-104.0475"/>
    <tag k="ele" v="1.7487"/>
  </node>
  <node id="33914" lat="-2.71477922889" lon="63.89664799651">
    <tag k="local_x" v="-332.6795"/>
    <tag k="local_y" v="-103.8674"/>
    <tag k="ele" v="1.7528"/>
  </node>
  <node id="33946" lat="-2.71249196143" lon="63.89440068611">
    <tag k="local_x" v="-582.3138"/>
    <tag k="local_y" v="149.1659"/>
    <tag k="ele" v="-0.6168"/>
  </node>
  <node id="33947" lat="-2.71251898235" lon="63.89440367004">
    <tag k="local_x" v="-581.9843"/>
    <tag k="local_y" v="146.1786"/>
    <tag k="ele" v="-0.6168"/>
  </node>
  <node id="34039" lat="-2.71212461021" lon="63.89748870294">
    <tag k="local_x" v="-239.0051"/>
    <tag k="local_y" v="189.5211"/>
    <tag k="ele" v="1.8768"/>
  </node>
  <node id="34042" lat="-2.71212251476" lon="63.89754626997">
    <tag k="local_x" v="-232.6055"/>
    <tag k="local_y" v="189.748"/>
    <tag k="ele" v="1.8768"/>
  </node>
  <node id="34081" lat="-2.71224515792" lon="63.8976381727">
    <tag k="local_x" v="-222.3992"/>
    <tag k="local_y" v="176.1827"/>
    <tag k="ele" v="0.0092"/>
  </node>
  <node id="34082" lat="-2.71227070724" lon="63.89763358576">
    <tag k="local_x" v="-222.9112"/>
    <tag k="local_y" v="173.3587"/>
    <tag k="ele" v="0.0092"/>
  </node>
  <node id="34420" lat="-2.71407426427" lon="63.89820752689">
    <tag k="local_x" v="-159.2571"/>
    <tag k="local_y" v="-26.0649"/>
    <tag k="ele" v="2.0654"/>
  </node>
  <node id="34422" lat="-2.71404920298" lon="63.89820546368">
    <tag k="local_x" v="-159.4844"/>
    <tag k="local_y" v="-23.2943"/>
    <tag k="ele" v="2.0654"/>
  </node>
  <node id="34525" lat="-2.71243687559" lon="63.89421584597">
    <tag k="local_x" v="-602.857"/>
    <tag k="local_y" v="155.2706"/>
    <tag k="ele" v="2.126"/>
  </node>
  <node id="34528" lat="-2.71243253867" lon="63.89426490782">
    <tag k="local_x" v="-597.4027"/>
    <tag k="local_y" v="155.746"/>
    <tag k="ele" v="2.126"/>
  </node>
  <node id="34681" lat="-2.71251281355" lon="63.8944613277">
    <tag k="local_x" v="-575.5743"/>
    <tag k="local_y" v="146.8558"/>
    <tag k="ele" v="2.1997"/>
  </node>
  <node id="34682" lat="-2.71243470031" lon="63.89535102384">
    <tag k="local_x" v="-476.6651"/>
    <tag k="local_y" v="155.4178"/>
    <tag k="ele" v="2.0132"/>
  </node>
  <node id="34684" lat="-2.71248722044" lon="63.89445910585">
    <tag k="local_x" v="-575.8192"/>
    <tag k="local_y" v="149.6852"/>
    <tag k="ele" v="2.1997"/>
  </node>
  <node id="34685" lat="-2.7124091072" lon="63.89534880198">
    <tag k="local_x" v="-476.91"/>
    <tag k="local_y" v="158.2472"/>
    <tag k="ele" v="2.0132"/>
  </node>
  <node id="34708" lat="-2.71233513613" lon="63.89619026613">
    <tag k="local_x" v="-383.3628"/>
    <tag k="local_y" v="166.3552"/>
    <tag k="ele" v="2.0132"/>
  </node>
  <node id="34710" lat="-2.71236072923" lon="63.896192488">
    <tag k="local_x" v="-383.1179"/>
    <tag k="local_y" v="163.5258"/>
    <tag k="ele" v="2.0132"/>
  </node>
  <node id="34714" lat="-2.71238292504" lon="63.89564596509">
    <tag k="local_x" v="-443.8738"/>
    <tag k="local_y" v="161.1171"/>
    <tag k="ele" v="2.1064"/>
  </node>
  <node id="34715" lat="-2.71240851814" lon="63.89564818696">
    <tag k="local_x" v="-443.6289"/>
    <tag k="local_y" v="158.2877"/>
    <tag k="ele" v="2.1064"/>
  </node>
  <node id="34724" lat="-2.71235207818" lon="63.89599730108">
    <tag k="local_x" v="-404.8151"/>
    <tag k="local_y" v="164.4982"/>
    <tag k="ele" v="2.0598"/>
  </node>
  <node id="34725" lat="-2.71237767128" lon="63.89599952295">
    <tag k="local_x" v="-404.5702"/>
    <tag k="local_y" v="161.6688"/>
    <tag k="ele" v="2.0598"/>
  </node>
  <node id="34738" lat="-2.71233101358" lon="63.89623803362">
    <tag k="local_x" v="-378.0524"/>
    <tag k="local_y" v="166.807"/>
    <tag k="ele" v="2.0365"/>
  </node>
  <node id="34739" lat="-2.71235660669" lon="63.8962402555">
    <tag k="local_x" v="-377.8075"/>
    <tag k="local_y" v="163.9776"/>
    <tag k="ele" v="2.0365"/>
  </node>
  <node id="34862" lat="-2.7123249575" lon="63.89630700696">
    <tag k="local_x" v="-370.3845"/>
    <tag k="local_y" v="167.4708"/>
    <tag k="ele" v="2.0307"/>
  </node>
  <node id="34863" lat="-2.71235034201" lon="63.89630751141">
    <tag k="local_x" v="-370.3305"/>
    <tag k="local_y" v="164.6646"/>
    <tag k="ele" v="2.0307"/>
  </node>
  <node id="35086" lat="-2.71226522447" lon="63.89739572498">
    <tag k="local_x" v="-249.3525"/>
    <tag k="local_y" v="173.9844"/>
    <tag k="ele" v="1.855"/>
  </node>
  <node id="35089" lat="-2.71223961131" lon="63.89739373245">
    <tag k="local_x" v="-249.5719"/>
    <tag k="local_y" v="176.816"/>
    <tag k="ele" v="1.855"/>
  </node>
  <node id="35093" lat="-2.71228299762" lon="63.89684149608">
    <tag k="local_x" v="-310.9647"/>
    <tag k="local_y" v="172.0653"/>
    <tag k="ele" v="1.855"/>
  </node>
  <node id="35095" lat="-2.71230861079" lon="63.89684348859">
    <tag k="local_x" v="-310.7453"/>
    <tag k="local_y" v="169.2337"/>
    <tag k="ele" v="1.855"/>
  </node>
  <node id="35099" lat="-2.71224646985" lon="63.89730653095">
    <tag k="local_x" v="-259.2662"/>
    <tag k="local_y" v="176.065"/>
    <tag k="ele" v="1.85"/>
  </node>
  <node id="35100" lat="-2.71227208301" lon="63.89730852348">
    <tag k="local_x" v="-259.0468"/>
    <tag k="local_y" v="173.2334"/>
    <tag k="ele" v="1.85"/>
  </node>
  <node id="35196" lat="-2.71231010281" lon="63.89649688801">
    <tag k="local_x" v="-349.2752"/>
    <tag k="local_y" v="169.0973"/>
    <tag k="ele" v="1.85"/>
  </node>
  <node id="35197" lat="-2.71233571598" lon="63.89649887962">
    <tag k="local_x" v="-349.0559"/>
    <tag k="local_y" v="166.2657"/>
    <tag k="ele" v="1.85"/>
  </node>
  <node id="35333" lat="-2.7122084172" lon="63.8972467214">
    <tag k="local_x" v="-265.9118"/>
    <tag k="local_y" v="180.2765"/>
    <tag k="ele" v="1.8513"/>
  </node>
  <node id="35334" lat="-2.71224806634" lon="63.89724964812">
    <tag k="local_x" v="-265.5897"/>
    <tag k="local_y" v="175.8932"/>
    <tag k="ele" v="1.8513"/>
  </node>
  <node id="35340" lat="-2.71305131445" lon="63.89689087348">
    <tag k="local_x" v="-305.5386"/>
    <tag k="local_y" v="87.1268"/>
    <tag k="ele" v="1.7889"/>
  </node>
  <node id="35341" lat="-2.71302588494" lon="63.8968888559">
    <tag k="local_x" v="-305.7608"/>
    <tag k="local_y" v="89.9381"/>
    <tag k="ele" v="1.7889"/>
  </node>
  <node id="35347" lat="-2.71302641039" lon="63.89719853816">
    <tag k="local_x" v="-271.3351"/>
    <tag k="local_y" v="89.8545"/>
    <tag k="ele" v="1.8205"/>
  </node>
  <node id="35349" lat="-2.71299667057" lon="63.89719636987">
    <tag k="local_x" v="-271.5737"/>
    <tag k="local_y" v="93.1423"/>
    <tag k="ele" v="1.8205"/>
  </node>
  <node id="35618" lat="-2.71267024196" lon="63.89647166402">
    <tag k="local_x" v="-352.1087"/>
    <tag k="local_y" v="129.2874"/>
    <tag k="ele" v="0.083"/>
  </node>
  <node id="35619" lat="-2.71267224763" lon="63.89644592443">
    <tag k="local_x" v="-354.9702"/>
    <tag k="local_y" v="129.0678"/>
    <tag k="ele" v="0.083"/>
  </node>
  <node id="35635" lat="-2.7128605185" lon="63.89878945319">
    <tag k="local_x" v="-94.4678"/>
    <tag k="local_y" v="108.062"/>
    <tag k="ele" v="1.9962"/>
  </node>
  <node id="35637" lat="-2.71283533064" lon="63.89878729813">
    <tag k="local_x" v="-94.7053"/>
    <tag k="local_y" v="110.8466"/>
    <tag k="ele" v="1.9962"/>
  </node>
  <node id="35726" lat="-2.71260442107" lon="63.89779525164">
    <tag k="local_x" v="-204.967"/>
    <tag k="local_y" v="136.4546"/>
    <tag k="ele" v="1.907"/>
  </node>
  <node id="35727" lat="-2.71260221651" lon="63.89782079498">
    <tag k="local_x" v="-202.1273"/>
    <tag k="local_y" v="136.6962"/>
    <tag k="ele" v="1.907"/>
  </node>
  <node id="36290" lat="-2.71313117424" lon="63.89792710991">
    <tag k="local_x" v="-190.3522"/>
    <tag k="local_y" v="78.2132"/>
    <tag k="ele" v="1.8645"/>
  </node>
  <node id="36291" lat="-2.71313328165" lon="63.89790205406">
    <tag k="local_x" v="-193.1377"/>
    <tag k="local_y" v="77.9823"/>
    <tag k="ele" v="1.899"/>
  </node>
  <node id="36297" lat="-2.71326513985" lon="63.89793825182">
    <tag k="local_x" v="-189.1246"/>
    <tag k="local_y" v="63.4029"/>
    <tag k="ele" v="1.8646"/>
  </node>
  <node id="36298" lat="-2.71326726901" lon="63.8979131591">
    <tag k="local_x" v="-191.9142"/>
    <tag k="local_y" v="63.1696"/>
    <tag k="ele" v="1.897"/>
  </node>
  <node id="36441" lat="-2.7127338462" lon="63.89637933715">
    <tag k="local_x" v="-362.3774"/>
    <tag k="local_y" v="122.2638"/>
    <tag k="ele" v="0.1408"/>
  </node>
  <node id="36443" lat="-2.71273190294" lon="63.89640508309">
    <tag k="local_x" v="-359.5152"/>
    <tag k="local_y" v="122.4765"/>
    <tag k="ele" v="0.1408"/>
  </node>
  <node id="36866" lat="-2.7128637223" lon="63.89638911931">
    <tag k="local_x" v="-361.3006"/>
    <tag k="local_y" v="107.9057"/>
    <tag k="ele" v="0.1101"/>
  </node>
  <node id="36867" lat="-2.71286178433" lon="63.89641626139">
    <tag k="local_x" v="-358.2832"/>
    <tag k="local_y" v="108.1177"/>
    <tag k="ele" v="0.1101"/>
  </node>
  <node id="36966" lat="-2.71244017394" lon="63.89426553863">
    <tag k="local_x" v="-597.3332"/>
    <tag k="local_y" v="154.9019"/>
    <tag k="ele" v="2.1246"/>
  </node>
  <node id="36967" lat="-2.71244751388" lon="63.89421680822">
    <tag k="local_x" v="-602.7509"/>
    <tag k="local_y" v="154.0945"/>
    <tag k="ele" v="2.1246"/>
  </node>
  <node id="37061" lat="-2.71244846258" lon="63.89426703979">
    <tag k="local_x" v="-597.167"/>
    <tag k="local_y" v="153.9855"/>
    <tag k="ele" v="2.1246"/>
  </node>
  <node id="37062" lat="-2.71245868557" lon="63.89426935289">
    <tag k="local_x" v="-596.9107"/>
    <tag k="local_y" v="152.8552"/>
    <tag k="ele" v="2.1246"/>
  </node>
  <node id="37063" lat="-2.71246688721" lon="63.8942722879">
    <tag k="local_x" v="-596.5851"/>
    <tag k="local_y" v="151.9483"/>
    <tag k="ele" v="2.1246"/>
  </node>
  <node id="37064" lat="-2.71247444132" lon="63.89427622186">
    <tag k="local_x" v="-596.1484"/>
    <tag k="local_y" v="151.1129"/>
    <tag k="ele" v="2.1246"/>
  </node>
  <node id="37065" lat="-2.71248131394" lon="63.89428181141">
    <tag k="local_x" v="-595.5276"/>
    <tag k="local_y" v="150.3527"/>
    <tag k="ele" v="2.1246"/>
  </node>
  <node id="37066" lat="-2.71248727311" lon="63.89428835384">
    <tag k="local_x" v="-594.8008"/>
    <tag k="local_y" v="149.6934"/>
    <tag k="ele" v="2.1246"/>
  </node>
  <node id="37067" lat="-2.71249270725" lon="63.89429660056">
    <tag k="local_x" v="-593.8845"/>
    <tag k="local_y" v="149.092"/>
    <tag k="ele" v="2.1246"/>
  </node>
  <node id="37068" lat="-2.71249652601" lon="63.89430576005">
    <tag k="local_x" v="-592.8666"/>
    <tag k="local_y" v="148.6691"/>
    <tag k="ele" v="2.1246"/>
  </node>
  <node id="37069" lat="-2.71249852707" lon="63.89431659589">
    <tag k="local_x" v="-591.6622"/>
    <tag k="local_y" v="148.447"/>
    <tag k="ele" v="2.1246"/>
  </node>
  <node id="37070" lat="-2.71246522535" lon="63.89422006507">
    <tag k="local_x" v="-602.3903"/>
    <tag k="local_y" v="152.1363"/>
    <tag k="ele" v="2.1246"/>
  </node>
  <node id="37071" lat="-2.71247805633" lon="63.89422598284">
    <tag k="local_x" v="-601.7335"/>
    <tag k="local_y" v="150.7174"/>
    <tag k="ele" v="2.1246"/>
  </node>
  <node id="37072" lat="-2.71249131954" lon="63.89423456815">
    <tag k="local_x" v="-600.7802"/>
    <tag k="local_y" v="149.2505"/>
    <tag k="ele" v="2.1246"/>
  </node>
  <node id="37073" lat="-2.71250287078" lon="63.89424499901">
    <tag k="local_x" v="-599.6216"/>
    <tag k="local_y" v="147.9727"/>
    <tag k="ele" v="2.1246"/>
  </node>
  <node id="37074" lat="-2.71251246152" lon="63.89425695409">
    <tag k="local_x" v="-598.2934"/>
    <tag k="local_y" v="146.9115"/>
    <tag k="ele" v="2.1246"/>
  </node>
  <node id="37075" lat="-2.71251990206" lon="63.89427008423">
    <tag k="local_x" v="-596.8344"/>
    <tag k="local_y" v="146.0879"/>
    <tag k="ele" v="2.1246"/>
  </node>
  <node id="37076" lat="-2.71252506331" lon="63.8942840187">
    <tag k="local_x" v="-595.2858"/>
    <tag k="local_y" v="145.5162"/>
    <tag k="ele" v="2.1246"/>
  </node>
  <node id="37077" lat="-2.71252787771" lon="63.89429837515">
    <tag k="local_x" v="-593.6901"/>
    <tag k="local_y" v="145.2039"/>
    <tag k="ele" v="2.1246"/>
  </node>
  <node id="37078" lat="-2.71252825223" lon="63.89431175737">
    <tag k="local_x" v="-592.2025"/>
    <tag k="local_y" v="145.1614"/>
    <tag k="ele" v="2.1246"/>
  </node>
  <node id="37110" lat="-2.71247014245" lon="63.89718711927">
    <tag k="local_x" v="-272.5589"/>
    <tag k="local_y" v="151.3487"/>
    <tag k="ele" v="1.9087"/>
  </node>
  <node id="37113" lat="-2.71244397651" lon="63.8971852136">
    <tag k="local_x" v="-272.7686"/>
    <tag k="local_y" v="154.2414"/>
    <tag k="ele" v="1.9087"/>
  </node>
  <node id="37882" lat="-2.71463952381" lon="63.89446516321">
    <tag k="local_x" v="-575.3217"/>
    <tag k="local_y" v="-88.2439"/>
    <tag k="ele" v="1.5252"/>
  </node>
  <node id="37883" lat="-2.71464156439" lon="63.89443987696">
    <tag k="local_x" v="-578.1328"/>
    <tag k="local_y" v="-88.4674"/>
    <tag k="ele" v="1.5252"/>
  </node>
  <node id="37921" lat="-2.71260825226" lon="63.89511036644">
    <tag k="local_x" v="-503.4319"/>
    <tag k="local_y" v="136.2521"/>
    <tag k="ele" v="2.6469"/>
  </node>
  <node id="37924" lat="-2.71262796929" lon="63.89511231141">
    <tag k="local_x" v="-503.2173"/>
    <tag k="local_y" v="134.0723"/>
    <tag k="ele" v="2.6469"/>
  </node>
  <node id="37928" lat="-2.71259664903" lon="63.89510903825">
    <tag k="local_x" v="-503.5786"/>
    <tag k="local_y" v="137.5349"/>
    <tag k="ele" v="2.6469"/>
  </node>
  <node id="37929" lat="-2.71261493203" lon="63.89490933722">
    <tag k="local_x" v="-525.7798"/>
    <tag k="local_y" v="135.5302"/>
    <tag k="ele" v="2.9298"/>
  </node>
  <node id="37930" lat="-2.71257365798" lon="63.8951074471">
    <tag k="local_x" v="-503.7536"/>
    <tag k="local_y" v="140.0766"/>
    <tag k="ele" v="2.6469"/>
  </node>
  <node id="37931" lat="-2.71259194098" lon="63.89490774607">
    <tag k="local_x" v="-525.9548"/>
    <tag k="local_y" v="138.0719"/>
    <tag k="ele" v="2.9298"/>
  </node>
  <node id="38015" lat="-2.71260278542" lon="63.89519111377">
    <tag k="local_x" v="-494.4552"/>
    <tag k="local_y" v="136.8498"/>
    <tag k="ele" v="-0.0442"/>
  </node>
  <node id="38016" lat="-2.71260741461" lon="63.89518333683">
    <tag k="local_x" v="-495.3201"/>
    <tag k="local_y" v="136.3387"/>
    <tag k="ele" v="-0.0442"/>
  </node>
  <node id="38017" lat="-2.71261177374" lon="63.89517501455">
    <tag k="local_x" v="-496.2456"/>
    <tag k="local_y" v="135.8575"/>
    <tag k="ele" v="-0.0442"/>
  </node>
  <node id="38018" lat="-2.71261565087" lon="63.89516647692">
    <tag k="local_x" v="-497.195"/>
    <tag k="local_y" v="135.4296"/>
    <tag k="ele" v="-0.0442"/>
  </node>
  <node id="38019" lat="-2.71261903604" lon="63.89515775092">
    <tag k="local_x" v="-498.1653"/>
    <tag k="local_y" v="135.0561"/>
    <tag k="ele" v="-0.0442"/>
  </node>
  <node id="38020" lat="-2.71262192018" lon="63.89514886443">
    <tag k="local_x" v="-499.1534"/>
    <tag k="local_y" v="134.738"/>
    <tag k="ele" v="-0.0442"/>
  </node>
  <node id="38021" lat="-2.71262429604" lon="63.89513984532">
    <tag k="local_x" v="-500.1562"/>
    <tag k="local_y" v="134.4761"/>
    <tag k="ele" v="-0.0442"/>
  </node>
  <node id="38022" lat="-2.71262615725" lon="63.89513072419">
    <tag k="local_x" v="-501.1703"/>
    <tag k="local_y" v="134.2711"/>
    <tag k="ele" v="-0.0442"/>
  </node>
  <node id="38024" lat="-2.71258085733" lon="63.8951772929">
    <tag k="local_x" v="-495.9898"/>
    <tag k="local_y" v="139.275"/>
    <tag k="ele" v="-0.0442"/>
  </node>
  <node id="38025" lat="-2.7125855727" lon="63.89517040749">
    <tag k="local_x" v="-496.7556"/>
    <tag k="local_y" v="138.7543"/>
    <tag k="ele" v="-0.0442"/>
  </node>
  <node id="38026" lat="-2.71258971995" lon="63.89516356934">
    <tag k="local_x" v="-497.5161"/>
    <tag k="local_y" v="138.2964"/>
    <tag k="ele" v="-0.0442"/>
  </node>
  <node id="38027" lat="-2.71259348292" lon="63.89515649882">
    <tag k="local_x" v="-498.3024"/>
    <tag k="local_y" v="137.881"/>
    <tag k="ele" v="-0.0442"/>
  </node>
  <node id="38028" lat="-2.71259684802" lon="63.89514921571">
    <tag k="local_x" v="-499.1123"/>
    <tag k="local_y" v="137.5096"/>
    <tag k="ele" v="-0.0442"/>
  </node>
  <node id="38029" lat="-2.71259980348" lon="63.89514174339">
    <tag k="local_x" v="-499.9432"/>
    <tag k="local_y" v="137.1835"/>
    <tag k="ele" v="-0.0442"/>
  </node>
  <node id="38030" lat="-2.71260233932" lon="63.89513410344">
    <tag k="local_x" v="-500.7927"/>
    <tag k="local_y" v="136.9038"/>
    <tag k="ele" v="-0.0442"/>
  </node>
  <node id="38031" lat="-2.71260444379" lon="63.89512631924">
    <tag k="local_x" v="-501.6582"/>
    <tag k="local_y" v="136.6718"/>
    <tag k="ele" v="-0.0442"/>
  </node>
  <node id="38050" lat="-2.71260657624" lon="63.8953728298">
    <tag k="local_x" v="-474.2551"/>
    <tag k="local_y" v="136.4158"/>
    <tag k="ele" v="2.2996"/>
  </node>
  <node id="38052" lat="-2.71258097674" lon="63.89537068079">
    <tag k="local_x" v="-474.4919"/>
    <tag k="local_y" v="139.2459"/>
    <tag k="ele" v="2.2996"/>
  </node>
  <node id="38064" lat="-2.71257504792" lon="63.89537078258">
    <tag k="local_x" v="-474.4801"/>
    <tag k="local_y" v="139.9013"/>
    <tag k="ele" v="2.2996"/>
  </node>
  <node id="38066" lat="-2.71254944842" lon="63.89536863358">
    <tag k="local_x" v="-474.7169"/>
    <tag k="local_y" v="142.7314"/>
    <tag k="ele" v="2.2996"/>
  </node>
  <node id="38193" lat="-2.7123446651" lon="63.89794951902">
    <tag k="local_x" v="-187.7966"/>
    <tag k="local_y" v="165.1569"/>
    <tag k="ele" v="1.9067"/>
  </node>
  <node id="38194" lat="-2.71237343001" lon="63.89794649071">
    <tag k="local_x" v="-188.1356"/>
    <tag k="local_y" v="161.9773"/>
    <tag k="ele" v="1.8926"/>
  </node>
  <node id="38379" lat="-2.71240481696" lon="63.89785060042">
    <tag k="local_x" v="-198.7978"/>
    <tag k="local_y" v="158.5155"/>
    <tag k="ele" v="1.9943"/>
  </node>
  <node id="38382" lat="-2.71238349788" lon="63.89783291364">
    <tag k="local_x" v="-200.7622"/>
    <tag k="local_y" v="160.8737"/>
    <tag k="ele" v="1.9943"/>
  </node>
  <node id="38393" lat="-2.71236224676" lon="63.897869656">
    <tag k="local_x" v="-196.676"/>
    <tag k="local_y" v="163.2199"/>
    <tag k="ele" v="1.9571"/>
  </node>
  <node id="38394" lat="-2.71235821728" lon="63.89787745945">
    <tag k="local_x" v="-195.8082"/>
    <tag k="local_y" v="163.6647"/>
    <tag k="ele" v="1.9571"/>
  </node>
  <node id="38395" lat="-2.71235452656" lon="63.89788588386">
    <tag k="local_x" v="-194.8714"/>
    <tag k="local_y" v="164.072"/>
    <tag k="ele" v="1.9571"/>
  </node>
  <node id="38396" lat="-2.71235137572" lon="63.89789453625">
    <tag k="local_x" v="-193.9093"/>
    <tag k="local_y" v="164.4196"/>
    <tag k="ele" v="1.9571"/>
  </node>
  <node id="38397" lat="-2.71234877835" lon="63.89790338156">
    <tag k="local_x" v="-192.9258"/>
    <tag k="local_y" v="164.706"/>
    <tag k="ele" v="1.9571"/>
  </node>
  <node id="38398" lat="-2.71234674714" lon="63.89791238561">
    <tag k="local_x" v="-191.9247"/>
    <tag k="local_y" v="164.9298"/>
    <tag k="ele" v="1.9571"/>
  </node>
  <node id="38399" lat="-2.71234529026" lon="63.89792151152">
    <tag k="local_x" v="-190.9101"/>
    <tag k="local_y" v="165.0901"/>
    <tag k="ele" v="1.9571"/>
  </node>
  <node id="38400" lat="-2.71234441679" lon="63.89793072333">
    <tag k="local_x" v="-189.886"/>
    <tag k="local_y" v="165.1859"/>
    <tag k="ele" v="1.9571"/>
  </node>
  <node id="38401" lat="-2.71234412889" lon="63.89793952896">
    <tag k="local_x" v="-188.9071"/>
    <tag k="local_y" v="165.217"/>
    <tag k="ele" v="1.9571"/>
  </node>
  <node id="38402" lat="-2.71238614092" lon="63.89788170621">
    <tag k="local_x" v="-195.3384"/>
    <tag k="local_y" v="160.5775"/>
    <tag k="ele" v="1.9571"/>
  </node>
  <node id="38404" lat="-2.7123798536" lon="63.89789672611">
    <tag k="local_x" v="-193.6682"/>
    <tag k="local_y" v="161.2713"/>
    <tag k="ele" v="1.9571"/>
  </node>
  <node id="38406" lat="-2.71237635637" lon="63.89791013425">
    <tag k="local_x" v="-192.1774"/>
    <tag k="local_y" v="161.6568"/>
    <tag k="ele" v="1.9571"/>
  </node>
  <node id="38408" lat="-2.71237467108" lon="63.89792107981">
    <tag k="local_x" v="-190.9605"/>
    <tag k="local_y" v="161.8422"/>
    <tag k="ele" v="1.9571"/>
  </node>
  <node id="38410" lat="-2.71237388023" lon="63.89793472923">
    <tag k="local_x" v="-189.4431"/>
    <tag k="local_y" v="161.9285"/>
    <tag k="ele" v="1.9571"/>
  </node>
  <node id="38425" lat="-2.71231936752" lon="63.89781912818">
    <tag k="local_x" v="-202.2894"/>
    <tag k="local_y" v="167.9642"/>
    <tag k="ele" v="2.0262"/>
  </node>
  <node id="38426" lat="-2.71235021885" lon="63.89781069502">
    <tag k="local_x" v="-203.2294"/>
    <tag k="local_y" v="164.5544"/>
    <tag k="ele" v="2.0262"/>
  </node>
  <node id="38432" lat="-2.71231247768" lon="63.89779420245">
    <tag k="local_x" v="-205.0597"/>
    <tag k="local_y" v="168.7279"/>
    <tag k="ele" v="2.0205"/>
  </node>
  <node id="38433" lat="-2.71234332991" lon="63.89778577018">
    <tag k="local_x" v="-205.9996"/>
    <tag k="local_y" v="165.318"/>
    <tag k="ele" v="2.0205"/>
  </node>
  <node id="38470" lat="-2.71232351175" lon="63.89783455428">
    <tag k="local_x" v="-200.5749"/>
    <tag k="local_y" v="167.5048"/>
    <tag k="ele" v="2.0269"/>
  </node>
  <node id="38471" lat="-2.71232683847" lon="63.89784721542">
    <tag k="local_x" v="-199.1677"/>
    <tag k="local_y" v="167.136"/>
    <tag k="ele" v="2.0269"/>
  </node>
  <node id="38472" lat="-2.7123299002" lon="63.8978597972">
    <tag k="local_x" v="-197.7693"/>
    <tag k="local_y" v="166.7965"/>
    <tag k="ele" v="2.0269"/>
  </node>
  <node id="38473" lat="-2.71233273122" lon="63.89787243548">
    <tag k="local_x" v="-196.3646"/>
    <tag k="local_y" v="166.4825"/>
    <tag k="ele" v="2.0269"/>
  </node>
  <node id="38474" lat="-2.71233533152" lon="63.89788512666">
    <tag k="local_x" v="-194.954"/>
    <tag k="local_y" v="166.194"/>
    <tag k="ele" v="2.0269"/>
  </node>
  <node id="38475" lat="-2.71233769931" lon="63.89789786625">
    <tag k="local_x" v="-193.538"/>
    <tag k="local_y" v="165.9312"/>
    <tag k="ele" v="2.0269"/>
  </node>
  <node id="38476" lat="-2.71233983368" lon="63.89791064975">
    <tag k="local_x" v="-192.1171"/>
    <tag k="local_y" v="165.6942"/>
    <tag k="ele" v="2.0269"/>
  </node>
  <node id="38477" lat="-2.71234173372" lon="63.89792347355">
    <tag k="local_x" v="-190.6917"/>
    <tag k="local_y" v="165.4831"/>
    <tag k="ele" v="2.0269"/>
  </node>
  <node id="38478" lat="-2.71234341383" lon="63.89793646361">
    <tag k="local_x" v="-189.2478"/>
    <tag k="local_y" v="165.2963"/>
    <tag k="ele" v="2.0269"/>
  </node>
  <node id="38479" lat="-2.71235458317" lon="63.89782696328">
    <tag k="local_x" v="-201.4213"/>
    <tag k="local_y" v="164.0706"/>
    <tag k="ele" v="2.0269"/>
  </node>
  <node id="38480" lat="-2.71235760477" lon="63.89783999391">
    <tag k="local_x" v="-199.973"/>
    <tag k="local_y" v="163.7355"/>
    <tag k="ele" v="2.0269"/>
  </node>
  <node id="38481" lat="-2.71236041816" lon="63.8978532151">
    <tag k="local_x" v="-198.5035"/>
    <tag k="local_y" v="163.4234"/>
    <tag k="ele" v="2.0269"/>
  </node>
  <node id="38482" lat="-2.71236298909" lon="63.89786648108">
    <tag k="local_x" v="-197.029"/>
    <tag k="local_y" v="163.1381"/>
    <tag k="ele" v="2.0269"/>
  </node>
  <node id="38483" lat="-2.71236531575" lon="63.89787978917">
    <tag k="local_x" v="-195.5498"/>
    <tag k="local_y" v="162.8798"/>
    <tag k="ele" v="2.0269"/>
  </node>
  <node id="38484" lat="-2.71236739723" lon="63.89789313305">
    <tag k="local_x" v="-194.0666"/>
    <tag k="local_y" v="162.6486"/>
    <tag k="ele" v="2.0269"/>
  </node>
  <node id="38485" lat="-2.71236923354" lon="63.89790650914">
    <tag k="local_x" v="-192.5798"/>
    <tag k="local_y" v="162.4445"/>
    <tag k="ele" v="2.0269"/>
  </node>
  <node id="38486" lat="-2.71237082378" lon="63.89791991294">
    <tag k="local_x" v="-191.0899"/>
    <tag k="local_y" v="162.2676"/>
    <tag k="ele" v="2.0269"/>
  </node>
  <node id="38487" lat="-2.71237215358" lon="63.89793320949">
    <tag k="local_x" v="-189.6119"/>
    <tag k="local_y" v="162.1195"/>
    <tag k="ele" v="2.0269"/>
  </node>
  <node id="38493" lat="-2.7132400579" lon="63.89711113279">
    <tag k="local_x" v="-281.069"/>
    <tag k="local_y" v="66.2438"/>
    <tag k="ele" v="1.8399"/>
  </node>
  <node id="38495" lat="-2.71323801764" lon="63.8971419909">
    <tag k="local_x" v="-277.6385"/>
    <tag k="local_y" v="66.4668"/>
    <tag k="ele" v="1.8399"/>
  </node>
  <node id="38525" lat="-2.71283915697" lon="63.89645958761">
    <tag k="local_x" v="-353.465"/>
    <tag k="local_y" v="110.6155"/>
    <tag k="ele" v="1.8128"/>
  </node>
  <node id="38528" lat="-2.71283678877" lon="63.89648502649">
    <tag k="local_x" v="-350.6369"/>
    <tag k="local_y" v="110.8752"/>
    <tag k="ele" v="1.8128"/>
  </node>
  <node id="38652" lat="-2.71301735094" lon="63.89653794871">
    <tag k="local_x" v="-344.7686"/>
    <tag k="local_y" v="90.9104"/>
    <tag k="ele" v="1.7522"/>
  </node>
  <node id="38653" lat="-2.71304675243" lon="63.89654013383">
    <tag k="local_x" v="-344.5281"/>
    <tag k="local_y" v="87.66"/>
    <tag k="ele" v="1.7636"/>
  </node>
  <node id="38678" lat="-2.71289397638" lon="63.89649029059">
    <tag k="local_x" v="-350.0564"/>
    <tag k="local_y" v="104.5529"/>
    <tag k="ele" v="1.8118"/>
  </node>
  <node id="38679" lat="-2.71289634457" lon="63.89646485171">
    <tag k="local_x" v="-352.8845"/>
    <tag k="local_y" v="104.2932"/>
    <tag k="ele" v="1.8118"/>
  </node>
  <node id="38686" lat="-2.71299455582" lon="63.89647979747">
    <tag k="local_x" v="-351.2311"/>
    <tag k="local_y" v="93.4351"/>
    <tag k="ele" v="1.8108"/>
  </node>
  <node id="38867" lat="-2.7130055031" lon="63.89660270514">
    <tag k="local_x" v="-337.569"/>
    <tag k="local_y" v="92.2148"/>
    <tag k="ele" v="1.7231"/>
  </node>
  <node id="38869" lat="-2.71303068883" lon="63.89660411082">
    <tag k="local_x" v="-337.4148"/>
    <tag k="local_y" v="89.4305"/>
    <tag k="ele" v="1.7407"/>
  </node>
  <node id="38871" lat="-2.71300752741" lon="63.89659203328">
    <tag k="local_x" v="-338.7555"/>
    <tag k="local_y" v="91.9919"/>
    <tag k="ele" v="0.7491"/>
  </node>
  <node id="38874" lat="-2.71303392186" lon="63.89659319877">
    <tag k="local_x" v="-338.6281"/>
    <tag k="local_y" v="89.074"/>
    <tag k="ele" v="0.7491"/>
  </node>
  <node id="38904" lat="-2.71301551213" lon="63.89655706134">
    <tag k="local_x" v="-342.6438"/>
    <tag k="local_y" v="91.1121"/>
    <tag k="ele" v="1.7579"/>
  </node>
  <node id="38905" lat="-2.71301307705" lon="63.89656906965">
    <tag k="local_x" v="-341.3087"/>
    <tag k="local_y" v="91.3803"/>
    <tag k="ele" v="1.7579"/>
  </node>
  <node id="38906" lat="-2.71301027271" lon="63.89658131967">
    <tag k="local_x" v="-339.9467"/>
    <tag k="local_y" v="91.6893"/>
    <tag k="ele" v="1.7579"/>
  </node>
  <node id="38907" lat="-2.71304405367" lon="63.8965563843">
    <tag k="local_x" v="-342.7214"/>
    <tag k="local_y" v="87.957"/>
    <tag k="ele" v="1.7579"/>
  </node>
  <node id="38908" lat="-2.71304121858" lon="63.89656740549">
    <tag k="local_x" v="-341.496"/>
    <tag k="local_y" v="88.2695"/>
    <tag k="ele" v="1.7579"/>
  </node>
  <node id="38909" lat="-2.71303851039" lon="63.89657809754">
    <tag k="local_x" v="-340.3072"/>
    <tag k="local_y" v="88.568"/>
    <tag k="ele" v="1.7579"/>
  </node>
  <node id="38938" lat="-2.71220408886" lon="63.89730354375">
    <tag k="local_x" v="-259.5948"/>
    <tag k="local_y" v="180.7503"/>
    <tag k="ele" v="1.8507"/>
  </node>
  <node id="38939" lat="-2.71224392523" lon="63.89730650119">
    <tag k="local_x" v="-259.2693"/>
    <tag k="local_y" v="176.3463"/>
    <tag k="ele" v="1.8507"/>
  </node>
  <node id="38978" lat="-2.71220296852" lon="63.89732112942">
    <tag k="local_x" v="-257.6398"/>
    <tag k="local_y" v="180.8727"/>
    <tag k="ele" v="1.8507"/>
  </node>
  <node id="38979" lat="-2.7122029358" lon="63.89733832818">
    <tag k="local_x" v="-255.7279"/>
    <tag k="local_y" v="180.8749"/>
    <tag k="ele" v="1.8507"/>
  </node>
  <node id="38980" lat="-2.71220326207" lon="63.89735571702">
    <tag k="local_x" v="-253.7949"/>
    <tag k="local_y" v="180.8374"/>
    <tag k="ele" v="1.8507"/>
  </node>
  <node id="38981" lat="-2.71220395652" lon="63.89737308184">
    <tag k="local_x" v="-251.8646"/>
    <tag k="local_y" v="180.7592"/>
    <tag k="ele" v="1.8507"/>
  </node>
  <node id="38982" lat="-2.71220501736" lon="63.89739041275">
    <tag k="local_x" v="-249.9381"/>
    <tag k="local_y" v="180.6405"/>
    <tag k="ele" v="1.8507"/>
  </node>
  <node id="38983" lat="-2.7122064446" lon="63.89740770344">
    <tag k="local_x" v="-248.0161"/>
    <tag k="local_y" v="180.4813"/>
    <tag k="ele" v="1.8507"/>
  </node>
  <node id="38984" lat="-2.71220823552" lon="63.89742494583">
    <tag k="local_x" v="-246.0995"/>
    <tag k="local_y" v="180.2819"/>
    <tag k="ele" v="1.8507"/>
  </node>
  <node id="38985" lat="-2.71221039103" lon="63.89744213271">
    <tag k="local_x" v="-244.1891"/>
    <tag k="local_y" v="180.0422"/>
    <tag k="ele" v="1.8507"/>
  </node>
  <node id="38986" lat="-2.71221290753" lon="63.89745925509">
    <tag k="local_x" v="-242.2859"/>
    <tag k="local_y" v="179.7626"/>
    <tag k="ele" v="1.8507"/>
  </node>
  <node id="38987" lat="-2.71221578321" lon="63.89747630757">
    <tag k="local_x" v="-240.3905"/>
    <tag k="local_y" v="179.4433"/>
    <tag k="ele" v="1.8507"/>
  </node>
  <node id="38988" lat="-2.71221899736" lon="63.8974931471">
    <tag k="local_x" v="-238.5188"/>
    <tag k="local_y" v="179.0866"/>
    <tag k="ele" v="1.8507"/>
  </node>
  <node id="38989" lat="-2.71224288002" lon="63.89732281224">
    <tag k="local_x" v="-257.456"/>
    <tag k="local_y" v="176.4605"/>
    <tag k="ele" v="1.8507"/>
  </node>
  <node id="38990" lat="-2.71224146542" lon="63.89733954941">
    <tag k="local_x" v="-255.5953"/>
    <tag k="local_y" v="176.6155"/>
    <tag k="ele" v="1.8507"/>
  </node>
  <node id="38991" lat="-2.71224041006" lon="63.89735611682">
    <tag k="local_x" v="-253.7535"/>
    <tag k="local_y" v="176.7308"/>
    <tag k="ele" v="1.8507"/>
  </node>
  <node id="38992" lat="-2.71223970658" lon="63.89737271778">
    <tag k="local_x" v="-251.908"/>
    <tag k="local_y" v="176.8072"/>
    <tag k="ele" v="1.8507"/>
  </node>
  <node id="38993" lat="-2.71223935405" lon="63.89738934508">
    <tag k="local_x" v="-250.0596"/>
    <tag k="local_y" v="176.8448"/>
    <tag k="ele" v="1.8507"/>
  </node>
  <node id="38994" lat="-2.71223935431" lon="63.89740598974">
    <tag k="local_x" v="-248.2093"/>
    <tag k="local_y" v="176.8434"/>
    <tag k="ele" v="1.8507"/>
  </node>
  <node id="38995" lat="-2.71223970735" lon="63.89742264635">
    <tag k="local_x" v="-246.3577"/>
    <tag k="local_y" v="176.803"/>
    <tag k="ele" v="1.8507"/>
  </node>
  <node id="38996" lat="-2.71224041409" lon="63.89743930502">
    <tag k="local_x" v="-244.5059"/>
    <tag k="local_y" v="176.7235"/>
    <tag k="ele" v="1.8507"/>
  </node>
  <node id="38997" lat="-2.71224147544" lon="63.89745596125">
    <tag k="local_x" v="-242.6544"/>
    <tag k="local_y" v="176.6048"/>
    <tag k="ele" v="1.8507"/>
  </node>
  <node id="38998" lat="-2.71224288959" lon="63.89747260515">
    <tag k="local_x" v="-240.8043"/>
    <tag k="local_y" v="176.4471"/>
    <tag k="ele" v="1.8507"/>
  </node>
  <node id="38999" lat="-2.71224467996" lon="63.89748936447">
    <tag k="local_x" v="-238.9414"/>
    <tag k="local_y" v="176.2478"/>
    <tag k="ele" v="1.8507"/>
  </node>
  <node id="39005" lat="-2.71223437177" lon="63.89746304189">
    <tag k="local_x" v="-241.8667"/>
    <tag k="local_y" v="177.3895"/>
    <tag k="ele" v="1.858"/>
  </node>
  <node id="39006" lat="-2.71223360162" lon="63.8974804749">
    <tag k="local_x" v="-239.9287"/>
    <tag k="local_y" v="177.4732"/>
    <tag k="ele" v="1.858"/>
  </node>
  <node id="39007" lat="-2.71223323752" lon="63.89749807012">
    <tag k="local_x" v="-237.9727"/>
    <tag k="local_y" v="177.512"/>
    <tag k="ele" v="1.858"/>
  </node>
  <node id="39008" lat="-2.71223328682" lon="63.89751566925">
    <tag k="local_x" v="-236.0163"/>
    <tag k="local_y" v="177.5051"/>
    <tag k="ele" v="1.858"/>
  </node>
  <node id="39009" lat="-2.71223374862" lon="63.89753326239">
    <tag k="local_x" v="-234.0606"/>
    <tag k="local_y" v="177.4526"/>
    <tag k="ele" v="1.858"/>
  </node>
  <node id="39010" lat="-2.71223462202" lon="63.89755084144">
    <tag k="local_x" v="-232.1065"/>
    <tag k="local_y" v="177.3546"/>
    <tag k="ele" v="1.858"/>
  </node>
  <node id="39011" lat="-2.71223590885" lon="63.8975683947">
    <tag k="local_x" v="-230.1553"/>
    <tag k="local_y" v="177.2109"/>
    <tag k="ele" v="1.858"/>
  </node>
  <node id="39012" lat="-2.71223760638" lon="63.89758591499">
    <tag k="local_x" v="-228.2078"/>
    <tag k="local_y" v="177.0218"/>
    <tag k="ele" v="1.858"/>
  </node>
  <node id="39013" lat="-2.71223971554" lon="63.8976033906">
    <tag k="local_x" v="-226.2653"/>
    <tag k="local_y" v="176.7872"/>
    <tag k="ele" v="1.858"/>
  </node>
  <node id="39014" lat="-2.71224221022" lon="63.89762066409">
    <tag k="local_x" v="-224.3453"/>
    <tag k="local_y" v="176.51"/>
    <tag k="ele" v="1.858"/>
  </node>
  <node id="39015" lat="-2.71226003897" lon="63.89746414209">
    <tag k="local_x" v="-241.7465"/>
    <tag k="local_y" v="174.552"/>
    <tag k="ele" v="1.858"/>
  </node>
  <node id="39016" lat="-2.71225931065" lon="63.89748127737">
    <tag k="local_x" v="-239.8416"/>
    <tag k="local_y" v="174.6311"/>
    <tag k="ele" v="1.858"/>
  </node>
  <node id="39017" lat="-2.71225898861" lon="63.89749827622">
    <tag k="local_x" v="-237.9519"/>
    <tag k="local_y" v="174.6653"/>
    <tag k="ele" v="1.858"/>
  </node>
  <node id="39018" lat="-2.71225906549" lon="63.89751527806">
    <tag k="local_x" v="-236.0619"/>
    <tag k="local_y" v="174.6554"/>
    <tag k="ele" v="1.858"/>
  </node>
  <node id="39019" lat="-2.7122595404" lon="63.89753227209">
    <tag k="local_x" v="-234.1728"/>
    <tag k="local_y" v="174.6015"/>
    <tag k="ele" v="1.858"/>
  </node>
  <node id="39020" lat="-2.71226041516" lon="63.89754925113">
    <tag k="local_x" v="-232.2854"/>
    <tag k="local_y" v="174.5034"/>
    <tag k="ele" v="1.858"/>
  </node>
  <node id="39021" lat="-2.71226168705" lon="63.89756620438">
    <tag k="local_x" v="-230.4009"/>
    <tag k="local_y" v="174.3614"/>
    <tag k="ele" v="1.858"/>
  </node>
  <node id="39022" lat="-2.71226335609" lon="63.89758312283">
    <tag k="local_x" v="-228.5203"/>
    <tag k="local_y" v="174.1755"/>
    <tag k="ele" v="1.858"/>
  </node>
  <node id="39023" lat="-2.71226542228" lon="63.8975999984">
    <tag k="local_x" v="-226.6445"/>
    <tag k="local_y" v="173.9457"/>
    <tag k="ele" v="1.858"/>
  </node>
  <node id="39024" lat="-2.71226790541" lon="63.89761696963">
    <tag k="local_x" v="-224.7581"/>
    <tag k="local_y" v="173.6698"/>
    <tag k="ele" v="1.858"/>
  </node>
  <node id="39028" lat="-2.71213489187" lon="63.89754698525">
    <tag k="local_x" v="-232.527"/>
    <tag k="local_y" v="188.3797"/>
    <tag k="ele" v="1.8561"/>
  </node>
  <node id="39029" lat="-2.7121382537" lon="63.89748949202">
    <tag k="local_x" v="-238.9185"/>
    <tag k="local_y" v="188.0128"/>
    <tag k="ele" v="1.8561"/>
  </node>
  <node id="39035" lat="-2.71214618941" lon="63.89754820079">
    <tag k="local_x" v="-232.3928"/>
    <tag k="local_y" v="187.1307"/>
    <tag k="ele" v="1.8561"/>
  </node>
  <node id="39036" lat="-2.71216155261" lon="63.8975501201">
    <tag k="local_x" v="-232.1807"/>
    <tag k="local_y" v="185.4322"/>
    <tag k="ele" v="1.8561"/>
  </node>
  <node id="39037" lat="-2.71217495989" lon="63.89755348176">
    <tag k="local_x" v="-231.8081"/>
    <tag k="local_y" v="183.9498"/>
    <tag k="ele" v="1.8561"/>
  </node>
  <node id="39038" lat="-2.71218802836" lon="63.89755871967">
    <tag k="local_x" v="-231.2269"/>
    <tag k="local_y" v="182.5047"/>
    <tag k="ele" v="1.8561"/>
  </node>
  <node id="39039" lat="-2.71220049027" lon="63.89756580213">
    <tag k="local_x" v="-230.4406"/>
    <tag k="local_y" v="181.1265"/>
    <tag k="ele" v="1.8561"/>
  </node>
  <node id="39040" lat="-2.71221208245" lon="63.8975746588">
    <tag k="local_x" v="-229.457"/>
    <tag k="local_y" v="179.8443"/>
    <tag k="ele" v="1.8561"/>
  </node>
  <node id="39041" lat="-2.71222254625" lon="63.89758518064">
    <tag k="local_x" v="-228.2882"/>
    <tag k="local_y" v="178.6867"/>
    <tag k="ele" v="1.8561"/>
  </node>
  <node id="39042" lat="-2.71223164026" lon="63.89759722442">
    <tag k="local_x" v="-226.9501"/>
    <tag k="local_y" v="177.6804"/>
    <tag k="ele" v="1.8561"/>
  </node>
  <node id="39043" lat="-2.71223943366" lon="63.89761141991">
    <tag k="local_x" v="-225.3727"/>
    <tag k="local_y" v="176.8177"/>
    <tag k="ele" v="1.8561"/>
  </node>
  <node id="39044" lat="-2.7121609768" lon="63.89749251961">
    <tag k="local_x" v="-238.5838"/>
    <tag k="local_y" v="185.5006"/>
    <tag k="ele" v="1.8561"/>
  </node>
  <node id="39045" lat="-2.71217876431" lon="63.89749930645">
    <tag k="local_x" v="-237.8308"/>
    <tag k="local_y" v="183.5337"/>
    <tag k="ele" v="1.8561"/>
  </node>
  <node id="39046" lat="-2.71219704813" lon="63.89750895787">
    <tag k="local_x" v="-236.7594"/>
    <tag k="local_y" v="181.5117"/>
    <tag k="ele" v="1.8561"/>
  </node>
  <node id="39047" lat="-2.71221364865" lon="63.89752081019">
    <tag k="local_x" v="-235.4432"/>
    <tag k="local_y" v="179.6756"/>
    <tag k="ele" v="1.8561"/>
  </node>
  <node id="39048" lat="-2.71222830556" lon="63.89753459064">
    <tag k="local_x" v="-233.9125"/>
    <tag k="local_y" v="178.0542"/>
    <tag k="ele" v="1.8561"/>
  </node>
  <node id="39049" lat="-2.71224080197" lon="63.89754999861">
    <tag k="local_x" v="-232.2007"/>
    <tag k="local_y" v="176.6715"/>
    <tag k="ele" v="1.8561"/>
  </node>
  <node id="39050" lat="-2.71225096535" lon="63.89756671192">
    <tag k="local_x" v="-230.3436"/>
    <tag k="local_y" v="175.5466"/>
    <tag k="ele" v="1.8561"/>
  </node>
  <node id="39051" lat="-2.71225867293" lon="63.89758439046">
    <tag k="local_x" v="-228.379"/>
    <tag k="local_y" v="174.6931"/>
    <tag k="ele" v="1.8561"/>
  </node>
  <node id="39052" lat="-2.7122635565" lon="63.89760187442">
    <tag k="local_x" v="-226.4358"/>
    <tag k="local_y" v="174.1518"/>
    <tag k="ele" v="1.8561"/>
  </node>
  <node id="39058" lat="-2.71224703903" lon="63.8976484966">
    <tag k="local_x" v="-221.2517"/>
    <tag k="local_y" v="175.9739"/>
    <tag k="ele" v="0.0092"/>
  </node>
  <node id="39059" lat="-2.71227258113" lon="63.89764387187">
    <tag k="local_x" v="-221.7679"/>
    <tag k="local_y" v="173.1507"/>
    <tag k="ele" v="0.0092"/>
  </node>
  <node id="39065" lat="-2.71225014368" lon="63.89766538552">
    <tag k="local_x" v="-219.3745"/>
    <tag k="local_y" v="175.6293"/>
    <tag k="ele" v="0.0092"/>
  </node>
  <node id="39066" lat="-2.71225329541" lon="63.8976822367">
    <tag k="local_x" v="-217.5015"/>
    <tag k="local_y" v="175.2795"/>
    <tag k="ele" v="0.0092"/>
  </node>
  <node id="39067" lat="-2.71225650321" lon="63.89769909782">
    <tag k="local_x" v="-215.6274"/>
    <tag k="local_y" v="174.9235"/>
    <tag k="ele" v="0.0092"/>
  </node>
  <node id="39068" lat="-2.71225976349" lon="63.89771594908">
    <tag k="local_x" v="-213.7544"/>
    <tag k="local_y" v="174.5617"/>
    <tag k="ele" v="0.0092"/>
  </node>
  <node id="39069" lat="-2.71226307624" lon="63.89773278958">
    <tag k="local_x" v="-211.8826"/>
    <tag k="local_y" v="174.1941"/>
    <tag k="ele" v="0.0092"/>
  </node>
  <node id="39070" lat="-2.71226644147" lon="63.89774962023">
    <tag k="local_x" v="-210.0119"/>
    <tag k="local_y" v="173.8207"/>
    <tag k="ele" v="0.0092"/>
  </node>
  <node id="39071" lat="-2.71226986007" lon="63.89776644012">
    <tag k="local_x" v="-208.1424"/>
    <tag k="local_y" v="173.4414"/>
    <tag k="ele" v="0.0092"/>
  </node>
  <node id="39072" lat="-2.71227332574" lon="63.89778323036">
    <tag k="local_x" v="-206.2762"/>
    <tag k="local_y" v="173.0569"/>
    <tag k="ele" v="0.0092"/>
  </node>
  <node id="39073" lat="-2.71227566777" lon="63.89766066453">
    <tag k="local_x" v="-219.9014"/>
    <tag k="local_y" v="172.8081"/>
    <tag k="ele" v="0.0092"/>
  </node>
  <node id="39074" lat="-2.71227881229" lon="63.89767747703">
    <tag k="local_x" v="-218.0327"/>
    <tag k="local_y" v="172.4591"/>
    <tag k="ele" v="0.0092"/>
  </node>
  <node id="39075" lat="-2.71228200477" lon="63.89769425897">
    <tag k="local_x" v="-216.1674"/>
    <tag k="local_y" v="172.1048"/>
    <tag k="ele" v="0.0092"/>
  </node>
  <node id="39076" lat="-2.71228524973" lon="63.89771103196">
    <tag k="local_x" v="-214.3031"/>
    <tag k="local_y" v="171.7447"/>
    <tag k="ele" v="0.0092"/>
  </node>
  <node id="39077" lat="-2.71228854807" lon="63.89772779419">
    <tag k="local_x" v="-212.44"/>
    <tag k="local_y" v="171.3787"/>
    <tag k="ele" v="0.0092"/>
  </node>
  <node id="39078" lat="-2.71229189707" lon="63.89774454566">
    <tag k="local_x" v="-210.5781"/>
    <tag k="local_y" v="171.0071"/>
    <tag k="ele" v="0.0092"/>
  </node>
  <node id="39079" lat="-2.71229529945" lon="63.89776128728">
    <tag k="local_x" v="-208.7173"/>
    <tag k="local_y" v="170.6296"/>
    <tag k="ele" v="0.0092"/>
  </node>
  <node id="39080" lat="-2.71229875791" lon="63.89777803884">
    <tag k="local_x" v="-206.8554"/>
    <tag k="local_y" v="170.2459"/>
    <tag k="ele" v="0.0092"/>
  </node>
  <node id="39110" lat="-2.71232915535" lon="63.89804828254">
    <tag k="local_x" v="-176.8163"/>
    <tag k="local_y" v="166.8633"/>
    <tag k="ele" v="0.3927"/>
  </node>
  <node id="39111" lat="-2.7123312242" lon="63.89806036523">
    <tag k="local_x" v="-175.4733"/>
    <tag k="local_y" v="166.6336"/>
    <tag k="ele" v="0.3927"/>
  </node>
  <node id="39112" lat="-2.7123329503" lon="63.89807233161">
    <tag k="local_x" v="-174.1432"/>
    <tag k="local_y" v="166.4418"/>
    <tag k="ele" v="0.3927"/>
  </node>
  <node id="39113" lat="-2.71233436247" lon="63.89808433825">
    <tag k="local_x" v="-172.8086"/>
    <tag k="local_y" v="166.2847"/>
    <tag k="ele" v="0.3927"/>
  </node>
  <node id="39114" lat="-2.71233545981" lon="63.89809637794">
    <tag k="local_x" v="-171.4703"/>
    <tag k="local_y" v="166.1624"/>
    <tag k="ele" v="0.3927"/>
  </node>
  <node id="39115" lat="-2.71233624143" lon="63.89810844169">
    <tag k="local_x" v="-170.1293"/>
    <tag k="local_y" v="166.075"/>
    <tag k="ele" v="0.3927"/>
  </node>
  <node id="39116" lat="-2.71233670643" lon="63.89812052229">
    <tag k="local_x" v="-168.7864"/>
    <tag k="local_y" v="166.0226"/>
    <tag k="ele" v="0.3927"/>
  </node>
  <node id="39117" lat="-2.71233685481" lon="63.89813261076">
    <tag k="local_x" v="-167.4426"/>
    <tag k="local_y" v="166.0052"/>
    <tag k="ele" v="0.3927"/>
  </node>
  <node id="39118" lat="-2.71233668749" lon="63.89814469899">
    <tag k="local_x" v="-166.0988"/>
    <tag k="local_y" v="166.0227"/>
    <tag k="ele" v="0.3927"/>
  </node>
  <node id="39119" lat="-2.71233619439" lon="63.89815694621">
    <tag k="local_x" v="-164.7373"/>
    <tag k="local_y" v="166.0762"/>
    <tag k="ele" v="0.3927"/>
  </node>
  <node id="39120" lat="-2.7123547515" lon="63.89804396462">
    <tag k="local_x" v="-177.2984"/>
    <tag k="local_y" v="164.0341"/>
    <tag k="ele" v="0.3927"/>
  </node>
  <node id="39121" lat="-2.71235686262" lon="63.89805638107">
    <tag k="local_x" v="-175.9183"/>
    <tag k="local_y" v="163.7997"/>
    <tag k="ele" v="0.3927"/>
  </node>
  <node id="39122" lat="-2.71235867325" lon="63.8980690141">
    <tag k="local_x" v="-174.5141"/>
    <tag k="local_y" v="163.5985"/>
    <tag k="ele" v="0.3927"/>
  </node>
  <node id="39123" lat="-2.71236015096" lon="63.89808169007">
    <tag k="local_x" v="-173.1051"/>
    <tag k="local_y" v="163.4341"/>
    <tag k="ele" v="0.3927"/>
  </node>
  <node id="39124" lat="-2.71236129756" lon="63.89809439907">
    <tag k="local_x" v="-171.6924"/>
    <tag k="local_y" v="163.3063"/>
    <tag k="ele" v="0.3927"/>
  </node>
  <node id="39125" lat="-2.71236210943" lon="63.89810713391">
    <tag k="local_x" v="-170.2768"/>
    <tag k="local_y" v="163.2155"/>
    <tag k="ele" v="0.3927"/>
  </node>
  <node id="39126" lat="-2.7123625884" lon="63.8981198856">
    <tag k="local_x" v="-168.8593"/>
    <tag k="local_y" v="163.1615"/>
    <tag k="ele" v="0.3927"/>
  </node>
  <node id="39127" lat="-2.71236273267" lon="63.89813264424">
    <tag k="local_x" v="-167.441"/>
    <tag k="local_y" v="163.1445"/>
    <tag k="ele" v="0.3927"/>
  </node>
  <node id="39128" lat="-2.71236254313" lon="63.89814540263">
    <tag k="local_x" v="-166.0227"/>
    <tag k="local_y" v="163.1644"/>
    <tag k="ele" v="0.3927"/>
  </node>
  <node id="39129" lat="-2.71236202627" lon="63.89815798447">
    <tag k="local_x" v="-164.624"/>
    <tag k="local_y" v="163.2205"/>
    <tag k="ele" v="0.3927"/>
  </node>
  <node id="39168" lat="-2.71460545998" lon="63.89726278641">
    <tag k="local_x" v="-264.3224"/>
    <tag k="local_y" v="-84.7086"/>
    <tag k="ele" v="1.7708"/>
  </node>
  <node id="39170" lat="-2.71459982427" lon="63.89724345865">
    <tag k="local_x" v="-266.4705"/>
    <tag k="local_y" v="-84.084"/>
    <tag k="ele" v="1.7708"/>
  </node>
  <node id="39172" lat="-2.71458972295" lon="63.89722602209">
    <tag k="local_x" v="-268.408"/>
    <tag k="local_y" v="-82.9659"/>
    <tag k="ele" v="1.7708"/>
  </node>
  <node id="39174" lat="-2.71457573692" lon="63.89721148017">
    <tag k="local_x" v="-270.0234"/>
    <tag k="local_y" v="-81.4186"/>
    <tag k="ele" v="1.7708"/>
  </node>
  <node id="39176" lat="-2.71455867156" lon="63.89720066918">
    <tag k="local_x" v="-271.2238"/>
    <tag k="local_y" v="-79.5312"/>
    <tag k="ele" v="1.7708"/>
  </node>
  <node id="39178" lat="-2.71454022931" lon="63.89719483988">
    <tag k="local_x" v="-271.8703"/>
    <tag k="local_y" v="-77.492"/>
    <tag k="ele" v="1.7708"/>
  </node>
  <node id="39180" lat="-2.7145783961" lon="63.89726893837">
    <tag k="local_x" v="-263.6363"/>
    <tag k="local_y" v="-81.7173"/>
    <tag k="ele" v="1.7708"/>
  </node>
  <node id="39182" lat="-2.7145726018" lon="63.8972560478">
    <tag k="local_x" v="-265.0688"/>
    <tag k="local_y" v="-81.0757"/>
    <tag k="ele" v="1.7708"/>
  </node>
  <node id="39184" lat="-2.71456485414" lon="63.89724481639">
    <tag k="local_x" v="-266.3167"/>
    <tag k="local_y" v="-80.2183"/>
    <tag k="ele" v="1.7708"/>
  </node>
  <node id="39186" lat="-2.71455528239" lon="63.89723535488">
    <tag k="local_x" v="-267.3677"/>
    <tag k="local_y" v="-79.1594"/>
    <tag k="ele" v="1.7708"/>
  </node>
  <node id="39188" lat="-2.7145416201" lon="63.89722702651">
    <tag k="local_x" v="-268.2924"/>
    <tag k="local_y" v="-77.6484"/>
    <tag k="ele" v="1.7708"/>
  </node>
  <node id="39190" lat="-2.7145257188" lon="63.89722129174">
    <tag k="local_x" v="-268.9286"/>
    <tag k="local_y" v="-75.8901"/>
    <tag k="ele" v="1.7708"/>
  </node>
  <node id="39205" lat="-2.71264479899" lon="63.89492545961">
    <tag k="local_x" v="-523.99"/>
    <tag k="local_y" v="132.2272"/>
    <tag k="ele" v="2.7177"/>
  </node>
  <node id="39206" lat="-2.71262507376" lon="63.8949235902">
    <tag k="local_x" v="-524.1962"/>
    <tag k="local_y" v="134.4079"/>
    <tag k="ele" v="2.7177"/>
  </node>
  <node id="39317" lat="-2.71256658419" lon="63.89523858963">
    <tag k="local_x" v="-489.1746"/>
    <tag k="local_y" v="140.8478"/>
    <tag k="ele" v="-0.1174"/>
  </node>
  <node id="39318" lat="-2.71257121511" lon="63.89523092693">
    <tag k="local_x" v="-490.0268"/>
    <tag k="local_y" v="140.3365"/>
    <tag k="ele" v="-0.1174"/>
  </node>
  <node id="39319" lat="-2.71257558501" lon="63.89522271801">
    <tag k="local_x" v="-490.9397"/>
    <tag k="local_y" v="139.8541"/>
    <tag k="ele" v="-0.1174"/>
  </node>
  <node id="39320" lat="-2.71257948196" lon="63.89521428924">
    <tag k="local_x" v="-491.877"/>
    <tag k="local_y" v="139.424"/>
    <tag k="ele" v="-0.1174"/>
  </node>
  <node id="39321" lat="-2.712582896" lon="63.89520566851">
    <tag k="local_x" v="-492.8356"/>
    <tag k="local_y" v="139.0473"/>
    <tag k="ele" v="-0.1174"/>
  </node>
  <node id="39322" lat="-2.71258581625" lon="63.8951968828">
    <tag k="local_x" v="-493.8125"/>
    <tag k="local_y" v="138.7252"/>
    <tag k="ele" v="-0.1174"/>
  </node>
  <node id="39323" lat="-2.71258823726" lon="63.89518796089">
    <tag k="local_x" v="-494.8045"/>
    <tag k="local_y" v="138.4583"/>
    <tag k="ele" v="-0.1174"/>
  </node>
  <node id="39324" lat="-2.71259014997" lon="63.89517892885">
    <tag k="local_x" v="-495.8087"/>
    <tag k="local_y" v="138.2476"/>
    <tag k="ele" v="-0.1174"/>
  </node>
  <node id="39325" lat="-2.71259150166" lon="63.89517012579">
    <tag k="local_x" v="-496.7874"/>
    <tag k="local_y" v="138.0989"/>
    <tag k="ele" v="-0.1174"/>
  </node>
  <node id="39326" lat="-2.71254465882" lon="63.89522476427">
    <tag k="local_x" v="-490.7097"/>
    <tag k="local_y" v="143.2727"/>
    <tag k="ele" v="-0.1174"/>
  </node>
  <node id="39327" lat="-2.71254927193" lon="63.89521792916">
    <tag k="local_x" v="-491.4699"/>
    <tag k="local_y" v="142.7633"/>
    <tag k="ele" v="-0.1174"/>
  </node>
  <node id="39328" lat="-2.71255331963" lon="63.89521115121">
    <tag k="local_x" v="-492.2237"/>
    <tag k="local_y" v="142.3164"/>
    <tag k="ele" v="-0.1174"/>
  </node>
  <node id="39329" lat="-2.71255698576" lon="63.89520414808">
    <tag k="local_x" v="-493.0025"/>
    <tag k="local_y" v="141.9117"/>
    <tag k="ele" v="-0.1174"/>
  </node>
  <node id="39330" lat="-2.71256025763" lon="63.89519694227">
    <tag k="local_x" v="-493.8038"/>
    <tag k="local_y" v="141.5506"/>
    <tag k="ele" v="-0.1174"/>
  </node>
  <node id="39331" lat="-2.71256312528" lon="63.89518955534">
    <tag k="local_x" v="-494.6252"/>
    <tag k="local_y" v="141.2342"/>
    <tag k="ele" v="-0.1174"/>
  </node>
  <node id="39332" lat="-2.71256557602" lon="63.89518200888">
    <tag k="local_x" v="-495.4643"/>
    <tag k="local_y" v="140.9639"/>
    <tag k="ele" v="-0.1174"/>
  </node>
  <node id="39333" lat="-2.71256760352" lon="63.89517432808">
    <tag k="local_x" v="-496.3183"/>
    <tag k="local_y" v="140.7404"/>
    <tag k="ele" v="-0.1174"/>
  </node>
  <node id="39334" lat="-2.71256924868" lon="63.8951662251">
    <tag k="local_x" v="-497.2192"/>
    <tag k="local_y" v="140.5592"/>
    <tag k="ele" v="-0.1174"/>
  </node>
  <node id="39365" lat="-2.71481366603" lon="63.89447815239">
    <tag k="local_x" v="-573.892"/>
    <tag k="local_y" v="-107.4957"/>
    <tag k="ele" v="1.5217"/>
  </node>
  <node id="39366" lat="-2.71481557455" lon="63.89445285615">
    <tag k="local_x" v="-576.7042"/>
    <tag k="local_y" v="-107.7046"/>
    <tag k="ele" v="1.5217"/>
  </node>
  <node id="39884" lat="-2.71456924235" lon="63.89772981665">
    <tag k="local_x" v="-212.4022"/>
    <tag k="local_y" v="-80.7434"/>
    <tag k="ele" v="1.7823"/>
  </node>
  <node id="39888" lat="-2.7145440005" lon="63.89772846846">
    <tag k="local_x" v="-212.55"/>
    <tag k="local_y" v="-77.9529"/>
    <tag k="ele" v="1.7908"/>
  </node>
  <node id="40106" lat="-2.71456794042" lon="63.89774585767">
    <tag k="local_x" v="-210.6189"/>
    <tag k="local_y" v="-80.6008"/>
    <tag k="ele" v="1.7832"/>
  </node>
  <node id="40107" lat="-2.71454271538" lon="63.89774380873">
    <tag k="local_x" v="-210.8446"/>
    <tag k="local_y" v="-77.8121"/>
    <tag k="ele" v="1.7912"/>
  </node>
  <node id="40118" lat="-2.71452420393" lon="63.8978585771">
    <tag k="local_x" v="-198.0849"/>
    <tag k="local_y" v="-75.7752"/>
    <tag k="ele" v="1.8169"/>
  </node>
  <node id="40120" lat="-2.71453944611" lon="63.89783599123">
    <tag k="local_x" v="-200.5969"/>
    <tag k="local_y" v="-77.4583"/>
    <tag k="ele" v="1.8169"/>
  </node>
  <node id="40122" lat="-2.71455168088" lon="63.89781166428">
    <tag k="local_x" v="-203.3022"/>
    <tag k="local_y" v="-78.8088"/>
    <tag k="ele" v="1.8169"/>
  </node>
  <node id="40124" lat="-2.71456071076" lon="63.89778598831">
    <tag k="local_x" v="-206.1572"/>
    <tag k="local_y" v="-79.8049"/>
    <tag k="ele" v="1.8169"/>
  </node>
  <node id="40126" lat="-2.71456574301" lon="63.89776543512">
    <tag k="local_x" v="-208.4424"/>
    <tag k="local_y" v="-80.3595"/>
    <tag k="ele" v="1.8169"/>
  </node>
  <node id="40132" lat="-2.7145041206" lon="63.89784324355">
    <tag k="local_x" v="-199.7878"/>
    <tag k="local_y" v="-73.5538"/>
    <tag k="ele" v="1.8169"/>
  </node>
  <node id="40134" lat="-2.71451756968" lon="63.89782331908">
    <tag k="local_x" v="-202.0038"/>
    <tag k="local_y" v="-75.0389"/>
    <tag k="ele" v="1.8169"/>
  </node>
  <node id="40136" lat="-2.71452836581" lon="63.89780185798">
    <tag k="local_x" v="-204.3904"/>
    <tag k="local_y" v="-76.2306"/>
    <tag k="ele" v="1.8169"/>
  </node>
  <node id="40138" lat="-2.71453633505" lon="63.89777920647">
    <tag k="local_x" v="-206.9091"/>
    <tag k="local_y" v="-77.1097"/>
    <tag k="ele" v="1.8169"/>
  </node>
  <node id="40140" lat="-2.71454103823" lon="63.89776080751">
    <tag k="local_x" v="-208.9548"/>
    <tag k="local_y" v="-77.6281"/>
    <tag k="ele" v="1.8169"/>
  </node>
  <node id="40165" lat="-2.71451011076" lon="63.89787488394">
    <tag k="local_x" v="-196.271"/>
    <tag k="local_y" v="-74.2186"/>
    <tag k="ele" v="1.8169"/>
  </node>
  <node id="40166" lat="-2.71449199162" lon="63.89785792812">
    <tag k="local_x" v="-198.1544"/>
    <tag k="local_y" v="-72.2142"/>
    <tag k="ele" v="1.8169"/>
  </node>
  <node id="40173" lat="-2.7143438023" lon="63.89795195031">
    <tag k="local_x" v="-187.6903"/>
    <tag k="local_y" v="-55.8402"/>
    <tag k="ele" v="1.8088"/>
  </node>
  <node id="40175" lat="-2.71437127553" lon="63.89795001493">
    <tag k="local_x" v="-187.9077"/>
    <tag k="local_y" v="-58.8771"/>
    <tag k="ele" v="1.8088"/>
  </node>
  <node id="40177" lat="-2.71439828995" lon="63.89794468874">
    <tag k="local_x" v="-188.502"/>
    <tag k="local_y" v="-61.863"/>
    <tag k="ele" v="1.8088"/>
  </node>
  <node id="40179" lat="-2.71442442394" lon="63.8979360542">
    <tag k="local_x" v="-189.464"/>
    <tag k="local_y" v="-64.7513"/>
    <tag k="ele" v="1.8088"/>
  </node>
  <node id="40181" lat="-2.71444927035" lon="63.89792424594">
    <tag k="local_x" v="-190.7787"/>
    <tag k="local_y" v="-67.497"/>
    <tag k="ele" v="1.8088"/>
  </node>
  <node id="40183" lat="-2.71447244095" lon="63.89790944987">
    <tag k="local_x" v="-192.4254"/>
    <tag k="local_y" v="-70.0572"/>
    <tag k="ele" v="1.8088"/>
  </node>
  <node id="40185" lat="-2.71449328317" lon="63.89789216299">
    <tag k="local_x" v="-194.3488"/>
    <tag k="local_y" v="-72.3598"/>
    <tag k="ele" v="1.8088"/>
  </node>
  <node id="40187" lat="-2.71434360408" lon="63.89792664625">
    <tag k="local_x" v="-190.5032"/>
    <tag k="local_y" v="-55.8162"/>
    <tag k="ele" v="1.8088"/>
  </node>
  <node id="40189" lat="-2.71436790832" lon="63.89792495591">
    <tag k="local_x" v="-190.6931"/>
    <tag k="local_y" v="-58.5028"/>
    <tag k="ele" v="1.8088"/>
  </node>
  <node id="40191" lat="-2.71439181315" lon="63.89792026433">
    <tag k="local_x" v="-191.2166"/>
    <tag k="local_y" v="-61.145"/>
    <tag k="ele" v="1.8088"/>
  </node>
  <node id="40193" lat="-2.71441494312" lon="63.89791264498">
    <tag k="local_x" v="-192.0655"/>
    <tag k="local_y" v="-63.7013"/>
    <tag k="ele" v="1.8088"/>
  </node>
  <node id="40195" lat="-2.71443693901" lon="63.89790221544">
    <tag k="local_x" v="-193.2267"/>
    <tag k="local_y" v="-66.132"/>
    <tag k="ele" v="1.8088"/>
  </node>
  <node id="40197" lat="-2.71445745695" lon="63.89788913829">
    <tag k="local_x" v="-194.6821"/>
    <tag k="local_y" v="-68.3991"/>
    <tag k="ele" v="1.8088"/>
  </node>
  <node id="40199" lat="-2.71447646713" lon="63.89787335323">
    <tag k="local_x" v="-196.4384"/>
    <tag k="local_y" v="-70.4993"/>
    <tag k="ele" v="1.8088"/>
  </node>
  <node id="40420" lat="-2.71410703855" lon="63.89802004906">
    <tag k="local_x" v="-180.1007"/>
    <tag k="local_y" v="-29.6725"/>
    <tag k="ele" v="1.6561"/>
  </node>
  <node id="40421" lat="-2.7140815166" lon="63.89802190581">
    <tag k="local_x" v="-179.8922"/>
    <tag k="local_y" v="-26.8513"/>
    <tag k="ele" v="1.6561"/>
  </node>
  <node id="40428" lat="-2.71410736269" lon="63.89800511019">
    <tag k="local_x" v="-181.7614"/>
    <tag k="local_y" v="-29.7071"/>
    <tag k="ele" v="1.6489"/>
  </node>
  <node id="40430" lat="-2.71411072319" lon="63.89799311156">
    <tag k="local_x" v="-183.0955"/>
    <tag k="local_y" v="-30.0776"/>
    <tag k="ele" v="1.6489"/>
  </node>
  <node id="40433" lat="-2.71408219344" lon="63.89800103367">
    <tag k="local_x" v="-182.2125"/>
    <tag k="local_y" v="-26.9244"/>
    <tag k="ele" v="1.6489"/>
  </node>
  <node id="40435" lat="-2.71408736011" lon="63.89798339879">
    <tag k="local_x" v="-184.1733"/>
    <tag k="local_y" v="-27.4941"/>
    <tag k="ele" v="1.6489"/>
  </node>
  <node id="40440" lat="-2.71408197913" lon="63.89811485116">
    <tag k="local_x" v="-169.56"/>
    <tag k="local_y" v="-26.9101"/>
    <tag k="ele" v="2.0583"/>
  </node>
  <node id="40441" lat="-2.71405691783" lon="63.89811278795">
    <tag k="local_x" v="-169.7873"/>
    <tag k="local_y" v="-24.1395"/>
    <tag k="ele" v="2.0583"/>
  </node>
  <node id="40447" lat="-2.71408704344" lon="63.89805619957">
    <tag k="local_x" v="-176.0804"/>
    <tag k="local_y" v="-27.4651"/>
    <tag k="ele" v="2.0544"/>
  </node>
  <node id="40449" lat="-2.71409002072" lon="63.89804012111">
    <tag k="local_x" v="-177.868"/>
    <tag k="local_y" v="-27.7929"/>
    <tag k="ele" v="2.0544"/>
  </node>
  <node id="40451" lat="-2.7140945145" lon="63.89802472026">
    <tag k="local_x" v="-179.5804"/>
    <tag k="local_y" v="-28.2884"/>
    <tag k="ele" v="2.0544"/>
  </node>
  <node id="40453" lat="-2.71410052582" lon="63.89800984047">
    <tag k="local_x" v="-181.235"/>
    <tag k="local_y" v="-28.9517"/>
    <tag k="ele" v="2.0544"/>
  </node>
  <node id="40455" lat="-2.71410799485" lon="63.89799563013">
    <tag k="local_x" v="-182.8153"/>
    <tag k="local_y" v="-29.7762"/>
    <tag k="ele" v="2.0544"/>
  </node>
  <node id="40457" lat="-2.71406220696" lon="63.89805228251">
    <tag k="local_x" v="-176.5138"/>
    <tag k="local_y" v="-24.7192"/>
    <tag k="ele" v="2.0544"/>
  </node>
  <node id="40459" lat="-2.71406552845" lon="63.8980343665">
    <tag k="local_x" v="-178.5057"/>
    <tag k="local_y" v="-25.0849"/>
    <tag k="ele" v="2.0544"/>
  </node>
  <node id="40461" lat="-2.71407070158" lon="63.8980165661">
    <tag k="local_x" v="-180.4849"/>
    <tag k="local_y" v="-25.6553"/>
    <tag k="ele" v="2.0544"/>
  </node>
  <node id="40463" lat="-2.71407762917" lon="63.89799936431">
    <tag k="local_x" v="-182.3977"/>
    <tag k="local_y" v="-26.4197"/>
    <tag k="ele" v="2.0544"/>
  </node>
  <node id="40465" lat="-2.71408624328" lon="63.89798293109">
    <tag k="local_x" v="-184.2252"/>
    <tag k="local_y" v="-27.3706"/>
    <tag k="ele" v="2.0544"/>
  </node>
  <node id="40473" lat="-2.71407005454" lon="63.8984676397">
    <tag k="local_x" v="-130.3414"/>
    <tag k="local_y" v="-25.621"/>
    <tag k="ele" v="1.9729"/>
  </node>
  <node id="40474" lat="-2.71405035883" lon="63.89844928929">
    <tag k="local_x" v="-132.3797"/>
    <tag k="local_y" v="-23.4422"/>
    <tag k="ele" v="1.9741"/>
  </node>
  <node id="40480" lat="-2.71407619537" lon="63.898459827">
    <tag k="local_x" v="-131.2104"/>
    <tag k="local_y" v="-26.2992"/>
    <tag k="ele" v="1.9735"/>
  </node>
  <node id="40481" lat="-2.71408122981" lon="63.8984484701">
    <tag k="local_x" v="-132.4733"/>
    <tag k="local_y" v="-26.8548"/>
    <tag k="ele" v="1.9735"/>
  </node>
  <node id="40482" lat="-2.71408374063" lon="63.89843803608">
    <tag k="local_x" v="-133.6334"/>
    <tag k="local_y" v="-27.1315"/>
    <tag k="ele" v="1.9735"/>
  </node>
  <node id="40483" lat="-2.71405693096" lon="63.89843809724">
    <tag k="local_x" v="-133.6244"/>
    <tag k="local_y" v="-24.1678"/>
    <tag k="ele" v="1.9735"/>
  </node>
  <node id="40485" lat="-2.71405885298" lon="63.8984311693">
    <tag k="local_x" v="-134.3947"/>
    <tag k="local_y" v="-24.3797"/>
    <tag k="ele" v="1.9735"/>
  </node>
  <node id="40492" lat="-2.71408209303" lon="63.89846510911">
    <tag k="local_x" v="-130.6237"/>
    <tag k="local_y" v="-26.9516"/>
    <tag k="ele" v="2.0938"/>
  </node>
  <node id="40500" lat="-2.71405703174" lon="63.89846304589">
    <tag k="local_x" v="-130.851"/>
    <tag k="local_y" v="-24.181"/>
    <tag k="ele" v="2.0938"/>
  </node>
  <node id="40508" lat="-2.71404302984" lon="63.89881496477">
    <tag k="local_x" v="-91.7289"/>
    <tag k="local_y" v="-22.6622"/>
    <tag k="ele" v="1.9908"/>
  </node>
  <node id="40509" lat="-2.71401740023" lon="63.89882653135">
    <tag k="local_x" v="-90.441"/>
    <tag k="local_y" v="-19.8299"/>
    <tag k="ele" v="1.9852"/>
  </node>
  <node id="40518" lat="-2.71404970116" lon="63.8988502183">
    <tag k="local_x" v="-87.8105"/>
    <tag k="local_y" v="-23.4026"/>
    <tag k="ele" v="1.9897"/>
  </node>
  <node id="40519" lat="-2.71404997116" lon="63.89884116437">
    <tag k="local_x" v="-88.817"/>
    <tag k="local_y" v="-23.4317"/>
    <tag k="ele" v="1.9897"/>
  </node>
  <node id="40520" lat="-2.7140488602" lon="63.89883162275">
    <tag k="local_x" v="-89.8776"/>
    <tag k="local_y" v="-23.3081"/>
    <tag k="ele" v="1.9897"/>
  </node>
  <node id="40521" lat="-2.71404659717" lon="63.89882277384">
    <tag k="local_x" v="-90.8611"/>
    <tag k="local_y" v="-23.0572"/>
    <tag k="ele" v="1.9897"/>
  </node>
  <node id="40522" lat="-2.71402406861" lon="63.89885239611">
    <tag k="local_x" v="-87.5663"/>
    <tag k="local_y" v="-20.5692"/>
    <tag k="ele" v="1.9897"/>
  </node>
  <node id="40524" lat="-2.71402214469" lon="63.89883885531">
    <tag k="local_x" v="-89.0714"/>
    <tag k="local_y" v="-20.3554"/>
    <tag k="ele" v="1.9897"/>
  </node>
  <node id="40529" lat="-2.71399290587" lon="63.89929815218">
    <tag k="local_x" v="-38.0114"/>
    <tag k="local_y" v="-17.1611"/>
    <tag k="ele" v="1.9846"/>
  </node>
  <node id="40590" lat="-2.71404673951" lon="63.8988937992">
    <tag k="local_x" v="-82.9656"/>
    <tag k="local_y" v="-23.0788"/>
    <tag k="ele" v="2.002"/>
  </node>
  <node id="40591" lat="-2.71402153416" lon="63.89889203632">
    <tag k="local_x" v="-83.1595"/>
    <tag k="local_y" v="-20.2923"/>
    <tag k="ele" v="2.002"/>
  </node>
  <node id="40634" lat="-2.71401993091" lon="63.89897477273">
    <tag k="local_x" v="-73.962"/>
    <tag k="local_y" v="-20.1219"/>
    <tag k="ele" v="1.9849"/>
  </node>
  <node id="40635" lat="-2.71399663866" lon="63.89895866318">
    <tag k="local_x" v="-75.7509"/>
    <tag k="local_y" v="-17.5457"/>
    <tag k="ele" v="1.9907"/>
  </node>
  <node id="40641" lat="-2.7140278814" lon="63.89896513256">
    <tag k="local_x" v="-75.0343"/>
    <tag k="local_y" v="-21"/>
    <tag k="ele" v="1.9841"/>
  </node>
  <node id="40642" lat="-2.71403447516" lon="63.89895404848">
    <tag k="local_x" v="-76.267"/>
    <tag k="local_y" v="-21.728"/>
    <tag k="ele" v="1.9841"/>
  </node>
  <node id="40644" lat="-2.71404079245" lon="63.89893647742">
    <tag k="local_x" v="-78.2208"/>
    <tag k="local_y" v="-22.4249"/>
    <tag k="ele" v="1.9841"/>
  </node>
  <node id="40646" lat="-2.71404417874" lon="63.89891780583">
    <tag k="local_x" v="-80.2967"/>
    <tag k="local_y" v="-22.7977"/>
    <tag k="ele" v="1.9841"/>
  </node>
  <node id="40647" lat="-2.71400427255" lon="63.89894900119">
    <tag k="local_x" v="-76.8256"/>
    <tag k="local_y" v="-18.3888"/>
    <tag k="ele" v="1.9841"/>
  </node>
  <node id="40648" lat="-2.71400876184" lon="63.89894206345">
    <tag k="local_x" v="-77.5972"/>
    <tag k="local_y" v="-18.8845"/>
    <tag k="ele" v="1.9841"/>
  </node>
  <node id="40650" lat="-2.71401532333" lon="63.8989281646">
    <tag k="local_x" v="-79.1428"/>
    <tag k="local_y" v="-19.6087"/>
    <tag k="ele" v="1.9841"/>
  </node>
  <node id="40652" lat="-2.71401943811" lon="63.89891274998">
    <tag k="local_x" v="-80.8567"/>
    <tag k="local_y" v="-20.0623"/>
    <tag k="ele" v="1.9841"/>
  </node>
  <node id="40659" lat="-2.71400409248" lon="63.89938726966">
    <tag k="local_x" v="-28.1056"/>
    <tag k="local_y" v="-18.4051"/>
    <tag k="ele" v="1.953"/>
  </node>
  <node id="40660" lat="-2.71397895065" lon="63.89938525314">
    <tag k="local_x" v="-28.3277"/>
    <tag k="local_y" v="-15.6256"/>
    <tag k="ele" v="1.953"/>
  </node>
  <node id="40736" lat="-2.71388502665" lon="63.8996821952">
    <tag k="local_x" v="4.6895"/>
    <tag k="local_y" v="-5.2672"/>
    <tag k="ele" v="1.8774"/>
  </node>
  <node id="40738" lat="-2.71390447929" lon="63.89967958015">
    <tag k="local_x" v="4.3972"/>
    <tag k="local_y" v="-7.4174"/>
    <tag k="ele" v="1.8774"/>
  </node>
  <node id="40740" lat="-2.71392358614" lon="63.89967244723">
    <tag k="local_x" v="3.6027"/>
    <tag k="local_y" v="-9.529"/>
    <tag k="ele" v="1.8774"/>
  </node>
  <node id="40742" lat="-2.71394062817" lon="63.89966118107">
    <tag k="local_x" v="2.3489"/>
    <tag k="local_y" v="-11.412"/>
    <tag k="ele" v="1.8774"/>
  </node>
  <node id="40744" lat="-2.71388281755" lon="63.89965687888">
    <tag k="local_x" v="1.8754"/>
    <tag k="local_y" v="-5.0209"/>
    <tag k="ele" v="1.8774"/>
  </node>
  <node id="40746" lat="-2.71389785735" lon="63.89965454034">
    <tag k="local_x" v="1.6142"/>
    <tag k="local_y" v="-6.6833"/>
    <tag k="ele" v="1.8774"/>
  </node>
  <node id="40748" lat="-2.71391123139" lon="63.89964911235">
    <tag k="local_x" v="1.0097"/>
    <tag k="local_y" v="-8.1613"/>
    <tag k="ele" v="1.8774"/>
  </node>
  <node id="40755" lat="-2.71399376072" lon="63.89951235568">
    <tag k="local_x" v="-14.1996"/>
    <tag k="local_y" v="-17.2733"/>
    <tag k="ele" v="1.9226"/>
  </node>
  <node id="40756" lat="-2.71396691928" lon="63.89951016339">
    <tag k="local_x" v="-14.4411"/>
    <tag k="local_y" v="-14.3059"/>
    <tag k="ele" v="1.9226"/>
  </node>
  <node id="40784" lat="-2.71392458521" lon="63.89963925848">
    <tag k="local_x" v="-0.0868"/>
    <tag k="local_y" v="-9.6367"/>
    <tag k="ele" v="1.8774"/>
  </node>
  <node id="40791" lat="-2.71396116553" lon="63.89963907503">
    <tag k="local_x" v="-0.1102"/>
    <tag k="local_y" v="-13.6805"/>
    <tag k="ele" v="1.8774"/>
  </node>
  <node id="40792" lat="-2.71396871455" lon="63.89962800966">
    <tag k="local_x" v="-1.3409"/>
    <tag k="local_y" v="-14.5141"/>
    <tag k="ele" v="1.8774"/>
  </node>
  <node id="40793" lat="-2.71397519029" lon="63.8996162913">
    <tag k="local_x" v="-2.6441"/>
    <tag k="local_y" v="-15.229"/>
    <tag k="ele" v="1.8774"/>
  </node>
  <node id="40794" lat="-2.71398053569" lon="63.89960402427">
    <tag k="local_x" v="-4.0082"/>
    <tag k="local_y" v="-15.8189"/>
    <tag k="ele" v="1.8774"/>
  </node>
  <node id="40795" lat="-2.71398470544" lon="63.89959131469">
    <tag k="local_x" v="-5.4214"/>
    <tag k="local_y" v="-16.2788"/>
    <tag k="ele" v="1.8774"/>
  </node>
  <node id="40796" lat="-2.71398753708" lon="63.89957888838">
    <tag k="local_x" v="-6.803"/>
    <tag k="local_y" v="-16.5908"/>
    <tag k="ele" v="1.8774"/>
  </node>
  <node id="40798" lat="-2.7139395423" lon="63.89962294152">
    <tag k="local_x" v="-1.9019"/>
    <tag k="local_y" v="-11.2888"/>
    <tag k="ele" v="1.8774"/>
  </node>
  <node id="40799" lat="-2.71394568852" lon="63.8996139675">
    <tag k="local_x" v="-2.9"/>
    <tag k="local_y" v="-11.9675"/>
    <tag k="ele" v="1.8774"/>
  </node>
  <node id="40800" lat="-2.71395096582" lon="63.89960446029">
    <tag k="local_x" v="-3.9573"/>
    <tag k="local_y" v="-12.5501"/>
    <tag k="ele" v="1.8774"/>
  </node>
  <node id="40801" lat="-2.7139553262" lon="63.89959450352">
    <tag k="local_x" v="-5.0645"/>
    <tag k="local_y" v="-13.0313"/>
    <tag k="ele" v="1.8774"/>
  </node>
  <node id="40802" lat="-2.7139587334" lon="63.89958418352">
    <tag k="local_x" v="-6.212"/>
    <tag k="local_y" v="-13.4071"/>
    <tag k="ele" v="1.8774"/>
  </node>
  <node id="40803" lat="-2.71396128008" lon="63.89957297771">
    <tag k="local_x" v="-7.4579"/>
    <tag k="local_y" v="-13.6877"/>
    <tag k="ele" v="1.8774"/>
  </node>
  <node id="40834" lat="-2.71399692208" lon="63.89930691692">
    <tag k="local_x" v="-37.0374"/>
    <tag k="local_y" v="-17.6058"/>
    <tag k="ele" v="1.9942"/>
  </node>
  <node id="40835" lat="-2.71397376338" lon="63.8993166601">
    <tag k="local_x" v="-35.9524"/>
    <tag k="local_y" v="-15.0465"/>
    <tag k="ele" v="1.9942"/>
  </node>
  <node id="40841" lat="-2.71400680848" lon="63.89935164256">
    <tag k="local_x" v="-32.0663"/>
    <tag k="local_y" v="-18.7024"/>
    <tag k="ele" v="1.9593"/>
  </node>
  <node id="40842" lat="-2.71400641708" lon="63.89934277974">
    <tag k="local_x" v="-33.0515"/>
    <tag k="local_y" v="-18.6584"/>
    <tag k="ele" v="1.9593"/>
  </node>
  <node id="40843" lat="-2.71400519742" lon="63.89933344405">
    <tag k="local_x" v="-34.0892"/>
    <tag k="local_y" v="-18.5228"/>
    <tag k="ele" v="1.9593"/>
  </node>
  <node id="40844" lat="-2.71400316804" lon="63.89932424988">
    <tag k="local_x" v="-35.1111"/>
    <tag k="local_y" v="-18.2977"/>
    <tag k="ele" v="1.9593"/>
  </node>
  <node id="40845" lat="-2.71400051938" lon="63.89931577941">
    <tag k="local_x" v="-36.0525"/>
    <tag k="local_y" v="-18.0042"/>
    <tag k="ele" v="1.9593"/>
  </node>
  <node id="40846" lat="-2.71398160647" lon="63.89935268092">
    <tag k="local_x" v="-31.9488"/>
    <tag k="local_y" v="-15.9165"/>
    <tag k="ele" v="1.9593"/>
  </node>
  <node id="40847" lat="-2.71398130382" lon="63.89934490305">
    <tag k="local_x" v="-32.8134"/>
    <tag k="local_y" v="-15.8824"/>
    <tag k="ele" v="1.9593"/>
  </node>
  <node id="40848" lat="-2.71398038197" lon="63.89933772023">
    <tag k="local_x" v="-33.6118"/>
    <tag k="local_y" v="-15.7799"/>
    <tag k="ele" v="1.9593"/>
  </node>
  <node id="40849" lat="-2.71397883859" lon="63.8993306431">
    <tag k="local_x" v="-34.3984"/>
    <tag k="local_y" v="-15.6087"/>
    <tag k="ele" v="1.9593"/>
  </node>
  <node id="40850" lat="-2.71397651028" lon="63.89932321097">
    <tag k="local_x" v="-35.2244"/>
    <tag k="local_y" v="-15.3507"/>
    <tag k="ele" v="1.9593"/>
  </node>
  <node id="40857" lat="-2.71396788774" lon="63.89962922166">
    <tag k="local_x" v="-1.2061"/>
    <tag k="local_y" v="-14.4228"/>
    <tag k="ele" v="1.8774"/>
  </node>
  <node id="40858" lat="-2.71394557442" lon="63.89961413383">
    <tag k="local_x" v="-2.8815"/>
    <tag k="local_y" v="-11.9549"/>
    <tag k="ele" v="1.8774"/>
  </node>
  <node id="40866" lat="-2.71391113353" lon="63.89966021562">
    <tag k="local_x" v="2.244"/>
    <tag k="local_y" v="-8.1514"/>
    <tag k="ele" v="1.9195"/>
  </node>
  <node id="40868" lat="-2.71392969374" lon="63.89965827009">
    <tag k="local_x" v="2.0262"/>
    <tag k="local_y" v="-10.203"/>
    <tag k="ele" v="1.9195"/>
  </node>
  <node id="40870" lat="-2.71394777096" lon="63.89964898104">
    <tag k="local_x" v="0.9921"/>
    <tag k="local_y" v="-12.2006"/>
    <tag k="ele" v="1.9195"/>
  </node>
  <node id="40871" lat="-2.71395782686" lon="63.89964121713">
    <tag k="local_x" v="0.1282"/>
    <tag k="local_y" v="-13.3116"/>
    <tag k="ele" v="1.9195"/>
  </node>
  <node id="40872" lat="-2.71390830324" lon="63.8996333264">
    <tag k="local_x" v="-0.7449"/>
    <tag k="local_y" v="-7.8363"/>
    <tag k="ele" v="1.9195"/>
  </node>
  <node id="40874" lat="-2.71392552596" lon="63.89963083924">
    <tag k="local_x" v="-1.0228"/>
    <tag k="local_y" v="-9.74"/>
    <tag k="ele" v="1.9195"/>
  </node>
  <node id="40876" lat="-2.71393660437" lon="63.8996238704">
    <tag k="local_x" v="-1.7984"/>
    <tag k="local_y" v="-10.9641"/>
    <tag k="ele" v="1.9195"/>
  </node>
  <node id="41029" lat="-2.7144562283" lon="63.89436164113">
    <tag k="local_x" v="-586.8147"/>
    <tag k="local_y" v="-67.9728"/>
    <tag k="ele" v="1.3679"/>
  </node>
  <node id="41030" lat="-2.71445408641" lon="63.8943869174">
    <tag k="local_x" v="-584.0047"/>
    <tag k="local_y" v="-67.7381"/>
    <tag k="ele" v="1.3679"/>
  </node>
  <node id="41099" lat="-2.71223977319" lon="63.89928144907">
    <tag k="local_x" v="-39.7242"/>
    <tag k="local_y" v="176.6424"/>
    <tag k="ele" v="2.0203"/>
  </node>
  <node id="41100" lat="-2.71226888499" lon="63.8992838958">
    <tag k="local_x" v="-39.4546"/>
    <tag k="local_y" v="173.424"/>
    <tag k="ele" v="2.0069"/>
  </node>
  <node id="41113" lat="-2.71225366225" lon="63.89937006376">
    <tag k="local_x" v="-29.8745"/>
    <tag k="local_y" v="175.0997"/>
    <tag k="ele" v="2.121"/>
  </node>
  <node id="41116" lat="-2.71222473912" lon="63.89935725508">
    <tag k="local_x" v="-31.296"/>
    <tag k="local_y" v="178.2981"/>
    <tag k="ele" v="2.121"/>
  </node>
  <node id="41136" lat="-2.71221235427" lon="63.89938992262">
    <tag k="local_x" v="-27.6635"/>
    <tag k="local_y" v="179.6645"/>
    <tag k="ele" v="2.3285"/>
  </node>
  <node id="41137" lat="-2.71220850732" lon="63.89940404295">
    <tag k="local_x" v="-26.0935"/>
    <tag k="local_y" v="180.0886"/>
    <tag k="ele" v="2.3285"/>
  </node>
  <node id="41139" lat="-2.71220578435" lon="63.89941753171">
    <tag k="local_x" v="-24.5938"/>
    <tag k="local_y" v="180.3885"/>
    <tag k="ele" v="2.3285"/>
  </node>
  <node id="41143" lat="-2.71224272679" lon="63.89939881207">
    <tag k="local_x" v="-26.6778"/>
    <tag k="local_y" v="176.3062"/>
    <tag k="ele" v="2.3285"/>
  </node>
  <node id="41144" lat="-2.71223929002" lon="63.89941117855">
    <tag k="local_x" v="-25.3028"/>
    <tag k="local_y" v="176.6851"/>
    <tag k="ele" v="2.3285"/>
  </node>
  <node id="41146" lat="-2.71223724848" lon="63.89942188996">
    <tag k="local_x" v="-24.1119"/>
    <tag k="local_y" v="176.9099"/>
    <tag k="ele" v="2.3285"/>
  </node>
  <node id="41153" lat="-2.71223495425" lon="63.8993228093">
    <tag k="local_x" v="-35.126"/>
    <tag k="local_y" v="177.1717"/>
    <tag k="ele" v="2.0126"/>
  </node>
  <node id="41155" lat="-2.71223043897" lon="63.89934155469">
    <tag k="local_x" v="-33.0418"/>
    <tag k="local_y" v="177.6693"/>
    <tag k="ele" v="2.0126"/>
  </node>
  <node id="41158" lat="-2.71226372761" lon="63.89932784563">
    <tag k="local_x" v="-34.5685"/>
    <tag k="local_y" v="173.9905"/>
    <tag k="ele" v="2.0126"/>
  </node>
  <node id="41160" lat="-2.71226002815" lon="63.89935038419">
    <tag k="local_x" v="-32.0627"/>
    <tag k="local_y" v="174.3976"/>
    <tag k="ele" v="2.0126"/>
  </node>
  <node id="41197" lat="-2.71238237495" lon="63.89958561632">
    <tag k="local_x" v="-5.9232"/>
    <tag k="local_y" v="160.8532"/>
    <tag k="ele" v="2.1256"/>
  </node>
  <node id="41198" lat="-2.71238463695" lon="63.89955710179">
    <tag k="local_x" v="-9.0932"/>
    <tag k="local_y" v="160.6055"/>
    <tag k="ele" v="2.1256"/>
  </node>
  <node id="41245" lat="-2.71236271482" lon="63.89955235298">
    <tag k="local_x" v="-9.6193"/>
    <tag k="local_y" v="163.0293"/>
    <tag k="ele" v="2.126"/>
  </node>
  <node id="41246" lat="-2.71238458121" lon="63.89955421864">
    <tag k="local_x" v="-9.4137"/>
    <tag k="local_y" v="160.6119"/>
    <tag k="ele" v="2.1256"/>
  </node>
  <node id="41247" lat="-2.71236497591" lon="63.89952383844">
    <tag k="local_x" v="-12.7893"/>
    <tag k="local_y" v="162.7817"/>
    <tag k="ele" v="2.126"/>
  </node>
  <node id="41248" lat="-2.71238684321" lon="63.89952570411">
    <tag k="local_x" v="-12.5837"/>
    <tag k="local_y" v="160.3642"/>
    <tag k="ele" v="2.1256"/>
  </node>
  <node id="41252" lat="-2.71244492507" lon="63.8995580459">
    <tag k="local_x" v="-8.9932"/>
    <tag k="local_y" v="153.9408"/>
    <tag k="ele" v="2.1254"/>
  </node>
  <node id="41253" lat="-2.71244707493" lon="63.89953312954">
    <tag k="local_x" v="-11.7632"/>
    <tag k="local_y" v="153.7052"/>
    <tag k="ele" v="2.1254"/>
  </node>
  <node id="41284" lat="-2.71223622575" lon="63.89957274351">
    <tag k="local_x" v="-7.3422"/>
    <tag k="local_y" v="177.0105"/>
    <tag k="ele" v="2.126"/>
  </node>
  <node id="41285" lat="-2.71223860829" lon="63.89954513942">
    <tag k="local_x" v="-10.411"/>
    <tag k="local_y" v="176.7494"/>
    <tag k="ele" v="2.126"/>
  </node>
  <node id="41376" lat="-2.71220409022" lon="63.89943423088">
    <tag k="local_x" v="-22.7373"/>
    <tag k="local_y" v="180.5744"/>
    <tag k="ele" v="2.3285"/>
  </node>
  <node id="41377" lat="-2.71223584099" lon="63.89943633503">
    <tag k="local_x" v="-22.506"/>
    <tag k="local_y" v="177.0643"/>
    <tag k="ele" v="2.3285"/>
  </node>
  <node id="41394" lat="-2.71221432871" lon="63.89919654465">
    <tag k="local_x" v="-49.1605"/>
    <tag k="local_y" v="179.4622"/>
    <tag k="ele" v="2.3285"/>
  </node>
  <node id="41396" lat="-2.71224607948" lon="63.89919864879">
    <tag k="local_x" v="-48.9292"/>
    <tag k="local_y" v="175.9521"/>
    <tag k="ele" v="2.3285"/>
  </node>
  <node id="41404" lat="-2.71220347214" lon="63.89946966787">
    <tag k="local_x" v="-18.7979"/>
    <tag k="local_y" v="180.6398"/>
    <tag k="ele" v="2.0368"/>
  </node>
  <node id="41405" lat="-2.71220543153" lon="63.89948295229">
    <tag k="local_x" v="-17.3213"/>
    <tag k="local_y" v="180.4221"/>
    <tag k="ele" v="2.0368"/>
  </node>
  <node id="41406" lat="-2.71220914541" lon="63.89949681103">
    <tag k="local_x" v="-15.781"/>
    <tag k="local_y" v="180.0104"/>
    <tag k="ele" v="2.0368"/>
  </node>
  <node id="41407" lat="-2.71221446355" lon="63.89951012582">
    <tag k="local_x" v="-14.3013"/>
    <tag k="local_y" v="179.4214"/>
    <tag k="ele" v="2.0368"/>
  </node>
  <node id="41408" lat="-2.71222130739" lon="63.89952271219">
    <tag k="local_x" v="-12.9027"/>
    <tag k="local_y" v="178.6638"/>
    <tag k="ele" v="2.0368"/>
  </node>
  <node id="41409" lat="-2.71222957936" lon="63.89953440005">
    <tag k="local_x" v="-11.6041"/>
    <tag k="local_y" v="177.7484"/>
    <tag k="ele" v="2.0368"/>
  </node>
  <node id="41410" lat="-2.71223916198" lon="63.89954502919">
    <tag k="local_x" v="-10.4233"/>
    <tag k="local_y" v="176.6882"/>
    <tag k="ele" v="2.0368"/>
  </node>
  <node id="41411" lat="-2.71224991967" lon="63.89955445558">
    <tag k="local_x" v="-9.3763"/>
    <tag k="local_y" v="175.4982"/>
    <tag k="ele" v="2.0368"/>
  </node>
  <node id="41412" lat="-2.71226170145" lon="63.89956255227">
    <tag k="local_x" v="-8.4772"/>
    <tag k="local_y" v="174.1951"/>
    <tag k="ele" v="2.0368"/>
  </node>
  <node id="41413" lat="-2.71227434187" lon="63.89956921119">
    <tag k="local_x" v="-7.738"/>
    <tag k="local_y" v="172.7972"/>
    <tag k="ele" v="2.0368"/>
  </node>
  <node id="41414" lat="-2.7122876655" lon="63.89957434226">
    <tag k="local_x" v="-7.1687"/>
    <tag k="local_y" v="171.3239"/>
    <tag k="ele" v="2.0368"/>
  </node>
  <node id="41415" lat="-2.712300663" lon="63.89957768655">
    <tag k="local_x" v="-6.798"/>
    <tag k="local_y" v="169.8868"/>
    <tag k="ele" v="2.0368"/>
  </node>
  <node id="41416" lat="-2.71223511545" lon="63.8994654597">
    <tag k="local_x" v="-19.2683"/>
    <tag k="local_y" v="177.1421"/>
    <tag k="ele" v="2.0368"/>
  </node>
  <node id="41417" lat="-2.71223648909" lon="63.89947695715">
    <tag k="local_x" v="-17.9903"/>
    <tag k="local_y" v="176.9893"/>
    <tag k="ele" v="2.0368"/>
  </node>
  <node id="41418" lat="-2.71223900789" lon="63.8994873211">
    <tag k="local_x" v="-16.8384"/>
    <tag k="local_y" v="176.71"/>
    <tag k="ele" v="2.0368"/>
  </node>
  <node id="41419" lat="-2.71224273822" lon="63.89949733511">
    <tag k="local_x" v="-15.7255"/>
    <tag k="local_y" v="176.2968"/>
    <tag k="ele" v="2.0368"/>
  </node>
  <node id="41420" lat="-2.71224763222" lon="63.89950685972">
    <tag k="local_x" v="-14.6671"/>
    <tag k="local_y" v="175.755"/>
    <tag k="ele" v="2.0368"/>
  </node>
  <node id="41421" lat="-2.71225362578" lon="63.89951576084">
    <tag k="local_x" v="-13.6781"/>
    <tag k="local_y" v="175.0917"/>
    <tag k="ele" v="2.0368"/>
  </node>
  <node id="41422" lat="-2.71226063847" lon="63.89952391518">
    <tag k="local_x" v="-12.7722"/>
    <tag k="local_y" v="174.3158"/>
    <tag k="ele" v="2.0368"/>
  </node>
  <node id="41423" lat="-2.71226857812" lon="63.89953120482">
    <tag k="local_x" v="-11.9625"/>
    <tag k="local_y" v="173.4375"/>
    <tag k="ele" v="2.0368"/>
  </node>
  <node id="41424" lat="-2.71227733625" lon="63.89953752894">
    <tag k="local_x" v="-11.2602"/>
    <tag k="local_y" v="172.4688"/>
    <tag k="ele" v="2.0368"/>
  </node>
  <node id="41425" lat="-2.71228679442" lon="63.89954279478">
    <tag k="local_x" v="-10.6756"/>
    <tag k="local_y" v="171.4228"/>
    <tag k="ele" v="2.0368"/>
  </node>
  <node id="41426" lat="-2.71229682515" lon="63.89954692669">
    <tag k="local_x" v="-10.2171"/>
    <tag k="local_y" v="170.3136"/>
    <tag k="ele" v="2.0368"/>
  </node>
  <node id="41427" lat="-2.71230811221" lon="63.89955005922">
    <tag k="local_x" v="-9.8698"/>
    <tag k="local_y" v="169.0656"/>
    <tag k="ele" v="2.0368"/>
  </node>
  <node id="41431" lat="-2.71220401401" lon="63.8994708557">
    <tag k="local_x" v="-18.6659"/>
    <tag k="local_y" v="180.5798"/>
    <tag k="ele" v="2.0368"/>
  </node>
  <node id="41432" lat="-2.71220720083" lon="63.89948429035">
    <tag k="local_x" v="-17.1727"/>
    <tag k="local_y" v="180.2264"/>
    <tag k="ele" v="2.0368"/>
  </node>
  <node id="41433" lat="-2.71221306217" lon="63.89949823074">
    <tag k="local_x" v="-15.6235"/>
    <tag k="local_y" v="179.5773"/>
    <tag k="ele" v="2.0368"/>
  </node>
  <node id="41434" lat="-2.71222118863" lon="63.89951095389">
    <tag k="local_x" v="-14.2098"/>
    <tag k="local_y" v="178.6779"/>
    <tag k="ele" v="2.0368"/>
  </node>
  <node id="41435" lat="-2.71223133533" lon="63.8995220989">
    <tag k="local_x" v="-12.9717"/>
    <tag k="local_y" v="177.5553"/>
    <tag k="ele" v="2.0368"/>
  </node>
  <node id="41436" lat="-2.71224320038" lon="63.89953135429">
    <tag k="local_x" v="-11.9438"/>
    <tag k="local_y" v="176.2429"/>
    <tag k="ele" v="2.0368"/>
  </node>
  <node id="41437" lat="-2.71225643478" lon="63.89953846253">
    <tag k="local_x" v="-11.1547"/>
    <tag k="local_y" v="174.7793"/>
    <tag k="ele" v="2.0368"/>
  </node>
  <node id="41438" lat="-2.71226948395" lon="63.89954287554">
    <tag k="local_x" v="-10.6652"/>
    <tag k="local_y" v="173.3364"/>
    <tag k="ele" v="2.0368"/>
  </node>
  <node id="41440" lat="-2.71223892946" lon="63.89947486117">
    <tag k="local_x" v="-18.2235"/>
    <tag k="local_y" v="176.7197"/>
    <tag k="ele" v="2.0368"/>
  </node>
  <node id="41442" lat="-2.71224858293" lon="63.89949235764">
    <tag k="local_x" v="-16.2793"/>
    <tag k="local_y" v="175.6511"/>
    <tag k="ele" v="2.0368"/>
  </node>
  <node id="41444" lat="-2.71226204384" lon="63.89950625326">
    <tag k="local_x" v="-14.7357"/>
    <tag k="local_y" v="174.1619"/>
    <tag k="ele" v="2.0368"/>
  </node>
  <node id="41446" lat="-2.71228115777" lon="63.89951507053">
    <tag k="local_x" v="-13.7571"/>
    <tag k="local_y" v="172.0482"/>
    <tag k="ele" v="2.0368"/>
  </node>
  <node id="41628" lat="-2.71277681066" lon="63.89957031384">
    <tag k="local_x" v="-7.6567"/>
    <tag k="local_y" v="117.2511"/>
    <tag k="ele" v="2.0725"/>
  </node>
  <node id="41629" lat="-2.71275162204" lon="63.89955102384">
    <tag k="local_x" v="-9.799"/>
    <tag k="local_y" v="120.0372"/>
    <tag k="ele" v="2.0725"/>
  </node>
  <node id="41635" lat="-2.71278487274" lon="63.89955903205">
    <tag k="local_x" v="-8.9115"/>
    <tag k="local_y" v="116.3608"/>
    <tag k="ele" v="2.0725"/>
  </node>
  <node id="41636" lat="-2.71279201929" lon="63.89954784764">
    <tag k="local_x" v="-10.1554"/>
    <tag k="local_y" v="115.5717"/>
    <tag k="ele" v="2.0725"/>
  </node>
  <node id="41637" lat="-2.71279888399" lon="63.89953615657">
    <tag k="local_x" v="-11.4556"/>
    <tag k="local_y" v="114.8138"/>
    <tag k="ele" v="2.0725"/>
  </node>
  <node id="41638" lat="-2.71280529295" lon="63.89952422048">
    <tag k="local_x" v="-12.783"/>
    <tag k="local_y" v="114.1063"/>
    <tag k="ele" v="2.0725"/>
  </node>
  <node id="41639" lat="-2.71281123802" lon="63.89951205645">
    <tag k="local_x" v="-14.1357"/>
    <tag k="local_y" v="113.4501"/>
    <tag k="ele" v="2.0725"/>
  </node>
  <node id="41648" lat="-2.71275881127" lon="63.8995420371">
    <tag k="local_x" v="-10.7986"/>
    <tag k="local_y" v="119.2432"/>
    <tag k="ele" v="2.0725"/>
  </node>
  <node id="41649" lat="-2.71276605877" lon="63.89953135022">
    <tag k="local_x" v="-11.9872"/>
    <tag k="local_y" v="118.4429"/>
    <tag k="ele" v="2.0725"/>
  </node>
  <node id="41650" lat="-2.7127725434" lon="63.8995210433">
    <tag k="local_x" v="-13.1335"/>
    <tag k="local_y" v="117.7269"/>
    <tag k="ele" v="2.0725"/>
  </node>
  <node id="41651" lat="-2.71277872713" lon="63.89951028907">
    <tag k="local_x" v="-14.3295"/>
    <tag k="local_y" v="117.0442"/>
    <tag k="ele" v="2.0725"/>
  </node>
  <node id="41652" lat="-2.71278449855" lon="63.89949930245">
    <tag k="local_x" v="-15.5513"/>
    <tag k="local_y" v="116.4071"/>
    <tag k="ele" v="2.0725"/>
  </node>
  <node id="41664" lat="-2.71269938654" lon="63.89961197935">
    <tag k="local_x" v="-3.0186"/>
    <tag k="local_y" v="125.8066"/>
    <tag k="ele" v="2.1269"/>
  </node>
  <node id="41665" lat="-2.71271311303" lon="63.89961062215">
    <tag k="local_x" v="-3.1706"/>
    <tag k="local_y" v="124.2893"/>
    <tag k="ele" v="2.1269"/>
  </node>
  <node id="41666" lat="-2.71272748529" lon="63.89960700933">
    <tag k="local_x" v="-3.5734"/>
    <tag k="local_y" v="122.7008"/>
    <tag k="ele" v="2.1269"/>
  </node>
  <node id="41667" lat="-2.71274123857" lon="63.89960128926">
    <tag k="local_x" v="-4.2104"/>
    <tag k="local_y" v="121.1809"/>
    <tag k="ele" v="2.1269"/>
  </node>
  <node id="41668" lat="-2.7127540598" lon="63.89959356697">
    <tag k="local_x" v="-5.0699"/>
    <tag k="local_y" v="119.7642"/>
    <tag k="ele" v="2.1269"/>
  </node>
  <node id="41669" lat="-2.71276482295" lon="63.89958478798">
    <tag k="local_x" v="-6.0467"/>
    <tag k="local_y" v="118.5751"/>
    <tag k="ele" v="2.1269"/>
  </node>
  <node id="41670" lat="-2.71269545691" lon="63.89958540959">
    <tag k="local_x" v="-5.9719"/>
    <tag k="local_y" v="126.2432"/>
    <tag k="ele" v="2.1269"/>
  </node>
  <node id="41671" lat="-2.71270638161" lon="63.89958319034">
    <tag k="local_x" v="-6.2195"/>
    <tag k="local_y" v="125.0357"/>
    <tag k="ele" v="2.1269"/>
  </node>
  <node id="41672" lat="-2.71271686592" lon="63.89957955125">
    <tag k="local_x" v="-6.6249"/>
    <tag k="local_y" v="123.877"/>
    <tag k="ele" v="2.1269"/>
  </node>
  <node id="41673" lat="-2.71272644157" lon="63.89957408627">
    <tag k="local_x" v="-7.2332"/>
    <tag k="local_y" v="122.8189"/>
    <tag k="ele" v="2.1269"/>
  </node>
  <node id="41674" lat="-2.71273485076" lon="63.89956797814">
    <tag k="local_x" v="-7.9129"/>
    <tag k="local_y" v="121.8898"/>
    <tag k="ele" v="2.1269"/>
  </node>
  <node id="41675" lat="-2.71274335627" lon="63.89956008984">
    <tag k="local_x" v="-8.7905"/>
    <tag k="local_y" v="120.9502"/>
    <tag k="ele" v="2.1269"/>
  </node>
  <node id="41697" lat="-2.71280598965" lon="63.89952279608">
    <tag k="local_x" v="-12.9414"/>
    <tag k="local_y" v="114.0294"/>
    <tag k="ele" v="2.0725"/>
  </node>
  <node id="41698" lat="-2.71277922628" lon="63.8995093386">
    <tag k="local_x" v="-14.4352"/>
    <tag k="local_y" v="116.9891"/>
    <tag k="ele" v="2.0725"/>
  </node>
  <node id="41704" lat="-2.71271293826" lon="63.89958060624">
    <tag k="local_x" v="-6.5073"/>
    <tag k="local_y" v="124.3111"/>
    <tag k="ele" v="2.1273"/>
  </node>
  <node id="41705" lat="-2.7127263878" lon="63.89957945034">
    <tag k="local_x" v="-6.6369"/>
    <tag k="local_y" v="122.8244"/>
    <tag k="ele" v="2.1273"/>
  </node>
  <node id="41706" lat="-2.71274042588" lon="63.89957635272">
    <tag k="local_x" v="-6.9824"/>
    <tag k="local_y" v="121.2728"/>
    <tag k="ele" v="2.1273"/>
  </node>
  <node id="41707" lat="-2.71275397052" lon="63.89957141872">
    <tag k="local_x" v="-7.532"/>
    <tag k="local_y" v="119.7759"/>
    <tag k="ele" v="2.1273"/>
  </node>
  <node id="41708" lat="-2.71276678102" lon="63.89956472552">
    <tag k="local_x" v="-8.2771"/>
    <tag k="local_y" v="118.3603"/>
    <tag k="ele" v="2.1273"/>
  </node>
  <node id="41709" lat="-2.71277862485" lon="63.89955637911">
    <tag k="local_x" v="-9.2059"/>
    <tag k="local_y" v="117.0517"/>
    <tag k="ele" v="2.1273"/>
  </node>
  <node id="41710" lat="-2.7127892884" lon="63.89954651607">
    <tag k="local_x" v="-10.3032"/>
    <tag k="local_y" v="115.8737"/>
    <tag k="ele" v="2.1273"/>
  </node>
  <node id="41711" lat="-2.71279798667" lon="63.89953610013">
    <tag k="local_x" v="-11.4618"/>
    <tag k="local_y" v="114.913"/>
    <tag k="ele" v="2.1273"/>
  </node>
  <node id="41712" lat="-2.71271018424" lon="63.89955574922">
    <tag k="local_x" v="-9.2703"/>
    <tag k="local_y" v="124.6176"/>
    <tag k="ele" v="2.1273"/>
  </node>
  <node id="41713" lat="-2.712721862" lon="63.89955415212">
    <tag k="local_x" v="-9.4488"/>
    <tag k="local_y" v="123.3268"/>
    <tag k="ele" v="2.1273"/>
  </node>
  <node id="41714" lat="-2.71273236479" lon="63.89955121651">
    <tag k="local_x" v="-9.776"/>
    <tag k="local_y" v="122.166"/>
    <tag k="ele" v="2.1273"/>
  </node>
  <node id="41715" lat="-2.712742343" lon="63.89954694195">
    <tag k="local_x" v="-10.252"/>
    <tag k="local_y" v="121.0633"/>
    <tag k="ele" v="2.1273"/>
  </node>
  <node id="41716" lat="-2.71275162379" lon="63.89954141469">
    <tag k="local_x" v="-10.8672"/>
    <tag k="local_y" v="120.0378"/>
    <tag k="ele" v="2.1273"/>
  </node>
  <node id="41717" lat="-2.71276005241" lon="63.89953474254">
    <tag k="local_x" v="-11.6096"/>
    <tag k="local_y" v="119.1066"/>
    <tag k="ele" v="2.1273"/>
  </node>
  <node id="41718" lat="-2.71276748672" lon="63.89952705316">
    <tag k="local_x" v="-12.465"/>
    <tag k="local_y" v="118.2854"/>
    <tag k="ele" v="2.1273"/>
  </node>
  <node id="41719" lat="-2.71277439219" lon="63.89951769109">
    <tag k="local_x" v="-13.5063"/>
    <tag k="local_y" v="117.5228"/>
    <tag k="ele" v="2.1273"/>
  </node>
  <node id="41723" lat="-2.71268708817" lon="63.89957854062">
    <tag k="local_x" v="-6.7348"/>
    <tag k="local_y" v="127.1689"/>
    <tag k="ele" v="2.1265"/>
  </node>
  <node id="41724" lat="-2.71268911021" lon="63.89955398309">
    <tag k="local_x" v="-9.4649"/>
    <tag k="local_y" v="126.9474"/>
    <tag k="ele" v="2.1265"/>
  </node>
  <node id="41730" lat="-2.71294151989" lon="63.8995875345">
    <tag k="local_x" v="-5.7559"/>
    <tag k="local_y" v="99.0417"/>
    <tag k="ele" v="1.9337"/>
  </node>
  <node id="41801" lat="-2.71280586326" lon="63.89958418141">
    <tag k="local_x" v="-6.1175"/>
    <tag k="local_y" v="114.0383"/>
    <tag k="ele" v="2.0615"/>
  </node>
  <node id="41804" lat="-2.71282360196" lon="63.89961026122">
    <tag k="local_x" v="-3.2198"/>
    <tag k="local_y" v="112.0752"/>
    <tag k="ele" v="2.0615"/>
  </node>
  <node id="41808" lat="-2.71276058646" lon="63.89961781328">
    <tag k="local_x" v="-2.3751"/>
    <tag k="local_y" v="119.0407"/>
    <tag k="ele" v="2.1178"/>
  </node>
  <node id="41809" lat="-2.71278346489" lon="63.89961873965">
    <tag k="local_x" v="-2.274"/>
    <tag k="local_y" v="116.5115"/>
    <tag k="ele" v="2.1178"/>
  </node>
  <node id="41810" lat="-2.71280192318" lon="63.89961760094">
    <tag k="local_x" v="-2.4021"/>
    <tag k="local_y" v="114.4711"/>
    <tag k="ele" v="2.1178"/>
  </node>
  <node id="41811" lat="-2.71281450881" lon="63.89961405067">
    <tag k="local_x" v="-2.7978"/>
    <tag k="local_y" v="113.0801"/>
    <tag k="ele" v="2.1178"/>
  </node>
  <node id="41812" lat="-2.71276290928" lon="63.89959143885">
    <tag k="local_x" v="-5.3072"/>
    <tag k="local_y" v="118.7861"/>
    <tag k="ele" v="2.1178"/>
  </node>
  <node id="41813" lat="-2.71277578912" lon="63.89959122347">
    <tag k="local_x" v="-5.3322"/>
    <tag k="local_y" v="117.3623"/>
    <tag k="ele" v="2.1178"/>
  </node>
  <node id="41814" lat="-2.71278682946" lon="63.89959040403">
    <tag k="local_x" v="-5.4242"/>
    <tag k="local_y" v="116.1419"/>
    <tag k="ele" v="2.1178"/>
  </node>
  <node id="41815" lat="-2.71279744797" lon="63.89958755666">
    <tag k="local_x" v="-5.7416"/>
    <tag k="local_y" v="114.9683"/>
    <tag k="ele" v="2.1178"/>
  </node>
  <node id="41820" lat="-2.71283619236" lon="63.89960395738">
    <tag k="local_x" v="-3.9216"/>
    <tag k="local_y" v="110.6839"/>
    <tag k="ele" v="2.0615"/>
  </node>
  <node id="41822" lat="-2.71285044809" lon="63.89959891686">
    <tag k="local_x" v="-4.4831"/>
    <tag k="local_y" v="109.1084"/>
    <tag k="ele" v="2.0615"/>
  </node>
  <node id="41824" lat="-2.71286533911" lon="63.899595953">
    <tag k="local_x" v="-4.8138"/>
    <tag k="local_y" v="107.4625"/>
    <tag k="ele" v="2.0615"/>
  </node>
  <node id="41826" lat="-2.71288107973" lon="63.89959515592">
    <tag k="local_x" v="-4.9037"/>
    <tag k="local_y" v="105.7225"/>
    <tag k="ele" v="2.0615"/>
  </node>
  <node id="41828" lat="-2.71282436091" lon="63.89957516975">
    <tag k="local_x" v="-7.1208"/>
    <tag k="local_y" v="111.9942"/>
    <tag k="ele" v="2.0615"/>
  </node>
  <node id="41830" lat="-2.71284308041" lon="63.89956948933">
    <tag k="local_x" v="-7.7538"/>
    <tag k="local_y" v="109.9253"/>
    <tag k="ele" v="2.0615"/>
  </node>
  <node id="41832" lat="-2.71286237138" lon="63.89956654852">
    <tag k="local_x" v="-8.0823"/>
    <tag k="local_y" v="107.793"/>
    <tag k="ele" v="2.0615"/>
  </node>
  <node id="41834" lat="-2.71288130929" lon="63.8995663772">
    <tag k="local_x" v="-8.1029"/>
    <tag k="local_y" v="105.6995"/>
    <tag k="ele" v="2.0615"/>
  </node>
  <node id="41857" lat="-2.71290822086" lon="63.89959698411">
    <tag k="local_x" v="-4.7027"/>
    <tag k="local_y" v="102.722"/>
    <tag k="ele" v="1.9976"/>
  </node>
  <node id="41858" lat="-2.71291792968" lon="63.89959610251">
    <tag k="local_x" v="-4.8015"/>
    <tag k="local_y" v="101.6488"/>
    <tag k="ele" v="1.9976"/>
  </node>
  <node id="41859" lat="-2.71292722393" lon="63.89959314622">
    <tag k="local_x" v="-5.1309"/>
    <tag k="local_y" v="100.6216"/>
    <tag k="ele" v="1.9976"/>
  </node>
  <node id="41860" lat="-2.71290720249" lon="63.89956765483">
    <tag k="local_x" v="-7.963"/>
    <tag k="local_y" v="102.837"/>
    <tag k="ele" v="1.9976"/>
  </node>
  <node id="41861" lat="-2.71291550827" lon="63.8995667812">
    <tag k="local_x" v="-8.0608"/>
    <tag k="local_y" v="101.9189"/>
    <tag k="ele" v="1.9976"/>
  </node>
  <node id="41862" lat="-2.71292571854" lon="63.89956428345">
    <tag k="local_x" v="-8.3393"/>
    <tag k="local_y" v="100.7904"/>
    <tag k="ele" v="1.9976"/>
  </node>
  <node id="41916" lat="-2.71284138374" lon="63.89923729305">
    <tag k="local_x" v="-44.6822"/>
    <tag k="local_y" v="110.1403"/>
    <tag k="ele" v="1.9841"/>
  </node>
  <node id="41917" lat="-2.71281475455" lon="63.89925006609">
    <tag k="local_x" v="-43.2601"/>
    <tag k="local_y" v="113.083"/>
    <tag k="ele" v="1.9841"/>
  </node>
  <node id="41952" lat="-2.71284672405" lon="63.89934564602">
    <tag k="local_x" v="-32.6376"/>
    <tag k="local_y" v="109.541"/>
    <tag k="ele" v="1.9962"/>
  </node>
  <node id="41953" lat="-2.71282095217" lon="63.89934302544">
    <tag k="local_x" v="-32.9268"/>
    <tag k="local_y" v="112.3902"/>
    <tag k="ele" v="1.9962"/>
  </node>
  <node id="41959" lat="-2.71281485891" lon="63.89950386769">
    <tag k="local_x" v="-15.0463"/>
    <tag k="local_y" v="113.0505"/>
    <tag k="ele" v="2.0725"/>
  </node>
  <node id="41960" lat="-2.71278803654" lon="63.89949189175">
    <tag k="local_x" v="-16.3754"/>
    <tag k="local_y" v="116.0166"/>
    <tag k="ele" v="2.0725"/>
  </node>
  <node id="41966" lat="-2.71282003313" lon="63.89949188751">
    <tag k="local_x" v="-16.3785"/>
    <tag k="local_y" v="112.4795"/>
    <tag k="ele" v="2.0725"/>
  </node>
  <node id="41967" lat="-2.71282416601" lon="63.89948008826">
    <tag k="local_x" v="-17.6905"/>
    <tag k="local_y" v="112.0236"/>
    <tag k="ele" v="2.0725"/>
  </node>
  <node id="41968" lat="-2.7128278795" lon="63.89946783713">
    <tag k="local_x" v="-19.0527"/>
    <tag k="local_y" v="111.6141"/>
    <tag k="ele" v="2.0725"/>
  </node>
  <node id="41969" lat="-2.71283105124" lon="63.89945545156">
    <tag k="local_x" v="-20.4298"/>
    <tag k="local_y" v="111.2645"/>
    <tag k="ele" v="2.0725"/>
  </node>
  <node id="41970" lat="-2.71283367667" lon="63.89944295674">
    <tag k="local_x" v="-21.819"/>
    <tag k="local_y" v="110.9753"/>
    <tag k="ele" v="2.0725"/>
  </node>
  <node id="41971" lat="-2.71283570313" lon="63.89943064859">
    <tag k="local_x" v="-23.1874"/>
    <tag k="local_y" v="110.7523"/>
    <tag k="ele" v="2.0725"/>
  </node>
  <node id="41972" lat="-2.71279255012" lon="63.89948149791">
    <tag k="local_x" v="-17.5312"/>
    <tag k="local_y" v="115.5185"/>
    <tag k="ele" v="2.0725"/>
  </node>
  <node id="41973" lat="-2.71279712112" lon="63.89947052659">
    <tag k="local_x" v="-18.7512"/>
    <tag k="local_y" v="115.0141"/>
    <tag k="ele" v="2.0725"/>
  </node>
  <node id="41974" lat="-2.71280111219" lon="63.8994596547">
    <tag k="local_x" v="-19.9601"/>
    <tag k="local_y" v="114.5738"/>
    <tag k="ele" v="2.0725"/>
  </node>
  <node id="41975" lat="-2.71280462939" lon="63.89944860524">
    <tag k="local_x" v="-21.1887"/>
    <tag k="local_y" v="114.1859"/>
    <tag k="ele" v="2.0725"/>
  </node>
  <node id="41976" lat="-2.71280766455" lon="63.8994374007">
    <tag k="local_x" v="-22.4345"/>
    <tag k="local_y" v="113.8513"/>
    <tag k="ele" v="2.0725"/>
  </node>
  <node id="41977" lat="-2.71281026219" lon="63.89942578653">
    <tag k="local_x" v="-23.7258"/>
    <tag k="local_y" v="113.5651"/>
    <tag k="ele" v="2.0725"/>
  </node>
  <node id="41983" lat="-2.71285015382" lon="63.89892362381">
    <tag k="local_x" v="-79.5519"/>
    <tag k="local_y" v="109.1967"/>
    <tag k="ele" v="1.9962"/>
  </node>
  <node id="41984" lat="-2.71282543372" lon="63.89892136294">
    <tag k="local_x" v="-79.8012"/>
    <tag k="local_y" v="111.9296"/>
    <tag k="ele" v="1.9962"/>
  </node>
  <node id="41993" lat="-2.71289759815" lon="63.89839306367">
    <tag k="local_x" v="-138.5354"/>
    <tag k="local_y" v="103.9957"/>
    <tag k="ele" v="1.9962"/>
  </node>
  <node id="41994" lat="-2.71290117616" lon="63.89838172279">
    <tag k="local_x" v="-139.7964"/>
    <tag k="local_y" v="103.6011"/>
    <tag k="ele" v="1.9962"/>
  </node>
  <node id="41995" lat="-2.7129056748" lon="63.89837315146">
    <tag k="local_x" v="-140.7496"/>
    <tag k="local_y" v="103.1045"/>
    <tag k="ele" v="1.9962"/>
  </node>
  <node id="41996" lat="-2.71291154263" lon="63.89836508219">
    <tag k="local_x" v="-141.6471"/>
    <tag k="local_y" v="102.4565"/>
    <tag k="ele" v="1.9962"/>
  </node>
  <node id="41997" lat="-2.7129198179" lon="63.89835539368">
    <tag k="local_x" v="-142.7248"/>
    <tag k="local_y" v="101.5425"/>
    <tag k="ele" v="1.9729"/>
  </node>
  <node id="41998" lat="-2.71292606919" lon="63.89834744523">
    <tag k="local_x" v="-143.6089"/>
    <tag k="local_y" v="100.8521"/>
    <tag k="ele" v="1.9729"/>
  </node>
  <node id="41999" lat="-2.71293011951" lon="63.8983383878">
    <tag k="local_x" v="-144.6161"/>
    <tag k="local_y" v="100.4051"/>
    <tag k="ele" v="1.9733"/>
  </node>
  <node id="42000" lat="-2.71293271298" lon="63.89832628246">
    <tag k="local_x" v="-145.962"/>
    <tag k="local_y" v="100.1194"/>
    <tag k="ele" v="1.9733"/>
  </node>
  <node id="42001" lat="-2.71293470865" lon="63.8983091562">
    <tag k="local_x" v="-147.866"/>
    <tag k="local_y" v="99.9002"/>
    <tag k="ele" v="1.9804"/>
  </node>
  <node id="42003" lat="-2.71287005546" lon="63.89838504801">
    <tag k="local_x" v="-139.4242"/>
    <tag k="local_y" v="107.0411"/>
    <tag k="ele" v="1.9962"/>
  </node>
  <node id="42004" lat="-2.71287239677" lon="63.89837385824">
    <tag k="local_x" v="-140.6683"/>
    <tag k="local_y" v="106.7832"/>
    <tag k="ele" v="1.9962"/>
  </node>
  <node id="42005" lat="-2.71287584976" lon="63.89836398446">
    <tag k="local_x" v="-141.7662"/>
    <tag k="local_y" v="106.4023"/>
    <tag k="ele" v="1.9962"/>
  </node>
  <node id="42006" lat="-2.71288089251" lon="63.89835481621">
    <tag k="local_x" v="-142.7858"/>
    <tag k="local_y" v="105.8456"/>
    <tag k="ele" v="1.9962"/>
  </node>
  <node id="42007" lat="-2.71288658739" lon="63.89834697171">
    <tag k="local_x" v="-143.6583"/>
    <tag k="local_y" v="105.2167"/>
    <tag k="ele" v="1.9962"/>
  </node>
  <node id="42008" lat="-2.71289306539" lon="63.89833947501">
    <tag k="local_x" v="-144.4922"/>
    <tag k="local_y" v="104.5012"/>
    <tag k="ele" v="1.9742"/>
  </node>
  <node id="42009" lat="-2.71290018553" lon="63.89833095328">
    <tag k="local_x" v="-145.4401"/>
    <tag k="local_y" v="103.7148"/>
    <tag k="ele" v="1.9736"/>
  </node>
  <node id="42010" lat="-2.71290444116" lon="63.8983231482">
    <tag k="local_x" v="-146.3081"/>
    <tag k="local_y" v="103.245"/>
    <tag k="ele" v="1.9733"/>
  </node>
  <node id="42011" lat="-2.7129073958" lon="63.89831558053">
    <tag k="local_x" v="-147.1496"/>
    <tag k="local_y" v="102.919"/>
    <tag k="ele" v="1.9733"/>
  </node>
  <node id="42012" lat="-2.71290913546" lon="63.89830694239">
    <tag k="local_x" v="-148.11"/>
    <tag k="local_y" v="102.7274"/>
    <tag k="ele" v="1.982"/>
  </node>
  <node id="42016" lat="-2.71289333476" lon="63.89841853712">
    <tag k="local_x" v="-135.7033"/>
    <tag k="local_y" v="104.4649"/>
    <tag k="ele" v="1.9962"/>
  </node>
  <node id="42017" lat="-2.71286754741" lon="63.8984160137">
    <tag k="local_x" v="-135.9817"/>
    <tag k="local_y" v="107.3158"/>
    <tag k="ele" v="1.9962"/>
  </node>
  <node id="42023" lat="-2.71293708645" lon="63.89828059495">
    <tag k="local_x" v="-151.0412"/>
    <tag k="local_y" v="99.6397"/>
    <tag k="ele" v="1.9409"/>
  </node>
  <node id="42024" lat="-2.7129116479" lon="63.89827857914">
    <tag k="local_x" v="-151.2632"/>
    <tag k="local_y" v="102.452"/>
    <tag k="ele" v="1.9554"/>
  </node>
  <node id="42085" lat="-2.71294974513" lon="63.89805427359">
    <tag k="local_x" v="-176.2012"/>
    <tag k="local_y" v="98.259"/>
    <tag k="ele" v="1.7963"/>
  </node>
  <node id="42087" lat="-2.71294649045" lon="63.89802993435">
    <tag k="local_x" v="-178.9066"/>
    <tag k="local_y" v="98.6208"/>
    <tag k="ele" v="1.6978"/>
  </node>
  <node id="42088" lat="-2.71294492671" lon="63.89800162026">
    <tag k="local_x" v="-182.054"/>
    <tag k="local_y" v="98.796"/>
    <tag k="ele" v="1.7565"/>
  </node>
  <node id="42091" lat="-2.71291952257" lon="63.89804806138">
    <tag k="local_x" v="-176.8893"/>
    <tag k="local_y" v="101.6005"/>
    <tag k="ele" v="1.7963"/>
  </node>
  <node id="42092" lat="-2.7129158156" lon="63.89802370921">
    <tag k="local_x" v="-179.5961"/>
    <tag k="local_y" v="102.0123"/>
    <tag k="ele" v="1.6978"/>
  </node>
  <node id="42093" lat="-2.71291425186" lon="63.89799539513">
    <tag k="local_x" v="-182.7435"/>
    <tag k="local_y" v="102.1875"/>
    <tag k="ele" v="1.7565"/>
  </node>
  <node id="42097" lat="-2.71294607945" lon="63.8979769964">
    <tag k="local_x" v="-184.7914"/>
    <tag k="local_y" v="98.6706"/>
    <tag k="ele" v="1.8134"/>
  </node>
  <node id="42098" lat="-2.7129151803" lon="63.89797556489">
    <tag k="local_x" v="-184.948"/>
    <tag k="local_y" v="102.0865"/>
    <tag k="ele" v="1.8134"/>
  </node>
  <node id="42111" lat="-2.71294994418" lon="63.89793661326">
    <tag k="local_x" v="-189.2809"/>
    <tag k="local_y" v="98.2467"/>
    <tag k="ele" v="2.0045"/>
  </node>
  <node id="42112" lat="-2.71291839826" lon="63.89793393357">
    <tag k="local_x" v="-189.5762"/>
    <tag k="local_y" v="101.7342"/>
    <tag k="ele" v="2.0045"/>
  </node>
  <node id="42121" lat="-2.71295089602" lon="63.89810851555">
    <tag k="local_x" v="-170.1715"/>
    <tag k="local_y" v="98.1273"/>
    <tag k="ele" v="1.9375"/>
  </node>
  <node id="42122" lat="-2.7129254231" lon="63.89810649162">
    <tag k="local_x" v="-170.3944"/>
    <tag k="local_y" v="100.9434"/>
    <tag k="ele" v="1.9514"/>
  </node>
  <node id="42128" lat="-2.71295215946" lon="63.89809312941">
    <tag k="local_x" v="-171.882"/>
    <tag k="local_y" v="97.9889"/>
    <tag k="ele" v="1.9445"/>
  </node>
  <node id="42130" lat="-2.71295232796" lon="63.89808189936">
    <tag k="local_x" v="-173.1304"/>
    <tag k="local_y" v="97.9712"/>
    <tag k="ele" v="1.9445"/>
  </node>
  <node id="42132" lat="-2.71295161259" lon="63.89806832889">
    <tag k="local_x" v="-174.6389"/>
    <tag k="local_y" v="98.0514"/>
    <tag k="ele" v="1.9445"/>
  </node>
  <node id="42135" lat="-2.71292531844" lon="63.89809278487">
    <tag k="local_x" v="-171.9181"/>
    <tag k="local_y" v="100.9561"/>
    <tag k="ele" v="1.9445"/>
  </node>
  <node id="42136" lat="-2.71292454584" lon="63.89807833277">
    <tag k="local_x" v="-173.5246"/>
    <tag k="local_y" v="101.0427"/>
    <tag k="ele" v="1.9445"/>
  </node>
  <node id="42137" lat="-2.71292258234" lon="63.89806568973">
    <tag k="local_x" v="-174.9299"/>
    <tag k="local_y" v="101.2608"/>
    <tag k="ele" v="1.9445"/>
  </node>
  <node id="42141" lat="-2.71299713692" lon="63.89786293676">
    <tag k="local_x" v="-197.475"/>
    <tag k="local_y" v="93.0358"/>
    <tag k="ele" v="1.7418"/>
  </node>
  <node id="42142" lat="-2.71302913083" lon="63.89786533162">
    <tag k="local_x" v="-197.2114"/>
    <tag k="local_y" v="89.4988"/>
    <tag k="ele" v="1.7448"/>
  </node>
  <node id="42144" lat="-2.71299475973" lon="63.89789433255">
    <tag k="local_x" v="-193.9847"/>
    <tag k="local_y" v="93.296"/>
    <tag k="ele" v="1.7418"/>
  </node>
  <node id="42145" lat="-2.71302675454" lon="63.89789672741">
    <tag k="local_x" v="-193.7211"/>
    <tag k="local_y" v="89.7589"/>
    <tag k="ele" v="1.7448"/>
  </node>
  <node id="42148" lat="-2.71295150739" lon="63.89792682444">
    <tag k="local_x" v="-190.3692"/>
    <tag k="local_y" v="98.0747"/>
    <tag k="ele" v="2.0264"/>
  </node>
  <node id="42149" lat="-2.71295388016" lon="63.897919546">
    <tag k="local_x" v="-191.1785"/>
    <tag k="local_y" v="97.813"/>
    <tag k="ele" v="2.0264"/>
  </node>
  <node id="42151" lat="-2.71296020787" lon="63.89790857777">
    <tag k="local_x" v="-192.3983"/>
    <tag k="local_y" v="97.1144"/>
    <tag k="ele" v="2.0264"/>
  </node>
  <node id="42153" lat="-2.71297001902" lon="63.89790027662">
    <tag k="local_x" v="-193.3219"/>
    <tag k="local_y" v="96.0305"/>
    <tag k="ele" v="2.0264"/>
  </node>
  <node id="42155" lat="-2.71298191998" lon="63.89789537107">
    <tag k="local_x" v="-193.8682"/>
    <tag k="local_y" v="94.7153"/>
    <tag k="ele" v="2.0264"/>
  </node>
  <node id="42157" lat="-2.71292100449" lon="63.89791685814">
    <tag k="local_x" v="-191.4746"/>
    <tag k="local_y" v="101.4475"/>
    <tag k="ele" v="2.0264"/>
  </node>
  <node id="42159" lat="-2.71292946268" lon="63.89789720617">
    <tag k="local_x" v="-193.6599"/>
    <tag k="local_y" v="100.5141"/>
    <tag k="ele" v="2.0264"/>
  </node>
  <node id="42161" lat="-2.71294427019" lon="63.89788006687">
    <tag k="local_x" v="-195.5664"/>
    <tag k="local_y" v="98.8786"/>
    <tag k="ele" v="2.0264"/>
  </node>
  <node id="42163" lat="-2.71296365371" lon="63.89786827617">
    <tag k="local_x" v="-196.8787"/>
    <tag k="local_y" v="96.7368"/>
    <tag k="ele" v="2.0264"/>
  </node>
  <node id="42165" lat="-2.71298451491" lon="63.89786311996">
    <tag k="local_x" v="-197.4536"/>
    <tag k="local_y" v="94.4311"/>
    <tag k="ele" v="2.0264"/>
  </node>
  <node id="42169" lat="-2.71303538806" lon="63.8978979194">
    <tag k="local_x" v="-193.5893"/>
    <tag k="local_y" v="88.8044"/>
    <tag k="ele" v="1.762"/>
  </node>
  <node id="42170" lat="-2.713046135" lon="63.89790115497">
    <tag k="local_x" v="-193.2305"/>
    <tag k="local_y" v="87.6161"/>
    <tag k="ele" v="1.9306"/>
  </node>
  <node id="42172" lat="-2.71305662627" lon="63.89790638109">
    <tag k="local_x" v="-192.6504"/>
    <tag k="local_y" v="86.4559"/>
    <tag k="ele" v="1.8846"/>
  </node>
  <node id="42173" lat="-2.71307057714" lon="63.89791468988">
    <tag k="local_x" v="-191.7279"/>
    <tag k="local_y" v="84.913"/>
    <tag k="ele" v="1.7617"/>
  </node>
  <node id="42174" lat="-2.71308584219" lon="63.89792085057">
    <tag k="local_x" v="-191.0443"/>
    <tag k="local_y" v="83.225"/>
    <tag k="ele" v="1.8902"/>
  </node>
  <node id="42175" lat="-2.71310166482" lon="63.89792411597">
    <tag k="local_x" v="-190.6826"/>
    <tag k="local_y" v="81.4756"/>
    <tag k="ele" v="1.7756"/>
  </node>
  <node id="42176" lat="-2.71303973965" lon="63.89786698025">
    <tag k="local_x" v="-197.029"/>
    <tag k="local_y" v="88.3259"/>
    <tag k="ele" v="1.762"/>
  </node>
  <node id="42177" lat="-2.71305035607" lon="63.89787056925">
    <tag k="local_x" v="-196.6309"/>
    <tag k="local_y" v="87.152"/>
    <tag k="ele" v="1.9306"/>
  </node>
  <node id="42178" lat="-2.71306594041" lon="63.89787919499">
    <tag k="local_x" v="-195.6733"/>
    <tag k="local_y" v="85.4285"/>
    <tag k="ele" v="1.8846"/>
  </node>
  <node id="42179" lat="-2.71307851388" lon="63.89788709346">
    <tag k="local_x" v="-194.7963"/>
    <tag k="local_y" v="84.0379"/>
    <tag k="ele" v="1.7617"/>
  </node>
  <node id="42180" lat="-2.7130924557" lon="63.89789419322">
    <tag k="local_x" v="-194.0082"/>
    <tag k="local_y" v="82.4961"/>
    <tag k="ele" v="1.8902"/>
  </node>
  <node id="42181" lat="-2.71310419156" lon="63.89789838666">
    <tag k="local_x" v="-193.543"/>
    <tag k="local_y" v="81.1984"/>
    <tag k="ele" v="1.7756"/>
  </node>
  <node id="42197" lat="-2.71310060129" lon="63.89789099498">
    <tag k="local_x" v="-194.3644"/>
    <tag k="local_y" v="81.5959"/>
    <tag k="ele" v="1.806"/>
  </node>
  <node id="42198" lat="-2.7130487825" lon="63.89789666629">
    <tag k="local_x" v="-193.7297"/>
    <tag k="local_y" v="87.3238"/>
    <tag k="ele" v="1.7754"/>
  </node>
  <node id="42199" lat="-2.71306620969" lon="63.89789534599">
    <tag k="local_x" v="-193.8779"/>
    <tag k="local_y" v="85.3974"/>
    <tag k="ele" v="1.7907"/>
  </node>
  <node id="42200" lat="-2.71308456338" lon="63.89789255469">
    <tag k="local_x" v="-194.1897"/>
    <tag k="local_y" v="83.3687"/>
    <tag k="ele" v="1.7984"/>
  </node>
  <node id="42201" lat="-2.7131033902" lon="63.89786427813">
    <tag k="local_x" v="-197.3346"/>
    <tag k="local_y" v="81.2898"/>
    <tag k="ele" v="1.8217"/>
  </node>
  <node id="42202" lat="-2.71308609645" lon="63.89786376072">
    <tag k="local_x" v="-197.3907"/>
    <tag k="local_y" v="83.2016"/>
    <tag k="ele" v="1.7833"/>
  </node>
  <node id="42203" lat="-2.71306719275" lon="63.89786413538">
    <tag k="local_x" v="-197.3475"/>
    <tag k="local_y" v="85.2913"/>
    <tag k="ele" v="1.7641"/>
  </node>
  <node id="42204" lat="-2.71305034882" lon="63.89786451787">
    <tag k="local_x" v="-197.3036"/>
    <tag k="local_y" v="87.1533"/>
    <tag k="ele" v="1.7545"/>
  </node>
  <node id="42214" lat="-2.71290445438" lon="63.89779619259">
    <tag k="local_x" v="-204.887"/>
    <tag k="local_y" v="103.287"/>
    <tag k="ele" v="1.8361"/>
  </node>
  <node id="42216" lat="-2.71290644508" lon="63.89781604387">
    <tag k="local_x" v="-202.6804"/>
    <tag k="local_y" v="103.0653"/>
    <tag k="ele" v="1.8361"/>
  </node>
  <node id="42218" lat="-2.71291278155" lon="63.89783577602">
    <tag k="local_x" v="-200.4874"/>
    <tag k="local_y" v="102.3632"/>
    <tag k="ele" v="1.8361"/>
  </node>
  <node id="42220" lat="-2.7129231954" lon="63.89785383708">
    <tag k="local_x" v="-198.4805"/>
    <tag k="local_y" v="101.2105"/>
    <tag k="ele" v="1.8361"/>
  </node>
  <node id="42222" lat="-2.71293726027" lon="63.89786939915">
    <tag k="local_x" v="-196.7517"/>
    <tag k="local_y" v="99.6544"/>
    <tag k="ele" v="1.8361"/>
  </node>
  <node id="42224" lat="-2.71295438328" lon="63.89788174033">
    <tag k="local_x" v="-195.3812"/>
    <tag k="local_y" v="97.7605"/>
    <tag k="ele" v="1.8361"/>
  </node>
  <node id="42226" lat="-2.71297382671" lon="63.89789027446">
    <tag k="local_x" v="-194.4341"/>
    <tag k="local_y" v="95.6104"/>
    <tag k="ele" v="1.8361"/>
  </node>
  <node id="42228" lat="-2.71293044295" lon="63.89779455386">
    <tag k="local_x" v="-205.0713"/>
    <tag k="local_y" v="100.4142"/>
    <tag k="ele" v="1.8361"/>
  </node>
  <node id="42230" lat="-2.71293192207" lon="63.8978101831">
    <tag k="local_x" v="-203.334"/>
    <tag k="local_y" v="100.2494"/>
    <tag k="ele" v="1.8361"/>
  </node>
  <node id="42232" lat="-2.71293736265" lon="63.8978243067">
    <tag k="local_x" v="-201.7644"/>
    <tag k="local_y" v="99.6468"/>
    <tag k="ele" v="1.8361"/>
  </node>
  <node id="42234" lat="-2.71294560683" lon="63.8978368914">
    <tag k="local_x" v="-200.3661"/>
    <tag k="local_y" v="98.7344"/>
    <tag k="ele" v="1.8361"/>
  </node>
  <node id="42236" lat="-2.71295624975" lon="63.89784739899">
    <tag k="local_x" v="-199.1989"/>
    <tag k="local_y" v="97.557"/>
    <tag k="ele" v="1.8361"/>
  </node>
  <node id="42238" lat="-2.71296878606" lon="63.89785539188">
    <tag k="local_x" v="-198.3114"/>
    <tag k="local_y" v="96.1705"/>
    <tag k="ele" v="1.8361"/>
  </node>
  <node id="42240" lat="-2.71298263254" lon="63.89786055121">
    <tag k="local_x" v="-197.739"/>
    <tag k="local_y" v="94.6394"/>
    <tag k="ele" v="1.8361"/>
  </node>
  <node id="42245" lat="-2.7145049763" lon="63.89719099701">
    <tag k="local_x" v="-272.2946"/>
    <tag k="local_y" v="-73.5946"/>
    <tag k="ele" v="1.7587"/>
  </node>
  <node id="42246" lat="-2.71450251137" lon="63.8972163297">
    <tag k="local_x" v="-269.4783"/>
    <tag k="local_y" v="-73.3242"/>
    <tag k="ele" v="1.7587"/>
  </node>
  <node id="42305" lat="-2.71467281433" lon="63.8966603204">
    <tag k="local_x" v="-331.3008"/>
    <tag k="local_y" v="-92.1047"/>
    <tag k="ele" v="1.7405"/>
  </node>
  <node id="42306" lat="-2.71466507441" lon="63.89665203508">
    <tag k="local_x" v="-332.2212"/>
    <tag k="local_y" v="-91.2484"/>
    <tag k="ele" v="1.7718"/>
  </node>
  <node id="42308" lat="-2.71469708294" lon="63.89664331938">
    <tag k="local_x" v="-333.1927"/>
    <tag k="local_y" v="-94.7861"/>
    <tag k="ele" v="1.7405"/>
  </node>
  <node id="42309" lat="-2.71468717586" lon="63.89663106177">
    <tag k="local_x" v="-334.5545"/>
    <tag k="local_y" v="-93.6899"/>
    <tag k="ele" v="1.7718"/>
  </node>
  <node id="42312" lat="-2.71465457973" lon="63.89664410576">
    <tag k="local_x" v="-333.1018"/>
    <tag k="local_y" v="-90.0876"/>
    <tag k="ele" v="1.7588"/>
  </node>
  <node id="42313" lat="-2.71467300512" lon="63.89661916894">
    <tag k="local_x" v="-335.8754"/>
    <tag k="local_y" v="-92.1224"/>
    <tag k="ele" v="1.7588"/>
  </node>
  <node id="42314" lat="-2.7146431859" lon="63.89663977674">
    <tag k="local_x" v="-333.5821"/>
    <tag k="local_y" v="-88.8277"/>
    <tag k="ele" v="1.7577"/>
  </node>
  <node id="42315" lat="-2.71465617384" lon="63.89661106313">
    <tag k="local_x" v="-336.7751"/>
    <tag k="local_y" v="-90.2611"/>
    <tag k="ele" v="1.7577"/>
  </node>
  <node id="42316" lat="-2.71462928188" lon="63.89663655863">
    <tag k="local_x" v="-333.9387"/>
    <tag k="local_y" v="-87.2904"/>
    <tag k="ele" v="1.7737"/>
  </node>
  <node id="42317" lat="-2.71463699103" lon="63.89660602131">
    <tag k="local_x" v="-337.334"/>
    <tag k="local_y" v="-88.1401"/>
    <tag k="ele" v="1.7737"/>
  </node>
  <node id="42318" lat="-2.71460755208" lon="63.89663346699">
    <tag k="local_x" v="-334.2806"/>
    <tag k="local_y" v="-84.888"/>
    <tag k="ele" v="1.7811"/>
  </node>
  <node id="42319" lat="-2.71461214896" lon="63.89660231567">
    <tag k="local_x" v="-337.7439"/>
    <tag k="local_y" v="-85.3936"/>
    <tag k="ele" v="1.7811"/>
  </node>
  <node id="42320" lat="-2.71458996308" lon="63.89663219373">
    <tag k="local_x" v="-334.4207"/>
    <tag k="local_y" v="-82.9435"/>
    <tag k="ele" v="1.7761"/>
  </node>
  <node id="42321" lat="-2.71459233302" lon="63.89660079699">
    <tag k="local_x" v="-337.9111"/>
    <tag k="local_y" v="-83.2029"/>
    <tag k="ele" v="1.7761"/>
  </node>
  <node id="42322" lat="-2.714702964" lon="63.89666360716">
    <tag k="local_x" v="-330.9379"/>
    <tag k="local_y" v="-95.4379"/>
    <tag k="ele" v="1.7695"/>
  </node>
  <node id="42323" lat="-2.71470167961" lon="63.89665249745">
    <tag k="local_x" v="-332.1728"/>
    <tag k="local_y" v="-95.295"/>
    <tag k="ele" v="1.7695"/>
  </node>
  <node id="42324" lat="-2.71467644115" lon="63.89666722276">
    <tag k="local_x" v="-330.5338"/>
    <tag k="local_y" v="-92.5062"/>
    <tag k="ele" v="1.7695"/>
  </node>
  <node id="42325" lat="-2.71467460867" lon="63.89666326061">
    <tag k="local_x" v="-330.9741"/>
    <tag k="local_y" v="-92.3033"/>
    <tag k="ele" v="1.7695"/>
  </node>
  <node id="42353" lat="-2.71315941694" lon="63.89710803282">
    <tag k="local_x" v="-281.407"/>
    <tag k="local_y" v="75.1586"/>
    <tag k="ele" v="1.7776"/>
  </node>
  <node id="42354" lat="-2.71313907474" lon="63.89711350068">
    <tag k="local_x" v="-280.7975"/>
    <tag k="local_y" v="77.4069"/>
    <tag k="ele" v="1.8001"/>
  </node>
  <node id="42356" lat="-2.71315595973" lon="63.89707866663">
    <tag k="local_x" v="-284.6712"/>
    <tag k="local_y" v="75.5432"/>
    <tag k="ele" v="1.7776"/>
  </node>
  <node id="42357" lat="-2.71313302566" lon="63.89708319074">
    <tag k="local_x" v="-284.1664"/>
    <tag k="local_y" v="78.0781"/>
    <tag k="ele" v="1.8001"/>
  </node>
  <node id="42360" lat="-2.71310833804" lon="63.89712348839">
    <tag k="local_x" v="-279.6847"/>
    <tag k="local_y" v="80.8039"/>
    <tag k="ele" v="1.8556"/>
  </node>
  <node id="42361" lat="-2.71310626951" lon="63.89708911355">
    <tag k="local_x" v="-283.5058"/>
    <tag k="local_y" v="81.0354"/>
    <tag k="ele" v="1.8556"/>
  </node>
  <node id="42362" lat="-2.71308715323" lon="63.89712589711">
    <tag k="local_x" v="-279.4152"/>
    <tag k="local_y" v="83.1456"/>
    <tag k="ele" v="1.8662"/>
  </node>
  <node id="42363" lat="-2.71308855073" lon="63.89709084835">
    <tag k="local_x" v="-283.3115"/>
    <tag k="local_y" v="82.994"/>
    <tag k="ele" v="1.8662"/>
  </node>
  <node id="42364" lat="-2.71306390026" lon="63.89712499569">
    <tag k="local_x" v="-279.5135"/>
    <tag k="local_y" v="85.7162"/>
    <tag k="ele" v="1.8922"/>
  </node>
  <node id="42365" lat="-2.7130715976" lon="63.89708966102">
    <tag k="local_x" v="-283.4421"/>
    <tag k="local_y" v="84.8682"/>
    <tag k="ele" v="1.8922"/>
  </node>
  <node id="42393" lat="-2.71317191616" lon="63.89707719951">
    <tag k="local_x" v="-284.8356"/>
    <tag k="local_y" v="73.7794"/>
    <tag k="ele" v="1.4041"/>
  </node>
  <node id="42396" lat="-2.71317408934" lon="63.89710466666">
    <tag k="local_x" v="-281.7824"/>
    <tag k="local_y" v="73.5369"/>
    <tag k="ele" v="1.4041"/>
  </node>
  <node id="42480" lat="-2.71306149677" lon="63.8970873228">
    <tag k="local_x" v="-283.7012"/>
    <tag k="local_y" v="85.985"/>
    <tag k="ele" v="1.8922"/>
  </node>
  <node id="42482" lat="-2.71305375455" lon="63.89708456712">
    <tag k="local_x" v="-284.0069"/>
    <tag k="local_y" v="86.8411"/>
    <tag k="ele" v="1.8922"/>
  </node>
  <node id="42484" lat="-2.71304526264" lon="63.8970778537">
    <tag k="local_x" v="-284.7525"/>
    <tag k="local_y" v="87.7804"/>
    <tag k="ele" v="1.8922"/>
  </node>
  <node id="42486" lat="-2.71303994021" lon="63.89707025564">
    <tag k="local_x" v="-285.5967"/>
    <tag k="local_y" v="88.3694"/>
    <tag k="ele" v="1.8922"/>
  </node>
  <node id="42487" lat="-2.71303667415" lon="63.89706237393">
    <tag k="local_x" v="-286.4726"/>
    <tag k="local_y" v="88.7311"/>
    <tag k="ele" v="1.8922"/>
  </node>
  <node id="42488" lat="-2.71303528708" lon="63.89705552092">
    <tag k="local_x" v="-287.2343"/>
    <tag k="local_y" v="88.885"/>
    <tag k="ele" v="1.8922"/>
  </node>
  <node id="42489" lat="-2.71305397296" lon="63.897122869">
    <tag k="local_x" v="-279.7491"/>
    <tag k="local_y" v="86.8138"/>
    <tag k="ele" v="1.8922"/>
  </node>
  <node id="42490" lat="-2.7130452641" lon="63.89711958906">
    <tag k="local_x" v="-280.113"/>
    <tag k="local_y" v="87.7768"/>
    <tag k="ele" v="1.8922"/>
  </node>
  <node id="42491" lat="-2.71303551797" lon="63.89711469363">
    <tag k="local_x" v="-280.6564"/>
    <tag k="local_y" v="88.8546"/>
    <tag k="ele" v="1.8922"/>
  </node>
  <node id="42492" lat="-2.71302755568" lon="63.89710862829">
    <tag k="local_x" v="-281.33"/>
    <tag k="local_y" v="89.7353"/>
    <tag k="ele" v="1.8922"/>
  </node>
  <node id="42493" lat="-2.71302016907" lon="63.89710087398">
    <tag k="local_x" v="-282.1914"/>
    <tag k="local_y" v="90.5525"/>
    <tag k="ele" v="1.8922"/>
  </node>
  <node id="42494" lat="-2.71301387043" lon="63.89709104608">
    <tag k="local_x" v="-283.2834"/>
    <tag k="local_y" v="91.2496"/>
    <tag k="ele" v="1.8922"/>
  </node>
  <node id="42495" lat="-2.7130090815" lon="63.89707645699">
    <tag k="local_x" v="-284.9048"/>
    <tag k="local_y" v="91.7802"/>
    <tag k="ele" v="1.8922"/>
  </node>
  <node id="42496" lat="-2.71300763316" lon="63.8970619936">
    <tag k="local_x" v="-286.5125"/>
    <tag k="local_y" v="91.9415"/>
    <tag k="ele" v="1.8922"/>
  </node>
  <node id="42534" lat="-2.71315190315" lon="63.8971034215">
    <tag k="local_x" v="-281.919"/>
    <tag k="local_y" v="75.9896"/>
    <tag k="ele" v="-6.6046"/>
  </node>
  <node id="42535" lat="-2.71313567384" lon="63.89710083498">
    <tag k="local_x" v="-282.2052"/>
    <tag k="local_y" v="77.7839"/>
    <tag k="ele" v="-6.6046"/>
  </node>
  <node id="42536" lat="-2.71311969083" lon="63.8970979158">
    <tag k="local_x" v="-282.5284"/>
    <tag k="local_y" v="79.551"/>
    <tag k="ele" v="-6.6046"/>
  </node>
  <node id="42537" lat="-2.71310379131" lon="63.89709464855">
    <tag k="local_x" v="-282.8903"/>
    <tag k="local_y" v="81.3089"/>
    <tag k="ele" v="-6.6046"/>
  </node>
  <node id="42538" lat="-2.71308778533" lon="63.89709099711">
    <tag k="local_x" v="-283.2949"/>
    <tag k="local_y" v="83.0786"/>
    <tag k="ele" v="-6.6046"/>
  </node>
  <node id="42539" lat="-2.71314821302" lon="63.89713412187">
    <tag k="local_x" v="-278.5059"/>
    <tag k="local_y" v="76.395"/>
    <tag k="ele" v="-6.6046"/>
  </node>
  <node id="42540" lat="-2.71313147168" lon="63.89713278986">
    <tag k="local_x" v="-278.6526"/>
    <tag k="local_y" v="78.2458"/>
    <tag k="ele" v="-6.6046"/>
  </node>
  <node id="42541" lat="-2.71311457866" lon="63.89713106464">
    <tag k="local_x" v="-278.843"/>
    <tag k="local_y" v="80.1134"/>
    <tag k="ele" v="-6.6046"/>
  </node>
  <node id="42542" lat="-2.71309771486" lon="63.89712896611">
    <tag k="local_x" v="-279.0749"/>
    <tag k="local_y" v="81.9778"/>
    <tag k="ele" v="-6.6046"/>
  </node>
  <node id="42543" lat="-2.7130810838" lon="63.89712653132">
    <tag k="local_x" v="-279.3442"/>
    <tag k="local_y" v="83.8165"/>
    <tag k="ele" v="-6.6046"/>
  </node>
  <node id="42549" lat="-2.71260678995" lon="63.89475447542">
    <tag k="local_x" v="-542.9943"/>
    <tag k="local_y" v="136.443"/>
    <tag k="ele" v="2.3257"/>
  </node>
  <node id="42551" lat="-2.71258119045" lon="63.89475232643">
    <tag k="local_x" v="-543.2311"/>
    <tag k="local_y" v="139.2731"/>
    <tag k="ele" v="2.3257"/>
  </node>
  <node id="42565" lat="-2.71260294405" lon="63.89484269394">
    <tag k="local_x" v="-533.1872"/>
    <tag k="local_y" v="136.8609"/>
    <tag k="ele" v="2.3669"/>
  </node>
  <node id="42567" lat="-2.71260088406" lon="63.89482837133">
    <tag k="local_x" v="-534.7792"/>
    <tag k="local_y" v="137.0898"/>
    <tag k="ele" v="2.3669"/>
  </node>
  <node id="42572" lat="-2.71257820217" lon="63.89484897721">
    <tag k="local_x" v="-532.4867"/>
    <tag k="local_y" v="139.5955"/>
    <tag k="ele" v="2.3669"/>
  </node>
  <node id="42574" lat="-2.71257520867" lon="63.8948309639">
    <tag k="local_x" v="-534.4889"/>
    <tag k="local_y" v="139.9279"/>
    <tag k="ele" v="2.3669"/>
  </node>
  <node id="42578" lat="-2.71260201151" lon="63.89481334941">
    <tag k="local_x" v="-536.4492"/>
    <tag k="local_y" v="136.9664"/>
    <tag k="ele" v="2.3463"/>
  </node>
  <node id="42579" lat="-2.71257669863" lon="63.89481137874">
    <tag k="local_x" v="-536.6662"/>
    <tag k="local_y" v="139.7648"/>
    <tag k="ele" v="2.3463"/>
  </node>
  <node id="42590" lat="-2.7126044718" lon="63.89484649843">
    <tag k="local_x" v="-532.7644"/>
    <tag k="local_y" v="136.6917"/>
    <tag k="ele" v="2.3669"/>
  </node>
  <node id="42591" lat="-2.7125811966" lon="63.89485601222">
    <tag k="local_x" v="-531.7049"/>
    <tag k="local_y" v="139.2639"/>
    <tag k="ele" v="2.3669"/>
  </node>
  <node id="42597" lat="-2.71261630343" lon="63.8948959113">
    <tag k="local_x" v="-527.2724"/>
    <tag k="local_y" v="135.3797"/>
    <tag k="ele" v="2.9298"/>
  </node>
  <node id="42599" lat="-2.7126151926" lon="63.89488250245">
    <tag k="local_x" v="-528.7629"/>
    <tag k="local_y" v="135.5036"/>
    <tag k="ele" v="2.9298"/>
  </node>
  <node id="42601" lat="-2.71261178338" lon="63.8948651662">
    <tag k="local_x" v="-530.6898"/>
    <tag k="local_y" v="135.8819"/>
    <tag k="ele" v="2.9298"/>
  </node>
  <node id="42602" lat="-2.71259274251" lon="63.89489672788">
    <tag k="local_x" v="-527.1797"/>
    <tag k="local_y" v="137.9842"/>
    <tag k="ele" v="2.9298"/>
  </node>
  <node id="42604" lat="-2.71259158169" lon="63.89488606177">
    <tag k="local_x" v="-528.3653"/>
    <tag k="local_y" v="138.1134"/>
    <tag k="ele" v="2.9298"/>
  </node>
  <node id="42606" lat="-2.71258753782" lon="63.89487186724">
    <tag k="local_x" v="-529.9429"/>
    <tag k="local_y" v="138.5616"/>
    <tag k="ele" v="2.9298"/>
  </node>
  <node id="42617" lat="-2.71263375854" lon="63.89443711658">
    <tag k="local_x" v="-578.2756"/>
    <tag k="local_y" v="133.4878"/>
    <tag k="ele" v="2.3387"/>
  </node>
  <node id="42618" lat="-2.71260815904" lon="63.8944349667">
    <tag k="local_x" v="-578.5125"/>
    <tag k="local_y" v="136.3179"/>
    <tag k="ele" v="2.3387"/>
  </node>
  <node id="42624" lat="-2.71263512834" lon="63.89442098026">
    <tag k="local_x" v="-580.0695"/>
    <tag k="local_y" v="133.3377"/>
    <tag k="ele" v="2.3452"/>
  </node>
  <node id="42625" lat="-2.71260952883" lon="63.89441883128">
    <tag k="local_x" v="-580.3063"/>
    <tag k="local_y" v="136.1678"/>
    <tag k="ele" v="2.3452"/>
  </node>
  <node id="42663" lat="-2.71263520447" lon="63.8944098194">
    <tag k="local_x" v="-581.3102"/>
    <tag k="local_y" v="133.3302"/>
    <tag k="ele" v="2.3452"/>
  </node>
  <node id="42665" lat="-2.71263170993" lon="63.89439043838">
    <tag k="local_x" v="-583.4644"/>
    <tag k="local_y" v="133.7181"/>
    <tag k="ele" v="2.3452"/>
  </node>
  <node id="42667" lat="-2.71262265242" lon="63.8943718215">
    <tag k="local_x" v="-585.5332"/>
    <tag k="local_y" v="134.7209"/>
    <tag k="ele" v="2.3452"/>
  </node>
  <node id="42669" lat="-2.71260874849" lon="63.89435629646">
    <tag k="local_x" v="-587.2579"/>
    <tag k="local_y" v="136.2592"/>
    <tag k="ele" v="2.3452"/>
  </node>
  <node id="42671" lat="-2.71259101217" lon="63.89434508563">
    <tag k="local_x" v="-588.5027"/>
    <tag k="local_y" v="138.2208"/>
    <tag k="ele" v="2.3452"/>
  </node>
  <node id="42673" lat="-2.71257076443" lon="63.89433909314">
    <tag k="local_x" v="-589.1672"/>
    <tag k="local_y" v="140.4596"/>
    <tag k="ele" v="2.3452"/>
  </node>
  <node id="42677" lat="-2.71260934598" lon="63.89440925347">
    <tag k="local_x" v="-581.371"/>
    <tag k="local_y" v="136.1888"/>
    <tag k="ele" v="2.3452"/>
  </node>
  <node id="42679" lat="-2.71260666241" lon="63.89439900004">
    <tag k="local_x" v="-582.5106"/>
    <tag k="local_y" v="136.4863"/>
    <tag k="ele" v="2.3452"/>
  </node>
  <node id="42681" lat="-2.71260026109" lon="63.89438731807">
    <tag k="local_x" v="-583.8087"/>
    <tag k="local_y" v="137.1949"/>
    <tag k="ele" v="2.3452"/>
  </node>
  <node id="42683" lat="-2.71259096608" lon="63.89437790087">
    <tag k="local_x" v="-584.8548"/>
    <tag k="local_y" v="138.2232"/>
    <tag k="ele" v="2.3452"/>
  </node>
  <node id="42685" lat="-2.71257952951" lon="63.89437142639">
    <tag k="local_x" v="-585.5736"/>
    <tag k="local_y" v="139.488"/>
    <tag k="ele" v="2.3452"/>
  </node>
  <node id="42687" lat="-2.71256685563" lon="63.89436833606">
    <tag k="local_x" v="-585.9161"/>
    <tag k="local_y" v="140.8893"/>
    <tag k="ele" v="2.3452"/>
  </node>
  <node id="42707" lat="-2.71254562974" lon="63.89433957843">
    <tag k="local_x" v="-589.1112"/>
    <tag k="local_y" v="143.2381"/>
    <tag k="ele" v="2.3452"/>
  </node>
  <node id="42708" lat="-2.71255268268" lon="63.89436911637">
    <tag k="local_x" v="-585.8282"/>
    <tag k="local_y" v="142.456"/>
    <tag k="ele" v="2.3452"/>
  </node>
  <node id="42714" lat="-2.71253549479" lon="63.89434175603">
    <tag k="local_x" v="-588.8683"/>
    <tag k="local_y" v="144.3583"/>
    <tag k="ele" v="2.3452"/>
  </node>
  <node id="42715" lat="-2.71252657808" lon="63.89434548628">
    <tag k="local_x" v="-588.4529"/>
    <tag k="local_y" v="145.3437"/>
    <tag k="ele" v="2.3452"/>
  </node>
  <node id="42716" lat="-2.71251732153" lon="63.89435126459">
    <tag k="local_x" v="-587.8098"/>
    <tag k="local_y" v="146.3665"/>
    <tag k="ele" v="2.3452"/>
  </node>
  <node id="42717" lat="-2.71250922722" lon="63.89435849745">
    <tag k="local_x" v="-587.0051"/>
    <tag k="local_y" v="147.2607"/>
    <tag k="ele" v="2.3452"/>
  </node>
  <node id="42718" lat="-2.71250252146" lon="63.89436696014">
    <tag k="local_x" v="-586.0638"/>
    <tag k="local_y" v="148.0013"/>
    <tag k="ele" v="2.3452"/>
  </node>
  <node id="42719" lat="-2.71249738989" lon="63.89437639462">
    <tag k="local_x" v="-585.0146"/>
    <tag k="local_y" v="148.5678"/>
    <tag k="ele" v="2.3452"/>
  </node>
  <node id="42720" lat="-2.71249431931" lon="63.89438541321">
    <tag k="local_x" v="-584.0118"/>
    <tag k="local_y" v="148.9065"/>
    <tag k="ele" v="2.3452"/>
  </node>
  <node id="42722" lat="-2.71253960067" lon="63.8943723317">
    <tag k="local_x" v="-585.4697"/>
    <tag k="local_y" v="143.9019"/>
    <tag k="ele" v="2.3452"/>
  </node>
  <node id="42724" lat="-2.7125297702" lon="63.89437865113">
    <tag k="local_x" v="-584.7664"/>
    <tag k="local_y" v="144.9881"/>
    <tag k="ele" v="2.3452"/>
  </node>
  <node id="42726" lat="-2.71252293674" lon="63.89438854224">
    <tag k="local_x" v="-583.6663"/>
    <tag k="local_y" v="145.7427"/>
    <tag k="ele" v="2.3452"/>
  </node>
  <node id="42736" lat="-2.7124631379" lon="63.89623042251">
    <tag k="local_x" v="-378.9093"/>
    <tag k="local_y" v="152.2018"/>
    <tag k="ele" v="-0.2247"/>
  </node>
  <node id="42765" lat="-2.71251429381" lon="63.89560581966">
    <tag k="local_x" v="-448.3473"/>
    <tag k="local_y" v="146.5981"/>
    <tag k="ele" v="2.039"/>
  </node>
  <node id="42766" lat="-2.71253305953" lon="63.89538477773">
    <tag k="local_x" v="-472.9209"/>
    <tag k="local_y" v="144.5418"/>
    <tag k="ele" v="2.2475"/>
  </node>
  <node id="42768" lat="-2.71243725335" lon="63.89622842531">
    <tag k="local_x" v="-379.1292"/>
    <tag k="local_y" v="155.0634"/>
    <tag k="ele" v="-0.2247"/>
  </node>
  <node id="42797" lat="-2.71248869432" lon="63.89560367066">
    <tag k="local_x" v="-448.5841"/>
    <tag k="local_y" v="149.4282"/>
    <tag k="ele" v="2.039"/>
  </node>
  <node id="42798" lat="-2.71250746004" lon="63.89538262873">
    <tag k="local_x" v="-473.1577"/>
    <tag k="local_y" v="147.3719"/>
    <tag k="ele" v="2.2475"/>
  </node>
  <node id="42810" lat="-2.71255610649" lon="63.89525280047">
    <tag k="local_x" v="-487.594"/>
    <tag k="local_y" v="142.0049"/>
    <tag k="ele" v="-0.1323"/>
  </node>
  <node id="42811" lat="-2.71253541993" lon="63.89523720027">
    <tag k="local_x" v="-489.3265"/>
    <tag k="local_y" v="144.293"/>
    <tag k="ele" v="-0.1323"/>
  </node>
  <node id="42818" lat="-2.71254243608" lon="63.8952857676">
    <tag k="local_x" v="-483.9281"/>
    <tag k="local_y" v="143.5134"/>
    <tag k="ele" v="2.3337"/>
  </node>
  <node id="42820" lat="-2.71254820514" lon="63.89526695023">
    <tag k="local_x" v="-486.0204"/>
    <tag k="local_y" v="142.8772"/>
    <tag k="ele" v="2.3337"/>
  </node>
  <node id="42822" lat="-2.71251661962" lon="63.89528099441">
    <tag k="local_x" v="-484.4566"/>
    <tag k="local_y" v="146.3677"/>
    <tag k="ele" v="2.3337"/>
  </node>
  <node id="42824" lat="-2.71252167713" lon="63.89526290066">
    <tag k="local_x" v="-486.4684"/>
    <tag k="local_y" v="145.8101"/>
    <tag k="ele" v="2.3337"/>
  </node>
  <node id="42826" lat="-2.71252997491" lon="63.89524602371">
    <tag k="local_x" v="-488.3452"/>
    <tag k="local_y" v="144.8942"/>
    <tag k="ele" v="2.3337"/>
  </node>
  <node id="42830" lat="-2.71254022138" lon="63.8953031177">
    <tag k="local_x" v="-481.9992"/>
    <tag k="local_y" v="143.7568"/>
    <tag k="ele" v="2.2906"/>
  </node>
  <node id="42831" lat="-2.71251482729" lon="63.8953008834">
    <tag k="local_x" v="-482.2455"/>
    <tag k="local_y" v="146.5642"/>
    <tag k="ele" v="2.2906"/>
  </node>
  <node id="42839" lat="-2.71257639591" lon="63.89535478029">
    <tag k="local_x" v="-476.2591"/>
    <tag k="local_y" v="139.7536"/>
    <tag k="ele" v="2.4733"/>
  </node>
  <node id="42840" lat="-2.71255099458" lon="63.89535255318">
    <tag k="local_x" v="-476.5046"/>
    <tag k="local_y" v="142.5618"/>
    <tag k="ele" v="2.4733"/>
  </node>
  <node id="42846" lat="-2.7126079355" lon="63.89535627788">
    <tag k="local_x" v="-476.0952"/>
    <tag k="local_y" v="136.2669"/>
    <tag k="ele" v="2.4733"/>
  </node>
  <node id="42847" lat="-2.71258266719" lon="63.89535399779">
    <tag k="local_x" v="-476.3466"/>
    <tag k="local_y" v="139.0604"/>
    <tag k="ele" v="2.4733"/>
  </node>
  <node id="42860" lat="-2.71250795984" lon="63.89568237525">
    <tag k="local_x" v="-439.8365"/>
    <tag k="local_y" v="147.292"/>
    <tag k="ele" v="0.9072"/>
  </node>
  <node id="42861" lat="-2.71248209079" lon="63.89568020086">
    <tag k="local_x" v="-440.0761"/>
    <tag k="local_y" v="150.1519"/>
    <tag k="ele" v="0.9072"/>
  </node>
  <node id="42968" lat="-2.71246452524" lon="63.89621262203">
    <tag k="local_x" v="-380.8882"/>
    <tag k="local_y" v="152.0499"/>
    <tag k="ele" v="-0.2247"/>
  </node>
  <node id="42969" lat="-2.7124659162" lon="63.89619482245">
    <tag k="local_x" v="-382.867"/>
    <tag k="local_y" v="151.8976"/>
    <tag k="ele" v="-0.2247"/>
  </node>
  <node id="42970" lat="-2.71246731258" lon="63.89617702467">
    <tag k="local_x" v="-384.8456"/>
    <tag k="local_y" v="151.7447"/>
    <tag k="ele" v="-0.2247"/>
  </node>
  <node id="42971" lat="-2.71246871439" lon="63.89615922689">
    <tag k="local_x" v="-386.8242"/>
    <tag k="local_y" v="151.5912"/>
    <tag k="ele" v="-0.2247"/>
  </node>
  <node id="42972" lat="-2.71247011982" lon="63.89614142912">
    <tag k="local_x" v="-388.8028"/>
    <tag k="local_y" v="151.4373"/>
    <tag k="ele" v="-0.2247"/>
  </node>
  <node id="42973" lat="-2.71247153067" lon="63.89612363225">
    <tag k="local_x" v="-390.7813"/>
    <tag k="local_y" v="151.2828"/>
    <tag k="ele" v="-0.2247"/>
  </node>
  <node id="42974" lat="-2.71247294605" lon="63.89610583628">
    <tag k="local_x" v="-392.7597"/>
    <tag k="local_y" v="151.1278"/>
    <tag k="ele" v="-0.2247"/>
  </node>
  <node id="42975" lat="-2.71247436595" lon="63.89608804032">
    <tag k="local_x" v="-394.7381"/>
    <tag k="local_y" v="150.9723"/>
    <tag k="ele" v="-0.2247"/>
  </node>
  <node id="42976" lat="-2.71247579037" lon="63.89607024436">
    <tag k="local_x" v="-396.7165"/>
    <tag k="local_y" v="150.8163"/>
    <tag k="ele" v="-0.2247"/>
  </node>
  <node id="42977" lat="-2.71247722022" lon="63.8960524493">
    <tag k="local_x" v="-398.6948"/>
    <tag k="local_y" v="150.6597"/>
    <tag k="ele" v="-0.2247"/>
  </node>
  <node id="42978" lat="-2.71247865459" lon="63.89603465425">
    <tag k="local_x" v="-400.6731"/>
    <tag k="local_y" v="150.5026"/>
    <tag k="ele" v="-0.2247"/>
  </node>
  <node id="42979" lat="-2.71248009439" lon="63.8960168592">
    <tag k="local_x" v="-402.6514"/>
    <tag k="local_y" v="150.3449"/>
    <tag k="ele" v="-0.2247"/>
  </node>
  <node id="42980" lat="-2.71248153781" lon="63.89599906505">
    <tag k="local_x" v="-404.6296"/>
    <tag k="local_y" v="150.1868"/>
    <tag k="ele" v="-0.2247"/>
  </node>
  <node id="42981" lat="-2.71248298665" lon="63.89598127091">
    <tag k="local_x" v="-406.6078"/>
    <tag k="local_y" v="150.0281"/>
    <tag k="ele" v="-0.2247"/>
  </node>
  <node id="42982" lat="-2.71248444002" lon="63.89596347766">
    <tag k="local_x" v="-408.5859"/>
    <tag k="local_y" v="149.8689"/>
    <tag k="ele" v="-0.2247"/>
  </node>
  <node id="42983" lat="-2.71248589791" lon="63.89594568443">
    <tag k="local_x" v="-410.564"/>
    <tag k="local_y" v="149.7092"/>
    <tag k="ele" v="-0.2247"/>
  </node>
  <node id="42984" lat="-2.71248736122" lon="63.89592789209">
    <tag k="local_x" v="-412.542"/>
    <tag k="local_y" v="149.5489"/>
    <tag k="ele" v="-0.2247"/>
  </node>
  <node id="42985" lat="-2.71248882906" lon="63.89591009976">
    <tag k="local_x" v="-414.52"/>
    <tag k="local_y" v="149.3881"/>
    <tag k="ele" v="-0.2247"/>
  </node>
  <node id="42986" lat="-2.71249030142" lon="63.89589230743">
    <tag k="local_x" v="-416.498"/>
    <tag k="local_y" v="149.2268"/>
    <tag k="ele" v="-0.2247"/>
  </node>
  <node id="42987" lat="-2.7124917783" lon="63.89587451601">
    <tag k="local_x" v="-418.4759"/>
    <tag k="local_y" v="149.065"/>
    <tag k="ele" v="-0.2247"/>
  </node>
  <node id="42988" lat="-2.71249326061" lon="63.89585672549">
    <tag k="local_x" v="-420.4537"/>
    <tag k="local_y" v="148.9026"/>
    <tag k="ele" v="-0.2247"/>
  </node>
  <node id="42989" lat="-2.71249474745" lon="63.89583893407">
    <tag k="local_x" v="-422.4316"/>
    <tag k="local_y" v="148.7397"/>
    <tag k="ele" v="-0.2247"/>
  </node>
  <node id="42990" lat="-2.7124962388" lon="63.89582114445">
    <tag k="local_x" v="-424.4093"/>
    <tag k="local_y" v="148.5763"/>
    <tag k="ele" v="-0.2247"/>
  </node>
  <node id="42991" lat="-2.71249773559" lon="63.89580335214">
    <tag k="local_x" v="-426.3873"/>
    <tag k="local_y" v="148.4123"/>
    <tag k="ele" v="-0.2247"/>
  </node>
  <node id="42992" lat="-2.7124386407" lon="63.89621062123">
    <tag k="local_x" v="-381.1085"/>
    <tag k="local_y" v="154.9115"/>
    <tag k="ele" v="-0.2247"/>
  </node>
  <node id="42993" lat="-2.71244003256" lon="63.89619281805">
    <tag k="local_x" v="-383.0877"/>
    <tag k="local_y" v="154.7591"/>
    <tag k="ele" v="-0.2247"/>
  </node>
  <node id="42994" lat="-2.71244142985" lon="63.89617501307">
    <tag k="local_x" v="-385.0671"/>
    <tag k="local_y" v="154.6061"/>
    <tag k="ele" v="-0.2247"/>
  </node>
  <node id="42995" lat="-2.71244283167" lon="63.8961572081">
    <tag k="local_x" v="-387.0465"/>
    <tag k="local_y" v="154.4526"/>
    <tag k="ele" v="-0.2247"/>
  </node>
  <node id="42996" lat="-2.712444238" lon="63.89613940403">
    <tag k="local_x" v="-389.0258"/>
    <tag k="local_y" v="154.2986"/>
    <tag k="ele" v="-0.2247"/>
  </node>
  <node id="42997" lat="-2.71244564886" lon="63.89612160087">
    <tag k="local_x" v="-391.005"/>
    <tag k="local_y" v="154.1441"/>
    <tag k="ele" v="-0.2247"/>
  </node>
  <node id="42998" lat="-2.71244706515" lon="63.89610379681">
    <tag k="local_x" v="-392.9843"/>
    <tag k="local_y" v="153.989"/>
    <tag k="ele" v="-0.2247"/>
  </node>
  <node id="42999" lat="-2.71244848596" lon="63.89608599455">
    <tag k="local_x" v="-394.9634"/>
    <tag k="local_y" v="153.8334"/>
    <tag k="ele" v="-0.2247"/>
  </node>
  <node id="43000" lat="-2.71244991129" lon="63.89606819139">
    <tag k="local_x" v="-396.9426"/>
    <tag k="local_y" v="153.6773"/>
    <tag k="ele" v="-0.2247"/>
  </node>
  <node id="43001" lat="-2.71245134115" lon="63.89605038914">
    <tag k="local_x" v="-398.9217"/>
    <tag k="local_y" v="153.5207"/>
    <tag k="ele" v="-0.2247"/>
  </node>
  <node id="43002" lat="-2.71245277643" lon="63.89603258779">
    <tag k="local_x" v="-400.9007"/>
    <tag k="local_y" v="153.3635"/>
    <tag k="ele" v="-0.2247"/>
  </node>
  <node id="43003" lat="-2.71245421623" lon="63.89601478644">
    <tag k="local_x" v="-402.8797"/>
    <tag k="local_y" v="153.2058"/>
    <tag k="ele" v="-0.2247"/>
  </node>
  <node id="43004" lat="-2.71245566056" lon="63.8959969851">
    <tag k="local_x" v="-404.8587"/>
    <tag k="local_y" v="153.0476"/>
    <tag k="ele" v="-0.2247"/>
  </node>
  <node id="43005" lat="-2.7124571094" lon="63.89597918466">
    <tag k="local_x" v="-406.8376"/>
    <tag k="local_y" v="152.8889"/>
    <tag k="ele" v="-0.2247"/>
  </node>
  <node id="43006" lat="-2.71245856368" lon="63.89596138422">
    <tag k="local_x" v="-408.8165"/>
    <tag k="local_y" v="152.7296"/>
    <tag k="ele" v="-0.2247"/>
  </node>
  <node id="43007" lat="-2.71246002248" lon="63.89594358379">
    <tag k="local_x" v="-410.7954"/>
    <tag k="local_y" v="152.5698"/>
    <tag k="ele" v="-0.2247"/>
  </node>
  <node id="43008" lat="-2.7124614858" lon="63.89592578426">
    <tag k="local_x" v="-412.7742"/>
    <tag k="local_y" v="152.4095"/>
    <tag k="ele" v="-0.2247"/>
  </node>
  <node id="43009" lat="-2.71246295455" lon="63.89590798563">
    <tag k="local_x" v="-414.7529"/>
    <tag k="local_y" v="152.2486"/>
    <tag k="ele" v="-0.2247"/>
  </node>
  <node id="43010" lat="-2.71246442782" lon="63.89589018701">
    <tag k="local_x" v="-416.7316"/>
    <tag k="local_y" v="152.0872"/>
    <tag k="ele" v="-0.2247"/>
  </node>
  <node id="43011" lat="-2.71246590561" lon="63.89587238839">
    <tag k="local_x" v="-418.7103"/>
    <tag k="local_y" v="151.9253"/>
    <tag k="ele" v="-0.2247"/>
  </node>
  <node id="43012" lat="-2.71246738792" lon="63.89585459067">
    <tag k="local_x" v="-420.6889"/>
    <tag k="local_y" v="151.7629"/>
    <tag k="ele" v="-0.2247"/>
  </node>
  <node id="43013" lat="-2.71246887567" lon="63.89583679295">
    <tag k="local_x" v="-422.6675"/>
    <tag k="local_y" v="151.5999"/>
    <tag k="ele" v="-0.2247"/>
  </node>
  <node id="43014" lat="-2.71247036703" lon="63.89581899524">
    <tag k="local_x" v="-424.6461"/>
    <tag k="local_y" v="151.4365"/>
    <tag k="ele" v="-0.2247"/>
  </node>
  <node id="43015" lat="-2.71247186381" lon="63.89580120023">
    <tag k="local_x" v="-426.6244"/>
    <tag k="local_y" v="151.2725"/>
    <tag k="ele" v="-0.2247"/>
  </node>
  <node id="43164" lat="-2.71262137733" lon="63.89640963176">
    <tag k="local_x" v="-359.0005"/>
    <tag k="local_y" v="134.6943"/>
    <tag k="ele" v="1.5189"/>
  </node>
  <node id="43165" lat="-2.71261952188" lon="63.89637820047">
    <tag k="local_x" v="-362.4944"/>
    <tag k="local_y" v="134.902"/>
    <tag k="ele" v="1.5189"/>
  </node>
  <node id="43172" lat="-2.71250167565" lon="63.89640784794">
    <tag k="local_x" v="-359.189"/>
    <tag k="local_y" v="147.927"/>
    <tag k="ele" v="1.5724"/>
  </node>
  <node id="43173" lat="-2.71250769888" lon="63.8963769379">
    <tag k="local_x" v="-362.6256"/>
    <tag k="local_y" v="147.2637"/>
    <tag k="ele" v="1.5724"/>
  </node>
  <node id="43204" lat="-2.71242789876" lon="63.89631729641">
    <tag k="local_x" v="-369.2491"/>
    <tag k="local_y" v="156.0902"/>
    <tag k="ele" v="1.726"/>
  </node>
  <node id="43207" lat="-2.71245946111" lon="63.89631978626">
    <tag k="local_x" v="-368.9749"/>
    <tag k="local_y" v="152.6009"/>
    <tag k="ele" v="1.726"/>
  </node>
  <node id="43212" lat="-2.71249010178" lon="63.89637196114">
    <tag k="local_x" v="-363.1774"/>
    <tag k="local_y" v="149.2094"/>
    <tag k="ele" v="1.5922"/>
  </node>
  <node id="43214" lat="-2.71247914488" lon="63.89636518834">
    <tag k="local_x" v="-363.9294"/>
    <tag k="local_y" v="150.4212"/>
    <tag k="ele" v="1.5922"/>
  </node>
  <node id="43216" lat="-2.71247014915" lon="63.89635599265">
    <tag k="local_x" v="-364.9509"/>
    <tag k="local_y" v="151.4164"/>
    <tag k="ele" v="1.5922"/>
  </node>
  <node id="43218" lat="-2.71246364337" lon="63.89634491421">
    <tag k="local_x" v="-366.1819"/>
    <tag k="local_y" v="152.1365"/>
    <tag k="ele" v="1.5922"/>
  </node>
  <node id="43220" lat="-2.71246001061" lon="63.89633260457">
    <tag k="local_x" v="-367.55"/>
    <tag k="local_y" v="152.5391"/>
    <tag k="ele" v="1.5922"/>
  </node>
  <node id="43222" lat="-2.7124854627" lon="63.89640394088">
    <tag k="local_x" v="-359.622"/>
    <tag k="local_y" v="149.7196"/>
    <tag k="ele" v="1.5922"/>
  </node>
  <node id="43224" lat="-2.71246770253" lon="63.8963956473">
    <tag k="local_x" v="-360.5425"/>
    <tag k="local_y" v="151.6836"/>
    <tag k="ele" v="1.5922"/>
  </node>
  <node id="43226" lat="-2.71245167171" lon="63.89638281759">
    <tag k="local_x" v="-361.9674"/>
    <tag k="local_y" v="153.4568"/>
    <tag k="ele" v="1.5922"/>
  </node>
  <node id="43228" lat="-2.71243921664" lon="63.89636652718">
    <tag k="local_x" v="-363.7773"/>
    <tag k="local_y" v="154.835"/>
    <tag k="ele" v="1.5922"/>
  </node>
  <node id="43230" lat="-2.71243107024" lon="63.89634773555">
    <tag k="local_x" v="-365.8656"/>
    <tag k="local_y" v="155.7371"/>
    <tag k="ele" v="1.5922"/>
  </node>
  <node id="43232" lat="-2.71242778277" lon="63.89632849952">
    <tag k="local_x" v="-368.0037"/>
    <tag k="local_y" v="156.1021"/>
    <tag k="ele" v="1.5922"/>
  </node>
  <node id="43236" lat="-2.71255002052" lon="63.89641348423">
    <tag k="local_x" v="-358.5664"/>
    <tag k="local_y" v="142.5822"/>
    <tag k="ele" v="6.7122"/>
  </node>
  <node id="43237" lat="-2.71251257458" lon="63.8964098611">
    <tag k="local_x" v="-358.9661"/>
    <tag k="local_y" v="146.722"/>
    <tag k="ele" v="1.8078"/>
  </node>
  <node id="43239" lat="-2.71255308692" lon="63.89638214742">
    <tag k="local_x" v="-362.0502"/>
    <tag k="local_y" v="142.2458"/>
    <tag k="ele" v="6.7122"/>
  </node>
  <node id="43240" lat="-2.71251564189" lon="63.89637852429">
    <tag k="local_x" v="-362.4499"/>
    <tag k="local_y" v="146.3855"/>
    <tag k="ele" v="1.8078"/>
  </node>
  <node id="43243" lat="-2.7125847765" lon="63.89638144031">
    <tag k="local_x" v="-362.1314"/>
    <tag k="local_y" v="138.7427"/>
    <tag k="ele" v="1.5086"/>
  </node>
  <node id="43244" lat="-2.71258774015" lon="63.89641278336">
    <tag k="local_x" v="-358.6474"/>
    <tag k="local_y" v="138.4125"/>
    <tag k="ele" v="1.5086"/>
  </node>
  <node id="43256" lat="-2.71267373059" lon="63.89637624245">
    <tag k="local_x" v="-362.7165"/>
    <tag k="local_y" v="128.9096"/>
    <tag k="ele" v="1.6428"/>
  </node>
  <node id="43257" lat="-2.71267428324" lon="63.89640548684">
    <tag k="local_x" v="-359.4656"/>
    <tag k="local_y" v="128.8461"/>
    <tag k="ele" v="1.6428"/>
  </node>
  <node id="43280" lat="-2.71271031984" lon="63.89637747841">
    <tag k="local_x" v="-362.5821"/>
    <tag k="local_y" v="124.8647"/>
    <tag k="ele" v="0.1447"/>
  </node>
  <node id="43281" lat="-2.71269086726" lon="63.89637634593">
    <tag k="local_x" v="-362.7064"/>
    <tag k="local_y" v="127.0152"/>
    <tag k="ele" v="0.1447"/>
  </node>
  <node id="43284" lat="-2.71271062098" lon="63.89640432528">
    <tag k="local_x" v="-359.5977"/>
    <tag k="local_y" v="124.8292"/>
    <tag k="ele" v="0.1447"/>
  </node>
  <node id="43285" lat="-2.71269110154" lon="63.89640430191">
    <tag k="local_x" v="-359.5987"/>
    <tag k="local_y" v="126.987"/>
    <tag k="ele" v="0.1447"/>
  </node>
  <node id="43293" lat="-2.71305568831" lon="63.89641593912">
    <tag k="local_x" v="-358.3349"/>
    <tag k="local_y" v="86.6824"/>
    <tag k="ele" v="1.7829"/>
  </node>
  <node id="43294" lat="-2.71304678748" lon="63.89642992981">
    <tag k="local_x" v="-356.7789"/>
    <tag k="local_y" v="87.6652"/>
    <tag k="ele" v="1.7965"/>
  </node>
  <node id="43296" lat="-2.71302521329" lon="63.89640371226">
    <tag k="local_x" v="-359.6916"/>
    <tag k="local_y" v="90.0523"/>
    <tag k="ele" v="1.7829"/>
  </node>
  <node id="43297" lat="-2.71301905807" lon="63.89640900977">
    <tag k="local_x" v="-359.1022"/>
    <tag k="local_y" v="90.7323"/>
    <tag k="ele" v="1.7965"/>
  </node>
  <node id="43300" lat="-2.71303273218" lon="63.89644156884">
    <tag k="local_x" v="-355.4839"/>
    <tag k="local_y" v="89.218"/>
    <tag k="ele" v="1.7864"/>
  </node>
  <node id="43301" lat="-2.71301201887" lon="63.89641211529">
    <tag k="local_x" v="-358.7564"/>
    <tag k="local_y" v="91.5102"/>
    <tag k="ele" v="1.7864"/>
  </node>
  <node id="43302" lat="-2.71301362664" lon="63.89644693957">
    <tag k="local_x" v="-354.8853"/>
    <tag k="local_y" v="91.3296"/>
    <tag k="ele" v="1.7898"/>
  </node>
  <node id="43303" lat="-2.71300269557" lon="63.89641398941">
    <tag k="local_x" v="-358.5473"/>
    <tag k="local_y" v="92.5407"/>
    <tag k="ele" v="1.7898"/>
  </node>
  <node id="43304" lat="-2.71299611932" lon="63.89644774888">
    <tag k="local_x" v="-354.7939"/>
    <tag k="local_y" v="93.2649"/>
    <tag k="ele" v="1.5097"/>
  </node>
  <node id="43305" lat="-2.71299164503" lon="63.8964139237">
    <tag k="local_x" v="-358.5537"/>
    <tag k="local_y" v="93.7623"/>
    <tag k="ele" v="1.5097"/>
  </node>
  <node id="43306" lat="-2.71297842221" lon="63.89644587734">
    <tag k="local_x" v="-355.0005"/>
    <tag k="local_y" v="95.2214"/>
    <tag k="ele" v="1.5"/>
  </node>
  <node id="43307" lat="-2.71298098907" lon="63.89641239559">
    <tag k="local_x" v="-358.7227"/>
    <tag k="local_y" v="94.9404"/>
    <tag k="ele" v="1.5"/>
  </node>
  <node id="43308" lat="-2.71296145621" lon="63.89644131844">
    <tag k="local_x" v="-355.5059"/>
    <tag k="local_y" v="97.0973"/>
    <tag k="ele" v="1.8078"/>
  </node>
  <node id="43309" lat="-2.71296899782" lon="63.89640858699">
    <tag k="local_x" v="-359.1451"/>
    <tag k="local_y" v="96.2663"/>
    <tag k="ele" v="1.8078"/>
  </node>
  <node id="43310" lat="-2.71294625669" lon="63.89643582349">
    <tag k="local_x" v="-356.1155"/>
    <tag k="local_y" v="98.778"/>
    <tag k="ele" v="1.8136"/>
  </node>
  <node id="43311" lat="-2.71295721116" lon="63.89640456265">
    <tag k="local_x" v="-359.5915"/>
    <tag k="local_y" v="97.5696"/>
    <tag k="ele" v="1.8136"/>
  </node>
  <node id="43312" lat="-2.71293204085" lon="63.89643104082">
    <tag k="local_x" v="-356.646"/>
    <tag k="local_y" v="100.3499"/>
    <tag k="ele" v="1.8085"/>
  </node>
  <node id="43313" lat="-2.71294300474" lon="63.89640048524">
    <tag k="local_x" v="-360.0436"/>
    <tag k="local_y" v="99.1404"/>
    <tag k="ele" v="1.8085"/>
  </node>
  <node id="43314" lat="-2.71291692518" lon="63.89642712468">
    <tag k="local_x" v="-357.0801"/>
    <tag k="local_y" v="102.0212"/>
    <tag k="ele" v="1.7943"/>
  </node>
  <node id="43315" lat="-2.71292322497" lon="63.89639655307">
    <tag k="local_x" v="-360.4791"/>
    <tag k="local_y" v="101.3273"/>
    <tag k="ele" v="1.7943"/>
  </node>
  <node id="43322" lat="-2.712903911" lon="63.8963939274">
    <tag k="local_x" v="-360.7694"/>
    <tag k="local_y" v="103.4626"/>
    <tag k="ele" v="1.7733"/>
  </node>
  <node id="43324" lat="-2.71288415007" lon="63.89639141476">
    <tag k="local_x" v="-361.0471"/>
    <tag k="local_y" v="105.6473"/>
    <tag k="ele" v="1.7733"/>
  </node>
  <node id="43325" lat="-2.71289940868" lon="63.89642324814">
    <tag k="local_x" v="-357.5096"/>
    <tag k="local_y" v="103.9579"/>
    <tag k="ele" v="1.7733"/>
  </node>
  <node id="43326" lat="-2.7128797088" lon="63.89641894">
    <tag k="local_x" v="-357.9869"/>
    <tag k="local_y" v="106.136"/>
    <tag k="ele" v="1.7733"/>
  </node>
  <node id="43333" lat="-2.71319834057" lon="63.89518292763">
    <tag k="local_x" v="-495.4139"/>
    <tag k="local_y" v="71.0142"/>
    <tag k="ele" v="1.3836"/>
  </node>
  <node id="43334" lat="-2.71319535495" lon="63.89519081463">
    <tag k="local_x" v="-494.5369"/>
    <tag k="local_y" v="71.3436"/>
    <tag k="ele" v="1.4177"/>
  </node>
  <node id="43335" lat="-2.71317211729" lon="63.89517660688">
    <tag k="local_x" v="-496.1144"/>
    <tag k="local_y" v="73.9136"/>
    <tag k="ele" v="1.387"/>
  </node>
  <node id="43336" lat="-2.71316975913" lon="63.89519102159">
    <tag k="local_x" v="-494.5118"/>
    <tag k="local_y" v="74.1731"/>
    <tag k="ele" v="1.4229"/>
  </node>
  <node id="43337" lat="-2.7132379229" lon="63.89515409325">
    <tag k="local_x" v="-498.6225"/>
    <tag k="local_y" v="66.6409"/>
    <tag k="ele" v="1.4303"/>
  </node>
  <node id="43338" lat="-2.71323151031" lon="63.89517826618">
    <tag k="local_x" v="-495.9348"/>
    <tag k="local_y" v="67.3478"/>
    <tag k="ele" v="1.4303"/>
  </node>
  <node id="43470" lat="-2.71497424461" lon="63.8944632414">
    <tag k="local_x" v="-575.5627"/>
    <tag k="local_y" v="-125.2458"/>
    <tag k="ele" v="1.2835"/>
  </node>
  <node id="43471" lat="-2.71500063737" lon="63.89446427552">
    <tag k="local_x" v="-575.4499"/>
    <tag k="local_y" v="-128.1635"/>
    <tag k="ele" v="1.2761"/>
  </node>
  <node id="43473" lat="-2.71497183221" lon="63.8944909886">
    <tag k="local_x" v="-572.478"/>
    <tag k="local_y" v="-124.9814"/>
    <tag k="ele" v="1.2835"/>
  </node>
  <node id="43474" lat="-2.71500385059" lon="63.89449336092">
    <tag k="local_x" v="-572.2169"/>
    <tag k="local_y" v="-128.5211"/>
    <tag k="ele" v="1.2761"/>
  </node>
  <node id="43815" lat="-2.71286095865" lon="63.89789061039">
    <tag k="local_x" v="-194.3875"/>
    <tag k="local_y" v="108.0875"/>
    <tag k="ele" v="1.7418"/>
  </node>
  <node id="43817" lat="-2.7128622529" lon="63.89785575318">
    <tag k="local_x" v="-198.2625"/>
    <tag k="local_y" v="107.9473"/>
    <tag k="ele" v="1.7418"/>
  </node>
  <node id="43828" lat="-2.71302429951" lon="63.89786270492">
    <tag k="local_x" v="-197.503"/>
    <tag k="local_y" v="90.0331"/>
    <tag k="ele" v="1.7448"/>
  </node>
  <node id="43830" lat="-2.71302667579" lon="63.89783130913">
    <tag k="local_x" v="-200.9933"/>
    <tag k="local_y" v="89.773"/>
    <tag k="ele" v="1.7448"/>
  </node>
  <node id="43834" lat="-2.71283234997" lon="63.8978224373">
    <tag k="local_x" v="-201.9636"/>
    <tag k="local_y" v="111.2557"/>
    <tag k="ele" v="1.8144"/>
  </node>
  <node id="43835" lat="-2.71283039299" lon="63.89785078027">
    <tag k="local_x" v="-198.8127"/>
    <tag k="local_y" v="111.4697"/>
    <tag k="ele" v="1.7923"/>
  </node>
  <node id="43846" lat="-2.71284618128" lon="63.89638779843">
    <tag k="local_x" v="-361.446"/>
    <tag k="local_y" v="109.8449"/>
    <tag k="ele" v="0.1255"/>
  </node>
  <node id="43847" lat="-2.71284422083" lon="63.89641354256">
    <tag k="local_x" v="-358.584"/>
    <tag k="local_y" v="110.0595"/>
    <tag k="ele" v="0.1255"/>
  </node>
  <node id="43855" lat="-2.71229208381" lon="63.89951711251">
    <tag k="local_x" v="-13.531"/>
    <tag k="local_y" v="170.8402"/>
    <tag k="ele" v="2.0814"/>
  </node>
  <node id="43873" lat="-2.71342257133" lon="63.89794866081">
    <tag k="local_x" v="-187.9804"/>
    <tag k="local_y" v="45.9986"/>
    <tag k="ele" v="1.8837"/>
  </node>
  <node id="43874" lat="-2.71342902033" lon="63.89792305402">
    <tag k="local_x" v="-190.8275"/>
    <tag k="local_y" v="45.2878"/>
    <tag k="ele" v="1.8837"/>
  </node>
  <node id="43885" lat="-2.71362862943" lon="63.89796529381">
    <tag k="local_x" v="-186.1483"/>
    <tag k="local_y" v="23.2183"/>
    <tag k="ele" v="1.8737"/>
  </node>
  <node id="43886" lat="-2.71362158151" lon="63.89794008366">
    <tag k="local_x" v="-188.9502"/>
    <tag k="local_y" v="23.9995"/>
    <tag k="ele" v="1.8737"/>
  </node>
  <node id="43895" lat="-2.71290478713" lon="63.89649045688">
    <tag k="local_x" v="-350.0388"/>
    <tag k="local_y" v="103.3578"/>
    <tag k="ele" v="1.8108"/>
  </node>
  <node id="43896" lat="-2.71291622166" lon="63.89648873183">
    <tag k="local_x" v="-350.2315"/>
    <tag k="local_y" v="102.0939"/>
    <tag k="ele" v="1.8107"/>
  </node>
  <node id="43897" lat="-2.71293095222" lon="63.8964862248">
    <tag k="local_x" v="-350.5114"/>
    <tag k="local_y" v="100.4657"/>
    <tag k="ele" v="1.8107"/>
  </node>
  <node id="43898" lat="-2.7129430775" lon="63.89648255001">
    <tag k="local_x" v="-350.9209"/>
    <tag k="local_y" v="99.1256"/>
    <tag k="ele" v="1.8107"/>
  </node>
  <node id="43899" lat="-2.71295181889" lon="63.89647980377">
    <tag k="local_x" v="-351.2269"/>
    <tag k="local_y" v="98.1595"/>
    <tag k="ele" v="1.8107"/>
  </node>
  <node id="43900" lat="-2.71296163151" lon="63.89647802356">
    <tag k="local_x" v="-351.4256"/>
    <tag k="local_y" v="97.0749"/>
    <tag k="ele" v="1.8107"/>
  </node>
  <node id="43901" lat="-2.71296971613" lon="63.89647773356">
    <tag k="local_x" v="-351.4585"/>
    <tag k="local_y" v="96.1812"/>
    <tag k="ele" v="1.8107"/>
  </node>
  <node id="43903" lat="-2.71290646899" lon="63.89646345404">
    <tag k="local_x" v="-353.0407"/>
    <tag k="local_y" v="103.1741"/>
    <tag k="ele" v="1.8108"/>
  </node>
  <node id="43904" lat="-2.71291645708" lon="63.89646049373">
    <tag k="local_x" v="-353.3706"/>
    <tag k="local_y" v="102.0702"/>
    <tag k="ele" v="1.8107"/>
  </node>
  <node id="43905" lat="-2.71292775939" lon="63.89645530886">
    <tag k="local_x" v="-353.9479"/>
    <tag k="local_y" v="100.8212"/>
    <tag k="ele" v="1.8107"/>
  </node>
  <node id="43906" lat="-2.71293779595" lon="63.89645042621">
    <tag k="local_x" v="-354.4915"/>
    <tag k="local_y" v="99.7121"/>
    <tag k="ele" v="1.8107"/>
  </node>
  <node id="43907" lat="-2.71294795019" lon="63.89644785194">
    <tag k="local_x" v="-354.7785"/>
    <tag k="local_y" v="98.5898"/>
    <tag k="ele" v="1.8107"/>
  </node>
  <node id="43908" lat="-2.71295930758" lon="63.89644645158">
    <tag k="local_x" v="-354.9351"/>
    <tag k="local_y" v="97.3344"/>
    <tag k="ele" v="1.8107"/>
  </node>
  <node id="43909" lat="-2.71296975037" lon="63.89644634053">
    <tag k="local_x" v="-354.9483"/>
    <tag k="local_y" v="96.18"/>
    <tag k="ele" v="1.8107"/>
  </node>
  <node id="43921" lat="-2.71300272907" lon="63.89648319035">
    <tag k="local_x" v="-350.8546"/>
    <tag k="local_y" v="92.5313"/>
    <tag k="ele" v="1.8108"/>
  </node>
  <node id="43922" lat="-2.71300915157" lon="63.89648826144">
    <tag k="local_x" v="-350.2914"/>
    <tag k="local_y" v="91.8209"/>
    <tag k="ele" v="1.8108"/>
  </node>
  <node id="43924" lat="-2.71301378527" lon="63.89649509616">
    <tag k="local_x" v="-349.532"/>
    <tag k="local_y" v="91.3081"/>
    <tag k="ele" v="1.8108"/>
  </node>
  <node id="43925" lat="-2.71301723431" lon="63.89650385417">
    <tag k="local_x" v="-348.5587"/>
    <tag k="local_y" v="90.9261"/>
    <tag k="ele" v="1.8108"/>
  </node>
  <node id="43926" lat="-2.71301847355" lon="63.89651973423">
    <tag k="local_x" v="-346.7935"/>
    <tag k="local_y" v="90.7878"/>
    <tag k="ele" v="1.8108"/>
  </node>
  <node id="43927" lat="-2.71301092997" lon="63.89645066629">
    <tag k="local_x" v="-354.4708"/>
    <tag k="local_y" v="91.6274"/>
    <tag k="ele" v="1.8108"/>
  </node>
  <node id="43928" lat="-2.71302300365" lon="63.89645554003">
    <tag k="local_x" v="-353.93"/>
    <tag k="local_y" v="90.2923"/>
    <tag k="ele" v="1.8108"/>
  </node>
  <node id="43929" lat="-2.71303276097" lon="63.8964624226">
    <tag k="local_x" v="-353.1657"/>
    <tag k="local_y" v="89.2131"/>
    <tag k="ele" v="1.8108"/>
  </node>
  <node id="43930" lat="-2.71304247775" lon="63.89647515052">
    <tag k="local_x" v="-351.7516"/>
    <tag k="local_y" v="88.1379"/>
    <tag k="ele" v="1.8108"/>
  </node>
  <node id="43931" lat="-2.71304743551" lon="63.89649384536">
    <tag k="local_x" v="-349.6738"/>
    <tag k="local_y" v="87.5883"/>
    <tag k="ele" v="1.8108"/>
  </node>
  <node id="43932" lat="-2.71304807959" lon="63.89651690981">
    <tag k="local_x" v="-347.1099"/>
    <tag k="local_y" v="87.5152"/>
    <tag k="ele" v="1.8108"/>
  </node>
  <node id="44176" lat="-2.71458958431" lon="63.89440449023">
    <tag k="local_x" v="-582.0623"/>
    <tag k="local_y" v="-82.7183"/>
    <tag k="ele" v="1.1497"/>
  </node>
  <node id="44177" lat="-2.71456079908" lon="63.89440197367">
    <tag k="local_x" v="-582.3397"/>
    <tag k="local_y" v="-79.536"/>
    <tag k="ele" v="0.9774"/>
  </node>
  <node id="44179" lat="-2.71459235671" lon="63.89437312704">
    <tag k="local_x" v="-585.549"/>
    <tag k="local_y" v="-83.0222"/>
    <tag k="ele" v="1.1497"/>
  </node>
  <node id="44180" lat="-2.71456357239" lon="63.89437061048">
    <tag k="local_x" v="-585.8264"/>
    <tag k="local_y" v="-79.84"/>
    <tag k="ele" v="0.9774"/>
  </node>
  <node id="44184" lat="-2.71471812453" lon="63.89434839054">
    <tag k="local_x" v="-588.3091"/>
    <tag k="local_y" v="-96.9233"/>
    <tag k="ele" v="1.2285"/>
  </node>
  <node id="44187" lat="-2.71469593328" lon="63.89432593361">
    <tag k="local_x" v="-590.8037"/>
    <tag k="local_y" v="-94.4683"/>
    <tag k="ele" v="1.2285"/>
  </node>
  <node id="44211" lat="-2.71467443361" lon="63.89434666453">
    <tag k="local_x" v="-588.4974"/>
    <tag k="local_y" v="-92.0933"/>
    <tag k="ele" v="1.246"/>
  </node>
  <node id="44213" lat="-2.71466229073" lon="63.89435575743">
    <tag k="local_x" v="-587.4856"/>
    <tag k="local_y" v="-90.7517"/>
    <tag k="ele" v="1.246"/>
  </node>
  <node id="44215" lat="-2.71464948894" lon="63.89436289059">
    <tag k="local_x" v="-586.6916"/>
    <tag k="local_y" v="-89.3371"/>
    <tag k="ele" v="1.246"/>
  </node>
  <node id="44217" lat="-2.71463584809" lon="63.89436827257">
    <tag k="local_x" v="-586.0922"/>
    <tag k="local_y" v="-87.8296"/>
    <tag k="ele" v="1.246"/>
  </node>
  <node id="44219" lat="-2.71462161157" lon="63.89437180819">
    <tag k="local_x" v="-585.698"/>
    <tag k="local_y" v="-86.2561"/>
    <tag k="ele" v="1.246"/>
  </node>
  <node id="44221" lat="-2.7146070282" lon="63.89437343648">
    <tag k="local_x" v="-585.5158"/>
    <tag k="local_y" v="-84.6441"/>
    <tag k="ele" v="1.246"/>
  </node>
  <node id="44223" lat="-2.71469426591" lon="63.89437120673">
    <tag k="local_x" v="-585.7708"/>
    <tag k="local_y" v="-94.2877"/>
    <tag k="ele" v="1.246"/>
  </node>
  <node id="44225" lat="-2.71467956707" lon="63.89438214096">
    <tag k="local_x" v="-584.5541"/>
    <tag k="local_y" v="-92.6637"/>
    <tag k="ele" v="1.246"/>
  </node>
  <node id="44227" lat="-2.71466309471" lon="63.89439131884">
    <tag k="local_x" v="-583.5325"/>
    <tag k="local_y" v="-90.8435"/>
    <tag k="ele" v="1.246"/>
  </node>
  <node id="44229" lat="-2.71464554393" lon="63.8943982443">
    <tag k="local_x" v="-582.7612"/>
    <tag k="local_y" v="-88.9039"/>
    <tag k="ele" v="1.246"/>
  </node>
  <node id="44231" lat="-2.7146272251" lon="63.89440279433">
    <tag k="local_x" v="-582.2539"/>
    <tag k="local_y" v="-86.8792"/>
    <tag k="ele" v="1.246"/>
  </node>
  <node id="44233" lat="-2.71460846122" lon="63.89440488823">
    <tag k="local_x" v="-582.0196"/>
    <tag k="local_y" v="-84.8051"/>
    <tag k="ele" v="1.246"/>
  </node>
  <node id="44238" lat="-2.71475950247" lon="63.89438771859">
    <tag k="local_x" v="-583.9406"/>
    <tag k="local_y" v="-101.5007"/>
    <tag k="ele" v="1.1497"/>
  </node>
  <node id="44240" lat="-2.71475673007" lon="63.89441908178">
    <tag k="local_x" v="-580.4539"/>
    <tag k="local_y" v="-101.1968"/>
    <tag k="ele" v="1.1497"/>
  </node>
  <node id="44262" lat="-2.71329345148" lon="63.89427111223">
    <tag k="local_x" v="-596.7833"/>
    <tag k="local_y" v="60.575"/>
    <tag k="ele" v="1.3357"/>
  </node>
  <node id="44263" lat="-2.71329112055" lon="63.89429637305">
    <tag k="local_x" v="-593.975"/>
    <tag k="local_y" v="60.8306"/>
    <tag k="ele" v="1.3357"/>
  </node>
  <node id="44279" lat="-2.71324983008" lon="63.89426713198">
    <tag k="local_x" v="-597.2222"/>
    <tag k="local_y" v="65.3975"/>
    <tag k="ele" v="1.3329"/>
  </node>
  <node id="44280" lat="-2.71324750005" lon="63.8942923928">
    <tag k="local_x" v="-594.4139"/>
    <tag k="local_y" v="65.653"/>
    <tag k="ele" v="1.3329"/>
  </node>
  <node id="44286" lat="-2.71323750147" lon="63.89429608717">
    <tag k="local_x" v="-594.0024"/>
    <tag k="local_y" v="66.758"/>
    <tag k="ele" v="1.3148"/>
  </node>
  <node id="44287" lat="-2.71322963782" lon="63.894303331">
    <tag k="local_x" v="-593.1965"/>
    <tag k="local_y" v="67.6267"/>
    <tag k="ele" v="1.3163"/>
  </node>
  <node id="44289" lat="-2.71322412265" lon="63.89431283087">
    <tag k="local_x" v="-592.14"/>
    <tag k="local_y" v="68.2356"/>
    <tag k="ele" v="1.3172"/>
  </node>
  <node id="44290" lat="-2.71321969821" lon="63.89432506083">
    <tag k="local_x" v="-590.7801"/>
    <tag k="local_y" v="68.7237"/>
    <tag k="ele" v="1.2273"/>
  </node>
  <node id="44291" lat="-2.71321678653" lon="63.8943393546">
    <tag k="local_x" v="-589.1909"/>
    <tag k="local_y" v="69.0444"/>
    <tag k="ele" v="1.2676"/>
  </node>
  <node id="44292" lat="-2.71321654035" lon="63.89435292349">
    <tag k="local_x" v="-587.6825"/>
    <tag k="local_y" v="69.0705"/>
    <tag k="ele" v="1.3197"/>
  </node>
  <node id="44293" lat="-2.71321766876" lon="63.89436702682">
    <tag k="local_x" v="-586.1148"/>
    <tag k="local_y" v="68.9446"/>
    <tag k="ele" v="1.3124"/>
  </node>
  <node id="44294" lat="-2.71321760406" lon="63.89438348525">
    <tag k="local_x" v="-584.2852"/>
    <tag k="local_y" v="68.9504"/>
    <tag k="ele" v="1.2863"/>
  </node>
  <node id="44296" lat="-2.7132290858" lon="63.89426710325">
    <tag k="local_x" v="-597.2237"/>
    <tag k="local_y" v="67.6907"/>
    <tag k="ele" v="1.3701"/>
  </node>
  <node id="44298" lat="-2.71321264512" lon="63.89427868298">
    <tag k="local_x" v="-595.9351"/>
    <tag k="local_y" v="69.5072"/>
    <tag k="ele" v="1.3839"/>
  </node>
  <node id="44299" lat="-2.71319903716" lon="63.89429701425">
    <tag k="local_x" v="-593.8962"/>
    <tag k="local_y" v="71.01"/>
    <tag k="ele" v="1.3532"/>
  </node>
  <node id="44300" lat="-2.71319056766" lon="63.89432100397">
    <tag k="local_x" v="-591.2287"/>
    <tag k="local_y" v="71.9443"/>
    <tag k="ele" v="1.3436"/>
  </node>
  <node id="44301" lat="-2.71318710616" lon="63.89434480216">
    <tag k="local_x" v="-588.5829"/>
    <tag k="local_y" v="72.325"/>
    <tag k="ele" v="1.3276"/>
  </node>
  <node id="44302" lat="-2.71318770036" lon="63.89436809688">
    <tag k="local_x" v="-585.9934"/>
    <tag k="local_y" v="72.2574"/>
    <tag k="ele" v="1.3181"/>
  </node>
  <node id="44303" lat="-2.71319092192" lon="63.8943835475">
    <tag k="local_x" v="-584.2761"/>
    <tag k="local_y" v="71.9"/>
    <tag k="ele" v="1.313"/>
  </node>
  <node id="44315" lat="-2.71301661729" lon="63.89654526884">
    <tag k="local_x" v="-343.9548"/>
    <tag k="local_y" v="90.9909"/>
    <tag k="ele" v="1.7551"/>
  </node>
  <node id="44316" lat="-2.71304595059" lon="63.89654791088">
    <tag k="local_x" v="-343.6635"/>
    <tag k="local_y" v="87.748"/>
    <tag k="ele" v="1.7608"/>
  </node>
  <node id="44322" lat="-2.71295765611" lon="63.896404715">
    <tag k="local_x" v="-359.5746"/>
    <tag k="local_y" v="97.5204"/>
    <tag k="ele" v="1.8107"/>
  </node>
  <node id="44323" lat="-2.7129465072" lon="63.89643591363">
    <tag k="local_x" v="-356.1055"/>
    <tag k="local_y" v="98.7503"/>
    <tag k="ele" v="1.8107"/>
  </node>
  <node id="44334" lat="-2.71299444094" lon="63.89647978659">
    <tag k="local_x" v="-351.2323"/>
    <tag k="local_y" v="93.4478"/>
    <tag k="ele" v="1.811"/>
  </node>
  <node id="44335" lat="-2.71299741261" lon="63.89644812765">
    <tag k="local_x" v="-354.7519"/>
    <tag k="local_y" v="93.1219"/>
    <tag k="ele" v="1.811"/>
  </node>
  <node id="44341" lat="-2.71297916964" lon="63.89647836572">
    <tag k="local_x" v="-351.389"/>
    <tag k="local_y" v="95.1361"/>
    <tag k="ele" v="1.8112"/>
  </node>
  <node id="44342" lat="-2.71298202006" lon="63.89644675527">
    <tag k="local_x" v="-354.9032"/>
    <tag k="local_y" v="94.8236"/>
    <tag k="ele" v="1.8112"/>
  </node>
  <node id="44369" lat="-2.71309043073" lon="63.89640574923">
    <tag k="local_x" v="-359.4705"/>
    <tag k="local_y" v="82.8426"/>
    <tag k="ele" v="1.7517"/>
  </node>
  <node id="44370" lat="-2.71306040158" lon="63.89640216753">
    <tag k="local_x" v="-359.8662"/>
    <tag k="local_y" v="86.1625"/>
    <tag k="ele" v="1.7315"/>
  </node>
  <node id="44376" lat="-2.71302531999" lon="63.89648150411">
    <tag k="local_x" v="-351.0439"/>
    <tag k="local_y" v="90.0341"/>
    <tag k="ele" v="1.8108"/>
  </node>
  <node id="44377" lat="-2.71303494882" lon="63.89647993157">
    <tag k="local_x" v="-351.2195"/>
    <tag k="local_y" v="88.9698"/>
    <tag k="ele" v="1.8108"/>
  </node>
  <node id="44378" lat="-2.71304539583" lon="63.89647658388">
    <tag k="local_x" v="-351.5925"/>
    <tag k="local_y" v="87.8152"/>
    <tag k="ele" v="1.8108"/>
  </node>
  <node id="44379" lat="-2.71305517369" lon="63.89647167585">
    <tag k="local_x" v="-352.1389"/>
    <tag k="local_y" v="86.7347"/>
    <tag k="ele" v="1.8108"/>
  </node>
  <node id="44380" lat="-2.71306404802" lon="63.89646533235">
    <tag k="local_x" v="-352.8448"/>
    <tag k="local_y" v="85.7542"/>
    <tag k="ele" v="1.8108"/>
  </node>
  <node id="44381" lat="-2.71307180883" lon="63.89645771245">
    <tag k="local_x" v="-353.6925"/>
    <tag k="local_y" v="84.8969"/>
    <tag k="ele" v="1.8108"/>
  </node>
  <node id="44382" lat="-2.71307827325" lon="63.89644900761">
    <tag k="local_x" v="-354.6607"/>
    <tag k="local_y" v="84.183"/>
    <tag k="ele" v="1.8108"/>
  </node>
  <node id="44383" lat="-2.71308329006" lon="63.89643943183">
    <tag k="local_x" v="-355.7256"/>
    <tag k="local_y" v="83.6292"/>
    <tag k="ele" v="1.8108"/>
  </node>
  <node id="44384" lat="-2.71308640596" lon="63.89643031252">
    <tag k="local_x" v="-356.7396"/>
    <tag k="local_y" v="83.2855"/>
    <tag k="ele" v="1.8108"/>
  </node>
  <node id="44385" lat="-2.71302078787" lon="63.89645002856">
    <tag k="local_x" v="-354.5425"/>
    <tag k="local_y" v="90.5377"/>
    <tag k="ele" v="1.8108"/>
  </node>
  <node id="44386" lat="-2.71302803524" lon="63.8964491973">
    <tag k="local_x" v="-354.6355"/>
    <tag k="local_y" v="89.7366"/>
    <tag k="ele" v="1.8108"/>
  </node>
  <node id="44387" lat="-2.71303388469" lon="63.8964475689">
    <tag k="local_x" v="-354.817"/>
    <tag k="local_y" v="89.0901"/>
    <tag k="ele" v="1.8108"/>
  </node>
  <node id="44388" lat="-2.71303942996" lon="63.8964450479">
    <tag k="local_x" v="-355.0977"/>
    <tag k="local_y" v="88.4773"/>
    <tag k="ele" v="1.8108"/>
  </node>
  <node id="44389" lat="-2.71304453531" lon="63.89644168818">
    <tag k="local_x" v="-355.4716"/>
    <tag k="local_y" v="87.9132"/>
    <tag k="ele" v="1.8108"/>
  </node>
  <node id="44390" lat="-2.71304907133" lon="63.89643756521">
    <tag k="local_x" v="-355.9303"/>
    <tag k="local_y" v="87.4121"/>
    <tag k="ele" v="1.8108"/>
  </node>
  <node id="44391" lat="-2.71305292488" lon="63.89643277426">
    <tag k="local_x" v="-356.4632"/>
    <tag k="local_y" v="86.9865"/>
    <tag k="ele" v="1.8108"/>
  </node>
  <node id="44392" lat="-2.71305599455" lon="63.8964274268">
    <tag k="local_x" v="-357.0579"/>
    <tag k="local_y" v="86.6476"/>
    <tag k="ele" v="1.8108"/>
  </node>
  <node id="44393" lat="-2.71305854069" lon="63.89642055509">
    <tag k="local_x" v="-357.822"/>
    <tag k="local_y" v="86.3667"/>
    <tag k="ele" v="1.8108"/>
  </node>
  <node id="44428" lat="-2.71235473885" lon="63.89632145072">
    <tag k="local_x" v="-368.7813"/>
    <tag k="local_y" v="164.1774"/>
    <tag k="ele" v="1.7357"/>
  </node>
  <node id="44429" lat="-2.7123639589" lon="63.89633553841">
    <tag k="local_x" v="-367.216"/>
    <tag k="local_y" v="163.157"/>
    <tag k="ele" v="1.7239"/>
  </node>
  <node id="44431" lat="-2.71232547974" lon="63.8963224178">
    <tag k="local_x" v="-368.6714"/>
    <tag k="local_y" v="167.4118"/>
    <tag k="ele" v="1.7357"/>
  </node>
  <node id="44435" lat="-2.71237636461" lon="63.89634887011">
    <tag k="local_x" v="-365.735"/>
    <tag k="local_y" v="161.7845"/>
    <tag k="ele" v="1.7299"/>
  </node>
  <node id="44436" lat="-2.71233161654" lon="63.89634187092">
    <tag k="local_x" v="-366.5094"/>
    <tag k="local_y" v="166.7318"/>
    <tag k="ele" v="1.7299"/>
  </node>
  <node id="44438" lat="-2.7123432726" lon="63.89635971249">
    <tag k="local_x" v="-364.527"/>
    <tag k="local_y" v="165.4418"/>
    <tag k="ele" v="1.6943"/>
  </node>
  <node id="44440" lat="-2.71235781028" lon="63.89637327875">
    <tag k="local_x" v="-363.0201"/>
    <tag k="local_y" v="163.8336"/>
    <tag k="ele" v="1.7132"/>
  </node>
  <node id="44441" lat="-2.7124202618" lon="63.89637969995">
    <tag k="local_x" v="-362.3114"/>
    <tag k="local_y" v="156.9293"/>
    <tag k="ele" v="1.7151"/>
  </node>
  <node id="44442" lat="-2.71240494795" lon="63.89640382672">
    <tag k="local_x" v="-359.6281"/>
    <tag k="local_y" v="158.6202"/>
    <tag k="ele" v="1.7151"/>
  </node>
  <node id="44448" lat="-2.71254167401" lon="63.89646176048">
    <tag k="local_x" v="-353.1991"/>
    <tag k="local_y" v="143.5009"/>
    <tag k="ele" v="0.0506"/>
  </node>
  <node id="44449" lat="-2.71254399968" lon="63.89643145942">
    <tag k="local_x" v="-356.5677"/>
    <tag k="local_y" v="143.2463"/>
    <tag k="ele" v="0.0506"/>
  </node>
  <node id="44456" lat="-2.71248378085" lon="63.89644915181">
    <tag k="local_x" v="-354.596"/>
    <tag k="local_y" v="149.9018"/>
    <tag k="ele" v="1.7203"/>
  </node>
  <node id="44458" lat="-2.71249573491" lon="63.89645432142">
    <tag k="local_x" v="-354.0223"/>
    <tag k="local_y" v="148.5799"/>
    <tag k="ele" v="1.7203"/>
  </node>
  <node id="44459" lat="-2.71250932979" lon="63.89645844425">
    <tag k="local_x" v="-353.5651"/>
    <tag k="local_y" v="147.0767"/>
    <tag k="ele" v="1.7203"/>
  </node>
  <node id="44463" lat="-2.71249324222" lon="63.89642099428">
    <tag k="local_x" v="-357.7269"/>
    <tag k="local_y" v="148.8582"/>
    <tag k="ele" v="1.7203"/>
  </node>
  <node id="44465" lat="-2.71250899952" lon="63.8964269763">
    <tag k="local_x" v="-357.0632"/>
    <tag k="local_y" v="147.1158"/>
    <tag k="ele" v="1.7203"/>
  </node>
  <node id="44470" lat="-2.71246436067" lon="63.89643852354">
    <tag k="local_x" v="-355.7759"/>
    <tag k="local_y" v="152.0495"/>
    <tag k="ele" v="1.7177"/>
  </node>
  <node id="44471" lat="-2.71247884528" lon="63.89641402464">
    <tag k="local_x" v="-358.5005"/>
    <tag k="local_y" v="150.4503"/>
    <tag k="ele" v="1.7177"/>
  </node>
  <node id="44477" lat="-2.71248804551" lon="63.89650452412">
    <tag k="local_x" v="-348.4409"/>
    <tag k="local_y" v="149.4258"/>
    <tag k="ele" v="1.8196"/>
  </node>
  <node id="44478" lat="-2.71245623627" lon="63.89650194773">
    <tag k="local_x" v="-348.7247"/>
    <tag k="local_y" v="152.9424"/>
    <tag k="ele" v="1.8196"/>
  </node>
  <node id="44484" lat="-2.71248622198" lon="63.8965164879">
    <tag k="local_x" v="-347.1108"/>
    <tag k="local_y" v="149.6264"/>
    <tag k="ele" v="1.8179"/>
  </node>
  <node id="44485" lat="-2.71245512635" lon="63.89651406586">
    <tag k="local_x" v="-347.3775"/>
    <tag k="local_y" v="153.0641"/>
    <tag k="ele" v="1.8179"/>
  </node>
  <node id="44491" lat="-2.71249013444" lon="63.89649453148">
    <tag k="local_x" v="-349.5519"/>
    <tag k="local_y" v="149.1957"/>
    <tag k="ele" v="1.8212"/>
  </node>
  <node id="44492" lat="-2.71249482861" lon="63.89648333085">
    <tag k="local_x" v="-350.7974"/>
    <tag k="local_y" v="148.6777"/>
    <tag k="ele" v="1.8212"/>
  </node>
  <node id="44493" lat="-2.71250337575" lon="63.89647297235">
    <tag k="local_x" v="-351.9496"/>
    <tag k="local_y" v="147.7337"/>
    <tag k="ele" v="1.8212"/>
  </node>
  <node id="44496" lat="-2.71251247152" lon="63.89646566108">
    <tag k="local_x" v="-352.7631"/>
    <tag k="local_y" v="146.7288"/>
    <tag k="ele" v="1.8212"/>
  </node>
  <node id="44499" lat="-2.71245848242" lon="63.89648489991">
    <tag k="local_x" v="-350.62"/>
    <tag k="local_y" v="152.6955"/>
    <tag k="ele" v="1.8212"/>
  </node>
  <node id="44500" lat="-2.71246218077" lon="63.89647107182">
    <tag k="local_x" v="-352.1575"/>
    <tag k="local_y" v="152.2878"/>
    <tag k="ele" v="1.8212"/>
  </node>
  <node id="44501" lat="-2.71246917544" lon="63.89645851993">
    <tag k="local_x" v="-353.5534"/>
    <tag k="local_y" v="151.5156"/>
    <tag k="ele" v="1.8212"/>
  </node>
  <node id="44502" lat="-2.71247664405" lon="63.89644970879">
    <tag k="local_x" v="-354.5335"/>
    <tag k="local_y" v="150.6907"/>
    <tag k="ele" v="1.8212"/>
  </node>
  <node id="44503" lat="-2.71248552006" lon="63.8964423128">
    <tag k="local_x" v="-355.3564"/>
    <tag k="local_y" v="149.7101"/>
    <tag k="ele" v="1.8212"/>
  </node>
  <node id="44504" lat="-2.71249553737" lon="63.89643655036">
    <tag k="local_x" v="-355.9978"/>
    <tag k="local_y" v="148.6032"/>
    <tag k="ele" v="1.8212"/>
  </node>
  <node id="44505" lat="-2.71250639552" lon="63.89643259217">
    <tag k="local_x" v="-356.4387"/>
    <tag k="local_y" v="147.4032"/>
    <tag k="ele" v="1.8212"/>
  </node>
  <node id="44506" lat="-2.71251646058" lon="63.89643073568">
    <tag k="local_x" v="-356.6459"/>
    <tag k="local_y" v="146.2907"/>
    <tag k="ele" v="1.8212"/>
  </node>
  <node id="44531" lat="-2.71247074389" lon="63.89663117652">
    <tag k="local_x" v="-334.3602"/>
    <tag k="local_y" v="151.328"/>
    <tag k="ele" v="1.8393"/>
  </node>
  <node id="44532" lat="-2.7124619272" lon="63.89660872136">
    <tag k="local_x" v="-336.8557"/>
    <tag k="local_y" v="152.3045"/>
    <tag k="ele" v="1.827"/>
  </node>
  <node id="44534" lat="-2.71250023695" lon="63.89661972608">
    <tag k="local_x" v="-335.6355"/>
    <tag k="local_y" v="148.0686"/>
    <tag k="ele" v="1.8393"/>
  </node>
  <node id="44535" lat="-2.71249142026" lon="63.89659727002">
    <tag k="local_x" v="-338.1311"/>
    <tag k="local_y" v="149.0451"/>
    <tag k="ele" v="1.827"/>
  </node>
  <node id="44538" lat="-2.7125101492" lon="63.89665785787">
    <tag k="local_x" v="-331.3974"/>
    <tag k="local_y" v="146.9697"/>
    <tag k="ele" v="1.8909"/>
  </node>
  <node id="44539" lat="-2.71250849806" lon="63.89664360843">
    <tag k="local_x" v="-332.9813"/>
    <tag k="local_y" v="147.1534"/>
    <tag k="ele" v="1.8909"/>
  </node>
  <node id="44540" lat="-2.71250478518" lon="63.89662957697">
    <tag k="local_x" v="-334.5408"/>
    <tag k="local_y" v="147.565"/>
    <tag k="ele" v="1.8909"/>
  </node>
  <node id="44541" lat="-2.71248186051" lon="63.89665912341">
    <tag k="local_x" v="-331.2544"/>
    <tag k="local_y" v="150.0968"/>
    <tag k="ele" v="1.8909"/>
  </node>
  <node id="44542" lat="-2.71247926457" lon="63.89665026977">
    <tag k="local_x" v="-332.2384"/>
    <tag k="local_y" v="150.3845"/>
    <tag k="ele" v="1.8909"/>
  </node>
  <node id="44543" lat="-2.71247502881" lon="63.89663991086">
    <tag k="local_x" v="-333.3896"/>
    <tag k="local_y" v="150.8536"/>
    <tag k="ele" v="1.8909"/>
  </node>
  <node id="44548" lat="-2.71248671819" lon="63.89658262973">
    <tag k="local_x" v="-339.7582"/>
    <tag k="local_y" v="149.5661"/>
    <tag k="ele" v="1.827"/>
  </node>
  <node id="44550" lat="-2.71248395234" lon="63.8965674988">
    <tag k="local_x" v="-341.44"/>
    <tag k="local_y" v="149.8731"/>
    <tag k="ele" v="1.827"/>
  </node>
  <node id="44552" lat="-2.71248322059" lon="63.89655161283">
    <tag k="local_x" v="-343.2059"/>
    <tag k="local_y" v="149.9553"/>
    <tag k="ele" v="1.827"/>
  </node>
  <node id="44554" lat="-2.71245605574" lon="63.89659008973">
    <tag k="local_x" v="-338.9264"/>
    <tag k="local_y" v="152.9551"/>
    <tag k="ele" v="1.827"/>
  </node>
  <node id="44556" lat="-2.71245275471" lon="63.89657085099">
    <tag k="local_x" v="-341.0648"/>
    <tag k="local_y" v="153.3216"/>
    <tag k="ele" v="1.827"/>
  </node>
  <node id="44558" lat="-2.71245203069" lon="63.89655187322">
    <tag k="local_x" v="-343.1744"/>
    <tag k="local_y" v="153.4032"/>
    <tag k="ele" v="1.827"/>
  </node>
  <node id="44562" lat="-2.71241484137" lon="63.89647697589">
    <tag k="local_x" v="-351.4973"/>
    <tag k="local_y" v="157.5205"/>
    <tag k="ele" v="1.8089"/>
  </node>
  <node id="44565" lat="-2.71244640921" lon="63.89647938478">
    <tag k="local_x" v="-351.2321"/>
    <tag k="local_y" v="154.0306"/>
    <tag k="ele" v="1.8089"/>
  </node>
  <node id="44569" lat="-2.71243312585" lon="63.89659628794">
    <tag k="local_x" v="-338.2355"/>
    <tag k="local_y" v="155.4894"/>
    <tag k="ele" v="1.8157"/>
  </node>
  <node id="44570" lat="-2.71242316827" lon="63.896571655">
    <tag k="local_x" v="-340.973"/>
    <tag k="local_y" v="156.5922"/>
    <tag k="ele" v="1.7815"/>
  </node>
  <node id="44572" lat="-2.71246250243" lon="63.89658454506">
    <tag k="local_x" v="-339.5433"/>
    <tag k="local_y" v="152.2429"/>
    <tag k="ele" v="1.8157"/>
  </node>
  <node id="44573" lat="-2.71245254485" lon="63.89655991212">
    <tag k="local_x" v="-342.2808"/>
    <tag k="local_y" v="153.3457"/>
    <tag k="ele" v="1.7815"/>
  </node>
  <node id="44576" lat="-2.7124723828" lon="63.89665334212">
    <tag k="local_x" v="-331.8963"/>
    <tag k="local_y" v="151.145"/>
    <tag k="ele" v="1.8904"/>
  </node>
  <node id="44578" lat="-2.71247268685" lon="63.89663620112">
    <tag k="local_x" v="-333.8018"/>
    <tag k="local_y" v="151.1128"/>
    <tag k="ele" v="1.8904"/>
  </node>
  <node id="44580" lat="-2.71247120005" lon="63.89661870977">
    <tag k="local_x" v="-335.7461"/>
    <tag k="local_y" v="151.2786"/>
    <tag k="ele" v="1.8904"/>
  </node>
  <node id="44582" lat="-2.7124679193" lon="63.89660138262">
    <tag k="local_x" v="-337.672"/>
    <tag k="local_y" v="151.6427"/>
    <tag k="ele" v="1.8904"/>
  </node>
  <node id="44584" lat="-2.7124458208" lon="63.89665243918">
    <tag k="local_x" v="-331.9945"/>
    <tag k="local_y" v="154.0814"/>
    <tag k="ele" v="1.8904"/>
  </node>
  <node id="44586" lat="-2.71244498369" lon="63.89663833608">
    <tag k="local_x" v="-333.5622"/>
    <tag k="local_y" v="154.1751"/>
    <tag k="ele" v="1.8904"/>
  </node>
  <node id="44588" lat="-2.71244233311" lon="63.89662390329">
    <tag k="local_x" v="-335.1664"/>
    <tag k="local_y" v="154.4693"/>
    <tag k="ele" v="1.8904"/>
  </node>
  <node id="44590" lat="-2.71243824118" lon="63.89660988775">
    <tag k="local_x" v="-336.7241"/>
    <tag k="local_y" v="154.9228"/>
    <tag k="ele" v="1.8904"/>
  </node>
  <node id="44596" lat="-2.71244767554" lon="63.89654513677">
    <tag k="local_x" v="-343.9229"/>
    <tag k="local_y" v="153.8852"/>
    <tag k="ele" v="1.7815"/>
  </node>
  <node id="44598" lat="-2.71244479039" lon="63.89652985552">
    <tag k="local_x" v="-345.6214"/>
    <tag k="local_y" v="154.2054"/>
    <tag k="ele" v="1.7815"/>
  </node>
  <node id="44600" lat="-2.71244393482" lon="63.89651381473">
    <tag k="local_x" v="-347.4045"/>
    <tag k="local_y" v="154.3013"/>
    <tag k="ele" v="1.7815"/>
  </node>
  <node id="44602" lat="-2.71241700829" lon="63.89655296109">
    <tag k="local_x" v="-343.0506"/>
    <tag k="local_y" v="157.2747"/>
    <tag k="ele" v="1.7815"/>
  </node>
  <node id="44604" lat="-2.71241335725" lon="63.89653362674">
    <tag k="local_x" v="-345.1996"/>
    <tag k="local_y" v="157.6799"/>
    <tag k="ele" v="1.7815"/>
  </node>
  <node id="44606" lat="-2.71241228145" lon="63.89651449938">
    <tag k="local_x" v="-347.3258"/>
    <tag k="local_y" v="157.8004"/>
    <tag k="ele" v="1.7815"/>
  </node>
  <node id="44664" lat="-2.71244869252" lon="63.89645132002">
    <tag k="local_x" v="-354.3521"/>
    <tag k="local_y" v="153.7805"/>
    <tag k="ele" v="1.7501"/>
  </node>
  <node id="44665" lat="-2.71241713564" lon="63.8964487654">
    <tag k="local_x" v="-354.6335"/>
    <tag k="local_y" v="157.2692"/>
    <tag k="ele" v="1.7501"/>
  </node>
  <node id="44686" lat="-2.71245171403" lon="63.89651671347">
    <tag k="local_x" v="-347.0829"/>
    <tag k="local_y" v="153.4411"/>
    <tag k="ele" v="1.3099"/>
  </node>
  <node id="44687" lat="-2.7124492032" lon="63.89650897445">
    <tag k="local_x" v="-347.943"/>
    <tag k="local_y" v="153.7193"/>
    <tag k="ele" v="1.3099"/>
  </node>
  <node id="44688" lat="-2.71244754414" lon="63.89650171194">
    <tag k="local_x" v="-348.7502"/>
    <tag k="local_y" v="153.9033"/>
    <tag k="ele" v="1.3099"/>
  </node>
  <node id="44689" lat="-2.71244652473" lon="63.89649433295">
    <tag k="local_x" v="-349.5704"/>
    <tag k="local_y" v="154.0166"/>
    <tag k="ele" v="1.3099"/>
  </node>
  <node id="44690" lat="-2.71244613456" lon="63.89648621138">
    <tag k="local_x" v="-350.4732"/>
    <tag k="local_y" v="154.0604"/>
    <tag k="ele" v="1.3099"/>
  </node>
  <node id="44691" lat="-2.7124215647" lon="63.89652632561">
    <tag k="local_x" v="-346.0119"/>
    <tag k="local_y" v="156.7732"/>
    <tag k="ele" v="1.3099"/>
  </node>
  <node id="44692" lat="-2.71241866315" lon="63.89651727564">
    <tag k="local_x" v="-347.0177"/>
    <tag k="local_y" v="157.0947"/>
    <tag k="ele" v="1.3099"/>
  </node>
  <node id="44693" lat="-2.71241639457" lon="63.89650734637">
    <tag k="local_x" v="-348.1213"/>
    <tag k="local_y" v="157.3463"/>
    <tag k="ele" v="1.3099"/>
  </node>
  <node id="44694" lat="-2.71241500176" lon="63.89649725851">
    <tag k="local_x" v="-349.2426"/>
    <tag k="local_y" v="157.5011"/>
    <tag k="ele" v="1.3099"/>
  </node>
  <node id="44695" lat="-2.7124145131" lon="63.89648777223">
    <tag k="local_x" v="-350.2971"/>
    <tag k="local_y" v="157.5559"/>
    <tag k="ele" v="1.3099"/>
  </node>
  <node id="44738" lat="-2.71253411734" lon="63.89778925277">
    <tag k="local_x" v="-205.6281"/>
    <tag k="local_y" v="144.2269"/>
    <tag k="ele" v="1.9169"/>
  </node>
  <node id="44739" lat="-2.71253191369" lon="63.8978147961">
    <tag k="local_x" v="-202.7884"/>
    <tag k="local_y" v="144.4684"/>
    <tag k="ele" v="1.9169"/>
  </node>
  <node id="44752" lat="-2.71249085332" lon="63.89781678894">
    <tag k="local_x" v="-202.5635"/>
    <tag k="local_y" v="149.0073"/>
    <tag k="ele" v="2.0219"/>
  </node>
  <node id="44753" lat="-2.71246899564" lon="63.8978153695">
    <tag k="local_x" v="-202.7195"/>
    <tag k="local_y" v="151.4237"/>
    <tag k="ele" v="2.029"/>
  </node>
  <node id="44755" lat="-2.71249291572" lon="63.89778537134">
    <tag k="local_x" v="-206.0562"/>
    <tag k="local_y" v="148.7819"/>
    <tag k="ele" v="2.0219"/>
  </node>
  <node id="44756" lat="-2.71247105803" lon="63.8977839519">
    <tag k="local_x" v="-206.2122"/>
    <tag k="local_y" v="151.1983"/>
    <tag k="ele" v="2.029"/>
  </node>
  <node id="44787" lat="-2.71246109945" lon="63.89778252954">
    <tag k="local_x" v="-206.3695"/>
    <tag k="local_y" v="152.2993"/>
    <tag k="ele" v="2.029"/>
  </node>
  <node id="44788" lat="-2.71245109067" lon="63.89777928552">
    <tag k="local_x" v="-206.7293"/>
    <tag k="local_y" v="153.406"/>
    <tag k="ele" v="2.029"/>
  </node>
  <node id="44789" lat="-2.71243923212" lon="63.89777341971">
    <tag k="local_x" v="-207.3804"/>
    <tag k="local_y" v="154.7174"/>
    <tag k="ele" v="2.029"/>
  </node>
  <node id="44791" lat="-2.71242802663" lon="63.89776521551">
    <tag k="local_x" v="-208.2915"/>
    <tag k="local_y" v="155.9568"/>
    <tag k="ele" v="2.029"/>
  </node>
  <node id="44792" lat="-2.71241847638" lon="63.89775481669">
    <tag k="local_x" v="-209.4467"/>
    <tag k="local_y" v="157.0134"/>
    <tag k="ele" v="2.029"/>
  </node>
  <node id="44793" lat="-2.7124095956" lon="63.89774069416">
    <tag k="local_x" v="-211.0159"/>
    <tag k="local_y" v="157.9963"/>
    <tag k="ele" v="2.029"/>
  </node>
  <node id="44794" lat="-2.71245294618" lon="63.8978130017">
    <tag k="local_x" v="-202.9814"/>
    <tag k="local_y" v="153.1981"/>
    <tag k="ele" v="2.029"/>
  </node>
  <node id="44795" lat="-2.71243980744" lon="63.89780860393">
    <tag k="local_x" v="-203.4692"/>
    <tag k="local_y" v="154.6509"/>
    <tag k="ele" v="2.029"/>
  </node>
  <node id="44796" lat="-2.71242644969" lon="63.89780190401">
    <tag k="local_x" v="-204.2129"/>
    <tag k="local_y" v="156.1281"/>
    <tag k="ele" v="2.029"/>
  </node>
  <node id="44797" lat="-2.7124142901" lon="63.89779335547">
    <tag k="local_x" v="-205.1622"/>
    <tag k="local_y" v="157.473"/>
    <tag k="ele" v="2.029"/>
  </node>
  <node id="44798" lat="-2.71240358453" lon="63.8977831627">
    <tag k="local_x" v="-206.2944"/>
    <tag k="local_y" v="158.6573"/>
    <tag k="ele" v="2.029"/>
  </node>
  <node id="44799" lat="-2.71239455442" lon="63.89777156424">
    <tag k="local_x" v="-207.583"/>
    <tag k="local_y" v="159.6565"/>
    <tag k="ele" v="2.029"/>
  </node>
  <node id="44800" lat="-2.71238476891" lon="63.897751548">
    <tag k="local_x" v="-209.8073"/>
    <tag k="local_y" v="160.7399"/>
    <tag k="ele" v="2.029"/>
  </node>
  <node id="44833" lat="-2.71245238436" lon="63.89778519842">
    <tag k="local_x" v="-206.0721"/>
    <tag k="local_y" v="153.2625"/>
    <tag k="ele" v="2.0319"/>
  </node>
  <node id="44834" lat="-2.71243534719" lon="63.89778875443">
    <tag k="local_x" v="-205.6754"/>
    <tag k="local_y" v="155.1456"/>
    <tag k="ele" v="2.0319"/>
  </node>
  <node id="44835" lat="-2.71241668096" lon="63.89779700048">
    <tag k="local_x" v="-204.7572"/>
    <tag k="local_y" v="157.2084"/>
    <tag k="ele" v="2.0319"/>
  </node>
  <node id="44836" lat="-2.7124027145" lon="63.89780715706">
    <tag k="local_x" v="-203.627"/>
    <tag k="local_y" v="158.7515"/>
    <tag k="ele" v="2.0319"/>
  </node>
  <node id="44837" lat="-2.71239175417" lon="63.89781955578">
    <tag k="local_x" v="-202.2478"/>
    <tag k="local_y" v="159.9621"/>
    <tag k="ele" v="2.0319"/>
  </node>
  <node id="44838" lat="-2.71245611319" lon="63.89781664098">
    <tag k="local_x" v="-202.5771"/>
    <tag k="local_y" v="152.8477"/>
    <tag k="ele" v="2.0319"/>
  </node>
  <node id="44839" lat="-2.71244444869" lon="63.89781986362">
    <tag k="local_x" v="-202.2179"/>
    <tag k="local_y" v="154.1369"/>
    <tag k="ele" v="2.0319"/>
  </node>
  <node id="44840" lat="-2.71243332881" lon="63.89782543992">
    <tag k="local_x" v="-201.5971"/>
    <tag k="local_y" v="155.3657"/>
    <tag k="ele" v="2.0319"/>
  </node>
  <node id="44841" lat="-2.71242126739" lon="63.89783323655">
    <tag k="local_x" v="-200.7294"/>
    <tag k="local_y" v="156.6984"/>
    <tag k="ele" v="2.0319"/>
  </node>
  <node id="44842" lat="-2.71241186515" lon="63.89784149932">
    <tag k="local_x" v="-199.8101"/>
    <tag k="local_y" v="157.7371"/>
    <tag k="ele" v="2.0319"/>
  </node>
  <node id="44846" lat="-2.71240307466" lon="63.89772571519">
    <tag k="local_x" v="-212.6805"/>
    <tag k="local_y" v="158.7184"/>
    <tag k="ele" v="1.085"/>
  </node>
  <node id="44847" lat="-2.71237890485" lon="63.89773394458">
    <tag k="local_x" v="-211.7637"/>
    <tag k="local_y" v="161.3896"/>
    <tag k="ele" v="1.085"/>
  </node>
  <node id="44855" lat="-2.71345701883" lon="63.89568308354">
    <tag k="local_x" v="-439.8354"/>
    <tag k="local_y" v="42.3772"/>
    <tag k="ele" v="1.634"/>
  </node>
  <node id="44856" lat="-2.71346615809" lon="63.89568540215">
    <tag k="local_x" v="-439.5784"/>
    <tag k="local_y" v="41.3667"/>
    <tag k="ele" v="1.6324"/>
  </node>
  <node id="44858" lat="-2.71347533033" lon="63.89568958919">
    <tag k="local_x" v="-439.1137"/>
    <tag k="local_y" v="40.3524"/>
    <tag k="ele" v="1.6313"/>
  </node>
  <node id="44860" lat="-2.71347794297" lon="63.89569424007">
    <tag k="local_x" v="-438.5969"/>
    <tag k="local_y" v="40.0632"/>
    <tag k="ele" v="1.6313"/>
  </node>
  <node id="44862" lat="-2.71347481157" lon="63.89569865914">
    <tag k="local_x" v="-438.1054"/>
    <tag k="local_y" v="40.409"/>
    <tag k="ele" v="1.6262"/>
  </node>
  <node id="44864" lat="-2.713468675" lon="63.89569955599">
    <tag k="local_x" v="-438.0052"/>
    <tag k="local_y" v="41.0873"/>
    <tag k="ele" v="1.6919"/>
  </node>
  <node id="44865" lat="-2.71345937317" lon="63.89565800986">
    <tag k="local_x" v="-442.6229"/>
    <tag k="local_y" v="42.119"/>
    <tag k="ele" v="1.634"/>
  </node>
  <node id="44866" lat="-2.71347168039" lon="63.89565903722">
    <tag k="local_x" v="-442.5097"/>
    <tag k="local_y" v="40.7584"/>
    <tag k="ele" v="1.6324"/>
  </node>
  <node id="44867" lat="-2.71348395363" lon="63.89566076173">
    <tag k="local_x" v="-442.319"/>
    <tag k="local_y" v="39.4015"/>
    <tag k="ele" v="1.6313"/>
  </node>
  <node id="44868" lat="-2.71349489657" lon="63.89566441213">
    <tag k="local_x" v="-441.9141"/>
    <tag k="local_y" v="38.1915"/>
    <tag k="ele" v="1.6313"/>
  </node>
  <node id="44870" lat="-2.7135025491" lon="63.89566979627">
    <tag k="local_x" v="-441.3162"/>
    <tag k="local_y" v="37.3451"/>
    <tag k="ele" v="1.6313"/>
  </node>
  <node id="44872" lat="-2.71351007872" lon="63.89567746252">
    <tag k="local_x" v="-440.4646"/>
    <tag k="local_y" v="36.5121"/>
    <tag k="ele" v="1.6313"/>
  </node>
  <node id="44874" lat="-2.71351540353" lon="63.89568795089">
    <tag k="local_x" v="-439.2991"/>
    <tag k="local_y" v="35.9226"/>
    <tag k="ele" v="1.6313"/>
  </node>
  <node id="44876" lat="-2.71351660758" lon="63.89570127796">
    <tag k="local_x" v="-437.8177"/>
    <tag k="local_y" v="35.7884"/>
    <tag k="ele" v="1.6262"/>
  </node>
  <node id="44878" lat="-2.713513376" lon="63.8957151244">
    <tag k="local_x" v="-436.2782"/>
    <tag k="local_y" v="36.1445"/>
    <tag k="ele" v="1.6262"/>
  </node>
  <node id="44880" lat="-2.7135043592" lon="63.89572814169">
    <tag k="local_x" v="-434.8304"/>
    <tag k="local_y" v="37.1402"/>
    <tag k="ele" v="1.6262"/>
  </node>
  <node id="44882" lat="-2.71348885887" lon="63.89573423024">
    <tag k="local_x" v="-434.1523"/>
    <tag k="local_y" v="38.8532"/>
    <tag k="ele" v="1.6262"/>
  </node>
  <node id="44883" lat="-2.7134736168" lon="63.89573606853">
    <tag k="local_x" v="-433.9467"/>
    <tag k="local_y" v="40.538"/>
    <tag k="ele" v="1.6919"/>
  </node>
  <node id="44884" lat="-2.71346006821" lon="63.89569770284">
    <tag k="local_x" v="-438.2105"/>
    <tag k="local_y" v="42.0389"/>
    <tag k="ele" v="1.7026"/>
  </node>
  <node id="44885" lat="-2.71344985552" lon="63.89569493456">
    <tag k="local_x" v="-438.5174"/>
    <tag k="local_y" v="43.1681"/>
    <tag k="ele" v="1.7079"/>
  </node>
  <node id="44886" lat="-2.71343865451" lon="63.8956916222">
    <tag k="local_x" v="-438.8847"/>
    <tag k="local_y" v="44.4066"/>
    <tag k="ele" v="1.7106"/>
  </node>
  <node id="44887" lat="-2.71342679575" lon="63.8956884551">
    <tag k="local_x" v="-439.2358"/>
    <tag k="local_y" v="45.7178"/>
    <tag k="ele" v="1.7132"/>
  </node>
  <node id="44888" lat="-2.71345619617" lon="63.89573098576">
    <tag k="local_x" v="-434.5103"/>
    <tag k="local_y" v="42.4642"/>
    <tag k="ele" v="1.7026"/>
  </node>
  <node id="44889" lat="-2.71344356171" lon="63.89572357482">
    <tag k="local_x" v="-435.3331"/>
    <tag k="local_y" v="43.8615"/>
    <tag k="ele" v="1.7079"/>
  </node>
  <node id="44890" lat="-2.71343317645" lon="63.8957168906">
    <tag k="local_x" v="-436.0753"/>
    <tag k="local_y" v="45.0101"/>
    <tag k="ele" v="1.7106"/>
  </node>
  <node id="44891" lat="-2.7134251192" lon="63.89571320994">
    <tag k="local_x" v="-436.4838"/>
    <tag k="local_y" v="45.9011"/>
    <tag k="ele" v="1.7132"/>
  </node>
  <node id="44898" lat="-2.71343127643" lon="63.89567968312">
    <tag k="local_x" v="-440.2113"/>
    <tag k="local_y" v="45.2232"/>
    <tag k="ele" v="1.6425"/>
  </node>
  <node id="44899" lat="-2.71343336055" lon="63.89565548362">
    <tag k="local_x" v="-442.9016"/>
    <tag k="local_y" v="44.9948"/>
    <tag k="ele" v="1.6425"/>
  </node>
  <node id="44905" lat="-2.71337193301" lon="63.89568311267">
    <tag k="local_x" v="-439.8252"/>
    <tag k="local_y" v="51.7831"/>
    <tag k="ele" v="1.4961"/>
  </node>
  <node id="44906" lat="-2.71337019351" lon="63.89570735741">
    <tag k="local_x" v="-437.1299"/>
    <tag k="local_y" v="51.9734"/>
    <tag k="ele" v="1.4961"/>
  </node>
  <node id="44923" lat="-2.71341666303" lon="63.89568642631">
    <tag k="local_x" v="-439.4605"/>
    <tag k="local_y" v="46.8381"/>
    <tag k="ele" v="1.7132"/>
  </node>
  <node id="44926" lat="-2.71341286845" lon="63.89571043835">
    <tag k="local_x" v="-436.7909"/>
    <tag k="local_y" v="47.2556"/>
    <tag k="ele" v="1.7132"/>
  </node>
  <node id="44930" lat="-2.71352166938" lon="63.895164387">
    <tag k="local_x" v="-497.5014"/>
    <tag k="local_y" v="35.273"/>
    <tag k="ele" v="1.634"/>
  </node>
  <node id="44931" lat="-2.71352783113" lon="63.89516734481">
    <tag k="local_x" v="-497.1731"/>
    <tag k="local_y" v="34.5916"/>
    <tag k="ele" v="1.6324"/>
  </node>
  <node id="44932" lat="-2.71352791541" lon="63.89517078932">
    <tag k="local_x" v="-496.7902"/>
    <tag k="local_y" v="34.582"/>
    <tag k="ele" v="1.6313"/>
  </node>
  <node id="44933" lat="-2.71352091751" lon="63.89517310325">
    <tag k="local_x" v="-496.5324"/>
    <tag k="local_y" v="35.3554"/>
    <tag k="ele" v="1.6313"/>
  </node>
  <node id="44939" lat="-2.71350937852" lon="63.89517419493">
    <tag k="local_x" v="-496.4101"/>
    <tag k="local_y" v="36.6309"/>
    <tag k="ele" v="1.6919"/>
  </node>
  <node id="44940" lat="-2.71353168097" lon="63.89513955733">
    <tag k="local_x" v="-500.2624"/>
    <tag k="local_y" v="34.1683"/>
    <tag k="ele" v="1.634"/>
  </node>
  <node id="44942" lat="-2.71354981716" lon="63.89514340102">
    <tag k="local_x" v="-499.8366"/>
    <tag k="local_y" v="32.1631"/>
    <tag k="ele" v="1.6313"/>
  </node>
  <node id="44945" lat="-2.71356701952" lon="63.89515004618">
    <tag k="local_x" v="-499.0993"/>
    <tag k="local_y" v="30.2609"/>
    <tag k="ele" v="1.6313"/>
  </node>
  <node id="44947" lat="-2.71357689985" lon="63.89515939186">
    <tag k="local_x" v="-498.0612"/>
    <tag k="local_y" v="29.1679"/>
    <tag k="ele" v="1.6313"/>
  </node>
  <node id="44949" lat="-2.71358473399" lon="63.89516992885">
    <tag k="local_x" v="-496.8905"/>
    <tag k="local_y" v="28.301"/>
    <tag k="ele" v="1.6313"/>
  </node>
  <node id="44951" lat="-2.71358583514" lon="63.8951854058">
    <tag k="local_x" v="-495.1701"/>
    <tag k="local_y" v="28.178"/>
    <tag k="ele" v="1.6262"/>
  </node>
  <node id="44954" lat="-2.71357919086" lon="63.89519755766">
    <tag k="local_x" v="-493.8187"/>
    <tag k="local_y" v="28.9115"/>
    <tag k="ele" v="1.6262"/>
  </node>
  <node id="44956" lat="-2.71356854965" lon="63.89520537696">
    <tag k="local_x" v="-492.9486"/>
    <tag k="local_y" v="30.0872"/>
    <tag k="ele" v="1.6262"/>
  </node>
  <node id="44957" lat="-2.7135542213" lon="63.89520955031">
    <tag k="local_x" v="-492.4835"/>
    <tag k="local_y" v="31.6708"/>
    <tag k="ele" v="1.6262"/>
  </node>
  <node id="44958" lat="-2.71353542597" lon="63.89520893827">
    <tag k="local_x" v="-492.55"/>
    <tag k="local_y" v="33.7486"/>
    <tag k="ele" v="1.6919"/>
  </node>
  <node id="44980" lat="-2.71345780437" lon="63.89517199174">
    <tag k="local_x" v="-496.6508"/>
    <tag k="local_y" v="42.3324"/>
    <tag k="ele" v="1.6"/>
  </node>
  <node id="44981" lat="-2.71345605404" lon="63.89519621308">
    <tag k="local_x" v="-493.9581"/>
    <tag k="local_y" v="42.5239"/>
    <tag k="ele" v="1.6"/>
  </node>
  <node id="44987" lat="-2.71350117038" lon="63.89516053437">
    <tag k="local_x" v="-497.928"/>
    <tag k="local_y" v="37.5394"/>
    <tag k="ele" v="1.6278"/>
  </node>
  <node id="44988" lat="-2.71350545362" lon="63.89513627351">
    <tag k="local_x" v="-500.6253"/>
    <tag k="local_y" v="37.0679"/>
    <tag k="ele" v="1.6278"/>
  </node>
  <node id="44996" lat="-2.713511782" lon="63.89516208493">
    <tag k="local_x" v="-497.7565"/>
    <tag k="local_y" v="36.3662"/>
    <tag k="ele" v="1.6278"/>
  </node>
  <node id="44999" lat="-2.71351784029" lon="63.89513752222">
    <tag k="local_x" v="-500.4875"/>
    <tag k="local_y" v="35.6985"/>
    <tag k="ele" v="1.6278"/>
  </node>
  <node id="45013" lat="-2.71349961832" lon="63.89517481565">
    <tag k="local_x" v="-496.3403"/>
    <tag k="local_y" v="37.7098"/>
    <tag k="ele" v="1.646"/>
  </node>
  <node id="45014" lat="-2.71349589743" lon="63.89520314837">
    <tag k="local_x" v="-493.1904"/>
    <tag k="local_y" v="38.1188"/>
    <tag k="ele" v="1.646"/>
  </node>
  <node id="45027" lat="-2.71338895773" lon="63.89515160909">
    <tag k="local_x" v="-498.911"/>
    <tag k="local_y" v="49.9448"/>
    <tag k="ele" v="1.6189"/>
  </node>
  <node id="45028" lat="-2.71339085822" lon="63.89512739056">
    <tag k="local_x" v="-501.6034"/>
    <tag k="local_y" v="49.7367"/>
    <tag k="ele" v="1.6189"/>
  </node>
  <node id="45088" lat="-2.71315888283" lon="63.89476197703">
    <tag k="local_x" v="-542.2055"/>
    <tag k="local_y" v="75.4107"/>
    <tag k="ele" v="1.3733"/>
  </node>
  <node id="45089" lat="-2.71315643399" lon="63.89479008129">
    <tag k="local_x" v="-539.0811"/>
    <tag k="local_y" v="75.6791"/>
    <tag k="ele" v="1.3748"/>
  </node>
  <node id="45091" lat="-2.71316086429" lon="63.89480283141">
    <tag k="local_x" v="-537.6641"/>
    <tag k="local_y" v="75.1883"/>
    <tag k="ele" v="1.3748"/>
  </node>
  <node id="45093" lat="-2.71317088587" lon="63.89481322787">
    <tag k="local_x" v="-536.5092"/>
    <tag k="local_y" v="74.0796"/>
    <tag k="ele" v="1.3748"/>
  </node>
  <node id="45095" lat="-2.71318395699" lon="63.89481857191">
    <tag k="local_x" v="-535.9162"/>
    <tag k="local_y" v="72.6342"/>
    <tag k="ele" v="1.3748"/>
  </node>
  <node id="45097" lat="-2.71319561846" lon="63.89481943687">
    <tag k="local_x" v="-535.821"/>
    <tag k="local_y" v="71.345"/>
    <tag k="ele" v="1.3702"/>
  </node>
  <node id="45099" lat="-2.71320742184" lon="63.89481679003">
    <tag k="local_x" v="-536.1162"/>
    <tag k="local_y" v="70.0404"/>
    <tag k="ele" v="1.3702"/>
  </node>
  <node id="45101" lat="-2.7132191355" lon="63.89481194098">
    <tag k="local_x" v="-536.6562"/>
    <tag k="local_y" v="68.7459"/>
    <tag k="ele" v="1.3702"/>
  </node>
  <node id="45102" lat="-2.7132249194" lon="63.89480479188">
    <tag k="local_x" v="-537.4514"/>
    <tag k="local_y" v="68.1071"/>
    <tag k="ele" v="1.3702"/>
  </node>
  <node id="45104" lat="-2.71322821124" lon="63.89479385017">
    <tag k="local_x" v="-538.668"/>
    <tag k="local_y" v="67.7441"/>
    <tag k="ele" v="1.3702"/>
  </node>
  <node id="45105" lat="-2.71323123485" lon="63.89476648578">
    <tag k="local_x" v="-541.7102"/>
    <tag k="local_y" v="67.4121"/>
    <tag k="ele" v="1.4739"/>
  </node>
  <node id="45106" lat="-2.71319060038" lon="63.89474313194">
    <tag k="local_x" v="-544.303"/>
    <tag k="local_y" v="71.906"/>
    <tag k="ele" v="1.3733"/>
  </node>
  <node id="45107" lat="-2.71319361962" lon="63.89474963803">
    <tag k="local_x" v="-543.58"/>
    <tag k="local_y" v="71.5717"/>
    <tag k="ele" v="1.3748"/>
  </node>
  <node id="45112" lat="-2.71319783939" lon="63.89474989931">
    <tag k="local_x" v="-543.5513"/>
    <tag k="local_y" v="71.1052"/>
    <tag k="ele" v="1.3702"/>
  </node>
  <node id="45113" lat="-2.71320177495" lon="63.89474428351">
    <tag k="local_x" v="-544.1759"/>
    <tag k="local_y" v="70.6706"/>
    <tag k="ele" v="1.4739"/>
  </node>
  <node id="45187" lat="-2.71316600785" lon="63.89467749858">
    <tag k="local_x" v="-551.5971"/>
    <tag k="local_y" v="74.63"/>
    <tag k="ele" v="1.3705"/>
  </node>
  <node id="45188" lat="-2.71319290375" lon="63.89467950549">
    <tag k="local_x" v="-551.3762"/>
    <tag k="local_y" v="71.6566"/>
    <tag k="ele" v="1.3705"/>
  </node>
  <node id="45200" lat="-2.7126460055" lon="63.89490508082">
    <tag k="local_x" v="-526.2555"/>
    <tag k="local_y" v="132.0955"/>
    <tag k="ele" v="2.9298"/>
  </node>
  <node id="45201" lat="-2.71264571209" lon="63.89489090884">
    <tag k="local_x" v="-527.8309"/>
    <tag k="local_y" v="132.1291"/>
    <tag k="ele" v="2.9298"/>
  </node>
  <node id="45202" lat="-2.71264465702" lon="63.89487671921">
    <tag k="local_x" v="-529.4082"/>
    <tag k="local_y" v="132.2469"/>
    <tag k="ele" v="2.9298"/>
  </node>
  <node id="45203" lat="-2.71264236206" lon="63.89486575721">
    <tag k="local_x" v="-530.6266"/>
    <tag k="local_y" v="132.5015"/>
    <tag k="ele" v="2.9298"/>
  </node>
  <node id="45204" lat="-2.71263505048" lon="63.89484708943">
    <tag k="local_x" v="-532.7012"/>
    <tag k="local_y" v="133.3113"/>
    <tag k="ele" v="2.3669"/>
  </node>
  <node id="45205" lat="-2.71262525269" lon="63.89491044677">
    <tag k="local_x" v="-525.6573"/>
    <tag k="local_y" v="134.3892"/>
    <tag k="ele" v="2.9298"/>
  </node>
  <node id="45206" lat="-2.71262430902" lon="63.89489730072">
    <tag k="local_x" v="-527.1186"/>
    <tag k="local_y" v="134.4946"/>
    <tag k="ele" v="2.9298"/>
  </node>
  <node id="45207" lat="-2.71262211357" lon="63.89488510279">
    <tag k="local_x" v="-528.4744"/>
    <tag k="local_y" v="134.7383"/>
    <tag k="ele" v="2.9298"/>
  </node>
  <node id="45208" lat="-2.7126181165" lon="63.89487245825">
    <tag k="local_x" v="-529.8797"/>
    <tag k="local_y" v="135.1812"/>
    <tag k="ele" v="2.9298"/>
  </node>
  <node id="45209" lat="-2.71261177527" lon="63.89485660323">
    <tag k="local_x" v="-531.6417"/>
    <tag k="local_y" v="135.8835"/>
    <tag k="ele" v="2.3669"/>
  </node>
  <node id="45218" lat="-2.71261103428" lon="63.89478618195">
    <tag k="local_x" v="-539.47"/>
    <tag k="local_y" v="135.9712"/>
    <tag k="ele" v="0.474"/>
  </node>
  <node id="45221" lat="-2.71260829666" lon="63.89477563162">
    <tag k="local_x" v="-540.6426"/>
    <tag k="local_y" v="136.2747"/>
    <tag k="ele" v="0.474"/>
  </node>
  <node id="45224" lat="-2.71260709504" lon="63.89476510311">
    <tag k="local_x" v="-541.8129"/>
    <tag k="local_y" v="136.4084"/>
    <tag k="ele" v="0.474"/>
  </node>
  <node id="45227" lat="-2.71258703778" lon="63.89479371706">
    <tag k="local_x" v="-538.6304"/>
    <tag k="local_y" v="138.6233"/>
    <tag k="ele" v="0.474"/>
  </node>
  <node id="45230" lat="-2.71258339669" lon="63.8947804215">
    <tag k="local_x" v="-540.1081"/>
    <tag k="local_y" v="139.0269"/>
    <tag k="ele" v="0.474"/>
  </node>
  <node id="45233" lat="-2.71258157254" lon="63.89476645979">
    <tag k="local_x" v="-541.66"/>
    <tag k="local_y" v="139.2297"/>
    <tag k="ele" v="0.474"/>
  </node>
  <node id="45239" lat="-2.71320443133" lon="63.89506604693">
    <tag k="local_x" v="-508.4074"/>
    <tag k="local_y" v="70.3505"/>
    <tag k="ele" v="1.5211"/>
  </node>
  <node id="45240" lat="-2.71320465493" lon="63.89506340237">
    <tag k="local_x" v="-508.7014"/>
    <tag k="local_y" v="70.326"/>
    <tag k="ele" v="1.5005"/>
  </node>
  <node id="45241" lat="-2.71320524352" lon="63.89505650673">
    <tag k="local_x" v="-509.468"/>
    <tag k="local_y" v="70.2615"/>
    <tag k="ele" v="1.4962"/>
  </node>
  <node id="45242" lat="-2.71320491523" lon="63.89504545441">
    <tag k="local_x" v="-510.6966"/>
    <tag k="local_y" v="70.2987"/>
    <tag k="ele" v="1.5003"/>
  </node>
  <node id="45243" lat="-2.71320360782" lon="63.89503851059">
    <tag k="local_x" v="-511.4684"/>
    <tag k="local_y" v="70.4438"/>
    <tag k="ele" v="1.5003"/>
  </node>
  <node id="45244" lat="-2.71320084334" lon="63.89503245088">
    <tag k="local_x" v="-512.1418"/>
    <tag k="local_y" v="70.7499"/>
    <tag k="ele" v="1.522"/>
  </node>
  <node id="45245" lat="-2.71319722675" lon="63.89502758066">
    <tag k="local_x" v="-512.6829"/>
    <tag k="local_y" v="71.1501"/>
    <tag k="ele" v="1.5234"/>
  </node>
  <node id="45246" lat="-2.71319217344" lon="63.89502300985">
    <tag k="local_x" v="-513.1906"/>
    <tag k="local_y" v="71.7091"/>
    <tag k="ele" v="1.5234"/>
  </node>
  <node id="45247" lat="-2.71318615606" lon="63.8950193298">
    <tag k="local_x" v="-513.5992"/>
    <tag k="local_y" v="72.3746"/>
    <tag k="ele" v="1.5234"/>
  </node>
  <node id="45248" lat="-2.71317892293" lon="63.89501681918">
    <tag k="local_x" v="-513.8777"/>
    <tag k="local_y" v="73.1744"/>
    <tag k="ele" v="1.5234"/>
  </node>
  <node id="45249" lat="-2.71317181352" lon="63.89501581184">
    <tag k="local_x" v="-513.9891"/>
    <tag k="local_y" v="73.9604"/>
    <tag k="ele" v="1.5234"/>
  </node>
  <node id="45250" lat="-2.71316513872" lon="63.89501547679">
    <tag k="local_x" v="-514.0258"/>
    <tag k="local_y" v="74.6983"/>
    <tag k="ele" v="1.5234"/>
  </node>
  <node id="45251" lat="-2.71315701599" lon="63.89501713591">
    <tag k="local_x" v="-513.8407"/>
    <tag k="local_y" v="75.5961"/>
    <tag k="ele" v="1.5234"/>
  </node>
  <node id="45252" lat="-2.71314954393" lon="63.89502086362">
    <tag k="local_x" v="-513.4257"/>
    <tag k="local_y" v="76.4218"/>
    <tag k="ele" v="1.5234"/>
  </node>
  <node id="45253" lat="-2.71314314054" lon="63.89502535314">
    <tag k="local_x" v="-512.9261"/>
    <tag k="local_y" v="77.1293"/>
    <tag k="ele" v="1.5234"/>
  </node>
  <node id="45254" lat="-2.71313799915" lon="63.89503095366">
    <tag k="local_x" v="-512.3031"/>
    <tag k="local_y" v="77.6972"/>
    <tag k="ele" v="1.5234"/>
  </node>
  <node id="45255" lat="-2.71313453255" lon="63.89503848318">
    <tag k="local_x" v="-511.4658"/>
    <tag k="local_y" v="78.0798"/>
    <tag k="ele" v="1.5234"/>
  </node>
  <node id="45256" lat="-2.7131320128" lon="63.89504880566">
    <tag k="local_x" v="-510.3181"/>
    <tag k="local_y" v="78.3575"/>
    <tag k="ele" v="1.5234"/>
  </node>
  <node id="45257" lat="-2.71312997876" lon="63.8950811013">
    <tag k="local_x" v="-506.7278"/>
    <tag k="local_y" v="78.5797"/>
    <tag k="ele" v="1.5289"/>
  </node>
  <node id="45258" lat="-2.71317436336" lon="63.89506477712">
    <tag k="local_x" v="-508.5461"/>
    <tag k="local_y" v="73.6745"/>
    <tag k="ele" v="1.5102"/>
  </node>
  <node id="45259" lat="-2.7131711372" lon="63.89506160917">
    <tag k="local_x" v="-508.898"/>
    <tag k="local_y" v="74.0314"/>
    <tag k="ele" v="1.5003"/>
  </node>
  <node id="45260" lat="-2.71316635523" lon="63.89506194299">
    <tag k="local_x" v="-508.8605"/>
    <tag k="local_y" v="74.56"/>
    <tag k="ele" v="1.5234"/>
  </node>
  <node id="45261" lat="-2.71316320289" lon="63.89506655365">
    <tag k="local_x" v="-508.3477"/>
    <tag k="local_y" v="74.9081"/>
    <tag k="ele" v="1.5234"/>
  </node>
  <node id="45262" lat="-2.7131585705" lon="63.89508348458">
    <tag k="local_x" v="-506.4652"/>
    <tag k="local_y" v="75.4188"/>
    <tag k="ele" v="1.5231"/>
  </node>
  <node id="45268" lat="-2.7132038422" lon="63.89508461085">
    <tag k="local_x" v="-506.3437"/>
    <tag k="local_y" v="70.4141"/>
    <tag k="ele" v="1.4445"/>
  </node>
  <node id="45269" lat="-2.71317720983" lon="63.89508221371">
    <tag k="local_x" v="-506.608"/>
    <tag k="local_y" v="73.3584"/>
    <tag k="ele" v="1.4483"/>
  </node>
  <node id="45278" lat="-2.71313134926" lon="63.89510052844">
    <tag k="local_x" v="-504.5683"/>
    <tag k="local_y" v="78.4266"/>
    <tag k="ele" v="1.4571"/>
  </node>
  <node id="45279" lat="-2.71315659599" lon="63.8951026403">
    <tag k="local_x" v="-504.3356"/>
    <tag k="local_y" v="75.6355"/>
    <tag k="ele" v="1.4545"/>
  </node>
  <node id="45289" lat="-2.71464130976" lon="63.89741856209">
    <tag k="local_x" v="-247.0086"/>
    <tag k="local_y" v="-88.6845"/>
    <tag k="ele" v="1.7823"/>
  </node>
  <node id="45290" lat="-2.71465100278" lon="63.89730305224">
    <tag k="local_x" v="-259.85"/>
    <tag k="local_y" v="-89.7465"/>
    <tag k="ele" v="1.7784"/>
  </node>
  <node id="45293" lat="-2.71461606791" lon="63.89741721391">
    <tag k="local_x" v="-247.1564"/>
    <tag k="local_y" v="-85.894"/>
    <tag k="ele" v="1.7908"/>
  </node>
  <node id="45294" lat="-2.71462517557" lon="63.89730181697">
    <tag k="local_x" v="-259.9852"/>
    <tag k="local_y" v="-86.8913"/>
    <tag k="ele" v="1.7841"/>
  </node>
  <node id="45346" lat="-2.71458144846" lon="63.89758751687">
    <tag k="local_x" v="-228.2219"/>
    <tag k="local_y" v="-82.081"/>
    <tag k="ele" v="1.7856"/>
  </node>
  <node id="45347" lat="-2.71455587789" lon="63.8975854272">
    <tag k="local_x" v="-228.4521"/>
    <tag k="local_y" v="-79.2541"/>
    <tag k="ele" v="1.7923"/>
  </node>
  <node id="45353" lat="-2.71463846304" lon="63.8974536521">
    <tag k="local_x" v="-243.1076"/>
    <tag k="local_y" v="-88.3727"/>
    <tag k="ele" v="1.784"/>
  </node>
  <node id="45354" lat="-2.71461318735" lon="63.89745159053">
    <tag k="local_x" v="-243.3347"/>
    <tag k="local_y" v="-85.5784"/>
    <tag k="ele" v="1.7916"/>
  </node>
  <node id="45360" lat="-2.71463735657" lon="63.89746839788">
    <tag k="local_x" v="-241.4683"/>
    <tag k="local_y" v="-88.2516"/>
    <tag k="ele" v="1.7848"/>
  </node>
  <node id="45361" lat="-2.71461193938" lon="63.89746442733">
    <tag k="local_x" v="-241.9076"/>
    <tag k="local_y" v="-85.4415"/>
    <tag k="ele" v="1.792"/>
  </node>
  <node id="45367" lat="-2.71457044667" lon="63.89754272202">
    <tag k="local_x" v="-233.2006"/>
    <tag k="local_y" v="-80.8611"/>
    <tag k="ele" v="1.7428"/>
  </node>
  <node id="45368" lat="-2.71459905436" lon="63.89749581272">
    <tag k="local_x" v="-238.4176"/>
    <tag k="local_y" v="-84.0197"/>
    <tag k="ele" v="1.715"/>
  </node>
  <node id="45370" lat="-2.71459365098" lon="63.89755671661">
    <tag k="local_x" v="-231.6468"/>
    <tag k="local_y" v="-83.4274"/>
    <tag k="ele" v="1.7428"/>
  </node>
  <node id="45371" lat="-2.71462225866" lon="63.89750980641">
    <tag k="local_x" v="-236.8639"/>
    <tag k="local_y" v="-86.586"/>
    <tag k="ele" v="1.715"/>
  </node>
  <node id="45376" lat="-2.71458344711" lon="63.89757730376">
    <tag k="local_x" v="-229.3574"/>
    <tag k="local_y" v="-82.3011"/>
    <tag k="ele" v="1.789"/>
  </node>
  <node id="45379" lat="-2.71458728798" lon="63.89756768123">
    <tag k="local_x" v="-230.4274"/>
    <tag k="local_y" v="-82.7249"/>
    <tag k="ele" v="1.789"/>
  </node>
  <node id="45383" lat="-2.71455814584" lon="63.89757072995">
    <tag k="local_x" v="-230.0861"/>
    <tag k="local_y" v="-79.5036"/>
    <tag k="ele" v="1.789"/>
  </node>
  <node id="45386" lat="-2.71456283772" lon="63.89755654994">
    <tag k="local_x" v="-231.6628"/>
    <tag k="local_y" v="-80.0211"/>
    <tag k="ele" v="1.789"/>
  </node>
  <node id="45392" lat="-2.71462915476" lon="63.89749723645">
    <tag k="local_x" v="-238.2618"/>
    <tag k="local_y" v="-87.3473"/>
    <tag k="ele" v="1.713"/>
  </node>
  <node id="45395" lat="-2.71463433085" lon="63.89748272216">
    <tag k="local_x" v="-239.8757"/>
    <tag k="local_y" v="-87.9183"/>
    <tag k="ele" v="1.713"/>
  </node>
  <node id="45400" lat="-2.71460485399" lon="63.89748579492">
    <tag k="local_x" v="-239.5317"/>
    <tag k="local_y" v="-84.66"/>
    <tag k="ele" v="1.713"/>
  </node>
  <node id="45403" lat="-2.7146092699" lon="63.89747534611">
    <tag k="local_x" v="-240.6936"/>
    <tag k="local_y" v="-85.1473"/>
    <tag k="ele" v="1.713"/>
  </node>
  <node id="45410" lat="-2.71411141006" lon="63.89809453908">
    <tag k="local_x" v="-171.8204"/>
    <tag k="local_y" v="-30.1619"/>
    <tag k="ele" v="2.0511"/>
  </node>
  <node id="45411" lat="-2.7140860193" lon="63.89809394552">
    <tag k="local_x" v="-171.8843"/>
    <tag k="local_y" v="-27.355"/>
    <tag k="ele" v="2.0511"/>
  </node>
  <node id="45419" lat="-2.71405424711" lon="63.8984440306">
    <tag k="local_x" v="-132.9646"/>
    <tag k="local_y" v="-23.8716"/>
    <tag k="ele" v="1.9738"/>
  </node>
  <node id="45454" lat="-2.71465305536" lon="63.89727631592">
    <tag k="local_x" v="-262.8223"/>
    <tag k="local_y" v="-89.9712"/>
    <tag k="ele" v="1.7737"/>
  </node>
  <node id="45455" lat="-2.71462742684" lon="63.89727429998">
    <tag k="local_x" v="-263.0443"/>
    <tag k="local_y" v="-87.1379"/>
    <tag k="ele" v="1.7784"/>
  </node>
  <node id="45465" lat="-2.71465253264" lon="63.89726036351">
    <tag k="local_x" v="-264.5956"/>
    <tag k="local_y" v="-89.9121"/>
    <tag k="ele" v="1.7761"/>
  </node>
  <node id="45468" lat="-2.71464848974" lon="63.89724492216">
    <tag k="local_x" v="-266.3118"/>
    <tag k="local_y" v="-89.4639"/>
    <tag k="ele" v="1.7761"/>
  </node>
  <node id="45471" lat="-2.71464113054" lon="63.89723074495">
    <tag k="local_x" v="-267.8872"/>
    <tag k="local_y" v="-88.6492"/>
    <tag k="ele" v="1.7761"/>
  </node>
  <node id="45474" lat="-2.71463081636" lon="63.89721852752">
    <tag k="local_x" v="-269.2445"/>
    <tag k="local_y" v="-87.508"/>
    <tag k="ele" v="1.7761"/>
  </node>
  <node id="45477" lat="-2.71461805333" lon="63.89720886845">
    <tag k="local_x" v="-270.3172"/>
    <tag k="local_y" v="-86.0963"/>
    <tag k="ele" v="1.7761"/>
  </node>
  <node id="45480" lat="-2.71460346618" lon="63.89720223958">
    <tag k="local_x" v="-271.0529"/>
    <tag k="local_y" v="-84.4832"/>
    <tag k="ele" v="1.7761"/>
  </node>
  <node id="45482" lat="-2.71459354547" lon="63.89719975845">
    <tag k="local_x" v="-271.3279"/>
    <tag k="local_y" v="-83.3863"/>
    <tag k="ele" v="1.7761"/>
  </node>
  <node id="45485" lat="-2.7146249909" lon="63.89726560746">
    <tag k="local_x" v="-264.0104"/>
    <tag k="local_y" v="-86.8679"/>
    <tag k="ele" v="1.7761"/>
  </node>
  <node id="45488" lat="-2.71462065038" lon="63.89725746228">
    <tag k="local_x" v="-264.9155"/>
    <tag k="local_y" v="-86.3874"/>
    <tag k="ele" v="1.7761"/>
  </node>
  <node id="45491" lat="-2.7146153066" lon="63.89724938832">
    <tag k="local_x" v="-265.8126"/>
    <tag k="local_y" v="-85.796"/>
    <tag k="ele" v="1.7761"/>
  </node>
  <node id="45494" lat="-2.71460840926" lon="63.89724179269">
    <tag k="local_x" v="-266.6564"/>
    <tag k="local_y" v="-85.0329"/>
    <tag k="ele" v="1.7761"/>
  </node>
  <node id="45497" lat="-2.71459990396" lon="63.89723485615">
    <tag k="local_x" v="-267.4268"/>
    <tag k="local_y" v="-84.0921"/>
    <tag k="ele" v="1.7761"/>
  </node>
  <node id="45500" lat="-2.71459163062" lon="63.89722982687">
    <tag k="local_x" v="-267.9852"/>
    <tag k="local_y" v="-83.1771"/>
    <tag k="ele" v="1.7761"/>
  </node>
  <node id="45502" lat="-2.71457995226" lon="63.8972249408">
    <tag k="local_x" v="-268.5274"/>
    <tag k="local_y" v="-81.8857"/>
    <tag k="ele" v="1.7761"/>
  </node>
  <node id="45506" lat="-2.71456839131" lon="63.89719727059">
    <tag k="local_x" v="-271.6024"/>
    <tag k="local_y" v="-80.6054"/>
    <tag k="ele" v="1.7674"/>
  </node>
  <node id="45507" lat="-2.71456588576" lon="63.897222489">
    <tag k="local_x" v="-268.7988"/>
    <tag k="local_y" v="-80.3305"/>
    <tag k="ele" v="1.7674"/>
  </node>
  <node id="45515" lat="-2.71502320902" lon="63.8943133464">
    <tag k="local_x" v="-592.2297"/>
    <tag k="local_y" v="-130.6463"/>
    <tag k="ele" v="2.4035"/>
  </node>
  <node id="45516" lat="-2.71481572356" lon="63.8942974613">
    <tag k="local_x" v="-593.9786"/>
    <tag k="local_y" v="-107.7083"/>
    <tag k="ele" v="1.6582"/>
  </node>
  <node id="45517" lat="-2.71502077854" lon="63.89434473774">
    <tag k="local_x" v="-588.7399"/>
    <tag k="local_y" v="-130.3802"/>
    <tag k="ele" v="2.4035"/>
  </node>
  <node id="45518" lat="-2.71481329308" lon="63.89432885263">
    <tag k="local_x" v="-590.4888"/>
    <tag k="local_y" v="-107.4422"/>
    <tag k="ele" v="1.6582"/>
  </node>
  <node id="45548" lat="-2.7151518207" lon="63.89442025929">
    <tag k="local_x" v="-580.3553"/>
    <tag k="local_y" v="-144.8726"/>
    <tag k="ele" v="1.2154"/>
  </node>
  <node id="45549" lat="-2.715119939" lon="63.89441778272">
    <tag k="local_x" v="-580.628"/>
    <tag k="local_y" v="-141.348"/>
    <tag k="ele" v="1.2154"/>
  </node>
  <node id="45562" lat="-2.71506808718" lon="63.89449700464">
    <tag k="local_x" v="-571.8171"/>
    <tag k="local_y" v="-135.6225"/>
    <tag k="ele" v="1.2606"/>
  </node>
  <node id="45565" lat="-2.71508377226" lon="63.8944955067">
    <tag k="local_x" v="-571.9849"/>
    <tag k="local_y" v="-137.3563"/>
    <tag k="ele" v="1.2606"/>
  </node>
  <node id="45568" lat="-2.71509937007" lon="63.89449092137">
    <tag k="local_x" v="-572.4959"/>
    <tag k="local_y" v="-139.0802"/>
    <tag k="ele" v="1.2606"/>
  </node>
  <node id="45571" lat="-2.7151138176" lon="63.89448341971">
    <tag k="local_x" v="-573.331"/>
    <tag k="local_y" v="-140.6767"/>
    <tag k="ele" v="1.2606"/>
  </node>
  <node id="45574" lat="-2.71512656916" lon="63.89447327116">
    <tag k="local_x" v="-574.4602"/>
    <tag k="local_y" v="-142.0855"/>
    <tag k="ele" v="1.2606"/>
  </node>
  <node id="45577" lat="-2.7151371378" lon="63.89446084511">
    <tag k="local_x" v="-575.8424"/>
    <tag k="local_y" v="-143.2528"/>
    <tag k="ele" v="1.2606"/>
  </node>
  <node id="45580" lat="-2.71514511974" lon="63.89444659822">
    <tag k="local_x" v="-577.4268"/>
    <tag k="local_y" v="-144.134"/>
    <tag k="ele" v="1.2606"/>
  </node>
  <node id="45583" lat="-2.71515020339" lon="63.89443105832">
    <tag k="local_x" v="-579.1547"/>
    <tag k="local_y" v="-144.6947"/>
    <tag k="ele" v="1.2606"/>
  </node>
  <node id="45585" lat="-2.71506691847" lon="63.89446776691">
    <tag k="local_x" v="-575.0672"/>
    <tag k="local_y" v="-135.4909"/>
    <tag k="ele" v="1.2606"/>
  </node>
  <node id="45588" lat="-2.71507782256" lon="63.89446649665">
    <tag k="local_x" v="-575.2093"/>
    <tag k="local_y" v="-136.6962"/>
    <tag k="ele" v="1.2606"/>
  </node>
  <node id="45591" lat="-2.71508778099" lon="63.89446327362">
    <tag k="local_x" v="-575.5684"/>
    <tag k="local_y" v="-137.7968"/>
    <tag k="ele" v="1.2606"/>
  </node>
  <node id="45594" lat="-2.7150968986" lon="63.89445822026">
    <tag k="local_x" v="-576.1309"/>
    <tag k="local_y" v="-138.8043"/>
    <tag k="ele" v="1.2606"/>
  </node>
  <node id="45597" lat="-2.71510484144" lon="63.89445153691">
    <tag k="local_x" v="-576.8745"/>
    <tag k="local_y" v="-139.6818"/>
    <tag k="ele" v="1.2606"/>
  </node>
  <node id="45600" lat="-2.71511132075" lon="63.89444348334">
    <tag k="local_x" v="-577.7703"/>
    <tag k="local_y" v="-140.3974"/>
    <tag k="ele" v="1.2606"/>
  </node>
  <node id="45603" lat="-2.71511610292" lon="63.89443436974">
    <tag k="local_x" v="-578.7838"/>
    <tag k="local_y" v="-140.9253"/>
    <tag k="ele" v="1.2606"/>
  </node>
  <node id="45606" lat="-2.71511902123" lon="63.8944245432">
    <tag k="local_x" v="-579.8764"/>
    <tag k="local_y" v="-141.2471"/>
    <tag k="ele" v="1.2606"/>
  </node>
  <node id="45652" lat="-2.71515327094" lon="63.89440179223">
    <tag k="local_x" v="-582.4083"/>
    <tag k="local_y" v="-145.0314"/>
    <tag k="ele" v="1.2206"/>
  </node>
  <node id="45653" lat="-2.71512138924" lon="63.89439931656">
    <tag k="local_x" v="-582.6809"/>
    <tag k="local_y" v="-141.5068"/>
    <tag k="ele" v="1.2206"/>
  </node>
  <node id="45661" lat="-2.71515276147" lon="63.89438501581">
    <tag k="local_x" v="-584.2732"/>
    <tag k="local_y" v="-144.9737"/>
    <tag k="ele" v="1.2206"/>
  </node>
  <node id="45664" lat="-2.71514866849" lon="63.89436873601">
    <tag k="local_x" v="-586.0826"/>
    <tag k="local_y" v="-144.5199"/>
    <tag k="ele" v="1.2206"/>
  </node>
  <node id="45667" lat="-2.71514118958" lon="63.89435370053">
    <tag k="local_x" v="-587.7534"/>
    <tag k="local_y" v="-143.6919"/>
    <tag k="ele" v="1.2206"/>
  </node>
  <node id="45670" lat="-2.71513066887" lon="63.89434059418">
    <tag k="local_x" v="-589.2095"/>
    <tag k="local_y" v="-142.5278"/>
    <tag k="ele" v="1.2206"/>
  </node>
  <node id="45673" lat="-2.71511758898" lon="63.89433001643">
    <tag k="local_x" v="-590.3843"/>
    <tag k="local_y" v="-141.081"/>
    <tag k="ele" v="1.2206"/>
  </node>
  <node id="45676" lat="-2.7151025511" lon="63.8943224499">
    <tag k="local_x" v="-591.2242"/>
    <tag k="local_y" v="-139.418"/>
    <tag k="ele" v="1.2206"/>
  </node>
  <node id="45679" lat="-2.71508680054" lon="63.89431833179">
    <tag k="local_x" v="-591.6807"/>
    <tag k="local_y" v="-137.6765"/>
    <tag k="ele" v="1.2206"/>
  </node>
  <node id="45682" lat="-2.71512111171" lon="63.89438933565">
    <tag k="local_x" v="-583.7904"/>
    <tag k="local_y" v="-141.4753"/>
    <tag k="ele" v="1.2206"/>
  </node>
  <node id="45685" lat="-2.71511871178" lon="63.89437963654">
    <tag k="local_x" v="-584.8684"/>
    <tag k="local_y" v="-141.2092"/>
    <tag k="ele" v="1.2206"/>
  </node>
  <node id="45688" lat="-2.71511429043" lon="63.89437066189">
    <tag k="local_x" v="-585.8657"/>
    <tag k="local_y" v="-140.7197"/>
    <tag k="ele" v="1.2206"/>
  </node>
  <node id="45691" lat="-2.71510804728" lon="63.89436282386">
    <tag k="local_x" v="-586.7365"/>
    <tag k="local_y" v="-140.0289"/>
    <tag k="ele" v="1.2206"/>
  </node>
  <node id="45694" lat="-2.7151002661" lon="63.89435648338">
    <tag k="local_x" v="-587.4407"/>
    <tag k="local_y" v="-139.1682"/>
    <tag k="ele" v="1.2206"/>
  </node>
  <node id="45697" lat="-2.71509130218" lon="63.89435193127">
    <tag k="local_x" v="-587.946"/>
    <tag k="local_y" v="-138.1769"/>
    <tag k="ele" v="1.2206"/>
  </node>
  <node id="45700" lat="-2.71508100798" lon="63.89434928437">
    <tag k="local_x" v="-588.2394"/>
    <tag k="local_y" v="-137.0387"/>
    <tag k="ele" v="1.2206"/>
  </node>
  <node id="45731" lat="-2.71477686131" lon="63.89429463057">
    <tag k="local_x" v="-594.2901"/>
    <tag k="local_y" v="-103.412"/>
    <tag k="ele" v="1.5388"/>
  </node>
  <node id="45734" lat="-2.71476148353" lon="63.89429527145">
    <tag k="local_x" v="-594.2176"/>
    <tag k="local_y" v="-101.7121"/>
    <tag k="ele" v="1.5388"/>
  </node>
  <node id="45737" lat="-2.71474597929" lon="63.89429809639">
    <tag k="local_x" v="-593.9023"/>
    <tag k="local_y" v="-99.9984"/>
    <tag k="ele" v="1.5388"/>
  </node>
  <node id="45740" lat="-2.71473102708" lon="63.89430305641">
    <tag k="local_x" v="-593.3497"/>
    <tag k="local_y" v="-98.3459"/>
    <tag k="ele" v="1.5388"/>
  </node>
  <node id="45743" lat="-2.71471692278" lon="63.89431005277">
    <tag k="local_x" v="-592.5708"/>
    <tag k="local_y" v="-96.7873"/>
    <tag k="ele" v="1.5388"/>
  </node>
  <node id="45746" lat="-2.7147039451" lon="63.89431894806">
    <tag k="local_x" v="-591.5809"/>
    <tag k="local_y" v="-95.3534"/>
    <tag k="ele" v="1.5388"/>
  </node>
  <node id="45748" lat="-2.71477665608" lon="63.8943261144">
    <tag k="local_x" v="-590.7902"/>
    <tag k="local_y" v="-103.3919"/>
    <tag k="ele" v="1.5388"/>
  </node>
  <node id="45751" lat="-2.7147649855" lon="63.8943265628">
    <tag k="local_x" v="-590.7394"/>
    <tag k="local_y" v="-102.1018"/>
    <tag k="ele" v="1.5388"/>
  </node>
  <node id="45754" lat="-2.71475386102" lon="63.89432858944">
    <tag k="local_x" v="-590.5132"/>
    <tag k="local_y" v="-100.8722"/>
    <tag k="ele" v="1.5388"/>
  </node>
  <node id="45757" lat="-2.71474313343" lon="63.89433214834">
    <tag k="local_x" v="-590.1167"/>
    <tag k="local_y" v="-99.6866"/>
    <tag k="ele" v="1.5388"/>
  </node>
  <node id="45760" lat="-2.71473301355" lon="63.89433716858">
    <tag k="local_x" v="-589.5578"/>
    <tag k="local_y" v="-98.5683"/>
    <tag k="ele" v="1.5388"/>
  </node>
  <node id="45763" lat="-2.71472370228" lon="63.89434355137">
    <tag k="local_x" v="-588.8475"/>
    <tag k="local_y" v="-97.5395"/>
    <tag k="ele" v="1.5388"/>
  </node>
  <way id="21">
    <nd ref="14"/>
    <nd ref="20"/>
    <nd ref="83"/>
    <nd ref="104"/>
    <tag k="type" v="line_thin"/>
    <tag k="subtype" v="solid"/>
  </way>
  <way id="78">
    <nd ref="8"/>
    <nd ref="77"/>
    <nd ref="79"/>
    <nd ref="80"/>
    <tag k="type" v="line_thin"/>
    <tag k="subtype" v="solid"/>
  </way>
  <way id="315">
    <nd ref="302"/>
    <nd ref="314"/>
    <nd ref="318"/>
    <tag k="type" v="line_thin"/>
    <tag k="subtype" v="solid"/>
  </way>
  <way id="320">
    <nd ref="312"/>
    <nd ref="319"/>
    <nd ref="322"/>
    <tag k="type" v="line_thin"/>
    <tag k="subtype" v="solid"/>
  </way>
  <way id="470">
    <nd ref="467"/>
    <nd ref="474"/>
    <nd ref="476"/>
    <tag k="type" v="line_thin"/>
    <tag k="subtype" v="solid"/>
  </way>
  <way id="478">
    <nd ref="461"/>
    <nd ref="479"/>
    <nd ref="481"/>
    <tag k="type" v="line_thin"/>
    <tag k="subtype" v="solid"/>
  </way>
  <way id="485">
    <nd ref="476"/>
    <nd ref="486"/>
    <nd ref="490"/>
    <tag k="type" v="line_thin"/>
    <tag k="subtype" v="solid"/>
  </way>
  <way id="492">
    <nd ref="481"/>
    <nd ref="493"/>
    <nd ref="496"/>
    <tag k="type" v="line_thin"/>
    <tag k="subtype" v="solid"/>
  </way>
  <way id="499">
    <nd ref="490"/>
    <nd ref="498"/>
    <nd ref="501"/>
    <nd ref="502"/>
    <tag k="type" v="line_thin"/>
    <tag k="subtype" v="solid"/>
  </way>
  <way id="504">
    <nd ref="496"/>
    <nd ref="503"/>
    <nd ref="506"/>
    <nd ref="507"/>
    <tag k="type" v="line_thin"/>
    <tag k="subtype" v="solid"/>
  </way>
  <way id="510">
    <nd ref="502"/>
    <nd ref="511"/>
    <nd ref="513"/>
    <nd ref="514"/>
    <tag k="type" v="line_thin"/>
    <tag k="subtype" v="solid"/>
  </way>
  <way id="516">
    <nd ref="507"/>
    <nd ref="517"/>
    <nd ref="519"/>
    <nd ref="520"/>
    <tag k="type" v="line_thin"/>
    <tag k="subtype" v="solid"/>
  </way>
  <way id="523">
    <nd ref="514"/>
    <nd ref="522"/>
    <nd ref="1047"/>
    <nd ref="524"/>
    <tag k="type" v="line_thin"/>
    <tag k="subtype" v="solid"/>
  </way>
  <way id="526">
    <nd ref="520"/>
    <nd ref="525"/>
    <nd ref="527"/>
    <tag k="type" v="line_thin"/>
    <tag k="subtype" v="solid"/>
  </way>
  <way id="746">
    <nd ref="730"/>
    <nd ref="748"/>
    <nd ref="749"/>
    <nd ref="750"/>
    <nd ref="751"/>
    <tag k="type" v="line_thin"/>
    <tag k="subtype" v="solid"/>
  </way>
  <way id="756">
    <nd ref="743"/>
    <nd ref="757"/>
    <nd ref="758"/>
    <nd ref="759"/>
    <nd ref="760"/>
    <tag k="type" v="line_thin"/>
    <tag k="subtype" v="solid"/>
  </way>
  <way id="1699">
    <nd ref="1486"/>
    <nd ref="1697"/>
    <tag k="type" v="line_thin"/>
    <tag k="subtype" v="solid"/>
  </way>
  <way id="1701">
    <nd ref="1488"/>
    <nd ref="1698"/>
    <tag k="type" v="line_thin"/>
    <tag k="subtype" v="solid"/>
  </way>
  <way id="2425">
    <nd ref="1475"/>
    <nd ref="2423"/>
    <tag k="type" v="line_thin"/>
    <tag k="subtype" v="solid"/>
  </way>
  <way id="2427">
    <nd ref="1472"/>
    <nd ref="2424"/>
    <tag k="type" v="line_thin"/>
    <tag k="subtype" v="solid"/>
  </way>
  <way id="4345">
    <nd ref="524"/>
    <nd ref="1031"/>
    <nd ref="529"/>
    <nd ref="531"/>
    <nd ref="533"/>
    <nd ref="535"/>
    <nd ref="536"/>
    <nd ref="4343"/>
    <tag k="type" v="line_thin"/>
    <tag k="subtype" v="solid"/>
  </way>
  <way id="4347">
    <nd ref="527"/>
    <nd ref="1032"/>
    <nd ref="1036"/>
    <nd ref="546"/>
    <nd ref="548"/>
    <nd ref="552"/>
    <nd ref="553"/>
    <nd ref="554"/>
    <nd ref="1283"/>
    <nd ref="4344"/>
    <tag k="type" v="line_thin"/>
    <tag k="subtype" v="solid"/>
  </way>
  <way id="4893">
    <nd ref="4827"/>
    <nd ref="4868"/>
    <nd ref="4872"/>
    <nd ref="4876"/>
    <nd ref="4058"/>
    <tag k="type" v="line_thin"/>
    <tag k="subtype" v="solid"/>
  </way>
  <way id="4894">
    <nd ref="4828"/>
    <nd ref="4882"/>
    <nd ref="4886"/>
    <nd ref="4890"/>
    <nd ref="4059"/>
    <tag k="type" v="line_thin"/>
    <tag k="subtype" v="solid"/>
  </way>
  <way id="9782">
    <nd ref="164"/>
    <nd ref="9780"/>
    <tag k="type" v="line_thin"/>
    <tag k="subtype" v="solid"/>
  </way>
  <way id="9784">
    <nd ref="170"/>
    <nd ref="9781"/>
    <tag k="type" v="line_thin"/>
    <tag k="subtype" v="solid"/>
  </way>
  <way id="9883">
    <nd ref="760"/>
    <nd ref="767"/>
    <nd ref="769"/>
    <nd ref="9881"/>
    <tag k="type" v="line_thin"/>
    <tag k="subtype" v="solid"/>
  </way>
  <way id="9885">
    <nd ref="751"/>
    <nd ref="762"/>
    <nd ref="764"/>
    <nd ref="9882"/>
    <tag k="type" v="line_thin"/>
    <tag k="subtype" v="solid"/>
  </way>
  <way id="9907">
    <nd ref="723"/>
    <nd ref="9905"/>
    <tag k="type" v="line_thin"/>
    <tag k="subtype" v="solid"/>
  </way>
  <way id="9908">
    <nd ref="9905"/>
    <nd ref="741"/>
    <nd ref="743"/>
    <tag k="type" v="line_thin"/>
    <tag k="subtype" v="solid"/>
  </way>
  <way id="9909">
    <nd ref="706"/>
    <nd ref="9906"/>
    <tag k="type" v="line_thin"/>
    <tag k="subtype" v="solid"/>
  </way>
  <way id="9910">
    <nd ref="9906"/>
    <nd ref="728"/>
    <nd ref="730"/>
    <tag k="type" v="line_thin"/>
    <tag k="subtype" v="solid"/>
  </way>
  <way id="10721">
    <nd ref="10718"/>
    <nd ref="312"/>
    <tag k="type" v="line_thin"/>
    <tag k="subtype" v="solid"/>
    <tag k="lane_change" v="yes"/>
  </way>
  <way id="10826">
    <nd ref="10823"/>
    <nd ref="302"/>
    <tag k="type" v="line_thin"/>
    <tag k="subtype" v="solid"/>
    <tag k="lane_change" v="yes"/>
  </way>
  <way id="10828">
    <nd ref="10824"/>
    <nd ref="10718"/>
    <nd ref="312"/>
    <tag k="type" v="line_thin"/>
    <tag k="subtype" v="solid"/>
    <tag k="lane_change" v="yes"/>
  </way>
  <way id="12381">
    <nd ref="12378"/>
    <nd ref="11917"/>
    <tag k="type" v="line_thin"/>
    <tag k="subtype" v="solid"/>
  </way>
  <way id="12383">
    <nd ref="12379"/>
    <nd ref="11918"/>
    <tag k="type" v="line_thin"/>
    <tag k="subtype" v="solid"/>
  </way>
  <way id="12385">
    <nd ref="12360"/>
    <nd ref="12378"/>
    <tag k="type" v="line_thin"/>
    <tag k="subtype" v="solid"/>
  </way>
  <way id="12386">
    <nd ref="12365"/>
    <nd ref="12379"/>
    <tag k="type" v="line_thin"/>
    <tag k="subtype" v="solid"/>
  </way>
  <way id="13137">
    <nd ref="13135"/>
    <nd ref="13136"/>
    <tag k="type" v="line_thin"/>
    <tag k="subtype" v="solid"/>
  </way>
  <way id="13140">
    <nd ref="13138"/>
    <nd ref="13139"/>
    <tag k="type" v="line_thin"/>
    <tag k="subtype" v="solid"/>
  </way>
  <way id="13255">
    <nd ref="13139"/>
    <nd ref="13174"/>
    <nd ref="13177"/>
    <nd ref="13180"/>
    <nd ref="13183"/>
    <nd ref="13186"/>
    <nd ref="13189"/>
    <nd ref="13192"/>
    <nd ref="13195"/>
    <nd ref="13198"/>
    <nd ref="13201"/>
    <nd ref="13204"/>
    <nd ref="13207"/>
    <nd ref="13210"/>
    <nd ref="13213"/>
    <nd ref="13076"/>
    <tag k="type" v="line_thin"/>
    <tag k="subtype" v="solid"/>
  </way>
  <way id="13256">
    <nd ref="13136"/>
    <nd ref="13215"/>
    <nd ref="13218"/>
    <nd ref="13221"/>
    <nd ref="13224"/>
    <nd ref="13227"/>
    <nd ref="13230"/>
    <nd ref="13233"/>
    <nd ref="13236"/>
    <nd ref="13239"/>
    <nd ref="13242"/>
    <nd ref="13245"/>
    <nd ref="13248"/>
    <nd ref="13251"/>
    <nd ref="13254"/>
    <nd ref="13073"/>
    <tag k="type" v="line_thin"/>
    <tag k="subtype" v="solid"/>
  </way>
  <way id="14853">
    <nd ref="14851"/>
    <nd ref="14852"/>
    <tag k="type" v="line_thin"/>
    <tag k="subtype" v="solid"/>
  </way>
  <way id="14856">
    <nd ref="14854"/>
    <nd ref="14855"/>
    <tag k="type" v="line_thin"/>
    <tag k="subtype" v="solid"/>
  </way>
  <way id="15038">
    <nd ref="15035"/>
    <nd ref="12258"/>
    <tag k="type" v="line_thin"/>
    <tag k="subtype" v="solid"/>
  </way>
  <way id="15040">
    <nd ref="15036"/>
    <nd ref="12259"/>
    <tag k="type" v="line_thin"/>
    <tag k="subtype" v="solid"/>
  </way>
  <way id="15053">
    <nd ref="15049"/>
    <nd ref="15050"/>
    <tag k="type" v="line_thin"/>
    <tag k="subtype" v="solid"/>
  </way>
  <way id="15054">
    <nd ref="15051"/>
    <nd ref="15052"/>
    <tag k="type" v="line_thin"/>
    <tag k="subtype" v="solid"/>
  </way>
  <way id="15097">
    <nd ref="15050"/>
    <nd ref="15035"/>
    <tag k="type" v="line_thin"/>
    <tag k="subtype" v="solid"/>
  </way>
  <way id="15098">
    <nd ref="15052"/>
    <nd ref="15036"/>
    <tag k="type" v="line_thin"/>
    <tag k="subtype" v="solid"/>
  </way>
  <way id="15108">
    <nd ref="15106"/>
    <nd ref="15107"/>
    <tag k="type" v="line_thin"/>
    <tag k="subtype" v="solid"/>
  </way>
  <way id="15111">
    <nd ref="15109"/>
    <nd ref="15110"/>
    <tag k="type" v="line_thin"/>
    <tag k="subtype" v="solid"/>
  </way>
  <way id="15277">
    <nd ref="182"/>
    <nd ref="15109"/>
    <tag k="type" v="line_thin"/>
    <tag k="subtype" v="solid"/>
  </way>
  <way id="15278">
    <nd ref="188"/>
    <nd ref="15106"/>
    <tag k="type" v="line_thin"/>
    <tag k="subtype" v="solid"/>
  </way>
  <way id="21008">
    <nd ref="20994"/>
    <nd ref="20996"/>
    <nd ref="20997"/>
    <nd ref="20998"/>
    <nd ref="20999"/>
    <nd ref="21000"/>
    <tag k="type" v="line_thin"/>
    <tag k="subtype" v="solid"/>
  </way>
  <way id="21009">
    <nd ref="21001"/>
    <nd ref="21003"/>
    <nd ref="21004"/>
    <nd ref="21005"/>
    <nd ref="21006"/>
    <nd ref="21007"/>
    <tag k="type" v="line_thin"/>
    <tag k="subtype" v="solid"/>
  </way>
  <way id="21051">
    <nd ref="20987"/>
    <nd ref="8036"/>
    <tag k="type" v="line_thin"/>
    <tag k="subtype" v="solid"/>
  </way>
  <way id="21052">
    <nd ref="20988"/>
    <nd ref="8037"/>
    <tag k="type" v="line_thin"/>
    <tag k="subtype" v="solid"/>
  </way>
  <way id="21118">
    <nd ref="21115"/>
    <nd ref="10332"/>
    <nd ref="10339"/>
    <tag k="type" v="line_thin"/>
    <tag k="subtype" v="solid"/>
  </way>
  <way id="21120">
    <nd ref="21116"/>
    <nd ref="10333"/>
    <nd ref="10340"/>
    <tag k="type" v="line_thin"/>
    <tag k="subtype" v="solid"/>
  </way>
  <way id="21133">
    <nd ref="21125"/>
    <nd ref="21126"/>
    <nd ref="21127"/>
    <nd ref="21128"/>
    <tag k="type" v="line_thin"/>
    <tag k="subtype" v="solid"/>
  </way>
  <way id="21134">
    <nd ref="21129"/>
    <nd ref="21130"/>
    <nd ref="21131"/>
    <nd ref="21132"/>
    <tag k="type" v="line_thin"/>
    <tag k="subtype" v="solid"/>
  </way>
  <way id="21138">
    <nd ref="7015"/>
    <nd ref="21136"/>
    <tag k="type" v="line_thin"/>
    <tag k="subtype" v="solid"/>
  </way>
  <way id="21140">
    <nd ref="7016"/>
    <nd ref="21137"/>
    <tag k="type" v="line_thin"/>
    <tag k="subtype" v="solid"/>
  </way>
  <way id="21170">
    <nd ref="21136"/>
    <nd ref="21115"/>
    <tag k="type" v="line_thin"/>
    <tag k="subtype" v="solid"/>
  </way>
  <way id="21171">
    <nd ref="21137"/>
    <nd ref="21116"/>
    <tag k="type" v="line_thin"/>
    <tag k="subtype" v="solid"/>
  </way>
  <way id="21734">
    <nd ref="13076"/>
    <nd ref="21732"/>
    <tag k="type" v="line_thin"/>
    <tag k="subtype" v="solid"/>
  </way>
  <way id="21736">
    <nd ref="13073"/>
    <nd ref="21733"/>
    <tag k="type" v="line_thin"/>
    <tag k="subtype" v="solid"/>
  </way>
  <way id="21773">
    <nd ref="10339"/>
    <nd ref="10741"/>
    <nd ref="10743"/>
    <nd ref="10746"/>
    <nd ref="10749"/>
    <nd ref="10752"/>
    <nd ref="10755"/>
    <nd ref="16252"/>
    <nd ref="21739"/>
    <nd ref="16259"/>
    <nd ref="16262"/>
    <nd ref="16265"/>
    <nd ref="16268"/>
    <nd ref="16271"/>
    <nd ref="10823"/>
    <tag k="type" v="line_thin"/>
    <tag k="subtype" v="solid"/>
  </way>
  <way id="21774">
    <nd ref="10340"/>
    <nd ref="10766"/>
    <nd ref="10769"/>
    <nd ref="10772"/>
    <nd ref="10775"/>
    <nd ref="10778"/>
    <nd ref="10781"/>
    <nd ref="10784"/>
    <nd ref="16253"/>
    <nd ref="21740"/>
    <nd ref="16274"/>
    <nd ref="16277"/>
    <nd ref="16280"/>
    <nd ref="16283"/>
    <nd ref="16286"/>
    <nd ref="10824"/>
    <tag k="type" v="line_thin"/>
    <tag k="subtype" v="solid"/>
  </way>
  <way id="21775">
    <nd ref="21128"/>
    <nd ref="21208"/>
    <nd ref="21210"/>
    <nd ref="21212"/>
    <nd ref="21214"/>
    <nd ref="21216"/>
    <nd ref="21218"/>
    <nd ref="16452"/>
    <nd ref="16455"/>
    <nd ref="16458"/>
    <nd ref="16461"/>
    <nd ref="10823"/>
    <tag k="type" v="line_thin"/>
    <tag k="subtype" v="solid"/>
  </way>
  <way id="21776">
    <nd ref="21132"/>
    <nd ref="21219"/>
    <nd ref="21221"/>
    <nd ref="21223"/>
    <nd ref="21225"/>
    <nd ref="21227"/>
    <nd ref="21229"/>
    <nd ref="16465"/>
    <nd ref="16468"/>
    <nd ref="16471"/>
    <nd ref="16474"/>
    <nd ref="16477"/>
    <nd ref="10824"/>
    <tag k="type" v="line_thin"/>
    <tag k="subtype" v="solid"/>
  </way>
  <way id="22020">
    <nd ref="22003"/>
    <nd ref="21994"/>
    <nd ref="21125"/>
    <tag k="type" v="line_thin"/>
    <tag k="subtype" v="solid"/>
  </way>
  <way id="22021">
    <nd ref="22004"/>
    <nd ref="21998"/>
    <nd ref="22011"/>
    <nd ref="21129"/>
    <tag k="type" v="line_thin"/>
    <tag k="subtype" v="solid"/>
  </way>
  <way id="22079">
    <nd ref="22043"/>
    <nd ref="22047"/>
    <nd ref="22055"/>
    <nd ref="22058"/>
    <nd ref="22061"/>
    <nd ref="10823"/>
    <tag k="type" v="line_thin"/>
    <tag k="subtype" v="solid"/>
  </way>
  <way id="22080">
    <nd ref="22040"/>
    <nd ref="22048"/>
    <nd ref="22066"/>
    <nd ref="22068"/>
    <nd ref="22073"/>
    <nd ref="10824"/>
    <tag k="type" v="line_thin"/>
    <tag k="subtype" v="solid"/>
  </way>
  <way id="22430">
    <nd ref="22408"/>
    <nd ref="22338"/>
    <tag k="type" v="line_thin"/>
    <tag k="subtype" v="solid"/>
  </way>
  <way id="22431">
    <nd ref="22405"/>
    <nd ref="22339"/>
    <tag k="type" v="line_thin"/>
    <tag k="subtype" v="solid"/>
  </way>
  <way id="23754">
    <nd ref="23727"/>
    <nd ref="22616"/>
    <nd ref="23752"/>
    <tag k="type" v="line_thin"/>
    <tag k="subtype" v="solid"/>
  </way>
  <way id="23755">
    <nd ref="23752"/>
    <nd ref="22900"/>
    <tag k="type" v="line_thin"/>
    <tag k="subtype" v="solid"/>
  </way>
  <way id="23756">
    <nd ref="23728"/>
    <nd ref="22618"/>
    <nd ref="23753"/>
    <tag k="type" v="line_thin"/>
    <tag k="subtype" v="solid"/>
  </way>
  <way id="23757">
    <nd ref="23753"/>
    <nd ref="22901"/>
    <tag k="type" v="line_thin"/>
    <tag k="subtype" v="solid"/>
  </way>
  <way id="23877">
    <nd ref="23875"/>
    <nd ref="23876"/>
    <tag k="type" v="line_thin"/>
    <tag k="subtype" v="solid"/>
  </way>
  <way id="23880">
    <nd ref="23878"/>
    <nd ref="23879"/>
    <tag k="type" v="line_thin"/>
    <tag k="subtype" v="solid"/>
  </way>
  <way id="24197">
    <nd ref="24194"/>
    <nd ref="24151"/>
    <tag k="type" v="line_thin"/>
    <tag k="subtype" v="solid"/>
  </way>
  <way id="24199">
    <nd ref="24195"/>
    <nd ref="24153"/>
    <tag k="type" v="line_thin"/>
    <tag k="subtype" v="solid"/>
  </way>
  <way id="24293">
    <nd ref="24151"/>
    <nd ref="24291"/>
    <tag k="type" v="line_thin"/>
    <tag k="subtype" v="solid"/>
  </way>
  <way id="24295">
    <nd ref="24153"/>
    <nd ref="24292"/>
    <tag k="type" v="line_thin"/>
    <tag k="subtype" v="solid"/>
  </way>
  <way id="24352">
    <nd ref="24263"/>
    <nd ref="24311"/>
    <tag k="type" v="line_thin"/>
    <tag k="subtype" v="solid"/>
  </way>
  <way id="24353">
    <nd ref="24264"/>
    <nd ref="24329"/>
    <tag k="type" v="line_thin"/>
    <tag k="subtype" v="solid"/>
  </way>
  <way id="24355">
    <nd ref="24284"/>
    <nd ref="24263"/>
    <tag k="type" v="line_thin"/>
    <tag k="subtype" v="solid"/>
  </way>
  <way id="24356">
    <nd ref="24285"/>
    <nd ref="24264"/>
    <tag k="type" v="line_thin"/>
    <tag k="subtype" v="solid"/>
  </way>
  <way id="24358">
    <nd ref="23903"/>
    <nd ref="23910"/>
    <nd ref="24284"/>
    <tag k="type" v="line_thin"/>
    <tag k="subtype" v="solid"/>
  </way>
  <way id="24359">
    <nd ref="23904"/>
    <nd ref="23911"/>
    <nd ref="24285"/>
    <tag k="type" v="line_thin"/>
    <tag k="subtype" v="solid"/>
  </way>
  <way id="24582">
    <nd ref="24549"/>
    <nd ref="24550"/>
    <nd ref="24483"/>
    <nd ref="23924"/>
    <tag k="type" v="line_thin"/>
    <tag k="subtype" v="solid"/>
  </way>
  <way id="24583">
    <nd ref="24551"/>
    <nd ref="24552"/>
    <nd ref="24484"/>
    <nd ref="23925"/>
    <tag k="type" v="line_thin"/>
    <tag k="subtype" v="solid"/>
  </way>
  <way id="24605">
    <nd ref="24328"/>
    <nd ref="24389"/>
    <tag k="type" v="line_thin"/>
    <tag k="subtype" v="solid"/>
  </way>
  <way id="24606">
    <nd ref="24344"/>
    <nd ref="24391"/>
    <tag k="type" v="line_thin"/>
    <tag k="subtype" v="solid"/>
  </way>
  <way id="25086">
    <nd ref="25077"/>
    <nd ref="23878"/>
    <tag k="type" v="line_thin"/>
    <tag k="subtype" v="solid"/>
  </way>
  <way id="25087">
    <nd ref="25078"/>
    <nd ref="23875"/>
    <tag k="type" v="line_thin"/>
    <tag k="subtype" v="solid"/>
  </way>
  <way id="25227">
    <nd ref="24899"/>
    <nd ref="25168"/>
    <nd ref="25172"/>
    <nd ref="25176"/>
    <nd ref="25202"/>
    <nd ref="25206"/>
    <nd ref="25210"/>
    <nd ref="25195"/>
    <nd ref="19125"/>
    <tag k="type" v="line_thin"/>
    <tag k="subtype" v="solid"/>
  </way>
  <way id="25228">
    <nd ref="24901"/>
    <nd ref="25179"/>
    <nd ref="25183"/>
    <nd ref="25187"/>
    <nd ref="25160"/>
    <nd ref="25214"/>
    <nd ref="25218"/>
    <nd ref="19129"/>
    <tag k="type" v="line_thin"/>
    <tag k="subtype" v="solid"/>
  </way>
  <way id="25237">
    <nd ref="23879"/>
    <nd ref="19125"/>
    <tag k="type" v="line_thin"/>
    <tag k="subtype" v="solid"/>
  </way>
  <way id="25238">
    <nd ref="23876"/>
    <nd ref="19129"/>
    <tag k="type" v="line_thin"/>
    <tag k="subtype" v="solid"/>
  </way>
  <way id="25242">
    <nd ref="25036"/>
    <nd ref="25240"/>
    <tag k="type" v="line_thin"/>
    <tag k="subtype" v="solid"/>
  </way>
  <way id="25243">
    <nd ref="25240"/>
    <nd ref="24899"/>
    <tag k="type" v="line_thin"/>
    <tag k="subtype" v="solid"/>
  </way>
  <way id="25244">
    <nd ref="25037"/>
    <nd ref="25241"/>
    <tag k="type" v="line_thin"/>
    <tag k="subtype" v="solid"/>
  </way>
  <way id="25245">
    <nd ref="25241"/>
    <nd ref="24901"/>
    <tag k="type" v="line_thin"/>
    <tag k="subtype" v="solid"/>
  </way>
  <way id="25386">
    <nd ref="25383"/>
    <nd ref="19406"/>
    <tag k="type" v="line_thin"/>
    <tag k="subtype" v="solid"/>
  </way>
  <way id="25388">
    <nd ref="25384"/>
    <nd ref="19409"/>
    <tag k="type" v="line_thin"/>
    <tag k="subtype" v="solid"/>
  </way>
  <way id="25394">
    <nd ref="25390"/>
    <nd ref="25391"/>
    <tag k="type" v="line_thin"/>
    <tag k="subtype" v="solid"/>
  </way>
  <way id="25395">
    <nd ref="25392"/>
    <nd ref="25393"/>
    <tag k="type" v="line_thin"/>
    <tag k="subtype" v="solid"/>
  </way>
  <way id="25404">
    <nd ref="23886"/>
    <nd ref="25402"/>
    <tag k="type" v="line_thin"/>
    <tag k="subtype" v="solid"/>
  </way>
  <way id="25406">
    <nd ref="23888"/>
    <nd ref="25403"/>
    <tag k="type" v="line_thin"/>
    <tag k="subtype" v="solid"/>
  </way>
  <way id="25409">
    <nd ref="25402"/>
    <nd ref="24827"/>
    <nd ref="25383"/>
    <tag k="type" v="line_thin"/>
    <tag k="subtype" v="solid"/>
  </way>
  <way id="25410">
    <nd ref="25403"/>
    <nd ref="24828"/>
    <nd ref="25384"/>
    <tag k="type" v="line_thin"/>
    <tag k="subtype" v="solid"/>
  </way>
  <way id="25411">
    <nd ref="25334"/>
    <nd ref="25390"/>
    <tag k="type" v="line_thin"/>
    <tag k="subtype" v="solid"/>
  </way>
  <way id="25412">
    <nd ref="25360"/>
    <nd ref="25392"/>
    <tag k="type" v="line_thin"/>
    <tag k="subtype" v="solid"/>
  </way>
  <way id="25710">
    <nd ref="25707"/>
    <nd ref="25672"/>
    <tag k="type" v="line_thin"/>
    <tag k="subtype" v="solid"/>
  </way>
  <way id="25712">
    <nd ref="25708"/>
    <nd ref="25673"/>
    <tag k="type" v="line_thin"/>
    <tag k="subtype" v="solid"/>
  </way>
  <way id="25734">
    <nd ref="25391"/>
    <nd ref="25730"/>
    <nd ref="25707"/>
    <tag k="type" v="line_thin"/>
    <tag k="subtype" v="solid"/>
  </way>
  <way id="25735">
    <nd ref="25393"/>
    <nd ref="25732"/>
    <nd ref="25708"/>
    <tag k="type" v="line_thin"/>
    <tag k="subtype" v="solid"/>
  </way>
  <way id="25747">
    <nd ref="25414"/>
    <nd ref="25036"/>
    <tag k="type" v="line_thin"/>
    <tag k="subtype" v="solid"/>
  </way>
  <way id="25748">
    <nd ref="25417"/>
    <nd ref="25037"/>
    <tag k="type" v="line_thin"/>
    <tag k="subtype" v="solid"/>
  </way>
  <way id="25889">
    <nd ref="25885"/>
    <nd ref="25886"/>
    <tag k="type" v="line_thin"/>
    <tag k="subtype" v="solid"/>
  </way>
  <way id="25890">
    <nd ref="25887"/>
    <nd ref="25888"/>
    <tag k="type" v="line_thin"/>
    <tag k="subtype" v="solid"/>
  </way>
  <way id="25965">
    <nd ref="25962"/>
    <nd ref="25895"/>
    <tag k="type" v="line_thin"/>
    <tag k="subtype" v="solid"/>
  </way>
  <way id="25967">
    <nd ref="25963"/>
    <nd ref="25897"/>
    <tag k="type" v="line_thin"/>
    <tag k="subtype" v="solid"/>
  </way>
  <way id="26013">
    <nd ref="24311"/>
    <nd ref="24315"/>
    <nd ref="24319"/>
    <nd ref="24321"/>
    <nd ref="24323"/>
    <nd ref="24608"/>
    <nd ref="24618"/>
    <nd ref="24622"/>
    <nd ref="24328"/>
    <tag k="type" v="line_thin"/>
    <tag k="subtype" v="solid"/>
  </way>
  <way id="26014">
    <nd ref="24329"/>
    <nd ref="24331"/>
    <nd ref="24332"/>
    <nd ref="24334"/>
    <nd ref="24338"/>
    <nd ref="24609"/>
    <nd ref="24628"/>
    <nd ref="24632"/>
    <nd ref="24344"/>
    <tag k="type" v="line_thin"/>
    <tag k="subtype" v="solid"/>
  </way>
  <way id="26169">
    <nd ref="26133"/>
    <nd ref="26134"/>
    <nd ref="25919"/>
    <tag k="type" v="line_thin"/>
    <tag k="subtype" v="solid"/>
  </way>
  <way id="26170">
    <nd ref="26135"/>
    <nd ref="26136"/>
    <nd ref="25934"/>
    <tag k="type" v="line_thin"/>
    <tag k="subtype" v="solid"/>
  </way>
  <way id="26254">
    <nd ref="26205"/>
    <nd ref="26206"/>
    <nd ref="26171"/>
    <tag k="type" v="line_thin"/>
    <tag k="subtype" v="solid"/>
  </way>
  <way id="26255">
    <nd ref="26207"/>
    <nd ref="26208"/>
    <nd ref="26186"/>
    <tag k="type" v="line_thin"/>
    <tag k="subtype" v="solid"/>
  </way>
  <way id="26548">
    <nd ref="26421"/>
    <nd ref="26529"/>
    <nd ref="26133"/>
    <tag k="type" v="line_thin"/>
    <tag k="subtype" v="solid"/>
  </way>
  <way id="26549">
    <nd ref="26425"/>
    <nd ref="26538"/>
    <nd ref="26135"/>
    <tag k="type" v="line_thin"/>
    <tag k="subtype" v="solid"/>
  </way>
  <way id="26575">
    <nd ref="26414"/>
    <nd ref="26565"/>
    <nd ref="26205"/>
    <tag k="type" v="line_thin"/>
    <tag k="subtype" v="solid"/>
  </way>
  <way id="26576">
    <nd ref="26415"/>
    <nd ref="26566"/>
    <nd ref="26207"/>
    <tag k="type" v="line_thin"/>
    <tag k="subtype" v="solid"/>
  </way>
  <way id="26584">
    <nd ref="26555"/>
    <nd ref="26126"/>
    <nd ref="25955"/>
    <tag k="type" v="line_thin"/>
    <tag k="subtype" v="solid"/>
  </way>
  <way id="26585">
    <nd ref="26556"/>
    <nd ref="26127"/>
    <nd ref="25956"/>
    <tag k="type" v="line_thin"/>
    <tag k="subtype" v="solid"/>
  </way>
  <way id="26710">
    <nd ref="26707"/>
    <nd ref="26684"/>
    <nd ref="26685"/>
    <nd ref="26686"/>
    <nd ref="26691"/>
    <nd ref="26692"/>
    <nd ref="26694"/>
    <tag k="type" v="line_thin"/>
    <tag k="subtype" v="solid"/>
  </way>
  <way id="26712">
    <nd ref="26708"/>
    <nd ref="26689"/>
    <nd ref="26690"/>
    <nd ref="26695"/>
    <nd ref="26696"/>
    <nd ref="26698"/>
    <tag k="type" v="line_thin"/>
    <tag k="subtype" v="solid"/>
  </way>
  <way id="27343">
    <nd ref="27340"/>
    <nd ref="4095"/>
    <tag k="type" v="line_thin"/>
    <tag k="subtype" v="solid"/>
  </way>
  <way id="27345">
    <nd ref="27341"/>
    <nd ref="4092"/>
    <tag k="type" v="line_thin"/>
    <tag k="subtype" v="solid"/>
  </way>
  <way id="27668">
    <nd ref="27562"/>
    <nd ref="27482"/>
    <tag k="type" v="line_thin"/>
    <tag k="subtype" v="solid"/>
  </way>
  <way id="27669">
    <nd ref="27563"/>
    <nd ref="27483"/>
    <tag k="type" v="line_thin"/>
    <tag k="subtype" v="solid"/>
  </way>
  <way id="27824">
    <nd ref="27773"/>
    <nd ref="593"/>
    <tag k="type" v="line_thin"/>
    <tag k="subtype" v="solid"/>
  </way>
  <way id="27825">
    <nd ref="27774"/>
    <nd ref="591"/>
    <tag k="type" v="line_thin"/>
    <tag k="subtype" v="solid"/>
  </way>
  <way id="27829">
    <nd ref="542"/>
    <nd ref="1288"/>
    <nd ref="1287"/>
    <nd ref="27827"/>
    <tag k="type" v="line_thin"/>
    <tag k="subtype" v="solid"/>
  </way>
  <way id="27831">
    <nd ref="560"/>
    <nd ref="1290"/>
    <nd ref="584"/>
    <nd ref="27828"/>
    <tag k="type" v="line_thin"/>
    <tag k="subtype" v="solid"/>
  </way>
  <way id="27922">
    <nd ref="80"/>
    <nd ref="27897"/>
    <nd ref="27888"/>
    <nd ref="27904"/>
    <tag k="type" v="line_thin"/>
    <tag k="subtype" v="solid"/>
  </way>
  <way id="27923">
    <nd ref="104"/>
    <nd ref="27898"/>
    <nd ref="27892"/>
    <nd ref="27905"/>
    <tag k="type" v="line_thin"/>
    <tag k="subtype" v="solid"/>
  </way>
  <way id="27924">
    <nd ref="27904"/>
    <nd ref="27879"/>
    <tag k="type" v="line_thin"/>
    <tag k="subtype" v="solid"/>
  </way>
  <way id="27925">
    <nd ref="27905"/>
    <nd ref="27880"/>
    <tag k="type" v="line_thin"/>
    <tag k="subtype" v="solid"/>
  </way>
  <way id="27929">
    <nd ref="27879"/>
    <nd ref="27927"/>
    <tag k="type" v="line_thin"/>
    <tag k="subtype" v="solid"/>
  </way>
  <way id="27931">
    <nd ref="27880"/>
    <nd ref="27928"/>
    <tag k="type" v="line_thin"/>
    <tag k="subtype" v="solid"/>
  </way>
  <way id="27934">
    <nd ref="27927"/>
    <nd ref="15049"/>
    <tag k="type" v="line_thin"/>
    <tag k="subtype" v="solid"/>
  </way>
  <way id="27935">
    <nd ref="27928"/>
    <nd ref="15051"/>
    <tag k="type" v="line_thin"/>
    <tag k="subtype" v="solid"/>
  </way>
  <way id="27986">
    <nd ref="27983"/>
    <nd ref="27773"/>
    <tag k="type" v="line_thin"/>
    <tag k="subtype" v="solid"/>
  </way>
  <way id="27988">
    <nd ref="27984"/>
    <nd ref="27774"/>
    <tag k="type" v="line_thin"/>
    <tag k="subtype" v="solid"/>
  </way>
  <way id="27990">
    <nd ref="27827"/>
    <nd ref="27983"/>
    <tag k="type" v="line_thin"/>
    <tag k="subtype" v="solid"/>
  </way>
  <way id="27991">
    <nd ref="27828"/>
    <nd ref="27984"/>
    <tag k="type" v="line_thin"/>
    <tag k="subtype" v="solid"/>
  </way>
  <way id="28274">
    <nd ref="1697"/>
    <nd ref="1475"/>
    <tag k="type" v="line_thin"/>
    <tag k="subtype" v="solid"/>
  </way>
  <way id="28275">
    <nd ref="1698"/>
    <nd ref="1472"/>
    <tag k="type" v="line_thin"/>
    <tag k="subtype" v="solid"/>
  </way>
  <way id="28282">
    <nd ref="1778"/>
    <nd ref="28280"/>
    <tag k="type" v="line_thin"/>
    <tag k="subtype" v="solid"/>
  </way>
  <way id="28284">
    <nd ref="1775"/>
    <nd ref="28281"/>
    <tag k="type" v="line_thin"/>
    <tag k="subtype" v="solid"/>
  </way>
  <way id="28287">
    <nd ref="28158"/>
    <nd ref="1778"/>
    <tag k="type" v="line_thin"/>
    <tag k="subtype" v="solid"/>
  </way>
  <way id="28288">
    <nd ref="28159"/>
    <nd ref="1775"/>
    <tag k="type" v="line_thin"/>
    <tag k="subtype" v="solid"/>
  </way>
  <way id="28611">
    <nd ref="21732"/>
    <nd ref="28609"/>
    <tag k="type" v="line_thin"/>
    <tag k="subtype" v="solid"/>
  </way>
  <way id="28613">
    <nd ref="21733"/>
    <nd ref="28610"/>
    <tag k="type" v="line_thin"/>
    <tag k="subtype" v="solid"/>
  </way>
  <way id="28649">
    <nd ref="1817"/>
    <nd ref="28645"/>
    <nd ref="28646"/>
    <nd ref="5"/>
    <tag k="type" v="line_thin"/>
    <tag k="subtype" v="solid"/>
  </way>
  <way id="28650">
    <nd ref="1818"/>
    <nd ref="28647"/>
    <nd ref="28648"/>
    <nd ref="172"/>
    <tag k="type" v="line_thin"/>
    <tag k="subtype" v="solid"/>
  </way>
  <way id="28707">
    <nd ref="28700"/>
    <nd ref="164"/>
    <tag k="type" v="line_thin"/>
    <tag k="subtype" v="solid"/>
  </way>
  <way id="28708">
    <nd ref="28701"/>
    <nd ref="170"/>
    <tag k="type" v="line_thin"/>
    <tag k="subtype" v="solid"/>
  </way>
  <way id="28710">
    <nd ref="9780"/>
    <nd ref="182"/>
    <tag k="type" v="line_thin"/>
    <tag k="subtype" v="solid"/>
  </way>
  <way id="28711">
    <nd ref="9781"/>
    <nd ref="188"/>
    <tag k="type" v="line_thin"/>
    <tag k="subtype" v="solid"/>
  </way>
  <way id="29369">
    <nd ref="4058"/>
    <nd ref="28078"/>
    <tag k="type" v="line_thin"/>
    <tag k="subtype" v="solid"/>
  </way>
  <way id="29370">
    <nd ref="4059"/>
    <nd ref="28079"/>
    <tag k="type" v="line_thin"/>
    <tag k="subtype" v="solid"/>
  </way>
  <way id="30101">
    <nd ref="30003"/>
    <nd ref="30076"/>
    <nd ref="30079"/>
    <nd ref="30082"/>
    <nd ref="30085"/>
    <nd ref="30046"/>
    <nd ref="30049"/>
    <nd ref="30052"/>
    <nd ref="30055"/>
    <nd ref="30020"/>
    <tag k="type" v="line_thin"/>
    <tag k="subtype" v="solid"/>
  </way>
  <way id="30102">
    <nd ref="30004"/>
    <nd ref="30088"/>
    <nd ref="30091"/>
    <nd ref="30094"/>
    <nd ref="30097"/>
    <nd ref="30059"/>
    <nd ref="30062"/>
    <nd ref="30065"/>
    <nd ref="30068"/>
    <nd ref="30021"/>
    <tag k="type" v="line_thin"/>
    <tag k="subtype" v="solid"/>
  </way>
  <way id="30103">
    <nd ref="30003"/>
    <nd ref="29641"/>
    <tag k="type" v="line_thin"/>
    <tag k="subtype" v="solid"/>
  </way>
  <way id="30104">
    <nd ref="30004"/>
    <nd ref="29638"/>
    <tag k="type" v="line_thin"/>
    <tag k="subtype" v="solid"/>
  </way>
  <way id="30367">
    <nd ref="29641"/>
    <nd ref="30365"/>
    <tag k="type" v="line_thin"/>
    <tag k="subtype" v="solid"/>
  </way>
  <way id="30369">
    <nd ref="29638"/>
    <nd ref="30366"/>
    <tag k="type" v="line_thin"/>
    <tag k="subtype" v="solid"/>
  </way>
  <way id="30801">
    <nd ref="30537"/>
    <nd ref="30548"/>
    <nd ref="30550"/>
    <nd ref="30552"/>
    <nd ref="30554"/>
    <nd ref="30555"/>
    <nd ref="30556"/>
    <nd ref="30605"/>
    <nd ref="30752"/>
    <nd ref="30754"/>
    <nd ref="30756"/>
    <nd ref="30768"/>
    <tag k="type" v="line_thin"/>
    <tag k="subtype" v="solid"/>
  </way>
  <way id="30802">
    <nd ref="30546"/>
    <nd ref="30569"/>
    <nd ref="30571"/>
    <nd ref="30573"/>
    <nd ref="30575"/>
    <nd ref="30576"/>
    <nd ref="30577"/>
    <nd ref="30758"/>
    <nd ref="30761"/>
    <nd ref="30769"/>
    <tag k="type" v="line_thin"/>
    <tag k="subtype" v="solid"/>
  </way>
  <way id="30807">
    <nd ref="30020"/>
    <nd ref="30805"/>
    <tag k="type" v="line_thin"/>
    <tag k="subtype" v="solid"/>
  </way>
  <way id="30809">
    <nd ref="30021"/>
    <nd ref="30806"/>
    <tag k="type" v="line_thin"/>
    <tag k="subtype" v="solid"/>
  </way>
  <way id="30872">
    <nd ref="30869"/>
    <nd ref="30003"/>
    <tag k="type" v="line_thin"/>
    <tag k="subtype" v="solid"/>
  </way>
  <way id="30874">
    <nd ref="30870"/>
    <nd ref="30004"/>
    <tag k="type" v="line_thin"/>
    <tag k="subtype" v="solid"/>
  </way>
  <way id="30878">
    <nd ref="29931"/>
    <nd ref="30876"/>
    <tag k="type" v="line_thin"/>
    <tag k="subtype" v="solid"/>
  </way>
  <way id="30880">
    <nd ref="29932"/>
    <nd ref="30877"/>
    <tag k="type" v="line_thin"/>
    <tag k="subtype" v="solid"/>
  </way>
  <way id="30958">
    <nd ref="30876"/>
    <nd ref="30869"/>
    <tag k="type" v="line_thin"/>
    <tag k="subtype" v="solid"/>
  </way>
  <way id="30959">
    <nd ref="30877"/>
    <nd ref="30870"/>
    <tag k="type" v="line_thin"/>
    <tag k="subtype" v="solid"/>
  </way>
  <way id="31037">
    <nd ref="30805"/>
    <nd ref="31035"/>
    <tag k="type" v="line_thin"/>
    <tag k="subtype" v="solid"/>
  </way>
  <way id="31039">
    <nd ref="30806"/>
    <nd ref="31036"/>
    <tag k="type" v="line_thin"/>
    <tag k="subtype" v="solid"/>
  </way>
  <way id="31086">
    <nd ref="30768"/>
    <nd ref="31084"/>
    <tag k="type" v="line_thin"/>
    <tag k="subtype" v="solid"/>
  </way>
  <way id="31088">
    <nd ref="30769"/>
    <nd ref="31085"/>
    <tag k="type" v="line_thin"/>
    <tag k="subtype" v="solid"/>
  </way>
  <way id="31094">
    <nd ref="31091"/>
    <nd ref="30951"/>
    <tag k="type" v="line_thin"/>
    <tag k="subtype" v="solid"/>
  </way>
  <way id="31096">
    <nd ref="31092"/>
    <nd ref="30952"/>
    <tag k="type" v="line_thin"/>
    <tag k="subtype" v="solid"/>
  </way>
  <way id="31355">
    <nd ref="31125"/>
    <nd ref="31353"/>
    <tag k="type" v="line_thin"/>
    <tag k="subtype" v="solid"/>
  </way>
  <way id="31357">
    <nd ref="31126"/>
    <nd ref="31354"/>
    <tag k="type" v="line_thin"/>
    <tag k="subtype" v="solid"/>
  </way>
  <way id="31492">
    <nd ref="31489"/>
    <nd ref="31146"/>
    <tag k="type" v="line_thin"/>
    <tag k="subtype" v="solid"/>
  </way>
  <way id="31494">
    <nd ref="31490"/>
    <nd ref="31147"/>
    <tag k="type" v="line_thin"/>
    <tag k="subtype" v="solid"/>
  </way>
  <way id="31496">
    <nd ref="31353"/>
    <nd ref="31489"/>
    <tag k="type" v="line_thin"/>
    <tag k="subtype" v="solid"/>
  </way>
  <way id="31497">
    <nd ref="31354"/>
    <nd ref="31490"/>
    <tag k="type" v="line_thin"/>
    <tag k="subtype" v="solid"/>
  </way>
  <way id="31499">
    <nd ref="31353"/>
    <nd ref="31468"/>
    <nd ref="31469"/>
    <nd ref="31470"/>
    <nd ref="31416"/>
    <nd ref="31451"/>
    <nd ref="31453"/>
    <nd ref="31455"/>
    <nd ref="31444"/>
    <tag k="type" v="line_thin"/>
    <tag k="subtype" v="solid"/>
  </way>
  <way id="31500">
    <nd ref="31354"/>
    <nd ref="31472"/>
    <nd ref="31473"/>
    <nd ref="31413"/>
    <nd ref="31458"/>
    <nd ref="31460"/>
    <nd ref="31462"/>
    <nd ref="31445"/>
    <tag k="type" v="line_thin"/>
    <tag k="subtype" v="solid"/>
  </way>
  <way id="31511">
    <nd ref="31146"/>
    <nd ref="31501"/>
    <nd ref="30768"/>
    <tag k="type" v="line_thin"/>
    <tag k="subtype" v="solid"/>
  </way>
  <way id="31512">
    <nd ref="31147"/>
    <nd ref="31506"/>
    <nd ref="30769"/>
    <tag k="type" v="line_thin"/>
    <tag k="subtype" v="solid"/>
  </way>
  <way id="31514">
    <nd ref="30365"/>
    <nd ref="31125"/>
    <tag k="type" v="line_thin"/>
    <tag k="subtype" v="solid"/>
  </way>
  <way id="31515">
    <nd ref="30366"/>
    <nd ref="31126"/>
    <tag k="type" v="line_thin"/>
    <tag k="subtype" v="solid"/>
  </way>
  <way id="31517">
    <nd ref="31084"/>
    <nd ref="31091"/>
    <tag k="type" v="line_thin"/>
    <tag k="subtype" v="solid"/>
  </way>
  <way id="31518">
    <nd ref="31085"/>
    <nd ref="31092"/>
    <tag k="type" v="line_thin"/>
    <tag k="subtype" v="solid"/>
  </way>
  <way id="31676">
    <nd ref="31666"/>
    <nd ref="30020"/>
    <tag k="type" v="line_thin"/>
    <tag k="subtype" v="solid"/>
  </way>
  <way id="31677">
    <nd ref="31667"/>
    <nd ref="30021"/>
    <tag k="type" v="line_thin"/>
    <tag k="subtype" v="solid"/>
  </way>
  <way id="31682">
    <nd ref="31679"/>
    <nd ref="31628"/>
    <nd ref="31629"/>
    <nd ref="31630"/>
    <nd ref="31631"/>
    <nd ref="31444"/>
    <tag k="type" v="line_thin"/>
    <tag k="subtype" v="solid"/>
  </way>
  <way id="31684">
    <nd ref="31680"/>
    <nd ref="31638"/>
    <nd ref="31639"/>
    <nd ref="31640"/>
    <nd ref="31641"/>
    <nd ref="31445"/>
    <tag k="type" v="line_thin"/>
    <tag k="subtype" v="solid"/>
  </way>
  <way id="31731">
    <nd ref="19125"/>
    <nd ref="23885"/>
    <nd ref="31729"/>
    <tag k="type" v="line_thin"/>
    <tag k="subtype" v="solid"/>
  </way>
  <way id="31732">
    <nd ref="31729"/>
    <nd ref="23886"/>
    <tag k="type" v="line_thin"/>
    <tag k="subtype" v="solid"/>
  </way>
  <way id="31733">
    <nd ref="19129"/>
    <nd ref="23887"/>
    <nd ref="31730"/>
    <tag k="type" v="line_thin"/>
    <tag k="subtype" v="solid"/>
  </way>
  <way id="31734">
    <nd ref="31730"/>
    <nd ref="23888"/>
    <tag k="type" v="line_thin"/>
    <tag k="subtype" v="solid"/>
  </way>
  <way id="31853">
    <nd ref="31828"/>
    <nd ref="31851"/>
    <tag k="type" v="line_thin"/>
    <tag k="subtype" v="solid"/>
  </way>
  <way id="31855">
    <nd ref="31838"/>
    <nd ref="31852"/>
    <tag k="type" v="line_thin"/>
    <tag k="subtype" v="solid"/>
  </way>
  <way id="32266">
    <nd ref="32262"/>
    <nd ref="32263"/>
    <tag k="type" v="line_thin"/>
    <tag k="subtype" v="solid"/>
  </way>
  <way id="32267">
    <nd ref="32264"/>
    <nd ref="32265"/>
    <tag k="type" v="line_thin"/>
    <tag k="subtype" v="solid"/>
  </way>
  <way id="32453">
    <nd ref="32450"/>
    <nd ref="32281"/>
    <nd ref="32284"/>
    <nd ref="32287"/>
    <nd ref="32290"/>
    <nd ref="32293"/>
    <nd ref="32296"/>
    <nd ref="32299"/>
    <nd ref="32302"/>
    <nd ref="32305"/>
    <nd ref="32308"/>
    <nd ref="32311"/>
    <nd ref="32314"/>
    <nd ref="32317"/>
    <nd ref="32320"/>
    <nd ref="32323"/>
    <nd ref="31956"/>
    <tag k="type" v="line_thin"/>
    <tag k="subtype" v="solid"/>
  </way>
  <way id="32455">
    <nd ref="32451"/>
    <nd ref="32335"/>
    <nd ref="32338"/>
    <nd ref="32341"/>
    <nd ref="32344"/>
    <nd ref="32347"/>
    <nd ref="32350"/>
    <nd ref="32353"/>
    <nd ref="32356"/>
    <nd ref="32359"/>
    <nd ref="32362"/>
    <nd ref="32365"/>
    <nd ref="32368"/>
    <nd ref="32371"/>
    <nd ref="32374"/>
    <nd ref="32377"/>
    <nd ref="31953"/>
    <tag k="type" v="line_thin"/>
    <tag k="subtype" v="solid"/>
  </way>
  <way id="32486">
    <nd ref="31956"/>
    <nd ref="32484"/>
    <tag k="type" v="line_thin"/>
    <tag k="subtype" v="solid"/>
  </way>
  <way id="32487">
    <nd ref="32484"/>
    <nd ref="31957"/>
    <tag k="type" v="line_thin"/>
    <tag k="subtype" v="solid"/>
  </way>
  <way id="32488">
    <nd ref="31953"/>
    <nd ref="32485"/>
    <tag k="type" v="line_thin"/>
    <tag k="subtype" v="solid"/>
  </way>
  <way id="32489">
    <nd ref="32485"/>
    <nd ref="31954"/>
    <tag k="type" v="line_thin"/>
    <tag k="subtype" v="solid"/>
  </way>
  <way id="32507">
    <nd ref="32450"/>
    <nd ref="32457"/>
    <nd ref="32459"/>
    <nd ref="32461"/>
    <nd ref="32463"/>
    <nd ref="32465"/>
    <nd ref="32467"/>
    <nd ref="32505"/>
    <tag k="type" v="line_thin"/>
    <tag k="subtype" v="solid"/>
  </way>
  <way id="32508">
    <nd ref="32505"/>
    <nd ref="32262"/>
    <tag k="type" v="line_thin"/>
    <tag k="subtype" v="solid"/>
  </way>
  <way id="32509">
    <nd ref="32451"/>
    <nd ref="32471"/>
    <nd ref="32473"/>
    <nd ref="32475"/>
    <nd ref="32477"/>
    <nd ref="32479"/>
    <nd ref="32506"/>
    <tag k="type" v="line_thin"/>
    <tag k="subtype" v="solid"/>
  </way>
  <way id="32510">
    <nd ref="32506"/>
    <nd ref="32264"/>
    <tag k="type" v="line_thin"/>
    <tag k="subtype" v="solid"/>
  </way>
  <way id="32517">
    <nd ref="28609"/>
    <nd ref="32100"/>
    <nd ref="32102"/>
    <nd ref="32104"/>
    <nd ref="32106"/>
    <nd ref="32108"/>
    <nd ref="32110"/>
    <nd ref="31974"/>
    <nd ref="32199"/>
    <nd ref="32272"/>
    <nd ref="32275"/>
    <nd ref="32450"/>
    <tag k="type" v="line_thin"/>
    <tag k="subtype" v="solid"/>
  </way>
  <way id="32518">
    <nd ref="28610"/>
    <nd ref="32113"/>
    <nd ref="32115"/>
    <nd ref="32117"/>
    <nd ref="32119"/>
    <nd ref="32121"/>
    <nd ref="32123"/>
    <nd ref="32125"/>
    <nd ref="31975"/>
    <nd ref="32200"/>
    <nd ref="32326"/>
    <nd ref="32329"/>
    <nd ref="32451"/>
    <tag k="type" v="line_thin"/>
    <tag k="subtype" v="solid"/>
  </way>
  <way id="32786">
    <nd ref="32491"/>
    <nd ref="32498"/>
    <nd ref="32505"/>
    <tag k="type" v="line_thin"/>
    <tag k="subtype" v="solid"/>
  </way>
  <way id="32787">
    <nd ref="32493"/>
    <nd ref="32499"/>
    <nd ref="32506"/>
    <tag k="type" v="line_thin"/>
    <tag k="subtype" v="solid"/>
  </way>
  <way id="32843">
    <nd ref="27482"/>
    <nd ref="607"/>
    <nd ref="32841"/>
    <tag k="type" v="line_thin"/>
    <tag k="subtype" v="solid"/>
  </way>
  <way id="32845">
    <nd ref="27483"/>
    <nd ref="612"/>
    <nd ref="32842"/>
    <tag k="type" v="line_thin"/>
    <tag k="subtype" v="solid"/>
  </way>
  <way id="32870">
    <nd ref="32841"/>
    <nd ref="43334"/>
    <nd ref="43333"/>
    <nd ref="32855"/>
    <nd ref="32857"/>
    <nd ref="15849"/>
    <nd ref="15853"/>
    <nd ref="15855"/>
    <nd ref="15857"/>
    <nd ref="15859"/>
    <nd ref="32868"/>
    <tag k="type" v="line_thin"/>
    <tag k="subtype" v="solid"/>
  </way>
  <way id="32871">
    <nd ref="32868"/>
    <nd ref="11433"/>
    <tag k="type" v="line_thin"/>
    <tag k="subtype" v="solid"/>
  </way>
  <way id="32872">
    <nd ref="32842"/>
    <nd ref="43336"/>
    <nd ref="43335"/>
    <nd ref="32859"/>
    <nd ref="32862"/>
    <nd ref="15873"/>
    <nd ref="15875"/>
    <nd ref="15877"/>
    <nd ref="15879"/>
    <nd ref="15881"/>
    <nd ref="15883"/>
    <nd ref="15885"/>
    <nd ref="32869"/>
    <tag k="type" v="line_thin"/>
    <tag k="subtype" v="solid"/>
  </way>
  <way id="32873">
    <nd ref="32869"/>
    <nd ref="11432"/>
    <tag k="type" v="line_thin"/>
    <tag k="subtype" v="solid"/>
  </way>
  <way id="32969">
    <nd ref="593"/>
    <nd ref="32967"/>
    <tag k="type" v="line_thin"/>
    <tag k="subtype" v="solid"/>
  </way>
  <way id="32971">
    <nd ref="591"/>
    <nd ref="32968"/>
    <tag k="type" v="line_thin"/>
    <tag k="subtype" v="solid"/>
  </way>
  <way id="33009">
    <nd ref="11522"/>
    <nd ref="33007"/>
    <tag k="type" v="line_thin"/>
    <tag k="subtype" v="solid"/>
  </way>
  <way id="33011">
    <nd ref="11521"/>
    <nd ref="33008"/>
    <tag k="type" v="line_thin"/>
    <tag k="subtype" v="solid"/>
  </way>
  <way id="33116">
    <nd ref="33007"/>
    <nd ref="33091"/>
    <nd ref="33093"/>
    <nd ref="33095"/>
    <nd ref="33097"/>
    <nd ref="33099"/>
    <nd ref="33101"/>
    <nd ref="33083"/>
    <tag k="type" v="line_thin"/>
    <tag k="subtype" v="solid"/>
  </way>
  <way id="33117">
    <nd ref="33008"/>
    <nd ref="33103"/>
    <nd ref="33104"/>
    <nd ref="33105"/>
    <nd ref="33106"/>
    <nd ref="33108"/>
    <nd ref="33109"/>
    <nd ref="33110"/>
    <nd ref="33112"/>
    <nd ref="33113"/>
    <nd ref="33115"/>
    <nd ref="33084"/>
    <tag k="type" v="line_thin"/>
    <tag k="subtype" v="solid"/>
  </way>
  <way id="33122">
    <nd ref="33119"/>
    <nd ref="11524"/>
    <tag k="type" v="line_thin"/>
    <tag k="subtype" v="solid"/>
  </way>
  <way id="33124">
    <nd ref="33120"/>
    <nd ref="11523"/>
    <tag k="type" v="line_thin"/>
    <tag k="subtype" v="solid"/>
  </way>
  <way id="33126">
    <nd ref="32967"/>
    <nd ref="32974"/>
    <nd ref="32976"/>
    <nd ref="32978"/>
    <nd ref="32980"/>
    <nd ref="32960"/>
    <nd ref="15719"/>
    <nd ref="15721"/>
    <nd ref="15723"/>
    <nd ref="33119"/>
    <tag k="type" v="line_thin"/>
    <tag k="subtype" v="solid"/>
  </way>
  <way id="33127">
    <nd ref="32968"/>
    <nd ref="32982"/>
    <nd ref="32983"/>
    <nd ref="32984"/>
    <nd ref="32985"/>
    <nd ref="32986"/>
    <nd ref="32987"/>
    <nd ref="32989"/>
    <nd ref="32961"/>
    <nd ref="15740"/>
    <nd ref="15742"/>
    <nd ref="15744"/>
    <nd ref="33120"/>
    <tag k="type" v="line_thin"/>
    <tag k="subtype" v="solid"/>
  </way>
  <way id="33141">
    <nd ref="5"/>
    <nd ref="33139"/>
    <tag k="type" v="line_thin"/>
    <tag k="subtype" v="solid"/>
  </way>
  <way id="33143">
    <nd ref="172"/>
    <nd ref="33140"/>
    <tag k="type" v="line_thin"/>
    <tag k="subtype" v="solid"/>
  </way>
  <way id="33155">
    <nd ref="33146"/>
    <nd ref="32993"/>
    <nd ref="11750"/>
    <nd ref="11764"/>
    <nd ref="11765"/>
    <nd ref="11760"/>
    <nd ref="11761"/>
    <nd ref="11785"/>
    <nd ref="11786"/>
    <nd ref="11787"/>
    <nd ref="11788"/>
    <nd ref="11789"/>
    <nd ref="28059"/>
    <nd ref="28060"/>
    <nd ref="28061"/>
    <nd ref="28062"/>
    <nd ref="28063"/>
    <nd ref="28065"/>
    <nd ref="11771"/>
    <tag k="type" v="line_thin"/>
    <tag k="subtype" v="solid"/>
  </way>
  <way id="33156">
    <nd ref="33147"/>
    <nd ref="32994"/>
    <nd ref="11751"/>
    <nd ref="11766"/>
    <nd ref="11793"/>
    <nd ref="28067"/>
    <nd ref="28068"/>
    <nd ref="28071"/>
    <nd ref="11772"/>
    <tag k="type" v="line_thin"/>
    <tag k="subtype" v="solid"/>
  </way>
  <way id="33157">
    <nd ref="33146"/>
    <nd ref="27562"/>
    <tag k="type" v="line_thin"/>
    <tag k="subtype" v="solid"/>
  </way>
  <way id="33158">
    <nd ref="33147"/>
    <nd ref="27563"/>
    <tag k="type" v="line_thin"/>
    <tag k="subtype" v="solid"/>
  </way>
  <way id="33166">
    <nd ref="11771"/>
    <nd ref="8"/>
    <tag k="type" v="line_thin"/>
    <tag k="subtype" v="solid"/>
  </way>
  <way id="33167">
    <nd ref="11772"/>
    <nd ref="14"/>
    <tag k="type" v="line_thin"/>
    <tag k="subtype" v="solid"/>
  </way>
  <way id="33169">
    <nd ref="33139"/>
    <nd ref="11771"/>
    <tag k="type" v="line_thin"/>
    <tag k="subtype" v="solid"/>
  </way>
  <way id="33170">
    <nd ref="33140"/>
    <nd ref="11772"/>
    <tag k="type" v="line_thin"/>
    <tag k="subtype" v="solid"/>
  </way>
  <way id="33174">
    <nd ref="11381"/>
    <nd ref="43337"/>
    <nd ref="33172"/>
    <tag k="type" v="line_thin"/>
    <tag k="subtype" v="solid"/>
  </way>
  <way id="33176">
    <nd ref="11380"/>
    <nd ref="43338"/>
    <nd ref="33173"/>
    <tag k="type" v="line_thin"/>
    <tag k="subtype" v="solid"/>
  </way>
  <way id="33230">
    <nd ref="33172"/>
    <nd ref="33205"/>
    <nd ref="33207"/>
    <nd ref="33209"/>
    <nd ref="33211"/>
    <nd ref="33213"/>
    <nd ref="33215"/>
    <nd ref="33216"/>
    <nd ref="33186"/>
    <tag k="type" v="line_thin"/>
    <tag k="subtype" v="solid"/>
  </way>
  <way id="33231">
    <nd ref="33173"/>
    <nd ref="33218"/>
    <nd ref="33219"/>
    <nd ref="33220"/>
    <nd ref="33222"/>
    <nd ref="33223"/>
    <nd ref="33224"/>
    <nd ref="33226"/>
    <nd ref="33227"/>
    <nd ref="33228"/>
    <nd ref="33229"/>
    <nd ref="33187"/>
    <tag k="type" v="line_thin"/>
    <tag k="subtype" v="solid"/>
  </way>
  <way id="33267">
    <nd ref="33264"/>
    <nd ref="28652"/>
    <tag k="type" v="line_thin"/>
    <tag k="subtype" v="solid"/>
  </way>
  <way id="33269">
    <nd ref="33265"/>
    <nd ref="28653"/>
    <tag k="type" v="line_thin"/>
    <tag k="subtype" v="solid"/>
  </way>
  <way id="33273">
    <nd ref="609"/>
    <nd ref="33271"/>
    <tag k="type" v="line_thin"/>
    <tag k="subtype" v="solid"/>
  </way>
  <way id="33275">
    <nd ref="614"/>
    <nd ref="33272"/>
    <tag k="type" v="line_thin"/>
    <tag k="subtype" v="solid"/>
  </way>
  <way id="33278">
    <nd ref="33271"/>
    <nd ref="33233"/>
    <tag k="type" v="line_thin"/>
    <tag k="subtype" v="solid"/>
  </way>
  <way id="33279">
    <nd ref="33272"/>
    <nd ref="33252"/>
    <tag k="type" v="line_thin"/>
    <tag k="subtype" v="solid"/>
  </way>
  <way id="33281">
    <nd ref="33251"/>
    <nd ref="33264"/>
    <tag k="type" v="line_thin"/>
    <tag k="subtype" v="solid"/>
  </way>
  <way id="33282">
    <nd ref="33260"/>
    <nd ref="33265"/>
    <tag k="type" v="line_thin"/>
    <tag k="subtype" v="solid"/>
  </way>
  <way id="33286">
    <nd ref="33083"/>
    <nd ref="33284"/>
    <tag k="type" v="line_thin"/>
    <tag k="subtype" v="solid"/>
  </way>
  <way id="33287">
    <nd ref="33284"/>
    <nd ref="33146"/>
    <tag k="type" v="line_thin"/>
    <tag k="subtype" v="solid"/>
  </way>
  <way id="33288">
    <nd ref="33084"/>
    <nd ref="33285"/>
    <tag k="type" v="line_thin"/>
    <tag k="subtype" v="solid"/>
  </way>
  <way id="33289">
    <nd ref="33285"/>
    <nd ref="33147"/>
    <tag k="type" v="line_thin"/>
    <tag k="subtype" v="solid"/>
  </way>
  <way id="33485">
    <nd ref="33473"/>
    <nd ref="33483"/>
    <tag k="type" v="line_thin"/>
    <tag k="subtype" v="solid"/>
  </way>
  <way id="33487">
    <nd ref="33475"/>
    <nd ref="33484"/>
    <tag k="type" v="line_thin"/>
    <tag k="subtype" v="solid"/>
  </way>
  <way id="33493">
    <nd ref="33490"/>
    <nd ref="26614"/>
    <nd ref="26616"/>
    <nd ref="26618"/>
    <nd ref="26620"/>
    <nd ref="302"/>
    <tag k="type" v="line_thin"/>
    <tag k="subtype" v="solid"/>
  </way>
  <way id="33495">
    <nd ref="33491"/>
    <nd ref="26627"/>
    <nd ref="26629"/>
    <nd ref="26631"/>
    <nd ref="26633"/>
    <nd ref="312"/>
    <tag k="type" v="line_thin"/>
    <tag k="subtype" v="solid"/>
  </way>
  <way id="33740">
    <nd ref="33661"/>
    <nd ref="33729"/>
    <nd ref="33696"/>
    <nd ref="33698"/>
    <nd ref="33709"/>
    <nd ref="33710"/>
    <nd ref="33711"/>
    <nd ref="33712"/>
    <nd ref="23752"/>
    <tag k="type" v="line_thin"/>
    <tag k="subtype" v="solid"/>
  </way>
  <way id="33741">
    <nd ref="33662"/>
    <nd ref="33730"/>
    <nd ref="33701"/>
    <nd ref="33704"/>
    <nd ref="33685"/>
    <nd ref="33714"/>
    <nd ref="33715"/>
    <nd ref="33716"/>
    <nd ref="23753"/>
    <tag k="type" v="line_thin"/>
    <tag k="subtype" v="solid"/>
  </way>
  <way id="34683">
    <nd ref="34681"/>
    <nd ref="34682"/>
    <tag k="type" v="line_thin"/>
    <tag k="subtype" v="solid"/>
  </way>
  <way id="34686">
    <nd ref="34684"/>
    <nd ref="34685"/>
    <tag k="type" v="line_thin"/>
    <tag k="subtype" v="solid"/>
  </way>
  <way id="34705">
    <nd ref="33946"/>
    <nd ref="34684"/>
    <tag k="type" v="line_thin"/>
    <tag k="subtype" v="solid"/>
  </way>
  <way id="34706">
    <nd ref="33947"/>
    <nd ref="34681"/>
    <tag k="type" v="line_thin"/>
    <tag k="subtype" v="solid"/>
  </way>
  <way id="34721">
    <nd ref="34685"/>
    <nd ref="34714"/>
    <tag k="type" v="line_thin"/>
    <tag k="subtype" v="solid"/>
  </way>
  <way id="34722">
    <nd ref="34682"/>
    <nd ref="34715"/>
    <tag k="type" v="line_thin"/>
    <tag k="subtype" v="solid"/>
  </way>
  <way id="34864">
    <nd ref="34708"/>
    <nd ref="34738"/>
    <nd ref="34862"/>
    <tag k="type" v="line_thin"/>
    <tag k="subtype" v="solid"/>
  </way>
  <way id="34866">
    <nd ref="34710"/>
    <nd ref="34739"/>
    <nd ref="34863"/>
    <tag k="type" v="line_thin"/>
    <tag k="subtype" v="solid"/>
  </way>
  <way id="35067">
    <nd ref="34714"/>
    <nd ref="34724"/>
    <nd ref="34708"/>
    <tag k="type" v="line_thin"/>
    <tag k="subtype" v="solid"/>
  </way>
  <way id="35068">
    <nd ref="34715"/>
    <nd ref="34725"/>
    <nd ref="34710"/>
    <tag k="type" v="line_thin"/>
    <tag k="subtype" v="solid"/>
  </way>
  <way id="35102">
    <nd ref="35099"/>
    <nd ref="35089"/>
    <tag k="type" v="line_thin"/>
    <tag k="subtype" v="solid"/>
  </way>
  <way id="35104">
    <nd ref="35100"/>
    <nd ref="35086"/>
    <tag k="type" v="line_thin"/>
    <tag k="subtype" v="solid"/>
  </way>
  <way id="35106">
    <nd ref="35093"/>
    <nd ref="35099"/>
    <tag k="type" v="line_thin"/>
    <tag k="subtype" v="solid"/>
  </way>
  <way id="35107">
    <nd ref="35095"/>
    <nd ref="35100"/>
    <tag k="type" v="line_thin"/>
    <tag k="subtype" v="solid"/>
  </way>
  <way id="35199">
    <nd ref="35196"/>
    <nd ref="35093"/>
    <tag k="type" v="line_thin"/>
    <tag k="subtype" v="solid"/>
  </way>
  <way id="35201">
    <nd ref="35197"/>
    <nd ref="35095"/>
    <tag k="type" v="line_thin"/>
    <tag k="subtype" v="solid"/>
  </way>
  <way id="35342">
    <nd ref="4095"/>
    <nd ref="35340"/>
    <tag k="type" v="line_thin"/>
    <tag k="subtype" v="solid"/>
  </way>
  <way id="35343">
    <nd ref="35340"/>
    <nd ref="4096"/>
    <tag k="type" v="line_thin"/>
    <tag k="subtype" v="solid"/>
  </way>
  <way id="35344">
    <nd ref="4092"/>
    <nd ref="35341"/>
    <tag k="type" v="line_thin"/>
    <tag k="subtype" v="solid"/>
  </way>
  <way id="35345">
    <nd ref="35341"/>
    <nd ref="4093"/>
    <tag k="type" v="line_thin"/>
    <tag k="subtype" v="solid"/>
  </way>
  <way id="35413">
    <nd ref="35347"/>
    <nd ref="27340"/>
    <tag k="type" v="line_thin"/>
    <tag k="subtype" v="solid"/>
  </way>
  <way id="35414">
    <nd ref="35349"/>
    <nd ref="27341"/>
    <tag k="type" v="line_thin"/>
    <tag k="subtype" v="solid"/>
  </way>
  <way id="35652">
    <nd ref="35635"/>
    <nd ref="24328"/>
    <tag k="type" v="line_thin"/>
    <tag k="subtype" v="solid"/>
  </way>
  <way id="35653">
    <nd ref="35637"/>
    <nd ref="24344"/>
    <tag k="type" v="line_thin"/>
    <tag k="subtype" v="solid"/>
  </way>
  <way id="35728">
    <nd ref="22338"/>
    <nd ref="35726"/>
    <tag k="type" v="line_thin"/>
    <tag k="subtype" v="solid"/>
  </way>
  <way id="35730">
    <nd ref="22339"/>
    <nd ref="35727"/>
    <tag k="type" v="line_thin"/>
    <tag k="subtype" v="solid"/>
  </way>
  <way id="36292">
    <nd ref="20939"/>
    <nd ref="36290"/>
    <tag k="type" v="line_thin"/>
    <tag k="subtype" v="solid"/>
  </way>
  <way id="36294">
    <nd ref="20940"/>
    <nd ref="36291"/>
    <tag k="type" v="line_thin"/>
    <tag k="subtype" v="solid"/>
  </way>
  <way id="36299">
    <nd ref="36290"/>
    <nd ref="10160"/>
    <nd ref="266"/>
    <nd ref="10167"/>
    <nd ref="36297"/>
    <tag k="type" v="line_thin"/>
    <tag k="subtype" v="solid"/>
  </way>
  <way id="36300">
    <nd ref="36297"/>
    <nd ref="10174"/>
    <nd ref="20987"/>
    <tag k="type" v="line_thin"/>
    <tag k="subtype" v="solid"/>
  </way>
  <way id="36301">
    <nd ref="36291"/>
    <nd ref="10161"/>
    <nd ref="272"/>
    <nd ref="10168"/>
    <nd ref="36298"/>
    <tag k="type" v="line_thin"/>
    <tag k="subtype" v="solid"/>
  </way>
  <way id="36302">
    <nd ref="36298"/>
    <nd ref="10175"/>
    <nd ref="20988"/>
    <tag k="type" v="line_thin"/>
    <tag k="subtype" v="solid"/>
  </way>
  <way id="37131">
    <nd ref="37110"/>
    <nd ref="32526"/>
    <nd ref="31956"/>
    <tag k="type" v="line_thin"/>
    <tag k="subtype" v="solid"/>
  </way>
  <way id="37132">
    <nd ref="37113"/>
    <nd ref="32527"/>
    <nd ref="31953"/>
    <tag k="type" v="line_thin"/>
    <tag k="subtype" v="solid"/>
  </way>
  <way id="37884">
    <nd ref="28078"/>
    <nd ref="37882"/>
    <tag k="type" v="line_thin"/>
    <tag k="subtype" v="solid"/>
  </way>
  <way id="37886">
    <nd ref="28079"/>
    <nd ref="37883"/>
    <tag k="type" v="line_thin"/>
    <tag k="subtype" v="solid"/>
  </way>
  <way id="37932">
    <nd ref="37928"/>
    <nd ref="37929"/>
    <tag k="type" v="line_thin"/>
    <tag k="subtype" v="solid"/>
  </way>
  <way id="37933">
    <nd ref="37930"/>
    <nd ref="37931"/>
    <tag k="type" v="line_thin"/>
    <tag k="subtype" v="solid"/>
  </way>
  <way id="38033">
    <nd ref="13506"/>
    <nd ref="38015"/>
    <nd ref="38016"/>
    <nd ref="38017"/>
    <nd ref="38018"/>
    <nd ref="38019"/>
    <nd ref="38020"/>
    <nd ref="38021"/>
    <nd ref="38022"/>
    <nd ref="37924"/>
    <tag k="type" v="line_thin"/>
    <tag k="subtype" v="solid"/>
  </way>
  <way id="38034">
    <nd ref="13503"/>
    <nd ref="38024"/>
    <nd ref="38025"/>
    <nd ref="38026"/>
    <nd ref="38027"/>
    <nd ref="38028"/>
    <nd ref="38029"/>
    <nd ref="38030"/>
    <nd ref="38031"/>
    <nd ref="37921"/>
    <tag k="type" v="line_thin"/>
    <tag k="subtype" v="solid"/>
  </way>
  <way id="38196">
    <nd ref="38193"/>
    <nd ref="722"/>
    <nd ref="1100"/>
    <nd ref="1099"/>
    <nd ref="1146"/>
    <nd ref="1101"/>
    <nd ref="1147"/>
    <nd ref="723"/>
    <tag k="type" v="line_thin"/>
    <tag k="subtype" v="solid"/>
  </way>
  <way id="38198">
    <nd ref="38194"/>
    <nd ref="705"/>
    <nd ref="1093"/>
    <nd ref="1094"/>
    <nd ref="1148"/>
    <nd ref="1149"/>
    <nd ref="1095"/>
    <nd ref="706"/>
    <tag k="type" v="line_thin"/>
    <tag k="subtype" v="solid"/>
  </way>
  <way id="38416">
    <nd ref="38382"/>
    <nd ref="38393"/>
    <nd ref="38394"/>
    <nd ref="38395"/>
    <nd ref="38396"/>
    <nd ref="38397"/>
    <nd ref="38398"/>
    <nd ref="38399"/>
    <nd ref="38400"/>
    <nd ref="38401"/>
    <nd ref="38193"/>
    <tag k="type" v="line_thin"/>
    <tag k="subtype" v="solid"/>
  </way>
  <way id="38417">
    <nd ref="38379"/>
    <nd ref="38402"/>
    <nd ref="38404"/>
    <nd ref="38406"/>
    <nd ref="38408"/>
    <nd ref="38410"/>
    <nd ref="38194"/>
    <tag k="type" v="line_thin"/>
    <tag k="subtype" v="solid"/>
  </way>
  <way id="38491">
    <nd ref="38432"/>
    <nd ref="38425"/>
    <nd ref="38470"/>
    <nd ref="38471"/>
    <nd ref="38472"/>
    <nd ref="38473"/>
    <nd ref="38474"/>
    <nd ref="38475"/>
    <nd ref="38476"/>
    <nd ref="38477"/>
    <nd ref="38478"/>
    <nd ref="38193"/>
    <tag k="type" v="line_thin"/>
    <tag k="subtype" v="solid"/>
  </way>
  <way id="38492">
    <nd ref="38433"/>
    <nd ref="38426"/>
    <nd ref="38479"/>
    <nd ref="38480"/>
    <nd ref="38481"/>
    <nd ref="38482"/>
    <nd ref="38483"/>
    <nd ref="38484"/>
    <nd ref="38485"/>
    <nd ref="38486"/>
    <nd ref="38487"/>
    <nd ref="38194"/>
    <tag k="type" v="line_thin"/>
    <tag k="subtype" v="solid"/>
  </way>
  <way id="38535">
    <nd ref="35618"/>
    <nd ref="38528"/>
    <tag k="type" v="line_thin"/>
    <tag k="subtype" v="solid"/>
  </way>
  <way id="38536">
    <nd ref="35619"/>
    <nd ref="38525"/>
    <tag k="type" v="line_thin"/>
    <tag k="subtype" v="solid"/>
  </way>
  <way id="38680">
    <nd ref="38528"/>
    <nd ref="38678"/>
    <tag k="type" v="line_thin"/>
    <tag k="subtype" v="solid"/>
  </way>
  <way id="38682">
    <nd ref="38525"/>
    <nd ref="38679"/>
    <tag k="type" v="line_thin"/>
    <tag k="subtype" v="solid"/>
  </way>
  <way id="38916">
    <nd ref="38867"/>
    <nd ref="28700"/>
    <tag k="type" v="line_thin"/>
    <tag k="subtype" v="solid"/>
  </way>
  <way id="38917">
    <nd ref="38869"/>
    <nd ref="28701"/>
    <tag k="type" v="line_thin"/>
    <tag k="subtype" v="solid"/>
  </way>
  <way id="38936">
    <nd ref="34528"/>
    <nd ref="36966"/>
    <nd ref="37061"/>
    <nd ref="37062"/>
    <nd ref="37063"/>
    <nd ref="37064"/>
    <nd ref="37065"/>
    <nd ref="37066"/>
    <nd ref="37067"/>
    <nd ref="37068"/>
    <nd ref="37069"/>
    <nd ref="33946"/>
    <tag k="type" v="line_thin"/>
    <tag k="subtype" v="solid"/>
  </way>
  <way id="38937">
    <nd ref="34525"/>
    <nd ref="36967"/>
    <nd ref="37070"/>
    <nd ref="37071"/>
    <nd ref="37072"/>
    <nd ref="37073"/>
    <nd ref="37074"/>
    <nd ref="37075"/>
    <nd ref="37076"/>
    <nd ref="37077"/>
    <nd ref="37078"/>
    <nd ref="33947"/>
    <tag k="type" v="line_thin"/>
    <tag k="subtype" v="solid"/>
  </way>
  <way id="39003">
    <nd ref="35333"/>
    <nd ref="38938"/>
    <nd ref="38978"/>
    <nd ref="38979"/>
    <nd ref="38980"/>
    <nd ref="38981"/>
    <nd ref="38982"/>
    <nd ref="38983"/>
    <nd ref="38984"/>
    <nd ref="38985"/>
    <nd ref="38986"/>
    <nd ref="38987"/>
    <nd ref="38988"/>
    <nd ref="34081"/>
    <tag k="type" v="line_thin"/>
    <tag k="subtype" v="solid"/>
  </way>
  <way id="39004">
    <nd ref="35334"/>
    <nd ref="38939"/>
    <nd ref="38989"/>
    <nd ref="38990"/>
    <nd ref="38991"/>
    <nd ref="38992"/>
    <nd ref="38993"/>
    <nd ref="38994"/>
    <nd ref="38995"/>
    <nd ref="38996"/>
    <nd ref="38997"/>
    <nd ref="38998"/>
    <nd ref="38999"/>
    <nd ref="34082"/>
    <tag k="type" v="line_thin"/>
    <tag k="subtype" v="solid"/>
  </way>
  <way id="39025">
    <nd ref="35089"/>
    <nd ref="39005"/>
    <nd ref="39006"/>
    <nd ref="39007"/>
    <nd ref="39008"/>
    <nd ref="39009"/>
    <nd ref="39010"/>
    <nd ref="39011"/>
    <nd ref="39012"/>
    <nd ref="39013"/>
    <nd ref="39014"/>
    <nd ref="34081"/>
    <tag k="type" v="line_thin"/>
    <tag k="subtype" v="solid"/>
  </way>
  <way id="39026">
    <nd ref="35086"/>
    <nd ref="39015"/>
    <nd ref="39016"/>
    <nd ref="39017"/>
    <nd ref="39018"/>
    <nd ref="39019"/>
    <nd ref="39020"/>
    <nd ref="39021"/>
    <nd ref="39022"/>
    <nd ref="39023"/>
    <nd ref="39024"/>
    <nd ref="34082"/>
    <tag k="type" v="line_thin"/>
    <tag k="subtype" v="solid"/>
  </way>
  <way id="39056">
    <nd ref="34042"/>
    <nd ref="39028"/>
    <nd ref="39035"/>
    <nd ref="39036"/>
    <nd ref="39037"/>
    <nd ref="39038"/>
    <nd ref="39039"/>
    <nd ref="39040"/>
    <nd ref="39041"/>
    <nd ref="39042"/>
    <nd ref="39043"/>
    <nd ref="34081"/>
    <tag k="type" v="line_thin"/>
    <tag k="subtype" v="solid"/>
  </way>
  <way id="39057">
    <nd ref="34039"/>
    <nd ref="39029"/>
    <nd ref="39044"/>
    <nd ref="39045"/>
    <nd ref="39046"/>
    <nd ref="39047"/>
    <nd ref="39048"/>
    <nd ref="39049"/>
    <nd ref="39050"/>
    <nd ref="39051"/>
    <nd ref="39052"/>
    <nd ref="34082"/>
    <tag k="type" v="line_thin"/>
    <tag k="subtype" v="solid"/>
  </way>
  <way id="39060">
    <nd ref="34081"/>
    <nd ref="39058"/>
    <tag k="type" v="line_thin"/>
    <tag k="subtype" v="solid"/>
  </way>
  <way id="39062">
    <nd ref="34082"/>
    <nd ref="39059"/>
    <tag k="type" v="line_thin"/>
    <tag k="subtype" v="solid"/>
  </way>
  <way id="39081">
    <nd ref="39058"/>
    <nd ref="39065"/>
    <nd ref="39066"/>
    <nd ref="39067"/>
    <nd ref="39068"/>
    <nd ref="39069"/>
    <nd ref="39070"/>
    <nd ref="39071"/>
    <nd ref="39072"/>
    <nd ref="14854"/>
    <tag k="type" v="line_thin"/>
    <tag k="subtype" v="solid"/>
  </way>
  <way id="39082">
    <nd ref="39059"/>
    <nd ref="39073"/>
    <nd ref="39074"/>
    <nd ref="39075"/>
    <nd ref="39076"/>
    <nd ref="39077"/>
    <nd ref="39078"/>
    <nd ref="39079"/>
    <nd ref="39080"/>
    <nd ref="14851"/>
    <tag k="type" v="line_thin"/>
    <tag k="subtype" v="solid"/>
  </way>
  <way id="39130">
    <nd ref="14855"/>
    <nd ref="39110"/>
    <nd ref="39111"/>
    <nd ref="39112"/>
    <nd ref="39113"/>
    <nd ref="39114"/>
    <nd ref="39115"/>
    <nd ref="39116"/>
    <nd ref="39117"/>
    <nd ref="39118"/>
    <nd ref="39119"/>
    <nd ref="9905"/>
    <tag k="type" v="line_thin"/>
    <tag k="subtype" v="solid"/>
  </way>
  <way id="39131">
    <nd ref="14852"/>
    <nd ref="39120"/>
    <nd ref="39121"/>
    <nd ref="39122"/>
    <nd ref="39123"/>
    <nd ref="39124"/>
    <nd ref="39125"/>
    <nd ref="39126"/>
    <nd ref="39127"/>
    <nd ref="39128"/>
    <nd ref="39129"/>
    <nd ref="9906"/>
    <tag k="type" v="line_thin"/>
    <tag k="subtype" v="solid"/>
  </way>
  <way id="39196">
    <nd ref="31035"/>
    <nd ref="31043"/>
    <nd ref="30982"/>
    <nd ref="30111"/>
    <nd ref="31016"/>
    <nd ref="31197"/>
    <nd ref="31199"/>
    <nd ref="31201"/>
    <nd ref="31125"/>
    <tag k="type" v="line_thin"/>
    <tag k="subtype" v="solid"/>
  </way>
  <way id="39197">
    <nd ref="31036"/>
    <nd ref="31044"/>
    <nd ref="31029"/>
    <nd ref="30123"/>
    <nd ref="31017"/>
    <nd ref="31202"/>
    <nd ref="31204"/>
    <nd ref="31126"/>
    <tag k="type" v="line_thin"/>
    <tag k="subtype" v="solid"/>
  </way>
  <way id="39198">
    <nd ref="31444"/>
    <nd ref="30537"/>
    <tag k="type" v="line_thin"/>
    <tag k="subtype" v="solid"/>
  </way>
  <way id="39199">
    <nd ref="31445"/>
    <nd ref="30546"/>
    <tag k="type" v="line_thin"/>
    <tag k="subtype" v="solid"/>
  </way>
  <way id="39207">
    <nd ref="37924"/>
    <nd ref="39205"/>
    <tag k="type" v="line_thin"/>
    <tag k="subtype" v="solid"/>
  </way>
  <way id="39209">
    <nd ref="37921"/>
    <nd ref="39206"/>
    <tag k="type" v="line_thin"/>
    <tag k="subtype" v="solid"/>
  </way>
  <way id="39335">
    <nd ref="13506"/>
    <nd ref="39317"/>
    <nd ref="39318"/>
    <nd ref="39319"/>
    <nd ref="39320"/>
    <nd ref="39321"/>
    <nd ref="39322"/>
    <nd ref="39323"/>
    <nd ref="39324"/>
    <nd ref="39325"/>
    <nd ref="37928"/>
    <tag k="type" v="line_thin"/>
    <tag k="subtype" v="solid"/>
  </way>
  <way id="39336">
    <nd ref="13503"/>
    <nd ref="39326"/>
    <nd ref="39327"/>
    <nd ref="39328"/>
    <nd ref="39329"/>
    <nd ref="39330"/>
    <nd ref="39331"/>
    <nd ref="39332"/>
    <nd ref="39333"/>
    <nd ref="39334"/>
    <nd ref="37930"/>
    <tag k="type" v="line_thin"/>
    <tag k="subtype" v="solid"/>
  </way>
  <way id="39341">
    <nd ref="31729"/>
    <nd ref="31800"/>
    <nd ref="31804"/>
    <nd ref="31808"/>
    <nd ref="31810"/>
    <nd ref="31790"/>
    <nd ref="25328"/>
    <nd ref="25330"/>
    <nd ref="25332"/>
    <nd ref="25334"/>
    <tag k="type" v="line_thin"/>
    <tag k="subtype" v="solid"/>
  </way>
  <way id="39342">
    <nd ref="31730"/>
    <nd ref="31814"/>
    <nd ref="31818"/>
    <nd ref="31822"/>
    <nd ref="31824"/>
    <nd ref="31791"/>
    <nd ref="25352"/>
    <nd ref="25354"/>
    <nd ref="25356"/>
    <nd ref="25358"/>
    <nd ref="25360"/>
    <tag k="type" v="line_thin"/>
    <tag k="subtype" v="solid"/>
  </way>
  <way id="39359">
    <nd ref="11917"/>
    <nd ref="2402"/>
    <nd ref="1966"/>
    <tag k="type" v="line_thin"/>
    <tag k="subtype" v="solid"/>
  </way>
  <way id="39360">
    <nd ref="11918"/>
    <nd ref="2403"/>
    <nd ref="1967"/>
    <tag k="type" v="line_thin"/>
    <tag k="subtype" v="solid"/>
  </way>
  <way id="39363">
    <nd ref="1966"/>
    <nd ref="1976"/>
    <nd ref="1980"/>
    <nd ref="1393"/>
    <nd ref="1733"/>
    <nd ref="1737"/>
    <nd ref="1741"/>
    <nd ref="1745"/>
    <nd ref="1749"/>
    <nd ref="4827"/>
    <tag k="type" v="line_thin"/>
    <tag k="subtype" v="solid"/>
  </way>
  <way id="39364">
    <nd ref="1967"/>
    <nd ref="1984"/>
    <nd ref="1988"/>
    <nd ref="1390"/>
    <nd ref="1752"/>
    <nd ref="1754"/>
    <nd ref="2410"/>
    <nd ref="1757"/>
    <nd ref="1759"/>
    <nd ref="1761"/>
    <nd ref="1763"/>
    <nd ref="1765"/>
    <nd ref="1767"/>
    <nd ref="1769"/>
    <nd ref="4828"/>
    <tag k="type" v="line_thin"/>
    <tag k="subtype" v="solid"/>
  </way>
  <way id="39367">
    <nd ref="37882"/>
    <nd ref="39365"/>
    <tag k="type" v="line_thin"/>
    <tag k="subtype" v="solid"/>
  </way>
  <way id="39369">
    <nd ref="37883"/>
    <nd ref="39366"/>
    <tag k="type" v="line_thin"/>
    <tag k="subtype" v="solid"/>
  </way>
  <way id="40109">
    <nd ref="40106"/>
    <nd ref="39884"/>
    <nd ref="387"/>
    <tag k="type" v="line_thin"/>
    <tag k="subtype" v="solid"/>
  </way>
  <way id="40111">
    <nd ref="40107"/>
    <nd ref="39888"/>
    <nd ref="382"/>
    <tag k="type" v="line_thin"/>
    <tag k="subtype" v="solid"/>
  </way>
  <way id="40168">
    <nd ref="40165"/>
    <nd ref="40118"/>
    <nd ref="40120"/>
    <nd ref="40122"/>
    <nd ref="40124"/>
    <nd ref="40126"/>
    <nd ref="40106"/>
    <tag k="type" v="line_thin"/>
    <tag k="subtype" v="solid"/>
  </way>
  <way id="40170">
    <nd ref="40166"/>
    <nd ref="40132"/>
    <nd ref="40134"/>
    <nd ref="40136"/>
    <nd ref="40138"/>
    <nd ref="40140"/>
    <nd ref="40107"/>
    <tag k="type" v="line_thin"/>
    <tag k="subtype" v="solid"/>
  </way>
  <way id="40200">
    <nd ref="318"/>
    <nd ref="40173"/>
    <nd ref="40175"/>
    <nd ref="40177"/>
    <nd ref="40179"/>
    <nd ref="40181"/>
    <nd ref="40183"/>
    <nd ref="40185"/>
    <nd ref="40165"/>
    <tag k="type" v="line_thin"/>
    <tag k="subtype" v="solid"/>
  </way>
  <way id="40201">
    <nd ref="322"/>
    <nd ref="40187"/>
    <nd ref="40189"/>
    <nd ref="40191"/>
    <nd ref="40193"/>
    <nd ref="40195"/>
    <nd ref="40197"/>
    <nd ref="40199"/>
    <nd ref="40166"/>
    <tag k="type" v="line_thin"/>
    <tag k="subtype" v="solid"/>
  </way>
  <way id="40320">
    <nd ref="24027"/>
    <nd ref="23903"/>
    <tag k="type" v="line_thin"/>
    <tag k="subtype" v="solid"/>
  </way>
  <way id="40321">
    <nd ref="24029"/>
    <nd ref="23904"/>
    <tag k="type" v="line_thin"/>
    <tag k="subtype" v="solid"/>
  </way>
  <way id="40329">
    <nd ref="24311"/>
    <nd ref="24549"/>
    <tag k="type" v="line_thin"/>
    <tag k="subtype" v="solid"/>
  </way>
  <way id="40330">
    <nd ref="24329"/>
    <nd ref="24551"/>
    <tag k="type" v="line_thin"/>
    <tag k="subtype" v="solid"/>
  </way>
  <way id="40422">
    <nd ref="33500"/>
    <nd ref="40420"/>
    <tag k="type" v="line_thin"/>
    <tag k="subtype" v="solid"/>
  </way>
  <way id="40424">
    <nd ref="33497"/>
    <nd ref="40421"/>
    <tag k="type" v="line_thin"/>
    <tag k="subtype" v="solid"/>
  </way>
  <way id="40437">
    <nd ref="40420"/>
    <nd ref="40428"/>
    <nd ref="40430"/>
    <nd ref="33490"/>
    <tag k="type" v="line_thin"/>
    <tag k="subtype" v="solid"/>
  </way>
  <way id="40438">
    <nd ref="40421"/>
    <nd ref="40433"/>
    <nd ref="40435"/>
    <nd ref="33491"/>
    <tag k="type" v="line_thin"/>
    <tag k="subtype" v="solid"/>
  </way>
  <way id="40442">
    <nd ref="34420"/>
    <nd ref="40440"/>
    <tag k="type" v="line_thin"/>
    <tag k="subtype" v="solid"/>
  </way>
  <way id="40444">
    <nd ref="34422"/>
    <nd ref="40441"/>
    <tag k="type" v="line_thin"/>
    <tag k="subtype" v="solid"/>
  </way>
  <way id="40467">
    <nd ref="40440"/>
    <nd ref="40447"/>
    <nd ref="40449"/>
    <nd ref="40451"/>
    <nd ref="40453"/>
    <nd ref="40455"/>
    <nd ref="33490"/>
    <tag k="type" v="line_thin"/>
    <tag k="subtype" v="solid"/>
  </way>
  <way id="40468">
    <nd ref="40441"/>
    <nd ref="40457"/>
    <nd ref="40459"/>
    <nd ref="40461"/>
    <nd ref="40463"/>
    <nd ref="40465"/>
    <nd ref="33491"/>
    <tag k="type" v="line_thin"/>
    <tag k="subtype" v="solid"/>
  </way>
  <way id="40470">
    <nd ref="25895"/>
    <nd ref="33473"/>
    <tag k="type" v="line_thin"/>
    <tag k="subtype" v="solid"/>
  </way>
  <way id="40471">
    <nd ref="25897"/>
    <nd ref="33475"/>
    <tag k="type" v="line_thin"/>
    <tag k="subtype" v="solid"/>
  </way>
  <way id="40475">
    <nd ref="25919"/>
    <nd ref="26441"/>
    <nd ref="26444"/>
    <nd ref="26432"/>
    <nd ref="40473"/>
    <tag k="type" v="line_thin"/>
    <tag k="subtype" v="solid"/>
  </way>
  <way id="40477">
    <nd ref="25934"/>
    <nd ref="26447"/>
    <nd ref="26450"/>
    <nd ref="26433"/>
    <nd ref="40474"/>
    <tag k="type" v="line_thin"/>
    <tag k="subtype" v="solid"/>
  </way>
  <way id="40486">
    <nd ref="40473"/>
    <nd ref="40480"/>
    <nd ref="40481"/>
    <nd ref="40482"/>
    <nd ref="25962"/>
    <tag k="type" v="line_thin"/>
    <tag k="subtype" v="solid"/>
  </way>
  <way id="40487">
    <nd ref="40474"/>
    <nd ref="45419"/>
    <nd ref="40483"/>
    <nd ref="40485"/>
    <nd ref="25963"/>
    <tag k="type" v="line_thin"/>
    <tag k="subtype" v="solid"/>
  </way>
  <way id="40505">
    <nd ref="25955"/>
    <nd ref="40492"/>
    <nd ref="25962"/>
    <tag k="type" v="line_thin"/>
    <tag k="subtype" v="solid"/>
  </way>
  <way id="40506">
    <nd ref="25956"/>
    <nd ref="40500"/>
    <nd ref="25963"/>
    <tag k="type" v="line_thin"/>
    <tag k="subtype" v="solid"/>
  </way>
  <way id="40511">
    <nd ref="40508"/>
    <nd ref="26029"/>
    <nd ref="26153"/>
    <nd ref="26154"/>
    <nd ref="26156"/>
    <nd ref="26133"/>
    <tag k="type" v="line_thin"/>
    <tag k="subtype" v="solid"/>
  </way>
  <way id="40513">
    <nd ref="40509"/>
    <nd ref="26050"/>
    <nd ref="26053"/>
    <nd ref="26147"/>
    <nd ref="26158"/>
    <nd ref="26160"/>
    <nd ref="26135"/>
    <tag k="type" v="line_thin"/>
    <tag k="subtype" v="solid"/>
  </way>
  <way id="40515">
    <nd ref="26015"/>
    <nd ref="26555"/>
    <tag k="type" v="line_thin"/>
    <tag k="subtype" v="solid"/>
  </way>
  <way id="40516">
    <nd ref="26040"/>
    <nd ref="26556"/>
    <tag k="type" v="line_thin"/>
    <tag k="subtype" v="solid"/>
  </way>
  <way id="40526">
    <nd ref="26015"/>
    <nd ref="40518"/>
    <nd ref="40519"/>
    <nd ref="40520"/>
    <nd ref="40521"/>
    <nd ref="40508"/>
    <tag k="type" v="line_thin"/>
    <tag k="subtype" v="solid"/>
  </way>
  <way id="40527">
    <nd ref="26040"/>
    <nd ref="40522"/>
    <nd ref="40524"/>
    <nd ref="40509"/>
    <tag k="type" v="line_thin"/>
    <tag k="subtype" v="solid"/>
  </way>
  <way id="40592">
    <nd ref="26336"/>
    <nd ref="40590"/>
    <tag k="type" v="line_thin"/>
    <tag k="subtype" v="solid"/>
  </way>
  <way id="40593">
    <nd ref="40590"/>
    <nd ref="26015"/>
    <tag k="type" v="line_thin"/>
    <tag k="subtype" v="solid"/>
  </way>
  <way id="40594">
    <nd ref="26337"/>
    <nd ref="40591"/>
    <tag k="type" v="line_thin"/>
    <tag k="subtype" v="solid"/>
  </way>
  <way id="40595">
    <nd ref="40591"/>
    <nd ref="26040"/>
    <tag k="type" v="line_thin"/>
    <tag k="subtype" v="solid"/>
  </way>
  <way id="40636">
    <nd ref="26171"/>
    <nd ref="26377"/>
    <nd ref="40634"/>
    <tag k="type" v="line_thin"/>
    <tag k="subtype" v="solid"/>
  </way>
  <way id="40638">
    <nd ref="26186"/>
    <nd ref="26382"/>
    <nd ref="26384"/>
    <nd ref="40635"/>
    <tag k="type" v="line_thin"/>
    <tag k="subtype" v="solid"/>
  </way>
  <way id="40653">
    <nd ref="40634"/>
    <nd ref="40641"/>
    <nd ref="40642"/>
    <nd ref="40644"/>
    <nd ref="40646"/>
    <nd ref="26336"/>
    <tag k="type" v="line_thin"/>
    <tag k="subtype" v="solid"/>
  </way>
  <way id="40654">
    <nd ref="40635"/>
    <nd ref="40647"/>
    <nd ref="40648"/>
    <nd ref="40650"/>
    <nd ref="40652"/>
    <nd ref="26337"/>
    <tag k="type" v="line_thin"/>
    <tag k="subtype" v="solid"/>
  </way>
  <way id="40656">
    <nd ref="25886"/>
    <nd ref="26336"/>
    <tag k="type" v="line_thin"/>
    <tag k="subtype" v="solid"/>
  </way>
  <way id="40657">
    <nd ref="25888"/>
    <nd ref="26337"/>
    <tag k="type" v="line_thin"/>
    <tag k="subtype" v="solid"/>
  </way>
  <way id="40757">
    <nd ref="26407"/>
    <nd ref="40755"/>
    <tag k="type" v="line_thin"/>
    <tag k="subtype" v="solid"/>
  </way>
  <way id="40758">
    <nd ref="40755"/>
    <nd ref="40659"/>
    <tag k="type" v="line_thin"/>
    <tag k="subtype" v="solid"/>
  </way>
  <way id="40759">
    <nd ref="26408"/>
    <nd ref="40756"/>
    <tag k="type" v="line_thin"/>
    <tag k="subtype" v="solid"/>
  </way>
  <way id="40760">
    <nd ref="40756"/>
    <nd ref="40660"/>
    <tag k="type" v="line_thin"/>
    <tag k="subtype" v="solid"/>
  </way>
  <way id="40837">
    <nd ref="40834"/>
    <nd ref="40529"/>
    <nd ref="26222"/>
    <nd ref="26225"/>
    <nd ref="26228"/>
    <nd ref="26231"/>
    <nd ref="26205"/>
    <tag k="type" v="line_thin"/>
    <tag k="subtype" v="solid"/>
  </way>
  <way id="40839">
    <nd ref="40835"/>
    <nd ref="26242"/>
    <nd ref="26244"/>
    <nd ref="26246"/>
    <nd ref="26249"/>
    <nd ref="26251"/>
    <nd ref="26207"/>
    <tag k="type" v="line_thin"/>
    <tag k="subtype" v="solid"/>
  </way>
  <way id="40851">
    <nd ref="40659"/>
    <nd ref="40841"/>
    <nd ref="40842"/>
    <nd ref="40843"/>
    <nd ref="40844"/>
    <nd ref="40845"/>
    <nd ref="40834"/>
    <tag k="type" v="line_thin"/>
    <tag k="subtype" v="solid"/>
  </way>
  <way id="40852">
    <nd ref="40660"/>
    <nd ref="40846"/>
    <nd ref="40847"/>
    <nd ref="40848"/>
    <nd ref="40849"/>
    <nd ref="40850"/>
    <nd ref="40835"/>
    <tag k="type" v="line_thin"/>
    <tag k="subtype" v="solid"/>
  </way>
  <way id="40854">
    <nd ref="40659"/>
    <nd ref="25885"/>
    <tag k="type" v="line_thin"/>
    <tag k="subtype" v="solid"/>
  </way>
  <way id="40855">
    <nd ref="40660"/>
    <nd ref="25887"/>
    <tag k="type" v="line_thin"/>
    <tag k="subtype" v="solid"/>
  </way>
  <way id="40860">
    <nd ref="40857"/>
    <nd ref="40792"/>
    <nd ref="40793"/>
    <nd ref="40794"/>
    <nd ref="40795"/>
    <nd ref="40796"/>
    <nd ref="26407"/>
    <tag k="type" v="line_thin"/>
    <tag k="subtype" v="solid"/>
  </way>
  <way id="40862">
    <nd ref="40858"/>
    <nd ref="40799"/>
    <nd ref="40800"/>
    <nd ref="40801"/>
    <nd ref="40802"/>
    <nd ref="40803"/>
    <nd ref="26408"/>
    <tag k="type" v="line_thin"/>
    <tag k="subtype" v="solid"/>
  </way>
  <way id="40864">
    <nd ref="19406"/>
    <nd ref="40736"/>
    <nd ref="40738"/>
    <nd ref="40740"/>
    <nd ref="40742"/>
    <nd ref="40791"/>
    <nd ref="40857"/>
    <tag k="type" v="line_thin"/>
    <tag k="subtype" v="solid"/>
  </way>
  <way id="40865">
    <nd ref="19409"/>
    <nd ref="40744"/>
    <nd ref="40746"/>
    <nd ref="40748"/>
    <nd ref="40784"/>
    <nd ref="40798"/>
    <nd ref="40858"/>
    <tag k="type" v="line_thin"/>
    <tag k="subtype" v="solid"/>
  </way>
  <way id="40878">
    <nd ref="25672"/>
    <nd ref="40866"/>
    <nd ref="40868"/>
    <nd ref="40870"/>
    <nd ref="40871"/>
    <nd ref="40857"/>
    <tag k="type" v="line_thin"/>
    <tag k="subtype" v="solid"/>
  </way>
  <way id="40879">
    <nd ref="25673"/>
    <nd ref="40872"/>
    <nd ref="40874"/>
    <nd ref="40876"/>
    <nd ref="40858"/>
    <tag k="type" v="line_thin"/>
    <tag k="subtype" v="solid"/>
  </way>
  <way id="41032">
    <nd ref="41029"/>
    <nd ref="1486"/>
    <tag k="type" v="line_thin"/>
    <tag k="subtype" v="solid"/>
  </way>
  <way id="41034">
    <nd ref="41030"/>
    <nd ref="1488"/>
    <tag k="type" v="line_thin"/>
    <tag k="subtype" v="solid"/>
  </way>
  <way id="41101">
    <nd ref="9881"/>
    <nd ref="41099"/>
    <tag k="type" v="line_thin"/>
    <tag k="subtype" v="solid"/>
  </way>
  <way id="41103">
    <nd ref="9882"/>
    <nd ref="41100"/>
    <tag k="type" v="line_thin"/>
    <tag k="subtype" v="solid"/>
  </way>
  <way id="41163">
    <nd ref="41099"/>
    <nd ref="41153"/>
    <nd ref="41155"/>
    <nd ref="41116"/>
    <tag k="type" v="line_thin"/>
    <tag k="subtype" v="solid"/>
  </way>
  <way id="41164">
    <nd ref="41100"/>
    <nd ref="41158"/>
    <nd ref="41160"/>
    <nd ref="41113"/>
    <tag k="type" v="line_thin"/>
    <tag k="subtype" v="solid"/>
  </way>
  <way id="41199">
    <nd ref="22977"/>
    <nd ref="41197"/>
    <tag k="type" v="line_thin"/>
    <tag k="subtype" v="solid"/>
  </way>
  <way id="41201">
    <nd ref="22978"/>
    <nd ref="41198"/>
    <tag k="type" v="line_thin"/>
    <tag k="subtype" v="solid"/>
  </way>
  <way id="41249">
    <nd ref="41245"/>
    <nd ref="41246"/>
    <tag k="type" v="line_thin"/>
    <tag k="subtype" v="solid"/>
  </way>
  <way id="41250">
    <nd ref="41247"/>
    <nd ref="41248"/>
    <tag k="type" v="line_thin"/>
    <tag k="subtype" v="solid"/>
  </way>
  <way id="41255">
    <nd ref="41252"/>
    <nd ref="23737"/>
    <nd ref="23776"/>
    <nd ref="33668"/>
    <nd ref="33661"/>
    <tag k="type" v="line_thin"/>
    <tag k="subtype" v="solid"/>
  </way>
  <way id="41257">
    <nd ref="41253"/>
    <nd ref="23740"/>
    <nd ref="23777"/>
    <nd ref="33669"/>
    <nd ref="33662"/>
    <tag k="type" v="line_thin"/>
    <tag k="subtype" v="solid"/>
  </way>
  <way id="41262">
    <nd ref="41246"/>
    <nd ref="41252"/>
    <tag k="type" v="line_thin"/>
    <tag k="subtype" v="solid"/>
  </way>
  <way id="41263">
    <nd ref="41248"/>
    <nd ref="41253"/>
    <tag k="type" v="line_thin"/>
    <tag k="subtype" v="solid"/>
  </way>
  <way id="41378">
    <nd ref="41116"/>
    <nd ref="41136"/>
    <nd ref="41137"/>
    <nd ref="41139"/>
    <nd ref="41376"/>
    <tag k="type" v="line_thin"/>
    <tag k="subtype" v="solid"/>
  </way>
  <way id="41379">
    <nd ref="41376"/>
    <nd ref="15635"/>
    <tag k="type" v="line_thin"/>
    <tag k="subtype" v="solid"/>
  </way>
  <way id="41380">
    <nd ref="41113"/>
    <nd ref="41143"/>
    <nd ref="41144"/>
    <nd ref="41146"/>
    <nd ref="41377"/>
    <tag k="type" v="line_thin"/>
    <tag k="subtype" v="solid"/>
  </way>
  <way id="41381">
    <nd ref="41377"/>
    <nd ref="15636"/>
    <tag k="type" v="line_thin"/>
    <tag k="subtype" v="solid"/>
  </way>
  <way id="41428">
    <nd ref="15635"/>
    <nd ref="41404"/>
    <nd ref="41405"/>
    <nd ref="41406"/>
    <nd ref="41407"/>
    <nd ref="41408"/>
    <nd ref="41409"/>
    <nd ref="41410"/>
    <nd ref="41411"/>
    <nd ref="41412"/>
    <nd ref="41413"/>
    <nd ref="41414"/>
    <nd ref="41415"/>
    <nd ref="22977"/>
    <tag k="type" v="line_thin"/>
    <tag k="subtype" v="solid"/>
  </way>
  <way id="41429">
    <nd ref="15636"/>
    <nd ref="41416"/>
    <nd ref="41417"/>
    <nd ref="41418"/>
    <nd ref="41419"/>
    <nd ref="41420"/>
    <nd ref="41421"/>
    <nd ref="41422"/>
    <nd ref="41423"/>
    <nd ref="41424"/>
    <nd ref="41425"/>
    <nd ref="41426"/>
    <nd ref="41427"/>
    <nd ref="22978"/>
    <tag k="type" v="line_thin"/>
    <tag k="subtype" v="solid"/>
  </way>
  <way id="41447">
    <nd ref="15635"/>
    <nd ref="41431"/>
    <nd ref="41432"/>
    <nd ref="41433"/>
    <nd ref="41434"/>
    <nd ref="41435"/>
    <nd ref="41436"/>
    <nd ref="41437"/>
    <nd ref="41438"/>
    <nd ref="41245"/>
    <tag k="type" v="line_thin"/>
    <tag k="subtype" v="solid"/>
  </way>
  <way id="41448">
    <nd ref="15636"/>
    <nd ref="41440"/>
    <nd ref="41442"/>
    <nd ref="41444"/>
    <nd ref="41446"/>
    <nd ref="43855"/>
    <nd ref="41247"/>
    <tag k="type" v="line_thin"/>
    <tag k="subtype" v="solid"/>
  </way>
  <way id="41676">
    <nd ref="22900"/>
    <nd ref="41664"/>
    <nd ref="41665"/>
    <nd ref="41666"/>
    <nd ref="41667"/>
    <nd ref="41668"/>
    <nd ref="41669"/>
    <nd ref="41628"/>
    <tag k="type" v="line_thin"/>
    <tag k="subtype" v="solid"/>
  </way>
  <way id="41677">
    <nd ref="22901"/>
    <nd ref="41670"/>
    <nd ref="41671"/>
    <nd ref="41672"/>
    <nd ref="41673"/>
    <nd ref="41674"/>
    <nd ref="41675"/>
    <nd ref="41629"/>
    <tag k="type" v="line_thin"/>
    <tag k="subtype" v="solid"/>
  </way>
  <way id="41699">
    <nd ref="41628"/>
    <nd ref="41635"/>
    <nd ref="41636"/>
    <nd ref="41637"/>
    <nd ref="41638"/>
    <nd ref="41697"/>
    <tag k="type" v="line_thin"/>
    <tag k="subtype" v="solid"/>
  </way>
  <way id="41701">
    <nd ref="41629"/>
    <nd ref="41648"/>
    <nd ref="41649"/>
    <nd ref="41650"/>
    <nd ref="41651"/>
    <nd ref="41698"/>
    <tag k="type" v="line_thin"/>
    <tag k="subtype" v="solid"/>
  </way>
  <way id="41725">
    <nd ref="33661"/>
    <nd ref="41723"/>
    <tag k="type" v="line_thin"/>
    <tag k="subtype" v="solid"/>
  </way>
  <way id="41726">
    <nd ref="41723"/>
    <nd ref="41704"/>
    <nd ref="41705"/>
    <nd ref="41706"/>
    <nd ref="41707"/>
    <nd ref="41708"/>
    <nd ref="41709"/>
    <nd ref="41710"/>
    <nd ref="41711"/>
    <nd ref="41697"/>
    <tag k="type" v="line_thin"/>
    <tag k="subtype" v="solid"/>
  </way>
  <way id="41727">
    <nd ref="33662"/>
    <nd ref="41724"/>
    <tag k="type" v="line_thin"/>
    <tag k="subtype" v="solid"/>
  </way>
  <way id="41728">
    <nd ref="41724"/>
    <nd ref="41712"/>
    <nd ref="41713"/>
    <nd ref="41714"/>
    <nd ref="41715"/>
    <nd ref="41716"/>
    <nd ref="41717"/>
    <nd ref="41718"/>
    <nd ref="41719"/>
    <nd ref="41698"/>
    <tag k="type" v="line_thin"/>
    <tag k="subtype" v="solid"/>
  </way>
  <way id="41816">
    <nd ref="22900"/>
    <nd ref="41808"/>
    <nd ref="41809"/>
    <nd ref="41810"/>
    <nd ref="41811"/>
    <nd ref="41804"/>
    <tag k="type" v="line_thin"/>
    <tag k="subtype" v="solid"/>
  </way>
  <way id="41817">
    <nd ref="22901"/>
    <nd ref="41812"/>
    <nd ref="41813"/>
    <nd ref="41814"/>
    <nd ref="41815"/>
    <nd ref="41801"/>
    <tag k="type" v="line_thin"/>
    <tag k="subtype" v="solid"/>
  </way>
  <way id="41835">
    <nd ref="41804"/>
    <nd ref="41820"/>
    <nd ref="41822"/>
    <nd ref="41824"/>
    <nd ref="41826"/>
    <nd ref="25077"/>
    <tag k="type" v="line_thin"/>
    <tag k="subtype" v="solid"/>
  </way>
  <way id="41836">
    <nd ref="41801"/>
    <nd ref="41828"/>
    <nd ref="41830"/>
    <nd ref="41832"/>
    <nd ref="41834"/>
    <nd ref="25078"/>
    <tag k="type" v="line_thin"/>
    <tag k="subtype" v="solid"/>
  </way>
  <way id="41868">
    <nd ref="25077"/>
    <nd ref="41857"/>
    <nd ref="41858"/>
    <nd ref="41859"/>
    <nd ref="41730"/>
    <nd ref="24860"/>
    <nd ref="24861"/>
    <nd ref="25043"/>
    <nd ref="25045"/>
    <nd ref="25047"/>
    <nd ref="25049"/>
    <nd ref="25051"/>
    <nd ref="25036"/>
    <tag k="type" v="line_thin"/>
    <tag k="subtype" v="solid"/>
  </way>
  <way id="41869">
    <nd ref="25078"/>
    <nd ref="41860"/>
    <nd ref="41861"/>
    <nd ref="41862"/>
    <nd ref="24880"/>
    <nd ref="24882"/>
    <nd ref="25053"/>
    <nd ref="25055"/>
    <nd ref="25057"/>
    <nd ref="25059"/>
    <nd ref="25061"/>
    <nd ref="25037"/>
    <tag k="type" v="line_thin"/>
    <tag k="subtype" v="solid"/>
  </way>
  <way id="41913">
    <nd ref="31851"/>
    <nd ref="25334"/>
    <tag k="type" v="line_thin"/>
    <tag k="subtype" v="solid"/>
  </way>
  <way id="41914">
    <nd ref="31852"/>
    <nd ref="25360"/>
    <tag k="type" v="line_thin"/>
    <tag k="subtype" v="solid"/>
  </way>
  <way id="41955">
    <nd ref="41952"/>
    <nd ref="24027"/>
    <tag k="type" v="line_thin"/>
    <tag k="subtype" v="solid"/>
  </way>
  <way id="41957">
    <nd ref="41953"/>
    <nd ref="24029"/>
    <tag k="type" v="line_thin"/>
    <tag k="subtype" v="solid"/>
  </way>
  <way id="41961">
    <nd ref="41697"/>
    <nd ref="41639"/>
    <nd ref="41959"/>
    <tag k="type" v="line_thin"/>
    <tag k="subtype" v="solid"/>
  </way>
  <way id="41963">
    <nd ref="41698"/>
    <nd ref="41652"/>
    <nd ref="41960"/>
    <tag k="type" v="line_thin"/>
    <tag k="subtype" v="solid"/>
  </way>
  <way id="41978">
    <nd ref="41959"/>
    <nd ref="41966"/>
    <nd ref="41967"/>
    <nd ref="41968"/>
    <nd ref="41969"/>
    <nd ref="41970"/>
    <nd ref="41971"/>
    <nd ref="41952"/>
    <tag k="type" v="line_thin"/>
    <tag k="subtype" v="solid"/>
  </way>
  <way id="41979">
    <nd ref="41960"/>
    <nd ref="41972"/>
    <nd ref="41973"/>
    <nd ref="41974"/>
    <nd ref="41975"/>
    <nd ref="41976"/>
    <nd ref="41977"/>
    <nd ref="41953"/>
    <tag k="type" v="line_thin"/>
    <tag k="subtype" v="solid"/>
  </way>
  <way id="41981">
    <nd ref="24027"/>
    <nd ref="20535"/>
    <nd ref="20537"/>
    <nd ref="20539"/>
    <nd ref="20541"/>
    <nd ref="20530"/>
    <nd ref="41916"/>
    <nd ref="20554"/>
    <nd ref="20556"/>
    <nd ref="20557"/>
    <nd ref="24151"/>
    <tag k="type" v="line_thin"/>
    <tag k="subtype" v="solid"/>
  </way>
  <way id="41982">
    <nd ref="24029"/>
    <nd ref="20544"/>
    <nd ref="20547"/>
    <nd ref="20550"/>
    <nd ref="20527"/>
    <nd ref="41917"/>
    <nd ref="20558"/>
    <nd ref="20559"/>
    <nd ref="20560"/>
    <nd ref="20561"/>
    <nd ref="24153"/>
    <tag k="type" v="line_thin"/>
    <tag k="subtype" v="solid"/>
  </way>
  <way id="41985">
    <nd ref="24291"/>
    <nd ref="41983"/>
    <tag k="type" v="line_thin"/>
    <tag k="subtype" v="solid"/>
  </way>
  <way id="41987">
    <nd ref="24292"/>
    <nd ref="41984"/>
    <tag k="type" v="line_thin"/>
    <tag k="subtype" v="solid"/>
  </way>
  <way id="41990">
    <nd ref="41983"/>
    <nd ref="20589"/>
    <nd ref="20616"/>
    <nd ref="20620"/>
    <nd ref="20622"/>
    <nd ref="20612"/>
    <nd ref="24209"/>
    <nd ref="24224"/>
    <nd ref="24226"/>
    <nd ref="24263"/>
    <tag k="type" v="line_thin"/>
    <tag k="subtype" v="solid"/>
  </way>
  <way id="41991">
    <nd ref="41984"/>
    <nd ref="20590"/>
    <nd ref="20624"/>
    <nd ref="20626"/>
    <nd ref="20628"/>
    <nd ref="20630"/>
    <nd ref="20608"/>
    <nd ref="24210"/>
    <nd ref="24230"/>
    <nd ref="24232"/>
    <nd ref="24264"/>
    <tag k="type" v="line_thin"/>
    <tag k="subtype" v="solid"/>
  </way>
  <way id="42018">
    <nd ref="24389"/>
    <nd ref="42016"/>
    <tag k="type" v="line_thin"/>
    <tag k="subtype" v="solid"/>
  </way>
  <way id="42020">
    <nd ref="24391"/>
    <nd ref="42017"/>
    <tag k="type" v="line_thin"/>
    <tag k="subtype" v="solid"/>
  </way>
  <way id="42026">
    <nd ref="42023"/>
    <nd ref="23952"/>
    <tag k="type" v="line_thin"/>
    <tag k="subtype" v="solid"/>
  </way>
  <way id="42028">
    <nd ref="42024"/>
    <nd ref="23953"/>
    <tag k="type" v="line_thin"/>
    <tag k="subtype" v="solid"/>
  </way>
  <way id="42033">
    <nd ref="41993"/>
    <nd ref="41994"/>
    <nd ref="41995"/>
    <nd ref="41996"/>
    <nd ref="41997"/>
    <nd ref="41998"/>
    <nd ref="41999"/>
    <nd ref="42000"/>
    <nd ref="42001"/>
    <tag k="type" v="line_thin"/>
    <tag k="subtype" v="solid"/>
  </way>
  <way id="42035">
    <nd ref="42003"/>
    <nd ref="42004"/>
    <nd ref="42005"/>
    <nd ref="42006"/>
    <nd ref="42007"/>
    <nd ref="42008"/>
    <nd ref="42009"/>
    <nd ref="42010"/>
    <nd ref="42011"/>
    <nd ref="42012"/>
    <tag k="type" v="line_thin"/>
    <tag k="subtype" v="solid"/>
  </way>
  <way id="42037">
    <nd ref="42016"/>
    <nd ref="41993"/>
    <tag k="type" v="line_thin"/>
    <tag k="subtype" v="solid"/>
  </way>
  <way id="42038">
    <nd ref="42017"/>
    <nd ref="42003"/>
    <tag k="type" v="line_thin"/>
    <tag k="subtype" v="solid"/>
  </way>
  <way id="42040">
    <nd ref="42001"/>
    <nd ref="42023"/>
    <tag k="type" v="line_thin"/>
    <tag k="subtype" v="solid"/>
  </way>
  <way id="42041">
    <nd ref="42012"/>
    <nd ref="42024"/>
    <tag k="type" v="line_thin"/>
    <tag k="subtype" v="solid"/>
  </way>
  <way id="42046">
    <nd ref="23924"/>
    <nd ref="42001"/>
    <tag k="type" v="line_thin"/>
    <tag k="subtype" v="solid"/>
  </way>
  <way id="42047">
    <nd ref="23925"/>
    <nd ref="42012"/>
    <tag k="type" v="line_thin"/>
    <tag k="subtype" v="solid"/>
  </way>
  <way id="42099">
    <nd ref="42085"/>
    <nd ref="42087"/>
    <nd ref="42088"/>
    <nd ref="42097"/>
    <tag k="type" v="line_thin"/>
    <tag k="subtype" v="solid"/>
  </way>
  <way id="42101">
    <nd ref="42091"/>
    <nd ref="42092"/>
    <nd ref="42093"/>
    <nd ref="42098"/>
    <tag k="type" v="line_thin"/>
    <tag k="subtype" v="solid"/>
  </way>
  <way id="42118">
    <nd ref="42097"/>
    <nd ref="42111"/>
    <tag k="type" v="line_thin"/>
    <tag k="subtype" v="solid"/>
  </way>
  <way id="42119">
    <nd ref="42098"/>
    <nd ref="42112"/>
    <tag k="type" v="line_thin"/>
    <tag k="subtype" v="solid"/>
  </way>
  <way id="42123">
    <nd ref="23952"/>
    <nd ref="42121"/>
    <tag k="type" v="line_thin"/>
    <tag k="subtype" v="solid"/>
  </way>
  <way id="42125">
    <nd ref="23953"/>
    <nd ref="42122"/>
    <tag k="type" v="line_thin"/>
    <tag k="subtype" v="solid"/>
  </way>
  <way id="42138">
    <nd ref="42121"/>
    <nd ref="42128"/>
    <nd ref="42130"/>
    <nd ref="42132"/>
    <nd ref="42085"/>
    <tag k="type" v="line_thin"/>
    <tag k="subtype" v="solid"/>
  </way>
  <way id="42139">
    <nd ref="42122"/>
    <nd ref="42135"/>
    <nd ref="42136"/>
    <nd ref="42137"/>
    <nd ref="42091"/>
    <tag k="type" v="line_thin"/>
    <tag k="subtype" v="solid"/>
  </way>
  <way id="42143">
    <nd ref="42141"/>
    <nd ref="42142"/>
    <tag k="type" v="line_thin"/>
    <tag k="subtype" v="solid"/>
  </way>
  <way id="42146">
    <nd ref="42144"/>
    <nd ref="42145"/>
    <tag k="type" v="line_thin"/>
    <tag k="subtype" v="solid"/>
  </way>
  <way id="42166">
    <nd ref="42111"/>
    <nd ref="42148"/>
    <nd ref="42149"/>
    <nd ref="42151"/>
    <nd ref="42153"/>
    <nd ref="42155"/>
    <nd ref="42144"/>
    <tag k="type" v="line_thin"/>
    <tag k="subtype" v="solid"/>
  </way>
  <way id="42167">
    <nd ref="42112"/>
    <nd ref="42157"/>
    <nd ref="42159"/>
    <nd ref="42161"/>
    <nd ref="42163"/>
    <nd ref="42165"/>
    <nd ref="42141"/>
    <tag k="type" v="line_thin"/>
    <tag k="subtype" v="solid"/>
  </way>
  <way id="42192">
    <nd ref="42145"/>
    <nd ref="42169"/>
    <nd ref="42170"/>
    <nd ref="42172"/>
    <nd ref="42173"/>
    <nd ref="42174"/>
    <nd ref="42175"/>
    <nd ref="20939"/>
    <tag k="type" v="line_thin"/>
    <tag k="subtype" v="solid"/>
  </way>
  <way id="42193">
    <nd ref="42142"/>
    <nd ref="42176"/>
    <nd ref="42177"/>
    <nd ref="42178"/>
    <nd ref="42179"/>
    <nd ref="42180"/>
    <nd ref="42181"/>
    <nd ref="20940"/>
    <tag k="type" v="line_thin"/>
    <tag k="subtype" v="solid"/>
  </way>
  <way id="42194">
    <nd ref="42145"/>
    <nd ref="42198"/>
    <nd ref="42199"/>
    <nd ref="42200"/>
    <nd ref="42197"/>
    <nd ref="20994"/>
    <tag k="type" v="line_thin"/>
    <tag k="subtype" v="solid"/>
  </way>
  <way id="42195">
    <nd ref="42142"/>
    <nd ref="42204"/>
    <nd ref="42203"/>
    <nd ref="42202"/>
    <nd ref="42201"/>
    <nd ref="21001"/>
    <tag k="type" v="line_thin"/>
    <tag k="subtype" v="solid"/>
  </way>
  <way id="42212">
    <nd ref="22819"/>
    <nd ref="41284"/>
    <nd ref="22977"/>
    <tag k="type" v="line_thin"/>
    <tag k="subtype" v="solid"/>
  </way>
  <way id="42213">
    <nd ref="22820"/>
    <nd ref="41285"/>
    <nd ref="22978"/>
    <tag k="type" v="line_thin"/>
    <tag k="subtype" v="solid"/>
  </way>
  <way id="42242">
    <nd ref="15110"/>
    <nd ref="42214"/>
    <nd ref="42216"/>
    <nd ref="42218"/>
    <nd ref="42220"/>
    <nd ref="42222"/>
    <nd ref="42224"/>
    <nd ref="42226"/>
    <nd ref="42144"/>
    <tag k="type" v="line_thin"/>
    <tag k="subtype" v="solid"/>
  </way>
  <way id="42243">
    <nd ref="15107"/>
    <nd ref="42228"/>
    <nd ref="42230"/>
    <nd ref="42232"/>
    <nd ref="42234"/>
    <nd ref="42236"/>
    <nd ref="42238"/>
    <nd ref="42240"/>
    <nd ref="42141"/>
    <tag k="type" v="line_thin"/>
    <tag k="subtype" v="solid"/>
  </way>
  <way id="42247">
    <nd ref="4131"/>
    <nd ref="39168"/>
    <nd ref="39170"/>
    <nd ref="39172"/>
    <nd ref="39174"/>
    <nd ref="39176"/>
    <nd ref="39178"/>
    <nd ref="42245"/>
    <tag k="type" v="line_thin"/>
    <tag k="subtype" v="solid"/>
  </way>
  <way id="42248">
    <nd ref="42245"/>
    <nd ref="29931"/>
    <tag k="type" v="line_thin"/>
    <tag k="subtype" v="solid"/>
  </way>
  <way id="42249">
    <nd ref="4132"/>
    <nd ref="39180"/>
    <nd ref="39182"/>
    <nd ref="39184"/>
    <nd ref="39186"/>
    <nd ref="39188"/>
    <nd ref="39190"/>
    <nd ref="42246"/>
    <tag k="type" v="line_thin"/>
    <tag k="subtype" v="solid"/>
  </way>
  <way id="42250">
    <nd ref="42246"/>
    <nd ref="29932"/>
    <tag k="type" v="line_thin"/>
    <tag k="subtype" v="solid"/>
  </way>
  <way id="42329">
    <nd ref="42321"/>
    <nd ref="467"/>
    <tag k="type" v="line_thin"/>
    <tag k="subtype" v="solid"/>
  </way>
  <way id="42330">
    <nd ref="42320"/>
    <nd ref="461"/>
    <tag k="type" v="line_thin"/>
    <tag k="subtype" v="solid"/>
  </way>
  <way id="42332">
    <nd ref="26694"/>
    <nd ref="42322"/>
    <nd ref="42323"/>
    <nd ref="42308"/>
    <nd ref="42309"/>
    <nd ref="42313"/>
    <nd ref="42315"/>
    <nd ref="42317"/>
    <nd ref="42319"/>
    <nd ref="42321"/>
    <tag k="type" v="line_thin"/>
    <tag k="subtype" v="solid"/>
  </way>
  <way id="42333">
    <nd ref="26698"/>
    <nd ref="42324"/>
    <nd ref="42325"/>
    <nd ref="42305"/>
    <nd ref="42306"/>
    <nd ref="42312"/>
    <nd ref="42314"/>
    <nd ref="42316"/>
    <nd ref="42318"/>
    <nd ref="42320"/>
    <tag k="type" v="line_thin"/>
    <tag k="subtype" v="solid"/>
  </way>
  <way id="42344">
    <nd ref="33913"/>
    <nd ref="42321"/>
    <tag k="type" v="line_thin"/>
    <tag k="subtype" v="solid"/>
  </way>
  <way id="42345">
    <nd ref="33914"/>
    <nd ref="42320"/>
    <tag k="type" v="line_thin"/>
    <tag k="subtype" v="solid"/>
  </way>
  <way id="42405">
    <nd ref="30951"/>
    <nd ref="42393"/>
    <nd ref="42356"/>
    <nd ref="42357"/>
    <nd ref="42361"/>
    <nd ref="42363"/>
    <nd ref="42365"/>
    <tag k="type" v="line_thin"/>
    <tag k="subtype" v="solid"/>
  </way>
  <way id="42407">
    <nd ref="30952"/>
    <nd ref="42396"/>
    <nd ref="42353"/>
    <nd ref="42354"/>
    <nd ref="42360"/>
    <nd ref="42362"/>
    <nd ref="42364"/>
    <tag k="type" v="line_thin"/>
    <tag k="subtype" v="solid"/>
  </way>
  <way id="42498">
    <nd ref="42365"/>
    <nd ref="42480"/>
    <nd ref="42482"/>
    <nd ref="42484"/>
    <nd ref="42486"/>
    <nd ref="42487"/>
    <nd ref="42488"/>
    <nd ref="4095"/>
    <tag k="type" v="line_thin"/>
    <tag k="subtype" v="solid"/>
  </way>
  <way id="42499">
    <nd ref="42364"/>
    <nd ref="42489"/>
    <nd ref="42490"/>
    <nd ref="42491"/>
    <nd ref="42492"/>
    <nd ref="42493"/>
    <nd ref="42494"/>
    <nd ref="42495"/>
    <nd ref="42496"/>
    <nd ref="4092"/>
    <tag k="type" v="line_thin"/>
    <tag k="subtype" v="solid"/>
  </way>
  <way id="42547">
    <nd ref="38493"/>
    <nd ref="42534"/>
    <nd ref="42535"/>
    <nd ref="42536"/>
    <nd ref="42537"/>
    <nd ref="42538"/>
    <nd ref="42365"/>
    <tag k="type" v="line_thin"/>
    <tag k="subtype" v="solid"/>
  </way>
  <way id="42548">
    <nd ref="38495"/>
    <nd ref="42539"/>
    <nd ref="42540"/>
    <nd ref="42541"/>
    <nd ref="42542"/>
    <nd ref="42543"/>
    <nd ref="42364"/>
    <tag k="type" v="line_thin"/>
    <tag k="subtype" v="solid"/>
  </way>
  <way id="42581">
    <nd ref="42578"/>
    <nd ref="42549"/>
    <tag k="type" v="line_thin"/>
    <tag k="subtype" v="solid"/>
  </way>
  <way id="42583">
    <nd ref="42579"/>
    <nd ref="42551"/>
    <tag k="type" v="line_thin"/>
    <tag k="subtype" v="solid"/>
  </way>
  <way id="42593">
    <nd ref="42590"/>
    <nd ref="42565"/>
    <nd ref="42567"/>
    <nd ref="42578"/>
    <tag k="type" v="line_thin"/>
    <tag k="subtype" v="solid"/>
  </way>
  <way id="42595">
    <nd ref="42591"/>
    <nd ref="42572"/>
    <nd ref="42574"/>
    <nd ref="42579"/>
    <tag k="type" v="line_thin"/>
    <tag k="subtype" v="solid"/>
  </way>
  <way id="42607">
    <nd ref="37929"/>
    <nd ref="42597"/>
    <nd ref="42599"/>
    <nd ref="42601"/>
    <nd ref="42590"/>
    <tag k="type" v="line_thin"/>
    <tag k="subtype" v="solid"/>
  </way>
  <way id="42608">
    <nd ref="37931"/>
    <nd ref="42602"/>
    <nd ref="42604"/>
    <nd ref="42606"/>
    <nd ref="42591"/>
    <tag k="type" v="line_thin"/>
    <tag k="subtype" v="solid"/>
  </way>
  <way id="42626">
    <nd ref="42617"/>
    <nd ref="42624"/>
    <tag k="type" v="line_thin"/>
    <tag k="subtype" v="solid"/>
  </way>
  <way id="42628">
    <nd ref="42618"/>
    <nd ref="42625"/>
    <tag k="type" v="line_thin"/>
    <tag k="subtype" v="solid"/>
  </way>
  <way id="42631">
    <nd ref="42549"/>
    <nd ref="42617"/>
    <tag k="type" v="line_thin"/>
    <tag k="subtype" v="solid"/>
  </way>
  <way id="42632">
    <nd ref="42551"/>
    <nd ref="42618"/>
    <tag k="type" v="line_thin"/>
    <tag k="subtype" v="solid"/>
  </way>
  <way id="42709">
    <nd ref="42624"/>
    <nd ref="42663"/>
    <nd ref="42665"/>
    <nd ref="42667"/>
    <nd ref="42669"/>
    <nd ref="42671"/>
    <nd ref="42673"/>
    <nd ref="42707"/>
    <tag k="type" v="line_thin"/>
    <tag k="subtype" v="solid"/>
  </way>
  <way id="42711">
    <nd ref="42625"/>
    <nd ref="42677"/>
    <nd ref="42679"/>
    <nd ref="42681"/>
    <nd ref="42683"/>
    <nd ref="42685"/>
    <nd ref="42687"/>
    <nd ref="42708"/>
    <tag k="type" v="line_thin"/>
    <tag k="subtype" v="solid"/>
  </way>
  <way id="42728">
    <nd ref="42707"/>
    <nd ref="42714"/>
    <nd ref="42715"/>
    <nd ref="42716"/>
    <nd ref="42717"/>
    <nd ref="42718"/>
    <nd ref="42719"/>
    <nd ref="42720"/>
    <nd ref="33946"/>
    <tag k="type" v="line_thin"/>
    <tag k="subtype" v="solid"/>
  </way>
  <way id="42729">
    <nd ref="42708"/>
    <nd ref="42722"/>
    <nd ref="42724"/>
    <nd ref="42726"/>
    <nd ref="33947"/>
    <tag k="type" v="line_thin"/>
    <tag k="subtype" v="solid"/>
  </way>
  <way id="42813">
    <nd ref="42810"/>
    <nd ref="13506"/>
    <tag k="type" v="line_thin"/>
    <tag k="subtype" v="solid"/>
  </way>
  <way id="42815">
    <nd ref="42811"/>
    <nd ref="13503"/>
    <tag k="type" v="line_thin"/>
    <tag k="subtype" v="solid"/>
  </way>
  <way id="42837">
    <nd ref="42766"/>
    <nd ref="42830"/>
    <nd ref="42818"/>
    <nd ref="42820"/>
    <nd ref="42810"/>
    <tag k="type" v="line_thin"/>
    <tag k="subtype" v="solid"/>
  </way>
  <way id="42838">
    <nd ref="42798"/>
    <nd ref="42831"/>
    <nd ref="42822"/>
    <nd ref="42824"/>
    <nd ref="42826"/>
    <nd ref="42811"/>
    <tag k="type" v="line_thin"/>
    <tag k="subtype" v="solid"/>
  </way>
  <way id="42841">
    <nd ref="38064"/>
    <nd ref="42839"/>
    <tag k="type" v="line_thin"/>
    <tag k="subtype" v="solid"/>
  </way>
  <way id="42842">
    <nd ref="42839"/>
    <nd ref="37928"/>
    <tag k="type" v="line_thin"/>
    <tag k="subtype" v="solid"/>
  </way>
  <way id="42843">
    <nd ref="38066"/>
    <nd ref="42840"/>
    <tag k="type" v="line_thin"/>
    <tag k="subtype" v="solid"/>
  </way>
  <way id="42844">
    <nd ref="42840"/>
    <nd ref="37930"/>
    <tag k="type" v="line_thin"/>
    <tag k="subtype" v="solid"/>
  </way>
  <way id="42848">
    <nd ref="38050"/>
    <nd ref="42846"/>
    <tag k="type" v="line_thin"/>
    <tag k="subtype" v="solid"/>
  </way>
  <way id="42849">
    <nd ref="42846"/>
    <nd ref="37924"/>
    <tag k="type" v="line_thin"/>
    <tag k="subtype" v="solid"/>
  </way>
  <way id="42850">
    <nd ref="38052"/>
    <nd ref="42847"/>
    <tag k="type" v="line_thin"/>
    <tag k="subtype" v="solid"/>
  </way>
  <way id="42851">
    <nd ref="42847"/>
    <nd ref="37921"/>
    <tag k="type" v="line_thin"/>
    <tag k="subtype" v="solid"/>
  </way>
  <way id="42863">
    <nd ref="42860"/>
    <nd ref="42765"/>
    <nd ref="42766"/>
    <tag k="type" v="line_thin"/>
    <tag k="subtype" v="solid"/>
  </way>
  <way id="42865">
    <nd ref="42861"/>
    <nd ref="42797"/>
    <nd ref="42798"/>
    <tag k="type" v="line_thin"/>
    <tag k="subtype" v="solid"/>
  </way>
  <way id="43016">
    <nd ref="42736"/>
    <nd ref="42968"/>
    <nd ref="42969"/>
    <nd ref="42970"/>
    <nd ref="42971"/>
    <nd ref="42972"/>
    <nd ref="42973"/>
    <nd ref="42974"/>
    <nd ref="42975"/>
    <nd ref="42976"/>
    <nd ref="42977"/>
    <nd ref="42978"/>
    <nd ref="42979"/>
    <nd ref="42980"/>
    <nd ref="42981"/>
    <nd ref="42982"/>
    <nd ref="42983"/>
    <nd ref="42984"/>
    <nd ref="42985"/>
    <nd ref="42986"/>
    <nd ref="42987"/>
    <nd ref="42988"/>
    <nd ref="42989"/>
    <nd ref="42990"/>
    <nd ref="42991"/>
    <nd ref="42860"/>
    <tag k="type" v="line_thin"/>
    <tag k="subtype" v="solid"/>
  </way>
  <way id="43017">
    <nd ref="42768"/>
    <nd ref="42992"/>
    <nd ref="42993"/>
    <nd ref="42994"/>
    <nd ref="42995"/>
    <nd ref="42996"/>
    <nd ref="42997"/>
    <nd ref="42998"/>
    <nd ref="42999"/>
    <nd ref="43000"/>
    <nd ref="43001"/>
    <nd ref="43002"/>
    <nd ref="43003"/>
    <nd ref="43004"/>
    <nd ref="43005"/>
    <nd ref="43006"/>
    <nd ref="43007"/>
    <nd ref="43008"/>
    <nd ref="43009"/>
    <nd ref="43010"/>
    <nd ref="43011"/>
    <nd ref="43012"/>
    <nd ref="43013"/>
    <nd ref="43014"/>
    <nd ref="43015"/>
    <nd ref="42861"/>
    <tag k="type" v="line_thin"/>
    <tag k="subtype" v="solid"/>
  </way>
  <way id="43233">
    <nd ref="43173"/>
    <nd ref="43212"/>
    <nd ref="43214"/>
    <nd ref="43216"/>
    <nd ref="43218"/>
    <nd ref="43220"/>
    <nd ref="43207"/>
    <tag k="type" v="line_thin"/>
    <tag k="subtype" v="solid"/>
  </way>
  <way id="43234">
    <nd ref="43172"/>
    <nd ref="43222"/>
    <nd ref="43224"/>
    <nd ref="43226"/>
    <nd ref="43228"/>
    <nd ref="43230"/>
    <nd ref="43232"/>
    <nd ref="43204"/>
    <tag k="type" v="line_thin"/>
    <tag k="subtype" v="solid"/>
  </way>
  <way id="43238">
    <nd ref="43236"/>
    <nd ref="43237"/>
    <tag k="type" v="line_thin"/>
    <tag k="subtype" v="solid"/>
  </way>
  <way id="43241">
    <nd ref="43239"/>
    <nd ref="43240"/>
    <tag k="type" v="line_thin"/>
    <tag k="subtype" v="solid"/>
  </way>
  <way id="43250">
    <nd ref="43240"/>
    <nd ref="43173"/>
    <tag k="type" v="line_thin"/>
    <tag k="subtype" v="solid"/>
  </way>
  <way id="43251">
    <nd ref="43237"/>
    <nd ref="43172"/>
    <tag k="type" v="line_thin"/>
    <tag k="subtype" v="solid"/>
  </way>
  <way id="43253">
    <nd ref="43243"/>
    <nd ref="43239"/>
    <tag k="type" v="line_thin"/>
    <tag k="subtype" v="solid"/>
  </way>
  <way id="43254">
    <nd ref="43244"/>
    <nd ref="43236"/>
    <tag k="type" v="line_thin"/>
    <tag k="subtype" v="solid"/>
  </way>
  <way id="43259">
    <nd ref="43256"/>
    <nd ref="43165"/>
    <nd ref="43243"/>
    <tag k="type" v="line_thin"/>
    <tag k="subtype" v="solid"/>
  </way>
  <way id="43261">
    <nd ref="43257"/>
    <nd ref="43164"/>
    <nd ref="43244"/>
    <tag k="type" v="line_thin"/>
    <tag k="subtype" v="solid"/>
  </way>
  <way id="43287">
    <nd ref="36441"/>
    <nd ref="43280"/>
    <nd ref="43281"/>
    <nd ref="43256"/>
    <tag k="type" v="line_thin"/>
    <tag k="subtype" v="solid"/>
  </way>
  <way id="43288">
    <nd ref="36443"/>
    <nd ref="43284"/>
    <nd ref="43285"/>
    <nd ref="43257"/>
    <tag k="type" v="line_thin"/>
    <tag k="subtype" v="solid"/>
  </way>
  <way id="43290">
    <nd ref="43207"/>
    <nd ref="42736"/>
    <tag k="type" v="line_thin"/>
    <tag k="subtype" v="solid"/>
  </way>
  <way id="43291">
    <nd ref="43204"/>
    <nd ref="42768"/>
    <tag k="type" v="line_thin"/>
    <tag k="subtype" v="solid"/>
  </way>
  <way id="43351">
    <nd ref="32841"/>
    <nd ref="33186"/>
    <tag k="type" v="line_thin"/>
    <tag k="subtype" v="solid"/>
  </way>
  <way id="43352">
    <nd ref="32842"/>
    <nd ref="33187"/>
    <tag k="type" v="line_thin"/>
    <tag k="subtype" v="solid"/>
  </way>
  <way id="43393">
    <nd ref="32967"/>
    <nd ref="33083"/>
    <tag k="type" v="line_thin"/>
    <tag k="subtype" v="solid"/>
  </way>
  <way id="43394">
    <nd ref="32968"/>
    <nd ref="33084"/>
    <tag k="type" v="line_thin"/>
    <tag k="subtype" v="solid"/>
  </way>
  <way id="43825">
    <nd ref="43815"/>
    <nd ref="42144"/>
    <tag k="type" v="line_thin"/>
    <tag k="subtype" v="solid"/>
  </way>
  <way id="43826">
    <nd ref="43817"/>
    <nd ref="42141"/>
    <tag k="type" v="line_thin"/>
    <tag k="subtype" v="solid"/>
  </way>
  <way id="43836">
    <nd ref="15110"/>
    <nd ref="22354"/>
    <nd ref="22358"/>
    <nd ref="22362"/>
    <nd ref="22366"/>
    <nd ref="22370"/>
    <nd ref="22374"/>
    <nd ref="43834"/>
    <tag k="type" v="line_thin"/>
    <tag k="subtype" v="solid"/>
  </way>
  <way id="43837">
    <nd ref="43834"/>
    <nd ref="22413"/>
    <nd ref="22417"/>
    <nd ref="22408"/>
    <tag k="type" v="line_thin"/>
    <tag k="subtype" v="solid"/>
  </way>
  <way id="43838">
    <nd ref="15107"/>
    <nd ref="22375"/>
    <nd ref="22378"/>
    <nd ref="22380"/>
    <nd ref="22384"/>
    <nd ref="22388"/>
    <nd ref="22392"/>
    <nd ref="22396"/>
    <nd ref="22420"/>
    <nd ref="43835"/>
    <tag k="type" v="line_thin"/>
    <tag k="subtype" v="solid"/>
  </way>
  <way id="43839">
    <nd ref="43835"/>
    <nd ref="22424"/>
    <nd ref="22405"/>
    <tag k="type" v="line_thin"/>
    <tag k="subtype" v="solid"/>
  </way>
  <way id="43844">
    <nd ref="43830"/>
    <nd ref="43834"/>
    <tag k="type" v="line_thin"/>
    <tag k="subtype" v="solid"/>
  </way>
  <way id="43845">
    <nd ref="43828"/>
    <nd ref="43835"/>
    <tag k="type" v="line_thin"/>
    <tag k="subtype" v="solid"/>
  </way>
  <way id="43848">
    <nd ref="36866"/>
    <nd ref="43846"/>
    <tag k="type" v="line_thin"/>
    <tag k="subtype" v="solid"/>
  </way>
  <way id="43849">
    <nd ref="43846"/>
    <nd ref="36441"/>
    <tag k="type" v="line_thin"/>
    <tag k="subtype" v="solid"/>
  </way>
  <way id="43850">
    <nd ref="36867"/>
    <nd ref="43847"/>
    <tag k="type" v="line_thin"/>
    <tag k="subtype" v="solid"/>
  </way>
  <way id="43851">
    <nd ref="43847"/>
    <nd ref="36443"/>
    <tag k="type" v="line_thin"/>
    <tag k="subtype" v="solid"/>
  </way>
  <way id="43853">
    <nd ref="41197"/>
    <nd ref="22609"/>
    <nd ref="23727"/>
    <tag k="type" v="line_thin"/>
    <tag k="subtype" v="solid"/>
  </way>
  <way id="43854">
    <nd ref="41198"/>
    <nd ref="22610"/>
    <nd ref="23728"/>
    <tag k="type" v="line_thin"/>
    <tag k="subtype" v="solid"/>
  </way>
  <way id="43870">
    <nd ref="8036"/>
    <nd ref="7015"/>
    <tag k="type" v="line_thin"/>
    <tag k="subtype" v="solid"/>
  </way>
  <way id="43871">
    <nd ref="8037"/>
    <nd ref="7016"/>
    <tag k="type" v="line_thin"/>
    <tag k="subtype" v="solid"/>
  </way>
  <way id="43883">
    <nd ref="21000"/>
    <nd ref="21061"/>
    <nd ref="21067"/>
    <nd ref="21058"/>
    <nd ref="21082"/>
    <nd ref="21085"/>
    <nd ref="43873"/>
    <nd ref="8036"/>
    <tag k="type" v="line_thin"/>
    <tag k="subtype" v="solid"/>
  </way>
  <way id="43884">
    <nd ref="21007"/>
    <nd ref="21069"/>
    <nd ref="21072"/>
    <nd ref="21075"/>
    <nd ref="21055"/>
    <nd ref="21094"/>
    <nd ref="43874"/>
    <nd ref="8037"/>
    <tag k="type" v="line_thin"/>
    <tag k="subtype" v="solid"/>
  </way>
  <way id="43888">
    <nd ref="43885"/>
    <nd ref="21182"/>
    <nd ref="21183"/>
    <nd ref="21184"/>
    <nd ref="21176"/>
    <nd ref="21194"/>
    <nd ref="21196"/>
    <nd ref="21125"/>
    <tag k="type" v="line_thin"/>
    <tag k="subtype" v="solid"/>
  </way>
  <way id="43890">
    <nd ref="43886"/>
    <nd ref="21186"/>
    <nd ref="21188"/>
    <nd ref="21173"/>
    <nd ref="21197"/>
    <nd ref="21198"/>
    <nd ref="21199"/>
    <nd ref="21200"/>
    <nd ref="21129"/>
    <tag k="type" v="line_thin"/>
    <tag k="subtype" v="solid"/>
  </way>
  <way id="43892">
    <nd ref="21136"/>
    <nd ref="43885"/>
    <tag k="type" v="line_thin"/>
    <tag k="subtype" v="solid"/>
  </way>
  <way id="43893">
    <nd ref="21137"/>
    <nd ref="43886"/>
    <tag k="type" v="line_thin"/>
    <tag k="subtype" v="solid"/>
  </way>
  <way id="44178">
    <nd ref="44176"/>
    <nd ref="44177"/>
    <tag k="type" v="line_thin"/>
    <tag k="subtype" v="solid"/>
  </way>
  <way id="44181">
    <nd ref="44179"/>
    <nd ref="44180"/>
    <tag k="type" v="line_thin"/>
    <tag k="subtype" v="solid"/>
  </way>
  <way id="44235">
    <nd ref="44187"/>
    <nd ref="44211"/>
    <nd ref="44213"/>
    <nd ref="44215"/>
    <nd ref="44217"/>
    <nd ref="44219"/>
    <nd ref="44221"/>
    <nd ref="44179"/>
    <tag k="type" v="line_thin"/>
    <tag k="subtype" v="solid"/>
  </way>
  <way id="44236">
    <nd ref="44184"/>
    <nd ref="44223"/>
    <nd ref="44225"/>
    <nd ref="44227"/>
    <nd ref="44229"/>
    <nd ref="44231"/>
    <nd ref="44233"/>
    <nd ref="44176"/>
    <tag k="type" v="line_thin"/>
    <tag k="subtype" v="solid"/>
  </way>
  <way id="44248">
    <nd ref="44238"/>
    <nd ref="44179"/>
    <tag k="type" v="line_thin"/>
    <tag k="subtype" v="solid"/>
  </way>
  <way id="44249">
    <nd ref="44240"/>
    <nd ref="44176"/>
    <tag k="type" v="line_thin"/>
    <tag k="subtype" v="solid"/>
  </way>
  <way id="44252">
    <nd ref="44180"/>
    <nd ref="41029"/>
    <tag k="type" v="line_thin"/>
    <tag k="subtype" v="solid"/>
  </way>
  <way id="44253">
    <nd ref="44177"/>
    <nd ref="41030"/>
    <tag k="type" v="line_thin"/>
    <tag k="subtype" v="solid"/>
  </way>
  <way id="44269">
    <nd ref="2423"/>
    <nd ref="44262"/>
    <tag k="type" v="line_thin"/>
    <tag k="subtype" v="solid"/>
  </way>
  <way id="44270">
    <nd ref="2424"/>
    <nd ref="44263"/>
    <tag k="type" v="line_thin"/>
    <tag k="subtype" v="solid"/>
  </way>
  <way id="44281">
    <nd ref="44262"/>
    <nd ref="44279"/>
    <tag k="type" v="line_thin"/>
    <tag k="subtype" v="solid"/>
  </way>
  <way id="44283">
    <nd ref="44263"/>
    <nd ref="44280"/>
    <tag k="type" v="line_thin"/>
    <tag k="subtype" v="solid"/>
  </way>
  <way id="44313">
    <nd ref="44279"/>
    <nd ref="44296"/>
    <nd ref="44298"/>
    <nd ref="44299"/>
    <nd ref="44300"/>
    <nd ref="44301"/>
    <nd ref="44302"/>
    <nd ref="44303"/>
    <nd ref="28158"/>
    <tag k="type" v="line_thin"/>
    <tag k="subtype" v="solid"/>
  </way>
  <way id="44314">
    <nd ref="44280"/>
    <nd ref="44286"/>
    <nd ref="44287"/>
    <nd ref="44289"/>
    <nd ref="44290"/>
    <nd ref="44291"/>
    <nd ref="44292"/>
    <nd ref="44293"/>
    <nd ref="44294"/>
    <nd ref="28159"/>
    <tag k="type" v="line_thin"/>
    <tag k="subtype" v="solid"/>
  </way>
  <way id="44317">
    <nd ref="38652"/>
    <nd ref="44315"/>
    <tag k="type" v="line_thin"/>
    <tag k="subtype" v="solid"/>
  </way>
  <way id="44318">
    <nd ref="44315"/>
    <nd ref="38904"/>
    <nd ref="38905"/>
    <nd ref="38906"/>
    <nd ref="38871"/>
    <nd ref="38867"/>
    <tag k="type" v="line_thin"/>
    <tag k="subtype" v="solid"/>
  </way>
  <way id="44319">
    <nd ref="38653"/>
    <nd ref="44316"/>
    <tag k="type" v="line_thin"/>
    <tag k="subtype" v="solid"/>
  </way>
  <way id="44320">
    <nd ref="44316"/>
    <nd ref="38907"/>
    <nd ref="38908"/>
    <nd ref="38909"/>
    <nd ref="38874"/>
    <nd ref="38869"/>
    <tag k="type" v="line_thin"/>
    <tag k="subtype" v="solid"/>
  </way>
  <way id="44325">
    <nd ref="44322"/>
    <nd ref="43311"/>
    <nd ref="43313"/>
    <nd ref="43315"/>
    <nd ref="43322"/>
    <nd ref="43324"/>
    <nd ref="36866"/>
    <tag k="type" v="line_thin"/>
    <tag k="subtype" v="solid"/>
  </way>
  <way id="44327">
    <nd ref="44323"/>
    <nd ref="43310"/>
    <nd ref="43312"/>
    <nd ref="43314"/>
    <nd ref="43325"/>
    <nd ref="43326"/>
    <nd ref="36867"/>
    <tag k="type" v="line_thin"/>
    <tag k="subtype" v="solid"/>
  </way>
  <way id="44329">
    <nd ref="12258"/>
    <nd ref="43296"/>
    <nd ref="43297"/>
    <nd ref="43301"/>
    <nd ref="43303"/>
    <nd ref="43305"/>
    <nd ref="43307"/>
    <nd ref="43309"/>
    <nd ref="44322"/>
    <tag k="type" v="line_thin"/>
    <tag k="subtype" v="solid"/>
  </way>
  <way id="44330">
    <nd ref="12259"/>
    <nd ref="43293"/>
    <nd ref="43294"/>
    <nd ref="43300"/>
    <nd ref="43302"/>
    <nd ref="43304"/>
    <nd ref="43306"/>
    <nd ref="43308"/>
    <nd ref="44323"/>
    <tag k="type" v="line_thin"/>
    <tag k="subtype" v="solid"/>
  </way>
  <way id="44331">
    <nd ref="12258"/>
    <nd ref="38652"/>
    <tag k="type" v="line_thin"/>
    <tag k="subtype" v="solid"/>
  </way>
  <way id="44332">
    <nd ref="12259"/>
    <nd ref="38653"/>
    <tag k="type" v="line_thin"/>
    <tag k="subtype" v="solid"/>
  </way>
  <way id="44337">
    <nd ref="44334"/>
    <nd ref="38686"/>
    <nd ref="43921"/>
    <nd ref="43922"/>
    <nd ref="43924"/>
    <nd ref="43925"/>
    <nd ref="43926"/>
    <nd ref="38652"/>
    <tag k="type" v="line_thin"/>
    <tag k="subtype" v="solid"/>
  </way>
  <way id="44339">
    <nd ref="44335"/>
    <nd ref="43927"/>
    <nd ref="43928"/>
    <nd ref="43929"/>
    <nd ref="43930"/>
    <nd ref="43931"/>
    <nd ref="43932"/>
    <nd ref="38653"/>
    <tag k="type" v="line_thin"/>
    <tag k="subtype" v="solid"/>
  </way>
  <way id="44343">
    <nd ref="38678"/>
    <nd ref="43895"/>
    <nd ref="43896"/>
    <nd ref="43897"/>
    <nd ref="43898"/>
    <nd ref="43899"/>
    <nd ref="43900"/>
    <nd ref="43901"/>
    <nd ref="44341"/>
    <tag k="type" v="line_thin"/>
    <tag k="subtype" v="solid"/>
  </way>
  <way id="44344">
    <nd ref="44341"/>
    <nd ref="44334"/>
    <tag k="type" v="line_thin"/>
    <tag k="subtype" v="solid"/>
  </way>
  <way id="44345">
    <nd ref="38679"/>
    <nd ref="43903"/>
    <nd ref="43904"/>
    <nd ref="43905"/>
    <nd ref="43906"/>
    <nd ref="43907"/>
    <nd ref="43908"/>
    <nd ref="43909"/>
    <nd ref="44342"/>
    <tag k="type" v="line_thin"/>
    <tag k="subtype" v="solid"/>
  </way>
  <way id="44346">
    <nd ref="44342"/>
    <nd ref="44335"/>
    <tag k="type" v="line_thin"/>
    <tag k="subtype" v="solid"/>
  </way>
  <way id="44371">
    <nd ref="4343"/>
    <nd ref="44369"/>
    <tag k="type" v="line_thin"/>
    <tag k="subtype" v="solid"/>
  </way>
  <way id="44372">
    <nd ref="44369"/>
    <nd ref="538"/>
    <nd ref="539"/>
    <nd ref="540"/>
    <nd ref="541"/>
    <nd ref="542"/>
    <tag k="type" v="line_thin"/>
    <tag k="subtype" v="solid"/>
  </way>
  <way id="44373">
    <nd ref="4344"/>
    <nd ref="44370"/>
    <tag k="type" v="line_thin"/>
    <tag k="subtype" v="solid"/>
  </way>
  <way id="44374">
    <nd ref="44370"/>
    <nd ref="557"/>
    <nd ref="1284"/>
    <nd ref="1285"/>
    <nd ref="559"/>
    <nd ref="560"/>
    <tag k="type" v="line_thin"/>
    <tag k="subtype" v="solid"/>
  </way>
  <way id="44394">
    <nd ref="44334"/>
    <nd ref="44376"/>
    <nd ref="44377"/>
    <nd ref="44378"/>
    <nd ref="44379"/>
    <nd ref="44380"/>
    <nd ref="44381"/>
    <nd ref="44382"/>
    <nd ref="44383"/>
    <nd ref="44384"/>
    <nd ref="4343"/>
    <tag k="type" v="line_thin"/>
    <tag k="subtype" v="solid"/>
  </way>
  <way id="44395">
    <nd ref="44335"/>
    <nd ref="44385"/>
    <nd ref="44386"/>
    <nd ref="44387"/>
    <nd ref="44388"/>
    <nd ref="44389"/>
    <nd ref="44390"/>
    <nd ref="44391"/>
    <nd ref="44392"/>
    <nd ref="44393"/>
    <nd ref="4344"/>
    <tag k="type" v="line_thin"/>
    <tag k="subtype" v="solid"/>
  </way>
  <way id="44397">
    <nd ref="4096"/>
    <nd ref="4343"/>
    <tag k="type" v="line_thin"/>
    <tag k="subtype" v="solid"/>
  </way>
  <way id="44398">
    <nd ref="4093"/>
    <nd ref="4344"/>
    <tag k="type" v="line_thin"/>
    <tag k="subtype" v="solid"/>
  </way>
  <way id="44430">
    <nd ref="44428"/>
    <nd ref="44429"/>
    <nd ref="44435"/>
    <nd ref="44441"/>
    <tag k="type" v="line_thin"/>
    <tag k="subtype" v="solid"/>
  </way>
  <way id="44433">
    <nd ref="44431"/>
    <nd ref="44436"/>
    <nd ref="44438"/>
    <nd ref="44440"/>
    <nd ref="44442"/>
    <tag k="type" v="line_thin"/>
    <tag k="subtype" v="solid"/>
  </way>
  <way id="44445">
    <nd ref="34862"/>
    <nd ref="44431"/>
    <tag k="type" v="line_thin"/>
    <tag k="subtype" v="solid"/>
  </way>
  <way id="44446">
    <nd ref="34863"/>
    <nd ref="44428"/>
    <tag k="type" v="line_thin"/>
    <tag k="subtype" v="solid"/>
  </way>
  <way id="44450">
    <nd ref="12512"/>
    <nd ref="44448"/>
    <tag k="type" v="line_thin"/>
    <tag k="subtype" v="solid"/>
  </way>
  <way id="44451">
    <nd ref="44448"/>
    <nd ref="35618"/>
    <tag k="type" v="line_thin"/>
    <tag k="subtype" v="solid"/>
  </way>
  <way id="44452">
    <nd ref="12509"/>
    <nd ref="44449"/>
    <tag k="type" v="line_thin"/>
    <tag k="subtype" v="solid"/>
  </way>
  <way id="44453">
    <nd ref="44449"/>
    <nd ref="35619"/>
    <tag k="type" v="line_thin"/>
    <tag k="subtype" v="solid"/>
  </way>
  <way id="44472">
    <nd ref="44442"/>
    <nd ref="44470"/>
    <tag k="type" v="line_thin"/>
    <tag k="subtype" v="solid"/>
  </way>
  <way id="44473">
    <nd ref="44470"/>
    <nd ref="44456"/>
    <nd ref="44458"/>
    <nd ref="44459"/>
    <nd ref="12512"/>
    <tag k="type" v="line_thin"/>
    <tag k="subtype" v="solid"/>
  </way>
  <way id="44474">
    <nd ref="44441"/>
    <nd ref="44471"/>
    <tag k="type" v="line_thin"/>
    <tag k="subtype" v="solid"/>
  </way>
  <way id="44475">
    <nd ref="44471"/>
    <nd ref="44463"/>
    <nd ref="44465"/>
    <nd ref="12509"/>
    <tag k="type" v="line_thin"/>
    <tag k="subtype" v="solid"/>
  </way>
  <way id="44487">
    <nd ref="44484"/>
    <nd ref="44477"/>
    <tag k="type" v="line_thin"/>
    <tag k="subtype" v="solid"/>
  </way>
  <way id="44489">
    <nd ref="44485"/>
    <nd ref="44478"/>
    <tag k="type" v="line_thin"/>
    <tag k="subtype" v="solid"/>
  </way>
  <way id="44507">
    <nd ref="44477"/>
    <nd ref="44491"/>
    <nd ref="44492"/>
    <nd ref="44493"/>
    <nd ref="44496"/>
    <nd ref="12512"/>
    <tag k="type" v="line_thin"/>
    <tag k="subtype" v="solid"/>
  </way>
  <way id="44508">
    <nd ref="44478"/>
    <nd ref="44499"/>
    <nd ref="44500"/>
    <nd ref="44501"/>
    <nd ref="44502"/>
    <nd ref="44503"/>
    <nd ref="44504"/>
    <nd ref="44505"/>
    <nd ref="44506"/>
    <nd ref="12509"/>
    <tag k="type" v="line_thin"/>
    <tag k="subtype" v="solid"/>
  </way>
  <way id="44533">
    <nd ref="44531"/>
    <nd ref="44532"/>
    <tag k="type" v="line_thin"/>
    <tag k="subtype" v="solid"/>
  </way>
  <way id="44536">
    <nd ref="44534"/>
    <nd ref="44535"/>
    <tag k="type" v="line_thin"/>
    <tag k="subtype" v="solid"/>
  </way>
  <way id="44544">
    <nd ref="31957"/>
    <nd ref="44538"/>
    <nd ref="44539"/>
    <nd ref="44540"/>
    <nd ref="44534"/>
    <tag k="type" v="line_thin"/>
    <tag k="subtype" v="solid"/>
  </way>
  <way id="44545">
    <nd ref="31954"/>
    <nd ref="44541"/>
    <nd ref="44542"/>
    <nd ref="44543"/>
    <nd ref="44531"/>
    <tag k="type" v="line_thin"/>
    <tag k="subtype" v="solid"/>
  </way>
  <way id="44559">
    <nd ref="44535"/>
    <nd ref="44548"/>
    <nd ref="44550"/>
    <nd ref="44552"/>
    <nd ref="44484"/>
    <tag k="type" v="line_thin"/>
    <tag k="subtype" v="solid"/>
  </way>
  <way id="44560">
    <nd ref="44532"/>
    <nd ref="44554"/>
    <nd ref="44556"/>
    <nd ref="44558"/>
    <nd ref="44485"/>
    <tag k="type" v="line_thin"/>
    <tag k="subtype" v="solid"/>
  </way>
  <way id="44571">
    <nd ref="44569"/>
    <nd ref="44570"/>
    <tag k="type" v="line_thin"/>
    <tag k="subtype" v="solid"/>
  </way>
  <way id="44574">
    <nd ref="44572"/>
    <nd ref="44573"/>
    <tag k="type" v="line_thin"/>
    <tag k="subtype" v="solid"/>
  </way>
  <way id="44592">
    <nd ref="32263"/>
    <nd ref="44576"/>
    <nd ref="44578"/>
    <nd ref="44580"/>
    <nd ref="44582"/>
    <nd ref="44572"/>
    <tag k="type" v="line_thin"/>
    <tag k="subtype" v="solid"/>
  </way>
  <way id="44593">
    <nd ref="32265"/>
    <nd ref="44584"/>
    <nd ref="44586"/>
    <nd ref="44588"/>
    <nd ref="44590"/>
    <nd ref="44569"/>
    <tag k="type" v="line_thin"/>
    <tag k="subtype" v="solid"/>
  </way>
  <way id="44607">
    <nd ref="44573"/>
    <nd ref="44596"/>
    <nd ref="44598"/>
    <nd ref="44600"/>
    <nd ref="44565"/>
    <tag k="type" v="line_thin"/>
    <tag k="subtype" v="solid"/>
  </way>
  <way id="44608">
    <nd ref="44570"/>
    <nd ref="44602"/>
    <nd ref="44604"/>
    <nd ref="44606"/>
    <nd ref="44562"/>
    <tag k="type" v="line_thin"/>
    <tag k="subtype" v="solid"/>
  </way>
  <way id="44667">
    <nd ref="44664"/>
    <nd ref="43207"/>
    <tag k="type" v="line_thin"/>
    <tag k="subtype" v="solid"/>
  </way>
  <way id="44669">
    <nd ref="44665"/>
    <nd ref="43204"/>
    <tag k="type" v="line_thin"/>
    <tag k="subtype" v="solid"/>
  </way>
  <way id="44671">
    <nd ref="44565"/>
    <nd ref="44664"/>
    <tag k="type" v="line_thin"/>
    <tag k="subtype" v="solid"/>
  </way>
  <way id="44672">
    <nd ref="44562"/>
    <nd ref="44665"/>
    <tag k="type" v="line_thin"/>
    <tag k="subtype" v="solid"/>
  </way>
  <way id="44696">
    <nd ref="44534"/>
    <nd ref="44686"/>
    <nd ref="44687"/>
    <nd ref="44688"/>
    <nd ref="44689"/>
    <nd ref="44690"/>
    <nd ref="44565"/>
    <tag k="type" v="line_thin"/>
    <tag k="subtype" v="solid"/>
  </way>
  <way id="44697">
    <nd ref="44531"/>
    <nd ref="44691"/>
    <nd ref="44692"/>
    <nd ref="44693"/>
    <nd ref="44694"/>
    <nd ref="44695"/>
    <nd ref="44562"/>
    <tag k="type" v="line_thin"/>
    <tag k="subtype" v="solid"/>
  </way>
  <way id="44732">
    <nd ref="32263"/>
    <nd ref="44484"/>
    <tag k="type" v="line_thin"/>
    <tag k="subtype" v="solid"/>
  </way>
  <way id="44733">
    <nd ref="32265"/>
    <nd ref="44485"/>
    <tag k="type" v="line_thin"/>
    <tag k="subtype" v="solid"/>
  </way>
  <way id="44735">
    <nd ref="34862"/>
    <nd ref="35196"/>
    <tag k="type" v="line_thin"/>
    <tag k="subtype" v="solid"/>
  </way>
  <way id="44736">
    <nd ref="34863"/>
    <nd ref="35197"/>
    <tag k="type" v="line_thin"/>
    <tag k="subtype" v="solid"/>
  </way>
  <way id="44740">
    <nd ref="35726"/>
    <nd ref="44738"/>
    <tag k="type" v="line_thin"/>
    <tag k="subtype" v="solid"/>
  </way>
  <way id="44742">
    <nd ref="35727"/>
    <nd ref="44739"/>
    <tag k="type" v="line_thin"/>
    <tag k="subtype" v="solid"/>
  </way>
  <way id="44754">
    <nd ref="44752"/>
    <nd ref="44753"/>
    <tag k="type" v="line_thin"/>
    <tag k="subtype" v="solid"/>
  </way>
  <way id="44757">
    <nd ref="44755"/>
    <nd ref="44756"/>
    <tag k="type" v="line_thin"/>
    <tag k="subtype" v="solid"/>
  </way>
  <way id="44759">
    <nd ref="44738"/>
    <nd ref="44755"/>
    <tag k="type" v="line_thin"/>
    <tag k="subtype" v="solid"/>
  </way>
  <way id="44760">
    <nd ref="44739"/>
    <nd ref="44752"/>
    <tag k="type" v="line_thin"/>
    <tag k="subtype" v="solid"/>
  </way>
  <way id="44843">
    <nd ref="44756"/>
    <nd ref="44833"/>
    <nd ref="44834"/>
    <nd ref="44835"/>
    <nd ref="44836"/>
    <nd ref="44837"/>
    <nd ref="38382"/>
    <tag k="type" v="line_thin"/>
    <tag k="subtype" v="solid"/>
  </way>
  <way id="44844">
    <nd ref="44753"/>
    <nd ref="44838"/>
    <nd ref="44839"/>
    <nd ref="44840"/>
    <nd ref="44841"/>
    <nd ref="44842"/>
    <nd ref="38379"/>
    <tag k="type" v="line_thin"/>
    <tag k="subtype" v="solid"/>
  </way>
  <way id="44848">
    <nd ref="44756"/>
    <nd ref="44787"/>
    <nd ref="44788"/>
    <nd ref="44789"/>
    <nd ref="44791"/>
    <nd ref="44792"/>
    <nd ref="44793"/>
    <nd ref="44846"/>
    <tag k="type" v="line_thin"/>
    <tag k="subtype" v="solid"/>
  </way>
  <way id="44849">
    <nd ref="44846"/>
    <nd ref="13138"/>
    <tag k="type" v="line_thin"/>
    <tag k="subtype" v="solid"/>
  </way>
  <way id="44850">
    <nd ref="44753"/>
    <nd ref="44794"/>
    <nd ref="44795"/>
    <nd ref="44796"/>
    <nd ref="44797"/>
    <nd ref="44798"/>
    <nd ref="44799"/>
    <nd ref="44800"/>
    <nd ref="44847"/>
    <tag k="type" v="line_thin"/>
    <tag k="subtype" v="solid"/>
  </way>
  <way id="44851">
    <nd ref="44847"/>
    <nd ref="13135"/>
    <tag k="type" v="line_thin"/>
    <tag k="subtype" v="solid"/>
  </way>
  <way id="44853">
    <nd ref="41394"/>
    <nd ref="41376"/>
    <tag k="type" v="line_thin"/>
    <tag k="subtype" v="solid"/>
  </way>
  <way id="44854">
    <nd ref="41396"/>
    <nd ref="41377"/>
    <tag k="type" v="line_thin"/>
    <tag k="subtype" v="solid"/>
  </way>
  <way id="44892">
    <nd ref="44855"/>
    <nd ref="44856"/>
    <nd ref="44858"/>
    <nd ref="44860"/>
    <nd ref="44862"/>
    <nd ref="44864"/>
    <tag k="type" v="line_thin"/>
    <tag k="subtype" v="solid"/>
  </way>
  <way id="44893">
    <nd ref="44865"/>
    <nd ref="44866"/>
    <nd ref="44867"/>
    <nd ref="44868"/>
    <nd ref="44870"/>
    <nd ref="44872"/>
    <nd ref="44874"/>
    <nd ref="44876"/>
    <nd ref="44878"/>
    <nd ref="44880"/>
    <nd ref="44882"/>
    <nd ref="44883"/>
    <tag k="type" v="line_thin"/>
    <tag k="subtype" v="solid"/>
  </way>
  <way id="44894">
    <nd ref="44864"/>
    <nd ref="44884"/>
    <nd ref="44885"/>
    <nd ref="44886"/>
    <nd ref="44887"/>
    <tag k="type" v="line_thin"/>
    <tag k="subtype" v="solid"/>
  </way>
  <way id="44895">
    <nd ref="44883"/>
    <nd ref="44888"/>
    <nd ref="44889"/>
    <nd ref="44890"/>
    <nd ref="44891"/>
    <tag k="type" v="line_thin"/>
    <tag k="subtype" v="solid"/>
  </way>
  <way id="44901">
    <nd ref="44898"/>
    <nd ref="11524"/>
    <tag k="type" v="line_thin"/>
    <tag k="subtype" v="solid"/>
  </way>
  <way id="44903">
    <nd ref="44899"/>
    <nd ref="11523"/>
    <tag k="type" v="line_thin"/>
    <tag k="subtype" v="solid"/>
  </way>
  <way id="44907">
    <nd ref="11522"/>
    <nd ref="44905"/>
    <tag k="type" v="line_thin"/>
    <tag k="subtype" v="solid"/>
  </way>
  <way id="44909">
    <nd ref="11521"/>
    <nd ref="44906"/>
    <tag k="type" v="line_thin"/>
    <tag k="subtype" v="solid"/>
  </way>
  <way id="44918">
    <nd ref="44898"/>
    <nd ref="44855"/>
    <tag k="type" v="line_thin"/>
    <tag k="subtype" v="solid"/>
  </way>
  <way id="44919">
    <nd ref="44899"/>
    <nd ref="44865"/>
    <tag k="type" v="line_thin"/>
    <tag k="subtype" v="solid"/>
  </way>
  <way id="44927">
    <nd ref="44887"/>
    <nd ref="44923"/>
    <nd ref="44905"/>
    <tag k="type" v="line_thin"/>
    <tag k="subtype" v="solid"/>
  </way>
  <way id="44928">
    <nd ref="44891"/>
    <nd ref="44926"/>
    <nd ref="44906"/>
    <tag k="type" v="line_thin"/>
    <tag k="subtype" v="solid"/>
  </way>
  <way id="44983">
    <nd ref="44980"/>
    <nd ref="11381"/>
    <tag k="type" v="line_thin"/>
    <tag k="subtype" v="solid"/>
  </way>
  <way id="44985">
    <nd ref="44981"/>
    <nd ref="11380"/>
    <tag k="type" v="line_thin"/>
    <tag k="subtype" v="solid"/>
  </way>
  <way id="45016">
    <nd ref="45013"/>
    <nd ref="44980"/>
    <tag k="type" v="line_thin"/>
    <tag k="subtype" v="solid"/>
  </way>
  <way id="45018">
    <nd ref="45014"/>
    <nd ref="44981"/>
    <tag k="type" v="line_thin"/>
    <tag k="subtype" v="solid"/>
  </way>
  <way id="45029">
    <nd ref="11433"/>
    <nd ref="45027"/>
    <tag k="type" v="line_thin"/>
    <tag k="subtype" v="solid"/>
  </way>
  <way id="45030">
    <nd ref="45027"/>
    <nd ref="44987"/>
    <tag k="type" v="line_thin"/>
    <tag k="subtype" v="solid"/>
  </way>
  <way id="45031">
    <nd ref="11432"/>
    <nd ref="45028"/>
    <tag k="type" v="line_thin"/>
    <tag k="subtype" v="solid"/>
  </way>
  <way id="45032">
    <nd ref="45028"/>
    <nd ref="44988"/>
    <tag k="type" v="line_thin"/>
    <tag k="subtype" v="solid"/>
  </way>
  <way id="45036">
    <nd ref="44987"/>
    <nd ref="44996"/>
    <nd ref="44930"/>
    <nd ref="44931"/>
    <nd ref="44932"/>
    <nd ref="44933"/>
    <nd ref="44939"/>
    <nd ref="45013"/>
    <tag k="type" v="line_thin"/>
    <tag k="subtype" v="solid"/>
  </way>
  <way id="45037">
    <nd ref="44988"/>
    <nd ref="44999"/>
    <nd ref="44940"/>
    <nd ref="44942"/>
    <nd ref="44945"/>
    <nd ref="44947"/>
    <nd ref="44949"/>
    <nd ref="44951"/>
    <nd ref="44954"/>
    <nd ref="44956"/>
    <nd ref="44957"/>
    <nd ref="44958"/>
    <nd ref="45014"/>
    <tag k="type" v="line_thin"/>
    <tag k="subtype" v="solid"/>
  </way>
  <way id="45114">
    <nd ref="45088"/>
    <nd ref="45089"/>
    <nd ref="45091"/>
    <nd ref="45093"/>
    <nd ref="45095"/>
    <nd ref="45097"/>
    <nd ref="45099"/>
    <nd ref="45101"/>
    <nd ref="45102"/>
    <nd ref="45104"/>
    <nd ref="45105"/>
    <tag k="type" v="line_thin"/>
    <tag k="subtype" v="solid"/>
  </way>
  <way id="45115">
    <nd ref="45106"/>
    <nd ref="45107"/>
    <nd ref="45112"/>
    <nd ref="45113"/>
    <tag k="type" v="line_thin"/>
    <tag k="subtype" v="solid"/>
  </way>
  <way id="45117">
    <nd ref="33291"/>
    <nd ref="45088"/>
    <tag k="type" v="line_thin"/>
    <tag k="subtype" v="solid"/>
  </way>
  <way id="45118">
    <nd ref="33292"/>
    <nd ref="45106"/>
    <tag k="type" v="line_thin"/>
    <tag k="subtype" v="solid"/>
  </way>
  <way id="45120">
    <nd ref="45105"/>
    <nd ref="12360"/>
    <tag k="type" v="line_thin"/>
    <tag k="subtype" v="solid"/>
  </way>
  <way id="45121">
    <nd ref="45113"/>
    <nd ref="12365"/>
    <tag k="type" v="line_thin"/>
    <tag k="subtype" v="solid"/>
  </way>
  <way id="45189">
    <nd ref="28280"/>
    <nd ref="45187"/>
    <tag k="type" v="line_thin"/>
    <tag k="subtype" v="solid"/>
  </way>
  <way id="45190">
    <nd ref="45187"/>
    <nd ref="33291"/>
    <tag k="type" v="line_thin"/>
    <tag k="subtype" v="solid"/>
  </way>
  <way id="45191">
    <nd ref="28281"/>
    <nd ref="45188"/>
    <tag k="type" v="line_thin"/>
    <tag k="subtype" v="solid"/>
  </way>
  <way id="45192">
    <nd ref="45188"/>
    <nd ref="33292"/>
    <tag k="type" v="line_thin"/>
    <tag k="subtype" v="solid"/>
  </way>
  <way id="45194">
    <nd ref="33233"/>
    <nd ref="12378"/>
    <tag k="type" v="line_thin"/>
    <tag k="subtype" v="solid"/>
  </way>
  <way id="45195">
    <nd ref="33252"/>
    <nd ref="12379"/>
    <tag k="type" v="line_thin"/>
    <tag k="subtype" v="solid"/>
  </way>
  <way id="45197">
    <nd ref="45187"/>
    <nd ref="33251"/>
    <tag k="type" v="line_thin"/>
    <tag k="subtype" v="solid"/>
  </way>
  <way id="45198">
    <nd ref="45188"/>
    <nd ref="33260"/>
    <tag k="type" v="line_thin"/>
    <tag k="subtype" v="solid"/>
  </way>
  <way id="45216">
    <nd ref="39205"/>
    <nd ref="45200"/>
    <nd ref="45201"/>
    <nd ref="45202"/>
    <nd ref="45203"/>
    <nd ref="45204"/>
    <tag k="type" v="line_thin"/>
    <tag k="subtype" v="solid"/>
  </way>
  <way id="45217">
    <nd ref="39206"/>
    <nd ref="45205"/>
    <nd ref="45206"/>
    <nd ref="45207"/>
    <nd ref="45208"/>
    <nd ref="45209"/>
    <tag k="type" v="line_thin"/>
    <tag k="subtype" v="solid"/>
  </way>
  <way id="45236">
    <nd ref="45204"/>
    <nd ref="45218"/>
    <nd ref="45221"/>
    <nd ref="45224"/>
    <nd ref="42549"/>
    <tag k="type" v="line_thin"/>
    <tag k="subtype" v="solid"/>
  </way>
  <way id="45237">
    <nd ref="45209"/>
    <nd ref="45227"/>
    <nd ref="45230"/>
    <nd ref="45233"/>
    <nd ref="42551"/>
    <tag k="type" v="line_thin"/>
    <tag k="subtype" v="solid"/>
  </way>
  <way id="45263">
    <nd ref="45239"/>
    <nd ref="45240"/>
    <nd ref="45241"/>
    <nd ref="45242"/>
    <nd ref="45243"/>
    <nd ref="45244"/>
    <nd ref="45245"/>
    <nd ref="45246"/>
    <nd ref="45247"/>
    <nd ref="45248"/>
    <nd ref="45249"/>
    <nd ref="45250"/>
    <nd ref="45251"/>
    <nd ref="45252"/>
    <nd ref="45253"/>
    <nd ref="45254"/>
    <nd ref="45255"/>
    <nd ref="45256"/>
    <nd ref="45257"/>
    <tag k="type" v="line_thin"/>
    <tag k="subtype" v="solid"/>
  </way>
  <way id="45264">
    <nd ref="45258"/>
    <nd ref="45259"/>
    <nd ref="45260"/>
    <nd ref="45261"/>
    <nd ref="45262"/>
    <tag k="type" v="line_thin"/>
    <tag k="subtype" v="solid"/>
  </way>
  <way id="45270">
    <nd ref="33186"/>
    <nd ref="45268"/>
    <tag k="type" v="line_thin"/>
    <tag k="subtype" v="solid"/>
  </way>
  <way id="45271">
    <nd ref="45268"/>
    <nd ref="609"/>
    <tag k="type" v="line_thin"/>
    <tag k="subtype" v="solid"/>
  </way>
  <way id="45272">
    <nd ref="33187"/>
    <nd ref="45269"/>
    <tag k="type" v="line_thin"/>
    <tag k="subtype" v="solid"/>
  </way>
  <way id="45273">
    <nd ref="45269"/>
    <nd ref="614"/>
    <tag k="type" v="line_thin"/>
    <tag k="subtype" v="solid"/>
  </way>
  <way id="45275">
    <nd ref="45268"/>
    <nd ref="45239"/>
    <tag k="type" v="line_thin"/>
    <tag k="subtype" v="solid"/>
  </way>
  <way id="45276">
    <nd ref="45269"/>
    <nd ref="45258"/>
    <tag k="type" v="line_thin"/>
    <tag k="subtype" v="solid"/>
  </way>
  <way id="45280">
    <nd ref="28652"/>
    <nd ref="45278"/>
    <tag k="type" v="line_thin"/>
    <tag k="subtype" v="solid"/>
  </way>
  <way id="45281">
    <nd ref="45278"/>
    <nd ref="1817"/>
    <tag k="type" v="line_thin"/>
    <tag k="subtype" v="solid"/>
  </way>
  <way id="45282">
    <nd ref="28653"/>
    <nd ref="45279"/>
    <tag k="type" v="line_thin"/>
    <tag k="subtype" v="solid"/>
  </way>
  <way id="45283">
    <nd ref="45279"/>
    <nd ref="1818"/>
    <tag k="type" v="line_thin"/>
    <tag k="subtype" v="solid"/>
  </way>
  <way id="45285">
    <nd ref="45257"/>
    <nd ref="45278"/>
    <tag k="type" v="line_thin"/>
    <tag k="subtype" v="solid"/>
  </way>
  <way id="45286">
    <nd ref="45262"/>
    <nd ref="45279"/>
    <tag k="type" v="line_thin"/>
    <tag k="subtype" v="solid"/>
  </way>
  <way id="45348">
    <nd ref="387"/>
    <nd ref="45346"/>
    <tag k="type" v="line_thin"/>
    <tag k="subtype" v="solid"/>
  </way>
  <way id="45349">
    <nd ref="45346"/>
    <nd ref="396"/>
    <nd ref="398"/>
    <nd ref="4131"/>
    <tag k="type" v="line_thin"/>
    <tag k="subtype" v="solid"/>
  </way>
  <way id="45350">
    <nd ref="382"/>
    <nd ref="45347"/>
    <tag k="type" v="line_thin"/>
    <tag k="subtype" v="solid"/>
  </way>
  <way id="45351">
    <nd ref="45347"/>
    <nd ref="402"/>
    <nd ref="404"/>
    <nd ref="4132"/>
    <tag k="type" v="line_thin"/>
    <tag k="subtype" v="solid"/>
  </way>
  <way id="45369">
    <nd ref="45367"/>
    <nd ref="45368"/>
    <tag k="type" v="line_thin"/>
    <tag k="subtype" v="solid"/>
  </way>
  <way id="45372">
    <nd ref="45370"/>
    <nd ref="45371"/>
    <tag k="type" v="line_thin"/>
    <tag k="subtype" v="solid"/>
  </way>
  <way id="45388">
    <nd ref="45346"/>
    <nd ref="45376"/>
    <nd ref="45379"/>
    <nd ref="45370"/>
    <tag k="type" v="line_thin"/>
    <tag k="subtype" v="solid"/>
  </way>
  <way id="45389">
    <nd ref="45347"/>
    <nd ref="45383"/>
    <nd ref="45386"/>
    <nd ref="45367"/>
    <tag k="type" v="line_thin"/>
    <tag k="subtype" v="solid"/>
  </way>
  <way id="45417">
    <nd ref="33483"/>
    <nd ref="45410"/>
    <nd ref="33500"/>
    <tag k="type" v="line_thin"/>
    <tag k="subtype" v="solid"/>
  </way>
  <way id="45418">
    <nd ref="33484"/>
    <nd ref="45411"/>
    <nd ref="33497"/>
    <tag k="type" v="line_thin"/>
    <tag k="subtype" v="solid"/>
  </way>
  <way id="45456">
    <nd ref="45353"/>
    <nd ref="45289"/>
    <nd ref="45290"/>
    <nd ref="45454"/>
    <tag k="type" v="line_thin"/>
    <tag k="subtype" v="solid"/>
  </way>
  <way id="45458">
    <nd ref="45354"/>
    <nd ref="45293"/>
    <nd ref="45294"/>
    <nd ref="45455"/>
    <tag k="type" v="line_thin"/>
    <tag k="subtype" v="solid"/>
  </way>
  <way id="45461">
    <nd ref="45454"/>
    <nd ref="26707"/>
    <tag k="type" v="line_thin"/>
    <tag k="subtype" v="solid"/>
  </way>
  <way id="45462">
    <nd ref="45455"/>
    <nd ref="26708"/>
    <tag k="type" v="line_thin"/>
    <tag k="subtype" v="solid"/>
  </way>
  <way id="45508">
    <nd ref="45454"/>
    <nd ref="45465"/>
    <nd ref="45468"/>
    <nd ref="45471"/>
    <nd ref="45474"/>
    <nd ref="45477"/>
    <nd ref="45480"/>
    <nd ref="45482"/>
    <nd ref="45506"/>
    <tag k="type" v="line_thin"/>
    <tag k="subtype" v="solid"/>
  </way>
  <way id="45509">
    <nd ref="45506"/>
    <nd ref="42245"/>
    <tag k="type" v="line_thin"/>
    <tag k="subtype" v="solid"/>
  </way>
  <way id="45510">
    <nd ref="45455"/>
    <nd ref="45485"/>
    <nd ref="45488"/>
    <nd ref="45491"/>
    <nd ref="45494"/>
    <nd ref="45497"/>
    <nd ref="45500"/>
    <nd ref="45502"/>
    <nd ref="45507"/>
    <tag k="type" v="line_thin"/>
    <tag k="subtype" v="solid"/>
  </way>
  <way id="45511">
    <nd ref="45507"/>
    <nd ref="42246"/>
    <tag k="type" v="line_thin"/>
    <tag k="subtype" v="solid"/>
  </way>
  <way id="45513">
    <nd ref="45371"/>
    <nd ref="45392"/>
    <nd ref="45395"/>
    <nd ref="45360"/>
    <nd ref="45353"/>
    <tag k="type" v="line_thin"/>
    <tag k="subtype" v="solid"/>
  </way>
  <way id="45514">
    <nd ref="45368"/>
    <nd ref="45400"/>
    <nd ref="45403"/>
    <nd ref="45361"/>
    <nd ref="45354"/>
    <tag k="type" v="line_thin"/>
    <tag k="subtype" v="solid"/>
  </way>
  <way id="45519">
    <nd ref="45515"/>
    <nd ref="45516"/>
    <tag k="type" v="line_thin"/>
    <tag k="subtype" v="solid"/>
  </way>
  <way id="45520">
    <nd ref="45517"/>
    <nd ref="45518"/>
    <tag k="type" v="line_thin"/>
    <tag k="subtype" v="solid"/>
  </way>
  <way id="45525">
    <nd ref="39365"/>
    <nd ref="43473"/>
    <nd ref="43474"/>
    <tag k="type" v="line_thin"/>
    <tag k="subtype" v="solid"/>
  </way>
  <way id="45526">
    <nd ref="39366"/>
    <nd ref="43470"/>
    <nd ref="43471"/>
    <tag k="type" v="line_thin"/>
    <tag k="subtype" v="solid"/>
  </way>
  <way id="45608">
    <nd ref="43474"/>
    <nd ref="45562"/>
    <nd ref="45565"/>
    <nd ref="45568"/>
    <nd ref="45571"/>
    <nd ref="45574"/>
    <nd ref="45577"/>
    <nd ref="45580"/>
    <nd ref="45583"/>
    <nd ref="45548"/>
    <tag k="type" v="line_thin"/>
    <tag k="subtype" v="solid"/>
  </way>
  <way id="45609">
    <nd ref="43471"/>
    <nd ref="45585"/>
    <nd ref="45588"/>
    <nd ref="45591"/>
    <nd ref="45594"/>
    <nd ref="45597"/>
    <nd ref="45600"/>
    <nd ref="45603"/>
    <nd ref="45606"/>
    <nd ref="45549"/>
    <tag k="type" v="line_thin"/>
    <tag k="subtype" v="solid"/>
  </way>
  <way id="45654">
    <nd ref="45548"/>
    <nd ref="45652"/>
    <tag k="type" v="line_thin"/>
    <tag k="subtype" v="solid"/>
  </way>
  <way id="45656">
    <nd ref="45549"/>
    <nd ref="45653"/>
    <tag k="type" v="line_thin"/>
    <tag k="subtype" v="solid"/>
  </way>
  <way id="45701">
    <nd ref="45652"/>
    <nd ref="45661"/>
    <nd ref="45664"/>
    <nd ref="45667"/>
    <nd ref="45670"/>
    <nd ref="45673"/>
    <nd ref="45676"/>
    <nd ref="45679"/>
    <nd ref="45515"/>
    <tag k="type" v="line_thin"/>
    <tag k="subtype" v="solid"/>
  </way>
  <way id="45702">
    <nd ref="45653"/>
    <nd ref="45682"/>
    <nd ref="45685"/>
    <nd ref="45688"/>
    <nd ref="45691"/>
    <nd ref="45694"/>
    <nd ref="45697"/>
    <nd ref="45700"/>
    <nd ref="45517"/>
    <tag k="type" v="line_thin"/>
    <tag k="subtype" v="solid"/>
  </way>
  <way id="45765">
    <nd ref="45516"/>
    <nd ref="45731"/>
    <nd ref="45734"/>
    <nd ref="45737"/>
    <nd ref="45740"/>
    <nd ref="45743"/>
    <nd ref="45746"/>
    <nd ref="44187"/>
    <tag k="type" v="line_thin"/>
    <tag k="subtype" v="solid"/>
  </way>
  <way id="45766">
    <nd ref="45518"/>
    <nd ref="45748"/>
    <nd ref="45751"/>
    <nd ref="45754"/>
    <nd ref="45757"/>
    <nd ref="45760"/>
    <nd ref="45763"/>
    <nd ref="44184"/>
    <tag k="type" v="line_thin"/>
    <tag k="subtype" v="solid"/>
  </way>
  <relation id="15">
    <member type="way" role="left" ref="33141"/>
    <member type="way" role="right" ref="33143"/>
    <tag k="type" v="lanelet"/>
    <tag k="subtype" v="road"/>
    <tag k="speed_limit" v="8"/>
    <tag k="location" v="urban"/>
    <tag k="one_way" v="yes"/>
    <tag k="turn_direction" v="straight"/>
  </relation>
  <relation id="105">
    <member type="way" role="left" ref="78"/>
    <member type="way" role="right" ref="21"/>
    <tag k="type" v="lanelet"/>
    <tag k="subtype" v="road"/>
    <tag k="speed_limit" v="8"/>
    <tag k="location" v="urban"/>
    <tag k="one_way" v="yes"/>
    <tag k="turn_direction" v="straight"/>
  </relation>
  <relation id="189">
    <member type="way" role="left" ref="9782"/>
    <member type="way" role="right" ref="9784"/>
    <tag k="type" v="lanelet"/>
    <tag k="subtype" v="road"/>
    <tag k="speed_limit" v="8"/>
    <tag k="location" v="urban"/>
    <tag k="one_way" v="yes"/>
    <tag k="turn_direction" v="straight"/>
  </relation>
  <relation id="323">
    <member type="way" role="left" ref="315"/>
    <member type="way" role="right" ref="320"/>
    <tag k="type" v="lanelet"/>
    <tag k="subtype" v="road"/>
    <tag k="speed_limit" v="8"/>
    <tag k="location" v="urban"/>
    <tag k="one_way" v="yes"/>
    <tag k="turn_direction" v="straight"/>
  </relation>
  <relation id="406">
    <member type="way" role="left" ref="45348"/>
    <member type="way" role="right" ref="45350"/>
    <tag k="type" v="lanelet"/>
    <tag k="subtype" v="road"/>
    <tag k="speed_limit" v="8"/>
    <tag k="location" v="urban"/>
    <tag k="one_way" v="yes"/>
    <tag k="turn_direction" v="straight"/>
  </relation>
  <relation id="482">
    <member type="way" role="left" ref="470"/>
    <member type="way" role="right" ref="478"/>
    <tag k="type" v="lanelet"/>
    <tag k="subtype" v="road"/>
    <tag k="speed_limit" v="8"/>
    <tag k="location" v="urban"/>
    <tag k="one_way" v="yes"/>
    <tag k="turn_direction" v="straight"/>
  </relation>
  <relation id="497">
    <member type="way" role="left" ref="485"/>
    <member type="way" role="right" ref="492"/>
    <tag k="type" v="lanelet"/>
    <tag k="subtype" v="road"/>
    <tag k="speed_limit" v="8"/>
    <tag k="location" v="urban"/>
    <tag k="one_way" v="yes"/>
    <tag k="turn_direction" v="straight"/>
  </relation>
  <relation id="508">
    <member type="way" role="left" ref="499"/>
    <member type="way" role="right" ref="504"/>
    <tag k="type" v="lanelet"/>
    <tag k="subtype" v="road"/>
    <tag k="speed_limit" v="8"/>
    <tag k="location" v="urban"/>
    <tag k="one_way" v="yes"/>
    <tag k="turn_direction" v="straight"/>
  </relation>
  <relation id="521">
    <member type="way" role="left" ref="510"/>
    <member type="way" role="right" ref="516"/>
    <tag k="type" v="lanelet"/>
    <tag k="subtype" v="road"/>
    <tag k="speed_limit" v="8"/>
    <tag k="location" v="urban"/>
    <tag k="one_way" v="yes"/>
    <tag k="turn_direction" v="straight"/>
  </relation>
  <relation id="528">
    <member type="way" role="left" ref="523"/>
    <member type="way" role="right" ref="526"/>
    <tag k="type" v="lanelet"/>
    <tag k="subtype" v="road"/>
    <tag k="speed_limit" v="8"/>
    <tag k="location" v="urban"/>
    <tag k="one_way" v="yes"/>
    <tag k="turn_direction" v="left"/>
  </relation>
  <relation id="561">
    <member type="way" role="left" ref="4345"/>
    <member type="way" role="right" ref="4347"/>
    <tag k="type" v="lanelet"/>
    <tag k="subtype" v="road"/>
    <tag k="speed_limit" v="5"/>
    <tag k="location" v="urban"/>
    <tag k="one_way" v="yes"/>
    <tag k="turn_direction" v="left"/>
  </relation>
  <relation id="592">
    <member type="way" role="left" ref="27829"/>
    <member type="way" role="right" ref="27831"/>
    <tag k="type" v="lanelet"/>
    <tag k="subtype" v="road"/>
    <tag k="speed_limit" v="8"/>
    <tag k="location" v="urban"/>
    <tag k="one_way" v="yes"/>
    <tag k="turn_direction" v="straight"/>
  </relation>
  <relation id="604">
    <member type="way" role="left" ref="32969"/>
    <member type="way" role="right" ref="32971"/>
    <tag k="type" v="lanelet"/>
    <tag k="subtype" v="road"/>
    <tag k="speed_limit" v="8"/>
    <tag k="location" v="urban"/>
    <tag k="one_way" v="yes"/>
    <tag k="turn_direction" v="straight"/>
  </relation>
  <relation id="744">
    <member type="way" role="left" ref="9907"/>
    <member type="way" role="right" ref="9909"/>
    <tag k="type" v="lanelet"/>
    <tag k="subtype" v="road"/>
    <tag k="speed_limit" v="8"/>
    <tag k="location" v="urban"/>
    <tag k="one_way" v="yes"/>
    <tag k="turn_direction" v="straight"/>
  </relation>
  <relation id="761">
    <member type="way" role="left" ref="756"/>
    <member type="way" role="right" ref="746"/>
    <tag k="type" v="lanelet"/>
    <tag k="subtype" v="road"/>
    <tag k="speed_limit" v="8"/>
    <tag k="location" v="urban"/>
    <tag k="one_way" v="yes"/>
    <tag k="turn_direction" v="straight"/>
  </relation>
  <relation id="772">
    <member type="way" role="left" ref="9883"/>
    <member type="way" role="right" ref="9885"/>
    <tag k="type" v="lanelet"/>
    <tag k="subtype" v="road"/>
    <tag k="speed_limit" v="8"/>
    <tag k="location" v="urban"/>
    <tag k="one_way" v="yes"/>
    <tag k="turn_direction" v="straight"/>
  </relation>
  <relation id="1478">
    <member type="way" role="left" ref="2425"/>
    <member type="way" role="right" ref="2427"/>
    <tag k="type" v="lanelet"/>
    <tag k="subtype" v="road"/>
    <tag k="speed_limit" v="8"/>
    <tag k="location" v="urban"/>
    <tag k="one_way" v="yes"/>
    <tag k="turn_direction" v="straight"/>
  </relation>
  <relation id="1492">
    <member type="way" role="left" ref="1699"/>
    <member type="way" role="right" ref="1701"/>
    <tag k="type" v="lanelet"/>
    <tag k="subtype" v="road"/>
    <tag k="speed_limit" v="8"/>
    <tag k="location" v="urban"/>
    <tag k="one_way" v="yes"/>
    <tag k="turn_direction" v="straight"/>
  </relation>
  <relation id="1833">
    <member type="way" role="left" ref="28282"/>
    <member type="way" role="right" ref="28284"/>
    <tag k="type" v="lanelet"/>
    <tag k="subtype" v="road"/>
    <tag k="speed_limit" v="8"/>
    <tag k="location" v="urban"/>
    <tag k="one_way" v="yes"/>
    <tag k="turn_direction" v="straight"/>
  </relation>
  <relation id="1897">
    <member type="way" role="left" ref="33273"/>
    <member type="way" role="right" ref="33275"/>
    <tag k="type" v="lanelet"/>
    <tag k="subtype" v="road"/>
    <tag k="speed_limit" v="8"/>
    <tag k="location" v="urban"/>
    <tag k="one_way" v="yes"/>
    <tag k="turn_direction" v="straight"/>
  </relation>
  <relation id="1991">
    <member type="way" role="left" ref="39363"/>
    <member type="way" role="right" ref="39364"/>
    <tag k="type" v="lanelet"/>
    <tag k="subtype" v="road"/>
    <tag k="speed_limit" v="5"/>
    <tag k="location" v="urban"/>
    <tag k="one_way" v="yes"/>
    <tag k="turn_direction" v="right"/>
  </relation>
  <relation id="4098">
    <member type="way" role="left" ref="35342"/>
    <member type="way" role="right" ref="35344"/>
    <tag k="type" v="lanelet"/>
    <tag k="subtype" v="road"/>
    <tag k="speed_limit" v="8"/>
    <tag k="location" v="urban"/>
    <tag k="one_way" v="yes"/>
    <tag k="turn_direction" v="straight"/>
  </relation>
  <relation id="4349">
    <member type="way" role="left" ref="44371"/>
    <member type="way" role="right" ref="44373"/>
    <tag k="type" v="lanelet"/>
    <tag k="subtype" v="road"/>
    <tag k="speed_limit" v="5"/>
    <tag k="location" v="urban"/>
    <tag k="one_way" v="yes"/>
    <tag k="turn_direction" v="left"/>
  </relation>
  <relation id="4895">
    <member type="way" role="left" ref="4893"/>
    <member type="way" role="right" ref="4894"/>
    <tag k="type" v="lanelet"/>
    <tag k="subtype" v="road"/>
    <tag k="speed_limit" v="5"/>
    <tag k="location" v="urban"/>
    <tag k="one_way" v="yes"/>
    <tag k="turn_direction" v="left"/>
  </relation>
  <relation id="7021">
    <member type="way" role="left" ref="21138"/>
    <member type="way" role="right" ref="21140"/>
    <tag k="type" v="lanelet"/>
    <tag k="subtype" v="road"/>
    <tag k="speed_limit" v="8"/>
    <tag k="location" v="urban"/>
    <tag k="one_way" v="yes"/>
    <tag k="turn_direction" v="straight"/>
  </relation>
  <relation id="9887">
    <member type="way" role="left" ref="41101"/>
    <member type="way" role="right" ref="41103"/>
    <tag k="type" v="lanelet"/>
    <tag k="subtype" v="road"/>
    <tag k="speed_limit" v="8"/>
    <tag k="location" v="urban"/>
    <tag k="one_way" v="yes"/>
    <tag k="turn_direction" v="straight"/>
  </relation>
  <relation id="9911">
    <member type="way" role="left" ref="9908"/>
    <member type="way" role="right" ref="9910"/>
    <tag k="type" v="lanelet"/>
    <tag k="subtype" v="road"/>
    <tag k="speed_limit" v="8"/>
    <tag k="location" v="urban"/>
    <tag k="one_way" v="yes"/>
    <tag k="turn_direction" v="straight"/>
  </relation>
  <relation id="10793">
    <member type="way" role="left" ref="21773"/>
    <member type="way" role="right" ref="21774"/>
    <tag k="type" v="lanelet"/>
    <tag k="subtype" v="road"/>
    <tag k="speed_limit" v="8"/>
    <tag k="location" v="urban"/>
    <tag k="one_way" v="yes"/>
    <tag k="turn_direction" v="right"/>
  </relation>
  <relation id="10829">
    <member type="way" role="left" ref="10826"/>
    <member type="way" role="right" ref="10828"/>
    <tag k="type" v="lanelet"/>
    <tag k="subtype" v="road"/>
    <tag k="speed_limit" v="8"/>
    <tag k="location" v="urban"/>
    <tag k="one_way" v="yes"/>
    <tag k="turn_direction" v="right"/>
  </relation>
  <relation id="11572">
    <member type="way" role="left" ref="44907"/>
    <member type="way" role="right" ref="44909"/>
    <tag k="type" v="lanelet"/>
    <tag k="subtype" v="road"/>
    <tag k="speed_limit" v="8"/>
    <tag k="location" v="urban"/>
    <tag k="one_way" v="yes"/>
    <tag k="turn_direction" v="straight"/>
  </relation>
  <relation id="11923">
    <member type="way" role="left" ref="39359"/>
    <member type="way" role="right" ref="39360"/>
    <tag k="type" v="lanelet"/>
    <tag k="subtype" v="road"/>
    <tag k="speed_limit" v="8"/>
    <tag k="location" v="urban"/>
    <tag k="one_way" v="yes"/>
    <tag k="turn_direction" v="straight"/>
  </relation>
  <relation id="12384">
    <member type="way" role="left" ref="12381"/>
    <member type="way" role="right" ref="12383"/>
    <tag k="type" v="lanelet"/>
    <tag k="subtype" v="road"/>
    <tag k="speed_limit" v="8"/>
    <tag k="location" v="urban"/>
    <tag k="one_way" v="yes"/>
    <tag k="turn_direction" v="straight"/>
  </relation>
  <relation id="12387">
    <member type="way" role="left" ref="12385"/>
    <member type="way" role="right" ref="12386"/>
    <tag k="type" v="lanelet"/>
    <tag k="subtype" v="road"/>
    <tag k="speed_limit" v="3"/>
    <tag k="location" v="urban"/>
    <tag k="one_way" v="yes"/>
    <tag k="turn_direction" v="right"/>
  </relation>
  <relation id="12515">
    <member type="way" role="left" ref="44450"/>
    <member type="way" role="right" ref="44452"/>
    <tag k="type" v="lanelet"/>
    <tag k="subtype" v="road"/>
    <tag k="speed_limit" v="8"/>
    <tag k="location" v="urban"/>
    <tag k="one_way" v="yes"/>
    <tag k="turn_direction" v="straight"/>
  </relation>
  <relation id="13079">
    <member type="way" role="left" ref="21734"/>
    <member type="way" role="right" ref="21736"/>
    <tag k="type" v="lanelet"/>
    <tag k="subtype" v="road"/>
    <tag k="speed_limit" v="8"/>
    <tag k="location" v="urban"/>
    <tag k="one_way" v="yes"/>
    <tag k="turn_direction" v="straight"/>
  </relation>
  <relation id="13141">
    <member type="way" role="left" ref="13140"/>
    <member type="way" role="right" ref="13137"/>
    <tag k="type" v="lanelet"/>
    <tag k="subtype" v="road"/>
    <tag k="speed_limit" v="8"/>
    <tag k="location" v="urban"/>
    <tag k="one_way" v="yes"/>
    <tag k="turn_direction" v="left"/>
  </relation>
  <relation id="13257">
    <member type="way" role="left" ref="13255"/>
    <member type="way" role="right" ref="13256"/>
    <tag k="type" v="lanelet"/>
    <tag k="subtype" v="road"/>
    <tag k="speed_limit" v="8"/>
    <tag k="location" v="urban"/>
    <tag k="one_way" v="yes"/>
    <tag k="turn_direction" v="left"/>
  </relation>
  <relation id="14857">
    <member type="way" role="left" ref="14856"/>
    <member type="way" role="right" ref="14853"/>
    <tag k="type" v="lanelet"/>
    <tag k="subtype" v="road"/>
    <tag k="speed_limit" v="8"/>
    <tag k="location" v="urban"/>
    <tag k="one_way" v="yes"/>
    <tag k="turn_direction" v="right"/>
  </relation>
  <relation id="15041">
    <member type="way" role="left" ref="15038"/>
    <member type="way" role="right" ref="15040"/>
    <tag k="type" v="lanelet"/>
    <tag k="subtype" v="road"/>
    <tag k="speed_limit" v="8"/>
    <tag k="location" v="urban"/>
    <tag k="one_way" v="yes"/>
    <tag k="turn_direction" v="straight"/>
  </relation>
  <relation id="15055">
    <member type="way" role="left" ref="15053"/>
    <member type="way" role="right" ref="15054"/>
    <tag k="type" v="lanelet"/>
    <tag k="subtype" v="road"/>
    <tag k="speed_limit" v="8"/>
    <tag k="location" v="urban"/>
    <tag k="one_way" v="yes"/>
    <tag k="turn_direction" v="straight"/>
  </relation>
  <relation id="15099">
    <member type="way" role="left" ref="15097"/>
    <member type="way" role="right" ref="15098"/>
    <tag k="type" v="lanelet"/>
    <tag k="subtype" v="road"/>
    <tag k="speed_limit" v="8"/>
    <tag k="location" v="urban"/>
    <tag k="one_way" v="yes"/>
    <tag k="turn_direction" v="straight"/>
  </relation>
  <relation id="15112">
    <member type="way" role="left" ref="15111"/>
    <member type="way" role="right" ref="15108"/>
    <tag k="type" v="lanelet"/>
    <tag k="subtype" v="road"/>
    <tag k="speed_limit" v="8"/>
    <tag k="location" v="urban"/>
    <tag k="one_way" v="yes"/>
    <tag k="turn_direction" v="straight"/>
  </relation>
  <relation id="15279">
    <member type="way" role="left" ref="15277"/>
    <member type="way" role="right" ref="15278"/>
    <tag k="type" v="lanelet"/>
    <tag k="subtype" v="road"/>
    <tag k="speed_limit" v="8"/>
    <tag k="location" v="urban"/>
    <tag k="one_way" v="yes"/>
    <tag k="turn_direction" v="straight"/>
  </relation>
  <relation id="15786">
    <member type="way" role="left" ref="33009"/>
    <member type="way" role="right" ref="33011"/>
    <tag k="type" v="lanelet"/>
    <tag k="subtype" v="road"/>
    <tag k="speed_limit" v="8"/>
    <tag k="location" v="urban"/>
    <tag k="one_way" v="yes"/>
    <tag k="turn_direction" v="left"/>
  </relation>
  <relation id="15835">
    <member type="way" role="left" ref="33174"/>
    <member type="way" role="right" ref="33176"/>
    <tag k="type" v="lanelet"/>
    <tag k="subtype" v="road"/>
    <tag k="speed_limit" v="8"/>
    <tag k="location" v="urban"/>
    <tag k="one_way" v="yes"/>
    <tag k="turn_direction" v="left"/>
  </relation>
  <relation id="20945">
    <member type="way" role="left" ref="36292"/>
    <member type="way" role="right" ref="36294"/>
    <tag k="type" v="lanelet"/>
    <tag k="subtype" v="road"/>
    <tag k="speed_limit" v="8"/>
    <tag k="location" v="urban"/>
    <tag k="one_way" v="yes"/>
    <tag k="turn_direction" v="straight"/>
  </relation>
  <relation id="21010">
    <member type="way" role="left" ref="21008"/>
    <member type="way" role="right" ref="21009"/>
    <tag k="type" v="lanelet"/>
    <tag k="subtype" v="road"/>
    <tag k="speed_limit" v="8"/>
    <tag k="location" v="urban"/>
    <tag k="one_way" v="yes"/>
    <tag k="turn_direction" v="straight"/>
  </relation>
  <relation id="21053">
    <member type="way" role="left" ref="21051"/>
    <member type="way" role="right" ref="21052"/>
    <tag k="type" v="lanelet"/>
    <tag k="subtype" v="road"/>
    <tag k="speed_limit" v="8"/>
    <tag k="location" v="urban"/>
    <tag k="one_way" v="yes"/>
    <tag k="turn_direction" v="straight"/>
  </relation>
  <relation id="21079">
    <member type="way" role="left" ref="43883"/>
    <member type="way" role="right" ref="43884"/>
    <tag k="type" v="lanelet"/>
    <tag k="subtype" v="road"/>
    <tag k="speed_limit" v="6"/>
    <tag k="location" v="urban"/>
    <tag k="one_way" v="yes"/>
    <tag k="turn_direction" v="left"/>
  </relation>
  <relation id="21121">
    <member type="way" role="left" ref="21118"/>
    <member type="way" role="right" ref="21120"/>
    <tag k="type" v="lanelet"/>
    <tag k="subtype" v="road"/>
    <tag k="speed_limit" v="8"/>
    <tag k="location" v="urban"/>
    <tag k="one_way" v="yes"/>
    <tag k="turn_direction" v="straight"/>
  </relation>
  <relation id="21135">
    <member type="way" role="left" ref="21133"/>
    <member type="way" role="right" ref="21134"/>
    <tag k="type" v="lanelet"/>
    <tag k="subtype" v="road"/>
    <tag k="speed_limit" v="8"/>
    <tag k="location" v="urban"/>
    <tag k="one_way" v="yes"/>
    <tag k="turn_direction" v="straight"/>
  </relation>
  <relation id="21172">
    <member type="way" role="left" ref="21170"/>
    <member type="way" role="right" ref="21171"/>
    <tag k="type" v="lanelet"/>
    <tag k="subtype" v="road"/>
    <tag k="speed_limit" v="8"/>
    <tag k="location" v="urban"/>
    <tag k="one_way" v="yes"/>
    <tag k="turn_direction" v="straight"/>
  </relation>
  <relation id="21232">
    <member type="way" role="left" ref="21775"/>
    <member type="way" role="right" ref="21776"/>
    <tag k="type" v="lanelet"/>
    <tag k="subtype" v="road"/>
    <tag k="speed_limit" v="8"/>
    <tag k="location" v="urban"/>
    <tag k="one_way" v="yes"/>
    <tag k="turn_direction" v="right"/>
  </relation>
  <relation id="21738">
    <member type="way" role="left" ref="28611"/>
    <member type="way" role="right" ref="28613"/>
    <tag k="type" v="lanelet"/>
    <tag k="subtype" v="road"/>
    <tag k="speed_limit" v="8"/>
    <tag k="location" v="urban"/>
    <tag k="one_way" v="yes"/>
    <tag k="turn_direction" v="straight"/>
  </relation>
  <relation id="22009">
    <member type="way" role="left" ref="22020"/>
    <member type="way" role="right" ref="22021"/>
    <tag k="type" v="lanelet"/>
    <tag k="subtype" v="road"/>
    <tag k="speed_limit" v="8"/>
    <tag k="location" v="urban"/>
    <tag k="one_way" v="yes"/>
    <tag k="turn_direction" v="straight"/>
  </relation>
  <relation id="22046">
    <member type="way" role="left" ref="22079"/>
    <member type="way" role="right" ref="22080"/>
    <tag k="type" v="lanelet"/>
    <tag k="subtype" v="road"/>
    <tag k="speed_limit" v="8"/>
    <tag k="location" v="urban"/>
    <tag k="one_way" v="yes"/>
    <tag k="turn_direction" v="straight"/>
  </relation>
  <relation id="22344">
    <member type="way" role="left" ref="35728"/>
    <member type="way" role="right" ref="35730"/>
    <tag k="type" v="lanelet"/>
    <tag k="subtype" v="road"/>
    <tag k="speed_limit" v="8"/>
    <tag k="location" v="urban"/>
    <tag k="one_way" v="yes"/>
    <tag k="turn_direction" v="straight"/>
  </relation>
  <relation id="22400">
    <member type="way" role="left" ref="43836"/>
    <member type="way" role="right" ref="43838"/>
    <tag k="type" v="lanelet"/>
    <tag k="subtype" v="road"/>
    <tag k="speed_limit" v="5"/>
    <tag k="location" v="urban"/>
    <tag k="one_way" v="yes"/>
    <tag k="turn_direction" v="left"/>
  </relation>
  <relation id="22432">
    <member type="way" role="left" ref="22430"/>
    <member type="way" role="right" ref="22431"/>
    <tag k="type" v="lanelet"/>
    <tag k="subtype" v="road"/>
    <tag k="speed_limit" v="8"/>
    <tag k="location" v="urban"/>
    <tag k="one_way" v="yes"/>
    <tag k="turn_direction" v="left"/>
  </relation>
  <relation id="22825">
    <member type="way" role="left" ref="42212"/>
    <member type="way" role="right" ref="42213"/>
    <tag k="type" v="lanelet"/>
    <tag k="subtype" v="road"/>
    <tag k="speed_limit" v="10"/>
    <tag k="location" v="urban"/>
    <tag k="one_way" v="yes"/>
    <tag k="turn_direction" v="straight"/>
  </relation>
  <relation id="22983">
    <member type="way" role="left" ref="41199"/>
    <member type="way" role="right" ref="41201"/>
    <tag k="type" v="lanelet"/>
    <tag k="subtype" v="road"/>
    <tag k="speed_limit" v="8"/>
    <tag k="location" v="urban"/>
    <tag k="one_way" v="yes"/>
    <tag k="turn_direction" v="straight"/>
  </relation>
  <relation id="23733">
    <member type="way" role="left" ref="23754"/>
    <member type="way" role="right" ref="23756"/>
    <tag k="type" v="lanelet"/>
    <tag k="subtype" v="road"/>
    <tag k="speed_limit" v="8"/>
    <tag k="location" v="urban"/>
    <tag k="one_way" v="yes"/>
    <tag k="turn_direction" v="straight"/>
  </relation>
  <relation id="23758">
    <member type="way" role="left" ref="23755"/>
    <member type="way" role="right" ref="23757"/>
    <tag k="type" v="lanelet"/>
    <tag k="subtype" v="road"/>
    <tag k="speed_limit" v="8"/>
    <tag k="location" v="urban"/>
    <tag k="one_way" v="yes"/>
    <tag k="turn_direction" v="straight"/>
  </relation>
  <relation id="23881">
    <member type="way" role="left" ref="23880"/>
    <member type="way" role="right" ref="23877"/>
    <tag k="type" v="lanelet"/>
    <tag k="subtype" v="road"/>
    <tag k="speed_limit" v="8"/>
    <tag k="location" v="urban"/>
    <tag k="one_way" v="yes"/>
    <tag k="turn_direction" v="straight"/>
  </relation>
  <relation id="23909">
    <member type="way" role="left" ref="24358"/>
    <member type="way" role="right" ref="24359"/>
    <tag k="type" v="lanelet"/>
    <tag k="subtype" v="road"/>
    <tag k="speed_limit" v="8"/>
    <tag k="location" v="urban"/>
    <tag k="one_way" v="yes"/>
    <tag k="turn_direction" v="straight"/>
  </relation>
  <relation id="24145">
    <member type="way" role="left" ref="41981"/>
    <member type="way" role="right" ref="41982"/>
    <tag k="type" v="lanelet"/>
    <tag k="subtype" v="road"/>
    <tag k="speed_limit" v="5"/>
    <tag k="location" v="urban"/>
    <tag k="one_way" v="yes"/>
    <tag k="turn_direction" v="right"/>
  </relation>
  <relation id="24157">
    <member type="way" role="left" ref="24293"/>
    <member type="way" role="right" ref="24295"/>
    <tag k="type" v="lanelet"/>
    <tag k="subtype" v="road"/>
    <tag k="speed_limit" v="8"/>
    <tag k="location" v="urban"/>
    <tag k="one_way" v="yes"/>
    <tag k="turn_direction" v="straight"/>
  </relation>
  <relation id="24200">
    <member type="way" role="left" ref="24197"/>
    <member type="way" role="right" ref="24199"/>
    <tag k="type" v="lanelet"/>
    <tag k="subtype" v="road"/>
    <tag k="speed_limit" v="8"/>
    <tag k="location" v="urban"/>
    <tag k="one_way" v="yes"/>
    <tag k="turn_direction" v="straight"/>
  </relation>
  <relation id="24310">
    <member type="way" role="left" ref="41985"/>
    <member type="way" role="right" ref="41987"/>
    <tag k="type" v="lanelet"/>
    <tag k="subtype" v="road"/>
    <tag k="speed_limit" v="8"/>
    <tag k="location" v="urban"/>
    <tag k="one_way" v="yes"/>
    <tag k="turn_direction" v="left"/>
  </relation>
  <relation id="24347">
    <member type="way" role="left" ref="26013"/>
    <member type="way" role="right" ref="26014"/>
    <tag k="type" v="lanelet"/>
    <tag k="subtype" v="road"/>
    <tag k="speed_limit" v="5"/>
    <tag k="location" v="urban"/>
    <tag k="one_way" v="yes"/>
    <tag k="turn_direction" v="right"/>
  </relation>
  <relation id="24354">
    <member type="way" role="left" ref="24352"/>
    <member type="way" role="right" ref="24353"/>
    <tag k="type" v="lanelet"/>
    <tag k="subtype" v="road"/>
    <tag k="speed_limit" v="8"/>
    <tag k="location" v="urban"/>
    <tag k="one_way" v="yes"/>
    <tag k="turn_direction" v="straight"/>
  </relation>
  <relation id="24357">
    <member type="way" role="left" ref="24355"/>
    <member type="way" role="right" ref="24356"/>
    <tag k="type" v="lanelet"/>
    <tag k="subtype" v="road"/>
    <tag k="speed_limit" v="8"/>
    <tag k="location" v="urban"/>
    <tag k="one_way" v="yes"/>
    <tag k="turn_direction" v="straight"/>
  </relation>
  <relation id="24555">
    <member type="way" role="left" ref="24582"/>
    <member type="way" role="right" ref="24583"/>
    <tag k="type" v="lanelet"/>
    <tag k="subtype" v="road"/>
    <tag k="speed_limit" v="8"/>
    <tag k="location" v="urban"/>
    <tag k="one_way" v="yes"/>
    <tag k="turn_direction" v="straight"/>
  </relation>
  <relation id="24607">
    <member type="way" role="left" ref="24605"/>
    <member type="way" role="right" ref="24606"/>
    <tag k="type" v="lanelet"/>
    <tag k="subtype" v="road"/>
    <tag k="speed_limit" v="8"/>
    <tag k="location" v="urban"/>
    <tag k="one_way" v="yes"/>
    <tag k="turn_direction" v="straight"/>
  </relation>
  <relation id="25042">
    <member type="way" role="left" ref="25242"/>
    <member type="way" role="right" ref="25244"/>
    <tag k="type" v="lanelet"/>
    <tag k="subtype" v="road"/>
    <tag k="speed_limit" v="8"/>
    <tag k="location" v="urban"/>
    <tag k="one_way" v="yes"/>
    <tag k="turn_direction" v="straight"/>
  </relation>
  <relation id="25088">
    <member type="way" role="left" ref="25086"/>
    <member type="way" role="right" ref="25087"/>
    <tag k="type" v="lanelet"/>
    <tag k="subtype" v="road"/>
    <tag k="speed_limit" v="8"/>
    <tag k="location" v="urban"/>
    <tag k="one_way" v="yes"/>
    <tag k="turn_direction" v="straight"/>
  </relation>
  <relation id="25194">
    <member type="way" role="left" ref="25227"/>
    <member type="way" role="right" ref="25228"/>
    <tag k="type" v="lanelet"/>
    <tag k="subtype" v="road"/>
    <tag k="speed_limit" v="5"/>
    <tag k="location" v="urban"/>
    <tag k="one_way" v="yes"/>
    <tag k="turn_direction" v="left"/>
  </relation>
  <relation id="25234">
    <member type="way" role="left" ref="31731"/>
    <member type="way" role="right" ref="31733"/>
    <tag k="type" v="lanelet"/>
    <tag k="subtype" v="road"/>
    <tag k="speed_limit" v="8"/>
    <tag k="location" v="urban"/>
    <tag k="one_way" v="yes"/>
    <tag k="turn_direction" v="straight"/>
  </relation>
  <relation id="25239">
    <member type="way" role="left" ref="25237"/>
    <member type="way" role="right" ref="25238"/>
    <tag k="type" v="lanelet"/>
    <tag k="subtype" v="road"/>
    <tag k="speed_limit" v="8"/>
    <tag k="location" v="urban"/>
    <tag k="one_way" v="yes"/>
    <tag k="turn_direction" v="straight"/>
  </relation>
  <relation id="25246">
    <member type="way" role="left" ref="25243"/>
    <member type="way" role="right" ref="25245"/>
    <tag k="type" v="lanelet"/>
    <tag k="subtype" v="road"/>
    <tag k="speed_limit" v="8"/>
    <tag k="location" v="urban"/>
    <tag k="one_way" v="yes"/>
    <tag k="turn_direction" v="left"/>
  </relation>
  <relation id="25389">
    <member type="way" role="left" ref="25386"/>
    <member type="way" role="right" ref="25388"/>
    <tag k="type" v="lanelet"/>
    <tag k="subtype" v="road"/>
    <tag k="speed_limit" v="8"/>
    <tag k="location" v="urban"/>
    <tag k="one_way" v="yes"/>
    <tag k="turn_direction" v="straight"/>
  </relation>
  <relation id="25396">
    <member type="way" role="left" ref="25394"/>
    <member type="way" role="right" ref="25395"/>
    <tag k="type" v="lanelet"/>
    <tag k="subtype" v="road"/>
    <tag k="speed_limit" v="8"/>
    <tag k="location" v="urban"/>
    <tag k="one_way" v="yes"/>
    <tag k="turn_direction" v="straight"/>
  </relation>
  <relation id="25399">
    <member type="way" role="left" ref="25404"/>
    <member type="way" role="right" ref="25406"/>
    <tag k="type" v="lanelet"/>
    <tag k="subtype" v="road"/>
    <tag k="speed_limit" v="8"/>
    <tag k="location" v="urban"/>
    <tag k="one_way" v="yes"/>
    <tag k="turn_direction" v="straight"/>
  </relation>
  <relation id="25408">
    <member type="way" role="left" ref="25409"/>
    <member type="way" role="right" ref="25410"/>
    <tag k="type" v="lanelet"/>
    <tag k="subtype" v="road"/>
    <tag k="speed_limit" v="8"/>
    <tag k="location" v="urban"/>
    <tag k="one_way" v="yes"/>
    <tag k="turn_direction" v="straight"/>
  </relation>
  <relation id="25413">
    <member type="way" role="left" ref="25411"/>
    <member type="way" role="right" ref="25412"/>
    <tag k="type" v="lanelet"/>
    <tag k="subtype" v="road"/>
    <tag k="speed_limit" v="8"/>
    <tag k="location" v="urban"/>
    <tag k="one_way" v="yes"/>
    <tag k="turn_direction" v="straight"/>
  </relation>
  <relation id="25422">
    <member type="way" role="left" ref="25747"/>
    <member type="way" role="right" ref="25748"/>
    <tag k="type" v="lanelet"/>
    <tag k="subtype" v="road"/>
    <tag k="speed_limit" v="8"/>
    <tag k="location" v="urban"/>
    <tag k="one_way" v="yes"/>
    <tag k="turn_direction" v="straight"/>
  </relation>
  <relation id="25713">
    <member type="way" role="left" ref="25710"/>
    <member type="way" role="right" ref="25712"/>
    <tag k="type" v="lanelet"/>
    <tag k="subtype" v="road"/>
    <tag k="speed_limit" v="8"/>
    <tag k="location" v="urban"/>
    <tag k="one_way" v="yes"/>
    <tag k="turn_direction" v="left"/>
  </relation>
  <relation id="25736">
    <member type="way" role="left" ref="25734"/>
    <member type="way" role="right" ref="25735"/>
    <tag k="type" v="lanelet"/>
    <tag k="subtype" v="road"/>
    <tag k="speed_limit" v="8"/>
    <tag k="location" v="urban"/>
    <tag k="one_way" v="yes"/>
    <tag k="turn_direction" v="left"/>
  </relation>
  <relation id="25891">
    <member type="way" role="left" ref="25889"/>
    <member type="way" role="right" ref="25890"/>
    <tag k="type" v="lanelet"/>
    <tag k="subtype" v="road"/>
    <tag k="speed_limit" v="8"/>
    <tag k="location" v="urban"/>
    <tag k="one_way" v="yes"/>
    <tag k="turn_direction" v="straight"/>
  </relation>
  <relation id="25968">
    <member type="way" role="left" ref="25965"/>
    <member type="way" role="right" ref="25967"/>
    <tag k="type" v="lanelet"/>
    <tag k="subtype" v="road"/>
    <tag k="speed_limit" v="8"/>
    <tag k="location" v="urban"/>
    <tag k="one_way" v="yes"/>
    <tag k="turn_direction" v="straight"/>
  </relation>
  <relation id="26139">
    <member type="way" role="left" ref="26169"/>
    <member type="way" role="right" ref="26170"/>
    <tag k="type" v="lanelet"/>
    <tag k="subtype" v="road"/>
    <tag k="speed_limit" v="8"/>
    <tag k="location" v="urban"/>
    <tag k="one_way" v="yes"/>
    <tag k="turn_direction" v="straight"/>
  </relation>
  <relation id="26259">
    <member type="way" role="left" ref="26254"/>
    <member type="way" role="right" ref="26255"/>
    <tag k="type" v="lanelet"/>
    <tag k="subtype" v="road"/>
    <tag k="speed_limit" v="8"/>
    <tag k="location" v="urban"/>
    <tag k="one_way" v="yes"/>
    <tag k="turn_direction" v="straight"/>
  </relation>
  <relation id="26342">
    <member type="way" role="left" ref="40592"/>
    <member type="way" role="right" ref="40594"/>
    <tag k="type" v="lanelet"/>
    <tag k="subtype" v="road"/>
    <tag k="speed_limit" v="8"/>
    <tag k="location" v="urban"/>
    <tag k="one_way" v="yes"/>
    <tag k="turn_direction" v="straight"/>
  </relation>
  <relation id="26387">
    <member type="way" role="left" ref="40636"/>
    <member type="way" role="right" ref="40638"/>
    <tag k="type" v="lanelet"/>
    <tag k="subtype" v="road"/>
    <tag k="speed_limit" v="5"/>
    <tag k="location" v="urban"/>
    <tag k="one_way" v="yes"/>
    <tag k="turn_direction" v="left"/>
  </relation>
  <relation id="26413">
    <member type="way" role="left" ref="40757"/>
    <member type="way" role="right" ref="40759"/>
    <tag k="type" v="lanelet"/>
    <tag k="subtype" v="road"/>
    <tag k="speed_limit" v="8"/>
    <tag k="location" v="urban"/>
    <tag k="one_way" v="yes"/>
    <tag k="turn_direction" v="straight"/>
  </relation>
  <relation id="26420">
    <member type="way" role="left" ref="26575"/>
    <member type="way" role="right" ref="26576"/>
    <tag k="type" v="lanelet"/>
    <tag k="subtype" v="road"/>
    <tag k="speed_limit" v="8"/>
    <tag k="location" v="urban"/>
    <tag k="one_way" v="yes"/>
    <tag k="turn_direction" v="straight"/>
  </relation>
  <relation id="26431">
    <member type="way" role="left" ref="26548"/>
    <member type="way" role="right" ref="26549"/>
    <tag k="type" v="lanelet"/>
    <tag k="subtype" v="road"/>
    <tag k="speed_limit" v="8"/>
    <tag k="location" v="urban"/>
    <tag k="one_way" v="yes"/>
    <tag k="turn_direction" v="straight"/>
  </relation>
  <relation id="26453">
    <member type="way" role="left" ref="40475"/>
    <member type="way" role="right" ref="40477"/>
    <tag k="type" v="lanelet"/>
    <tag k="subtype" v="road"/>
    <tag k="speed_limit" v="8"/>
    <tag k="location" v="urban"/>
    <tag k="one_way" v="yes"/>
    <tag k="turn_direction" v="left"/>
  </relation>
  <relation id="26561">
    <member type="way" role="left" ref="26584"/>
    <member type="way" role="right" ref="26585"/>
    <tag k="type" v="lanelet"/>
    <tag k="subtype" v="road"/>
    <tag k="speed_limit" v="8"/>
    <tag k="location" v="urban"/>
    <tag k="one_way" v="yes"/>
    <tag k="turn_direction" v="straight"/>
  </relation>
  <relation id="26713">
    <member type="way" role="left" ref="26710"/>
    <member type="way" role="right" ref="26712"/>
    <tag k="type" v="lanelet"/>
    <tag k="subtype" v="road"/>
    <tag k="speed_limit" v="8"/>
    <tag k="location" v="urban"/>
    <tag k="one_way" v="yes"/>
    <tag k="turn_direction" v="straight"/>
  </relation>
  <relation id="27346">
    <member type="way" role="left" ref="27343"/>
    <member type="way" role="right" ref="27345"/>
    <tag k="type" v="lanelet"/>
    <tag k="subtype" v="road"/>
    <tag k="speed_limit" v="8"/>
    <tag k="location" v="urban"/>
    <tag k="one_way" v="yes"/>
    <tag k="turn_direction" v="left"/>
  </relation>
  <relation id="27488">
    <member type="way" role="left" ref="32843"/>
    <member type="way" role="right" ref="32845"/>
    <tag k="type" v="lanelet"/>
    <tag k="subtype" v="road"/>
    <tag k="speed_limit" v="8"/>
    <tag k="location" v="urban"/>
    <tag k="one_way" v="yes"/>
    <tag k="turn_direction" v="straight"/>
  </relation>
  <relation id="27670">
    <member type="way" role="left" ref="27668"/>
    <member type="way" role="right" ref="27669"/>
    <tag k="type" v="lanelet"/>
    <tag k="subtype" v="road"/>
    <tag k="speed_limit" v="8"/>
    <tag k="location" v="urban"/>
    <tag k="one_way" v="yes"/>
    <tag k="turn_direction" v="straight"/>
  </relation>
  <relation id="27826">
    <member type="way" role="left" ref="27824"/>
    <member type="way" role="right" ref="27825"/>
    <tag k="type" v="lanelet"/>
    <tag k="subtype" v="road"/>
    <tag k="speed_limit" v="8"/>
    <tag k="location" v="urban"/>
    <tag k="one_way" v="yes"/>
    <tag k="turn_direction" v="straight"/>
  </relation>
  <relation id="27885">
    <member type="way" role="left" ref="27929"/>
    <member type="way" role="right" ref="27931"/>
    <tag k="type" v="lanelet"/>
    <tag k="subtype" v="road"/>
    <tag k="speed_limit" v="8"/>
    <tag k="location" v="urban"/>
    <tag k="one_way" v="yes"/>
    <tag k="turn_direction" v="straight"/>
  </relation>
  <relation id="27921">
    <member type="way" role="left" ref="27922"/>
    <member type="way" role="right" ref="27923"/>
    <tag k="type" v="lanelet"/>
    <tag k="subtype" v="road"/>
    <tag k="speed_limit" v="8"/>
    <tag k="location" v="urban"/>
    <tag k="one_way" v="yes"/>
    <tag k="turn_direction" v="straight"/>
  </relation>
  <relation id="27926">
    <member type="way" role="left" ref="27924"/>
    <member type="way" role="right" ref="27925"/>
    <tag k="type" v="lanelet"/>
    <tag k="subtype" v="road"/>
    <tag k="speed_limit" v="8"/>
    <tag k="location" v="urban"/>
    <tag k="one_way" v="yes"/>
    <tag k="turn_direction" v="straight"/>
  </relation>
  <relation id="27936">
    <member type="way" role="left" ref="27934"/>
    <member type="way" role="right" ref="27935"/>
    <tag k="type" v="lanelet"/>
    <tag k="subtype" v="road"/>
    <tag k="speed_limit" v="8"/>
    <tag k="location" v="urban"/>
    <tag k="one_way" v="yes"/>
    <tag k="turn_direction" v="straight"/>
  </relation>
  <relation id="27989">
    <member type="way" role="left" ref="27986"/>
    <member type="way" role="right" ref="27988"/>
    <tag k="type" v="lanelet"/>
    <tag k="subtype" v="road"/>
    <tag k="speed_limit" v="8"/>
    <tag k="location" v="urban"/>
    <tag k="one_way" v="yes"/>
    <tag k="turn_direction" v="straight"/>
  </relation>
  <relation id="27992">
    <member type="way" role="left" ref="27990"/>
    <member type="way" role="right" ref="27991"/>
    <tag k="type" v="lanelet"/>
    <tag k="subtype" v="road"/>
    <tag k="speed_limit" v="8"/>
    <tag k="location" v="urban"/>
    <tag k="one_way" v="yes"/>
    <tag k="turn_direction" v="straight"/>
  </relation>
  <relation id="28094">
    <member type="way" role="left" ref="37884"/>
    <member type="way" role="right" ref="37886"/>
    <tag k="type" v="lanelet"/>
    <tag k="subtype" v="road"/>
    <tag k="speed_limit" v="8"/>
    <tag k="location" v="urban"/>
    <tag k="one_way" v="yes"/>
    <tag k="turn_direction" v="straight"/>
  </relation>
  <relation id="28276">
    <member type="way" role="left" ref="28274"/>
    <member type="way" role="right" ref="28275"/>
    <tag k="type" v="lanelet"/>
    <tag k="subtype" v="road"/>
    <tag k="speed_limit" v="8"/>
    <tag k="location" v="urban"/>
    <tag k="one_way" v="yes"/>
    <tag k="turn_direction" v="straight"/>
  </relation>
  <relation id="28289">
    <member type="way" role="left" ref="28287"/>
    <member type="way" role="right" ref="28288"/>
    <tag k="type" v="lanelet"/>
    <tag k="subtype" v="road"/>
    <tag k="speed_limit" v="8"/>
    <tag k="location" v="urban"/>
    <tag k="one_way" v="yes"/>
    <tag k="turn_direction" v="straight"/>
  </relation>
  <relation id="28325">
    <member type="way" role="left" ref="45189"/>
    <member type="way" role="right" ref="45191"/>
    <tag k="type" v="lanelet"/>
    <tag k="subtype" v="road"/>
    <tag k="speed_limit" v="8"/>
    <tag k="location" v="urban"/>
    <tag k="one_way" v="yes"/>
    <tag k="turn_direction" v="straight"/>
  </relation>
  <relation id="28651">
    <member type="way" role="left" ref="28649"/>
    <member type="way" role="right" ref="28650"/>
    <tag k="type" v="lanelet"/>
    <tag k="subtype" v="road"/>
    <tag k="speed_limit" v="8"/>
    <tag k="location" v="urban"/>
    <tag k="one_way" v="yes"/>
    <tag k="turn_direction" v="straight"/>
  </relation>
  <relation id="28709">
    <member type="way" role="left" ref="28707"/>
    <member type="way" role="right" ref="28708"/>
    <tag k="type" v="lanelet"/>
    <tag k="subtype" v="road"/>
    <tag k="speed_limit" v="8"/>
    <tag k="location" v="urban"/>
    <tag k="one_way" v="yes"/>
    <tag k="turn_direction" v="straight"/>
  </relation>
  <relation id="28712">
    <member type="way" role="left" ref="28710"/>
    <member type="way" role="right" ref="28711"/>
    <tag k="type" v="lanelet"/>
    <tag k="subtype" v="road"/>
    <tag k="speed_limit" v="8"/>
    <tag k="location" v="urban"/>
    <tag k="one_way" v="yes"/>
    <tag k="turn_direction" v="straight"/>
  </relation>
  <relation id="29371">
    <member type="way" role="left" ref="29369"/>
    <member type="way" role="right" ref="29370"/>
    <tag k="type" v="lanelet"/>
    <tag k="subtype" v="road"/>
    <tag k="speed_limit" v="8"/>
    <tag k="location" v="urban"/>
    <tag k="one_way" v="yes"/>
    <tag k="turn_direction" v="straight"/>
  </relation>
  <relation id="29644">
    <member type="way" role="left" ref="30367"/>
    <member type="way" role="right" ref="30369"/>
    <tag k="type" v="lanelet"/>
    <tag k="subtype" v="road"/>
    <tag k="speed_limit" v="8"/>
    <tag k="location" v="urban"/>
    <tag k="one_way" v="yes"/>
    <tag k="turn_direction" v="straight"/>
  </relation>
  <relation id="29937">
    <member type="way" role="left" ref="30878"/>
    <member type="way" role="right" ref="30880"/>
    <tag k="type" v="lanelet"/>
    <tag k="subtype" v="road"/>
    <tag k="speed_limit" v="8"/>
    <tag k="location" v="urban"/>
    <tag k="one_way" v="yes"/>
    <tag k="turn_direction" v="straight"/>
  </relation>
  <relation id="30026">
    <member type="way" role="left" ref="30807"/>
    <member type="way" role="right" ref="30809"/>
    <tag k="type" v="lanelet"/>
    <tag k="subtype" v="road"/>
    <tag k="speed_limit" v="8"/>
    <tag k="location" v="urban"/>
    <tag k="one_way" v="yes"/>
    <tag k="turn_direction" v="straight"/>
  </relation>
  <relation id="30100">
    <member type="way" role="left" ref="30101"/>
    <member type="way" role="right" ref="30102"/>
    <tag k="type" v="lanelet"/>
    <tag k="subtype" v="road"/>
    <tag k="speed_limit" v="5"/>
    <tag k="location" v="urban"/>
    <tag k="one_way" v="yes"/>
    <tag k="turn_direction" v="right"/>
  </relation>
  <relation id="30105">
    <member type="way" role="left" ref="30103"/>
    <member type="way" role="right" ref="30104"/>
    <tag k="type" v="lanelet"/>
    <tag k="subtype" v="road"/>
    <tag k="speed_limit" v="8"/>
    <tag k="location" v="urban"/>
    <tag k="one_way" v="yes"/>
    <tag k="turn_direction" v="straight"/>
  </relation>
  <relation id="30593">
    <member type="way" role="left" ref="30801"/>
    <member type="way" role="right" ref="30802"/>
    <tag k="type" v="lanelet"/>
    <tag k="subtype" v="road"/>
    <tag k="speed_limit" v="5"/>
    <tag k="location" v="urban"/>
    <tag k="one_way" v="yes"/>
    <tag k="turn_direction" v="left"/>
  </relation>
  <relation id="30774">
    <member type="way" role="left" ref="31086"/>
    <member type="way" role="right" ref="31088"/>
    <tag k="type" v="lanelet"/>
    <tag k="subtype" v="road"/>
    <tag k="speed_limit" v="8"/>
    <tag k="location" v="urban"/>
    <tag k="one_way" v="yes"/>
    <tag k="turn_direction" v="straight"/>
  </relation>
  <relation id="30811">
    <member type="way" role="left" ref="31037"/>
    <member type="way" role="right" ref="31039"/>
    <tag k="type" v="lanelet"/>
    <tag k="subtype" v="road"/>
    <tag k="speed_limit" v="8"/>
    <tag k="location" v="urban"/>
    <tag k="one_way" v="yes"/>
    <tag k="turn_direction" v="left"/>
  </relation>
  <relation id="30875">
    <member type="way" role="left" ref="30872"/>
    <member type="way" role="right" ref="30874"/>
    <tag k="type" v="lanelet"/>
    <tag k="subtype" v="road"/>
    <tag k="speed_limit" v="8"/>
    <tag k="location" v="urban"/>
    <tag k="one_way" v="yes"/>
    <tag k="turn_direction" v="straight"/>
  </relation>
  <relation id="30960">
    <member type="way" role="left" ref="30958"/>
    <member type="way" role="right" ref="30959"/>
    <tag k="type" v="lanelet"/>
    <tag k="subtype" v="road"/>
    <tag k="speed_limit" v="8"/>
    <tag k="location" v="urban"/>
    <tag k="one_way" v="yes"/>
    <tag k="turn_direction" v="straight"/>
  </relation>
  <relation id="31048">
    <member type="way" role="left" ref="39196"/>
    <member type="way" role="right" ref="39197"/>
    <tag k="type" v="lanelet"/>
    <tag k="subtype" v="road"/>
    <tag k="speed_limit" v="5"/>
    <tag k="location" v="urban"/>
    <tag k="one_way" v="yes"/>
    <tag k="turn_direction" v="left"/>
  </relation>
  <relation id="31097">
    <member type="way" role="left" ref="31094"/>
    <member type="way" role="right" ref="31096"/>
    <tag k="type" v="lanelet"/>
    <tag k="subtype" v="road"/>
    <tag k="speed_limit" v="8"/>
    <tag k="location" v="urban"/>
    <tag k="one_way" v="yes"/>
    <tag k="turn_direction" v="straight"/>
  </relation>
  <relation id="31131">
    <member type="way" role="left" ref="31355"/>
    <member type="way" role="right" ref="31357"/>
    <tag k="type" v="lanelet"/>
    <tag k="subtype" v="road"/>
    <tag k="speed_limit" v="8"/>
    <tag k="location" v="urban"/>
    <tag k="one_way" v="yes"/>
    <tag k="turn_direction" v="straight"/>
  </relation>
  <relation id="31450">
    <member type="way" role="left" ref="39198"/>
    <member type="way" role="right" ref="39199"/>
    <tag k="type" v="lanelet"/>
    <tag k="subtype" v="road"/>
    <tag k="speed_limit" v="8"/>
    <tag k="location" v="urban"/>
    <tag k="one_way" v="yes"/>
    <tag k="turn_direction" v="straight"/>
  </relation>
  <relation id="31476">
    <member type="way" role="left" ref="31499"/>
    <member type="way" role="right" ref="31500"/>
    <tag k="type" v="lanelet"/>
    <tag k="subtype" v="road"/>
    <tag k="speed_limit" v="5"/>
    <tag k="location" v="urban"/>
    <tag k="one_way" v="yes"/>
    <tag k="turn_direction" v="right"/>
  </relation>
  <relation id="31495">
    <member type="way" role="left" ref="31492"/>
    <member type="way" role="right" ref="31494"/>
    <tag k="type" v="lanelet"/>
    <tag k="subtype" v="road"/>
    <tag k="speed_limit" v="8"/>
    <tag k="location" v="urban"/>
    <tag k="one_way" v="yes"/>
    <tag k="turn_direction" v="straight"/>
  </relation>
  <relation id="31498">
    <member type="way" role="left" ref="31496"/>
    <member type="way" role="right" ref="31497"/>
    <tag k="type" v="lanelet"/>
    <tag k="subtype" v="road"/>
    <tag k="speed_limit" v="8"/>
    <tag k="location" v="urban"/>
    <tag k="one_way" v="yes"/>
  </relation>
  <relation id="31513">
    <member type="way" role="left" ref="31511"/>
    <member type="way" role="right" ref="31512"/>
    <tag k="type" v="lanelet"/>
    <tag k="subtype" v="road"/>
    <tag k="speed_limit" v="8"/>
    <tag k="location" v="urban"/>
    <tag k="one_way" v="yes"/>
    <tag k="turn_direction" v="straight"/>
  </relation>
  <relation id="31516">
    <member type="way" role="left" ref="31514"/>
    <member type="way" role="right" ref="31515"/>
    <tag k="type" v="lanelet"/>
    <tag k="subtype" v="road"/>
    <tag k="speed_limit" v="8"/>
    <tag k="location" v="urban"/>
    <tag k="one_way" v="yes"/>
    <tag k="turn_direction" v="straight"/>
  </relation>
  <relation id="31519">
    <member type="way" role="left" ref="31517"/>
    <member type="way" role="right" ref="31518"/>
    <tag k="type" v="lanelet"/>
    <tag k="subtype" v="road"/>
    <tag k="speed_limit" v="8"/>
    <tag k="location" v="urban"/>
    <tag k="one_way" v="yes"/>
    <tag k="turn_direction" v="straight"/>
  </relation>
  <relation id="31672">
    <member type="way" role="left" ref="31676"/>
    <member type="way" role="right" ref="31677"/>
    <tag k="type" v="lanelet"/>
    <tag k="subtype" v="road"/>
    <tag k="speed_limit" v="8"/>
    <tag k="location" v="urban"/>
    <tag k="one_way" v="yes"/>
    <tag k="turn_direction" v="straight"/>
  </relation>
  <relation id="31685">
    <member type="way" role="left" ref="31682"/>
    <member type="way" role="right" ref="31684"/>
    <tag k="type" v="lanelet"/>
    <tag k="subtype" v="road"/>
    <tag k="speed_limit" v="8"/>
    <tag k="location" v="urban"/>
    <tag k="one_way" v="yes"/>
    <tag k="turn_direction" v="straight"/>
  </relation>
  <relation id="31735">
    <member type="way" role="left" ref="31732"/>
    <member type="way" role="right" ref="31734"/>
    <tag k="type" v="lanelet"/>
    <tag k="subtype" v="road"/>
    <tag k="speed_limit" v="8"/>
    <tag k="location" v="urban"/>
    <tag k="one_way" v="yes"/>
    <tag k="turn_direction" v="straight"/>
  </relation>
  <relation id="31827">
    <member type="way" role="left" ref="39341"/>
    <member type="way" role="right" ref="39342"/>
    <tag k="type" v="lanelet"/>
    <tag k="subtype" v="road"/>
    <tag k="speed_limit" v="5"/>
    <tag k="location" v="urban"/>
    <tag k="one_way" v="yes"/>
    <tag k="turn_direction" v="right"/>
  </relation>
  <relation id="31850">
    <member type="way" role="left" ref="31853"/>
    <member type="way" role="right" ref="31855"/>
    <tag k="type" v="lanelet"/>
    <tag k="subtype" v="road"/>
    <tag k="speed_limit" v="8"/>
    <tag k="location" v="urban"/>
    <tag k="one_way" v="yes"/>
    <tag k="turn_direction" v="straight"/>
  </relation>
  <relation id="31959">
    <member type="way" role="left" ref="32486"/>
    <member type="way" role="right" ref="32488"/>
    <tag k="type" v="lanelet"/>
    <tag k="subtype" v="road"/>
    <tag k="speed_limit" v="8"/>
    <tag k="location" v="urban"/>
    <tag k="one_way" v="yes"/>
    <tag k="turn_direction" v="straight"/>
  </relation>
  <relation id="32129">
    <member type="way" role="left" ref="32517"/>
    <member type="way" role="right" ref="32518"/>
    <tag k="type" v="lanelet"/>
    <tag k="subtype" v="road"/>
    <tag k="speed_limit" v="5"/>
    <tag k="location" v="urban"/>
    <tag k="one_way" v="yes"/>
    <tag k="turn_direction" v="left"/>
  </relation>
  <relation id="32268">
    <member type="way" role="left" ref="32266"/>
    <member type="way" role="right" ref="32267"/>
    <tag k="type" v="lanelet"/>
    <tag k="subtype" v="road"/>
    <tag k="speed_limit" v="8"/>
    <tag k="location" v="urban"/>
    <tag k="one_way" v="yes"/>
    <tag k="turn_direction" v="straight"/>
  </relation>
  <relation id="32456">
    <member type="way" role="left" ref="32453"/>
    <member type="way" role="right" ref="32455"/>
    <tag k="type" v="lanelet"/>
    <tag k="subtype" v="road"/>
    <tag k="speed_limit" v="5"/>
    <tag k="location" v="urban"/>
    <tag k="one_way" v="yes"/>
    <tag k="turn_direction" v="right"/>
  </relation>
  <relation id="32483">
    <member type="way" role="left" ref="32507"/>
    <member type="way" role="right" ref="32509"/>
    <tag k="type" v="lanelet"/>
    <tag k="subtype" v="road"/>
    <tag k="speed_limit" v="8"/>
    <tag k="location" v="urban"/>
    <tag k="one_way" v="yes"/>
    <tag k="turn_direction" v="right"/>
  </relation>
  <relation id="32490">
    <member type="way" role="left" ref="32487"/>
    <member type="way" role="right" ref="32489"/>
    <tag k="type" v="lanelet"/>
    <tag k="subtype" v="road"/>
    <tag k="speed_limit" v="8"/>
    <tag k="location" v="urban"/>
    <tag k="one_way" v="yes"/>
    <tag k="turn_direction" v="straight"/>
  </relation>
  <relation id="32497">
    <member type="way" role="left" ref="32786"/>
    <member type="way" role="right" ref="32787"/>
    <tag k="type" v="lanelet"/>
    <tag k="subtype" v="road"/>
    <tag k="speed_limit" v="10"/>
    <tag k="location" v="urban"/>
    <tag k="one_way" v="yes"/>
    <tag k="turn_direction" v="straight"/>
  </relation>
  <relation id="32511">
    <member type="way" role="left" ref="32508"/>
    <member type="way" role="right" ref="32510"/>
    <tag k="type" v="lanelet"/>
    <tag k="subtype" v="road"/>
    <tag k="speed_limit" v="8"/>
    <tag k="location" v="urban"/>
    <tag k="one_way" v="yes"/>
    <tag k="turn_direction" v="straight"/>
  </relation>
  <relation id="32865">
    <member type="way" role="left" ref="32870"/>
    <member type="way" role="right" ref="32872"/>
    <tag k="type" v="lanelet"/>
    <tag k="subtype" v="road"/>
    <tag k="speed_limit" v="5"/>
    <tag k="location" v="urban"/>
    <tag k="one_way" v="yes"/>
    <tag k="turn_direction" v="left"/>
  </relation>
  <relation id="32874">
    <member type="way" role="left" ref="32871"/>
    <member type="way" role="right" ref="32873"/>
    <tag k="type" v="lanelet"/>
    <tag k="subtype" v="road"/>
    <tag k="speed_limit" v="8"/>
    <tag k="location" v="urban"/>
    <tag k="one_way" v="yes"/>
    <tag k="turn_direction" v="straight"/>
  </relation>
  <relation id="32992">
    <member type="way" role="left" ref="33126"/>
    <member type="way" role="right" ref="33127"/>
    <tag k="type" v="lanelet"/>
    <tag k="subtype" v="road"/>
    <tag k="speed_limit" v="5"/>
    <tag k="location" v="urban"/>
    <tag k="one_way" v="yes"/>
    <tag k="turn_direction" v="left"/>
  </relation>
  <relation id="33089">
    <member type="way" role="left" ref="33286"/>
    <member type="way" role="right" ref="33288"/>
    <tag k="type" v="lanelet"/>
    <tag k="subtype" v="road"/>
    <tag k="speed_limit" v="8"/>
    <tag k="location" v="urban"/>
    <tag k="one_way" v="yes"/>
    <tag k="turn_direction" v="straight"/>
  </relation>
  <relation id="33118">
    <member type="way" role="left" ref="33116"/>
    <member type="way" role="right" ref="33117"/>
    <tag k="type" v="lanelet"/>
    <tag k="subtype" v="road"/>
    <tag k="speed_limit" v="5"/>
    <tag k="location" v="urban"/>
    <tag k="one_way" v="yes"/>
    <tag k="turn_direction" v="left"/>
  </relation>
  <relation id="33125">
    <member type="way" role="left" ref="33122"/>
    <member type="way" role="right" ref="33124"/>
    <tag k="type" v="lanelet"/>
    <tag k="subtype" v="road"/>
    <tag k="speed_limit" v="8"/>
    <tag k="location" v="urban"/>
    <tag k="one_way" v="yes"/>
    <tag k="turn_direction" v="straight"/>
  </relation>
  <relation id="33152">
    <member type="way" role="left" ref="33155"/>
    <member type="way" role="right" ref="33156"/>
    <tag k="type" v="lanelet"/>
    <tag k="subtype" v="road"/>
    <tag k="speed_limit" v="3"/>
    <tag k="location" v="urban"/>
    <tag k="one_way" v="yes"/>
    <tag k="turn_direction" v="right"/>
  </relation>
  <relation id="33159">
    <member type="way" role="left" ref="33157"/>
    <member type="way" role="right" ref="33158"/>
    <tag k="type" v="lanelet"/>
    <tag k="subtype" v="road"/>
    <tag k="speed_limit" v="8"/>
    <tag k="location" v="urban"/>
    <tag k="one_way" v="yes"/>
    <tag k="turn_direction" v="straight"/>
  </relation>
  <relation id="33168">
    <member type="way" role="left" ref="33166"/>
    <member type="way" role="right" ref="33167"/>
    <tag k="type" v="lanelet"/>
    <tag k="subtype" v="road"/>
    <tag k="speed_limit" v="8"/>
    <tag k="location" v="urban"/>
    <tag k="one_way" v="yes"/>
    <tag k="turn_direction" v="straight"/>
  </relation>
  <relation id="33171">
    <member type="way" role="left" ref="33169"/>
    <member type="way" role="right" ref="33170"/>
    <tag k="type" v="lanelet"/>
    <tag k="subtype" v="road"/>
    <tag k="speed_limit" v="8"/>
    <tag k="location" v="urban"/>
    <tag k="one_way" v="yes"/>
    <tag k="turn_direction" v="straight"/>
  </relation>
  <relation id="33192">
    <member type="way" role="left" ref="45270"/>
    <member type="way" role="right" ref="45272"/>
    <tag k="type" v="lanelet"/>
    <tag k="subtype" v="road"/>
    <tag k="speed_limit" v="8"/>
    <tag k="location" v="urban"/>
    <tag k="one_way" v="yes"/>
    <tag k="turn_direction" v="straight"/>
  </relation>
  <relation id="33232">
    <member type="way" role="left" ref="33230"/>
    <member type="way" role="right" ref="33231"/>
    <tag k="type" v="lanelet"/>
    <tag k="subtype" v="road"/>
    <tag k="speed_limit" v="5"/>
    <tag k="location" v="urban"/>
    <tag k="one_way" v="yes"/>
    <tag k="turn_direction" v="left"/>
  </relation>
  <relation id="33270">
    <member type="way" role="left" ref="33267"/>
    <member type="way" role="right" ref="33269"/>
    <tag k="type" v="lanelet"/>
    <tag k="subtype" v="road"/>
    <tag k="speed_limit" v="8"/>
    <tag k="location" v="urban"/>
    <tag k="one_way" v="yes"/>
    <tag k="turn_direction" v="straight"/>
  </relation>
  <relation id="33280">
    <member type="way" role="left" ref="33278"/>
    <member type="way" role="right" ref="33279"/>
    <tag k="type" v="lanelet"/>
    <tag k="subtype" v="road"/>
    <tag k="speed_limit" v="8"/>
    <tag k="location" v="urban"/>
    <tag k="one_way" v="yes"/>
    <tag k="turn_direction" v="straight"/>
  </relation>
  <relation id="33283">
    <member type="way" role="left" ref="33281"/>
    <member type="way" role="right" ref="33282"/>
    <tag k="type" v="lanelet"/>
    <tag k="subtype" v="road"/>
    <tag k="speed_limit" v="8"/>
    <tag k="location" v="urban"/>
    <tag k="one_way" v="yes"/>
    <tag k="turn_direction" v="straight"/>
  </relation>
  <relation id="33290">
    <member type="way" role="left" ref="33287"/>
    <member type="way" role="right" ref="33289"/>
    <tag k="type" v="lanelet"/>
    <tag k="subtype" v="road"/>
    <tag k="speed_limit" v="8"/>
    <tag k="location" v="urban"/>
    <tag k="one_way" v="yes"/>
    <tag k="turn_direction" v="straight"/>
  </relation>
  <relation id="33479">
    <member type="way" role="left" ref="33485"/>
    <member type="way" role="right" ref="33487"/>
    <tag k="type" v="lanelet"/>
    <tag k="subtype" v="road"/>
    <tag k="speed_limit" v="8"/>
    <tag k="location" v="urban"/>
    <tag k="one_way" v="yes"/>
    <tag k="turn_direction" v="straight"/>
  </relation>
  <relation id="33496">
    <member type="way" role="left" ref="33493"/>
    <member type="way" role="right" ref="33495"/>
    <tag k="type" v="lanelet"/>
    <tag k="subtype" v="road"/>
    <tag k="speed_limit" v="5"/>
    <tag k="location" v="urban"/>
    <tag k="one_way" v="yes"/>
    <tag k="turn_direction" v="left"/>
  </relation>
  <relation id="33708">
    <member type="way" role="left" ref="33740"/>
    <member type="way" role="right" ref="33741"/>
    <tag k="type" v="lanelet"/>
    <tag k="subtype" v="road"/>
    <tag k="speed_limit" v="5"/>
    <tag k="location" v="urban"/>
    <tag k="one_way" v="yes"/>
    <tag k="turn_direction" v="left"/>
  </relation>
  <relation id="33919">
    <member type="way" role="left" ref="42344"/>
    <member type="way" role="right" ref="42345"/>
    <tag k="type" v="lanelet"/>
    <tag k="subtype" v="road"/>
    <tag k="speed_limit" v="8"/>
    <tag k="location" v="urban"/>
    <tag k="one_way" v="yes"/>
    <tag k="turn_direction" v="straight"/>
  </relation>
  <relation id="33952">
    <member type="way" role="left" ref="34705"/>
    <member type="way" role="right" ref="34706"/>
    <tag k="type" v="lanelet"/>
    <tag k="subtype" v="road"/>
    <tag k="speed_limit" v="5"/>
    <tag k="location" v="urban"/>
    <tag k="one_way" v="yes"/>
    <tag k="turn_direction" v="right"/>
  </relation>
  <relation id="34045">
    <member type="way" role="left" ref="39056"/>
    <member type="way" role="right" ref="39057"/>
    <tag k="type" v="lanelet"/>
    <tag k="subtype" v="road"/>
    <tag k="speed_limit" v="8"/>
    <tag k="location" v="urban"/>
    <tag k="one_way" v="yes"/>
    <tag k="turn_direction" v="straight"/>
  </relation>
  <relation id="34087">
    <member type="way" role="left" ref="39060"/>
    <member type="way" role="right" ref="39062"/>
    <tag k="type" v="lanelet"/>
    <tag k="subtype" v="road"/>
    <tag k="speed_limit" v="8"/>
    <tag k="location" v="urban"/>
    <tag k="one_way" v="yes"/>
    <tag k="turn_direction" v="right"/>
  </relation>
  <relation id="34426">
    <member type="way" role="left" ref="40442"/>
    <member type="way" role="right" ref="40444"/>
    <tag k="type" v="lanelet"/>
    <tag k="subtype" v="road"/>
    <tag k="speed_limit" v="8"/>
    <tag k="location" v="urban"/>
    <tag k="one_way" v="yes"/>
    <tag k="turn_direction" v="straight"/>
  </relation>
  <relation id="34531">
    <member type="way" role="left" ref="38936"/>
    <member type="way" role="right" ref="38937"/>
    <tag k="type" v="lanelet"/>
    <tag k="subtype" v="road"/>
    <tag k="speed_limit" v="8"/>
    <tag k="location" v="urban"/>
    <tag k="one_way" v="yes"/>
    <tag k="turn_direction" v="straight"/>
  </relation>
  <relation id="34687">
    <member type="way" role="left" ref="34686"/>
    <member type="way" role="right" ref="34683"/>
    <tag k="type" v="lanelet"/>
    <tag k="subtype" v="road"/>
    <tag k="speed_limit" v="8"/>
    <tag k="location" v="urban"/>
    <tag k="one_way" v="yes"/>
    <tag k="turn_direction" v="straight"/>
  </relation>
  <relation id="34720">
    <member type="way" role="left" ref="35067"/>
    <member type="way" role="right" ref="35068"/>
    <tag k="type" v="lanelet"/>
    <tag k="subtype" v="road"/>
    <tag k="speed_limit" v="8"/>
    <tag k="location" v="urban"/>
    <tag k="one_way" v="yes"/>
    <tag k="turn_direction" v="straight"/>
  </relation>
  <relation id="34723">
    <member type="way" role="left" ref="34721"/>
    <member type="way" role="right" ref="34722"/>
    <tag k="type" v="lanelet"/>
    <tag k="subtype" v="road"/>
    <tag k="speed_limit" v="8"/>
    <tag k="location" v="urban"/>
    <tag k="one_way" v="yes"/>
    <tag k="turn_direction" v="straight"/>
  </relation>
  <relation id="34754">
    <member type="way" role="left" ref="34864"/>
    <member type="way" role="right" ref="34866"/>
    <tag k="type" v="lanelet"/>
    <tag k="subtype" v="road"/>
    <tag k="speed_limit" v="8"/>
    <tag k="location" v="urban"/>
    <tag k="one_way" v="yes"/>
    <tag k="turn_direction" v="straight"/>
  </relation>
  <relation id="35105">
    <member type="way" role="left" ref="35102"/>
    <member type="way" role="right" ref="35104"/>
    <tag k="type" v="lanelet"/>
    <tag k="subtype" v="road"/>
    <tag k="speed_limit" v="8"/>
    <tag k="location" v="urban"/>
    <tag k="one_way" v="yes"/>
    <tag k="turn_direction" v="straight"/>
  </relation>
  <relation id="35108">
    <member type="way" role="left" ref="35106"/>
    <member type="way" role="right" ref="35107"/>
    <tag k="type" v="lanelet"/>
    <tag k="subtype" v="road"/>
    <tag k="speed_limit" v="8"/>
    <tag k="location" v="urban"/>
    <tag k="one_way" v="yes"/>
    <tag k="turn_direction" v="straight"/>
  </relation>
  <relation id="35202">
    <member type="way" role="left" ref="35199"/>
    <member type="way" role="right" ref="35201"/>
    <tag k="type" v="lanelet"/>
    <tag k="subtype" v="road"/>
    <tag k="speed_limit" v="8"/>
    <tag k="location" v="urban"/>
    <tag k="one_way" v="yes"/>
    <tag k="turn_direction" v="straight"/>
  </relation>
  <relation id="35339">
    <member type="way" role="left" ref="39003"/>
    <member type="way" role="right" ref="39004"/>
    <tag k="type" v="lanelet"/>
    <tag k="subtype" v="road"/>
    <tag k="speed_limit" v="8"/>
    <tag k="location" v="urban"/>
    <tag k="one_way" v="yes"/>
    <tag k="turn_direction" v="straight"/>
  </relation>
  <relation id="35346">
    <member type="way" role="left" ref="35343"/>
    <member type="way" role="right" ref="35345"/>
    <tag k="type" v="lanelet"/>
    <tag k="subtype" v="road"/>
    <tag k="speed_limit" v="8"/>
    <tag k="location" v="urban"/>
    <tag k="one_way" v="yes"/>
    <tag k="turn_direction" v="straight"/>
  </relation>
  <relation id="35353">
    <member type="way" role="left" ref="35413"/>
    <member type="way" role="right" ref="35414"/>
    <tag k="type" v="lanelet"/>
    <tag k="subtype" v="road"/>
    <tag k="speed_limit" v="8"/>
    <tag k="location" v="urban"/>
    <tag k="one_way" v="yes"/>
    <tag k="turn_direction" v="straight"/>
  </relation>
  <relation id="35624">
    <member type="way" role="left" ref="38535"/>
    <member type="way" role="right" ref="38536"/>
    <tag k="type" v="lanelet"/>
    <tag k="subtype" v="road"/>
    <tag k="speed_limit" v="8"/>
    <tag k="location" v="urban"/>
    <tag k="one_way" v="yes"/>
    <tag k="turn_direction" v="straight"/>
  </relation>
  <relation id="35641">
    <member type="way" role="left" ref="35652"/>
    <member type="way" role="right" ref="35653"/>
    <tag k="type" v="lanelet"/>
    <tag k="subtype" v="road"/>
    <tag k="speed_limit" v="8"/>
    <tag k="location" v="urban"/>
    <tag k="one_way" v="yes"/>
    <tag k="turn_direction" v="straight"/>
  </relation>
  <relation id="35732">
    <member type="way" role="left" ref="44740"/>
    <member type="way" role="right" ref="44742"/>
    <tag k="type" v="lanelet"/>
    <tag k="subtype" v="road"/>
    <tag k="speed_limit" v="8"/>
    <tag k="location" v="urban"/>
    <tag k="one_way" v="yes"/>
    <tag k="turn_direction" v="straight"/>
  </relation>
  <relation id="36296">
    <member type="way" role="left" ref="36299"/>
    <member type="way" role="right" ref="36301"/>
    <tag k="type" v="lanelet"/>
    <tag k="subtype" v="road"/>
    <tag k="speed_limit" v="8"/>
    <tag k="location" v="urban"/>
    <tag k="one_way" v="yes"/>
    <tag k="turn_direction" v="straight"/>
  </relation>
  <relation id="36303">
    <member type="way" role="left" ref="36300"/>
    <member type="way" role="right" ref="36302"/>
    <tag k="type" v="lanelet"/>
    <tag k="subtype" v="road"/>
    <tag k="speed_limit" v="8"/>
    <tag k="location" v="urban"/>
    <tag k="one_way" v="yes"/>
    <tag k="turn_direction" v="straight"/>
  </relation>
  <relation id="36875">
    <member type="way" role="left" ref="43848"/>
    <member type="way" role="right" ref="43850"/>
    <tag k="type" v="lanelet"/>
    <tag k="subtype" v="road"/>
    <tag k="speed_limit" v="8"/>
    <tag k="location" v="urban"/>
    <tag k="one_way" v="yes"/>
    <tag k="turn_direction" v="straight"/>
  </relation>
  <relation id="37118">
    <member type="way" role="left" ref="37131"/>
    <member type="way" role="right" ref="37132"/>
    <tag k="type" v="lanelet"/>
    <tag k="subtype" v="road"/>
    <tag k="speed_limit" v="8"/>
    <tag k="location" v="urban"/>
    <tag k="one_way" v="yes"/>
    <tag k="turn_direction" v="straight"/>
  </relation>
  <relation id="37888">
    <member type="way" role="left" ref="39367"/>
    <member type="way" role="right" ref="39369"/>
    <tag k="type" v="lanelet"/>
    <tag k="subtype" v="road"/>
    <tag k="speed_limit" v="8"/>
    <tag k="location" v="urban"/>
    <tag k="one_way" v="yes"/>
    <tag k="turn_direction" v="straight"/>
  </relation>
  <relation id="37927">
    <member type="way" role="left" ref="39207"/>
    <member type="way" role="right" ref="39209"/>
    <tag k="type" v="lanelet"/>
    <tag k="subtype" v="road"/>
    <tag k="speed_limit" v="6"/>
    <tag k="location" v="urban"/>
    <tag k="one_way" v="yes"/>
    <tag k="turn_direction" v="straight"/>
  </relation>
  <relation id="37934">
    <member type="way" role="left" ref="37932"/>
    <member type="way" role="right" ref="37933"/>
    <tag k="type" v="lanelet"/>
    <tag k="subtype" v="road"/>
    <tag k="speed_limit" v="6"/>
    <tag k="location" v="urban"/>
    <tag k="one_way" v="yes"/>
    <tag k="turn_direction" v="straight"/>
  </relation>
  <relation id="38035">
    <member type="way" role="left" ref="38033"/>
    <member type="way" role="right" ref="38034"/>
    <tag k="type" v="lanelet"/>
    <tag k="subtype" v="road"/>
    <tag k="speed_limit" v="5"/>
    <tag k="location" v="urban"/>
    <tag k="one_way" v="yes"/>
    <tag k="turn_direction" v="left"/>
  </relation>
  <relation id="38056">
    <member type="way" role="left" ref="42848"/>
    <member type="way" role="right" ref="42850"/>
    <tag k="type" v="lanelet"/>
    <tag k="subtype" v="road"/>
    <tag k="speed_limit" v="8"/>
    <tag k="location" v="urban"/>
    <tag k="one_way" v="yes"/>
    <tag k="turn_direction" v="straight"/>
  </relation>
  <relation id="38074">
    <member type="way" role="left" ref="42841"/>
    <member type="way" role="right" ref="42843"/>
    <tag k="type" v="lanelet"/>
    <tag k="subtype" v="road"/>
    <tag k="speed_limit" v="8"/>
    <tag k="location" v="urban"/>
    <tag k="one_way" v="yes"/>
    <tag k="turn_direction" v="straight"/>
  </relation>
  <relation id="38199">
    <member type="way" role="left" ref="38196"/>
    <member type="way" role="right" ref="38198"/>
    <tag k="type" v="lanelet"/>
    <tag k="subtype" v="road"/>
    <tag k="speed_limit" v="5"/>
    <tag k="location" v="urban"/>
    <tag k="one_way" v="yes"/>
    <tag k="turn_direction" v="right"/>
  </relation>
  <relation id="38385">
    <member type="way" role="left" ref="38416"/>
    <member type="way" role="right" ref="38417"/>
    <tag k="type" v="lanelet"/>
    <tag k="subtype" v="road"/>
    <tag k="speed_limit" v="5"/>
    <tag k="location" v="urban"/>
    <tag k="one_way" v="yes"/>
    <tag k="turn_direction" v="right"/>
  </relation>
  <relation id="38438">
    <member type="way" role="left" ref="38491"/>
    <member type="way" role="right" ref="38492"/>
    <tag k="type" v="lanelet"/>
    <tag k="subtype" v="road"/>
    <tag k="speed_limit" v="8"/>
    <tag k="location" v="urban"/>
    <tag k="one_way" v="yes"/>
    <tag k="turn_direction" v="straight"/>
  </relation>
  <relation id="38499">
    <member type="way" role="left" ref="42547"/>
    <member type="way" role="right" ref="42548"/>
    <tag k="type" v="lanelet"/>
    <tag k="subtype" v="road"/>
    <tag k="speed_limit" v="8"/>
    <tag k="location" v="urban"/>
    <tag k="one_way" v="yes"/>
    <tag k="turn_direction" v="straight"/>
  </relation>
  <relation id="38531">
    <member type="way" role="left" ref="38680"/>
    <member type="way" role="right" ref="38682"/>
    <tag k="type" v="lanelet"/>
    <tag k="subtype" v="road"/>
    <tag k="speed_limit" v="8"/>
    <tag k="location" v="urban"/>
    <tag k="one_way" v="yes"/>
    <tag k="turn_direction" v="straight"/>
  </relation>
  <relation id="38881">
    <member type="way" role="left" ref="38916"/>
    <member type="way" role="right" ref="38917"/>
    <tag k="type" v="lanelet"/>
    <tag k="subtype" v="road"/>
    <tag k="speed_limit" v="8"/>
    <tag k="location" v="urban"/>
    <tag k="one_way" v="yes"/>
    <tag k="turn_direction" v="straight"/>
  </relation>
  <relation id="38912">
    <member type="way" role="left" ref="44317"/>
    <member type="way" role="right" ref="44319"/>
    <tag k="type" v="lanelet"/>
    <tag k="subtype" v="road"/>
    <tag k="speed_limit" v="8"/>
    <tag k="location" v="urban"/>
    <tag k="one_way" v="yes"/>
    <tag k="turn_direction" v="left"/>
  </relation>
  <relation id="39027">
    <member type="way" role="left" ref="39025"/>
    <member type="way" role="right" ref="39026"/>
    <tag k="type" v="lanelet"/>
    <tag k="subtype" v="road"/>
    <tag k="speed_limit" v="8"/>
    <tag k="location" v="urban"/>
    <tag k="one_way" v="yes"/>
    <tag k="turn_direction" v="right"/>
  </relation>
  <relation id="39083">
    <member type="way" role="left" ref="39081"/>
    <member type="way" role="right" ref="39082"/>
    <tag k="type" v="lanelet"/>
    <tag k="subtype" v="road"/>
    <tag k="speed_limit" v="8"/>
    <tag k="location" v="urban"/>
    <tag k="one_way" v="yes"/>
    <tag k="turn_direction" v="right"/>
  </relation>
  <relation id="39132">
    <member type="way" role="left" ref="39130"/>
    <member type="way" role="right" ref="39131"/>
    <tag k="type" v="lanelet"/>
    <tag k="subtype" v="road"/>
    <tag k="speed_limit" v="8"/>
    <tag k="location" v="urban"/>
    <tag k="one_way" v="yes"/>
    <tag k="turn_direction" v="right"/>
  </relation>
  <relation id="39193">
    <member type="way" role="left" ref="42247"/>
    <member type="way" role="right" ref="42249"/>
    <tag k="type" v="lanelet"/>
    <tag k="subtype" v="road"/>
    <tag k="speed_limit" v="5"/>
    <tag k="location" v="urban"/>
    <tag k="one_way" v="yes"/>
    <tag k="turn_direction" v="right"/>
  </relation>
  <relation id="39337">
    <member type="way" role="left" ref="39335"/>
    <member type="way" role="right" ref="39336"/>
    <tag k="type" v="lanelet"/>
    <tag k="subtype" v="road"/>
    <tag k="speed_limit" v="5"/>
    <tag k="location" v="urban"/>
    <tag k="one_way" v="yes"/>
    <tag k="turn_direction" v="left"/>
  </relation>
  <relation id="39879">
    <member type="way" role="left" ref="45029"/>
    <member type="way" role="right" ref="45031"/>
    <tag k="type" v="lanelet"/>
    <tag k="subtype" v="road"/>
    <tag k="speed_limit" v="8"/>
    <tag k="location" v="urban"/>
    <tag k="one_way" v="yes"/>
    <tag k="turn_direction" v="straight"/>
  </relation>
  <relation id="40112">
    <member type="way" role="left" ref="40109"/>
    <member type="way" role="right" ref="40111"/>
    <tag k="type" v="lanelet"/>
    <tag k="subtype" v="road"/>
    <tag k="speed_limit" v="8"/>
    <tag k="location" v="urban"/>
    <tag k="one_way" v="yes"/>
    <tag k="turn_direction" v="straight"/>
  </relation>
  <relation id="40171">
    <member type="way" role="left" ref="40168"/>
    <member type="way" role="right" ref="40170"/>
    <tag k="type" v="lanelet"/>
    <tag k="subtype" v="road"/>
    <tag k="speed_limit" v="8"/>
    <tag k="location" v="urban"/>
    <tag k="one_way" v="yes"/>
    <tag k="turn_direction" v="right"/>
  </relation>
  <relation id="40202">
    <member type="way" role="left" ref="40200"/>
    <member type="way" role="right" ref="40201"/>
    <tag k="type" v="lanelet"/>
    <tag k="subtype" v="road"/>
    <tag k="speed_limit" v="8"/>
    <tag k="location" v="urban"/>
    <tag k="one_way" v="yes"/>
    <tag k="turn_direction" v="right"/>
  </relation>
  <relation id="40322">
    <member type="way" role="left" ref="40320"/>
    <member type="way" role="right" ref="40321"/>
    <tag k="type" v="lanelet"/>
    <tag k="subtype" v="road"/>
    <tag k="speed_limit" v="8"/>
    <tag k="location" v="urban"/>
    <tag k="one_way" v="yes"/>
    <tag k="turn_direction" v="straight"/>
  </relation>
  <relation id="40331">
    <member type="way" role="left" ref="40329"/>
    <member type="way" role="right" ref="40330"/>
    <tag k="type" v="lanelet"/>
    <tag k="subtype" v="road"/>
    <tag k="speed_limit" v="8"/>
    <tag k="location" v="urban"/>
    <tag k="one_way" v="yes"/>
    <tag k="turn_direction" v="straight"/>
  </relation>
  <relation id="40340">
    <member type="way" role="left" ref="42046"/>
    <member type="way" role="right" ref="42047"/>
    <tag k="type" v="lanelet"/>
    <tag k="subtype" v="road"/>
    <tag k="speed_limit" v="8"/>
    <tag k="location" v="urban"/>
    <tag k="one_way" v="yes"/>
    <tag k="turn_direction" v="straight"/>
  </relation>
  <relation id="40343">
    <member type="way" role="left" ref="42018"/>
    <member type="way" role="right" ref="42020"/>
    <tag k="type" v="lanelet"/>
    <tag k="subtype" v="road"/>
    <tag k="speed_limit" v="8"/>
    <tag k="location" v="urban"/>
    <tag k="one_way" v="yes"/>
    <tag k="turn_direction" v="straight"/>
  </relation>
  <relation id="40346">
    <member type="way" role="left" ref="42123"/>
    <member type="way" role="right" ref="42125"/>
    <tag k="type" v="lanelet"/>
    <tag k="subtype" v="road"/>
    <tag k="speed_limit" v="8"/>
    <tag k="location" v="urban"/>
    <tag k="one_way" v="yes"/>
  </relation>
  <relation id="40380">
    <member type="way" role="left" ref="40422"/>
    <member type="way" role="right" ref="40424"/>
    <tag k="type" v="lanelet"/>
    <tag k="subtype" v="road"/>
    <tag k="speed_limit" v="5"/>
    <tag k="location" v="urban"/>
    <tag k="one_way" v="yes"/>
    <tag k="turn_direction" v="right"/>
  </relation>
  <relation id="40419">
    <member type="way" role="left" ref="45417"/>
    <member type="way" role="right" ref="45418"/>
    <tag k="type" v="lanelet"/>
    <tag k="subtype" v="road"/>
    <tag k="speed_limit" v="5"/>
    <tag k="location" v="urban"/>
    <tag k="one_way" v="yes"/>
    <tag k="turn_direction" v="right"/>
  </relation>
  <relation id="40439">
    <member type="way" role="left" ref="40437"/>
    <member type="way" role="right" ref="40438"/>
    <tag k="type" v="lanelet"/>
    <tag k="subtype" v="road"/>
    <tag k="speed_limit" v="5"/>
    <tag k="location" v="urban"/>
    <tag k="one_way" v="yes"/>
    <tag k="turn_direction" v="right"/>
  </relation>
  <relation id="40469">
    <member type="way" role="left" ref="40467"/>
    <member type="way" role="right" ref="40468"/>
    <tag k="type" v="lanelet"/>
    <tag k="subtype" v="road"/>
    <tag k="speed_limit" v="8"/>
    <tag k="location" v="urban"/>
    <tag k="one_way" v="yes"/>
    <tag k="turn_direction" v="left"/>
  </relation>
  <relation id="40472">
    <member type="way" role="left" ref="40470"/>
    <member type="way" role="right" ref="40471"/>
    <tag k="type" v="lanelet"/>
    <tag k="subtype" v="road"/>
    <tag k="speed_limit" v="8"/>
    <tag k="location" v="urban"/>
    <tag k="one_way" v="yes"/>
    <tag k="turn_direction" v="straight"/>
  </relation>
  <relation id="40488">
    <member type="way" role="left" ref="40486"/>
    <member type="way" role="right" ref="40487"/>
    <tag k="type" v="lanelet"/>
    <tag k="subtype" v="road"/>
    <tag k="speed_limit" v="5"/>
    <tag k="location" v="urban"/>
    <tag k="one_way" v="yes"/>
    <tag k="turn_direction" v="left"/>
  </relation>
  <relation id="40507">
    <member type="way" role="left" ref="40505"/>
    <member type="way" role="right" ref="40506"/>
    <tag k="type" v="lanelet"/>
    <tag k="subtype" v="road"/>
    <tag k="speed_limit" v="8"/>
    <tag k="location" v="urban"/>
    <tag k="one_way" v="yes"/>
    <tag k="turn_direction" v="straight"/>
  </relation>
  <relation id="40514">
    <member type="way" role="left" ref="40511"/>
    <member type="way" role="right" ref="40513"/>
    <tag k="type" v="lanelet"/>
    <tag k="subtype" v="road"/>
    <tag k="speed_limit" v="5"/>
    <tag k="location" v="urban"/>
    <tag k="one_way" v="yes"/>
    <tag k="turn_direction" v="right"/>
  </relation>
  <relation id="40517">
    <member type="way" role="left" ref="40515"/>
    <member type="way" role="right" ref="40516"/>
    <tag k="type" v="lanelet"/>
    <tag k="subtype" v="road"/>
    <tag k="speed_limit" v="8"/>
    <tag k="location" v="urban"/>
    <tag k="one_way" v="yes"/>
    <tag k="turn_direction" v="straight"/>
  </relation>
  <relation id="40528">
    <member type="way" role="left" ref="40526"/>
    <member type="way" role="right" ref="40527"/>
    <tag k="type" v="lanelet"/>
    <tag k="subtype" v="road"/>
    <tag k="speed_limit" v="5"/>
    <tag k="location" v="urban"/>
    <tag k="one_way" v="yes"/>
    <tag k="turn_direction" v="right"/>
  </relation>
  <relation id="40596">
    <member type="way" role="left" ref="40593"/>
    <member type="way" role="right" ref="40595"/>
    <tag k="type" v="lanelet"/>
    <tag k="subtype" v="road"/>
    <tag k="speed_limit" v="8"/>
    <tag k="location" v="urban"/>
    <tag k="one_way" v="yes"/>
    <tag k="turn_direction" v="straight"/>
  </relation>
  <relation id="40655">
    <member type="way" role="left" ref="40653"/>
    <member type="way" role="right" ref="40654"/>
    <tag k="type" v="lanelet"/>
    <tag k="subtype" v="road"/>
    <tag k="speed_limit" v="8"/>
    <tag k="location" v="urban"/>
    <tag k="one_way" v="yes"/>
    <tag k="turn_direction" v="left"/>
  </relation>
  <relation id="40658">
    <member type="way" role="left" ref="40656"/>
    <member type="way" role="right" ref="40657"/>
    <tag k="type" v="lanelet"/>
    <tag k="subtype" v="road"/>
    <tag k="speed_limit" v="8"/>
    <tag k="location" v="urban"/>
    <tag k="one_way" v="yes"/>
    <tag k="turn_direction" v="straight"/>
  </relation>
  <relation id="40754">
    <member type="way" role="left" ref="40864"/>
    <member type="way" role="right" ref="40865"/>
    <tag k="type" v="lanelet"/>
    <tag k="subtype" v="road"/>
    <tag k="speed_limit" v="5"/>
    <tag k="location" v="urban"/>
    <tag k="one_way" v="yes"/>
    <tag k="turn_direction" v="right"/>
  </relation>
  <relation id="40761">
    <member type="way" role="left" ref="40758"/>
    <member type="way" role="right" ref="40760"/>
    <tag k="type" v="lanelet"/>
    <tag k="subtype" v="road"/>
    <tag k="speed_limit" v="8"/>
    <tag k="location" v="urban"/>
    <tag k="one_way" v="yes"/>
    <tag k="turn_direction" v="straight"/>
  </relation>
  <relation id="40840">
    <member type="way" role="left" ref="40837"/>
    <member type="way" role="right" ref="40839"/>
    <tag k="type" v="lanelet"/>
    <tag k="subtype" v="road"/>
    <tag k="speed_limit" v="5"/>
    <tag k="location" v="urban"/>
    <tag k="one_way" v="yes"/>
    <tag k="turn_direction" v="right"/>
  </relation>
  <relation id="40853">
    <member type="way" role="left" ref="40851"/>
    <member type="way" role="right" ref="40852"/>
    <tag k="type" v="lanelet"/>
    <tag k="subtype" v="road"/>
    <tag k="speed_limit" v="5"/>
    <tag k="location" v="urban"/>
    <tag k="one_way" v="yes"/>
    <tag k="turn_direction" v="right"/>
  </relation>
  <relation id="40856">
    <member type="way" role="left" ref="40854"/>
    <member type="way" role="right" ref="40855"/>
    <tag k="type" v="lanelet"/>
    <tag k="subtype" v="road"/>
    <tag k="speed_limit" v="8"/>
    <tag k="location" v="urban"/>
    <tag k="one_way" v="yes"/>
    <tag k="turn_direction" v="straight"/>
  </relation>
  <relation id="40863">
    <member type="way" role="left" ref="40860"/>
    <member type="way" role="right" ref="40862"/>
    <tag k="type" v="lanelet"/>
    <tag k="subtype" v="road"/>
    <tag k="speed_limit" v="5"/>
    <tag k="location" v="urban"/>
    <tag k="one_way" v="yes"/>
    <tag k="turn_direction" v="right"/>
  </relation>
  <relation id="40880">
    <member type="way" role="left" ref="40878"/>
    <member type="way" role="right" ref="40879"/>
    <tag k="type" v="lanelet"/>
    <tag k="subtype" v="road"/>
    <tag k="speed_limit" v="5"/>
    <tag k="location" v="urban"/>
    <tag k="one_way" v="yes"/>
    <tag k="turn_direction" v="right"/>
  </relation>
  <relation id="41035">
    <member type="way" role="left" ref="41032"/>
    <member type="way" role="right" ref="41034"/>
    <tag k="type" v="lanelet"/>
    <tag k="subtype" v="road"/>
    <tag k="speed_limit" v="8"/>
    <tag k="location" v="urban"/>
    <tag k="one_way" v="yes"/>
    <tag k="turn_direction" v="straight"/>
  </relation>
  <relation id="41152">
    <member type="way" role="left" ref="41378"/>
    <member type="way" role="right" ref="41380"/>
    <tag k="type" v="lanelet"/>
    <tag k="subtype" v="road"/>
    <tag k="speed_limit" v="8"/>
    <tag k="location" v="urban"/>
    <tag k="one_way" v="yes"/>
  </relation>
  <relation id="41165">
    <member type="way" role="left" ref="41163"/>
    <member type="way" role="right" ref="41164"/>
    <tag k="type" v="lanelet"/>
    <tag k="subtype" v="road"/>
    <tag k="speed_limit" v="8"/>
    <tag k="location" v="urban"/>
    <tag k="one_way" v="yes"/>
  </relation>
  <relation id="41251">
    <member type="way" role="left" ref="41249"/>
    <member type="way" role="right" ref="41250"/>
    <tag k="type" v="lanelet"/>
    <tag k="subtype" v="road"/>
    <tag k="speed_limit" v="8"/>
    <tag k="location" v="urban"/>
    <tag k="one_way" v="yes"/>
    <tag k="turn_direction" v="straight"/>
  </relation>
  <relation id="41258">
    <member type="way" role="left" ref="41255"/>
    <member type="way" role="right" ref="41257"/>
    <tag k="type" v="lanelet"/>
    <tag k="subtype" v="road"/>
    <tag k="speed_limit" v="8"/>
    <tag k="location" v="urban"/>
    <tag k="one_way" v="yes"/>
    <tag k="turn_direction" v="straight"/>
  </relation>
  <relation id="41261">
    <member type="way" role="left" ref="43853"/>
    <member type="way" role="right" ref="43854"/>
    <tag k="type" v="lanelet"/>
    <tag k="subtype" v="road"/>
    <tag k="speed_limit" v="8"/>
    <tag k="location" v="urban"/>
    <tag k="one_way" v="yes"/>
  </relation>
  <relation id="41264">
    <member type="way" role="left" ref="41262"/>
    <member type="way" role="right" ref="41263"/>
    <tag k="type" v="lanelet"/>
    <tag k="subtype" v="road"/>
    <tag k="speed_limit" v="8"/>
    <tag k="location" v="urban"/>
    <tag k="one_way" v="yes"/>
  </relation>
  <relation id="41382">
    <member type="way" role="left" ref="41379"/>
    <member type="way" role="right" ref="41381"/>
    <tag k="type" v="lanelet"/>
    <tag k="subtype" v="road"/>
    <tag k="speed_limit" v="8"/>
    <tag k="location" v="urban"/>
    <tag k="one_way" v="yes"/>
  </relation>
  <relation id="41400">
    <member type="way" role="left" ref="44853"/>
    <member type="way" role="right" ref="44854"/>
    <tag k="type" v="lanelet"/>
    <tag k="subtype" v="road"/>
    <tag k="speed_limit" v="8"/>
    <tag k="location" v="urban"/>
    <tag k="one_way" v="no"/>
    <tag k="turn_direction" v="straight"/>
  </relation>
  <relation id="41430">
    <member type="way" role="left" ref="41428"/>
    <member type="way" role="right" ref="41429"/>
    <tag k="type" v="lanelet"/>
    <tag k="subtype" v="road"/>
    <tag k="speed_limit" v="8"/>
    <tag k="location" v="urban"/>
    <tag k="one_way" v="yes"/>
  </relation>
  <relation id="41449">
    <member type="way" role="left" ref="41447"/>
    <member type="way" role="right" ref="41448"/>
    <tag k="type" v="lanelet"/>
    <tag k="subtype" v="road"/>
    <tag k="speed_limit" v="8"/>
    <tag k="location" v="urban"/>
    <tag k="one_way" v="yes"/>
  </relation>
  <relation id="41663">
    <member type="way" role="left" ref="41699"/>
    <member type="way" role="right" ref="41701"/>
    <tag k="type" v="lanelet"/>
    <tag k="subtype" v="road"/>
    <tag k="speed_limit" v="5"/>
    <tag k="location" v="urban"/>
    <tag k="one_way" v="yes"/>
    <tag k="turn_direction" v="right"/>
  </relation>
  <relation id="41678">
    <member type="way" role="left" ref="41676"/>
    <member type="way" role="right" ref="41677"/>
    <tag k="type" v="lanelet"/>
    <tag k="subtype" v="road"/>
    <tag k="speed_limit" v="5"/>
    <tag k="location" v="urban"/>
    <tag k="one_way" v="yes"/>
    <tag k="turn_direction" v="right"/>
  </relation>
  <relation id="41703">
    <member type="way" role="left" ref="41961"/>
    <member type="way" role="right" ref="41963"/>
    <tag k="type" v="lanelet"/>
    <tag k="subtype" v="road"/>
    <tag k="speed_limit" v="5"/>
    <tag k="location" v="urban"/>
    <tag k="one_way" v="yes"/>
    <tag k="turn_direction" v="right"/>
  </relation>
  <relation id="41722">
    <member type="way" role="left" ref="41725"/>
    <member type="way" role="right" ref="41727"/>
    <tag k="type" v="lanelet"/>
    <tag k="subtype" v="road"/>
    <tag k="speed_limit" v="8"/>
    <tag k="location" v="urban"/>
    <tag k="one_way" v="yes"/>
    <tag k="turn_direction" v="straight"/>
  </relation>
  <relation id="41729">
    <member type="way" role="left" ref="41726"/>
    <member type="way" role="right" ref="41728"/>
    <tag k="type" v="lanelet"/>
    <tag k="subtype" v="road"/>
    <tag k="speed_limit" v="5"/>
    <tag k="location" v="urban"/>
    <tag k="one_way" v="yes"/>
    <tag k="turn_direction" v="right"/>
  </relation>
  <relation id="41818">
    <member type="way" role="left" ref="41816"/>
    <member type="way" role="right" ref="41817"/>
    <tag k="type" v="lanelet"/>
    <tag k="subtype" v="road"/>
    <tag k="speed_limit" v="8"/>
    <tag k="location" v="urban"/>
    <tag k="one_way" v="yes"/>
  </relation>
  <relation id="41837">
    <member type="way" role="left" ref="41835"/>
    <member type="way" role="right" ref="41836"/>
    <tag k="type" v="lanelet"/>
    <tag k="subtype" v="road"/>
    <tag k="speed_limit" v="8"/>
    <tag k="location" v="urban"/>
    <tag k="one_way" v="yes"/>
  </relation>
  <relation id="41865">
    <member type="way" role="left" ref="41868"/>
    <member type="way" role="right" ref="41869"/>
    <tag k="type" v="lanelet"/>
    <tag k="subtype" v="road"/>
    <tag k="speed_limit" v="5"/>
    <tag k="location" v="urban"/>
    <tag k="one_way" v="yes"/>
    <tag k="turn_direction" v="right"/>
  </relation>
  <relation id="41915">
    <member type="way" role="left" ref="41913"/>
    <member type="way" role="right" ref="41914"/>
    <tag k="type" v="lanelet"/>
    <tag k="subtype" v="road"/>
    <tag k="speed_limit" v="8"/>
    <tag k="location" v="urban"/>
    <tag k="one_way" v="yes"/>
    <tag k="turn_direction" v="straight"/>
  </relation>
  <relation id="41958">
    <member type="way" role="left" ref="41955"/>
    <member type="way" role="right" ref="41957"/>
    <tag k="type" v="lanelet"/>
    <tag k="subtype" v="road"/>
    <tag k="speed_limit" v="8"/>
    <tag k="location" v="urban"/>
    <tag k="one_way" v="yes"/>
    <tag k="turn_direction" v="straight"/>
  </relation>
  <relation id="41980">
    <member type="way" role="left" ref="41978"/>
    <member type="way" role="right" ref="41979"/>
    <tag k="type" v="lanelet"/>
    <tag k="subtype" v="road"/>
    <tag k="speed_limit" v="5"/>
    <tag k="location" v="urban"/>
    <tag k="one_way" v="yes"/>
    <tag k="turn_direction" v="right"/>
  </relation>
  <relation id="41989">
    <member type="way" role="left" ref="41990"/>
    <member type="way" role="right" ref="41991"/>
    <tag k="type" v="lanelet"/>
    <tag k="subtype" v="road"/>
    <tag k="speed_limit" v="5"/>
    <tag k="location" v="urban"/>
    <tag k="one_way" v="yes"/>
    <tag k="turn_direction" v="left"/>
  </relation>
  <relation id="42029">
    <member type="way" role="left" ref="42026"/>
    <member type="way" role="right" ref="42028"/>
    <tag k="type" v="lanelet"/>
    <tag k="subtype" v="road"/>
    <tag k="speed_limit" v="8"/>
    <tag k="location" v="urban"/>
    <tag k="one_way" v="yes"/>
    <tag k="turn_direction" v="straight"/>
  </relation>
  <relation id="42036">
    <member type="way" role="left" ref="42033"/>
    <member type="way" role="right" ref="42035"/>
    <tag k="type" v="lanelet"/>
    <tag k="subtype" v="road"/>
    <tag k="speed_limit" v="5"/>
    <tag k="location" v="urban"/>
    <tag k="one_way" v="yes"/>
    <tag k="turn_direction" v="left"/>
  </relation>
  <relation id="42039">
    <member type="way" role="left" ref="42037"/>
    <member type="way" role="right" ref="42038"/>
    <tag k="type" v="lanelet"/>
    <tag k="subtype" v="road"/>
    <tag k="speed_limit" v="5"/>
    <tag k="location" v="urban"/>
    <tag k="one_way" v="yes"/>
    <tag k="turn_direction" v="left"/>
  </relation>
  <relation id="42042">
    <member type="way" role="left" ref="42040"/>
    <member type="way" role="right" ref="42041"/>
    <tag k="type" v="lanelet"/>
    <tag k="subtype" v="road"/>
    <tag k="speed_limit" v="8"/>
    <tag k="location" v="urban"/>
    <tag k="one_way" v="yes"/>
  </relation>
  <relation id="42096">
    <member type="way" role="left" ref="42099"/>
    <member type="way" role="right" ref="42101"/>
    <tag k="type" v="lanelet"/>
    <tag k="subtype" v="road"/>
    <tag k="speed_limit" v="8"/>
    <tag k="location" v="urban"/>
    <tag k="one_way" v="yes"/>
  </relation>
  <relation id="42120">
    <member type="way" role="left" ref="42118"/>
    <member type="way" role="right" ref="42119"/>
    <tag k="type" v="lanelet"/>
    <tag k="subtype" v="road"/>
    <tag k="speed_limit" v="8"/>
    <tag k="location" v="urban"/>
    <tag k="one_way" v="yes"/>
  </relation>
  <relation id="42140">
    <member type="way" role="left" ref="42138"/>
    <member type="way" role="right" ref="42139"/>
    <tag k="type" v="lanelet"/>
    <tag k="subtype" v="road"/>
    <tag k="speed_limit" v="8"/>
    <tag k="location" v="urban"/>
    <tag k="one_way" v="yes"/>
  </relation>
  <relation id="42147">
    <member type="way" role="left" ref="42146"/>
    <member type="way" role="right" ref="42143"/>
    <tag k="type" v="lanelet"/>
    <tag k="subtype" v="road"/>
    <tag k="speed_limit" v="8"/>
    <tag k="location" v="urban"/>
    <tag k="one_way" v="yes"/>
  </relation>
  <relation id="42168">
    <member type="way" role="left" ref="42166"/>
    <member type="way" role="right" ref="42167"/>
    <tag k="type" v="lanelet"/>
    <tag k="subtype" v="road"/>
    <tag k="speed_limit" v="8"/>
    <tag k="location" v="urban"/>
    <tag k="one_way" v="yes"/>
  </relation>
  <relation id="42186">
    <member type="way" role="left" ref="42192"/>
    <member type="way" role="right" ref="42193"/>
    <tag k="type" v="lanelet"/>
    <tag k="subtype" v="road"/>
    <tag k="speed_limit" v="8"/>
    <tag k="location" v="urban"/>
    <tag k="one_way" v="yes"/>
  </relation>
  <relation id="42196">
    <member type="way" role="left" ref="42194"/>
    <member type="way" role="right" ref="42195"/>
    <tag k="type" v="lanelet"/>
    <tag k="subtype" v="road"/>
    <tag k="speed_limit" v="8"/>
    <tag k="location" v="urban"/>
    <tag k="one_way" v="yes"/>
  </relation>
  <relation id="42244">
    <member type="way" role="left" ref="42242"/>
    <member type="way" role="right" ref="42243"/>
    <tag k="type" v="lanelet"/>
    <tag k="subtype" v="road"/>
    <tag k="speed_limit" v="5"/>
    <tag k="location" v="urban"/>
    <tag k="one_way" v="yes"/>
    <tag k="turn_direction" v="right"/>
  </relation>
  <relation id="42251">
    <member type="way" role="left" ref="42248"/>
    <member type="way" role="right" ref="42250"/>
    <tag k="type" v="lanelet"/>
    <tag k="subtype" v="road"/>
    <tag k="speed_limit" v="5"/>
    <tag k="location" v="urban"/>
    <tag k="one_way" v="yes"/>
    <tag k="turn_direction" v="right"/>
  </relation>
  <relation id="42328">
    <member type="way" role="left" ref="42332"/>
    <member type="way" role="right" ref="42333"/>
    <tag k="type" v="lanelet"/>
    <tag k="subtype" v="road"/>
    <tag k="speed_limit" v="5"/>
    <tag k="location" v="urban"/>
    <tag k="one_way" v="yes"/>
    <tag k="turn_direction" v="right"/>
  </relation>
  <relation id="42331">
    <member type="way" role="left" ref="42329"/>
    <member type="way" role="right" ref="42330"/>
    <tag k="type" v="lanelet"/>
    <tag k="subtype" v="road"/>
    <tag k="speed_limit" v="8"/>
    <tag k="location" v="urban"/>
    <tag k="one_way" v="yes"/>
    <tag k="turn_direction" v="straight"/>
  </relation>
  <relation id="42400">
    <member type="way" role="left" ref="42405"/>
    <member type="way" role="right" ref="42407"/>
    <tag k="type" v="lanelet"/>
    <tag k="subtype" v="road"/>
    <tag k="speed_limit" v="5"/>
    <tag k="location" v="urban"/>
    <tag k="one_way" v="yes"/>
    <tag k="turn_direction" v="right"/>
  </relation>
  <relation id="42500">
    <member type="way" role="left" ref="42498"/>
    <member type="way" role="right" ref="42499"/>
    <tag k="type" v="lanelet"/>
    <tag k="subtype" v="road"/>
    <tag k="speed_limit" v="5"/>
    <tag k="location" v="urban"/>
    <tag k="one_way" v="yes"/>
    <tag k="turn_direction" v="left"/>
  </relation>
  <relation id="42584">
    <member type="way" role="left" ref="42581"/>
    <member type="way" role="right" ref="42583"/>
    <tag k="type" v="lanelet"/>
    <tag k="subtype" v="road"/>
    <tag k="speed_limit" v="8"/>
    <tag k="location" v="urban"/>
    <tag k="one_way" v="yes"/>
  </relation>
  <relation id="42596">
    <member type="way" role="left" ref="42593"/>
    <member type="way" role="right" ref="42595"/>
    <tag k="type" v="lanelet"/>
    <tag k="subtype" v="road"/>
    <tag k="speed_limit" v="5"/>
    <tag k="location" v="urban"/>
    <tag k="one_way" v="yes"/>
    <tag k="turn_direction" v="right"/>
  </relation>
  <relation id="42609">
    <member type="way" role="left" ref="42607"/>
    <member type="way" role="right" ref="42608"/>
    <tag k="type" v="lanelet"/>
    <tag k="subtype" v="road"/>
    <tag k="speed_limit" v="8"/>
    <tag k="location" v="urban"/>
    <tag k="one_way" v="yes"/>
  </relation>
  <relation id="42623">
    <member type="way" role="left" ref="42626"/>
    <member type="way" role="right" ref="42628"/>
    <tag k="type" v="lanelet"/>
    <tag k="subtype" v="road"/>
    <tag k="speed_limit" v="8"/>
    <tag k="location" v="urban"/>
    <tag k="one_way" v="yes"/>
    <tag k="turn_direction" v="straight"/>
  </relation>
  <relation id="42633">
    <member type="way" role="left" ref="42631"/>
    <member type="way" role="right" ref="42632"/>
    <tag k="type" v="lanelet"/>
    <tag k="subtype" v="road"/>
    <tag k="speed_limit" v="8"/>
    <tag k="location" v="urban"/>
    <tag k="one_way" v="yes"/>
  </relation>
  <relation id="42693">
    <member type="way" role="left" ref="42709"/>
    <member type="way" role="right" ref="42711"/>
    <tag k="type" v="lanelet"/>
    <tag k="subtype" v="road"/>
    <tag k="speed_limit" v="5"/>
    <tag k="location" v="urban"/>
    <tag k="one_way" v="yes"/>
    <tag k="turn_direction" v="right"/>
  </relation>
  <relation id="42730">
    <member type="way" role="left" ref="42728"/>
    <member type="way" role="right" ref="42729"/>
    <tag k="type" v="lanelet"/>
    <tag k="subtype" v="road"/>
    <tag k="speed_limit" v="5"/>
    <tag k="location" v="urban"/>
    <tag k="one_way" v="yes"/>
    <tag k="turn_direction" v="right"/>
  </relation>
  <relation id="42816">
    <member type="way" role="left" ref="42813"/>
    <member type="way" role="right" ref="42815"/>
    <tag k="type" v="lanelet"/>
    <tag k="subtype" v="road"/>
    <tag k="speed_limit" v="5"/>
    <tag k="location" v="urban"/>
    <tag k="one_way" v="yes"/>
    <tag k="turn_direction" v="left"/>
  </relation>
  <relation id="42829">
    <member type="way" role="left" ref="42837"/>
    <member type="way" role="right" ref="42838"/>
    <tag k="type" v="lanelet"/>
    <tag k="subtype" v="road"/>
    <tag k="speed_limit" v="8"/>
    <tag k="location" v="urban"/>
    <tag k="one_way" v="yes"/>
  </relation>
  <relation id="42845">
    <member type="way" role="left" ref="42842"/>
    <member type="way" role="right" ref="42844"/>
    <tag k="type" v="lanelet"/>
    <tag k="subtype" v="road"/>
    <tag k="speed_limit" v="8"/>
    <tag k="location" v="urban"/>
    <tag k="one_way" v="yes"/>
    <tag k="turn_direction" v="straight"/>
  </relation>
  <relation id="42852">
    <member type="way" role="left" ref="42849"/>
    <member type="way" role="right" ref="42851"/>
    <tag k="type" v="lanelet"/>
    <tag k="subtype" v="road"/>
    <tag k="speed_limit" v="8"/>
    <tag k="location" v="urban"/>
    <tag k="one_way" v="yes"/>
    <tag k="turn_direction" v="straight"/>
  </relation>
  <relation id="42866">
    <member type="way" role="left" ref="42863"/>
    <member type="way" role="right" ref="42865"/>
    <tag k="type" v="lanelet"/>
    <tag k="subtype" v="road"/>
    <tag k="speed_limit" v="8"/>
    <tag k="location" v="urban"/>
    <tag k="one_way" v="yes"/>
    <tag k="turn_direction" v="straight"/>
  </relation>
  <relation id="43018">
    <member type="way" role="left" ref="43016"/>
    <member type="way" role="right" ref="43017"/>
    <tag k="type" v="lanelet"/>
    <tag k="subtype" v="road"/>
    <tag k="speed_limit" v="8"/>
    <tag k="location" v="urban"/>
    <tag k="one_way" v="yes"/>
  </relation>
  <relation id="43235">
    <member type="way" role="left" ref="43233"/>
    <member type="way" role="right" ref="43234"/>
    <tag k="type" v="lanelet"/>
    <tag k="subtype" v="road"/>
    <tag k="speed_limit" v="8"/>
    <tag k="location" v="urban"/>
    <tag k="one_way" v="yes"/>
  </relation>
  <relation id="43242">
    <member type="way" role="left" ref="43241"/>
    <member type="way" role="right" ref="43238"/>
    <tag k="type" v="lanelet"/>
    <tag k="subtype" v="road"/>
    <tag k="speed_limit" v="8"/>
    <tag k="location" v="urban"/>
    <tag k="one_way" v="yes"/>
  </relation>
  <relation id="43252">
    <member type="way" role="left" ref="43250"/>
    <member type="way" role="right" ref="43251"/>
    <tag k="type" v="lanelet"/>
    <tag k="subtype" v="road"/>
    <tag k="speed_limit" v="8"/>
    <tag k="location" v="urban"/>
    <tag k="one_way" v="yes"/>
  </relation>
  <relation id="43255">
    <member type="way" role="left" ref="43253"/>
    <member type="way" role="right" ref="43254"/>
    <tag k="type" v="lanelet"/>
    <tag k="subtype" v="road"/>
    <tag k="speed_limit" v="8"/>
    <tag k="location" v="urban"/>
    <tag k="one_way" v="yes"/>
  </relation>
  <relation id="43262">
    <member type="way" role="left" ref="43259"/>
    <member type="way" role="right" ref="43261"/>
    <tag k="type" v="lanelet"/>
    <tag k="subtype" v="road"/>
    <tag k="speed_limit" v="8"/>
    <tag k="location" v="urban"/>
    <tag k="one_way" v="yes"/>
  </relation>
  <relation id="43289">
    <member type="way" role="left" ref="43287"/>
    <member type="way" role="right" ref="43288"/>
    <tag k="type" v="lanelet"/>
    <tag k="subtype" v="road"/>
    <tag k="speed_limit" v="8"/>
    <tag k="location" v="urban"/>
    <tag k="one_way" v="yes"/>
  </relation>
  <relation id="43292">
    <member type="way" role="left" ref="43290"/>
    <member type="way" role="right" ref="43291"/>
    <tag k="type" v="lanelet"/>
    <tag k="subtype" v="road"/>
    <tag k="speed_limit" v="8"/>
    <tag k="location" v="urban"/>
    <tag k="one_way" v="yes"/>
  </relation>
  <relation id="43318">
    <member type="way" role="left" ref="44329"/>
    <member type="way" role="right" ref="44330"/>
    <tag k="type" v="lanelet"/>
    <tag k="subtype" v="road"/>
    <tag k="speed_limit" v="5"/>
    <tag k="location" v="urban"/>
    <tag k="one_way" v="yes"/>
    <tag k="turn_direction" v="left"/>
  </relation>
  <relation id="43353">
    <member type="way" role="left" ref="43351"/>
    <member type="way" role="right" ref="43352"/>
    <tag k="type" v="lanelet"/>
    <tag k="subtype" v="road"/>
    <tag k="speed_limit" v="8"/>
    <tag k="location" v="urban"/>
    <tag k="one_way" v="yes"/>
    <tag k="turn_direction" v="straight"/>
  </relation>
  <relation id="43395">
    <member type="way" role="left" ref="43393"/>
    <member type="way" role="right" ref="43394"/>
    <tag k="type" v="lanelet"/>
    <tag k="subtype" v="road"/>
    <tag k="speed_limit" v="8"/>
    <tag k="location" v="urban"/>
    <tag k="one_way" v="yes"/>
    <tag k="turn_direction" v="straight"/>
  </relation>
  <relation id="43748">
    <member type="way" role="left" ref="45525"/>
    <member type="way" role="right" ref="45526"/>
    <tag k="type" v="lanelet"/>
    <tag k="subtype" v="road"/>
    <tag k="speed_limit" v="8"/>
    <tag k="location" v="urban"/>
    <tag k="one_way" v="yes"/>
    <tag k="turn_direction" v="straight"/>
  </relation>
  <relation id="43821">
    <member type="way" role="left" ref="43825"/>
    <member type="way" role="right" ref="43826"/>
    <tag k="type" v="lanelet"/>
    <tag k="subtype" v="road"/>
    <tag k="speed_limit" v="8"/>
    <tag k="location" v="urban"/>
    <tag k="one_way" v="no"/>
    <tag k="turn_direction" v="straight"/>
  </relation>
  <relation id="43833">
    <member type="way" role="left" ref="43844"/>
    <member type="way" role="right" ref="43845"/>
    <tag k="type" v="lanelet"/>
    <tag k="subtype" v="road"/>
    <tag k="speed_limit" v="8"/>
    <tag k="location" v="urban"/>
    <tag k="one_way" v="yes"/>
    <tag k="turn_direction" v="straight"/>
  </relation>
  <relation id="43840">
    <member type="way" role="left" ref="43837"/>
    <member type="way" role="right" ref="43839"/>
    <tag k="type" v="lanelet"/>
    <tag k="subtype" v="road"/>
    <tag k="speed_limit" v="5"/>
    <tag k="location" v="urban"/>
    <tag k="one_way" v="yes"/>
    <tag k="turn_direction" v="left"/>
  </relation>
  <relation id="43852">
    <member type="way" role="left" ref="43849"/>
    <member type="way" role="right" ref="43851"/>
    <tag k="type" v="lanelet"/>
    <tag k="subtype" v="road"/>
    <tag k="speed_limit" v="8"/>
    <tag k="location" v="urban"/>
    <tag k="one_way" v="yes"/>
    <tag k="turn_direction" v="straight"/>
  </relation>
  <relation id="43872">
    <member type="way" role="left" ref="43870"/>
    <member type="way" role="right" ref="43871"/>
    <tag k="type" v="lanelet"/>
    <tag k="subtype" v="road"/>
    <tag k="speed_limit" v="8"/>
    <tag k="location" v="urban"/>
    <tag k="one_way" v="yes"/>
    <tag k="turn_direction" v="straight"/>
  </relation>
  <relation id="43891">
    <member type="way" role="left" ref="43888"/>
    <member type="way" role="right" ref="43890"/>
    <tag k="type" v="lanelet"/>
    <tag k="subtype" v="road"/>
    <tag k="speed_limit" v="6"/>
    <tag k="location" v="urban"/>
    <tag k="one_way" v="yes"/>
    <tag k="turn_direction" v="right"/>
  </relation>
  <relation id="43894">
    <member type="way" role="left" ref="43892"/>
    <member type="way" role="right" ref="43893"/>
    <tag k="type" v="lanelet"/>
    <tag k="subtype" v="road"/>
    <tag k="speed_limit" v="5"/>
    <tag k="location" v="urban"/>
    <tag k="one_way" v="yes"/>
    <tag k="turn_direction" v="right"/>
  </relation>
  <relation id="43949">
    <member type="way" role="left" ref="44343"/>
    <member type="way" role="right" ref="44345"/>
    <tag k="type" v="lanelet"/>
    <tag k="subtype" v="road"/>
    <tag k="speed_limit" v="5"/>
    <tag k="location" v="urban"/>
    <tag k="one_way" v="yes"/>
    <tag k="turn_direction" v="right"/>
  </relation>
  <relation id="44182">
    <member type="way" role="left" ref="44181"/>
    <member type="way" role="right" ref="44178"/>
    <tag k="type" v="lanelet"/>
    <tag k="subtype" v="road"/>
    <tag k="speed_limit" v="8"/>
    <tag k="location" v="urban"/>
    <tag k="one_way" v="yes"/>
    <tag k="turn_direction" v="straight"/>
  </relation>
  <relation id="44237">
    <member type="way" role="left" ref="44235"/>
    <member type="way" role="right" ref="44236"/>
    <tag k="type" v="lanelet"/>
    <tag k="subtype" v="road"/>
    <tag k="speed_limit" v="5"/>
    <tag k="location" v="urban"/>
    <tag k="one_way" v="yes"/>
    <tag k="turn_direction" v="right"/>
  </relation>
  <relation id="44244">
    <member type="way" role="left" ref="44248"/>
    <member type="way" role="right" ref="44249"/>
    <tag k="type" v="lanelet"/>
    <tag k="subtype" v="road"/>
    <tag k="speed_limit" v="10"/>
    <tag k="location" v="urban"/>
    <tag k="one_way" v="no"/>
    <tag k="turn_direction" v="straight"/>
  </relation>
  <relation id="44254">
    <member type="way" role="left" ref="44252"/>
    <member type="way" role="right" ref="44253"/>
    <tag k="type" v="lanelet"/>
    <tag k="subtype" v="road"/>
    <tag k="speed_limit" v="10"/>
    <tag k="location" v="urban"/>
    <tag k="one_way" v="yes"/>
  </relation>
  <relation id="44268">
    <member type="way" role="left" ref="44281"/>
    <member type="way" role="right" ref="44283"/>
    <tag k="type" v="lanelet"/>
    <tag k="subtype" v="road"/>
    <tag k="speed_limit" v="8"/>
    <tag k="location" v="urban"/>
    <tag k="one_way" v="yes"/>
    <tag k="turn_direction" v="straight"/>
  </relation>
  <relation id="44271">
    <member type="way" role="left" ref="44269"/>
    <member type="way" role="right" ref="44270"/>
    <tag k="type" v="lanelet"/>
    <tag k="subtype" v="road"/>
    <tag k="speed_limit" v="10"/>
    <tag k="location" v="urban"/>
    <tag k="one_way" v="yes"/>
  </relation>
  <relation id="44307">
    <member type="way" role="left" ref="44313"/>
    <member type="way" role="right" ref="44314"/>
    <tag k="type" v="lanelet"/>
    <tag k="subtype" v="road"/>
    <tag k="speed_limit" v="5"/>
    <tag k="location" v="urban"/>
    <tag k="one_way" v="yes"/>
    <tag k="turn_direction" v="right"/>
  </relation>
  <relation id="44321">
    <member type="way" role="left" ref="44318"/>
    <member type="way" role="right" ref="44320"/>
    <tag k="type" v="lanelet"/>
    <tag k="subtype" v="road"/>
    <tag k="speed_limit" v="8"/>
    <tag k="location" v="urban"/>
    <tag k="one_way" v="yes"/>
    <tag k="turn_direction" v="left"/>
  </relation>
  <relation id="44328">
    <member type="way" role="left" ref="44325"/>
    <member type="way" role="right" ref="44327"/>
    <tag k="type" v="lanelet"/>
    <tag k="subtype" v="road"/>
    <tag k="speed_limit" v="5"/>
    <tag k="location" v="urban"/>
    <tag k="one_way" v="yes"/>
    <tag k="turn_direction" v="left"/>
  </relation>
  <relation id="44333">
    <member type="way" role="left" ref="44331"/>
    <member type="way" role="right" ref="44332"/>
    <tag k="type" v="lanelet"/>
    <tag k="subtype" v="road"/>
    <tag k="speed_limit" v="8"/>
    <tag k="location" v="urban"/>
    <tag k="one_way" v="yes"/>
    <tag k="turn_direction" v="straight"/>
  </relation>
  <relation id="44340">
    <member type="way" role="left" ref="44337"/>
    <member type="way" role="right" ref="44339"/>
    <tag k="type" v="lanelet"/>
    <tag k="subtype" v="road"/>
    <tag k="speed_limit" v="5"/>
    <tag k="location" v="urban"/>
    <tag k="one_way" v="yes"/>
    <tag k="turn_direction" v="right"/>
  </relation>
  <relation id="44347">
    <member type="way" role="left" ref="44344"/>
    <member type="way" role="right" ref="44346"/>
    <tag k="type" v="lanelet"/>
    <tag k="subtype" v="road"/>
    <tag k="speed_limit" v="5"/>
    <tag k="location" v="urban"/>
    <tag k="one_way" v="yes"/>
    <tag k="turn_direction" v="right"/>
  </relation>
  <relation id="44375">
    <member type="way" role="left" ref="44372"/>
    <member type="way" role="right" ref="44374"/>
    <tag k="type" v="lanelet"/>
    <tag k="subtype" v="road"/>
    <tag k="speed_limit" v="5"/>
    <tag k="location" v="urban"/>
    <tag k="one_way" v="yes"/>
    <tag k="turn_direction" v="left"/>
  </relation>
  <relation id="44396">
    <member type="way" role="left" ref="44394"/>
    <member type="way" role="right" ref="44395"/>
    <tag k="type" v="lanelet"/>
    <tag k="subtype" v="road"/>
    <tag k="speed_limit" v="5"/>
    <tag k="location" v="urban"/>
    <tag k="one_way" v="yes"/>
    <tag k="turn_direction" v="right"/>
  </relation>
  <relation id="44399">
    <member type="way" role="left" ref="44397"/>
    <member type="way" role="right" ref="44398"/>
    <tag k="type" v="lanelet"/>
    <tag k="subtype" v="road"/>
    <tag k="speed_limit" v="8"/>
    <tag k="location" v="urban"/>
    <tag k="one_way" v="yes"/>
    <tag k="turn_direction" v="straight"/>
  </relation>
  <relation id="44434">
    <member type="way" role="left" ref="44433"/>
    <member type="way" role="right" ref="44430"/>
    <tag k="type" v="lanelet"/>
    <tag k="subtype" v="road"/>
    <tag k="speed_limit" v="8"/>
    <tag k="location" v="urban"/>
    <tag k="one_way" v="yes"/>
  </relation>
  <relation id="44447">
    <member type="way" role="left" ref="44445"/>
    <member type="way" role="right" ref="44446"/>
    <tag k="type" v="lanelet"/>
    <tag k="subtype" v="road"/>
    <tag k="speed_limit" v="8"/>
    <tag k="location" v="urban"/>
    <tag k="one_way" v="yes"/>
  </relation>
  <relation id="44454">
    <member type="way" role="left" ref="44451"/>
    <member type="way" role="right" ref="44453"/>
    <tag k="type" v="lanelet"/>
    <tag k="subtype" v="road"/>
    <tag k="speed_limit" v="8"/>
    <tag k="location" v="urban"/>
    <tag k="one_way" v="yes"/>
    <tag k="turn_direction" v="straight"/>
  </relation>
  <relation id="44469">
    <member type="way" role="left" ref="44472"/>
    <member type="way" role="right" ref="44474"/>
    <tag k="type" v="lanelet"/>
    <tag k="subtype" v="road"/>
    <tag k="speed_limit" v="8"/>
    <tag k="location" v="urban"/>
    <tag k="one_way" v="yes"/>
  </relation>
  <relation id="44476">
    <member type="way" role="left" ref="44473"/>
    <member type="way" role="right" ref="44475"/>
    <tag k="type" v="lanelet"/>
    <tag k="subtype" v="road"/>
    <tag k="speed_limit" v="8"/>
    <tag k="location" v="urban"/>
    <tag k="one_way" v="yes"/>
  </relation>
  <relation id="44490">
    <member type="way" role="left" ref="44487"/>
    <member type="way" role="right" ref="44489"/>
    <tag k="type" v="lanelet"/>
    <tag k="subtype" v="road"/>
    <tag k="speed_limit" v="5"/>
    <tag k="location" v="urban"/>
    <tag k="one_way" v="yes"/>
    <tag k="turn_direction" v="left"/>
  </relation>
  <relation id="44509">
    <member type="way" role="left" ref="44507"/>
    <member type="way" role="right" ref="44508"/>
    <tag k="type" v="lanelet"/>
    <tag k="subtype" v="road"/>
    <tag k="speed_limit" v="5"/>
    <tag k="location" v="urban"/>
    <tag k="one_way" v="yes"/>
    <tag k="turn_direction" v="left"/>
  </relation>
  <relation id="44537">
    <member type="way" role="left" ref="44536"/>
    <member type="way" role="right" ref="44533"/>
    <tag k="type" v="lanelet"/>
    <tag k="subtype" v="road"/>
    <tag k="speed_limit" v="5"/>
    <tag k="location" v="urban"/>
    <tag k="one_way" v="yes"/>
    <tag k="turn_direction" v="right"/>
  </relation>
  <relation id="44546">
    <member type="way" role="left" ref="44544"/>
    <member type="way" role="right" ref="44545"/>
    <tag k="type" v="lanelet"/>
    <tag k="subtype" v="road"/>
    <tag k="speed_limit" v="5"/>
    <tag k="location" v="urban"/>
    <tag k="one_way" v="yes"/>
    <tag k="turn_direction" v="right"/>
  </relation>
  <relation id="44561">
    <member type="way" role="left" ref="44559"/>
    <member type="way" role="right" ref="44560"/>
    <tag k="type" v="lanelet"/>
    <tag k="subtype" v="road"/>
    <tag k="speed_limit" v="5"/>
    <tag k="location" v="urban"/>
    <tag k="one_way" v="yes"/>
    <tag k="turn_direction" v="right"/>
  </relation>
  <relation id="44568">
    <member type="way" role="left" ref="44671"/>
    <member type="way" role="right" ref="44672"/>
    <tag k="type" v="lanelet"/>
    <tag k="subtype" v="road"/>
    <tag k="speed_limit" v="8"/>
    <tag k="location" v="urban"/>
    <tag k="one_way" v="yes"/>
  </relation>
  <relation id="44575">
    <member type="way" role="left" ref="44574"/>
    <member type="way" role="right" ref="44571"/>
    <tag k="type" v="lanelet"/>
    <tag k="subtype" v="road"/>
    <tag k="speed_limit" v="5"/>
    <tag k="location" v="urban"/>
    <tag k="one_way" v="yes"/>
    <tag k="turn_direction" v="right"/>
  </relation>
  <relation id="44594">
    <member type="way" role="left" ref="44592"/>
    <member type="way" role="right" ref="44593"/>
    <tag k="type" v="lanelet"/>
    <tag k="subtype" v="road"/>
    <tag k="speed_limit" v="5"/>
    <tag k="location" v="urban"/>
    <tag k="one_way" v="yes"/>
    <tag k="turn_direction" v="right"/>
  </relation>
  <relation id="44609">
    <member type="way" role="left" ref="44607"/>
    <member type="way" role="right" ref="44608"/>
    <tag k="type" v="lanelet"/>
    <tag k="subtype" v="road"/>
    <tag k="speed_limit" v="5"/>
    <tag k="location" v="urban"/>
    <tag k="one_way" v="yes"/>
    <tag k="turn_direction" v="right"/>
  </relation>
  <relation id="44670">
    <member type="way" role="left" ref="44667"/>
    <member type="way" role="right" ref="44669"/>
    <tag k="type" v="lanelet"/>
    <tag k="subtype" v="road"/>
    <tag k="speed_limit" v="8"/>
    <tag k="location" v="urban"/>
    <tag k="one_way" v="yes"/>
  </relation>
  <relation id="44698">
    <member type="way" role="left" ref="44696"/>
    <member type="way" role="right" ref="44697"/>
    <tag k="type" v="lanelet"/>
    <tag k="subtype" v="road"/>
    <tag k="speed_limit" v="5"/>
    <tag k="location" v="urban"/>
    <tag k="one_way" v="yes"/>
    <tag k="turn_direction" v="right"/>
  </relation>
  <relation id="44734">
    <member type="way" role="left" ref="44732"/>
    <member type="way" role="right" ref="44733"/>
    <tag k="type" v="lanelet"/>
    <tag k="subtype" v="road"/>
    <tag k="speed_limit" v="8"/>
    <tag k="location" v="urban"/>
    <tag k="one_way" v="yes"/>
    <tag k="turn_direction" v="straight"/>
  </relation>
  <relation id="44737">
    <member type="way" role="left" ref="44735"/>
    <member type="way" role="right" ref="44736"/>
    <tag k="type" v="lanelet"/>
    <tag k="subtype" v="road"/>
    <tag k="speed_limit" v="8"/>
    <tag k="location" v="urban"/>
    <tag k="one_way" v="yes"/>
    <tag k="turn_direction" v="straight"/>
  </relation>
  <relation id="44758">
    <member type="way" role="left" ref="44757"/>
    <member type="way" role="right" ref="44754"/>
    <tag k="type" v="lanelet"/>
    <tag k="subtype" v="road"/>
    <tag k="speed_limit" v="8"/>
    <tag k="location" v="urban"/>
    <tag k="one_way" v="yes"/>
    <tag k="turn_direction" v="straight"/>
  </relation>
  <relation id="44761">
    <member type="way" role="left" ref="44759"/>
    <member type="way" role="right" ref="44760"/>
    <tag k="type" v="lanelet"/>
    <tag k="subtype" v="road"/>
    <tag k="speed_limit" v="8"/>
    <tag k="location" v="urban"/>
    <tag k="one_way" v="yes"/>
    <tag k="turn_direction" v="straight"/>
  </relation>
  <relation id="44803">
    <member type="way" role="left" ref="44848"/>
    <member type="way" role="right" ref="44850"/>
    <tag k="type" v="lanelet"/>
    <tag k="subtype" v="road"/>
    <tag k="speed_limit" v="5"/>
    <tag k="location" v="urban"/>
    <tag k="one_way" v="yes"/>
    <tag k="turn_direction" v="left"/>
  </relation>
  <relation id="44845">
    <member type="way" role="left" ref="44843"/>
    <member type="way" role="right" ref="44844"/>
    <tag k="type" v="lanelet"/>
    <tag k="subtype" v="road"/>
    <tag k="speed_limit" v="5"/>
    <tag k="location" v="urban"/>
    <tag k="one_way" v="yes"/>
    <tag k="turn_direction" v="right"/>
  </relation>
  <relation id="44852">
    <member type="way" role="left" ref="44849"/>
    <member type="way" role="right" ref="44851"/>
    <tag k="type" v="lanelet"/>
    <tag k="subtype" v="road"/>
    <tag k="speed_limit" v="5"/>
    <tag k="location" v="urban"/>
    <tag k="one_way" v="yes"/>
    <tag k="turn_direction" v="left"/>
  </relation>
  <relation id="44896">
    <member type="way" role="left" ref="44892"/>
    <member type="way" role="right" ref="44893"/>
    <tag k="type" v="lanelet"/>
    <tag k="subtype" v="road"/>
    <tag k="speed_limit" v="3"/>
    <tag k="location" v="urban"/>
    <tag k="one_way" v="yes"/>
    <tag k="turn_direction" v="left"/>
  </relation>
  <relation id="44897">
    <member type="way" role="left" ref="44894"/>
    <member type="way" role="right" ref="44895"/>
    <tag k="type" v="lanelet"/>
    <tag k="subtype" v="road"/>
    <tag k="speed_limit" v="3"/>
    <tag k="location" v="urban"/>
    <tag k="one_way" v="yes"/>
    <tag k="turn_direction" v="left"/>
  </relation>
  <relation id="44904">
    <member type="way" role="left" ref="44901"/>
    <member type="way" role="right" ref="44903"/>
    <tag k="type" v="lanelet"/>
    <tag k="subtype" v="road"/>
    <tag k="speed_limit" v="8"/>
    <tag k="location" v="urban"/>
    <tag k="one_way" v="yes"/>
    <tag k="turn_direction" v="straight"/>
  </relation>
  <relation id="44920">
    <member type="way" role="left" ref="44918"/>
    <member type="way" role="right" ref="44919"/>
    <tag k="type" v="lanelet"/>
    <tag k="subtype" v="road"/>
    <tag k="speed_limit" v="4"/>
    <tag k="location" v="urban"/>
    <tag k="one_way" v="yes"/>
    <tag k="turn_direction" v="left"/>
  </relation>
  <relation id="44929">
    <member type="way" role="left" ref="44927"/>
    <member type="way" role="right" ref="44928"/>
    <tag k="type" v="lanelet"/>
    <tag k="subtype" v="road"/>
    <tag k="speed_limit" v="8"/>
    <tag k="location" v="urban"/>
    <tag k="one_way" v="yes"/>
  </relation>
  <relation id="44986">
    <member type="way" role="left" ref="44983"/>
    <member type="way" role="right" ref="44985"/>
    <tag k="type" v="lanelet"/>
    <tag k="subtype" v="road"/>
    <tag k="speed_limit" v="8"/>
    <tag k="location" v="urban"/>
    <tag k="one_way" v="yes"/>
    <tag k="turn_direction" v="straight"/>
  </relation>
  <relation id="45002">
    <member type="way" role="left" ref="45036"/>
    <member type="way" role="right" ref="45037"/>
    <tag k="type" v="lanelet"/>
    <tag k="subtype" v="road"/>
    <tag k="speed_limit" v="10"/>
    <tag k="location" v="urban"/>
    <tag k="one_way" v="yes"/>
  </relation>
  <relation id="45019">
    <member type="way" role="left" ref="45016"/>
    <member type="way" role="right" ref="45018"/>
    <tag k="type" v="lanelet"/>
    <tag k="subtype" v="road"/>
    <tag k="speed_limit" v="8"/>
    <tag k="location" v="urban"/>
    <tag k="one_way" v="yes"/>
    <tag k="turn_direction" v="straight"/>
  </relation>
  <relation id="45033">
    <member type="way" role="left" ref="45030"/>
    <member type="way" role="right" ref="45032"/>
    <tag k="type" v="lanelet"/>
    <tag k="subtype" v="road"/>
    <tag k="speed_limit" v="8"/>
    <tag k="location" v="urban"/>
    <tag k="one_way" v="yes"/>
    <tag k="turn_direction" v="straight"/>
  </relation>
  <relation id="45084">
    <member type="way" role="left" ref="45280"/>
    <member type="way" role="right" ref="45282"/>
    <tag k="type" v="lanelet"/>
    <tag k="subtype" v="road"/>
    <tag k="speed_limit" v="8"/>
    <tag k="location" v="urban"/>
    <tag k="one_way" v="yes"/>
  </relation>
  <relation id="45116">
    <member type="way" role="left" ref="45114"/>
    <member type="way" role="right" ref="45115"/>
    <tag k="type" v="lanelet"/>
    <tag k="subtype" v="road"/>
    <tag k="speed_limit" v="3"/>
    <tag k="location" v="urban"/>
    <tag k="one_way" v="yes"/>
    <tag k="turn_direction" v="right"/>
  </relation>
  <relation id="45119">
    <member type="way" role="left" ref="45117"/>
    <member type="way" role="right" ref="45118"/>
    <tag k="type" v="lanelet"/>
    <tag k="subtype" v="road"/>
    <tag k="speed_limit" v="3"/>
    <tag k="location" v="urban"/>
    <tag k="one_way" v="yes"/>
    <tag k="turn_direction" v="right"/>
  </relation>
  <relation id="45122">
    <member type="way" role="left" ref="45120"/>
    <member type="way" role="right" ref="45121"/>
    <tag k="type" v="lanelet"/>
    <tag k="subtype" v="road"/>
    <tag k="speed_limit" v="3"/>
    <tag k="location" v="urban"/>
    <tag k="one_way" v="yes"/>
  </relation>
  <relation id="45193">
    <member type="way" role="left" ref="45190"/>
    <member type="way" role="right" ref="45192"/>
    <tag k="type" v="lanelet"/>
    <tag k="subtype" v="road"/>
    <tag k="speed_limit" v="3"/>
    <tag k="location" v="urban"/>
    <tag k="one_way" v="yes"/>
    <tag k="turn_direction" v="right"/>
  </relation>
  <relation id="45196">
    <member type="way" role="left" ref="45194"/>
    <member type="way" role="right" ref="45195"/>
    <tag k="type" v="lanelet"/>
    <tag k="subtype" v="road"/>
    <tag k="speed_limit" v="8"/>
    <tag k="location" v="urban"/>
    <tag k="one_way" v="yes"/>
    <tag k="turn_direction" v="straight"/>
  </relation>
  <relation id="45199">
    <member type="way" role="left" ref="45197"/>
    <member type="way" role="right" ref="45198"/>
    <tag k="type" v="lanelet"/>
    <tag k="subtype" v="road"/>
    <tag k="speed_limit" v="8"/>
    <tag k="location" v="urban"/>
    <tag k="one_way" v="yes"/>
    <tag k="turn_direction" v="straight"/>
  </relation>
  <relation id="45215">
    <member type="way" role="left" ref="45216"/>
    <member type="way" role="right" ref="45217"/>
    <tag k="type" v="lanelet"/>
    <tag k="subtype" v="road"/>
    <tag k="speed_limit" v="5"/>
    <tag k="location" v="urban"/>
    <tag k="one_way" v="yes"/>
    <tag k="turn_direction" v="right"/>
  </relation>
  <relation id="45238">
    <member type="way" role="left" ref="45236"/>
    <member type="way" role="right" ref="45237"/>
    <tag k="type" v="lanelet"/>
    <tag k="subtype" v="road"/>
    <tag k="speed_limit" v="5"/>
    <tag k="location" v="urban"/>
    <tag k="one_way" v="yes"/>
    <tag k="turn_direction" v="right"/>
  </relation>
  <relation id="45265">
    <member type="way" role="left" ref="45263"/>
    <member type="way" role="right" ref="45264"/>
    <tag k="type" v="lanelet"/>
    <tag k="subtype" v="road"/>
    <tag k="speed_limit" v="3"/>
    <tag k="location" v="urban"/>
    <tag k="one_way" v="yes"/>
    <tag k="turn_direction" v="right"/>
  </relation>
  <relation id="45274">
    <member type="way" role="left" ref="45271"/>
    <member type="way" role="right" ref="45273"/>
    <tag k="type" v="lanelet"/>
    <tag k="subtype" v="road"/>
    <tag k="speed_limit" v="8"/>
    <tag k="location" v="urban"/>
    <tag k="one_way" v="yes"/>
    <tag k="turn_direction" v="straight"/>
  </relation>
  <relation id="45277">
    <member type="way" role="left" ref="45275"/>
    <member type="way" role="right" ref="45276"/>
    <tag k="type" v="lanelet"/>
    <tag k="subtype" v="road"/>
    <tag k="speed_limit" v="3"/>
    <tag k="location" v="urban"/>
    <tag k="one_way" v="yes"/>
    <tag k="turn_direction" v="right"/>
  </relation>
  <relation id="45284">
    <member type="way" role="left" ref="45281"/>
    <member type="way" role="right" ref="45283"/>
    <tag k="type" v="lanelet"/>
    <tag k="subtype" v="road"/>
    <tag k="speed_limit" v="8"/>
    <tag k="location" v="urban"/>
    <tag k="one_way" v="yes"/>
  </relation>
  <relation id="45287">
    <member type="way" role="left" ref="45285"/>
    <member type="way" role="right" ref="45286"/>
    <tag k="type" v="lanelet"/>
    <tag k="subtype" v="road"/>
    <tag k="speed_limit" v="3"/>
    <tag k="location" v="urban"/>
    <tag k="one_way" v="yes"/>
    <tag k="turn_direction" v="left"/>
  </relation>
  <relation id="45352">
    <member type="way" role="left" ref="45349"/>
    <member type="way" role="right" ref="45351"/>
    <tag k="type" v="lanelet"/>
    <tag k="subtype" v="road"/>
    <tag k="speed_limit" v="8"/>
    <tag k="location" v="urban"/>
    <tag k="one_way" v="yes"/>
    <tag k="turn_direction" v="straight"/>
  </relation>
  <relation id="45359">
    <member type="way" role="left" ref="45456"/>
    <member type="way" role="right" ref="45458"/>
    <tag k="type" v="lanelet"/>
    <tag k="subtype" v="road"/>
    <tag k="speed_limit" v="8"/>
    <tag k="location" v="urban"/>
    <tag k="one_way" v="yes"/>
    <tag k="turn_direction" v="straight"/>
  </relation>
  <relation id="45373">
    <member type="way" role="left" ref="45372"/>
    <member type="way" role="right" ref="45369"/>
    <tag k="type" v="lanelet"/>
    <tag k="subtype" v="road"/>
    <tag k="speed_limit" v="5"/>
    <tag k="location" v="urban"/>
    <tag k="one_way" v="yes"/>
    <tag k="turn_direction" v="left"/>
  </relation>
  <relation id="45390">
    <member type="way" role="left" ref="45388"/>
    <member type="way" role="right" ref="45389"/>
    <tag k="type" v="lanelet"/>
    <tag k="subtype" v="road"/>
    <tag k="speed_limit" v="5"/>
    <tag k="location" v="urban"/>
    <tag k="one_way" v="yes"/>
    <tag k="turn_direction" v="left"/>
  </relation>
  <relation id="45409">
    <member type="way" role="left" ref="45513"/>
    <member type="way" role="right" ref="45514"/>
    <tag k="type" v="lanelet"/>
    <tag k="subtype" v="road"/>
    <tag k="speed_limit" v="5"/>
    <tag k="location" v="urban"/>
    <tag k="one_way" v="yes"/>
    <tag k="turn_direction" v="left"/>
  </relation>
  <relation id="45460">
    <member type="way" role="left" ref="45461"/>
    <member type="way" role="right" ref="45462"/>
    <tag k="type" v="lanelet"/>
    <tag k="subtype" v="road"/>
    <tag k="speed_limit" v="8"/>
    <tag k="location" v="urban"/>
    <tag k="one_way" v="yes"/>
    <tag k="turn_direction" v="straight"/>
  </relation>
  <relation id="45505">
    <member type="way" role="left" ref="45508"/>
    <member type="way" role="right" ref="45510"/>
    <tag k="type" v="lanelet"/>
    <tag k="subtype" v="road"/>
    <tag k="speed_limit" v="5"/>
    <tag k="location" v="urban"/>
    <tag k="one_way" v="yes"/>
    <tag k="turn_direction" v="right"/>
  </relation>
  <relation id="45512">
    <member type="way" role="left" ref="45509"/>
    <member type="way" role="right" ref="45511"/>
    <tag k="type" v="lanelet"/>
    <tag k="subtype" v="road"/>
    <tag k="speed_limit" v="8"/>
    <tag k="location" v="urban"/>
    <tag k="one_way" v="yes"/>
    <tag k="turn_direction" v="straight"/>
  </relation>
  <relation id="45521">
    <member type="way" role="left" ref="45519"/>
    <member type="way" role="right" ref="45520"/>
    <tag k="type" v="lanelet"/>
    <tag k="subtype" v="road"/>
    <tag k="speed_limit" v="8"/>
    <tag k="location" v="urban"/>
    <tag k="one_way" v="yes"/>
    <tag k="turn_direction" v="straight"/>
  </relation>
  <relation id="45554">
    <member type="way" role="left" ref="45654"/>
    <member type="way" role="right" ref="45656"/>
    <tag k="type" v="lanelet"/>
    <tag k="subtype" v="road"/>
    <tag k="speed_limit" v="5"/>
    <tag k="location" v="urban"/>
    <tag k="one_way" v="yes"/>
    <tag k="turn_direction" v="right"/>
  </relation>
  <relation id="45610">
    <member type="way" role="left" ref="45608"/>
    <member type="way" role="right" ref="45609"/>
    <tag k="type" v="lanelet"/>
    <tag k="subtype" v="road"/>
    <tag k="speed_limit" v="6"/>
    <tag k="location" v="urban"/>
    <tag k="one_way" v="yes"/>
    <tag k="turn_direction" v="right"/>
  </relation>
  <relation id="45703">
    <member type="way" role="left" ref="45701"/>
    <member type="way" role="right" ref="45702"/>
    <tag k="type" v="lanelet"/>
    <tag k="subtype" v="road"/>
    <tag k="speed_limit" v="5"/>
    <tag k="location" v="urban"/>
    <tag k="one_way" v="yes"/>
    <tag k="turn_direction" v="right"/>
  </relation>
  <relation id="45767">
    <member type="way" role="left" ref="45765"/>
    <member type="way" role="right" ref="45766"/>
    <tag k="type" v="lanelet"/>
    <tag k="subtype" v="road"/>
    <tag k="speed_limit" v="5"/>
    <tag k="location" v="urban"/>
    <tag k="one_way" v="yes"/>
    <tag k="turn_direction" v="right"/>
  </relation>
</osm>
